round,client_id,reason,group,parameter_numel,conflict,support,update_norm,response_direction_projection
4,96,no_need,features,14723136,-0.07575031952763567,0.043129593325321736,0.9215951434003197,0.043129593325321736
4,96,no_need,classifier,18882560,-0.03242212582608772,0.015664652326563555,0.33789997301295754,0.015664652326563555
4,96,no_need,fc,40970,-0.03137836739915656,0.018144737667171285,0.3308943660980699,0.018144737667171285
5,96,no_need,features,14723136,-0.08767645199323226,0.04163183378006963,0.9627650791620309,0.04163183378006963
5,96,no_need,classifier,18882560,-0.03038559220613024,0.004038891008093515,0.31079620319037626,0.004038891008093515
5,96,no_need,fc,40970,-0.027542295400053263,0.006359120063279988,0.3018145498475043,0.006359120063279988
5,1,no_need,features,14723136,-0.023588159171566765,0.0031081519044064976,0.9960587801134018,0.0031081519044064976
5,1,no_need,classifier,18882560,-0.02525766438975552,0.0013533169556581015,0.3730651964615372,0.0013533169556581015
5,1,no_need,fc,40970,-0.01584153042313119,0.0004887697023150395,0.36645617213266984,0.0004887697023150395
6,1,no_need,features,14723136,-0.16071664345507491,0.0911024268217524,1.0030844582671463,0.0911024268217524
6,1,no_need,classifier,18882560,-0.030907298268061822,0.002994627418956952,0.29309115561170845,0.002994627418956952
6,1,no_need,fc,40970,-0.03168102808331241,0.0038198300790099893,0.2789922579188272,0.0038198300790099893
8,45,no_need,features,14723136,-0.0214584497280761,-0.0027393314895149956,0.9538271622486103,-0.0027393314895149956
8,45,no_need,classifier,18882560,-0.01159886984919467,-0.0010078493587570847,0.2902653294840912,-0.0010078493587570847
8,45,no_need,fc,40970,-0.00980952860754769,-0.003089918862315244,0.2849843171767256,-0.003089918862315244
9,66,no_need,features,14723136,-0.03263308719240854,0.002165266331546789,1.568879290486991,0.002165266331546789
9,66,no_need,classifier,18882560,-0.014126177189609734,0.0021142962652902497,0.40987970643119015,0.0021142962652902497
9,66,no_need,fc,40970,-0.006627970846238895,0.0021775671493742266,0.3598093456598391,0.0021775671493742266
9,45,no_need,features,14723136,-0.11005981531757314,0.07017143557057892,0.9982355355639905,0.07017143557057892
9,45,no_need,classifier,18882560,-0.010252474862596728,0.0032915844330432265,0.24400712978399042,0.0032915844330432265
9,45,no_need,fc,40970,-0.013223691470557242,0.003541990522535343,0.23291813281121265,0.003541990522535343
10,52,no_support,features,14723136,0.009583882506667862,-0.010453711153896705,1.6774813681513063,-0.010453711153896705
10,52,no_support,classifier,18882560,0.010233349011741666,-0.0008487013969897816,0.38517788469661357,-0.0008487013969897816
10,52,no_support,fc,40970,0.01140773781662574,-8.065863221418113e-05,0.3360296136703985,-8.065863221418113e-05
10,33,no_need,features,14723136,-1.5898744937812808,0.47973938049170783,2.5102684032436313,0.47973938049170783
10,33,no_need,classifier,18882560,-0.0631803222831877,0.019149866729776477,0.520037526868119,0.019149866729776477
10,33,no_need,fc,40970,-0.03755136571089679,0.011647649012957118,0.42706315913025905,0.011647649012957118
11,75,no_need,features,14723136,-0.01570318917774214,-0.0044251684801039914,1.702092604930595,-0.0044251684801039914
11,75,no_need,classifier,18882560,-0.007737685553820484,-0.0007454542361102767,0.40938960223254806,-0.0007454542361102767
11,75,no_need,fc,40970,-0.0031424139883711177,-0.0007161622511375754,0.34198800214073716,-0.0007161622511375754
11,33,no_need,features,14723136,-1.4307844453082907,0.362420279745038,2.646715771596474,0.362420279745038
11,33,no_need,classifier,18882560,-0.0480440456967699,0.011396802839271913,0.5056549590583874,0.011396802839271913
11,33,no_need,fc,40970,-0.026501394662773237,0.006104276412429499,0.4106159856572424,0.006104276412429499
11,52,no_need,features,14723136,-0.3238448009783497,0.12411905365775056,1.5242918329486348,0.12411905365775056
11,52,no_need,classifier,18882560,-0.013178261143934833,0.002635686433052342,0.3261939259571791,0.002635686433052342
11,52,no_need,fc,40970,-0.008731790903766523,0.001089250211862236,0.2837166000710754,0.001089250211862236
12,45,active,features,14723136,-0.00673060823092442,0.0034966426212754698,1.0700693603658464,0.0034966426212754698
12,45,active,classifier,18882560,0.0023056210513914266,0.0020995918882817932,0.24250249764167073,0.0020995918882817932
12,45,active,fc,40970,0.011611890404310543,0.0008089623006526381,0.2160404706565468,0.0008089623006526381
12,44,no_need,features,14723136,-0.012057295534155764,0.0006962611318392931,1.8981150444377664,0.0006962611318392931
12,44,no_need,classifier,18882560,0.0019505002537698601,-0.0017818714533177626,0.4302861830806665,-0.0017818714533177626
12,44,no_need,fc,40970,-0.0014315853240987053,-0.0008940267380239675,0.3802573452646618,-0.0008940267380239675
12,1,no_support,features,14723136,-0.004790175310120065,0.0005235464493011932,1.0615508167848426,0.0005235464493011932
12,1,no_support,classifier,18882560,0.00799332879546455,-0.002313856453270091,0.2806204148483655,-0.002313856453270091
12,1,no_support,fc,40970,0.009869566260022111,-0.00296335401617398,0.2525089874011515,-0.00296335401617398
12,93,no_support,features,14723136,-0.0005891513254674113,0.003674164274340086,1.7248239764812183,0.003674164274340086
12,93,no_support,classifier,18882560,0.02051646838663146,-0.0019120047168144083,0.4610885932511405,-0.0019120047168144083
12,93,no_support,fc,40970,0.034804380768036935,-0.0029699819019697316,0.41225067301890267,-0.0029699819019697316
12,88,active,features,14723136,0.003526094039166543,-0.0020348270380896594,1.2854475880231817,-0.0020348270380896594
12,88,active,classifier,18882560,-0.0006224838853654546,0.003107048512674737,0.3064103150594472,0.003107048512674737
12,88,active,fc,40970,-0.00028995919637964107,0.005000454984838143,0.2623452064983315,0.005000454984838143
13,75,no_support,features,14723136,0.004927664813834552,-0.004151011146483086,1.7044000806439386,-0.004151011146483086
13,75,no_support,classifier,18882560,0.0035172072721252334,-0.0034512324533579886,0.369196718071401,-0.0034512324533579886
13,75,no_support,fc,40970,0.011292255541775376,-0.003587017936297343,0.30499643516866853,-0.003587017936297343
13,68,no_need,features,14723136,-0.013790155563800255,-0.002377524223604155,2.003991512931589,-0.002377524223604155
13,68,no_need,classifier,18882560,-0.0027396601290092804,-0.0006457029812878545,0.41979063452800186,-0.0006457029812878545
13,68,no_need,fc,40970,0.00043636134068947285,-0.0013749178383477556,0.35806522642442556,-0.0013749178383477556
13,72,no_support,features,14723136,0.003493100666844386,-0.00570731586813622,1.2128223589031497,-0.00570731586813622
13,72,no_support,classifier,18882560,0.01015042335166072,-0.002165367770658122,0.29883843738127996,-0.002165367770658122
13,72,no_support,fc,40970,0.013148639824066777,-0.0010375550455137272,0.26100449592510244,-0.0010375550455137272
13,44,no_need,features,14723136,-0.6894590483801721,0.24928622844788606,1.6445369163406685,0.24928622844788606
13,44,no_need,classifier,18882560,-0.033379703359969426,0.009280762042635615,0.3454929892758258,0.009280762042635615
13,44,no_need,fc,40970,-0.02810247306479141,0.00568440350889432,0.28937247348164186,0.00568440350889432
14,30,active,features,14723136,0.0016891982479592062,-0.003816973983823857,1.357352567214673,-0.003816973983823857
14,30,active,classifier,18882560,0.006973657491016638,0.002809048120866464,0.3304631942748587,0.002809048120866464
14,30,active,fc,40970,0.010840994902537204,0.004122144582652254,0.2927794176496779,0.004122144582652254
14,89,no_need,features,14723136,-0.006442369254965995,0.0023726464404774106,1.1308117014154542,0.0023726464404774106
14,89,no_need,classifier,18882560,0.004201362286949006,0.0014129462282568284,0.32616740693819185,0.0014129462282568284
14,89,no_need,fc,40970,0.0003581310320441844,0.0012384738338369061,0.3236287690495968,0.0012384738338369061
14,40,no_support,features,14723136,0.015384482340365936,-0.004778600231531982,1.4313317445273672,-0.004778600231531982
14,40,no_support,classifier,18882560,0.007532928252203419,0.0005842987774116182,0.31024189969397703,0.0005842987774116182
14,40,no_support,fc,40970,0.008779733529081568,0.0003548711429175455,0.2786029578330233,0.0003548711429175455
14,3,active,features,14723136,-0.010941311314226702,0.001246741119180328,1.807893113103023,0.001246741119180328
14,3,active,classifier,18882560,0.013367195498403817,0.0014634025417308294,0.41644243925905405,0.0014634025417308294
14,3,active,fc,40970,0.02719109425379429,0.002405961112344812,0.37281180978406964,0.002405961112344812
15,82,no_need,features,14723136,-0.01336577672370255,-0.00146435703910619,1.8608189147204712,-0.00146435703910619
15,82,no_need,classifier,18882560,-0.007033648728793196,0.0027982121979448493,0.5892665342771062,0.0027982121979448493
15,82,no_need,fc,40970,-0.003423027381359134,0.002942710669231019,0.5395085086272318,0.002942710669231019
15,27,no_support,features,14723136,0.0037000684129893137,-0.002269833805790711,1.391586525209388,-0.002269833805790711
15,27,no_support,classifier,18882560,0.007117326182878969,-0.002438430055811125,0.27240228450581544,-0.002438430055811125
15,27,no_support,fc,40970,0.013226681956439279,-0.0006068740913178772,0.23645692038708546,-0.0006068740913178772
15,66,no_need,features,14723136,-0.011181785445561587,0.003173726955672862,1.493749567987394,0.003173726955672862
15,66,no_need,classifier,18882560,0.0007497304425783113,0.0016787022443622845,0.33357934680922247,0.0016787022443622845
15,66,no_need,fc,40970,0.005379665388318244,0.0002545075858506607,0.2895415103177585,0.0002545075858506607
16,12,no_support,features,14723136,-0.011093211571420684,-0.00020709712199362684,1.8145555409235403,-0.00020709712199362684
16,12,no_support,classifier,18882560,0.0025663678731007167,-0.00112252322718831,0.3757301200669896,-0.00112252322718831
16,12,no_support,fc,40970,0.012506416504038498,-0.0030524940757459262,0.30572302670614177,-0.0030524940757459262
16,1,no_need,features,14723136,-0.017782624283825064,-0.0027023663005998344,1.1665748768634412,-0.0027023663005998344
16,1,no_need,classifier,18882560,-0.008436342068307567,-0.0020502081497966174,0.22670017793108874,-0.0020502081497966174
16,1,no_need,fc,40970,-0.0056196889527200256,-0.0015199332465272164,0.19663289567048356,-0.0015199332465272164
16,28,no_need,features,14723136,-0.0960186119697255,0.1210214536731371,0.6750305020656997,0.1210214536731371
16,28,no_need,classifier,18882560,-0.012694824383288505,0.014693998240090878,0.28904929366377613,0.014693998240090878
16,28,no_need,fc,40970,-0.009208429000864271,0.012933142214023974,0.24540086743152384,0.012933142214023974
16,88,no_support,features,14723136,-0.004455047297526011,0.000892146176767028,1.449243734706778,0.000892146176767028
16,88,no_support,classifier,18882560,0.013536053082589206,-0.0031564333526716837,0.286517934805878,-0.0031564333526716837
16,88,no_support,fc,40970,0.01436063258734066,-0.003813469887973042,0.235767925302829,-0.003813469887973042
17,93,no_need,features,14723136,-0.04539480031760945,-0.0016047612555603052,1.5701940635318063,-0.0016047612555603052
17,93,no_need,classifier,18882560,-0.02167775931638971,-0.001731244300739121,0.3632797489577677,-0.001731244300739121
17,93,no_need,fc,40970,-0.03319477726472542,-0.0012726959084830014,0.3311384460017795,-0.0012726959084830014
17,16,no_need,features,14723136,-0.022414432816759707,-0.004295966666255424,1.5818552524966665,-0.004295966666255424
17,16,no_need,classifier,18882560,-0.019504090825648746,0.002483736450130891,0.37159156768966595,0.002483736450130891
17,16,no_need,fc,40970,-0.026221525215078145,0.003840827545900538,0.33286531428175636,0.003840827545900538
17,72,no_need,features,14723136,-0.012519912959266579,-0.002831799139398683,1.2749343078559132,-0.002831799139398683
17,72,no_need,classifier,18882560,-0.0005438520371399136,-0.000499367842323295,0.3333000172461134,-0.000499367842323295
17,72,no_need,fc,40970,0.0033394644779036753,-0.0019520913783708238,0.30333437379060507,-0.0019520913783708238
17,75,no_support,features,14723136,0.0064953077147578125,-0.004855997611185714,1.7380887566921916,-0.004855997611185714
17,75,no_support,classifier,18882560,0.0019330976901983377,6.52578210917909e-05,0.33555463640382244,6.52578210917909e-05
17,75,no_support,fc,40970,0.006665829616395058,0.00035643706814880716,0.28090556681255596,0.00035643706814880716
17,38,no_need,features,14723136,-0.015060535949288575,0.008981851414404218,0.8462532489969455,0.008981851414404218
17,38,no_need,classifier,18882560,-0.011140909699861368,0.00013891134852883624,0.28866731430731907,0.00013891134852883624
17,38,no_need,fc,40970,-0.013649089974933304,0.0015028081761556678,0.28940082633528263,0.0015028081761556678
17,71,no_support,features,14723136,0.016070500958562658,-0.009016271920373242,1.1896613167641954,-0.009016271920373242
17,71,no_support,classifier,18882560,0.007433788519165319,0.0013059213509762913,0.30731158675864745,0.0013059213509762913
17,71,no_support,fc,40970,0.0166970689460868,0.001161829369152656,0.29257598084237385,0.001161829369152656
18,36,no_need,features,14723136,2.6834704257790832e-05,-0.0037476153688587033,1.7191237014040206,-0.0037476153688587033
18,36,no_need,classifier,18882560,-0.002865956800917502,0.0001200162589896081,0.4188410268039847,0.0001200162589896081
18,36,no_need,fc,40970,-0.00823262114317913,0.002951390968519263,0.3752874160655353,0.002951390968519263
18,1,no_need,features,14723136,-0.004076385731572432,0.000313520265741829,1.100488728563212,0.000313520265741829
18,1,no_need,classifier,18882560,-0.0064066318636832875,0.0011151235779607305,0.22058035374838067,0.0011151235779607305
18,1,no_need,fc,40970,-0.007120362286514137,0.0016541661680093966,0.1873553348642575,0.0016541661680093966
18,67,no_need,features,14723136,-0.012725526696542033,-0.0023009444083914588,1.4557494431622238,-0.0023009444083914588
18,67,no_need,classifier,18882560,-0.0037745632762948844,-0.003227733359381091,0.3022996558559718,-0.003227733359381091
18,67,no_need,fc,40970,-0.0064018590419436805,-0.0037006045276939403,0.2833467990539325,-0.0037006045276939403
19,57,no_need,features,14723136,-0.4862987562298713,0.22278639529400834,1.3043394050324781,0.22278639529400834
19,57,no_need,classifier,18882560,-0.060450567114457954,0.012565587251174293,0.38866139019751655,0.012565587251174293
19,57,no_need,fc,40970,-0.05762139294529334,0.008722178839889239,0.34432254708492765,0.008722178839889239
19,22,no_support,features,14723136,0.008179031403052749,-0.006118307899665609,1.3736303531271887,-0.006118307899665609
19,22,no_support,classifier,18882560,0.009973509576639117,-0.006005755836895332,0.29820909474501756,-0.006005755836895332
19,22,no_support,fc,40970,0.013244892659713514,-0.007863768496463308,0.25229377892825755,-0.007863768496463308
19,81,no_support,features,14723136,0.0023803892499856226,-0.0032216725689480086,1.5356357593213408,-0.0032216725689480086
19,81,no_support,classifier,18882560,0.011330648539114918,-0.000666603073909755,0.3120231289598027,-0.000666603073909755
19,81,no_support,fc,40970,0.015226260089548305,0.002158240809876588,0.2526841829327615,0.002158240809876588
19,4,no_need,features,14723136,-0.008673325537138513,0.0008138551004108763,1.168191599043628,0.0008138551004108763
19,4,no_need,classifier,18882560,-0.024205143726248934,0.004639589631551644,0.30609931225785997,0.004639589631551644
19,4,no_need,fc,40970,-0.028439603789593093,0.0004342684410403308,0.2976146043680574,0.0004342684410403308
20,9,no_need,features,14723136,-0.012612333297965923,0.0023431966873346255,1.547488482335087,0.0023431966873346255
20,9,no_need,classifier,18882560,-0.009482340078193374,0.0005859886380221724,0.2797270209688904,0.0005859886380221724
20,9,no_need,fc,40970,-0.008415649870585185,-0.0012200762394058984,0.23086867810860398,-0.0012200762394058984
20,17,no_need,features,14723136,-0.4172943783538017,0.22459606828198275,1.0878775654311643,0.22459606828198275
20,17,no_need,classifier,18882560,-0.06432515863343724,0.022647459491054178,0.3635293628735878,0.022647459491054178
20,17,no_need,fc,40970,-0.05761077138595283,0.01382478408049792,0.3310859185090783,0.01382478408049792
20,59,active,features,14723136,0.0008965703532908499,-0.0027556439735576532,1.341740491612613,-0.0027556439735576532
20,59,active,classifier,18882560,0.009348820684863313,0.0015629287127012503,0.30000441899933206,0.0015629287127012503
20,59,active,fc,40970,0.010157334421819542,0.0015732638385088649,0.2508824132778688,0.0015732638385088649
20,11,no_need,features,14723136,-0.003054288662720934,-0.0009511414792449102,1.553799285933614,-0.0009511414792449102
20,11,no_need,classifier,18882560,-0.0038352761175701744,-0.0017533801624267653,0.3499679409476043,-0.0017533801624267653
20,11,no_need,fc,40970,-0.003235431056964444,-0.005271469228318892,0.3045475439943334,-0.005271469228318892
20,95,no_support,features,14723136,0.0031794175511024036,-0.0018128687130811727,2.3049300664880725,-0.0018128687130811727
20,95,no_support,classifier,18882560,0.018595804963752016,-0.00354699160857308,0.618565118375921,-0.00354699160857308
20,95,no_support,fc,40970,0.03550908925535623,-0.0047454542145715095,0.5505458029675944,-0.0047454542145715095
20,68,active,features,14723136,-0.011191908375252538,0.0010891526231624482,2.6231127325334773,0.0010891526231624482
20,68,active,classifier,18882560,0.010514455496377195,0.0013056564101816548,0.4537920831227391,0.0013056564101816548
20,68,active,fc,40970,0.01649750489013968,0.0011310107356621302,0.3615896419133623,0.0011310107356621302
20,28,no_support,features,14723136,0.0031115055320789517,-0.004519149216239526,0.6516365947737248,-0.004519149216239526
20,28,no_support,classifier,18882560,0.00994616362004308,-0.0036665110524154443,0.28241285761723484,-0.0036665110524154443
20,28,no_support,fc,40970,0.006597799780138303,-0.0042053820161527256,0.2523332574913539,-0.0042053820161527256
20,60,active,features,14723136,0.007444527914167025,0.0002001009623349148,1.3548313811911539,0.0002001009623349148
20,60,active,classifier,18882560,-6.599735849022181e-05,0.0023226818356079093,0.33817235446373956,0.0023226818356079093
20,60,active,fc,40970,0.0013751551377936266,0.0007948445820602501,0.3021292612797005,0.0007948445820602501
21,26,no_need,features,14723136,-0.031993864754070955,0.0084725803201664,1.2594050485361263,0.0084725803201664
21,26,no_need,classifier,18882560,-0.007815103966549941,-0.005248226516755494,0.3001750377988306,-0.005248226516755494
21,26,no_need,fc,40970,-0.008150354076860822,-0.005763996089626744,0.2671025711087801,-0.005763996089626744
21,25,no_support,features,14723136,-0.006059228863705352,-0.002382111362038586,2.131517595899267,-0.002382111362038586
21,25,no_support,classifier,18882560,0.007324480565330305,-0.0024512335078838987,0.43148351428235887,-0.0024512335078838987
21,25,no_support,fc,40970,0.007111013306712266,-0.002324113443137321,0.3914973522830919,-0.002324113443137321
21,15,no_need,features,14723136,-0.010344603866002442,0.0022420597603627357,2.0556878619191825,0.0022420597603627357
21,15,no_need,classifier,18882560,-0.01076341127327396,0.0008987772259558824,0.41849308206549524,0.0008987772259558824
21,15,no_need,fc,40970,-0.008430828023847425,0.0011409792214180925,0.3281240643742681,0.0011409792214180925
21,93,no_need,features,14723136,-0.02448901736176623,-0.002780374127489438,1.4830421770426738,-0.002780374127489438
21,93,no_need,classifier,18882560,-0.011381622563021665,-0.0017633130781007367,0.2938869824413729,-0.0017633130781007367
21,93,no_need,fc,40970,-0.014595275810279418,-0.00275895532058712,0.2479084524019137,-0.00275895532058712
21,45,no_need,features,14723136,-0.0074101026444211,0.003375675683734869,1.059686209773286,0.003375675683734869
21,45,no_need,classifier,18882560,-0.0054552837636947515,-0.002204977483188486,0.23148702792480558,-0.002204977483188486
21,45,no_need,fc,40970,-0.005732187943067402,-0.00027360550438970677,0.21839558489960523,-0.00027360550438970677
21,54,no_need,features,14723136,-0.015412826926130663,0.005573662003278912,1.4577581157998178,0.005573662003278912
21,54,no_need,classifier,18882560,-0.003995271517680976,0.00032930446532475344,0.29262803456277836,0.00032930446532475344
21,54,no_need,fc,40970,-0.007380659859336447,0.0019765722431657196,0.25268573588212173,0.0019765722431657196
21,68,no_need,features,14723136,-0.7631535596345884,0.20559605695373762,1.9108271956080114,0.20559605695373762
21,68,no_need,classifier,18882560,-0.020989022847970773,0.007664297287305999,0.3576541286643851,0.007664297287305999
21,68,no_need,fc,40970,-0.01498530958997435,0.004765985453559551,0.28552023542543103,0.004765985453559551
21,10,no_support,features,14723136,0.007821094011958959,-0.004793851405160865,1.863523039594298,-0.004793851405160865
21,10,no_support,classifier,18882560,0.014560529927621246,-0.0033524641368103403,0.40455047579130293,-0.0033524641368103403
21,10,no_support,fc,40970,0.01002870914817322,-0.0031744187108415645,0.32832288327620435,-0.0031744187108415645
22,74,active,features,14723136,0.007445295803321985,0.004609036470075267,0.896897870074978,0.004609036470075267
22,74,active,classifier,18882560,0.005051764409927273,0.0017993196789802823,0.2625040769308935,0.0017993196789802823
22,74,active,fc,40970,0.007381479710602434,0.0020328268701632624,0.267398920566251,0.0020328268701632624
22,93,no_need,features,14723136,-0.9391718538450959,0.3664438878959686,1.9639765039514816,0.3664438878959686
22,93,no_need,classifier,18882560,-0.025289094674917578,0.009840001559950906,0.33799759514263195,0.009840001559950906
22,93,no_need,fc,40970,-0.01913590820186073,0.006283960850851145,0.28041436404330444,0.006283960850851145
22,1,no_need,features,14723136,-0.00601760934524798,0.0005895984137751498,1.0830792868747863,0.0005895984137751498
22,1,no_need,classifier,18882560,-0.003100772884408798,0.00011828166374527882,0.19017568453968317,0.00011828166374527882
22,1,no_need,fc,40970,-0.00013646387924381997,-0.0001894695992632478,0.16023663880757696,-0.0001894695992632478
22,48,no_need,features,14723136,0.002039987435111355,-0.008517569925516,1.5660868458532473,-0.008517569925516
22,48,no_need,classifier,18882560,-0.007285847847015248,-0.00015772411726544533,0.3219067624605561,-0.00015772411726544533
22,48,no_need,fc,40970,-0.009542358515318483,0.00029477164298441494,0.2936471481037245,0.00029477164298441494
22,44,no_need,features,14723136,-0.010581448839403132,0.0008376653187518457,1.8169027295936715,0.0008376653187518457
22,44,no_need,classifier,18882560,-0.008150316992669104,-0.0007206409403579528,0.3395258916392212,-0.0007206409403579528
22,44,no_need,fc,40970,-0.007326559025386814,-0.001884450422039663,0.2702738215962275,-0.001884450422039663
22,26,no_need,features,14723136,-0.28315040487808574,0.15015464093448827,1.2500244650674717,0.15015464093448827
22,26,no_need,classifier,18882560,-0.0066352235240003665,0.00602628840260877,0.2482870203966679,0.00602628840260877
22,26,no_need,fc,40970,-0.000993852389001404,0.0035056098886343534,0.20350080834618683,0.0035056098886343534
22,75,no_support,features,14723136,-0.0023819932401352144,-0.00045391962783014606,1.6777452393820425,-0.00045391962783014606
22,75,no_support,classifier,18882560,0.0001314218628749586,-0.00013653032511484753,0.30805897164965496,-0.00013653032511484753
22,75,no_support,fc,40970,0.0042972937153535895,0.00042565025614749175,0.24701530392281687,0.00042565025614749175
23,71,no_need,features,14723136,-0.013701396451395455,-0.001611125958163484,1.2396193567027158,-0.001611125958163484
23,71,no_need,classifier,18882560,-0.008863062678386768,-0.0006746081151831618,0.27460811662624623,-0.0006746081151831618
23,71,no_need,fc,40970,-0.01605049457066343,-0.001263749066993114,0.26375469545074925,-0.001263749066993114
23,22,no_support,features,14723136,0.014712589416955526,-0.0005831435720189404,1.4074790315469072,-0.0005831435720189404
23,22,no_support,classifier,18882560,0.015060684866057272,-0.0013157762172113507,0.3368764498696351,-0.0013157762172113507
23,22,no_support,fc,40970,0.013217620355135296,-0.0014335977293740143,0.2883101785714807,-0.0014335977293740143
23,59,no_need,features,14723136,-0.012197242627976834,-0.0036971878948435233,1.2255919219701044,-0.0036971878948435233
23,59,no_need,classifier,18882560,-0.014623685517108242,0.003082790803091484,0.2693809502913807,0.003082790803091484
23,59,no_need,fc,40970,-0.012892399136035237,0.001278209265365149,0.21140407619883844,0.001278209265365149
23,84,no_need,features,14723136,-0.39931113816513175,0.18686425354887604,1.4536098111754858,0.18686425354887604
23,84,no_need,classifier,18882560,-0.008745976118689214,0.0065115968886857445,0.2780102153205349,0.0065115968886857445
23,84,no_need,fc,40970,-0.0023841969605200575,0.006727757943735924,0.224902099260828,0.006727757943735924
23,10,no_support,features,14723136,0.030727120805380537,-0.005212575148846099,1.9981535896337412,-0.005212575148846099
23,10,no_support,classifier,18882560,0.008081974819560855,0.00016436751192827614,0.39759560906319613,0.00016436751192827614
23,10,no_support,fc,40970,0.0025538977060932666,-0.00038157499102453585,0.3128364945526923,-0.00038157499102453585
23,43,no_need,features,14723136,-0.01816354671593956,0.004855911098903931,0.7772164006237043,0.004855911098903931
23,43,no_need,classifier,18882560,-0.01809290672917996,0.0016333250378011144,0.2525053068180943,0.0016333250378011144
23,43,no_need,fc,40970,-0.018875242574722506,9.302059106630622e-05,0.2532441712898647,9.302059106630622e-05
23,67,no_support,features,14723136,-0.0028996608185671855,-0.0037119574693331714,1.815209462541915,-0.0037119574693331714
23,67,no_support,classifier,18882560,0.003346142930240603,-0.0022922142890138275,0.29519675455915223,-0.0022922142890138275
23,67,no_support,fc,40970,0.0021773326916445512,-0.0019017960717064852,0.24256897422587514,-0.0019017960717064852
24,70,no_need,features,14723136,-1.1887453727426873,0.3014715658253806,2.259083525525106,0.3014715658253806
24,70,no_need,classifier,18882560,-0.08947519211869803,0.014118161903525106,0.5338056903235711,0.014118161903525106
24,70,no_need,fc,40970,-0.06085416392306797,0.006397103395102022,0.3920791197034094,0.006397103395102022
24,54,active,features,14723136,0.003987137354663151,-0.0006031633832641603,1.3414118562351744,-0.0006031633832641603
24,54,active,classifier,18882560,0.008868511084529018,0.0008481530912263224,0.2603498513051941,0.0008481530912263224
24,54,active,fc,40970,0.01122650207253173,0.0015619951491316897,0.21514086133303562,0.0015619951491316897
24,33,no_need,features,14723136,-0.01909809668277518,-0.0016237476780762705,2.0378102344772824,-0.0016237476780762705
24,33,no_need,classifier,18882560,-0.008301280131945532,0.0021895579993724823,0.393615237948836,0.0021895579993724823
24,33,no_need,fc,40970,-0.0052057582906854805,0.0019559415113690193,0.3348908894613828,0.0019559415113690193
24,75,no_support,features,14723136,0.012215595929724536,-0.005019942756035789,1.5611379718015364,-0.005019942756035789
24,75,no_support,classifier,18882560,0.007843643836849878,0.00026538322583746776,0.2844947534457672,0.00026538322583746776
24,75,no_support,fc,40970,0.0068698969880642835,0.0008314176238854998,0.22520914316186555,0.0008314176238854998
24,17,no_need,features,14723136,-0.00020088517313254675,-0.008561417058867704,0.9871677248260309,-0.008561417058867704
24,17,no_need,classifier,18882560,-0.01083014415416983,-0.007967685545509084,0.24864291334747887,-0.007967685545509084
24,17,no_need,fc,40970,-0.014504077335004695,-0.009766989824129269,0.20667277766360764,-0.009766989824129269
24,6,no_need,features,14723136,-0.009928551137697625,-0.0009871499120421845,1.5572226369880209,-0.0009871499120421845
24,6,no_need,classifier,18882560,-0.01377860377124307,-0.00022549131207938444,0.3847324440916052,-0.00022549131207938444
24,6,no_need,fc,40970,-0.006743569003447192,-0.0022431092384067597,0.35040630193672373,-0.0022431092384067597
24,3,no_need,features,14723136,-0.01225400120545573,0.0010174349242433323,1.7452191207059313,0.0010174349242433323
24,3,no_need,classifier,18882560,0.0013199417561509108,-0.0026695825176830112,0.36044118499452993,-0.0026695825176830112
24,3,no_need,fc,40970,-0.0029102207699907012,-0.002067345431441936,0.3290615458949545,-0.002067345431441936
25,87,no_support,features,14723136,0.0008079118242960716,-0.004052160587153963,1.4528493438982537,-0.004052160587153963
25,87,no_support,classifier,18882560,-0.0007614989438025077,0.0009856047703351578,0.3267625984217737,0.0009856047703351578
25,87,no_support,fc,40970,0.00361613724999188,-0.00012612910359166563,0.29783306650673136,-0.00012612910359166563
25,33,no_need,features,14723136,-1.0326627469253253,0.3408431047041063,1.9473815194182331,0.3408431047041063
25,33,no_need,classifier,18882560,-0.0476434503980272,0.013502091217560519,0.40557535748219037,0.013502091217560519
25,33,no_need,fc,40970,-0.03357757480989676,0.008743046168092405,0.33561665144069047,0.008743046168092405
25,36,no_need,features,14723136,-0.014253480064702728,0.00537865762474965,1.6232208702998991,0.00537865762474965
25,36,no_need,classifier,18882560,-0.003308162056328001,0.0006536392936311586,0.36918394418924727,0.0006536392936311586
25,36,no_need,fc,40970,-0.003633645268564578,0.0015263429418155283,0.3147076706020703,0.0015263429418155283
25,30,active,features,14723136,-0.004116966123483222,0.005851710678483002,1.0739428917136935,0.005851710678483002
25,30,active,classifier,18882560,0.006206963741306026,0.000782516989488613,0.33593083594185386,0.000782516989488613
25,30,active,fc,40970,0.005008581461879658,0.0008878730563992576,0.29900819880468404,0.0008878730563992576
25,84,no_support,features,14723136,0.017653637311795478,-0.0009544762863455958,1.4494328295425978,-0.0009544762863455958
25,84,no_support,classifier,18882560,0.00476061217887036,-0.0005516370713536389,0.28292899217683853,-0.0005516370713536389
25,84,no_support,fc,40970,0.002924188486758794,-2.6218442826575483e-05,0.235996844824995,-2.6218442826575483e-05
25,71,no_support,features,14723136,0.02791224553608629,-0.007554028598214302,1.1294188051854726,-0.007554028598214302
25,71,no_support,classifier,18882560,0.008532548458333622,-0.0004767935670315637,0.24930698087974099,-0.0004767935670315637
25,71,no_support,fc,40970,0.011225921247387305,0.0003462729164311895,0.2255770195270618,0.0003462729164311895
25,75,no_need,features,14723136,-0.4532954131569795,0.18768308186221816,1.6243975210461075,0.18768308186221816
25,75,no_need,classifier,18882560,-0.015893162919610404,0.00667002679278994,0.2918606097802013,0.00667002679278994
25,75,no_need,fc,40970,-0.011956806151829369,0.005061269785983313,0.23083537225961476,0.005061269785983313
26,41,no_support,features,14723136,0.0002404524536387979,-0.0038699339014272027,1.4652809589309739,-0.0038699339014272027
26,41,no_support,classifier,18882560,-0.0014424830078496598,-0.0012941027433726049,0.2842708141136354,-0.0012941027433726049
26,41,no_support,fc,40970,0.004458544181034085,-0.002815717463818146,0.24688130072235195,-0.002815717463818146
26,10,no_support,features,14723136,0.016926669789107507,-2.6289598370254907e-05,1.6883863591180897,-2.6289598370254907e-05
26,10,no_support,classifier,18882560,0.007564915996226773,-0.0014757013157407073,0.33733272716819684,-0.0014757013157407073
26,10,no_support,fc,40970,0.0032931532041402534,-0.0026048085437651025,0.26859785329092617,-0.0026048085437651025
26,51,no_need,features,14723136,-0.0018602635527216176,0.008032460293058818,1.310912248984285,0.008032460293058818
26,51,no_need,classifier,18882560,-0.005178486907311708,0.003065638486532407,0.328357454907073,0.003065638486532407
26,51,no_need,fc,40970,-0.010039160271844594,0.004710824076028075,0.27697437542743164,0.004710824076028075
26,11,active,features,14723136,0.006005613898384608,0.0006170887737440012,1.6510173826521612,0.0006170887737440012
26,11,active,classifier,18882560,0.007060027387069567,0.0017018423978925057,0.33341907305876345,0.0017018423978925057
26,11,active,fc,40970,0.013287654524901882,0.001833280850405572,0.28042631038228266,0.001833280850405572
26,50,no_support,features,14723136,0.019550637549151872,-0.005214194712543474,1.8312820415901327,-0.005214194712543474
26,50,no_support,classifier,18882560,0.003609310464526061,-0.0019950291811028364,0.37202952546357426,-0.0019950291811028364
26,50,no_support,fc,40970,0.004369597061668173,-0.002230425148809445,0.2889010633127126,-0.002230425148809445
26,16,active,features,14723136,-0.0002490386914359992,-0.0006721640157287823,2.022639307282876,-0.0006721640157287823
26,16,active,classifier,18882560,-0.002865580458660588,0.0007467917224346365,0.38142346142117467,0.0007467917224346365
26,16,active,fc,40970,0.003317216043797089,0.0019888192628059187,0.28858108621258444,0.0019888192628059187
26,86,no_need,features,14723136,-0.0033649240576352196,-0.0018311497740963745,2.371417154030374,-0.0018311497740963745
26,86,no_need,classifier,18882560,0.0010182598119854447,-0.00039028946278563126,0.44600970220583147,-0.00039028946278563126
26,86,no_need,fc,40970,-0.0020075777429156005,-0.00040351916823055944,0.340778519951285,-0.00040351916823055944
26,64,no_support,features,14723136,0.016192814258797483,-0.005203138648234074,1.3555405888721423,-0.005203138648234074
26,64,no_support,classifier,18882560,0.005190832989114824,-0.0003150296430760591,0.2684994487752999,-0.0003150296430760591
26,64,no_support,fc,40970,0.0068954148227931,0.0001058552588801831,0.2403259727538536,0.0001058552588801831
27,58,no_support,features,14723136,0.019494656148403067,-0.0024651826778558927,1.4018856597436282,-0.0024651826778558927
27,58,no_support,classifier,18882560,0.004495203110309376,0.0003530179050130755,0.25303561322275075,0.0003530179050130755
27,58,no_support,fc,40970,-0.0016037642290029908,-0.0003615527220972581,0.19318898898851805,-0.0003615527220972581
27,82,no_need,features,14723136,-0.010436552119301728,0.0011002536773006,1.7837341751040046,0.0011002536773006
27,82,no_need,classifier,18882560,-0.0014668531405277463,0.0012657408720428975,0.36633947485937524,0.0012657408720428975
27,82,no_need,fc,40970,0.0030356957358890213,-0.00028175662282592384,0.3133816479736544,-0.00028175662282592384
27,50,no_need,features,14723136,-0.4274105884894652,0.14891315218523005,1.7201384510111135,0.14891315218523005
27,50,no_need,classifier,18882560,-0.015368159120043856,0.0057149184028730815,0.3158166372727371,0.0057149184028730815
27,50,no_need,fc,40970,-0.008929623203584924,0.004440063188667409,0.24217102999165277,0.004440063188667409
27,84,no_support,features,14723136,0.006869061925344859,-0.005486656342570839,1.7186522369685213,-0.005486656342570839
27,84,no_support,classifier,18882560,0.00406636220850487,-0.0026639907453045453,0.2957972159016143,-0.0026639907453045453
27,84,no_support,fc,40970,0.0019117118426947854,-0.0025260636466555297,0.22282443940919264,-0.0025260636466555297
27,4,active,features,14723136,0.014434608867766483,0.008355817652503816,1.0055495462568629,0.008355817652503816
27,4,active,classifier,18882560,0.010967857599098352,0.004115469036953812,0.22510073927428934,0.004115469036953812
27,4,active,fc,40970,0.01430831375910202,0.00952569993387442,0.19791596808363837,0.00952569993387442
27,65,no_need,features,14723136,-0.014803230968766455,0.0012883608670044566,2.051716138369039,0.0012883608670044566
27,65,no_need,classifier,18882560,-0.011031108531369682,-0.002751695268216281,0.44179693025995154,-0.002751695268216281
27,65,no_need,fc,40970,-0.018769440161122475,-0.0028155841996522213,0.3878204926728414,-0.0028155841996522213
27,88,no_need,features,14723136,-0.009035272200193845,-0.001894746329330843,1.347795184453199,-0.001894746329330843
27,88,no_need,classifier,18882560,-0.004569387031438055,-0.0006003416510225179,0.28449277060474004,-0.0006003416510225179
27,88,no_need,fc,40970,-0.007645723399036797,-0.0007376946850854438,0.2357768800060644,-0.0007376946850854438
28,99,no_need,features,14723136,-0.015508922279426685,0.002622233018499287,1.0453123917610827,0.002622233018499287
28,99,no_need,classifier,18882560,-0.01748566855167155,0.0008506306426738774,0.34012515364656315,0.0008506306426738774
28,99,no_need,fc,40970,-0.012877273413323564,0.00043292878808642854,0.3183152222659384,0.00043292878808642854
28,88,no_need,features,14723136,-0.20987069169041206,0.09499339970594178,1.3666718928926944,0.09499339970594178
28,88,no_need,classifier,18882560,-0.018340777262892516,0.0049392158421142085,0.2769161150503718,0.0049392158421142085
28,88,no_need,fc,40970,-0.012865923679783009,0.0030931498245081457,0.21256224759335035,0.0030931498245081457
28,69,no_need,features,14723136,-0.01726047739300185,0.0071487744101901285,1.5728168643122047,0.0071487744101901285
28,69,no_need,classifier,18882560,0.006901939528461298,-0.000360792960350409,0.31023115282840585,-0.000360792960350409
28,69,no_need,fc,40970,0.006912963530339766,0.0014131437055766582,0.2592202084793392,0.0014131437055766582
28,16,no_need,features,14723136,0.005386943350092821,-0.006986888983123052,1.355728734339649,-0.006986888983123052
28,16,no_need,classifier,18882560,-0.007889065018844121,0.0003274490960620824,0.2905607335616576,0.0003274490960620824
28,16,no_need,fc,40970,-0.006449936008721124,0.0017860375628515612,0.24647968512307467,0.0017860375628515612
28,46,no_need,features,14723136,-0.19160162066191333,0.11270069743531508,1.0153202927182936,0.11270069743531508
28,46,no_need,classifier,18882560,-0.03811852704529883,0.00835078598038308,0.34898776817806615,0.00835078598038308
28,46,no_need,fc,40970,-0.027525482830242254,0.005417335851234384,0.30907264135132917,0.005417335851234384
28,29,no_need,features,14723136,-0.028433583222991388,0.013132169258504689,0.9864526656732496,0.013132169258504689
28,29,no_need,classifier,18882560,-0.008673161983551836,0.0028854370818862662,0.3013897417572576,0.0028854370818862662
28,29,no_need,fc,40970,-0.005581373596214689,0.001996173908992205,0.2905931389760715,0.001996173908992205
28,91,no_need,features,14723136,-0.02592516008833457,-0.00018971429382297345,1.3039578042664515,-0.00018971429382297345
28,91,no_need,classifier,18882560,-0.0182127042535285,-0.0005997710948690838,0.30821108207581155,-0.0005997710948690838
28,91,no_need,fc,40970,-0.01573339792957995,-0.0006606080751225818,0.266282022035429,-0.0006606080751225818
28,4,no_need,features,14723136,-0.1657201843056555,0.08852291572236481,1.141068653517146,0.08852291572236481
28,4,no_need,classifier,18882560,-0.024430628033769608,0.00705219010728797,0.28344707673571284,0.00705219010728797
28,4,no_need,fc,40970,-0.019159953815687913,0.004879543601418845,0.2588841277741645,0.004879543601418845
28,45,no_support,features,14723136,0.010397199017013747,-0.00428616345424615,0.9137566965479279,-0.00428616345424615
28,45,no_support,classifier,18882560,0.005076149838373567,-0.0025951197833933293,0.22103007434221447,-0.0025951197833933293
28,45,no_support,fc,40970,0.005480635994899785,-0.0027982855353911873,0.19386692279424675,-0.0027982855353911873
29,80,no_support,features,14723136,0.024890828942091048,-0.008082459832060351,2.3408517347739632,-0.008082459832060351
29,80,no_support,classifier,18882560,0.02041858774373395,-0.0033259900510529405,0.6934674199018825,-0.0033259900510529405
29,80,no_support,fc,40970,0.018583786542876624,-0.0007434343206114136,0.6033110579077707,-0.0007434343206114136
29,28,no_need,features,14723136,-0.02735573965610172,0.00046788866895042247,0.6724735063572914,0.00046788866895042247
29,28,no_need,classifier,18882560,-0.03328123789287929,0.010535626171076728,0.37329172362927193,0.010535626171076728
29,28,no_need,fc,40970,-0.0214862040738808,0.005114215353387408,0.32039000655419553,0.005114215353387408
29,1,active,features,14723136,0.010943782360698151,0.0015320646315650777,1.1265109081990008,0.0015320646315650777
29,1,active,classifier,18882560,0.005033612401348364,0.0010756734963024428,0.213026818342083,0.0010756734963024428
29,1,active,fc,40970,0.00019196837001800304,0.002078802019241266,0.18639669677133242,0.002078802019241266
29,10,no_support,features,14723136,0.013950745183208857,-0.001068273951378984,2.111466482768279,-0.001068273951378984
29,10,no_support,classifier,18882560,0.01274124783139996,-0.0003841947575580207,0.3508397387559529,-0.0003841947575580207
29,10,no_support,fc,40970,0.00914805517095374,-0.000727660305756217,0.2647022043630575,-0.000727660305756217
29,65,no_support,features,14723136,0.05380207093821454,-0.017132568680409577,1.549307612267693,-0.017132568680409577
29,65,no_support,classifier,18882560,0.022167423969676747,-0.000525401356128441,0.39122365002867443,-0.000525401356128441
29,65,no_support,fc,40970,0.03387803708028514,0.0019211900171285379,0.3269160817784095,0.0019211900171285379
29,5,no_need,features,14723136,0.002709611411290786,-0.0066616940762642685,1.9656968191415907,-0.0066616940762642685
29,5,no_need,classifier,18882560,-0.005029747276012131,0.00013112432705497667,0.4845734923448119,0.00013112432705497667
29,5,no_need,fc,40970,-0.0023735487011435907,0.0002568612335380749,0.4047730064625011,0.0002568612335380749
30,62,no_need,features,14723136,0.005256930321607457,-0.004041056780479835,1.9961275934779,-0.004041056780479835
30,62,no_need,classifier,18882560,-0.009098880212604854,-0.0018236087740888252,0.38024748270214787,-0.0018236087740888252
30,62,no_need,fc,40970,0.0021066261251689866,-0.001979409173145541,0.3037590600301252,-0.001979409173145541
30,41,active,features,14723136,0.01835594801559637,-0.0017567527671928929,1.2910041991894452,-0.0017567527671928929
30,41,active,classifier,18882560,0.005827053729262843,0.002075370083503003,0.24033381761171557,0.002075370083503003
30,41,active,fc,40970,0.004338534839916974,0.0016535904696866055,0.195722271432435,0.0016535904696866055
30,74,active,features,14723136,-0.0004277479807122137,0.00017500338191922538,1.006751257099645,0.00017500338191922538
30,74,active,classifier,18882560,0.001668814714093969,0.0003795699140312081,0.3166365751836368,0.0003795699140312081
30,74,active,fc,40970,0.0025071225500141736,-0.0005493515118359937,0.29592005829499496,-0.0005493515118359937
30,11,no_need,features,14723136,-0.020138486222720076,0.0014054000398964206,1.5933783859468582,0.0014054000398964206
30,11,no_need,classifier,18882560,-0.012676696327389436,0.002594206605635918,0.312627597372561,0.002594206605635918
30,11,no_need,fc,40970,-0.01842571894667344,0.0027157940348843113,0.2688801204657777,0.0027157940348843113
30,99,no_support,features,14723136,0.056374532063472316,-0.01997167543004963,0.9999347212204294,-0.01997167543004963
30,99,no_support,classifier,18882560,0.028425212925867527,0.0051913798835130365,0.2865003734020656,0.0051913798835130365
30,99,no_support,fc,40970,0.027264058851869777,0.007519415268689045,0.2420000957429512,0.007519415268689045
30,75,no_support,features,14723136,0.015455118198858031,-0.005598280198935157,1.5101981492368595,-0.005598280198935157
30,75,no_support,classifier,18882560,0.011396814994441229,-0.0011969346360274358,0.2501699914706522,-0.0011969346360274358
30,75,no_support,fc,40970,0.007365156398009276,-0.0004719727894553216,0.1930061534605225,-0.0004719727894553216
30,26,no_need,features,14723136,-0.011372349430317286,0.00020280730960564597,1.171923072604329,0.00020280730960564597
30,26,no_need,classifier,18882560,-0.005868739457127958,-0.0014813199802574673,0.24514260286595255,-0.0014813199802574673
30,26,no_need,fc,40970,-0.006702150476485258,-0.001465539971832186,0.21279484611501404,-0.001465539971832186
30,81,no_support,features,14723136,0.013652195442816147,-0.009655427401785488,1.4241209229935827,-0.009655427401785488
30,81,no_support,classifier,18882560,0.003507115638342384,-0.0034714165944933484,0.33424905554794687,-0.0034714165944933484
30,81,no_support,fc,40970,0.011951118140132166,-0.0023180781499831937,0.31503914658207727,-0.0023180781499831937
31,96,no_need,features,14723136,-0.010024424026084942,0.0003603248609707066,0.9430697759658215,0.0003603248609707066
31,96,no_need,classifier,18882560,-0.011353103422152344,0.0038701125681654958,0.2784350220805287,0.0038701125681654958
31,96,no_need,fc,40970,-0.013261818141472759,0.006357525067869574,0.273494400975574,0.006357525067869574
31,81,no_need,features,14723136,-0.6816112734022681,0.29124252164845643,1.476792214808581,0.29124252164845643
31,81,no_need,classifier,18882560,-0.04879681768943556,0.012274325227281224,0.30907312960244077,0.012274325227281224
31,81,no_need,fc,40970,-0.04617765286820941,0.007149042308810749,0.2631488336528361,0.007149042308810749
31,50,no_need,features,14723136,-0.015051295398023969,0.004175499046027653,2.226523597591165,0.004175499046027653
31,50,no_need,classifier,18882560,-0.012569578811508109,0.0032031760879931426,0.37520902976703024,0.0032031760879931426
31,50,no_need,fc,40970,-0.01118767834850587,0.003741986343811732,0.281680708127222,0.003741986343811732
31,13,no_support,features,14723136,0.052648259152718424,-0.008162887301480737,1.2876735319656005,-0.008162887301480737
31,13,no_support,classifier,18882560,0.03022105534091679,-0.003284602970325068,0.31146300144986394,-0.003284602970325068
31,13,no_support,fc,40970,0.033814972470281646,-0.0018887152918978245,0.26471427072482523,-0.0018887152918978245
31,67,no_need,features,14723136,-0.020971056158032297,-0.0010234950031673407,1.6309068452447195,-0.0010234950031673407
31,67,no_need,classifier,18882560,-0.013941271677140321,0.0009955128325600526,0.30835784444249953,0.0009955128325600526
31,67,no_need,fc,40970,-0.02135752743924968,0.0014993920049164444,0.2654451253601832,0.0014993920049164444
31,91,no_need,features,14723136,-0.016725796363132872,6.19470549896306e-05,1.21692920958588,6.19470549896306e-05
31,91,no_need,classifier,18882560,-0.012327993865255849,-0.0002794333223050671,0.2521238369502717,-0.0002794333223050671
31,91,no_need,fc,40970,-0.015104577702004462,0.0019689848131747567,0.20815012919346226,0.0019689848131747567
32,40,active,features,14723136,0.001210745906657689,-0.00020654560379185227,1.5104755572523503,-0.00020654560379185227
32,40,active,classifier,18882560,-3.851228399298634e-05,0.00033742682504112054,0.2986355128289076,0.00033742682504112054
32,40,active,fc,40970,0.0003486385012365645,0.000524631345342641,0.27053617712155,0.000524631345342641
32,70,no_need,features,14723136,0.004448034223916153,0.0014283202398921446,2.1148098957083694,0.0014283202398921446
32,70,no_need,classifier,18882560,-0.0028807410932358835,0.0027215087578724706,0.37862702256668895,0.0027215087578724706
32,70,no_need,fc,40970,-0.001789574447684572,0.0028164927616671775,0.27756996228470066,0.0028164927616671775
32,3,no_need,features,14723136,-0.009101138815864825,0.0027958957063916046,1.6200755333215433,0.0027958957063916046
32,3,no_need,classifier,18882560,0.001777991596100037,0.0015053536605478257,0.33032824968660013,0.0015053536605478257
32,3,no_need,fc,40970,0.0031265716133930255,0.0011167952893629263,0.28212915314392556,0.0011167952893629263
32,6,no_need,features,14723136,-0.0024267681183829455,-0.00010152024991150199,1.803846163840112,-0.00010152024991150199
32,6,no_need,classifier,18882560,-0.0004075309948348149,0.0027335770224681255,0.5298108179138935,0.0027335770224681255
32,6,no_need,fc,40970,0.0004806671022379305,0.0027308439903208637,0.4680593200982287,0.0027308439903208637
32,94,no_need,features,14723136,0.012289022446879008,-0.00417511744608845,0.943728477592207,-0.00417511744608845
32,94,no_need,classifier,18882560,-0.005111793463925096,0.0017609441839567808,0.3239462725053394,0.0017609441839567808
32,94,no_need,fc,40970,-0.009099556591536384,0.0024961647432064638,0.2764766199705739,0.0024961647432064638
32,1,no_need,features,14723136,-0.036120973671586384,0.014584761476470476,1.2004571369815098,0.014584761476470476
32,1,no_need,classifier,18882560,-0.012618399962775584,0.0033489581028334214,0.2835989392085327,0.0033489581028334214
32,1,no_need,fc,40970,-0.011571643917704932,0.002356710318053956,0.22925502470170742,0.002356710318053956
32,25,no_support,features,14723136,0.005527490132642757,-0.00854520446533158,1.5688412886862275,-0.00854520446533158
32,25,no_support,classifier,18882560,-0.0013617032309412025,0.001401826670189621,0.3275600178035845,0.001401826670189621
32,25,no_support,fc,40970,0.0008002390177352936,0.001939800552008819,0.28026049281675,0.001939800552008819
32,10,no_need,features,14723136,-0.00851146483718424,0.004934564354737603,1.9966449098747494,0.004934564354737603
32,10,no_need,classifier,18882560,-0.007482312489173637,0.0020978395028237173,0.3774638365925407,0.0020978395028237173
32,10,no_need,fc,40970,-0.00469465055357432,0.0018963173552037915,0.2924282079227026,0.0018963173552037915
33,45,no_need,features,14723136,-0.0001970896260203854,0.0009448603120354448,0.9394629931633922,0.0009448603120354448
33,45,no_need,classifier,18882560,-0.0005240348040018716,-0.0008301928288574345,0.21305589079318193,-0.0008301928288574345
33,45,no_need,fc,40970,-0.0012992980637136498,-0.00050624183495529,0.1834326394090343,-0.00050624183495529
33,16,no_support,features,14723136,0.019629054981566085,-0.0036191914785437262,1.6262784862500057,-0.0036191914785437262
33,16,no_support,classifier,18882560,0.01405861603689118,0.0005096806848996493,0.2957360296841393,0.0005096806848996493
33,16,no_support,fc,40970,0.00951508878642926,-0.00023025107566354563,0.23006882588157967,-0.00023025107566354563
33,51,active,features,14723136,-0.0023816128059124244,0.004284715999194333,1.3615843657249274,0.004284715999194333
33,51,active,classifier,18882560,0.005316937946645339,0.00168744293216605,0.2726105505067728,0.00168744293216605
33,51,active,fc,40970,0.009721561611513607,0.0017138762277681963,0.2120855806808116,0.0017138762277681963
33,88,active,features,14723136,-0.0030747082093007796,0.007369599030006668,1.3273811205157195,0.007369599030006668
33,88,active,classifier,18882560,0.0022373281246927945,0.001060416092855121,0.23306373627839097,0.001060416092855121
33,88,active,fc,40970,0.0014605459382437402,0.0011199989257875131,0.1806974122077223,0.0011199989257875131
33,17,no_support,features,14723136,0.017522341376178474,-0.009403305105735171,1.1219620044302554,-0.009403305105735171
33,17,no_support,classifier,18882560,0.01576861179091793,-0.003337770093821746,0.2955258185997979,-0.003337770093821746
33,17,no_support,fc,40970,0.01639819089177763,-0.004103301531358738,0.25536508819801396,-0.004103301531358738
33,78,no_need,features,14723136,-0.009048508484880813,-0.0028152091091744325,1.1767164011307902,-0.0028152091091744325
33,78,no_need,classifier,18882560,-0.009503685072559165,-0.002442574892825178,0.3255125756451898,-0.002442574892825178
33,78,no_need,fc,40970,-0.008847638848237693,-0.00014722099786013132,0.29163755210866216,-0.00014722099786013132
33,36,no_support,features,14723136,6.103589171857536e-05,-0.005633009974346237,1.5807794032719251,-0.005633009974346237
33,36,no_support,classifier,18882560,0.0005567716219161412,-0.003086492234842808,0.35726640287851114,-0.003086492234842808
33,36,no_support,fc,40970,0.0017687034105620114,-0.00324788193393033,0.2977083832814775,-0.00324788193393033
33,44,no_need,features,14723136,-0.004377273159775542,-0.0010657769759383484,1.6886701754819038,-0.0010657769759383484
33,44,no_need,classifier,18882560,0.0002257868293327192,-0.0012928541053724985,0.33206064268028923,-0.0012928541053724985
33,44,no_need,fc,40970,0.0008278943168988917,-0.001237215445144102,0.2751304491476524,-0.001237215445144102
33,62,no_support,features,14723136,0.01910714322836782,-0.005607598750728471,1.3887767938660944,-0.005607598750728471
33,62,no_support,classifier,18882560,0.013380293258251186,-0.0028390637069151126,0.35361102209217915,-0.0028390637069151126
33,62,no_support,fc,40970,0.01477909242385067,-0.003694251772685675,0.2932800273478871,-0.003694251772685675
34,43,no_need,features,14723136,-0.001861053288676473,0.004446559463435307,0.6212898733257354,0.004446559463435307
34,43,no_need,classifier,18882560,-0.0019120274170063567,-0.0006999296375624908,0.13519577918553674,-0.0006999296375624908
34,43,no_need,fc,40970,-0.0015181408780335914,-0.0001699340105005831,0.11139637479540951,-0.0001699340105005831
34,58,no_support,features,14723136,0.036339198961101715,-0.011772484455981669,1.271180031397031,-0.011772484455981669
34,58,no_support,classifier,18882560,0.0323698049687664,-0.004441579080776137,0.29110431546639565,-0.004441579080776137
34,58,no_support,fc,40970,0.03067835627007298,-0.004803012503543869,0.24741359655288253,-0.004803012503543869
34,67,no_support,features,14723136,0.014512060891668455,-0.011659124309193913,1.3739743065749903,-0.011659124309193913
34,67,no_support,classifier,18882560,-0.0009399477282840962,-0.0015844025164142295,0.23103808813641363,-0.0015844025164142295
34,67,no_support,fc,40970,-0.0007549781876150519,-0.0014105305745033547,0.18646942358018076,-0.0014105305745033547
34,1,no_need,features,14723136,-0.010768886430188472,0.002955739254289824,0.9983676925084914,0.002955739254289824
34,1,no_need,classifier,18882560,-0.005974134822963606,-0.0009755837075999807,0.15578998541046538,-0.0009755837075999807
34,1,no_need,fc,40970,-0.005918101895076688,-0.00024244762607850134,0.12364131377568692,-0.00024244762607850134
34,98,no_support,features,14723136,-0.0006399347328809326,-0.0061426566398452564,0.8663076152504999,-0.0061426566398452564
34,98,no_support,classifier,18882560,0.0054052352670623804,-0.003589818393720634,0.23697835204244236,-0.003589818393720634
34,98,no_support,fc,40970,0.004577248687382962,-0.0025233981241399306,0.22399601784906265,-0.0025233981241399306
34,30,active,features,14723136,-0.004004316362632209,0.005518070244857398,0.927658575946764,0.005518070244857398
34,30,active,classifier,18882560,0.0012392811216841437,0.004362762338587345,0.33346424466789193,0.004362762338587345
34,30,active,fc,40970,0.0030697982292622328,0.0033982944851231878,0.2815474572292814,0.0033982944851231878
34,75,no_need,features,14723136,-0.01322300000776977,0.009288890280632955,1.4557510194278893,0.009288890280632955
34,75,no_need,classifier,18882560,-0.007666436317094849,0.0017174758877445129,0.25644361366808444,0.0017174758877445129
34,75,no_need,fc,40970,-0.01271794774220325,0.003978912078309804,0.21684969499425216,0.003978912078309804
35,89,no_need,features,14723136,-0.008505395891830858,0.0010178297522287494,1.081304522999301,0.0010178297522287494
35,89,no_need,classifier,18882560,-0.017819736383899,0.004535875697456504,0.3151312718150274,0.004535875697456504
35,89,no_need,fc,40970,-0.010237806382065173,0.002962363645565347,0.29275621562903664,0.002962363645565347
35,17,no_support,features,14723136,0.05020744626538942,-0.00877969423096836,1.0212601228073606,-0.00877969423096836
35,17,no_support,classifier,18882560,0.030839269683383463,-0.0031195161643609026,0.3499708831160619,-0.0031195161643609026
35,17,no_support,fc,40970,0.02456988496123813,-0.002605194045827375,0.311722026486703,-0.002605194045827375
35,66,no_support,features,14723136,-0.003602301051074618,-0.004150976220159919,1.5037730039840371,-0.004150976220159919
35,66,no_support,classifier,18882560,0.003028527164588013,-0.007513569187494795,0.3296624856718759,-0.007513569187494795
35,66,no_support,fc,40970,0.001691644371021539,-0.005502854888618458,0.28406097685118475,-0.005502854888618458
35,92,no_need,features,14723136,-1.3067270371302584,0.22164014367510276,3.664699696054729,0.22164014367510276
35,92,no_need,classifier,18882560,-0.17669074390869355,0.030674328627355862,1.3410661228135856,0.030674328627355862
35,92,no_need,fc,40970,-0.0662034301822132,0.013953883664726163,0.8382955493496496,0.013953883664726163
35,23,no_need,features,14723136,-0.029389368872386967,0.0057773002133991724,1.2674215686272297,0.0057773002133991724
35,23,no_need,classifier,18882560,-0.018040253357867186,0.004918982556546325,0.40797524734849594,0.004918982556546325
35,23,no_need,fc,40970,-0.008461260978947394,0.0006558923023476382,0.400775725462433,0.0006558923023476382
35,96,no_need,features,14723136,-0.00892528885120214,0.003604617834675139,0.9778528041280184,0.003604617834675139
35,96,no_need,classifier,18882560,-0.00010465437622997342,-0.0044139902165625244,0.23418275066702532,-0.0044139902165625244
35,96,no_need,fc,40970,0.003479356109892251,-0.003023522916919319,0.2122132601100296,-0.003023522916919319
35,9,no_need,features,14723136,-0.007896335597692428,0.00303854367683698,1.3807418787409433,0.00303854367683698
35,9,no_need,classifier,18882560,0.002807892398777767,0.0017754682946815592,0.2552024970913175,0.0017754682946815592
35,9,no_need,fc,40970,0.00421494470720063,0.0007053289400573703,0.20162049927833328,0.0007053289400573703
35,35,no_need,features,14723136,-0.005085398268285242,0.0011841967707155732,2.5004469648282344,0.0011841967707155732
35,35,no_need,classifier,18882560,-0.0011186251226718014,0.0006187166293329938,0.5068349010894435,0.0006187166293329938
35,35,no_need,fc,40970,-8.478472045680974e-05,-0.0001637493805901613,0.39582806323586023,-0.0001637493805901613
36,72,no_need,features,14723136,-0.04001921832477251,0.004712894432319814,1.2051596501428978,0.004712894432319814
36,72,no_need,classifier,18882560,-0.03717977861924737,-0.0016847340461936255,0.2939225874002389,-0.0016847340461936255
36,72,no_need,fc,40970,-0.04102540496387519,-0.002018129471252905,0.26147896047786606,-0.002018129471252905
36,68,active,features,14723136,0.009030969269858254,0.0010154455139019802,2.1662604424858536,0.0010154455139019802
36,68,active,classifier,18882560,0.006614224038003158,0.0007906837467999139,0.3563973901039499,0.0007906837467999139
36,68,active,fc,40970,0.006309103901003255,0.0008068377082963707,0.28358357731819067,0.0008068377082963707
36,65,no_need,features,14723136,-0.01588953376950286,0.0036862886056763244,1.7716750751716563,0.0036862886056763244
36,65,no_need,classifier,18882560,-0.0016806195313847638,0.0027351239668860217,0.377865642754516,0.0027351239668860217
36,65,no_need,fc,40970,0.0023575109080411494,0.0007124749390641227,0.3374746321273016,0.0007124749390641227
36,28,active,features,14723136,-0.00877544226001703,0.018827282218879304,0.5799637061711004,0.018827282218879304
36,28,active,classifier,18882560,0.01903002118706354,0.024154129900125554,0.25450805389135495,0.024154129900125554
36,28,active,fc,40970,0.022008251515217125,0.022709777404088527,0.21102525396644714,0.022709777404088527
36,23,no_need,features,14723136,-0.5143032259159099,0.2734855885859133,1.093201961324002,0.2734855885859133
36,23,no_need,classifier,18882560,-0.06708127929232433,0.014802377421347046,0.34018143912257204,0.014802377421347046
36,23,no_need,fc,40970,-0.06358968632412143,0.0026435865111125167,0.30343199147280736,0.0026435865111125167
36,85,no_need,features,14723136,-0.014052017662521623,-0.004388437298203485,1.3291625967327536,-0.004388437298203485
36,85,no_need,classifier,18882560,-0.010735545702118543,-0.003342012237681047,0.2739097875075537,-0.003342012237681047
36,85,no_need,fc,40970,-0.018055221691611223,-0.002310991443664534,0.23616344143910192,-0.002310991443664534
36,16,no_support,features,14723136,0.05911018239764587,-0.013644158022657393,1.7661920364540096,-0.013644158022657393
36,16,no_support,classifier,18882560,0.029620456653901783,-0.007045061668577546,0.3342711570457965,-0.007045061668577546
36,16,no_support,fc,40970,0.027387013178667985,-0.005336087499017594,0.2619247333186263,-0.005336087499017594
36,60,no_support,features,14723136,0.01746500266028761,-0.002629561946818626,1.257092561254149,-0.002629561946818626
36,60,no_support,classifier,18882560,0.02616846017735952,-0.0063765064564904606,0.3421330628898925,-0.0063765064564904606
36,60,no_support,fc,40970,0.02656295261112973,-0.0036800001398660243,0.28622283888366234,-0.0036800001398660243
36,73,no_need,features,14723136,-0.003023076601166961,-0.014531797803471136,1.73645688035638,-0.014531797803471136
36,73,no_need,classifier,18882560,-0.0053478271906897135,-0.011753043160297239,0.310228647004494,-0.011753043160297239
36,73,no_need,fc,40970,0.005916435788094532,-0.009517824390059104,0.2510836817143426,-0.009517824390059104
36,78,no_support,features,14723136,0.005634651182980121,-0.00548617625511838,1.3128782213426615,-0.00548617625511838
36,78,no_support,classifier,18882560,0.008301895007662097,-0.0035115861962822237,0.37525855083762844,-0.0035115861962822237
36,78,no_support,fc,40970,0.0016541218810743885,-0.002546470305787807,0.3253504424089327,-0.002546470305787807
37,66,active,features,14723136,0.024138499430645055,-0.004141602802171462,1.298780995358969,-0.004141602802171462
37,66,active,classifier,18882560,0.018032389270047133,0.0016667334828639468,0.26948025115424773,0.0016667334828639468
37,66,active,fc,40970,0.018160643230658025,0.0035620743162780855,0.21578399753996627,0.0035620743162780855
37,49,no_need,features,14723136,-0.031805909133893806,0.0020191919771832545,1.3753330699799518,0.0020191919771832545
37,49,no_need,classifier,18882560,-0.023380135564366356,-0.00395683551255388,0.29853091249293967,-0.00395683551255388
37,49,no_need,fc,40970,-0.027635176142212003,-0.006414924800992594,0.25515185130838725,-0.006414924800992594
37,62,active,features,14723136,0.013048483958183253,0.006341856777957844,1.3174112316303268,0.006341856777957844
37,62,active,classifier,18882560,0.004287305275965991,0.006445649267334375,0.3267173180501084,0.006445649267334375
37,62,active,fc,40970,0.009999641886679456,0.005948369027464651,0.28226634373426196,0.005948369027464651
37,9,no_support,features,14723136,0.033600200375616396,-0.01164122180038163,1.4463439828510283,-0.01164122180038163
37,9,no_support,classifier,18882560,0.012888560458577558,-0.0027623002893051307,0.2869557106169177,-0.0027623002893051307
37,9,no_support,fc,40970,0.017007674803608097,-0.004085305892658653,0.22954661254702152,-0.004085305892658653
37,84,no_need,features,14723136,-0.005043299157193813,-0.004343398334086146,1.5008061539912438,-0.004343398334086146
37,84,no_need,classifier,18882560,-0.003229401915291419,-0.003084704603793398,0.24420920834737653,-0.003084704603793398
37,84,no_need,fc,40970,0.001238534772710409,-0.0033666944145807065,0.18959773510205583,-0.0033666944145807065
37,68,no_need,features,14723136,-0.6102285253931541,0.19155723455786955,1.8658768432265125,0.19155723455786955
37,68,no_need,classifier,18882560,-0.04431716224644333,0.013674765856194426,0.3714840214642983,0.013674765856194426
37,68,no_need,fc,40970,-0.03925225435523316,0.012458600827812916,0.3040453669487209,0.012458600827812916
37,74,no_support,features,14723136,0.03899657686102387,-0.002718492423618102,0.9506481374574719,-0.002718492423618102
37,74,no_support,classifier,18882560,0.047970892517696484,-0.006417600598069839,0.3395683118198934,-0.006417600598069839
37,74,no_support,fc,40970,0.056696539744734764,-0.006421580073947553,0.3084538660880091,-0.006421580073947553
37,3,no_need,features,14723136,-0.03933018521122733,-0.002195420082621524,1.4877312514748293,-0.002195420082621524
37,3,no_need,classifier,18882560,-0.027508877754371497,0.0021341058646839883,0.28093980485227243,0.0021341058646839883
37,3,no_need,fc,40970,-0.0382187514915131,0.0012527048056654166,0.24289070081238967,0.0012527048056654166
37,44,active,features,14723136,0.01746453544406279,-0.004807720520489056,1.5275270521044355,-0.004807720520489056
37,44,active,classifier,18882560,0.00018117306470344374,0.0024750036864134017,0.3378703723691403,0.0024750036864134017
37,44,active,fc,40970,0.003078115418247762,0.0026076743688463466,0.29477059321277543,0.0026076743688463466
37,71,no_support,features,14723136,0.027116023095356212,-0.0034816341211509894,1.1109574579156258,-0.0034816341211509894
37,71,no_support,classifier,18882560,0.024262592389277415,-0.0018385873583213197,0.2428665007819318,-0.0018385873583213197
37,71,no_support,fc,40970,0.031641188557841815,-0.0024003061753319344,0.21425648032389766,-0.0024003061753319344
38,50,no_support,features,14723136,0.006266360229233214,-0.0028259929633129843,1.9741489168358894,-0.0028259929633129843
38,50,no_support,classifier,18882560,0.002486657857133423,0.0006872153749100107,0.310390848562776,0.0006872153749100107
38,50,no_support,fc,40970,0.00300299352966249,0.0005319843457982643,0.22593371727592373,0.0005319843457982643
38,73,no_need,features,14723136,-0.0025386510965148537,0.0019409810278325779,2.0145189443557037,0.0019409810278325779
38,73,no_need,classifier,18882560,-0.0033145929398870067,-0.001142448637324378,0.32703271072105533,-0.001142448637324378
38,73,no_need,fc,40970,0.003489520629955223,-0.0015022479119579657,0.26894285058424106,-0.0015022479119579657
38,27,no_need,features,14723136,-0.00022526835600444883,-0.008045488544157209,1.3316642664280527,-0.008045488544157209
38,27,no_need,classifier,18882560,-0.0021522211043247808,0.0006567833038388926,0.23914280526402498,0.0006567833038388926
38,27,no_need,fc,40970,-0.000284284001281776,-0.0005219237664277898,0.1995111357351991,-0.0005219237664277898
38,38,active,features,14723136,0.006365426662810591,0.006570577245017972,0.9419740868244306,0.006570577245017972
38,38,active,classifier,18882560,0.0015082754523518815,0.006810644878214589,0.2697383799095374,0.006810644878214589
38,38,active,fc,40970,-0.00032219384229392745,0.008218137114454294,0.24219626202470937,0.008218137114454294
38,8,no_need,features,14723136,-0.015216746775337242,0.008519335365861025,2.2281077118052517,0.008519335365861025
38,8,no_need,classifier,18882560,0.0025642316400080745,0.003575949765945552,0.3586605528874914,0.003575949765945552
38,8,no_need,fc,40970,0.001954549477886758,0.0048455823180120206,0.2541587044208516,0.0048455823180120206
38,14,active,features,14723136,0.02087207300688476,-0.002995958464424575,1.6972399151611206,-0.002995958464424575
38,14,active,classifier,18882560,0.0028093891574485497,0.0023068198163400666,0.33222989030935696,0.0023068198163400666
38,14,active,fc,40970,0.0031986792928364594,0.002263260721520055,0.27377758717840767,0.002263260721520055
38,28,no_support,features,14723136,0.017304978412248317,-0.007230035908730059,0.6652629249174692,-0.007230035908730059
38,28,no_support,classifier,18882560,0.0072903699606285954,-0.004174057537056797,0.4030351773186576,-0.004174057537056797
38,28,no_support,fc,40970,0.005768688064563321,-0.004820482019567862,0.3819312256627711,-0.004820482019567862
38,64,no_support,features,14723136,0.027474930036717637,-0.012620705996098991,1.1987434056475539,-0.012620705996098991
38,64,no_support,classifier,18882560,0.011770901707222947,-0.000990328424567366,0.28134606555339897,-0.000990328424567366
38,64,no_support,fc,40970,0.015927673382975627,-0.00205426282946064,0.24442091909258196,-0.00205426282946064
39,48,no_support,features,14723136,0.013585922121144735,-0.0031387406300140697,1.4528353477300557,-0.0031387406300140697
39,48,no_support,classifier,18882560,0.009452492834952864,-0.0024041210696736925,0.30867067404670484,-0.0024041210696736925
39,48,no_support,fc,40970,0.007192668072093511,-0.0024237657453340944,0.28386441732415907,-0.0024237657453340944
39,87,no_need,features,14723136,-0.010085605253159713,-0.0032962468475972173,1.5144080132445596,-0.0032962468475972173
39,87,no_need,classifier,18882560,-0.00607500083560808,-0.004811508641523687,0.26589166621043114,-0.004811508641523687
39,87,no_need,fc,40970,-0.0061037657851557015,-0.004618202679921524,0.20900393297299802,-0.004618202679921524
39,40,no_support,features,14723136,0.05479606045685159,-0.022636043673095685,1.2874643945456645,-0.022636043673095685
39,40,no_support,classifier,18882560,0.018880638996051857,-0.00420217359965136,0.3243389024651324,-0.00420217359965136
39,40,no_support,fc,40970,0.01732125525450101,-0.003793565903833951,0.2874704781663685,-0.003793565903833951
39,59,no_support,features,14723136,0.00280625124139533,-0.005219179788099382,1.359958185452045,-0.005219179788099382
39,59,no_support,classifier,18882560,-0.001533287086800783,-0.003301803574800033,0.24123815453034111,-0.003301803574800033
39,59,no_support,fc,40970,-0.0003123896494798828,-0.002158300084374787,0.18381900855820796,-0.002158300084374787
39,3,no_need,features,14723136,-0.006822287924308056,0.0040889267991417455,1.0814209178288574,0.0040889267991417455
39,3,no_need,classifier,18882560,-0.010551788778684568,-0.0009192802168627168,0.19926952361928735,-0.0009192802168627168
39,3,no_need,fc,40970,-0.009611240238882601,-0.0019708506424649386,0.16329219170488854,-0.0019708506424649386
39,10,no_support,features,14723136,0.03364072681243613,-0.009764675910446385,1.8423625238097117,-0.009764675910446385
39,10,no_support,classifier,18882560,0.010871260414205608,-0.000532421429859653,0.3300494405007305,-0.000532421429859653
39,10,no_support,fc,40970,0.0074301402128185146,-0.0010452941467065102,0.27504363449989433,-0.0010452941467065102
39,75,no_need,features,14723136,-0.006245896539102347,0.008567841805849241,1.0645794785807083,0.008567841805849241
39,75,no_need,classifier,18882560,-0.007627349248195969,0.003757685904702157,0.18848721692480214,0.003757685904702157
39,75,no_need,fc,40970,-0.004995198253709532,0.004032071818073746,0.145195460244898,0.004032071818073746
39,35,no_support,features,14723136,0.0012274659022608637,-0.003179755522552341,2.235084426627173,-0.003179755522552341
39,35,no_support,classifier,18882560,0.004082447918335674,-0.0010235035604182485,0.4369474568133296,-0.0010235035604182485
39,35,no_support,fc,40970,0.001330718099779915,-0.00038434778161899885,0.3332407057352277,-0.00038434778161899885
39,49,no_support,features,14723136,0.013596212394929807,-0.016590869324389246,1.3519744258194641,-0.016590869324389246
39,49,no_support,classifier,18882560,0.0009238054560114506,-0.0009077500366316826,0.2269718142199788,-0.0009077500366316826
39,49,no_support,fc,40970,-0.0009065925869435887,-0.002238351792584581,0.16991048238061526,-0.002238351792584581
39,89,no_support,features,14723136,0.021150998179450653,-0.01136975969562215,1.0801408243362607,-0.01136975969562215
39,89,no_support,classifier,18882560,0.013985231814785948,-0.00717361399983929,0.31171732488553816,-0.00717361399983929
39,89,no_support,fc,40970,0.01267033153999364,-0.005262952876364579,0.27309031136754236,-0.005262952876364579
40,83,active,features,14723136,0.011211910021447835,-0.0018496807622465639,1.0960530130509611,-0.0018496807622465639
40,83,active,classifier,18882560,0.001174545505818969,0.005216789444034475,0.23948624433278914,0.005216789444034475
40,83,active,fc,40970,0.0010191667861363385,0.006831381240772316,0.20761929729464929,0.006831381240772316
40,93,no_support,features,14723136,-0.0025715808979214242,-0.005069261021809268,1.4647139568601555,-0.005069261021809268
40,93,no_support,classifier,18882560,0.0035212116811749183,0.0005232893210944667,0.27091358422615686,0.0005232893210944667
40,93,no_support,fc,40970,0.007363481985521503,0.0008166012030415004,0.2289209887395552,0.0008166012030415004
40,34,no_need,features,14723136,-0.018500728424001526,-0.0071698447781791685,1.3962080544285504,-0.0071698447781791685
40,34,no_need,classifier,18882560,-0.018284792457961885,-0.005028156953812868,0.3776827574048894,-0.005028156953812868
40,34,no_need,fc,40970,-0.018770406852127053,-0.005824201725772582,0.3357759519756382,-0.005824201725772582
40,60,no_need,features,14723136,-0.021040052812345778,0.009026808215310211,1.181188047100051,0.009026808215310211
40,60,no_need,classifier,18882560,-0.01273553440842079,0.0065161060886111954,0.3607095104598768,0.0065161060886111954
40,60,no_need,fc,40970,-0.005728271309635602,0.005182641489227535,0.32303931786428525,0.005182641489227535
40,90,no_need,features,14723136,-0.0005073833985775726,-0.004932210809883486,0.9501059563621489,-0.004932210809883486
40,90,no_need,classifier,18882560,-0.0006368757299242134,-0.003870272227004534,0.26452125775208896,-0.003870272227004534
40,90,no_need,fc,40970,-0.005144846814800985,-0.002788771384075517,0.2261427730720776,-0.002788771384075517
40,45,active,features,14723136,0.0007749932343141827,0.010337932899023627,0.9705072433122252,0.010337932899023627
40,45,active,classifier,18882560,0.002780990563223895,0.005552409448227991,0.2328160177816159,0.005552409448227991
40,45,active,fc,40970,0.0036554433700075606,0.002870032530154276,0.19475615703014104,0.002870032530154276
40,42,no_support,features,14723136,0.01827593020597362,-0.007788358254714467,1.5299025905361787,-0.007788358254714467
40,42,no_support,classifier,18882560,0.010591706745799456,-0.0008901208888971723,0.28197316140276707,-0.0008901208888971723
40,42,no_support,fc,40970,0.009514551835309248,-0.0009237901676897309,0.21667266377882302,-0.0009237901676897309
40,41,no_need,features,14723136,-0.016362493772817285,0.007679561116638922,1.30995828534532,0.007679561116638922
40,41,no_need,classifier,18882560,-0.005596297453394072,0.003862655906004875,0.2625230731031221,0.003862655906004875
40,41,no_need,fc,40970,-0.005544434983676183,0.0035855481801263522,0.21538542099947539,0.0035855481801263522
40,91,no_need,features,14723136,-0.021736015502028746,0.0087387057167021,1.298764979997379,0.0087387057167021
40,91,no_need,classifier,18882560,-0.017299467802331492,0.006380094913765788,0.27592420219008174,0.006380094913765788
40,91,no_need,fc,40970,-0.014321646827738732,0.004938212390698027,0.22787963095150582,0.004938212390698027
40,36,no_need,features,14723136,-0.010442320343528873,0.0033471858681508593,1.5120252835620362,0.0033471858681508593
40,36,no_need,classifier,18882560,0.0003283093656136771,0.0012380260649891284,0.31942195932874046,0.0012380260649891284
40,36,no_need,fc,40970,-0.0018058315763482824,0.0008580424419051269,0.26951661450276665,0.0008580424419051269
41,75,no_support,features,14723136,0.01368499620511443,-0.006774074603022484,1.3845805470377333,-0.006774074603022484
41,75,no_support,classifier,18882560,0.002413348468735421,-0.003418652065988681,0.2112268008563148,-0.003418652065988681
41,75,no_support,fc,40970,0.0036362134051159956,-0.0026886604518949753,0.16440092353260385,-0.0026886604518949753
41,52,no_need,features,14723136,-0.0027750256269101223,-0.0026012389611658193,1.544570492832917,-0.0026012389611658193
41,52,no_need,classifier,18882560,0.0018076185181143956,-0.0008265135416536395,0.3128664113095074,-0.0008265135416536395
41,52,no_need,fc,40970,-0.0005014722801206517,-0.0012187474139864207,0.27662716001760257,-0.0012187474139864207
41,20,no_need,features,14723136,-0.001819252291625161,-0.0003090802885807875,1.4544953002678034,-0.0003090802885807875
41,20,no_need,classifier,18882560,-0.010879743289478938,0.00011309310693263797,0.33504411165687237,0.00011309310693263797
41,20,no_need,fc,40970,-0.009606072904716711,0.0004562870748259229,0.270872290894966,0.0004562870748259229
41,80,no_support,features,14723136,0.007519747868180103,-0.004344290856167277,1.8960054509485935,-0.004344290856167277
41,80,no_support,classifier,18882560,0.008806114915387298,0.0005551910727490394,0.412979342680627,0.0005551910727490394
41,80,no_support,fc,40970,0.006490192914498039,0.0029358317551668733,0.3158611994837668,0.0029358317551668733
41,90,no_need,features,14723136,-0.11290466614559591,0.06958551958226167,0.827366355170439,0.06958551958226167
41,90,no_need,classifier,18882560,-0.008541951827737648,0.0052915891952807215,0.22400569598065456,0.0052915891952807215
41,90,no_need,fc,40970,-0.0032677651215635706,0.003327871221699752,0.17384556522271397,0.003327871221699752
41,93,no_need,features,14723136,-0.5750794553166543,0.26125984186694495,1.359960551542857,0.26125984186694495
41,93,no_need,classifier,18882560,-0.027299768571538152,0.009226764748746064,0.267233560958233,0.009226764748746064
41,93,no_need,fc,40970,-0.018970657474710606,0.005876946939679328,0.22509661620472834,0.005876946939679328
41,4,active,features,14723136,0.01802236037434568,0.000751055435991077,1.1432285842339232,0.000751055435991077
41,4,active,classifier,18882560,0.013457236316753551,7.077928034959768e-05,0.25818204227314956,7.077928034959768e-05
41,4,active,fc,40970,0.013657208481163252,0.0012571521974678035,0.23475127327529294,0.0012571521974678035
41,51,no_support,features,14723136,0.015365915586958323,-0.0012869727018269828,1.5879381416489473,-0.0012869727018269828
41,51,no_support,classifier,18882560,0.003535941351628935,-0.0015502667890814337,0.34065879460272935,-0.0015502667890814337
41,51,no_support,fc,40970,0.002477506996001466,-0.00199541341225995,0.2824227922793684,-0.00199541341225995
41,13,no_support,features,14723136,0.004810556551253949,-0.006790668060062899,1.225599979789279,-0.006790668060062899
41,13,no_support,classifier,18882560,0.007598470143420855,-0.0038257400277643683,0.2645571790139765,-0.0038257400277643683
41,13,no_support,fc,40970,0.004644073713279795,-0.003505384202071582,0.22554232074541591,-0.003505384202071582
41,98,no_need,features,14723136,-0.021182574933447995,-0.00018771193300182176,0.8454942064572115,-0.00018771193300182176
41,98,no_need,classifier,18882560,-0.010343099306737713,-0.0032435183338748175,0.20161004943007213,-0.0032435183338748175
41,98,no_need,fc,40970,-0.0072234340659633745,-0.0022060190531192347,0.17213636542091013,-0.0022060190531192347
42,98,no_need,features,14723136,-0.016679513953889117,0.022160993749235303,0.6665518088972784,0.022160993749235303
42,98,no_need,classifier,18882560,-0.0032852140807335672,0.00388791069144645,0.1479266928173491,0.00388791069144645
42,98,no_need,fc,40970,-0.002487535275577102,0.0026388814567326335,0.13445028379397525,0.0026388814567326335
42,79,no_need,features,14723136,-0.025907617270604536,0.005314337999939411,1.3705743753893227,0.005314337999939411
42,79,no_need,classifier,18882560,-0.02067562523552624,0.0036070857199774764,0.3497207284828243,0.0036070857199774764
42,79,no_need,fc,40970,-0.01975397153000813,0.0036030888695677277,0.3260601288251005,0.0036030888695677277
42,17,no_need,features,14723136,-0.009708726483310672,0.006030939615317976,0.9629145156081563,0.006030939615317976
42,17,no_need,classifier,18882560,-0.015550118022019888,0.008355599452897877,0.3372668824154714,0.008355599452897877
42,17,no_need,fc,40970,-0.012894791274447925,0.004832736793105141,0.29246438779072026,0.004832736793105141
42,10,no_support,features,14723136,0.01262425839883008,-0.0009849002619262137,2.1380701807649194,-0.0009849002619262137
42,10,no_support,classifier,18882560,0.0019439637707705515,-0.00039602993680887266,0.3609893047741699,-0.00039602993680887266
42,10,no_support,fc,40970,0.005487082766194362,-0.00010709547768783523,0.2765027803941526,-0.00010709547768783523
42,3,no_support,features,14723136,0.010173255000132999,-0.0010728886849449282,1.2207966625332183,-0.0010728886849449282
42,3,no_support,classifier,18882560,0.003854699311659715,-0.0022826511055882293,0.20669426331347077,-0.0022826511055882293
42,3,no_support,fc,40970,0.0022100396126916166,-0.0013296680876919709,0.17008758935253085,-0.0013296680876919709
42,12,no_need,features,14723136,-0.0005578807032549053,-0.000787846972102102,1.77203224451153,-0.000787846972102102
42,12,no_need,classifier,18882560,-0.0015276292237444977,-0.0003712467632510652,0.35805526556685796,-0.0003712467632510652
42,12,no_need,fc,40970,0.0008238244790845783,-0.00022537061113325763,0.28587688104670567,-0.00022537061113325763
42,29,no_need,features,14723136,-0.016185954372900824,-0.002866040391044322,1.013986671256659,-0.002866040391044322
42,29,no_need,classifier,18882560,-0.014820971238805214,0.0018414249700526852,0.3365354590703597,0.0018414249700526852
42,29,no_need,fc,40970,-0.013570827017247211,-0.00013599938893094077,0.33602665758374956,-0.00013599938893094077
42,26,no_need,features,14723136,-0.002671083535133785,-0.006713294350952026,1.2358311575500713,-0.006713294350952026
42,26,no_need,classifier,18882560,-0.0038649344385248696,-0.001218961955174791,0.2552660108765482,-0.001218961955174791
42,26,no_need,fc,40970,-0.004990700210328214,-0.0018661190861166688,0.21982507186266123,-0.0018661190861166688
42,54,no_support,features,14723136,0.01337908094741635,-0.008252924924423866,1.3816255811333107,-0.008252924924423866
42,54,no_support,classifier,18882560,0.008204343955412696,-0.004617107215381111,0.28435137238584735,-0.004617107215381111
42,54,no_support,fc,40970,0.01038697578405845,-0.004257695170963416,0.25136038924940207,-0.004257695170963416
42,58,no_need,features,14723136,-0.012192775711241666,0.0006046916414650383,1.348335389699179,0.0006046916414650383
42,58,no_need,classifier,18882560,-0.013441462657738157,-0.00040400545858432224,0.3102725499132026,-0.00040400545858432224
42,58,no_need,fc,40970,-0.01264936315419618,-0.0014232667197120463,0.26646476946083647,-0.0014232667197120463
43,15,no_support,features,14723136,-0.0023925522848351494,-0.0013753920882599857,1.3958360102735263,-0.0013753920882599857
43,15,no_support,classifier,18882560,0.003355771128781271,-0.0005566508382770508,0.29574146150390734,-0.0005566508382770508
43,15,no_support,fc,40970,0.0025703254650579765,-0.0008296970338506071,0.23466364287016805,-0.0008296970338506071
43,47,active,features,14723136,0.0017511216093488774,0.0020973002901030213,1.5618399923062152,0.0020973002901030213
43,47,active,classifier,18882560,0.0008607650972010106,0.0018382545837312136,0.29017073897824136,0.0018382545837312136
43,47,active,fc,40970,0.005148253396328073,0.0012010983914478857,0.24301867355817774,0.0012010983914478857
43,9,no_need,features,14723136,-0.0035132944240743313,0.0016370962725797966,1.4741406900275063,0.0016370962725797966
43,9,no_need,classifier,18882560,-0.009433811728285946,-0.0005870701990744465,0.25051419994158725,-0.0005870701990744465
43,9,no_need,fc,40970,-0.00615054696390871,-0.000999926310214505,0.2032125393571008,-0.000999926310214505
43,16,no_need,features,14723136,-0.016691549527429572,0.00418079007885197,1.1281463649405739,0.00418079007885197
43,16,no_need,classifier,18882560,-0.009220469750744087,0.0022396483626607733,0.33347110822469667,0.0022396483626607733
43,16,no_need,fc,40970,-0.00856721805394045,0.0008851051643432584,0.3114334035852264,0.0008851051643432584
43,24,no_need,features,14723136,-0.017084822208424555,0.0031139964376798446,1.4336895620331878,0.0031139964376798446
43,24,no_need,classifier,18882560,-0.011184317138031474,-0.002448724259004109,0.35354053649688877,-0.002448724259004109
43,24,no_need,fc,40970,-0.010700403126975289,-0.0019667122160171857,0.311920858247491,-0.0019667122160171857
43,57,no_need,features,14723136,-0.01035076128493984,0.002248492485588116,1.3059723254789644,0.002248492485588116
43,57,no_need,classifier,18882560,-0.0059178611263632774,0.004224506488526458,0.28892164645602686,0.004224506488526458
43,57,no_need,fc,40970,-0.0030352029752975795,0.003119471905847604,0.2295073775263505,0.003119471905847604
43,71,no_need,features,14723136,-0.005284589787336811,0.0038549895214856633,1.1836550146258884,0.0038549895214856633
43,71,no_need,classifier,18882560,-0.012064563192325295,0.002286304122662841,0.26322428518480573,0.002286304122662841
43,71,no_need,fc,40970,-0.009517119819065556,0.00198693475977052,0.24194930322632732,0.00198693475977052
43,28,no_support,features,14723136,0.000929571713999878,-0.010231415774313746,0.6839804395475085,-0.010231415774313746
43,28,no_support,classifier,18882560,0.008739505715766427,-0.012735340378185356,0.33299476531095396,-0.012735340378185356
43,28,no_support,fc,40970,0.0037825683739356464,-0.009800386829738272,0.27508966518021216,-0.009800386829738272
44,76,active,features,14723136,-0.0020859166734084004,-0.000552791284079035,1.4172145683224981,-0.000552791284079035
44,76,active,classifier,18882560,0.0030438157451158077,-3.081162006424165e-05,0.2721147681335587,-3.081162006424165e-05
44,76,active,fc,40970,0.0016330976468452718,0.0014173094536999997,0.21732203500118838,0.0014173094536999997
44,67,active,features,14723136,0.008509933202489604,0.001582119320806541,1.582110330399785,0.001582119320806541
44,67,active,classifier,18882560,0.003363599950802154,-0.0003311340048810507,0.25827206585565327,-0.0003311340048810507
44,67,active,fc,40970,0.00749454865581356,-0.000630508847962119,0.21484788997681942,-0.000630508847962119
44,81,no_support,features,14723136,0.008424719942464522,0.00016751971755013528,1.5122805623167244,0.00016751971755013528
44,81,no_support,classifier,18882560,0.009169856863081804,-0.0014103216197440815,0.23338318952122064,-0.0014103216197440815
44,81,no_support,fc,40970,0.008762785932049155,-0.0002699882088563754,0.17550074016282727,-0.0002699882088563754
44,35,no_need,features,14723136,-0.00458293795512077,0.0020004376048632366,1.4887465951877779,0.0020004376048632366
44,35,no_need,classifier,18882560,0.0017957227975102796,0.003848190010671715,0.28134055515166856,0.003848190010671715
44,35,no_need,fc,40970,0.0017823341659095604,0.0024464713014822337,0.22071668721142665,0.0024464713014822337
44,44,no_need,features,14723136,-0.003013999204171112,-0.002551238656945287,1.6496394475166185,-0.002551238656945287
44,44,no_need,classifier,18882560,0.003239256556298642,-0.00021651147130796744,0.35693408237932955,-0.00021651147130796744
44,44,no_need,fc,40970,-0.0002859714222722687,-0.000593756355556252,0.30260149775647477,-0.000593756355556252
44,49,no_need,features,14723136,-0.003740434347719204,0.00011448257309609744,1.419307079069183,0.00011448257309609744
44,49,no_need,classifier,18882560,-0.008817550844923971,0.0026164289730559176,0.24788942331384112,0.0026164289730559176
44,49,no_need,fc,40970,-0.011220901316846721,0.003140821536362637,0.19918499674096934,0.003140821536362637
44,32,no_need,features,14723136,-0.16914700902211166,0.0857193011453603,1.0974332004753007,0.0857193011453603
44,32,no_need,classifier,18882560,-0.01503293535006378,0.004704462542122201,0.22736736337800217,0.004704462542122201
44,32,no_need,fc,40970,-0.010181115056184353,0.0014188999675752711,0.17114798280348734,0.0014188999675752711
44,99,no_need,features,14723136,-0.027444932905424935,0.009009028217420223,0.9072780134608079,0.009009028217420223
44,99,no_need,classifier,18882560,-0.030191201551133418,0.006349531333626146,0.32201501116756437,0.006349531333626146
44,99,no_need,fc,40970,-0.01995798503048718,0.0028974460410609026,0.2759516003610939,0.0028974460410609026
44,69,active,features,14723136,0.0006337720160765055,0.0009352589679654244,1.4445080617698631,0.0009352589679654244
44,69,active,classifier,18882560,0.00246145037772294,0.0021984746318821635,0.27036241716072995,0.0021984746318821635
44,69,active,fc,40970,0.002345608823816292,0.001347706147498684,0.23104000503903707,0.001347706147498684
44,51,no_support,features,14723136,0.02750026155739249,-0.009602541052558422,1.0441982990238627,-0.009602541052558422
44,51,no_support,classifier,18882560,0.012262511567314505,-0.0011481737894030175,0.26924610728908444,-0.0011481737894030175
44,51,no_support,fc,40970,0.009133828170888592,-0.0005701990385205136,0.23219417496013395,-0.0005701990385205136
45,42,no_support,features,14723136,0.01103927747011113,-0.003566662477396676,1.3145283759072899,-0.003566662477396676
45,42,no_support,classifier,18882560,-0.0005433625289015254,-0.0008193583356614909,0.2598335824322501,-0.0008193583356614909
45,42,no_support,fc,40970,-0.0006236432800506009,-0.0004124057803664982,0.20693380213198065,-0.0004124057803664982
45,4,no_need,features,14723136,-0.00866034408548444,-0.007735041471867987,1.040256279525602,-0.007735041471867987
45,4,no_need,classifier,18882560,-0.0012806201183934718,-0.0005875015548895135,0.26623570079329084,-0.0005875015548895135
45,4,no_need,fc,40970,-0.002835465933458181,0.00025026728781085694,0.23567261731284422,0.00025026728781085694
45,95,active,features,14723136,0.017963293854812434,-0.0030240295315984156,3.205867410422005,-0.0030240295315984156
45,95,active,classifier,18882560,0.003018687835037781,0.002589164718756365,0.7710230488282475,0.002589164718756365
45,95,active,fc,40970,0.009870151716313558,0.0034333730000071228,0.5693419657162335,0.0034333730000071228
45,71,no_need,features,14723136,-0.012965505592298143,0.002697799368739595,0.9598253406316934,0.002697799368739595
45,71,no_need,classifier,18882560,-0.006129720718035969,-0.0015031398345399793,0.18443306030700424,-0.0015031398345399793
45,71,no_need,fc,40970,-0.008150352488883073,-0.003089230889600003,0.1577454051465848,-0.003089230889600003
45,84,no_support,features,14723136,0.00787980246201414,-0.006644742133257608,1.5478246192860103,-0.006644742133257608
45,84,no_support,classifier,18882560,-8.661391757414094e-05,0.00042665224992788353,0.28404776831615297,0.00042665224992788353
45,84,no_support,fc,40970,-0.004085312903043814,0.0017570791032994748,0.23378876606504947,0.0017570791032994748
45,22,no_support,features,14723136,0.008729624296922367,-0.0067683134644784815,1.4778382879546055,-0.0067683134644784815
45,22,no_support,classifier,18882560,0.0027845973048670203,-0.004111839778715876,0.3438763509604706,-0.004111839778715876
45,22,no_support,fc,40970,0.005048068462201627,-0.00533817394534708,0.28719290251013335,-0.00533817394534708
45,61,no_need,features,14723136,-0.02102473417746964,0.0019745400511368416,0.9577355909210132,0.0019745400511368416
45,61,no_need,classifier,18882560,-0.010492019051980606,-0.005819757056656272,0.3162349609974516,-0.005819757056656272
45,61,no_need,fc,40970,-0.004260531493855524,-0.010216380083875265,0.27251213809954106,-0.010216380083875265
45,5,no_support,features,14723136,0.02357742005891339,-0.0013941619586219645,1.7562315838882956,-0.0013941619586219645
45,5,no_support,classifier,18882560,0.015100601902304334,-0.00014478151740604517,0.39857488730741863,-0.00014478151740604517
45,5,no_support,fc,40970,0.01812455791514367,-0.00035435862810118124,0.3294533754321344,-0.00035435862810118124
45,10,active,features,14723136,0.014142694797975253,0.004563222881223794,1.8978080992501472,0.004563222881223794
45,10,active,classifier,18882560,0.003394462241885776,0.00021185789082522888,0.28900456883808884,0.00021185789082522888
45,10,active,fc,40970,0.005692312992323423,-5.74218584006303e-05,0.22547622304992737,-5.74218584006303e-05
45,28,no_support,features,14723136,0.0338081482988315,-0.003924274908051473,0.694879824576772,-0.003924274908051473
45,28,no_support,classifier,18882560,0.020965942458133213,-0.001857371938029928,0.35345841803965944,-0.001857371938029928
45,28,no_support,fc,40970,0.015572731885185931,-0.0020927235555063817,0.2853819385923659,-0.0020927235555063817
46,61,no_need,features,14723136,-0.19868157661407793,0.14184576570198715,0.9689044725759168,0.14184576570198715
46,61,no_need,classifier,18882560,-0.004276908127287982,0.007154395143288639,0.29172028755284124,0.007154395143288639
46,61,no_need,fc,40970,0.00045011942711425945,0.004028083316370612,0.2402841965304628,0.004028083316370612
46,52,no_support,features,14723136,0.001975150403083605,-0.0003434314042465303,1.411415249272612,-0.0003434314042465303
46,52,no_support,classifier,18882560,0.0032543067090955446,-0.0010421353065339645,0.328238448838491,-0.0010421353065339645
46,52,no_support,fc,40970,0.0025375313198310323,-0.0002869333338821889,0.26341792014103105,-0.0002869333338821889
46,80,no_support,features,14723136,0.00803066579634759,-0.00529450650570773,1.7365354796041506,-0.00529450650570773
46,80,no_support,classifier,18882560,-0.0004791432074284785,7.247156401035681e-05,0.36647676723514766,7.247156401035681e-05
46,80,no_support,fc,40970,0.00020486403627728578,9.583827090864361e-05,0.27691744218187664,9.583827090864361e-05
46,26,no_need,features,14723136,-0.019899912893095006,0.009291967914400345,1.1711814401999983,0.009291967914400345
46,26,no_need,classifier,18882560,-0.005275428232380364,0.0012540938310507954,0.2201737311810309,0.0012540938310507954
46,26,no_need,fc,40970,-0.005869340187928174,0.0013161852311895927,0.17689968056582228,0.0013161852311895927
46,37,no_need,features,14723136,-0.002174826477592262,0.002513315832658236,1.2231217387588922,0.002513315832658236
46,37,no_need,classifier,18882560,-0.003189432213503096,-0.0018991321582007004,0.2811172777144581,-0.0018991321582007004
46,37,no_need,fc,40970,-0.003355938315507956,-0.0019044894606849994,0.25495265854598476,-0.0019044894606849994
46,44,no_support,features,14723136,0.06165068193570278,-0.006814678781069006,1.6460095868898243,-0.006814678781069006
46,44,no_support,classifier,18882560,0.01679290756055707,-0.001205575443663065,0.31313677761895575,-0.001205575443663065
46,44,no_support,fc,40970,0.016244868100329768,-0.0012211222490350337,0.2608464902816859,-0.0012211222490350337
46,85,no_need,features,14723136,-0.0033817229146748673,0.002870630878526015,1.3309026256984042,0.002870630878526015
46,85,no_need,classifier,18882560,-0.004483330827724785,0.0005752487513319693,0.22592249561016717,0.0005752487513319693
46,85,no_need,fc,40970,-0.005299942982674111,-0.0006388556321326178,0.16957775792324453,-0.0006388556321326178
46,1,no_need,features,14723136,-0.01438226436237855,0.011010575029562375,0.9699819439640579,0.011010575029562375
46,1,no_need,classifier,18882560,-0.0009460252093802524,-0.0005329896920329702,0.16516721084356367,-0.0005329896920329702
46,1,no_need,fc,40970,-0.0008932141172408592,-0.0009762019553818391,0.12859426250327935,-0.0009762019553818391
46,99,no_support,features,14723136,0.0033208843495167173,-0.0018704586867954731,0.8720878416420627,-0.0018704586867954731
46,99,no_support,classifier,18882560,-0.0023674155345361214,-0.003327701580928988,0.23236612539029552,-0.003327701580928988
46,99,no_support,fc,40970,0.0009791699558263645,-0.0027436281015980057,0.17674646481916895,-0.0027436281015980057
46,55,no_need,features,14723136,-0.019493798745031654,0.004462931882311949,2.1308587142892734,0.004462931882311949
46,55,no_need,classifier,18882560,-0.005012287511249269,-0.0006680566075516481,0.5160139561756788,-0.0006680566075516481
46,55,no_need,fc,40970,-0.007779294774081791,-0.0017107889516410069,0.4206410954843996,-0.0017107889516410069
47,23,active,features,14723136,0.005211368198523302,0.009927530404624463,1.0626306445943554,0.009927530404624463
47,23,active,classifier,18882560,-0.0003189289987517441,-0.00020244522090706596,0.23047493983398173,-0.00020244522090706596
47,23,active,fc,40970,0.0009029049469972961,0.0006567356599589402,0.17515338654825724,0.0006567356599589402
47,10,active,features,14723136,0.016414693781353396,0.00028663333252154644,2.0434166051716893,0.00028663333252154644
47,10,active,classifier,18882560,-0.008181488532500225,0.0012903828304047238,0.299033339665232,0.0012903828304047238
47,10,active,fc,40970,-0.004699308145063696,0.0013411310037554358,0.2316678795729318,0.0013411310037554358
47,75,no_need,features,14723136,-0.005957491985249419,-0.002356823918205464,0.6160034759205515,-0.002356823918205464
47,75,no_need,classifier,18882560,-0.0031838414610092514,-0.0005641476754476571,0.1249947259963554,-0.0005641476754476571
47,75,no_need,fc,40970,-0.0015034635312076716,-0.0007452787763213564,0.10928316643600791,-0.0007452787763213564
47,28,no_support,features,14723136,0.025531480154498354,-0.012867240725835671,0.6382720619987173,-0.012867240725835671
47,28,no_support,classifier,18882560,0.0096089992580346,0.0005834505193291761,0.30731947946850807,0.0005834505193291761
47,28,no_support,fc,40970,0.005172230852622306,0.00023385189479085966,0.24538789914860426,0.00023385189479085966
47,22,no_support,features,14723136,0.045702737302178775,-0.013728521068671284,1.436164358961134,-0.013728521068671284
47,22,no_support,classifier,18882560,0.011370777282991185,0.00166685073526196,0.2859160393344306,0.00166685073526196
47,22,no_support,fc,40970,0.010732489230576903,0.0013816796617902583,0.2182141472590787,0.0013816796617902583
47,43,active,features,14723136,0.0015790926588294945,0.000228033581787912,0.7461000718067006,0.000228033581787912
47,43,active,classifier,18882560,-0.0008284957690065653,0.001193477743299809,0.18420908920937898,0.001193477743299809
47,43,active,fc,40970,-0.00040536730193707626,0.0007123313343981863,0.1522674839127933,0.0007123313343981863
47,13,no_need,features,14723136,-0.0243296264031585,0.00026082752172307266,1.1971271392057585,0.00026082752172307266
47,13,no_need,classifier,18882560,-0.010943650212539069,-0.0030901834816177143,0.2415421255345786,-0.0030901834816177143
47,13,no_need,fc,40970,-0.009833868607529439,-0.0029085206260788254,0.19802597905148336,-0.0029085206260788254
47,98,no_need,features,14723136,0.002315414578568209,-0.0010601339805482723,0.7249829287993846,-0.0010601339805482723
47,98,no_need,classifier,18882560,-0.0017303787685705174,-0.0018554321720785083,0.14983603482521868,-0.0018554321720785083
47,98,no_need,fc,40970,-0.0009369912327201746,-0.0011878863379024551,0.1336941162441467,-0.0011878863379024551
47,85,no_need,features,14723136,-0.28160779236424105,0.13118059841866625,1.2134877892755351,0.13118059841866625
47,85,no_need,classifier,18882560,-0.00909707389655523,0.007252689400502277,0.2158464360658714,0.007252689400502277
47,85,no_need,fc,40970,-0.004135711388698837,0.004858802729359013,0.16196028933575918,0.004858802729359013
48,1,no_support,features,14723136,0.010255058804263584,-0.008780340275613696,0.9196542554710182,-0.008780340275613696
48,1,no_support,classifier,18882560,0.0012528997251592955,-0.0038008686742614373,0.17995680206691902,-0.0038008686742614373
48,1,no_support,fc,40970,-0.0014546705274369742,-0.0028557296755025163,0.14148142150829776,-0.0028557296755025163
48,96,no_need,features,14723136,-0.016761592003604164,0.004415479610031525,0.9572229629338376,0.004415479610031525
48,96,no_need,classifier,18882560,-0.019884679559254437,0.0009987256031536162,0.226038313779638,0.0009987256031536162
48,96,no_need,fc,40970,-0.01898918708320707,-6.62513189126912e-05,0.20372271495020414,-6.62513189126912e-05
48,63,active,features,14723136,0.012157260727150291,-0.002762268992398731,2.168691349627299,-0.002762268992398731
48,63,active,classifier,18882560,0.004996939772809128,0.002640604342559527,0.4140856995223398,0.002640604342559527
48,63,active,fc,40970,-0.0013553370372392237,0.003361117200256558,0.3172089426003793,0.003361117200256558
48,59,no_support,features,14723136,0.009622246642713606,-0.0049961723634837085,1.1233730122016476,-0.0049961723634837085
48,59,no_support,classifier,18882560,-0.0008841845835831919,-0.0013099440396331374,0.22998788872442108,-0.0013099440396331374
48,59,no_support,fc,40970,-0.0024101958733808715,-0.0005554262916120933,0.18503859833884764,-0.0005554262916120933
48,71,no_need,features,14723136,-0.013482444708497354,0.004436424129711014,0.9544348927133374,0.004436424129711014
48,71,no_need,classifier,18882560,-0.014343660832309979,0.0018007402699140584,0.2113688251945545,0.0018007402699140584
48,71,no_need,fc,40970,-0.01236735655402299,0.0025878817450575298,0.18565512843389995,0.0025878817450575298
48,88,no_support,features,14723136,0.0028922453924984373,0.0022819016089377087,1.3086957501884817,0.0022819016089377087
48,88,no_support,classifier,18882560,0.010206209498392127,-0.002719585733302665,0.2485001461260543,-0.002719585733302665
48,88,no_support,fc,40970,0.007306218023586553,-0.0020244167371856747,0.19406427290980463,-0.0020244167371856747
48,97,no_need,features,14723136,-0.01432020178836524,0.002293886106018661,1.3477562976505555,0.002293886106018661
48,97,no_need,classifier,18882560,-0.0036007828292099475,0.0010282345476184673,0.28351584092839377,0.0010282345476184673
48,97,no_need,fc,40970,-0.0031672580662416294,0.0005737738511015777,0.21921912521930828,0.0005737738511015777
48,68,active,features,14723136,0.03265767821559962,0.003378119872577301,2.1594168108373313,0.003378119872577301
48,68,active,classifier,18882560,0.014051847150767571,0.005265708266051661,0.34375742942913795,0.005265708266051661
48,68,active,fc,40970,0.005642653799441177,0.004353031226855819,0.26423278113686677,0.004353031226855819
49,44,no_need,features,14723136,0.0029686294983051215,-0.0022272106772032174,1.6902177887789163,-0.0022272106772032174
49,44,no_need,classifier,18882560,-0.006569103627498407,-0.0016070483178509676,0.29795314933000455,-0.0016070483178509676
49,44,no_need,fc,40970,-0.0011800017700807075,-0.0015967097961038235,0.25677620585024363,-0.0015967097961038235
49,11,no_need,features,14723136,-0.012521367434885631,0.0015332717745248914,1.4326161803033257,0.0015332717745248914
49,11,no_need,classifier,18882560,-0.0014230928538836451,0.00216159773233926,0.24116690072232033,0.00216159773233926
49,11,no_need,fc,40970,-3.815152922470588e-05,0.0028212127908773255,0.1889170715963608,0.0028212127908773255
49,93,no_need,features,14723136,-0.0002312615513275773,0.009194795313153037,1.3969977577185886,0.009194795313153037
49,93,no_need,classifier,18882560,-0.002644918679834518,0.00388707484103179,0.23306779461371374,0.00388707484103179
49,93,no_need,fc,40970,-0.00045935992420709226,0.0027310873001624714,0.18860176349637067,0.0027310873001624714
49,47,no_need,features,14723136,-0.004295269244124714,-0.0017230602157880526,1.6261187206927257,-0.0017230602157880526
49,47,no_need,classifier,18882560,-0.0040365202510201925,0.0003061989636847784,0.3102742201208683,0.0003061989636847784
49,47,no_need,fc,40970,-0.0006821690985816531,0.000909709420739091,0.25743602202130056,0.000909709420739091
49,54,no_need,features,14723136,-0.013607280580627544,0.00698251619201784,1.3927491866521544,0.00698251619201784
49,54,no_need,classifier,18882560,-0.004678517022966844,0.0016188106275762948,0.24904344535460118,0.0016188106275762948
49,54,no_need,fc,40970,-0.0035225418432673905,0.0016157749387275544,0.2082492821489712,0.0016157749387275544
49,9,no_need,features,14723136,-0.02308836810086845,0.0008635655524003027,1.4612236765365476,0.0008635655524003027
49,9,no_need,classifier,18882560,-0.005377927604968136,-0.0005296809480341835,0.22140635136174097,-0.0005296809480341835
49,9,no_need,fc,40970,-0.00510532576663536,-0.00029268141497595934,0.17501360979227779,-0.00029268141497595934
49,81,no_need,features,14723136,-0.006477964673322845,-0.0008781673121482925,1.4005675337287147,-0.0008781673121482925
49,81,no_need,classifier,18882560,-0.0010609033921014088,-0.000505816963993766,0.2537662461335229,-0.000505816963993766
49,81,no_need,fc,40970,-0.00020913296066282783,-0.0004920028891319816,0.20751560691320514,-0.0004920028891319816
49,94,no_support,features,14723136,0.0381628917433261,-0.00251318777150189,0.9359496800530503,-0.00251318777150189
49,94,no_support,classifier,18882560,0.016724220463402162,-0.00022539239554930646,0.2861903164183642,-0.00022539239554930646
49,94,no_support,fc,40970,0.007427923679642845,-0.0006187753274389252,0.23788460217046928,-0.0006187753274389252
49,45,no_support,features,14723136,0.021570616873162862,-0.016553527775021948,0.9573281643933371,-0.016553527775021948
49,45,no_support,classifier,18882560,0.011032540977339522,-0.001989737528447222,0.20659191825761872,-0.001989737528447222
49,45,no_support,fc,40970,0.00845301876324811,-0.0012889732001895027,0.1682002264321217,-0.0012889732001895027
49,65,active,features,14723136,0.007874035135806423,0.003072535688183109,1.5637489722168738,0.003072535688183109
49,65,active,classifier,18882560,-0.0023181705716979195,0.0031513967455794045,0.3577869097962175,0.0031513967455794045
49,65,active,fc,40970,0.0030286704532045405,0.001104642059544858,0.32312292122822156,0.001104642059544858
50,48,no_support,features,14723136,0.005988677021996124,-0.0076159884522937205,1.3430238507642804,-0.0076159884522937205
50,48,no_support,classifier,18882560,0.0028047260359471693,-0.000366398962967196,0.3307236524827869,-0.000366398962967196
50,48,no_support,fc,40970,-0.0010657651992005412,0.0009122146616391547,0.30280026403318705,0.0009122146616391547
50,43,no_need,features,14723136,-0.013102557944439042,0.007446264973339112,0.7421138192014035,0.007446264973339112
50,43,no_need,classifier,18882560,-0.003601874717105602,-0.0016740988973396043,0.18421525411204975,-0.0016740988973396043
50,43,no_need,fc,40970,0.0003431883069424657,-0.002531770762288943,0.14065869002510747,-0.002531770762288943
50,51,active,features,14723136,0.012687463570834723,0.0016577740814724962,1.2533093990653728,0.0016577740814724962
50,51,active,classifier,18882560,-0.0004208938631222736,0.0023152330170432833,0.2846197541132489,0.0023152330170432833
50,51,active,fc,40970,0.002242618578748079,0.002019525688410795,0.2436593641562633,0.002019525688410795
50,76,no_support,features,14723136,0.02607780368002821,-0.008967585533973477,1.3284041865284317,-0.008967585533973477
50,76,no_support,classifier,18882560,0.005070500936199096,-0.0013013543738225053,0.27759643315430704,-0.0013013543738225053
50,76,no_support,fc,40970,0.0074948813580704154,-0.0021171259863876912,0.21689586615242892,-0.0021171259863876912
50,99,no_need,features,14723136,-0.004918592910868824,0.006490444036813869,0.8059198365483542,0.006490444036813869
50,99,no_need,classifier,18882560,-0.0006265054817049531,0.0018961640031704974,0.23869750215552785,0.0018961640031704974
50,99,no_need,fc,40970,-0.0010768852953333408,0.0024798092563287355,0.18148438005144868,0.0024798092563287355
50,38,active,features,14723136,-0.004760332738698025,0.005992770989445617,0.8230211534097863,0.005992770989445617
50,38,active,classifier,18882560,0.0038090301534339233,0.002173702583377235,0.2440342411701679,0.002173702583377235
50,38,active,fc,40970,0.003958803019486368,0.00328281812107889,0.19966519519152362,0.00328281812107889
50,73,no_need,features,14723136,-0.006825107932193931,-0.009282176064182579,1.7208684276447275,-0.009282176064182579
50,73,no_need,classifier,18882560,-0.004495315157640789,-0.001680430075282402,0.27632721568674956,-0.001680430075282402
50,73,no_need,fc,40970,-0.008196958391636144,-0.0031744404732307885,0.22228094925015246,-0.0031744404732307885
50,89,no_support,features,14723136,0.025503340649855488,-0.005369967644682561,1.0849416897474407,-0.005369967644682561
50,89,no_support,classifier,18882560,0.025472395413089544,-0.0044388829485342285,0.3789864073490892,-0.0044388829485342285
50,89,no_support,fc,40970,0.030360721691977233,-0.0052242140809539706,0.34632187918176544,-0.0052242140809539706
50,80,active,features,14723136,0.01988862037720196,0.003961076860814927,1.7760021733222953,0.003961076860814927
50,80,active,classifier,18882560,0.0022324216439528755,0.0021135913714260823,0.34017610826343536,0.0021135913714260823
50,80,active,fc,40970,-0.001374521774778259,0.0021921162924627424,0.252382321505869,0.0021921162924627424
51,34,no_need,features,14723136,-0.013380069585704035,0.004354590302613204,1.4918316784671288,0.004354590302613204
51,34,no_need,classifier,18882560,-0.002036264095977458,-0.0006023948880340413,0.29660612978744977,-0.0006023948880340413
51,34,no_need,fc,40970,-0.00026088644517585635,0.0006410147093447449,0.2565682325059602,0.0006410147093447449
51,16,active,features,14723136,0.0373980480731575,0.005370590940341202,1.4451998839846536,0.005370590940341202
51,16,active,classifier,18882560,0.024764099755884672,0.0031950428641494,0.27130672554074997,0.0031950428641494
51,16,active,fc,40970,0.021242215159873012,0.004241362665197812,0.20936299251128518,0.004241362665197812
51,99,no_need,features,14723136,-0.18611011089325302,0.14512339135498564,0.882128813567449,0.14512339135498564
51,99,no_need,classifier,18882560,-0.022572145964659285,0.015180807632987126,0.28443577889939275,0.015180807632987126
51,99,no_need,fc,40970,-0.020308025523263495,0.011504800921102287,0.2386862493417689,0.011504800921102287
51,17,no_support,features,14723136,0.006127262148950764,-0.012690093534118319,1.0488219375388281,-0.012690093534118319
51,17,no_support,classifier,18882560,0.006147192194021045,-0.0032491080183945087,0.3279812512975202,-0.0032491080183945087
51,17,no_support,fc,40970,0.0010798250659718178,-0.0016088697975646937,0.2784051954973084,-0.0016088697975646937
51,62,no_need,features,14723136,-0.03674349143361155,0.017632340921593936,1.486790545203897,0.017632340921593936
51,62,no_need,classifier,18882560,-0.0028461410030331535,0.006583476301557312,0.3801905907102677,0.006583476301557312
51,62,no_need,fc,40970,-0.006413894712750334,0.006090170121751726,0.30677396092902814,0.006090170121751726
51,58,no_need,features,14723136,-0.01097594654586942,-0.009452888811019022,1.1350765029150642,-0.009452888811019022
51,58,no_need,classifier,18882560,-0.011384585657651769,-0.0044197789111422026,0.21320433102412462,-0.0044197789111422026
51,58,no_need,fc,40970,-0.009856070504611125,-0.0036027294227096718,0.17656026736501246,-0.0036027294227096718
51,96,no_need,features,14723136,-0.014807447813510066,0.0018893391954435401,0.7655603882096623,0.0018893391954435401
51,96,no_need,classifier,18882560,-0.005557916670113627,-0.0008613470664897704,0.15302002843559995,-0.0008613470664897704
51,96,no_need,fc,40970,-0.006195701385877328,-4.9012870931619545e-05,0.12591200410522138,-4.9012870931619545e-05
51,29,no_need,features,14723136,-0.003834288936886309,-0.008865117386669397,1.0192084467309228,-0.008865117386669397
51,29,no_need,classifier,18882560,-0.003482810336890907,-0.008114443586919151,0.21971340971230857,-0.008114443586919151
51,29,no_need,fc,40970,-0.0037182906962698326,-0.007989115747477626,0.1835877266616111,-0.007989115747477626
51,90,no_need,features,14723136,-0.014010231625576353,0.008583476374639076,0.7896696384811315,0.008583476374639076
51,90,no_need,classifier,18882560,-0.00799685969877828,0.006421675689580297,0.22319741894070683,0.006421675689580297
51,90,no_need,fc,40970,-0.0075797858808073215,0.006378191643307218,0.18705071728649403,0.006378191643307218
51,30,no_need,features,14723136,-0.00926149879596494,0.005806257884941601,0.9093342235571484,0.005806257884941601
51,30,no_need,classifier,18882560,-0.006328752002218607,0.005343276051462453,0.3156474894369902,0.005343276051462453
51,30,no_need,fc,40970,-0.0052583610522560775,0.004453753252164461,0.2550947445063714,0.004453753252164461
52,8,no_need,features,14723136,-0.006229253784358235,-0.0030345846979287217,1.8053979505673916,-0.0030345846979287217
52,8,no_need,classifier,18882560,-0.0031659726147950096,-0.002858772481431515,0.31046162911181374,-0.002858772481431515
52,8,no_need,fc,40970,-0.0062778679639450274,-0.0014784189052079455,0.22857304308859883,-0.0014784189052079455
52,59,no_support,features,14723136,0.01642717224216028,-0.004542706957291642,1.1496621110984866,-0.004542706957291642
52,59,no_support,classifier,18882560,0.009395747911185026,-0.0007881693200602058,0.19988364977175047,-0.0007881693200602058
52,59,no_support,fc,40970,0.006988770124735311,0.0010714755717344815,0.1470559874942007,0.0010714755717344815
52,78,no_support,features,14723136,0.003363667325302799,-0.00402486314280992,1.7627654788827969,-0.00402486314280992
52,78,no_support,classifier,18882560,0.014715541057739756,-0.002997282057776829,0.44261567568720167,-0.002997282057776829
52,78,no_support,fc,40970,0.008806950325379148,-0.0006933096301509067,0.36787130967159937,-0.0006933096301509067
52,95,no_support,features,14723136,0.0340074819939673,-0.00893090703541155,2.4289619773412268,-0.00893090703541155
52,95,no_support,classifier,18882560,0.012449685384581244,0.0007290631072578435,0.8100361744675951,0.0007290631072578435
52,95,no_support,fc,40970,0.010143894141947385,0.000390047642213176,0.5475756286370673,0.000390047642213176
52,25,active,features,14723136,0.016993601267984104,0.006812802873774615,1.4915493809549352,0.006812802873774615
52,25,active,classifier,18882560,-0.00047123563649620337,0.0018305037056620677,0.2695560757299434,0.0018305037056620677
52,25,active,fc,40970,-0.0060749374169972725,0.0017059673750736692,0.2227406596985146,0.0017059673750736692
52,35,no_support,features,14723136,0.03272561997172119,-0.002106450127447701,1.855345673857989,-0.002106450127447701
52,35,no_support,classifier,18882560,0.012649054157009232,-0.00048448309773618803,0.38266049412292846,-0.00048448309773618803
52,35,no_support,fc,40970,0.007381412422546418,-0.0010631197459076702,0.28636025520744035,-0.0010631197459076702
52,99,no_need,features,14723136,-0.18786936934657206,0.12822095638452424,0.7661229974900536,0.12822095638452424
52,99,no_need,classifier,18882560,-0.02481750993138121,0.007320186008200835,0.2340305893320106,0.007320186008200835
52,99,no_need,fc,40970,-0.012273802487470675,0.003130285420411383,0.17147490176806995,0.003130285420411383
52,86,active,features,14723136,0.015945776291260927,0.001471808249519313,1.5114875564920434,0.001471808249519313
52,86,active,classifier,18882560,0.007534167122685176,0.0008490055274137376,0.30263641855420237,0.0008490055274137376
52,86,active,fc,40970,0.004825142510526348,0.002009684119002486,0.23834378575378917,0.002009684119002486
52,54,active,features,14723136,0.006758849733580874,0.002729903322565619,1.329269385919747,0.002729903322565619
52,54,active,classifier,18882560,-0.0004026482674817089,0.001953363340589931,0.23040682309338123,0.001953363340589931
52,54,active,fc,40970,-0.0005021246906835586,0.0016793967724879622,0.18854472235097788,0.0016793967724879622
52,64,no_support,features,14723136,0.0015453665388847075,-0.0033854392983307946,1.1277655305322338,-0.0033854392983307946
52,64,no_support,classifier,18882560,0.004234805592659541,-0.0038488699641447965,0.25023848538870447,-0.0038488699641447965
52,64,no_support,fc,40970,0.0027915972787013743,-0.004913524873700226,0.21747760822211776,-0.004913524873700226
53,87,no_need,features,14723136,-0.016347010697892017,0.000549593953969918,1.3704342697772987,0.000549593953969918
53,87,no_need,classifier,18882560,-0.006277588960529101,0.002560107374392828,0.24433860073854977,0.002560107374392828
53,87,no_need,fc,40970,-0.004224415944918292,0.001757329706379096,0.19515500452091328,0.001757329706379096
53,42,active,features,14723136,0.008605998819389171,-0.0009373490741246826,1.39431555540986,-0.0009373490741246826
53,42,active,classifier,18882560,-0.0021302025086242793,0.003150682659565973,0.255240557937467,0.003150682659565973
53,42,active,fc,40970,-0.0018599453578644898,0.001948322611497133,0.19341512044912185,0.001948322611497133
53,55,no_need,features,14723136,-0.007625851581074983,-0.003961088943782443,1.4014816110370796,-0.003961088943782443
53,55,no_need,classifier,18882560,0.000530038974972058,-0.0003253720087172951,0.30170977988373987,-0.0003253720087172951
53,55,no_need,fc,40970,0.004622339736670256,0.00018880777224694612,0.23007467693147937,0.00018880777224694612
53,74,active,features,14723136,0.023408929064316908,0.0014300521175627523,0.7930685912281692,0.0014300521175627523
53,74,active,classifier,18882560,0.013281866123179498,6.138895440699343e-05,0.3054462115554672,6.138895440699343e-05
53,74,active,fc,40970,0.00778278820507694,0.0001628012714718352,0.28586381362138047,0.0001628012714718352
53,37,no_support,features,14723136,0.002262163745498924,-0.003417688935648755,1.0584352427350006,-0.003417688935648755
53,37,no_support,classifier,18882560,-0.0014213838883279095,0.0010665836577175014,0.2699291283942573,0.0010665836577175014
53,37,no_support,fc,40970,0.0037630304068443365,0.0005825450652992004,0.24164165524202363,0.0005825450652992004
53,10,no_need,features,14723136,-0.016258286135851563,0.004575007275695597,0.9026816388148993,0.004575007275695597
53,10,no_need,classifier,18882560,-0.006965301483432995,-0.001262509816228885,0.1811017719049397,-0.001262509816228885
53,10,no_need,fc,40970,-0.004629976485375664,-0.0009055455551560954,0.14106110078088735,-0.0009055455551560954
53,26,active,features,14723136,0.007062508418124836,0.0006938872171105004,0.8514430349341736,0.0006938872171105004
53,26,active,classifier,18882560,0.009337751615021261,0.0013091407245156006,0.17964773583242175,0.0013091407245156006
53,26,active,fc,40970,0.005314684643963119,3.648942310974235e-05,0.14586105134378494,3.648942310974235e-05
53,23,no_support,features,14723136,0.012925573924576383,-0.00435774537826461,1.0829119313734092,-0.00435774537826461
53,23,no_support,classifier,18882560,0.009239010773853806,-0.00036570369422861404,0.3280453031244449,-0.00036570369422861404
53,23,no_support,fc,40970,-0.001545535709738033,0.00032150132710739854,0.2590742638193217,0.00032150132710739854
53,57,no_need,features,14723136,-0.017107927109456966,0.001148423782421304,1.2579328818696307,0.001148423782421304
53,57,no_need,classifier,18882560,-0.02159356121228484,0.007186736117546388,0.3674618730798573,0.007186736117546388
53,57,no_need,fc,40970,-0.021963093895465136,0.006203098670084728,0.32491210210742894,0.006203098670084728
53,62,no_support,features,14723136,0.0429354769526924,-0.0025512718673113,1.2962455519172846,-0.0025512718673113
53,62,no_support,classifier,18882560,0.019484280731376202,0.0003643151501506736,0.28866510535333806,0.0003643151501506736
53,62,no_support,fc,40970,0.01724866556469351,0.0019340223370818421,0.23122483018385692,0.0019340223370818421
54,84,active,features,14723136,0.015075504002901141,0.00820059027576292,1.859220158480854,0.00820059027576292
54,84,active,classifier,18882560,0.009706376123176597,0.0022657481528085555,0.27936068764466,0.0022657481528085555
54,84,active,fc,40970,0.008674439504829934,0.002645188533278997,0.199205135388348,0.002645188533278997
54,76,no_need,features,14723136,-0.012508515736413983,-0.0061154712502009545,1.4259518405679976,-0.0061154712502009545
54,76,no_need,classifier,18882560,-0.015563365132038598,-0.0011469850834515682,0.250427417836565,-0.0011469850834515682
54,76,no_need,fc,40970,-0.017134382265794557,-0.001008846620834447,0.2019943227917718,-0.001008846620834447
54,48,no_need,features,14723136,0.012443770465544903,0.0017978491361070326,1.4837233835756238,0.0017978491361070326
54,48,no_need,classifier,18882560,-0.007293064201803645,0.0033108548814198002,0.3037440115874146,0.0033108548814198002
54,48,no_need,fc,40970,-0.007658095652004704,0.002498205314623192,0.2694298807979233,0.002498205314623192
54,68,no_support,features,14723136,0.040341874429479674,-0.014838568112612194,2.3014506630362424,-0.014838568112612194
54,68,no_support,classifier,18882560,0.00629456541264517,-0.0011057435148131844,0.3514397606511222,-0.0011057435148131844
54,68,no_support,fc,40970,0.0023480123836634448,-0.00020327662878116826,0.2618664365800319,-0.00020327662878116826
54,40,active,features,14723136,0.009295762002579977,0.001135684742088472,1.2395497173690562,0.001135684742088472
54,40,active,classifier,18882560,0.013857694028956757,0.001757301058091798,0.3433249379936259,0.001757301058091798
54,40,active,fc,40970,0.009627738341805525,0.002659717588358035,0.3031969986282742,0.002659717588358035
54,92,no_support,features,14723136,0.007938320607962622,-0.00131588778422298,4.014642679820032,-0.00131588778422298
54,92,no_support,classifier,18882560,0.004812689293430594,0.0004386967060554525,1.4337389718789286,0.0004386967060554525
54,92,no_support,fc,40970,-0.005171707452973351,-0.0003888500141329132,0.8667763515858183,-0.0003888500141329132
54,8,no_support,features,14723136,0.032857960130122876,-0.005064199783120671,2.60238845347051,-0.005064199783120671
54,8,no_support,classifier,18882560,0.008980131965927285,-0.0002696929885246391,0.3983331239553163,-0.0002696929885246391
54,8,no_support,fc,40970,0.008667100162710994,0.0008963239797594724,0.2662171156880708,0.0008963239797594724
54,42,no_need,features,14723136,-0.15775243244252124,0.051127683583391814,1.1567305044288556,0.051127683583391814
54,42,no_need,classifier,18882560,-0.027231393740294152,0.004521789240243379,0.2122070596224639,0.004521789240243379
54,42,no_need,fc,40970,-0.024844255254720338,0.00291609526539105,0.1668563845974126,0.00291609526539105
54,46,no_support,features,14723136,0.004786848108594198,-0.005674653202014213,0.9310989034669296,-0.005674653202014213
54,46,no_support,classifier,18882560,0.005320902783523707,0.0003478325048718034,0.24297246844641993,0.0003478325048718034
54,46,no_support,fc,40970,0.005575682216658606,-0.00022947841466702812,0.21196900701408827,-0.00022947841466702812
55,91,no_support,features,14723136,0.00020934748910406012,-0.006733233741599065,1.119399535565236,-0.006733233741599065
55,91,no_support,classifier,18882560,-9.321780544269131e-05,-0.004555680124212813,0.2356079929733704,-0.004555680124212813
55,91,no_support,fc,40970,0.0019856433445966104,-0.003338054310006555,0.18956004261516546,-0.003338054310006555
55,70,active,features,14723136,-0.006731278911203732,0.0062432819730382505,1.981081079739554,0.0062432819730382505
55,70,active,classifier,18882560,0.007320543283640291,0.00018300415632666045,0.3679208471301455,0.00018300415632666045
55,70,active,fc,40970,0.0014046340693312231,0.0007374148690360016,0.2759071291353531,0.0007374148690360016
55,16,no_need,features,14723136,-0.01712809248058278,-0.006137142309043497,1.4246633146575296,-0.006137142309043497
55,16,no_need,classifier,18882560,-0.0018266686788592779,-0.003841138008510825,0.2813199768100977,-0.003841138008510825
55,16,no_need,fc,40970,-0.0005718621650885325,-0.0031071589946805034,0.22145985667830032,-0.0031071589946805034
55,58,no_support,features,14723136,0.009877898901567761,-0.01010620365162751,0.94121159960596,-0.01010620365162751
55,58,no_support,classifier,18882560,0.003264114620833425,-0.004192868134396122,0.18871585286964326,-0.004192868134396122
55,58,no_support,fc,40970,0.000780518084866344,-0.003462913953626412,0.1510800197252157,-0.003462913953626412
55,10,no_support,features,14723136,0.009288816063801164,-0.004224254835616392,1.551742050116153,-0.004224254835616392
55,10,no_support,classifier,18882560,-0.00035276580456411466,0.0005754458618980607,0.23495518403269372,0.0005754458618980607
55,10,no_support,fc,40970,0.0009264805157727096,0.0005170368099243206,0.1801590012765362,0.0005170368099243206
55,35,no_support,features,14723136,0.023068273915029636,-0.005789312962452442,2.0223742466352554,-0.005789312962452442
55,35,no_support,classifier,18882560,0.001997363826376386,0.0004898994516082666,0.4052236171000925,0.0004898994516082666
55,35,no_support,fc,40970,0.00252432048364426,-0.0002570386732259067,0.2925046050978064,-0.0002570386732259067
55,31,no_need,features,14723136,-0.014299848320476373,0.0008276818649335382,1.3066835516169257,0.0008276818649335382
55,31,no_need,classifier,18882560,-0.004033076144878578,-0.0007138013431813306,0.2296585239329759,-0.0007138013431813306
55,31,no_need,fc,40970,-0.003357158879225608,-0.0006022887157541845,0.1751798885809797,-0.0006022887157541845
55,86,no_support,features,14723136,0.01448118287834177,-0.00736209111981978,1.1591979084468012,-0.00736209111981978
55,86,no_support,classifier,18882560,0.003111571185399953,-0.0003266938719548307,0.2989257460828194,-0.0003266938719548307
55,86,no_support,fc,40970,0.0008673327629367122,-0.0010332546098652529,0.24834045893808193,-0.0010332546098652529
55,62,no_support,features,14723136,0.031566573870904335,-0.010652060127434027,2.0347855567323596,-0.010652060127434027
55,62,no_support,classifier,18882560,0.005444172715215245,-0.0020799679061838106,0.35190714191820127,-0.0020799679061838106
55,62,no_support,fc,40970,0.0015953705224092118,-0.0008811038305793772,0.26866086865627015,-0.0008811038305793772
55,54,no_support,features,14723136,0.008265575896267308,0.0010154803334874174,1.1672853723135876,0.0010154803334874174
55,54,no_support,classifier,18882560,0.0053704731644756976,-0.001426054209254346,0.2614393504955614,-0.001426054209254346
55,54,no_support,fc,40970,0.00615814875709475,-0.0023635369980183896,0.2207173718634628,-0.0023635369980183896
56,32,no_need,features,14723136,-0.022741394083908517,0.012358025631897362,1.3870126907137992,0.012358025631897362
56,32,no_need,classifier,18882560,-0.018214059902675217,0.0075964685570397705,0.25220936721246395,0.0075964685570397705
56,32,no_need,fc,40970,-0.016535119924810715,0.005475116206071107,0.18412484712892765,0.005475116206071107
56,41,no_need,features,14723136,-0.01706449364601781,0.012574964041995429,1.1973389692847456,0.012574964041995429
56,41,no_need,classifier,18882560,-0.012379462157696253,0.007945655196635926,0.2175884876734826,0.007945655196635926
56,41,no_need,fc,40970,-0.011896564086782746,0.007404632058751304,0.17443429396809085,0.007404632058751304
56,20,no_need,features,14723136,-0.024209898655001894,-0.00024384682746259045,1.3833919455914758,-0.00024384682746259045
56,20,no_need,classifier,18882560,-0.019134443771690712,0.0008230664360553419,0.30277809362871017,0.0008230664360553419
56,20,no_need,fc,40970,-0.012996261721127667,0.0005440283457573969,0.24454891587389796,0.0005440283457573969
56,75,no_need,features,14723136,-0.007261981912073168,-0.0032145820205045084,0.656765450888296,-0.0032145820205045084
56,75,no_need,classifier,18882560,0.0001909702286866377,-0.0007824142992376437,0.13711222543713644,-0.0007824142992376437
56,75,no_need,fc,40970,0.00016841959586599842,-0.0003253431032135268,0.11139465142131397,-0.0003253431032135268
56,69,active,features,14723136,0.011081479379271286,0.002720712751249188,1.408428742432142,0.002720712751249188
56,69,active,classifier,18882560,0.008218574345391971,0.0019188261348972446,0.25750881142027454,0.0019188261348972446
56,69,active,fc,40970,0.006571257392351981,0.0017316670055151917,0.20797564994961917,0.0017316670055151917
56,62,no_need,features,14723136,-0.5339226572048119,0.20668946040987635,1.5981876653629359,0.20668946040987635
56,62,no_need,classifier,18882560,-0.03265703164106526,0.01209129887411109,0.36197352877389516,0.01209129887411109
56,62,no_need,fc,40970,-0.018586862504889723,0.007147469226765679,0.27437601359165964,0.007147469226765679
56,74,no_need,features,14723136,-0.0010332459007216244,-0.004069981324043681,0.7293173313177517,-0.004069981324043681
56,74,no_need,classifier,18882560,-0.007497583161466537,0.0026275531548094477,0.3108521804883264,0.0026275531548094477
56,74,no_need,fc,40970,-0.001648728040891001,0.00398767696970026,0.2482227805570525,0.00398767696970026
56,38,no_need,features,14723136,-0.014756009818949423,-0.006726875323970205,0.9911789780662504,-0.006726875323970205
56,38,no_need,classifier,18882560,-0.01347304545561201,-0.006735879580446635,0.27211446264531575,-0.006735879580446635
56,38,no_need,fc,40970,-0.008190913325961446,-0.0057522640490788035,0.2106455344460093,-0.0057522640490788035
56,80,no_need,features,14723136,-0.03060829645377794,-0.004030580309816401,2.2869978743148063,-0.004030580309816401
56,80,no_need,classifier,18882560,-0.018903587761997187,-0.0026735047440524795,0.36427405924725603,-0.0026735047440524795
56,80,no_need,fc,40970,-0.01606063223880483,-0.0015642622747691348,0.27561749531125346,-0.0015642622747691348
56,58,no_need,features,14723136,-0.2794536854216858,0.19701384785059872,0.8203320744729917,0.19701384785059872
56,58,no_need,classifier,18882560,-0.031105737118195975,0.01772681379043206,0.2242995871869327,0.01772681379043206
56,58,no_need,fc,40970,-0.023073808741173707,0.011657283379463479,0.18605442116328064,0.011657283379463479
57,89,no_need,features,14723136,-0.005636663018592003,0.00823150124098504,1.137152049473022,0.00823150124098504
57,89,no_need,classifier,18882560,0.0007313490909837128,0.004987384162632225,0.37435134060138814,0.004987384162632225
57,89,no_need,fc,40970,-0.001378787189423747,0.004591101976984646,0.3549869978171795,0.004591101976984646
57,84,no_support,features,14723136,0.011332714601822504,-0.002949524730777142,1.374812742335515,-0.002949524730777142
57,84,no_support,classifier,18882560,0.005623903584137224,-0.00156289828169065,0.25247273303931306,-0.00156289828169065
57,84,no_support,fc,40970,0.004722689958725823,-0.0011299014167889254,0.1974267214016108,-0.0011299014167889254
57,16,active,features,14723136,0.025236972523401846,0.005671656974673311,1.0004682631555009,0.005671656974673311
57,16,active,classifier,18882560,0.005811374006498227,0.0002064887495549783,0.2799662859873794,0.0002064887495549783
57,16,active,fc,40970,0.005235451306361938,0.00048241913100355305,0.2357164380550834,0.00048241913100355305
57,97,no_support,features,14723136,0.0066326329421002575,-0.0065494816534776845,1.5104099438769107,-0.0065494816534776845
57,97,no_support,classifier,18882560,0.006556861965236749,-0.0033136298476392767,0.26760984642067115,-0.0033136298476392767
57,97,no_support,fc,40970,0.004550431607640348,-0.002215433773017139,0.20130188005607483,-0.002215433773017139
57,67,no_need,features,14723136,-0.005370493031122692,-0.0018954195213432001,1.2961465706997806,-0.0018954195213432001
57,67,no_need,classifier,18882560,-0.003075228852253531,-0.0014976408663187613,0.2428144581851481,-0.0014976408663187613
57,67,no_need,fc,40970,-0.004467648202989949,-0.0012255985448064166,0.204914241899867,-0.0012255985448064166
57,41,no_need,features,14723136,-0.23389662609699258,0.12180964971532404,1.2037455535037578,0.12180964971532404
57,41,no_need,classifier,18882560,-0.004980076886340612,0.0003647285285524049,0.19017040631238083,0.0003647285285524049
57,41,no_need,fc,40970,-0.0015609974580002017,-0.0009483610338065773,0.14062393875392182,-0.0009483610338065773
57,38,no_need,features,14723136,-0.06295638514643542,0.01825199474365391,0.8530384498558012,0.01825199474365391
57,38,no_need,classifier,18882560,-0.016196241145735257,-0.0033374055569765915,0.21946457279857903,-0.0033374055569765915
57,38,no_need,fc,40970,-0.011361976314219646,-0.0026922113211185206,0.1731559974340592,-0.0026922113211185206
57,59,active,features,14723136,0.008521016038223195,0.002309428691038562,1.0507396545726362,0.002309428691038562
57,59,active,classifier,18882560,0.001910451922071843,0.0011143658203991436,0.20008591235550405,0.0011143658203991436
57,59,active,fc,40970,0.001787022165444796,0.0003717991060057102,0.15854874413234624,0.0003717991060057102
57,60,active,features,14723136,0.004045462350038775,0.008779476048658807,1.3029519189628065,0.008779476048658807
57,60,active,classifier,18882560,0.0032635929223943094,0.00882676835226448,0.2881529941459437,0.00882676835226448
57,60,active,fc,40970,0.003228980156563921,0.006747328392521013,0.22316953601911302,0.006747328392521013
58,59,no_need,features,14723136,-0.2745116581984348,0.14455502484725002,1.2569585158413095,0.14455502484725002
58,59,no_need,classifier,18882560,-0.024245904016424902,0.009585987334503443,0.2328512668510751,0.009585987334503443
58,59,no_need,fc,40970,-0.015991870270227082,0.005516168728718185,0.19072494763349518,0.005516168728718185
58,21,no_need,features,14723136,-0.0004482238972443025,-0.008193859476570253,1.5903472376215733,-0.008193859476570253
58,21,no_need,classifier,18882560,-0.002773787834371433,-0.007188733695329574,0.3164428196306775,-0.007188733695329574
58,21,no_need,fc,40970,-0.004779482052981621,-0.004827380336791975,0.23921295467447823,-0.004827380336791975
58,34,no_need,features,14723136,-0.013852112036499165,0.015457507796483583,1.4786558869294233,0.015457507796483583
58,34,no_need,classifier,18882560,-0.007532328527759091,0.0064227386012589704,0.28450298726666373,0.0064227386012589704
58,34,no_need,fc,40970,-0.006465852560722851,0.0049483375005365815,0.25906880835791557,0.0049483375005365815
58,35,no_support,features,14723136,0.056403669717298044,-0.01874215714002858,1.5885164173536235,-0.01874215714002858
58,35,no_support,classifier,18882560,0.024312293806360685,-0.005612296217805124,0.26519899760328874,-0.005612296217805124
58,35,no_support,fc,40970,0.0201501776027726,-0.0040233152503788006,0.21270446091016765,-0.0040233152503788006
58,95,no_need,features,14723136,0.00122511699815675,0.004199231546795801,2.900869453495602,0.004199231546795801
58,95,no_need,classifier,18882560,-0.025872673236335686,0.003156874489832262,0.9209372306156359,0.003156874489832262
58,95,no_need,fc,40970,-0.022447308918344788,0.0015257524682965595,0.6223023763444827,0.0015257524682965595
58,41,no_need,features,14723136,-0.35159158686849423,0.1809897516086778,1.1842248657451775,0.1809897516086778
58,41,no_need,classifier,18882560,-0.013188459380216955,0.008585994271925301,0.1789223822801949,0.008585994271925301
58,41,no_need,fc,40970,-0.0077000406290608225,0.005844484141562134,0.1380037427724722,0.005844484141562134
58,9,no_support,features,14723136,0.014469637567167126,-0.013885824039135741,1.3295886987507348,-0.013885824039135741
58,9,no_support,classifier,18882560,0.003177481017246464,-0.0036442194459596067,0.19719284086438332,-0.0036442194459596067
58,9,no_support,fc,40970,0.0009345032767669181,-0.002037542868492892,0.1514321391665089,-0.002037542868492892
58,12,no_need,features,14723136,-0.02880623008563532,0.009029387107894138,1.6612956138149224,0.009029387107894138
58,12,no_need,classifier,18882560,-0.014537023781485914,0.0016392856894071883,0.29322070540444956,0.0016392856894071883
58,12,no_need,fc,40970,-0.014040879184904043,0.000607550256063405,0.21243563591863565,0.000607550256063405
58,47,no_need,features,14723136,0.0019645801452981013,-0.01420814657360836,1.695216556085114,-0.01420814657360836
58,47,no_need,classifier,18882560,-0.007628750152548491,-0.005088712308406684,0.2906027529162966,-0.005088712308406684
58,47,no_need,fc,40970,-0.0076839970315631945,-0.003990237859397894,0.2374707019511927,-0.003990237859397894
58,42,active,features,14723136,0.013549350101115467,0.006187044752874016,1.4270624478075835,0.006187044752874016
58,42,active,classifier,18882560,0.00834007460889552,0.003820750759132352,0.1933381358523956,0.003820750759132352
58,42,active,fc,40970,0.005776659723778721,0.0025827097679211874,0.1394432923658009,0.0025827097679211874
59,88,no_support,features,14723136,0.004965915914013408,-0.0012283563579007506,1.3093205218953394,-0.0012283563579007506
59,88,no_support,classifier,18882560,0.0023050516397233878,0.0006187395046168831,0.26514195033691595,0.0006187395046168831
59,88,no_support,fc,40970,0.0020470937251957366,-0.00012309009389355197,0.20939750267312604,-0.00012309009389355197
59,78,no_need,features,14723136,-0.00987922549520448,-0.008420300092140565,1.0043475239037674,-0.008420300092140565
59,78,no_need,classifier,18882560,-0.0013416771291758778,-0.0009349362439081688,0.34171757809055575,-0.0009349362439081688
59,78,no_need,fc,40970,0.0027228203189224587,-0.0004252162732427678,0.30746339291319214,-0.0004252162732427678
59,75,active,features,14723136,0.009107719684422477,0.0019717862323229696,1.0311766830428795,0.0019717862323229696
59,75,active,classifier,18882560,0.004609871376260344,0.0007821944200827602,0.1644469180864443,0.0007821944200827602
59,75,active,fc,40970,0.0022095618787716376,0.0013335578614714905,0.12933967615171832,0.0013335578614714905
59,43,active,features,14723136,0.008572754770838742,0.01468441354941774,0.844897226835858,0.01468441354941774
59,43,active,classifier,18882560,0.001117070282361965,0.0071206947568498435,0.16083467432099785,0.0071206947568498435
59,43,active,fc,40970,-0.0001946483616848127,0.004029703650303418,0.13314367838467386,0.004029703650303418
59,57,no_need,features,14723136,0.0008232692885883353,0.0025560125872772232,1.1518282010808176,0.0025560125872772232
59,57,no_need,classifier,18882560,-0.0024166143080037727,-0.001464851489714647,0.29704041046341423,-0.001464851489714647
59,57,no_need,fc,40970,6.508491787826642e-05,-0.0015709662893641507,0.24160826927380538,-0.0015709662893641507
59,63,no_need,features,14723136,-0.006108991462951963,-0.0030522354244411076,1.58391691291355,-0.0030522354244411076
59,63,no_need,classifier,18882560,-0.001945921879382695,0.0012491615648286825,0.32057796365906044,0.0012491615648286825
59,63,no_need,fc,40970,0.0041908403818524675,0.0009730883216434449,0.2498022323777433,0.0009730883216434449
59,34,no_need,features,14723136,-0.37691334516762254,0.15820394973644625,1.5073544007534427,0.15820394973644625
59,34,no_need,classifier,18882560,-0.032809609361720504,0.007701868158164871,0.31289844597111005,0.007701868158164871
59,34,no_need,fc,40970,-0.02864436333766207,0.005228394906225731,0.2838904240597361,0.005228394906225731
59,79,no_need,features,14723136,-0.00022824303960078353,-0.0015069911571998773,1.3044699288572137,-0.0015069911571998773
59,79,no_need,classifier,18882560,-0.002894058286528889,-0.002230125119126569,0.30203544147747957,-0.002230125119126569
59,79,no_need,fc,40970,0.0027507899067131802,-0.0008027939998100919,0.25973635169999515,-0.0008027939998100919
59,17,no_support,features,14723136,0.006259051471651843,-0.004252314347255037,0.9587888558018395,-0.004252314347255037
59,17,no_support,classifier,18882560,0.0024702808734673454,-0.001416617953509558,0.32681399539606815,-0.001416617953509558
59,17,no_support,fc,40970,0.0048446057553519495,-0.0006169295575091382,0.2672350526239424,-0.0006169295575091382
59,93,no_support,features,14723136,0.013185833784334022,-0.001230015365436543,1.5706099572614671,-0.001230015365436543
59,93,no_support,classifier,18882560,0.008353294193511829,-6.250816228714484e-05,0.29680155805474906,-6.250816228714484e-05
59,93,no_support,fc,40970,0.0058911599990096875,0.0006480309764356207,0.24365087426412343,0.0006480309764356207
60,76,no_need,features,14723136,0.006692658170678101,0.0001920514156346087,1.6153720727202712,0.0001920514156346087
60,76,no_need,classifier,18882560,-0.004689690586474171,0.00048329888895182194,0.24162047986888538,0.00048329888895182194
60,76,no_need,fc,40970,-0.0038729001862520818,8.064020653364423e-05,0.17897112874088364,8.064020653364423e-05
60,35,no_support,features,14723136,0.04970651111726454,-0.014827587985436708,1.6055688196933555,-0.014827587985436708
60,35,no_support,classifier,18882560,0.017313991964329034,-0.004626777461680831,0.2945655790776461,-0.004626777461680831
60,35,no_support,fc,40970,0.019802283262833953,-0.00431056314118905,0.24104232640660472,-0.00431056314118905
60,9,no_need,features,14723136,0.0023701084880656254,0.0001650313053609409,1.41747717664086,0.0001650313053609409
60,9,no_need,classifier,18882560,-0.009905614959279774,0.00044408355023506374,0.2325095290775795,0.00044408355023506374
60,9,no_need,fc,40970,-0.008669305258081295,-0.0002014603855968744,0.1803697366161929,-0.0002014603855968744
60,75,no_need,features,14723136,-0.25821162711037005,0.17272534765737646,1.0084328552538326,0.17272534765737646
60,75,no_need,classifier,18882560,-0.006523233373798121,0.007278604945895495,0.18663132420655407,0.007278604945895495
60,75,no_need,fc,40970,-0.007613516356286709,0.005776227280875901,0.14751370799537242,0.005776227280875901
60,32,no_need,features,14723136,-0.004165384662968563,-0.006197996549843765,0.9012728281504008,-0.006197996549843765
60,32,no_need,classifier,18882560,-0.0018199414908508516,0.0008237506339696665,0.18263362045047693,0.0008237506339696665
60,32,no_need,fc,40970,-0.0017609874776098877,0.0014162882007440203,0.14120582568263743,0.0014162882007440203
60,97,no_need,features,14723136,-0.014993551974299633,0.0035328401114327335,1.5408248368420039,0.0035328401114327335
60,97,no_need,classifier,18882560,-0.006163222875329666,-0.0010773692522860756,0.2744421914180528,-0.0010773692522860756
60,97,no_need,fc,40970,-0.0061320141358010005,-0.0015410650355534017,0.20578321615390818,-0.0015410650355534017
60,53,no_need,features,14723136,-0.020769824312310448,0.0054237251687361265,1.033425093813055,0.0054237251687361265
60,53,no_need,classifier,18882560,-0.005473818428981758,0.002246443021590494,0.2775249795612245,0.002246443021590494
60,53,no_need,fc,40970,-0.0051823134017467964,0.0017500231278972933,0.24188918598018955,0.0017500231278972933
60,72,no_support,features,14723136,0.008148934791670117,-0.0010386636236319191,1.10552968889915,-0.0010386636236319191
60,72,no_support,classifier,18882560,0.0001231224845810175,-0.0015189685686891607,0.2074585340020551,-0.0015189685686891607
60,72,no_support,fc,40970,0.0018511563575884793,-0.0015691630424043979,0.1579184752219945,-0.0015691630424043979
60,27,no_support,features,14723136,0.012671105146516481,-0.007222242629183029,1.1691266512189298,-0.007222242629183029
60,27,no_support,classifier,18882560,0.005982194314128719,-0.0010216279848691556,0.1843807902852458,-0.0010216279848691556
60,27,no_support,fc,40970,0.004458183684619144,0.00025826491400948726,0.13608114886300376,0.00025826491400948726
60,91,no_need,features,14723136,-0.010081447942710042,-0.0038870036433173993,1.0508197651549223,-0.0038870036433173993
60,91,no_need,classifier,18882560,-0.0002278671520343778,-0.0015156475454887186,0.22036700609144538,-0.0015156475454887186
60,91,no_need,fc,40970,-0.0033281938167419867,-0.0016576100551901618,0.17393630382215608,-0.0016576100551901618
61,60,no_need,features,14723136,-0.004592115377931787,1.0601066414039906e-05,1.3103084771841647,1.0601066414039906e-05
61,60,no_need,classifier,18882560,-0.0045425748476191075,-0.0032923151243267057,0.2858857606873769,-0.0032923151243267057
61,60,no_need,fc,40970,-0.0009454629525862401,-0.0024421447087661363,0.2235903130178391,-0.0024421447087661363
61,14,no_need,features,14723136,-0.0387166341533316,0.002839614319523065,1.5346179909194477,0.002839614319523065
61,14,no_need,classifier,18882560,-0.019062003892940993,0.0008510203232390268,0.27648852810858127,0.0008510203232390268
61,14,no_need,fc,40970,-0.015796242892974988,-0.0001785379846523938,0.2193089627239372,-0.0001785379846523938
61,9,no_need,features,14723136,-0.24172316753342216,0.12181299482122654,0.9645941412182186,0.12181299482122654
61,9,no_need,classifier,18882560,-0.006859088237320066,0.009746945339429658,0.14729981267599318,0.009746945339429658
61,9,no_need,fc,40970,-0.004906719232167234,0.004451260003406787,0.11302635885069172,0.004451260003406787
61,43,no_need,features,14723136,-0.04693126175641282,0.027476315684808128,0.9268046220256045,0.027476315684808128
61,43,no_need,classifier,18882560,-0.01512932854348037,0.0054139275466695835,0.21824677467390177,0.0054139275466695835
61,43,no_need,fc,40970,-0.008178394753485918,0.002190329792938428,0.16771791018235138,0.002190329792938428
61,15,no_need,features,14723136,-0.021179571683120457,0.0004933752983049544,1.4645400157099229,0.0004933752983049544
61,15,no_need,classifier,18882560,-0.010921652039542096,-0.002201889191610462,0.2628490049669377,-0.002201889191610462
61,15,no_need,fc,40970,-0.006709789180604275,-0.003167273065628251,0.19591274105408227,-0.003167273065628251
61,68,active,features,14723136,0.04480876366933728,0.0034199852200984537,2.063648678637316,0.0034199852200984537
61,68,active,classifier,18882560,0.01792188906802039,0.001538071938966823,0.29135167870284995,0.001538071938966823
61,68,active,fc,40970,0.013701346171728801,0.0012304312390369887,0.21447788084754132,0.0012304312390369887
61,44,no_support,features,14723136,0.024752697752454367,-0.0063626322742109664,1.6063863198907142,-0.0063626322742109664
61,44,no_support,classifier,18882560,-0.0027128451383759966,-0.001876135291809078,0.25206265550387347,-0.001876135291809078
61,44,no_support,fc,40970,-0.008057489118073136,-0.001984491396797239,0.2250953673424267,-0.001984491396797239
61,65,no_need,features,14723136,-0.010852743159830449,0.008971784621962797,1.6018643990909047,0.008971784621962797
61,65,no_need,classifier,18882560,-0.006341375913507363,0.00514305211095234,0.3191760882346666,0.00514305211095234
61,65,no_need,fc,40970,-0.0027387424124754034,0.0037841722933080746,0.27168641466859267,0.0037841722933080746
61,89,no_support,features,14723136,0.0078991240376638,-0.0006048447613622443,1.0224691146660825,-0.0006048447613622443
61,89,no_support,classifier,18882560,0.0028207269711799654,-0.0018865148115310149,0.32895701326390386,-0.0018865148115310149
61,89,no_support,fc,40970,0.006284404686084599,-0.002832016275533533,0.2983563628516635,-0.002832016275533533
62,67,no_support,features,14723136,0.00578413181855808,-0.002581940435856467,1.3259205367610738,-0.002581940435856467
62,67,no_support,classifier,18882560,-0.000237745597921446,0.001300053791510436,0.20608116930193543,0.001300053791510436
62,67,no_support,fc,40970,0.001786777438610443,0.0012312988419580506,0.16450350395128638,0.0012312988419580506
62,28,active,features,14723136,0.009298745513195428,0.0036096137480896573,0.556765465418529,0.0036096137480896573
62,28,active,classifier,18882560,-0.0014553755227666443,-5.0543610122133487e-05,0.2996390733773139,-5.0543610122133487e-05
62,28,active,fc,40970,-0.0034596523619256914,-0.0015693290215494926,0.22925660909053966,-0.0015693290215494926
62,93,no_need,features,14723136,0.003956259133218509,-0.007849620258042478,1.4186679889843123,-0.007849620258042478
62,93,no_need,classifier,18882560,-0.009362508945287118,-0.0012513309889712332,0.267128840051319,-0.0012513309889712332
62,93,no_need,fc,40970,-0.008149270328431157,-0.0020126513663853984,0.21382134831674718,-0.0020126513663853984
62,30,no_need,features,14723136,-0.004729459942304004,-0.0016439705559019302,0.8619855047302479,-0.0016439705559019302
62,30,no_need,classifier,18882560,-0.0049840594733723265,0.0005248250780738317,0.26640353218366636,0.0005248250780738317
62,30,no_need,fc,40970,-0.006293399375863373,-0.00031390454387292266,0.20485196522017668,-0.00031390454387292266
62,71,active,features,14723136,0.01110983685828515,0.008372821759863314,0.8057162462851472,0.008372821759863314
62,71,active,classifier,18882560,0.0036727460105794307,0.00330006319882159,0.18823626431569213,0.00330006319882159
62,71,active,fc,40970,0.005030915388488211,0.0033799114571593236,0.1601450671967155,0.0033799114571593236
62,78,no_support,features,14723136,0.01507333488117979,-0.002671325692269022,1.7012122404959653,-0.002671325692269022
62,78,no_support,classifier,18882560,0.002482280632648326,-0.0008724758314997416,0.37447039359265993,-0.0008724758314997416
62,78,no_support,fc,40970,0.004484427638089983,-0.0002190662307839375,0.30805448466010743,-0.0002190662307839375
62,48,no_need,features,14723136,-0.010050767477352451,0.008032960443703274,1.3236510015537135,0.008032960443703274
62,48,no_need,classifier,18882560,-0.006736255067380625,0.0039579913780016795,0.27581448131100295,0.0039579913780016795
62,48,no_need,fc,40970,-0.00823809774738038,0.0035644540930661606,0.2405249080106773,0.0035644540930661606
62,25,no_support,features,14723136,0.004907095719971722,-0.005711857914910468,1.4686074419476998,-0.005711857914910468
62,25,no_support,classifier,18882560,0.0015848656000798655,-0.00019233652443517713,0.2534126676567049,-0.00019233652443517713
62,25,no_support,fc,40970,-0.00036633018589782296,-0.0017516115194666781,0.1868088003555504,-0.0017516115194666781
63,61,no_support,features,14723136,0.04164838035189433,-0.010404176551391586,0.8805353864366962,-0.010404176551391586
63,61,no_support,classifier,18882560,0.025994128027377883,-0.0012921875595566235,0.2859088041364854,-0.0012921875595566235
63,61,no_support,fc,40970,0.02038727440231014,0.0002624951769121253,0.2316318798183433,0.0002624951769121253
63,63,no_support,features,14723136,0.048503609001727455,-0.0022004419227066307,2.0517638517437726,-0.0022004419227066307
63,63,no_support,classifier,18882560,0.008923993160351529,0.0010032995323570049,0.3546221584381322,0.0010032995323570049
63,63,no_support,fc,40970,0.009659541508881375,6.91474010636739e-05,0.27451459669567546,6.91474010636739e-05
63,89,active,features,14723136,0.003554758095340561,0.003134757831668722,1.107896502170169,0.003134757831668722
63,89,active,classifier,18882560,0.00016039630929753912,0.005099750892213706,0.3069228713726756,0.005099750892213706
63,89,active,fc,40970,-0.0027489338935993146,0.0050183763341919985,0.2818099380455344,0.0050183763341919985
63,0,no_support,features,14723136,0.021865905116499107,-0.004702821085370346,1.4093042058383476,-0.004702821085370346
63,0,no_support,classifier,18882560,0.0014923112801170646,0.0009482588255878,0.3503829606123099,0.0009482588255878
63,0,no_support,fc,40970,0.00484324392164126,-0.0005085863194835838,0.3171504260234992,-0.0005085863194835838
63,99,no_need,features,14723136,-0.007675529107117995,-0.018840146652117085,0.4187656219646358,-0.018840146652117085
63,99,no_need,classifier,18882560,-0.010781878688703728,-0.009406739663518238,0.17074407481725526,-0.009406739663518238
63,99,no_need,fc,40970,-0.00794598928769119,-0.006534789594297763,0.12875609944865068,-0.006534789594297763
63,42,no_need,features,14723136,-0.009068696032343837,0.010590175363134335,1.4573598096062488,0.010590175363134335
63,42,no_need,classifier,18882560,-0.0037826793336535047,0.002597842057411981,0.24504771844571555,0.002597842057411981
63,42,no_need,fc,40970,-0.002059842754079,0.001418333775291103,0.19570354601832368,0.001418333775291103
63,76,active,features,14723136,0.00018008604097374814,0.006118588009151438,1.214357907515932,0.006118588009151438
63,76,active,classifier,18882560,0.0027368949051833624,0.00021389816440375853,0.19528759983434044,0.00021389816440375853
63,76,active,fc,40970,0.003135509032290429,0.0003443217308358726,0.15565570051965047,0.0003443217308358726
63,81,no_need,features,14723136,-0.04141709905889002,0.011446341638645663,1.2433898950108127,0.011446341638645663
63,81,no_need,classifier,18882560,-0.015802494172930892,0.005306340873403315,0.24422641194286682,0.005306340873403315
63,81,no_need,fc,40970,-0.015344081286457367,0.004535782676612143,0.2067853310800178,0.004535782676612143
63,9,no_need,features,14723136,-0.006914063933741942,0.008744766303564688,1.1126250684907488,0.008744766303564688
63,9,no_need,classifier,18882560,-0.0034482102071251575,0.0035036829979162576,0.1631556144151815,0.0035036829979162576
63,9,no_need,fc,40970,-0.0019051038416364463,0.0029066365532344207,0.12729438752063868,0.0029066365532344207
64,14,no_support,features,14723136,0.009250252798963745,-0.012165808666157574,1.4509230600996645,-0.012165808666157574
64,14,no_support,classifier,18882560,-0.001252107961818183,-0.003731735444603146,0.2290368805428888,-0.003731735444603146
64,14,no_support,fc,40970,-0.0015273804369826394,-0.0034184917403763393,0.17185164585960633,-0.0034184917403763393
64,22,active,features,14723136,0.0036372507837860715,0.0025209956031897462,1.411005848717573,0.0025209956031897462
64,22,active,classifier,18882560,-0.0010861969044526631,0.0017219427813870425,0.28469875209226336,0.0017219427813870425
64,22,active,fc,40970,-0.0014432013576879399,0.0005045700863774982,0.21744319005470675,0.0005045700863774982
64,8,no_support,features,14723136,0.038197878855811496,-0.004823968550141444,1.3848817593048266,-0.004823968550141444
64,8,no_support,classifier,18882560,0.007901794519057148,-0.0031133876907460944,0.24326253580274557,-0.0031133876907460944
64,8,no_support,fc,40970,0.012496009811002295,-0.003293198086339544,0.19798546333563544,-0.003293198086339544
64,93,no_need,features,14723136,-0.0006735608900036993,0.005489748386107607,0.8663261378884232,0.005489748386107607
64,93,no_need,classifier,18882560,-0.003148665650314797,-0.0020232137726452493,0.146455322860997,-0.0020232137726452493
64,93,no_need,fc,40970,-0.00033146488885904546,-0.0010152588747587288,0.11638886137507237,-0.0010152588747587288
64,29,no_need,features,14723136,-0.03310134669986553,0.009575297143499029,0.9055004236028172,0.009575297143499029
64,29,no_need,classifier,18882560,-0.011185415803993237,0.003576655691858832,0.262340462755023,0.003576655691858832
64,29,no_need,fc,40970,-0.015542318447842263,0.0047298924164351774,0.22150394410906338,0.0047298924164351774
64,90,active,features,14723136,0.013753947267197475,1.1030005229173412e-05,0.8411913496342074,1.1030005229173412e-05
64,90,active,classifier,18882560,0.011621221627592604,0.003064251995624545,0.21976557271092922,0.003064251995624545
64,90,active,fc,40970,0.011259738093940541,0.0032712039446778363,0.17028448244609573,0.0032712039446778363
64,73,no_support,features,14723136,0.042754468599326856,-0.008558213382833912,1.597295876336463,-0.008558213382833912
64,73,no_support,classifier,18882560,0.013869060930574051,-0.0008615663157627296,0.2598633213011375,-0.0008615663157627296
64,73,no_support,fc,40970,0.014732529627508484,0.00038953999182922416,0.20627473878868777,0.00038953999182922416
64,28,no_support,features,14723136,0.03845229784768378,-0.03419728282261758,0.8772315387952118,-0.03419728282261758
64,28,no_support,classifier,18882560,0.02759840336511843,-0.009402067787050328,0.37450102566395294,-0.009402067787050328
64,28,no_support,fc,40970,0.02530710253631696,-0.008022923175303731,0.30345363695822236,-0.008022923175303731
64,57,no_need,features,14723136,-0.013832821173096477,-0.0030655587612820057,1.1289871961733515,-0.0030655587612820057
64,57,no_need,classifier,18882560,-0.009353247357466898,0.0006450927309060717,0.2941099711194652,0.0006450927309060717
64,57,no_need,fc,40970,-0.013780541419691872,0.0011914775714103598,0.25636375501581476,0.0011914775714103598
64,58,active,features,14723136,0.019346368498190714,0.002569302274771701,0.6299887324404815,0.002569302274771701
64,58,active,classifier,18882560,0.009385552676121733,0.0022790301336499397,0.15572111743432704,0.0022790301336499397
64,58,active,fc,40970,0.008376628829864785,0.0023213706499518594,0.1308231891990753,0.0023213706499518594
65,16,no_support,features,14723136,0.02495947897756423,-0.008294198988810564,1.0141994853647258,-0.008294198988810564
65,16,no_support,classifier,18882560,0.00758688538462593,-0.000515079918613992,0.24149860546556537,-0.000515079918613992
65,16,no_support,fc,40970,0.002622695035825018,-0.0009388603139086626,0.19993784044057764,-0.0009388603139086626
65,90,no_need,features,14723136,-0.1336308051790951,0.10486382858897514,0.8485735588615514,0.10486382858897514
65,90,no_need,classifier,18882560,-0.022777532034524484,0.010637206946285005,0.23991753516976302,0.010637206946285005
65,90,no_need,fc,40970,-0.01787818956654519,0.00870437198318541,0.20009044478854152,0.00870437198318541
65,78,no_support,features,14723136,0.0022006447533797777,-0.0035148592234079956,0.9654907685820938,-0.0035148592234079956
65,78,no_support,classifier,18882560,-0.002841069719124789,-0.0006752431252436963,0.2681228930570358,-0.0006752431252436963
65,78,no_support,fc,40970,0.0007852245780668454,-0.0008812683995529369,0.256779113652936,-0.0008812683995529369
65,23,no_need,features,14723136,-0.00863264799139074,0.00037455913094675,0.8981811028074529,0.00037455913094675
65,23,no_need,classifier,18882560,-0.002790401359106909,-0.001469682217020818,0.33413879728671675,-0.001469682217020818
65,23,no_need,fc,40970,0.003278386453530402,-0.0010108161877724342,0.27278648837274494,-0.0010108161877724342
65,55,no_need,features,14723136,-0.014804416359098127,-0.003504050603329034,1.5038235803223592,-0.003504050603329034
65,55,no_need,classifier,18882560,-0.008401785084060975,0.000895806008998079,0.3205905801099311,0.000895806008998079
65,55,no_need,fc,40970,-0.005621704876830336,-0.0001431968812539708,0.2447746614402131,-0.0001431968812539708
65,61,no_support,features,14723136,0.05851869441146107,-0.023061641548309808,1.0021293013168064,-0.023061641548309808
65,61,no_support,classifier,18882560,0.024535609237318567,-0.004258735167354644,0.3000017471162874,-0.004258735167354644
65,61,no_support,fc,40970,0.015582338346575852,-0.0037449089304573135,0.24487486157120458,-0.0037449089304573135
65,31,no_support,features,14723136,0.016117673248672304,-0.003701942333268704,1.212872938707893,-0.003701942333268704
65,31,no_support,classifier,18882560,0.005756429361326809,0.00130269535327443,0.21540360336805828,0.00130269535327443
65,31,no_support,fc,40970,0.003847108677291544,0.0017102101646742085,0.16354412702365106,0.0017102101646742085
65,0,no_support,features,14723136,0.0338238469618517,-0.0033031211620553336,1.3321344513933675,-0.0033031211620553336
65,0,no_support,classifier,18882560,0.0016596772672414772,0.001379251427977124,0.2823370856839655,0.001379251427977124
65,0,no_support,fc,40970,0.00015027412155177444,0.0004393198832985945,0.24065129431835316,0.0004393198832985945
65,11,no_need,features,14723136,-0.038147880831360226,0.009231074137748152,1.6028960095025957,0.009231074137748152
65,11,no_need,classifier,18882560,-0.012826886831135198,0.001014097451957241,0.27173523856955234,0.001014097451957241
65,11,no_need,fc,40970,-0.015108094543393236,0.002955830140308535,0.22097757576799817,0.002955830140308535
65,82,no_support,features,14723136,0.013653846225722077,-0.006337260429123859,2.399842828590349,-0.006337260429123859
65,82,no_support,classifier,18882560,0.0016513556013251218,0.0003433960385024193,0.38248261990645893,0.0003433960385024193
65,82,no_support,fc,40970,0.004516255841735983,0.0005293360795803892,0.2890242573150097,0.0005293360795803892
66,28,active,features,14723136,0.028600188595007126,0.004350132811406837,0.6438596503087803,0.004350132811406837
66,28,active,classifier,18882560,0.025124242079073156,0.005160579720723035,0.30804964370659965,0.005160579720723035
66,28,active,fc,40970,0.022634059816482477,0.004674637268180959,0.2433531296757781,0.004674637268180959
66,65,no_need,features,14723136,-0.0016356899940035419,-0.002282955205380688,1.620770529560451,-0.002282955205380688
66,65,no_need,classifier,18882560,-0.01117106380252153,-0.0004217813057039166,0.2862798968612523,-0.0004217813057039166
66,65,no_need,fc,40970,-0.007340858122915961,-0.0003226301530503406,0.2301374954958519,-0.0003226301530503406
66,16,no_need,features,14723136,-0.41645194590813617,0.2290515495556349,1.3834002323595291,0.2290515495556349
66,16,no_need,classifier,18882560,-0.019557479359718855,0.007446373753509761,0.25621654419492257,0.007446373753509761
66,16,no_need,fc,40970,-0.010170026042032987,0.0032620275374029006,0.18329650722085536,0.0032620275374029006
66,72,active,features,14723136,0.010135100245381777,-0.0003335978548406615,1.0825317614826657,-0.0003335978548406615
66,72,active,classifier,18882560,-0.0028587653200702334,0.003917578812888678,0.2508249540845927,0.003917578812888678
66,72,active,fc,40970,-0.00035374105664232047,0.0026638696381269256,0.19777537949708604,0.0026638696381269256
66,11,no_need,features,14723136,-0.8875795282039007,0.3288995149363245,2.0482135966319417,0.3288995149363245
66,11,no_need,classifier,18882560,-0.0183456770309931,0.008929104863227622,0.28335860406384605,0.008929104863227622
66,11,no_need,fc,40970,-0.006040660326107172,0.005063960305051296,0.1974745334667598,0.005063960305051296
66,36,no_need,features,14723136,-0.007306779324878223,-0.009305485135421065,1.5433130229138534,-0.009305485135421065
66,36,no_need,classifier,18882560,-0.00677017658654222,-0.0015212722828437109,0.30268115699593395,-0.0015212722828437109
66,36,no_need,fc,40970,-0.00721381331095472,-0.0012944237132614944,0.2435782691201114,-0.0012944237132614944
66,19,no_support,features,14723136,-0.0009401209028965223,-0.0022211548486232857,1.444039165541158,-0.0022211548486232857
66,19,no_support,classifier,18882560,-5.3645152632952886e-05,-0.0022420112555892047,0.21693984403548222,-0.0022420112555892047
66,19,no_support,fc,40970,0.0011660404707072303,-0.0017520135425002081,0.15713268990192386,-0.0017520135425002081
66,51,no_need,features,14723136,-0.021493383933275823,-0.015379586044689475,1.210931088467666,-0.015379586044689475
66,51,no_need,classifier,18882560,-0.00813362603821588,-0.004696283537441559,0.26408720656660817,-0.004696283537441559
66,51,no_need,fc,40970,-0.006436778319766745,-0.0038068986741564004,0.22980820185720835,-0.0038068986741564004
66,81,active,features,14723136,0.019015964430622034,0.0054253891344657745,1.2952716720040682,0.0054253891344657745
66,81,active,classifier,18882560,0.010138881467355532,0.004288070100415098,0.20740263279067014,0.004288070100415098
66,81,active,fc,40970,0.00821858472772874,0.0054514971907337895,0.15837060305964787,0.0054514971907337895
66,53,no_need,features,14723136,-0.03335548302318614,-0.006372842298699055,0.924219960196772,-0.006372842298699055
66,53,no_need,classifier,18882560,-0.018139586285542464,-0.002557545918307369,0.24384156385502506,-0.002557545918307369
66,53,no_need,fc,40970,-0.013542081753257662,-0.002966578944324283,0.20779276467926058,-0.002966578944324283
67,53,no_need,features,14723136,-0.14389501268448157,0.0928597392568733,0.8983166897168929,0.0928597392568733
67,53,no_need,classifier,18882560,-0.010706833510084834,-0.0009601236081380193,0.20396234579037603,-0.0009601236081380193
67,53,no_need,fc,40970,-0.007886700113886036,-0.001644918946112739,0.17156500213310327,-0.001644918946112739
67,63,no_support,features,14723136,0.0106424419217106,-0.006343764625022175,1.563476194543046,-0.006343764625022175
67,63,no_support,classifier,18882560,0.0033963978648898774,-0.0016106277416270132,0.2951469459843813,-0.0016106277416270132
67,63,no_support,fc,40970,0.003934563326765783,-0.0018264525297126966,0.23508977452414934,-0.0018264525297126966
67,96,no_need,features,14723136,-0.008401750983173528,0.004087518374651822,0.7482434301805261,0.004087518374651822
67,96,no_need,classifier,18882560,-0.00032178898322854366,0.0010021164027875784,0.19058092830657575,0.0010021164027875784
67,96,no_need,fc,40970,0.0034690053726080805,-0.0017220410645677475,0.15886587203902272,-0.0017220410645677475
67,28,no_need,features,14723136,-0.051186880195388085,0.0650502568752529,0.5301183341312101,0.0650502568752529
67,28,no_need,classifier,18882560,-0.013018944022860524,0.0028416707409917308,0.2968450380368943,0.0028416707409917308
67,28,no_need,fc,40970,-0.011520862302859314,0.0021481231415236834,0.24499054989076155,0.0021481231415236834
67,78,no_support,features,14723136,0.07787081271428065,-0.014099412965066449,1.840254117009063,-0.014099412965066449
67,78,no_support,classifier,18882560,0.024607053042927873,0.0007894205249954211,0.3017003367860079,0.0007894205249954211
67,78,no_support,fc,40970,0.02247176819946617,0.0017360805122734746,0.2516250529676283,0.0017360805122734746
67,90,no_need,features,14723136,-0.013935558522774727,0.0036698089866185057,0.6871940202728235,0.0036698089866185057
67,90,no_need,classifier,18882560,-0.009048409191564133,-0.0011057929431501634,0.16169087984182737,-0.0011057929431501634
67,90,no_need,fc,40970,-0.007233798241941258,-0.0035288589879201027,0.126213726364152,-0.0035288589879201027
67,58,no_need,features,14723136,0.0020130207868547245,0.0072151346019637685,0.89699036618839,0.0072151346019637685
67,58,no_need,classifier,18882560,-0.0038590257968706965,0.0022549052576437134,0.2054680043736492,0.0022549052576437134
67,58,no_need,fc,40970,-0.005678261408320395,0.0035621008955786237,0.1733876861614342,0.0035621008955786237
67,73,no_need,features,14723136,-0.012134167801377771,0.0024628302306339833,1.79108895174553,0.0024628302306339833
67,73,no_need,classifier,18882560,-0.007524044276124187,0.0023595757248813243,0.2641460285867158,0.0023595757248813243
67,73,no_need,fc,40970,-0.010176168449106626,0.002169639979911153,0.2064186498038988,0.002169639979911153
67,34,no_need,features,14723136,0.005600354111830798,0.0038215940094197265,1.5088740199561617,0.0038215940094197265
67,34,no_need,classifier,18882560,-0.00308748329109676,0.0022487718866841533,0.21298146746514682,0.0022487718866841533
67,34,no_need,fc,40970,-0.004830665890040109,0.0007841696306059021,0.18029434066542502,0.0007841696306059021
67,4,active,features,14723136,0.014824045627840121,0.004550014281541337,0.97750540251484,0.004550014281541337
67,4,active,classifier,18882560,0.010665436923773086,0.002756537939831105,0.2495314419828783,0.002756537939831105
67,4,active,fc,40970,0.010649224936059909,0.001891996810627461,0.22158946650390812,0.001891996810627461
68,38,no_support,features,14723136,0.013237299586982942,-0.006019986634747454,0.7924953068272428,-0.006019986634747454
68,38,no_support,classifier,18882560,0.004125422025254011,0.00039700633834627297,0.15166457896673488,0.00039700633834627297
68,38,no_support,fc,40970,0.004084683168912306,0.0002920811484727892,0.11587907770605461,0.0002920811484727892
68,57,no_need,features,14723136,-0.036180014220732915,0.010954843985690133,1.1953883017581888,0.010954843985690133
68,57,no_need,classifier,18882560,-0.02048101924265211,0.0034453586033578176,0.279367137836856,0.0034453586033578176
68,57,no_need,fc,40970,-0.012456658245355356,0.002203503987402655,0.2289027276994802,0.002203503987402655
68,22,no_need,features,14723136,-0.003717809759962165,-0.0037817953850804997,1.5243516329285447,-0.0037817953850804997
68,22,no_need,classifier,18882560,-0.002562776184674931,0.0017656866093034296,0.27695987253218035,0.0017656866093034296
68,22,no_need,fc,40970,-0.0020551757552311756,0.0017704208357827156,0.20575591734134993,0.0017704208357827156
68,41,no_need,features,14723136,-0.014005135973548022,0.010574506555922625,0.8676976760019923,0.010574506555922625
68,41,no_need,classifier,18882560,-0.010164805562453694,0.003961829195304745,0.16194893587152223,0.003961829195304745
68,41,no_need,fc,40970,-0.008395339442358818,0.0022638189252575103,0.12962123028161748,0.0022638189252575103
68,70,no_need,features,14723136,-0.017063872758342313,-0.006658841310663632,2.597198823076837,-0.006658841310663632
68,70,no_need,classifier,18882560,-0.007019516209766152,-0.0035139644389801106,0.4420230773514885,-0.0035139644389801106
68,70,no_need,fc,40970,-0.0026973327667292324,-0.003293083584139822,0.3215795337314739,-0.003293083584139822
68,39,no_need,features,14723136,-0.02590898374837991,0.01173206107625191,1.509503795763526,0.01173206107625191
68,39,no_need,classifier,18882560,-0.007972262993462209,0.0023975285841970617,0.2444074736493719,0.0023975285841970617
68,39,no_need,fc,40970,-0.0054726302150811534,0.002110166716192907,0.19191715295053177,0.002110166716192907
68,10,no_need,features,14723136,-0.00336949467951797,0.0021537791556198727,0.7287253892552569,0.0021537791556198727
68,10,no_need,classifier,18882560,-0.0016177580673684133,-0.0012332794954943438,0.17589621129638397,-0.0012332794954943438
68,10,no_need,fc,40970,0.0006648410599154886,-0.0013803814294988115,0.1393815529248494,-0.0013803814294988115
68,5,no_need,features,14723136,-0.009772127946945377,0.0028421073537785446,1.5310452208539258,0.0028421073537785446
68,5,no_need,classifier,18882560,-0.0028459067362973656,0.0024536422881737963,0.30729867899510976,0.0024536422881737963
68,5,no_need,fc,40970,0.0011066116985603003,0.0023072194680935354,0.25445267597202936,0.0023072194680935354
68,17,no_support,features,14723136,0.004846653379416919,-0.001759082572192483,1.0153556841283569,-0.001759082572192483
68,17,no_support,classifier,18882560,0.010684131802918273,5.784910896977635e-05,0.3577340934161379,5.784910896977635e-05
68,17,no_support,fc,40970,0.007946752553834813,0.0002484665710653644,0.3082724596092966,0.0002484665710653644
68,32,active,features,14723136,0.03212349867337139,0.00023619028610966097,1.1240629860946274,0.00023619028610966097
68,32,active,classifier,18882560,0.00912876386246353,0.0008594418017793259,0.24054872494611437,0.0008594418017793259
68,32,active,fc,40970,0.005749012067099102,0.0013444658934531617,0.17871578067818342,0.0013444658934531617
69,60,no_support,features,14723136,-0.0004882468378362146,0.0018633649413644093,1.1543061113101631,0.0018633649413644093
69,60,no_support,classifier,18882560,0.004205516895126493,-0.0017317340547151616,0.23025176338591857,-0.0017317340547151616
69,60,no_support,fc,40970,0.0026578827055345755,-0.0019308230766910128,0.1802386682785341,-0.0019308230766910128
69,67,no_need,features,14723136,-0.007108154799965404,-0.003534499412010561,1.4039121248225426,-0.003534499412010561
69,67,no_need,classifier,18882560,-0.00376894998453281,-0.0018643152941990593,0.2098875446926803,-0.0018643152941990593
69,67,no_need,fc,40970,-0.0025029661774169654,-0.0016665660041326191,0.17361999630594876,-0.0016665660041326191
69,48,active,features,14723136,0.006062355578816179,0.0024063292057476815,1.6193526116279509,0.0024063292057476815
69,48,active,classifier,18882560,-0.0007892186284834679,0.003352394514763546,0.26828199987031676,0.003352394514763546
69,48,active,fc,40970,0.004599440180754755,0.0031057934302225476,0.24286861255198572,0.0031057934302225476
69,59,no_support,features,14723136,0.005605653147256362,-0.0026078951337993317,1.2133406439490875,-0.0026078951337993317
69,59,no_support,classifier,18882560,0.003288869196012456,0.0016823470602957968,0.1986574238996865,0.0016823470602957968
69,59,no_support,fc,40970,0.0021520819664146984,0.0007193669416665216,0.1536112272613457,0.0007193669416665216
69,46,no_support,features,14723136,0.029448630271673437,-0.012149306937065063,0.800389363515613,-0.012149306937065063
69,46,no_support,classifier,18882560,0.02238115918225958,-0.008045191380006145,0.3234059435738033,-0.008045191380006145
69,46,no_support,fc,40970,0.015319524398364592,-0.00626116182320402,0.27574259757965114,-0.00626116182320402
69,94,active,features,14723136,0.010464907309710723,0.00021966946277274246,0.9403368502288453,0.00021966946277274246
69,94,active,classifier,18882560,0.00986037263965045,0.003266804663326184,0.2730766055345656,0.003266804663326184
69,94,active,fc,40970,0.0013829147665092023,0.0030663938541692914,0.20940036307025675,0.0030663938541692914
69,22,no_need,features,14723136,-0.5255568735573206,0.20824373404491325,1.4966986179360733,0.20824373404491325
69,22,no_need,classifier,18882560,-0.04465938255816582,0.007059694686859075,0.28910870610418243,0.007059694686859075
69,22,no_need,fc,40970,-0.029177705888287164,0.004347724324361479,0.2164248371173601,0.004347724324361479
69,29,no_support,features,14723136,0.020733951017774643,-0.011160692744113021,0.9254482628946584,-0.011160692744113021
69,29,no_support,classifier,18882560,0.007476636594674346,-0.004165184654993936,0.25067114156967507,-0.004165184654993936
69,29,no_support,fc,40970,0.0023453020221495535,-0.0038654496129311156,0.2034568370712837,-0.0038654496129311156
69,53,no_support,features,14723136,0.02097168831445373,-0.004051429938350282,0.898336871656597,-0.004051429938350282
69,53,no_support,classifier,18882560,0.005442109310934029,0.0008173731219471847,0.18982684793377053,0.0008173731219471847
69,53,no_support,fc,40970,0.0051984785532113165,0.0012266071416888735,0.1662423219926739,0.0012266071416888735
69,97,no_support,features,14723136,0.021228776708362318,-0.014608852755117141,1.406300081688656,-0.014608852755117141
69,97,no_support,classifier,18882560,0.008867568597452191,-0.005138045277590209,0.22935194456893884,-0.005138045277590209
69,97,no_support,fc,40970,0.0038264889444690198,-0.003230989914300153,0.15892800071120436,-0.003230989914300153
70,61,no_need,features,14723136,-0.06380744870713784,0.012709624066616243,1.023953378529892,0.012709624066616243
70,61,no_need,classifier,18882560,-0.028250485003809445,0.004564953371300362,0.31685291726611375,0.004564953371300362
70,61,no_need,fc,40970,-0.01570120364340255,0.003234554629671038,0.2582810562607628,0.003234554629671038
70,33,no_need,features,14723136,0.0003546483332570456,0.00030143260244130943,2.153326225403789,0.00030143260244130943
70,33,no_need,classifier,18882560,-0.002350861216314115,-0.0017447357208482117,0.3688425158079065,-0.0017447357208482117
70,33,no_need,fc,40970,-0.004890031690592878,-0.0020445795853447635,0.2773491283488362,-0.0020445795853447635
70,76,no_support,features,14723136,0.03395272396713267,-0.012008227059476795,1.4574890483990777,-0.012008227059476795
70,76,no_support,classifier,18882560,0.00920080610740115,-0.0032058463698376727,0.23175538880026011,-0.0032058463698376727
70,76,no_support,fc,40970,0.0070234317863651086,-0.002504430347471498,0.18862799210324693,-0.002504430347471498
70,48,no_need,features,14723136,-0.5837383376659773,0.2514594800060763,1.4705562248903428,0.2514594800060763
70,48,no_need,classifier,18882560,-0.02775499532435788,0.017396155702954275,0.28043435488143165,0.017396155702954275
70,48,no_need,fc,40970,-0.0240926946644322,0.010993345917086117,0.26276073795509813,0.010993345917086117
70,37,no_need,features,14723136,-0.04437054038646693,-0.0018250190767190588,1.0100752794314052,-0.0018250190767190588
70,37,no_need,classifier,18882560,-0.01782910422753048,-0.0036070606215616863,0.2676724055758701,-0.0036070606215616863
70,37,no_need,fc,40970,-0.014729182767041493,-0.00499776856850076,0.24769184933096774,-0.00499776856850076
70,54,no_need,features,14723136,-0.0022081268704567947,-0.010232606703915792,1.3204249008169775,-0.010232606703915792
70,54,no_need,classifier,18882560,-0.0008556986459780092,-0.004712262321618255,0.2717828054341172,-0.004712262321618255
70,54,no_need,fc,40970,0.0005883312023797771,-0.00456495313483174,0.22451972079151647,-0.00456495313483174
70,38,no_need,features,14723136,-0.026135460446198522,0.0015511815108339988,0.7708872722572436,0.0015511815108339988
70,38,no_need,classifier,18882560,-0.011237695989620988,0.002858850306211025,0.20106957421338556,0.002858850306211025
70,38,no_need,fc,40970,-0.007165032515331404,0.0023119117604437633,0.15913493896526998,0.0023119117604437633
70,13,active,features,14723136,0.003913752868150766,0.0155790323780991,1.0544087994307028,0.0155790323780991
70,13,active,classifier,18882560,0.0016696359944035066,0.008593556259711477,0.19124162490211286,0.008593556259711477
70,13,active,fc,40970,-0.0014519423948513577,0.005260401241685031,0.15297878883205313,0.005260401241685031
70,8,no_need,features,14723136,-0.005299464919303888,-0.008254474022535874,1.1743836915402859,-0.008254474022535874
70,8,no_need,classifier,18882560,-0.003919112626817878,-0.00204230127314986,0.1994113288268462,-0.00204230127314986
70,8,no_need,fc,40970,-0.003551823064299242,-0.0008107226321953931,0.16194571179009723,-0.0008107226321953931
70,39,no_need,features,14723136,0.0020157501175646067,0.007035918761765458,1.400530605662263,0.007035918761765458
70,39,no_need,classifier,18882560,-0.004794677167978989,0.0014959635153672934,0.22628920786047207,0.0014959635153672934
70,39,no_need,fc,40970,-0.004630823081242852,0.0006814561488681647,0.17392842355219154,0.0006814561488681647
71,31,no_need,features,14723136,-0.0073658654159203234,0.006613928016836468,1.248846963877443,0.006613928016836468
71,31,no_need,classifier,18882560,-0.004493578961955791,0.0031305133225032478,0.21986634912013564,0.0031305133225032478
71,31,no_need,fc,40970,-0.0028297838325670455,0.002101343775393616,0.1696324621668148,0.002101343775393616
71,88,no_support,features,14723136,0.0202489010176663,-0.02067877850575428,1.212274714540082,-0.02067877850575428
71,88,no_support,classifier,18882560,0.009531232690278557,-0.006688195624064974,0.20745283731924233,-0.006688195624064974
71,88,no_support,fc,40970,0.0056963506031024735,-0.0030435035969276214,0.15624518889977465,-0.0030435035969276214
71,91,no_support,features,14723136,0.02947451556838132,-0.004318629439218569,1.0807477927260716,-0.004318629439218569
71,91,no_support,classifier,18882560,0.016353334607629222,-0.0035458515494610765,0.2459665236357158,-0.0035458515494610765
71,91,no_support,fc,40970,0.008190123066015076,-0.0011283276389804087,0.1842824643701127,-0.0011283276389804087
71,25,no_need,features,14723136,-0.0036736856236458957,-0.00644305812352286,1.6771483968170648,-0.00644305812352286
71,25,no_need,classifier,18882560,-0.0025938462849808275,-0.0031787218003955786,0.263880257342435,-0.0031787218003955786
71,25,no_need,fc,40970,0.0004570703749777749,-0.0018769302951113787,0.2004594737318756,-0.0018769302951113787
71,50,no_need,features,14723136,-0.004110586482319434,-0.0037152413966410336,2.028964756532283,-0.0037152413966410336
71,50,no_need,classifier,18882560,-0.0019581158379651242,-0.0014938934862129827,0.3312934397795658,-0.0014938934862129827
71,50,no_need,fc,40970,-0.001372817136143567,-0.0005202959573580301,0.24601925260894228,-0.0005202959573580301
71,95,no_support,features,14723136,0.02732223877966078,-0.005579198921832784,5.565755441159033,-0.005579198921832784
71,95,no_support,classifier,18882560,-0.002757054664016323,0.00035554516983893336,0.7603306918554219,0.00035554516983893336
71,95,no_support,fc,40970,-0.0019009423995157704,0.0005612163849946228,0.5167836084171389,0.0005612163849946228
71,67,no_support,features,14723136,0.0360941926599736,-0.010849433023377486,1.690195728638085,-0.010849433023377486
71,67,no_support,classifier,18882560,0.010633240349307016,-0.0018015635031360944,0.27095914165357426,-0.0018015635031360944
71,67,no_support,fc,40970,0.007005752751865657,0.00012553152191685513,0.21714453717832083,0.00012553152191685513
71,45,no_need,features,14723136,0.00045733359694111295,0.0003288500735223465,0.964212251820198,0.0003288500735223465
71,45,no_need,classifier,18882560,-0.002976961286265123,0.004059649403416188,0.24070653314858462,0.004059649403416188
71,45,no_need,fc,40970,-0.004466992060770281,0.002598552298877621,0.21566003016781507,0.002598552298877621
71,80,no_need,features,14723136,0.006090705963458731,-0.0032544589602405694,2.4559227799368935,-0.0032544589602405694
71,80,no_need,classifier,18882560,-0.005296673976772581,-0.001022131617901323,0.32728653276030917,-0.001022131617901323
71,80,no_need,fc,40970,-0.0016066336938820314,-0.0002801595553592051,0.22588475978126477,-0.0002801595553592051
71,70,no_support,features,14723136,0.026516723409784504,-0.004449133728442689,2.306803255838018,-0.004449133728442689
71,70,no_support,classifier,18882560,0.0017776231964035105,-0.00023928823229368845,0.41645792167161355,-0.00023928823229368845
71,70,no_support,fc,40970,0.004159777457971359,-1.7730835679685697e-06,0.2801749827211355,-1.7730835679685697e-06
72,3,no_need,features,14723136,7.413157546309803e-05,-0.0026180253385277297,0.8910081272429,-0.0026180253385277297
72,3,no_need,classifier,18882560,0.00014810600066539337,-0.0008523374959850116,0.17379230559419973,-0.0008523374959850116
72,3,no_need,fc,40970,-0.001723980044516793,-0.0005026698254368966,0.14972721989098203,-0.0005026698254368966
72,23,no_support,features,14723136,0.018437848952453706,-0.015522844714737971,0.8962887459549943,-0.015522844714737971
72,23,no_support,classifier,18882560,0.0002542914407399621,-0.004367624854467067,0.30948072875216287,-0.004367624854467067
72,23,no_support,fc,40970,0.0028971786123292986,-0.002981991257001937,0.2677496200419917,-0.002981991257001937
72,17,no_need,features,14723136,0.0020372333091955843,-0.01467019827576621,0.887790119287351,-0.01467019827576621
72,17,no_need,classifier,18882560,-0.011044169252272695,-0.006412499234329516,0.33004176926751216,-0.006412499234329516
72,17,no_need,fc,40970,-0.011618457188887987,-0.00613959476686432,0.27225593565644884,-0.00613959476686432
72,94,no_support,features,14723136,0.021936225216947495,-0.012021812526651132,0.9576332712106504,-0.012021812526651132
72,94,no_support,classifier,18882560,0.0029115797573240343,-0.0035103029929359764,0.33478558104526346,-0.0035103029929359764
72,94,no_support,fc,40970,0.004863124828261789,-0.0019709234748006565,0.24445649515348966,-0.0019709234748006565
72,61,active,features,14723136,0.01443316315589982,0.029038508028094157,0.6565768638959711,0.029038508028094157
72,61,active,classifier,18882560,0.008301366821342526,0.005248648800261435,0.21858151434926482,0.005248648800261435
72,61,active,fc,40970,0.004732714834972285,0.004381011953228153,0.1785214839116406,0.004381011953228153
72,43,no_support,features,14723136,0.007417395291000162,-0.023106049038759124,0.728448799598125,-0.023106049038759124
72,43,no_support,classifier,18882560,0.004312262558414659,-0.006062418241981504,0.12825397187689147,-0.006062418241981504
72,43,no_support,fc,40970,0.0043327175444574095,-0.00368135775988776,0.09379597510730546,-0.00368135775988776
72,63,active,features,14723136,0.025560148150724153,0.004342835153689606,2.2017828451446264,0.004342835153689606
72,63,active,classifier,18882560,0.006305006918410072,0.0010577825937048146,0.3218208703766447,0.0010577825937048146
72,63,active,fc,40970,0.007085370700224303,0.0005062921236458351,0.2384340411856329,0.0005062921236458351
72,91,no_need,features,14723136,-0.17396230484570196,0.10595546098170416,1.1220601774544474,0.10595546098170416
72,91,no_need,classifier,18882560,-0.013441096693441068,0.006470557059174098,0.23441294122257003,0.006470557059174098
72,91,no_need,fc,40970,-0.009654690315073822,0.0046843216059642145,0.1850186524798291,0.0046843216059642145
72,37,no_support,features,14723136,0.03238991431685179,-0.007165246707879547,1.2534890496078517,-0.007165246707879547
72,37,no_support,classifier,18882560,0.011316140398776042,-0.00032270459831806875,0.271463325838194,-0.00032270459831806875
72,37,no_support,fc,40970,0.00904693549091462,9.950764251698274e-06,0.22167340890200074,9.950764251698274e-06
72,84,no_support,features,14723136,0.026491075525179042,-0.016614659867464354,1.0763572417110374,-0.016614659867464354
72,84,no_support,classifier,18882560,0.0071103123984812555,-0.0045106504915111145,0.2060685432867219,-0.0045106504915111145
72,84,no_support,fc,40970,0.005765731077190139,-0.004737116034448263,0.1684674360639988,-0.004737116034448263
73,11,no_support,features,14723136,0.05162148688573609,-0.005554495454461517,1.4886962909496162,-0.005554495454461517
73,11,no_support,classifier,18882560,0.016209905042160244,-0.001074258397082417,0.20718152739661905,-0.001074258397082417
73,11,no_support,fc,40970,0.015427761478349566,-0.0018636200547916815,0.16241692079336584,-0.0018636200547916815
73,73,no_support,features,14723136,0.07419908262443187,-0.006095220725022443,1.5862275428808705,-0.006095220725022443
73,73,no_support,classifier,18882560,0.01933340162213426,-0.0009102209903630865,0.22105089341378595,-0.0009102209903630865
73,73,no_support,fc,40970,0.01451957687822869,0.0005598771040240536,0.16754385040199943,0.0005598771040240536
73,78,no_support,features,14723136,0.04502227533579628,-0.015551193827036514,1.2271731869729108,-0.015551193827036514
73,78,no_support,classifier,18882560,0.017112609268224332,-0.005666152936782964,0.3231230036764592,-0.005666152936782964
73,78,no_support,fc,40970,0.0013481362766469829,-0.0038796129683760228,0.29084978212519164,-0.0038796129683760228
73,47,active,features,14723136,-0.0007330463386594505,0.0032772300708696633,1.6639914008313723,0.0032772300708696633
73,47,active,classifier,18882560,0.006447816175750631,0.0008917455076016267,0.26351782008554053,0.0008917455076016267
73,47,active,fc,40970,0.0012557015379570657,0.002878686367694172,0.21117912412257603,0.002878686367694172
73,45,no_need,features,14723136,-0.02657077981690037,0.001861079867651938,0.9185992622102473,0.001861079867651938
73,45,no_need,classifier,18882560,-0.0013581901240513616,0.003034148260951497,0.18596674450343628,0.003034148260951497
73,45,no_need,fc,40970,0.0032392149187217,0.004378873207315337,0.1396646518355758,0.004378873207315337
73,83,no_support,features,14723136,0.04393184271052064,-0.013917266459447575,1.0815617476878032,-0.013917266459447575
73,83,no_support,classifier,18882560,0.009950204965207377,-0.00032268364458332144,0.25885637381152515,-0.00032268364458332144
73,83,no_support,fc,40970,0.008719460740394425,-0.0011564733399609395,0.21988237942476177,-0.0011564733399609395
73,36,no_need,features,14723136,-0.03568831428856356,-0.0011997964604830713,1.6175032091232815,-0.0011997964604830713
73,36,no_need,classifier,18882560,-0.023246211027071695,-0.00275120799801698,0.2876825115181074,-0.00275120799801698
73,36,no_need,fc,40970,-0.01793896281742491,-0.0032462808667332865,0.218498389553277,-0.0032462808667332865
73,75,no_need,features,14723136,-0.008123261439948237,-0.009731031762687081,0.6087803343850035,-0.009731031762687081
73,75,no_need,classifier,18882560,-0.012177382927347935,-0.003000294898924949,0.1501665030927791,-0.003000294898924949
73,75,no_need,fc,40970,-0.00847824229276739,-0.003097910472206422,0.11836728757545797,-0.003097910472206422
73,91,no_need,features,14723136,-0.22415355581659924,0.13775531261566698,1.074324790562516,0.13775531261566698
73,91,no_need,classifier,18882560,-0.01775389059821464,0.008357332534387751,0.2139494109051356,0.008357332534387751
73,91,no_need,fc,40970,-0.012789380158210406,0.006908529616339365,0.16538183586848362,0.006908529616339365
73,57,active,features,14723136,0.02948062243498839,0.008180257000418578,1.1691864848193152,0.008180257000418578
73,57,active,classifier,18882560,0.0065206079507333925,0.00492507954015764,0.2765878583659793,0.00492507954015764
73,57,active,fc,40970,-0.0059542663002503105,0.004907753260340542,0.24029662471325738,0.004907753260340542
74,46,no_support,features,14723136,0.05403174375011588,-0.025651935690156336,1.0605643125299706,-0.025651935690156336
74,46,no_support,classifier,18882560,0.008988842761027627,-0.00935072130369008,0.35694369765428174,-0.00935072130369008
74,46,no_support,fc,40970,0.003552282913005911,-0.005774015939095989,0.3005401460492618,-0.005774015939095989
74,54,no_need,features,14723136,-0.014646114176095182,0.025395834119905203,1.1432558425302777,0.025395834119905203
74,54,no_need,classifier,18882560,-0.0011960237441144272,0.012008939519091655,0.19330135027833098,0.012008939519091655
74,54,no_need,fc,40970,0.0018880996058214805,0.007226113208162133,0.15352737645526512,0.007226113208162133
74,66,active,features,14723136,-0.00017681417767789493,0.003118892611208679,1.3596745324480528,0.003118892611208679
74,66,active,classifier,18882560,0.003467328496697064,0.0025450349456832555,0.2522149877770063,0.0025450349456832555
74,66,active,fc,40970,0.006441832621931098,0.001429788636187368,0.20083719646578294,0.001429788636187368
74,62,active,features,14723136,0.01290172603002304,0.0039609549560530866,1.6119217510511594,0.0039609549560530866
74,62,active,classifier,18882560,0.004805810667221522,0.003311603081101566,0.3159057520086675,0.003311603081101566
74,62,active,fc,40970,0.0039449699615943246,0.002540567144023953,0.25822351542628463,0.002540567144023953
74,96,active,features,14723136,0.010915476960175141,0.021160184147873906,0.8830346062550252,0.021160184147873906
74,96,active,classifier,18882560,0.003609012262813849,0.013361707024159841,0.20842973461794,0.013361707024159841
74,96,active,fc,40970,0.0039013221885397797,0.006801903316954849,0.178558949342541,0.006801903316954849
74,49,no_support,features,14723136,0.00979593119946287,-0.005461061567139325,1.318243161997426,-0.005461061567139325
74,49,no_support,classifier,18882560,0.0067805196149492986,-0.007650382826341229,0.228526079620912,-0.007650382826341229
74,49,no_support,fc,40970,0.004162880381045397,-0.0067040666690445505,0.17994134314230162,-0.0067040666690445505
74,24,no_need,features,14723136,-0.03556477204051589,0.00356968839878391,1.308183548341017,0.00356968839878391
74,24,no_need,classifier,18882560,-0.03126341599454463,-0.0002348051167189169,0.2968881892443738,-0.0002348051167189169
74,24,no_need,fc,40970,-0.02345023704401683,-0.001088408988834999,0.24478911360755057,-0.001088408988834999
74,75,no_need,features,14723136,-0.14983530642473397,0.17291487123247862,0.6839285289121149,0.17291487123247862
74,75,no_need,classifier,18882560,-0.0035431225448974146,0.015683927684222,0.1127605372658136,0.015683927684222
74,75,no_need,fc,40970,0.000373243834474124,0.008368435330339707,0.08048376306920038,0.008368435330339707
74,60,no_support,features,14723136,0.06605172070663912,-0.03157107037706908,1.1401738255791525,-0.03157107037706908
74,60,no_support,classifier,18882560,0.024217619495175313,-0.009390142196025408,0.28718407704939886,-0.009390142196025408
74,60,no_support,fc,40970,0.011134057225717697,-0.005133403035870288,0.21990600894432322,-0.005133403035870288
74,52,no_need,features,14723136,-0.00936221091488676,0.002496780147412281,1.2718541946337676,0.002496780147412281
74,52,no_need,classifier,18882560,-0.004035695602851774,-0.005395973530539777,0.26440768009802373,-0.005395973530539777
74,52,no_need,fc,40970,8.90605770109687e-05,-0.0030840930448903237,0.21551564994941041,-0.0030840930448903237
75,75,no_need,features,14723136,-0.08673746378065061,0.09652917913868464,0.5311473417681131,0.09652917913868464
75,75,no_need,classifier,18882560,-0.005029479797940439,0.006659412603994497,0.10681563266445027,0.006659412603994497
75,75,no_need,fc,40970,-0.0034950728295370936,0.004540026286122156,0.08650426036293932,0.004540026286122156
75,51,no_need,features,14723136,-0.009216015884575764,0.012202765131547721,1.5395337286562027,0.012202765131547721
75,51,no_need,classifier,18882560,-0.0023904404063159745,0.003278883310258607,0.31034045684542155,0.003278883310258607
75,51,no_need,fc,40970,-0.002791178852021403,0.00228483358205267,0.23658565808359364,0.00228483358205267
75,39,no_support,features,14723136,0.023271387219196527,-0.009078721928517552,1.402911671362618,-0.009078721928517552
75,39,no_support,classifier,18882560,0.006738961719293002,-0.0034519326745794388,0.18690888524805005,-0.0034519326745794388
75,39,no_support,fc,40970,0.0048691816118662246,-0.0022381177923307405,0.13260985642861958,-0.0022381177923307405
75,89,no_support,features,14723136,0.008180536030764074,-0.002998958554634612,1.0327591293948795,-0.002998958554634612
75,89,no_support,classifier,18882560,0.00036367882228205417,-0.000440568680829756,0.28308269774940725,-0.000440568680829756
75,89,no_support,fc,40970,0.0011398429405744537,-0.00031038127326610265,0.24587277720662692,-0.00031038127326610265
75,14,no_support,features,14723136,0.0021847928626641533,-0.004228551121933322,1.3354585490502882,-0.004228551121933322
75,14,no_support,classifier,18882560,0.00038317795383591147,-0.000549942776181922,0.22339707435963208,-0.000549942776181922
75,14,no_support,fc,40970,-0.00013602124681710848,-0.00017334949097858043,0.17292414195208944,-0.00017334949097858043
75,54,no_need,features,14723136,-0.3604077460990993,0.19917092726296914,1.3387573504236232,0.19917092726296914
75,54,no_need,classifier,18882560,-0.012256741304554453,0.0069297676980113465,0.21204033875864658,0.0069297676980113465
75,54,no_need,fc,40970,-0.007771002703520935,0.0042148942357016494,0.17253249167772675,0.0042148942357016494
75,41,no_need,features,14723136,-0.00977287876395394,0.01563393998480933,0.9709538999461962,0.01563393998480933
75,41,no_need,classifier,18882560,-0.0027350336408744624,0.006409090086890501,0.13473884844568026,0.006409090086890501
75,41,no_need,fc,40970,-0.0025350871528644348,0.0041582808989915065,0.10039712062058521,0.0041582808989915065
75,30,no_support,features,14723136,0.01169586352244778,-0.007638958464642798,0.9394634705086348,-0.007638958464642798
75,30,no_support,classifier,18882560,0.010578662253465154,-0.008350418436748441,0.3098389576145571,-0.008350418436748441
75,30,no_support,fc,40970,0.00791458352614427,-0.005818685753183672,0.25624850870516613,-0.005818685753183672
75,24,no_need,features,14723136,-0.39667109640498666,0.20405558252457467,1.290256898362233,0.20405558252457467
75,24,no_need,classifier,18882560,-0.00710399355904201,0.007929491521053933,0.23057131813541754,0.007929491521053933
75,24,no_need,fc,40970,-0.0025140672896668548,0.004946377528540324,0.18104801521897376,0.004946377528540324
75,80,active,features,14723136,0.022023388282775617,0.005216620172959097,2.074580199209532,0.005216620172959097
75,80,active,classifier,18882560,0.009305892423981277,0.0006215430389033827,0.29821254050390605,0.0006215430389033827
75,80,active,fc,40970,0.005260349404125009,0.000528313270478975,0.21266814394882508,0.000528313270478975
76,67,no_support,features,14723136,0.025378645682437195,-0.013708193047420991,1.7321797905727,-0.013708193047420991
76,67,no_support,classifier,18882560,0.005265468839297682,-0.003999855776100958,0.27681659130858716,-0.003999855776100958
76,67,no_support,fc,40970,0.002395413048361661,-0.0034160148879891494,0.2190624786816665,-0.0034160148879891494
76,90,no_need,features,14723136,-0.02276458255067837,0.02064400049073356,0.7200793343563912,0.02064400049073356
76,90,no_need,classifier,18882560,-0.016034322214181884,0.007846200791391311,0.21301930936987606,0.007846200791391311
76,90,no_need,fc,40970,-0.010956365564197768,0.005700573114154395,0.18234321131239517,0.005700573114154395
76,45,no_need,features,14723136,-0.015526713546677229,0.0142517686754573,0.7522600819008841,0.0142517686754573
76,45,no_need,classifier,18882560,-0.007596265113534173,0.0008901699466150603,0.19670042396185736,0.0008901699466150603
76,45,no_need,fc,40970,-0.00553967829910107,0.0007662112318485015,0.16448648892753623,0.0007662112318485015
76,78,no_need,features,14723136,-0.0005615416695690101,0.00012997400131453674,0.9418680012364755,0.00012997400131453674
76,78,no_need,classifier,18882560,-0.0011177404356885745,-0.0002938856097784992,0.277766325943477,-0.0002938856097784992
76,78,no_need,fc,40970,-0.0012755298666888848,-0.000662462729451363,0.22781207971307627,-0.000662462729451363
76,32,no_support,features,14723136,0.02188050299415778,-0.023441307964276348,0.9656726007954505,-0.023441307964276348
76,32,no_support,classifier,18882560,0.0053473287248380075,-0.008472156054267543,0.19343728821058953,-0.008472156054267543
76,32,no_support,fc,40970,0.004539692890830338,-0.005644866843795171,0.14142182644142243,-0.005644866843795171
76,86,no_need,features,14723136,-0.04306897498153717,0.004702357504427823,1.3140048836383922,0.004702357504427823
76,86,no_need,classifier,18882560,-0.01678220319081447,0.0004309616505508984,0.3054038851363799,0.0004309616505508984
76,86,no_need,fc,40970,-0.014843852048215922,3.637289410107769e-06,0.2580072533099138,3.637289410107769e-06
76,50,no_support,features,14723136,0.03397448875902853,-0.016615685627375143,2.0566156482285933,-0.016615685627375143
76,50,no_support,classifier,18882560,0.0005624455622239566,-0.0016466581713530104,0.333558181834544,-0.0016466581713530104
76,50,no_support,fc,40970,0.00030646586856164504,-0.0015475365285055886,0.23517328812913654,-0.0015475365285055886
76,55,no_need,features,14723136,-0.00982726951474433,0.00015103748246758641,1.8690895499291627,0.00015103748246758641
76,55,no_need,classifier,18882560,-0.0057723462477952125,0.00021270985507726436,0.36045015637618943,0.00021270985507726436
76,55,no_need,fc,40970,-0.003278322703408776,0.0003159657730975596,0.2850853803543596,0.0003159657730975596
76,33,no_need,features,14723136,-0.011075213273699092,-0.0060594516172685076,1.6207423472739257,-0.0060594516172685076
76,33,no_need,classifier,18882560,-0.011776525646837399,0.0013632556280072095,0.346096831603178,0.0013632556280072095
76,33,no_need,fc,40970,-0.012231845386850182,0.0017094955746870255,0.26805250763907684,0.0017094955746870255
76,60,no_support,features,14723136,0.05946659868281756,-0.0021497028304136023,1.1522842666796764,-0.0021497028304136023
76,60,no_support,classifier,18882560,0.015857641906222852,-0.00300788882100278,0.25031752589034817,-0.00300788882100278
76,60,no_support,fc,40970,0.011320989033265505,-0.0019012301900147577,0.19204437971320826,-0.0019012301900147577
77,4,no_support,features,14723136,0.02756451485741708,-0.008326030605431356,1.1914692305208736,-0.008326030605431356
77,4,no_support,classifier,18882560,0.010307597652172262,-0.00285294319382956,0.3059238357918393,-0.00285294319382956
77,4,no_support,fc,40970,0.008919629417505348,-0.0026809265109477565,0.26848415900823464,-0.0026809265109477565
77,16,no_need,features,14723136,-0.010026354284171646,-0.008657825718358936,0.586326997632738,-0.008657825718358936
77,16,no_need,classifier,18882560,-0.00443504371560266,-0.001363792616871251,0.142454677399201,-0.001363792616871251
77,16,no_need,fc,40970,-0.003318132918138872,-0.0010655495934770443,0.11536867749235391,-0.0010655495934770443
77,51,no_need,features,14723136,-0.029281606947591854,0.0018912517367759563,1.4646004868380222,0.0018912517367759563
77,51,no_need,classifier,18882560,-0.01608786150791275,0.003626927748655362,0.28875604143726574,0.003626927748655362
77,51,no_need,fc,40970,-0.013593389085144736,0.0024853651366356644,0.23773049763011997,0.0024853651366356644
77,33,no_need,features,14723136,-1.11150154677307,0.42029824200187704,1.7696116776326885,0.42029824200187704
77,33,no_need,classifier,18882560,-0.036126010292719,0.007962522559523677,0.3123732002828431,0.007962522559523677
77,33,no_need,fc,40970,-0.023382414059597068,0.003799557617639948,0.2501347788984001,0.003799557617639948
77,89,no_support,features,14723136,0.014676245608001194,7.616746614758085e-06,1.1102294716177123,7.616746614758085e-06
77,89,no_support,classifier,18882560,0.0052403106974452385,-0.0010372378592649056,0.2929154411445223,-0.0010372378592649056
77,89,no_support,fc,40970,0.003647558896773262,-0.0008517492647115432,0.2556103523834772,-0.0008517492647115432
77,30,no_need,features,14723136,0.002721908776862847,0.0006173886958258379,0.7448459185079701,0.0006173886958258379
77,30,no_need,classifier,18882560,-0.003320940947105555,0.001386539732266101,0.27591674751402984,0.001386539732266101
77,30,no_need,fc,40970,-0.004019652085844427,0.001262447356566554,0.2260149794843808,0.001262447356566554
77,13,no_need,features,14723136,-0.001692862878021728,0.00284058578014168,1.1092759833370516,0.00284058578014168
77,13,no_need,classifier,18882560,-0.0013744861926170415,0.0015614787880622316,0.21510133172052165,0.0015614787880622316
77,13,no_need,fc,40970,-0.0004380417267384473,0.0009551232878948213,0.16306291532093772,0.0009551232878948213
77,43,no_need,features,14723136,-0.003278923260989334,-0.0010181980803380952,0.8666704965470392,-0.0010181980803380952
77,43,no_need,classifier,18882560,-0.00034790775264070817,-1.7166173790883477e-05,0.22726575138826915,-1.7166173790883477e-05
77,43,no_need,fc,40970,-0.0015378993994090706,0.0007871494008213631,0.18046552802087767,0.0007871494008213631
77,85,no_support,features,14723136,0.0070370836697826195,-0.0013543244562761458,1.2703634231056402,-0.0013543244562761458
77,85,no_support,classifier,18882560,0.0041847245813642076,-0.0008155370642271009,0.21579726799350152,-0.0008155370642271009
77,85,no_support,fc,40970,0.002480627932527568,-0.0010409513961349148,0.16926561686745414,-0.0010409513961349148
78,97,no_need,features,14723136,-0.016563886401428363,-0.0008523984876376289,1.4107234109182565,-0.0008523984876376289
78,97,no_need,classifier,18882560,-0.0073594449663687556,0.0007046570255511142,0.24034488137754334,0.0007046570255511142
78,97,no_need,fc,40970,-0.004415485365825589,0.00048062777318591543,0.17157367269334708,0.00048062777318591543
78,76,no_support,features,14723136,0.00973436721976384,-0.008057323795387816,1.2631243524883335,-0.008057323795387816
78,76,no_support,classifier,18882560,0.004891868560207513,-0.0015132906858639217,0.20567105057887955,-0.0015132906858639217
78,76,no_support,fc,40970,0.0035907685160054825,-0.001014621145259298,0.16312043992055947,-0.001014621145259298
78,96,no_need,features,14723136,-0.008659804665498427,-0.004320144917461022,0.9562341399658124,-0.004320144917461022
78,96,no_need,classifier,18882560,-0.0030112529566395096,0.0003872562691640269,0.19074958719166038,0.0003872562691640269
78,96,no_need,fc,40970,-0.0023054591110849287,-0.00026514694150137075,0.14865790118002373,-0.00026514694150137075
78,72,no_support,features,14723136,0.0018497739524327966,-0.001142867215927268,1.0701706226121321,-0.001142867215927268
78,72,no_support,classifier,18882560,5.165966715026116e-05,-0.000684914754856436,0.21853411732528097,-0.000684914754856436
78,72,no_support,fc,40970,-0.00021085234584461432,-0.00013801840839278157,0.17252952922945047,-0.00013801840839278157
78,42,active,features,14723136,-0.0018704290201370106,0.0054318909097546,1.2697810296874916,0.0054318909097546
78,42,active,classifier,18882560,0.0016675233898695296,0.001559466017511113,0.21448288673168533,0.001559466017511113
78,42,active,fc,40970,0.0008846019291013363,0.0010472200306139712,0.17512206387922008,0.0010472200306139712
78,17,no_support,features,14723136,-0.0005448068427256188,-0.002111993428115966,0.9592014518625289,-0.002111993428115966
78,17,no_support,classifier,18882560,0.006277239946939517,0.0008001611417398635,0.29383060861760535,0.0008001611417398635
78,17,no_support,fc,40970,0.004228702571708709,-0.0002042591600002197,0.250636204825122,-0.0002042591600002197
78,33,no_need,features,14723136,-1.7776021329541436,0.6222105891515071,2.156938420627556,0.6222105891515071
78,33,no_need,classifier,18882560,-0.031627852071324014,0.011521978859491355,0.3172540151678505,0.011521978859491355
78,33,no_need,fc,40970,-0.015208420973067405,0.005051707475558942,0.22506770638216478,0.005051707475558942
78,51,no_need,features,14723136,-0.34065244152594687,0.148398666145809,1.8324501809651268,0.148398666145809
78,51,no_need,classifier,18882560,-0.006158329439131194,0.0014502288423443588,0.2623614704764073,0.0014502288423443588
78,51,no_need,fc,40970,-0.0032887436645978596,-5.6477041653124616e-05,0.1931743363348484,-5.6477041653124616e-05
78,24,no_support,features,14723136,0.027744525147952004,-0.0008695934401572458,1.2932782505433276,-0.0008695934401572458
78,24,no_support,classifier,18882560,0.006596870211069472,-0.0002126992823150431,0.22996700097249034,-0.0002126992823150431
78,24,no_support,fc,40970,0.004882439472567057,-6.284126891387132e-05,0.1835961835495744,-6.284126891387132e-05
78,36,no_support,features,14723136,0.007756331064632249,-0.003141421049749127,1.4960501132355888,-0.003141421049749127
78,36,no_support,classifier,18882560,-0.0003194930000134377,-0.0006950547960116182,0.22455680856601964,-0.0006950547960116182
78,36,no_support,fc,40970,-0.0002462719340883268,-0.0006140783252703841,0.16344514857008322,-0.0006140783252703841
79,22,no_need,features,14723136,-0.01829813961339255,-0.03055389528520891,1.3250756309169445,-0.03055389528520891
79,22,no_need,classifier,18882560,-0.018381420073637855,-0.009420964862783876,0.19056673423216378,-0.009420964862783876
79,22,no_need,fc,40970,-0.01252342040243093,-0.00720879229993443,0.1394894706320753,-0.00720879229993443
79,47,no_support,features,14723136,0.0011694239947033225,-0.007252481436943015,1.4955727151452591,-0.007252481436943015
79,47,no_support,classifier,18882560,0.005066173425802845,-0.004107576037768013,0.24726270693390637,-0.004107576037768013
79,47,no_support,fc,40970,0.0042673414609453175,-0.002892799373512389,0.19491428206247863,-0.002892799373512389
79,61,no_support,features,14723136,0.022977540527712392,-0.009826275276214602,0.8976004634632,-0.009826275276214602
79,61,no_support,classifier,18882560,0.0038532820656200784,-0.003462865579422214,0.2775123792308396,-0.003462865579422214
79,61,no_support,fc,40970,0.0011579136607906548,-0.0009898729767883196,0.2286449577987697,-0.0009898729767883196
79,27,no_need,features,14723136,3.5938769059385735e-05,-0.0052232245997068105,1.061237969382705,-0.0052232245997068105
79,27,no_need,classifier,18882560,0.0006943881464849255,-0.0009738886408285907,0.1742447892099692,-0.0009738886408285907
79,27,no_need,fc,40970,-0.0008979358426586259,-0.0006155589062473155,0.1280615964056367,-0.0006155589062473155
79,50,no_need,features,14723136,0.0117875550591009,-0.011889491673741759,1.7175677695378626,-0.011889491673741759
79,50,no_need,classifier,18882560,-0.008860765181907482,-0.0014253449045327216,0.27517498790764994,-0.0014253449045327216
79,50,no_need,fc,40970,-0.005797718062240165,-0.0017280084921367234,0.1908370185895414,-0.0017280084921367234
79,96,no_need,features,14723136,-0.13124803637549576,0.09415313978286122,0.9573676877624794,0.09415313978286122
79,96,no_need,classifier,18882560,-0.019063741462559847,0.011337443916090706,0.20211408500652567,0.011337443916090706
79,96,no_need,fc,40970,-0.013868886366253719,0.007283565239049494,0.15600794349484942,0.007283565239049494
79,89,active,features,14723136,0.051605927249795513,0.00544141346381366,0.9663520534944247,0.00544141346381366
79,89,active,classifier,18882560,0.02100025156778429,0.005905868212721543,0.26961924887086897,0.005905868212721543
79,89,active,fc,40970,0.014474180527031422,0.00532194938568864,0.237900687825156,0.00532194938568864
79,97,no_need,features,14723136,-0.40956871521458993,0.21242105089356755,1.3540297920595308,0.21242105089356755
79,97,no_need,classifier,18882560,-0.008823744469736994,0.014121833773970138,0.20092594974027708,0.014121833773970138
79,97,no_need,fc,40970,-0.006988284383623977,0.008876316591340583,0.1478613474331481,0.008876316591340583
79,85,no_need,features,14723136,-0.01343047004739617,0.00879232568684074,1.4096344834339898,0.00879232568684074
79,85,no_need,classifier,18882560,-0.00694345978081401,0.0024762755879237375,0.21723692970027195,0.0024762755879237375
79,85,no_need,fc,40970,-0.006841591210104525,0.0007007874780811107,0.16010399204039946,0.0007007874780811107
79,30,active,features,14723136,0.00972384307963381,0.01725852430369912,0.9765208345499062,0.01725852430369912
79,30,active,classifier,18882560,0.010941417809590348,0.008024375251352467,0.25069320860111544,0.008024375251352467
79,30,active,fc,40970,0.007418363977194531,0.0075991336088918615,0.19266257913017448,0.0075991336088918615
80,44,no_need,features,14723136,-0.004731811094465854,0.008100722111091585,1.517781603784284,0.008100722111091585
80,44,no_need,classifier,18882560,-0.0004919671345646748,0.0013726339527693199,0.2617453699459975,0.0013726339527693199
80,44,no_need,fc,40970,-0.0018943196682812413,0.0010395624885859434,0.23472829680048898,0.0010395624885859434
80,70,active,features,14723136,0.034082368181415745,5.511929728374554e-05,2.0475156789088915,5.511929728374554e-05
80,70,active,classifier,18882560,0.0113856571551878,0.0008087887202918864,0.39918754044600785,0.0008087887202918864
80,70,active,fc,40970,0.0041791586627368815,0.0002791715378407389,0.28840087990142843,0.0002791715378407389
80,23,active,features,14723136,0.008864140908016793,0.009422589491833833,0.9478118670798368,0.009422589491833833
80,23,active,classifier,18882560,0.017879152361274464,0.0036411241937912564,0.3175213329188436,0.0036411241937912564
80,23,active,fc,40970,0.01898602280562045,0.0026510288516874425,0.26346183281953506,0.0026510288516874425
80,38,no_support,features,14723136,0.021042918474606154,-0.011254989513354019,0.7092436478037918,-0.011254989513354019
80,38,no_support,classifier,18882560,0.014258707248700375,-0.0033842236716736807,0.18427498264844916,-0.0033842236716736807
80,38,no_support,fc,40970,0.008363281798665412,0.0013023122210142901,0.1321547713170115,0.0013023122210142901
80,74,active,features,14723136,0.01189724457709218,0.0010847779494937981,0.8500988580206327,0.0010847779494937981
80,74,active,classifier,18882560,0.015588895602377306,0.00357924056606862,0.2937621117294386,0.00357924056606862
80,74,active,fc,40970,0.018117526080459356,-0.00016810749229989597,0.2512498365220689,-0.00016810749229989597
80,21,no_support,features,14723136,0.030206906153509294,-0.011152673173956629,1.58420006416784,-0.011152673173956629
80,21,no_support,classifier,18882560,0.01120124484077678,-0.005262670149022597,0.2968052850953304,-0.005262670149022597
80,21,no_support,fc,40970,0.005246080945653375,-0.0035690618242369965,0.2162493295325178,-0.0035690618242369965
80,82,no_support,features,14723136,0.004704774034363979,-0.001616016958298161,1.4643782933948777,-0.001616016958298161
80,82,no_support,classifier,18882560,0.002834750177726164,-0.0024372728489652218,0.2759238864986556,-0.0024372728489652218
80,82,no_support,fc,40970,0.004144464630371658,-0.001669079229941417,0.23291479099608586,-0.001669079229941417
80,4,no_need,features,14723136,-0.015104607705971773,0.008848062128258505,1.2881408225593736,0.008848062128258505
80,4,no_need,classifier,18882560,-0.010293641684256727,0.0014846162033563814,0.2509842617198491,0.0014846162033563814
80,4,no_need,fc,40970,-0.006279179971897975,0.0008906920979825372,0.21007460439389442,0.0008906920979825372
80,88,no_need,features,14723136,-0.020068784085282232,-0.002232248570699369,1.2166798919811561,-0.002232248570699369
80,88,no_need,classifier,18882560,-0.010347557289605902,0.0005035909345565415,0.20401279295811078,0.0005035909345565415
80,88,no_need,fc,40970,-0.006329461324639851,0.0002403441690148611,0.15490856528924907,0.0002403441690148611
80,98,no_support,features,14723136,0.0030886681128876603,-0.009927349922612905,0.7084375280702468,-0.009927349922612905
80,98,no_support,classifier,18882560,0.009021356805988034,-0.005994690414354409,0.1791430929082324,-0.005994690414354409
80,98,no_support,fc,40970,0.009343005345726851,-0.003936362409149297,0.14975256209798302,-0.003936362409149297
81,90,no_support,features,14723136,0.02307861624242946,-0.01734952634225806,0.7812407786249267,-0.01734952634225806
81,90,no_support,classifier,18882560,0.016394943207160395,-0.009254242330825946,0.19706218548555438,-0.009254242330825946
81,90,no_support,fc,40970,0.014087322073464748,-0.006461401793785626,0.1658645864061643,-0.006461401793785626
81,72,no_need,features,14723136,-0.03957119645378526,-0.0004921463588107855,1.1722547122158617,-0.0004921463588107855
81,72,no_need,classifier,18882560,-0.021749424318841193,-0.0020315842587024235,0.24931979295100684,-0.0020315842587024235
81,72,no_need,fc,40970,-0.015276417798304465,-0.0022776477599109057,0.19772157846344296,-0.0022776477599109057
81,65,active,features,14723136,0.016577423922509382,0.0023586584857753223,0.7582781031213398,0.0023586584857753223
81,65,active,classifier,18882560,0.01109124871345557,0.003567670903294129,0.19121094347264103,0.003567670903294129
81,65,active,fc,40970,0.008360997657291591,0.0033120299649453955,0.16004276777712176,0.0033120299649453955
81,50,active,features,14723136,0.014985394700140375,0.0028639141988726635,1.0086088965527158,0.0028639141988726635
81,50,active,classifier,18882560,0.006593938435571545,0.00038480198293200374,0.1428796757111305,0.00038480198293200374
81,50,active,fc,40970,0.005458190589706646,-0.0003380261305210297,0.10212188209877202,-0.0003380261305210297
81,85,no_support,features,14723136,0.004611566624816987,-0.0020217076502362374,1.2034645060266542,-0.0020217076502362374
81,85,no_support,classifier,18882560,-0.002200143335130633,-0.0028981568425479054,0.162554277070735,-0.0028981568425479054
81,85,no_support,fc,40970,-0.002211278174399922,-0.0016931259888224304,0.11456187112534849,-0.0016931259888224304
81,56,no_need,features,14723136,-0.018589559643260145,0.0025345483173424554,1.4220145636916457,0.0025345483173424554
81,56,no_need,classifier,18882560,-0.0048211675421043765,-0.0007539418242146212,0.2598708780730647,-0.0007539418242146212
81,56,no_need,fc,40970,-0.0030149974300002214,-0.0018546859673733707,0.22136852547119387,-0.0018546859673733707
81,4,no_need,features,14723136,-0.126605468526634,0.07378466806760287,0.9910813920731374,0.07378466806760287
81,4,no_need,classifier,18882560,-0.006888586438890343,0.0018343998820000706,0.18712381196852138,0.0018343998820000706
81,4,no_need,fc,40970,-0.006172771087221918,0.0010357078854212887,0.15701676304742732,0.0010357078854212887
81,80,no_need,features,14723136,-0.03810418034743179,0.01045759031225657,1.1121001293871737,0.01045759031225657
81,80,no_need,classifier,18882560,-0.012705200733762467,0.001219501863147343,0.19902872236226857,0.001219501863147343
81,80,no_need,fc,40970,-0.007533205658546649,0.001290103596602421,0.15341298421353383,0.001290103596602421
81,31,no_need,features,14723136,-0.021361141286860175,0.0008108163784967815,1.2590354482060018,0.0008108163784967815
81,31,no_need,classifier,18882560,-0.008635817182039318,-0.0019420909942482467,0.19939358105900903,-0.0019420909942482467
81,31,no_need,fc,40970,-0.007106793571438175,-0.002278881836900837,0.15169438465141077,-0.002278881836900837
81,17,active,features,14723136,0.024698653212393396,0.012823078796628806,0.9134546354835689,0.012823078796628806
81,17,active,classifier,18882560,0.01420732387487078,0.004336464990501554,0.3486719564042695,0.004336464990501554
81,17,active,fc,40970,0.01143970374687342,0.002704036389332032,0.2976286424256332,0.002704036389332032
82,61,no_need,features,14723136,-0.038335046805755724,0.003477335190321895,1.0212085176358778,0.003477335190321895
82,61,no_need,classifier,18882560,-0.026571748612695956,0.003384814291962357,0.2726928551435904,0.003384814291962357
82,61,no_need,fc,40970,-0.02233417438401375,0.0028233693992660847,0.220570403241938,0.0028233693992660847
82,40,active,features,14723136,0.006479094985238022,0.010909090650226716,1.2050893495918287,0.010909090650226716
82,40,active,classifier,18882560,0.004261779484522776,0.0061828345596950385,0.29978591059947823,0.0061828345596950385
82,40,active,fc,40970,0.004940945207636105,0.0060634798792307265,0.24799478862360427,0.0060634798792307265
82,41,no_support,features,14723136,0.02375371242562352,-0.013232071852311122,0.962228785617638,-0.013232071852311122
82,41,no_support,classifier,18882560,0.006013720460487093,-0.003409237659752762,0.16688555469230443,-0.003409237659752762
82,41,no_support,fc,40970,0.0033852091255539563,-0.0021041652908024844,0.1328434484616352,-0.0021041652908024844
82,34,no_support,features,14723136,0.02642582197293564,-0.009092518031170727,1.6734220894315328,-0.009092518031170727
82,34,no_support,classifier,18882560,0.008014530945729348,-0.003077237018487722,0.30970297057318746,-0.003077237018487722
82,34,no_support,fc,40970,0.010261512554279761,-0.003939478498068638,0.2774344978115233,-0.003939478498068638
82,97,no_need,features,14723136,-0.005547385237889557,-0.002059588128112466,1.0982396164674402,-0.002059588128112466
82,97,no_need,classifier,18882560,-0.006091422681038239,-0.00046428466123416,0.1736601762340389,-0.00046428466123416
82,97,no_need,fc,40970,-0.0049979856212303275,-0.00038535118710569805,0.12682172412347528,-0.00038535118710569805
82,51,active,features,14723136,0.011990112808177855,0.006704782221902406,1.5509363763702317,0.006704782221902406
82,51,active,classifier,18882560,0.004323799103531201,0.0009609005523998349,0.2640150728846865,0.0009609005523998349
82,51,active,fc,40970,0.005826406297273934,0.0007251775155054929,0.18174776683825716,0.0007251775155054929
82,50,no_need,features,14723136,-0.2830008840572873,0.15000872981096336,1.4594285906002378,0.15000872981096336
82,50,no_need,classifier,18882560,-0.019377163890567317,0.00812881055253456,0.21060362301546082,0.00812881055253456
82,50,no_need,fc,40970,-0.013336255608010106,0.0047473556514887605,0.15672319748528593,0.0047473556514887605
82,13,no_need,features,14723136,-0.0013163350735254649,-0.002970529418716339,1.3516759366247326,-0.002970529418716339
82,13,no_need,classifier,18882560,-0.0010139424347812565,-0.0012280390456567147,0.2178090963711252,-0.0012280390456567147
82,13,no_need,fc,40970,-0.0034591535077197477,-0.0002886623624362983,0.1735966939505107,-0.0002886623624362983
82,22,no_need,features,14723136,-0.02150779176412243,0.005400200318465664,0.8939739626863487,0.005400200318465664
82,22,no_need,classifier,18882560,-0.01599101254123525,0.003016405000607847,0.18089862423506325,0.003016405000607847
82,22,no_need,fc,40970,-0.011844027780171018,0.0031429121845576447,0.14575421483914436,0.0031429121845576447
82,8,no_need,features,14723136,-0.0024458743024666782,0.003587016751566807,1.5131189550788569,0.003587016751566807
82,8,no_need,classifier,18882560,-0.007547544680619467,0.003404387170803602,0.20965551825489112,0.003404387170803602
82,8,no_need,fc,40970,-0.0068277858445071615,0.0020901369580315077,0.14907798796324867,0.0020901369580315077
83,87,no_need,features,14723136,-0.0009010135581988259,-0.015478401774373651,1.3147090968466966,-0.015478401774373651
83,87,no_need,classifier,18882560,-0.0009088225687321483,-0.0028015151319777942,0.21445058389683092,-0.0028015151319777942
83,87,no_need,fc,40970,-0.002763969107036246,-0.003484583385215956,0.15912399339729172,-0.003484583385215956
83,54,no_need,features,14723136,-0.0021732336311046656,-0.00222219045458516,0.9057453958904675,-0.00222219045458516
83,54,no_need,classifier,18882560,-0.0013198828562508425,-0.0003633705583183655,0.1567489584590271,-0.0003633705583183655
83,54,no_need,fc,40970,-0.0013959787625026365,-0.0006035274700479931,0.13284240277115433,-0.0006035274700479931
83,63,active,features,14723136,0.0260749055919014,-0.0001808492695545283,1.9238405534212017,-0.0001808492695545283
83,63,active,classifier,18882560,0.002575600709178616,0.0005177187833851349,0.27985360544010324,0.0005177187833851349
83,63,active,fc,40970,0.003060964310861891,0.00034031637119369407,0.21669554674909502,0.00034031637119369407
83,83,no_need,features,14723136,-0.010192260617046145,0.013744273399971974,0.9610906787560489,0.013744273399971974
83,83,no_need,classifier,18882560,-0.007418935272653471,0.003966361037555544,0.23073296947596056,0.003966361037555544
83,83,no_need,fc,40970,-0.010574653773801401,0.004350291441369336,0.19785499417382943,0.004350291441369336
83,96,active,features,14723136,0.008070705105119202,0.011567462554324948,0.766680903108078,0.011567462554324948
83,96,active,classifier,18882560,0.0013700925462103442,0.003802951118132114,0.1627813799034507,0.003802951118132114
83,96,active,fc,40970,0.000708487562405935,0.0020482857880779193,0.1244825368990991,0.0020482857880779193
83,26,no_support,features,14723136,0.027952151075879783,-0.010932271003095906,0.9643435063132522,-0.010932271003095906
83,26,no_support,classifier,18882560,0.00991450281435391,-0.002628885422154781,0.22345774602036828,-0.002628885422154781
83,26,no_support,fc,40970,0.01012059539789334,-0.0026256080673192628,0.18094171605049214,-0.0026256080673192628
83,0,active,features,14723136,0.005332016876522516,0.0008579462776090452,1.5468715602272418,0.0008579462776090452
83,0,active,classifier,18882560,-0.001605402555838964,0.0016911270932951084,0.2646882778555908,0.0016911270932951084
83,0,active,fc,40970,-0.00017025217312038876,0.0017174639979202766,0.21243639623690022,0.0017174639979202766
83,59,no_need,features,14723136,0.0025705209078168423,0.006028798316547679,1.1731833624501093,0.006028798316547679
83,59,no_need,classifier,18882560,-0.0036644151141445036,0.003934404745677966,0.2153996608017342,0.003934404745677966
83,59,no_need,fc,40970,-0.0014130688759905752,0.0027635004662442952,0.1651102482465862,0.0027635004662442952
83,69,no_need,features,14723136,-0.02883347353495935,0.00017509042354468818,1.3729588986516879,0.00017509042354468818
83,69,no_need,classifier,18882560,-0.011308812106108235,0.0007439809757556759,0.22192726125467485,0.0007439809757556759
83,69,no_need,fc,40970,-0.011233143384743016,0.0002209185024639737,0.17396154621801763,0.0002209185024639737
83,14,no_support,features,14723136,0.021316288295643915,-0.006885218092804735,1.3055586855616832,-0.006885218092804735
83,14,no_support,classifier,18882560,0.002494306076300745,0.00025775705213959554,0.20995648786648785,0.00025775705213959554
83,14,no_support,fc,40970,0.000981829615739116,0.0006974126990826335,0.15946384679970607,0.0006974126990826335
84,58,active,features,14723136,-0.0003189863575769887,0.013279448505493008,0.7863397039225403,0.013279448505493008
84,58,active,classifier,18882560,0.00015482255582810467,0.0016062605719753265,0.17765771962533047,0.0016062605719753265
84,58,active,fc,40970,0.0029357390048971865,0.0019430096126598073,0.14524584538606386,0.0019430096126598073
84,47,no_support,features,14723136,0.04035597034221894,-0.006838265460560322,1.8053816714048392,-0.006838265460560322
84,47,no_support,classifier,18882560,0.008389095734401053,-0.0007047545204841299,0.25065818804236084,-0.0007047545204841299
84,47,no_support,fc,40970,0.007988594908965752,-0.000746234341931995,0.203508375385884,-0.000746234341931995
84,83,no_need,features,14723136,-0.18806901304320434,0.12393046792871587,1.0779942238718627,0.12393046792871587
84,83,no_need,classifier,18882560,-0.006437420728389043,0.0073107935777443345,0.20346399871270643,0.0073107935777443345
84,83,no_need,fc,40970,-0.0034045636684822966,0.005920625750150066,0.16721328059674181,0.005920625750150066
84,36,no_need,features,14723136,-0.012331343285580942,0.009212576512616977,1.5144205592327415,0.009212576512616977
84,36,no_need,classifier,18882560,-0.011377998729130923,0.0018662279268255588,0.23797055154508556,0.0018662279268255588
84,36,no_need,fc,40970,-0.008918450239434605,0.0017296813748544082,0.1801972769724588,0.0017296813748544082
84,8,no_support,features,14723136,0.020713838321555045,-0.006248535062134408,2.2072504882587456,-0.006248535062134408
84,8,no_support,classifier,18882560,0.0024631153620475743,0.00020389876512894034,0.3705363892945973,0.00020389876512894034
84,8,no_support,fc,40970,0.0034808785621862626,-0.00017292401525992318,0.24328644662641583,-0.00017292401525992318
84,2,no_support,features,14723136,0.02616120056575255,-0.011409873869368425,1.3799941309384258,-0.011409873869368425
84,2,no_support,classifier,18882560,0.012750492855957418,-0.0035313602720634663,0.27456913213078904,-0.0035313602720634663
84,2,no_support,fc,40970,0.011836857607704587,-0.0025974334912461927,0.21196732965400364,-0.0025974334912461927
84,56,no_support,features,14723136,0.028535142466864727,-0.002473020331311915,1.1303223131697868,-0.002473020331311915
84,56,no_support,classifier,18882560,0.010895069128309842,-0.0037599044239868817,0.23575072686162238,-0.0037599044239868817
84,56,no_support,fc,40970,0.010469395841937512,-0.002621301122417208,0.19670412719464098,-0.002621301122417208
84,49,no_need,features,14723136,-0.008963748180022435,0.0030138586116059685,1.3048599825310847,0.0030138586116059685
84,49,no_need,classifier,18882560,0.0018257077437056068,-0.0008050004417441414,0.22564888271745967,-0.0008050004417441414
84,49,no_need,fc,40970,-0.0001103814192902064,-0.0011345367538524442,0.17272076353017096,-0.0011345367538524442
84,10,no_support,features,14723136,0.022179368490888862,-0.014909652390564077,1.737315863104803,-0.014909652390564077
84,10,no_support,classifier,18882560,0.0019167765186693941,-0.003253345466191604,0.23745293866690506,-0.003253345466191604
84,10,no_support,fc,40970,0.0004604656551236985,-0.0024730943969188957,0.1789934516363205,-0.0024730943969188957
84,38,no_need,features,14723136,-0.03633988323213799,0.006631051121217979,1.028640598064879,0.006631051121217979
84,38,no_need,classifier,18882560,-0.011083848445650801,0.0011008393196476618,0.2298819285921515,0.0011008393196476618
84,38,no_need,fc,40970,-0.008607703799498267,0.0015385292294922692,0.17626805912470364,0.0015385292294922692
85,89,no_need,features,14723136,-0.01651332367252678,0.010831353576381986,0.7967389756603374,0.010831353576381986
85,89,no_need,classifier,18882560,-0.007404438452795148,0.0021351438672922995,0.28404431660679286,0.0021351438672922995
85,89,no_need,fc,40970,-0.0075209040187473875,0.002201523844632902,0.24933452068086853,0.002201523844632902
85,90,no_need,features,14723136,-0.0683284777738038,0.022096701389699547,0.8796148858254501,0.022096701389699547
85,90,no_need,classifier,18882560,-0.019620627510448685,0.003737190224001097,0.29408890412652994,0.003737190224001097
85,90,no_need,fc,40970,-0.020485619330429472,0.00524431083977106,0.25543428600134227,0.00524431083977106
85,81,no_need,features,14723136,-0.01228046368966318,0.009093261557708843,1.1978266408439664,0.009093261557708843
85,81,no_need,classifier,18882560,0.0012566604905259737,0.001970580280442391,0.22515987304220775,0.001970580280442391
85,81,no_need,fc,40970,-2.9608418117277324e-05,0.002334868142497726,0.1756562889834163,0.002334868142497726
85,54,active,features,14723136,0.03664523620506088,0.002600789861320507,1.129302286086076,0.002600789861320507
85,54,active,classifier,18882560,0.009429595811070612,0.00023089095826733796,0.16110638107387312,0.00023089095826733796
85,54,active,fc,40970,0.01020505151245743,0.00012735048312606523,0.13155579866628817,0.00012735048312606523
85,59,no_need,features,14723136,-0.028811169875027076,0.003930491959405202,1.0588983538942258,0.003930491959405202
85,59,no_need,classifier,18882560,-0.01124415605681861,0.0007964017659105593,0.1670117840785181,0.0007964017659105593
85,59,no_need,fc,40970,-0.00904859424190363,-8.272441527878982e-05,0.12965581535526477,-8.272441527878982e-05
85,4,no_need,features,14723136,-0.01720693538231899,0.0013849020947525048,0.8782194517514531,0.0013849020947525048
85,4,no_need,classifier,18882560,-0.008926966896979138,0.0002783374178250142,0.19833796242508875,0.0002783374178250142
85,4,no_need,fc,40970,-0.009987502700823825,0.0020342683728813427,0.16473467295050226,0.0020342683728813427
85,53,no_support,features,14723136,0.04100171414850706,-0.006195981759880453,0.9122347143084504,-0.006195981759880453
85,53,no_support,classifier,18882560,0.014110839378190576,0.00020507236573052978,0.2649767882108942,0.00020507236573052978
85,53,no_support,fc,40970,0.013434314118057955,0.0006072450469218893,0.22884257075155306,0.0006072450469218893
85,47,no_need,features,14723136,-0.34155951418006225,0.12728083547762026,1.051909637655506,0.12728083547762026
85,47,no_need,classifier,18882560,-0.02017262858498725,0.0017952127311815502,0.19082520064130554,0.0017952127311815502
85,47,no_need,fc,40970,-0.01894553707097657,0.0009805835693441622,0.16900436786206324,0.0009805835693441622
85,52,no_support,features,14723136,0.022831197183421637,-0.005937696471193021,1.425103686563759,-0.005937696471193021
85,52,no_support,classifier,18882560,0.010346354612011055,-0.0009253962425646023,0.2610225964391824,-0.0009253962425646023
85,52,no_support,fc,40970,0.007777920098305913,-0.0010487836580068688,0.2153639790645729,-0.0010487836580068688
85,19,no_need,features,14723136,-0.011412205491012628,-0.0006500849244233109,1.4106697716403582,-0.0006500849244233109
85,19,no_need,classifier,18882560,-0.004029899797842518,0.0014216352395806098,0.21114744174095235,0.0014216352395806098
85,19,no_need,fc,40970,-0.005483836841449374,0.001489206875930904,0.1562436696955106,0.001489206875930904
86,24,active,features,14723136,0.011876426137718,0.004566191423801769,1.4020460187439667,0.004566191423801769
86,24,active,classifier,18882560,0.0048469872572241,-4.326928024056542e-05,0.28393474810501046,-4.326928024056542e-05
86,24,active,fc,40970,0.007237681340484414,-0.0014253382760216482,0.2434511902403396,-0.0014253382760216482
86,13,active,features,14723136,0.039839732016943685,-8.037192014498373e-05,1.0169192545144365,-8.037192014498373e-05
86,13,active,classifier,18882560,0.012423458588273206,0.00037859807525819633,0.16587615407605436,0.00037859807525819633
86,13,active,fc,40970,0.010076676655444317,0.000956199368374655,0.1332239737930599,0.000956199368374655
86,81,no_need,features,14723136,-0.6266055564813087,0.3180112507106969,1.355604222061464,0.3180112507106969
86,81,no_need,classifier,18882560,-0.02179364584480936,0.005293001234349504,0.214279333224038,0.005293001234349504
86,81,no_need,fc,40970,-0.015150777791859582,0.0026384343005929622,0.16694422492843045,0.0026384343005929622
86,73,active,features,14723136,0.00946787970600127,0.0064029339527920115,0.8665287866227563,0.0064029339527920115
86,73,active,classifier,18882560,0.0024506994795956416,0.0006444765738677916,0.20879790170227444,0.0006444765738677916
86,73,active,fc,40970,0.0023030292159091914,0.00019803607983703841,0.16858669932181652,0.00019803607983703841
86,19,no_need,features,14723136,-0.684052083890947,0.2933278243069708,1.5843079914979084,0.2933278243069708
86,19,no_need,classifier,18882560,-0.016870259034476476,0.005809670470853234,0.22195818774773957,0.005809670470853234
86,19,no_need,fc,40970,-0.008333402198331896,0.002466104744371478,0.1586047648990097,0.002466104744371478
86,55,no_support,features,14723136,0.04818149271660843,-0.014212350022926756,2.2916187309747236,-0.014212350022926756
86,55,no_support,classifier,18882560,0.012993306589123677,-0.0011541775163550483,0.4231657396646939,-0.0011541775163550483
86,55,no_support,fc,40970,0.0141341857961379,-0.0014838055044492648,0.3110027446526324,-0.0014838055044492648
86,40,no_need,features,14723136,-0.019404653377108616,-0.010338115626993272,1.4004607506760856,-0.010338115626993272
86,40,no_need,classifier,18882560,-0.0075562021920632105,-0.004746566464746138,0.281567983498301,-0.004746566464746138
86,40,no_need,fc,40970,-0.006827534776675748,-0.0035196441785956267,0.24013944917501792,-0.0035196441785956267
86,76,no_support,features,14723136,0.010575331496362141,-0.010273920339882281,1.2415245725120128,-0.010273920339882281
86,76,no_support,classifier,18882560,0.0021176644328306793,-0.0011507055903479113,0.21422121058815077,-0.0011507055903479113
86,76,no_support,fc,40970,0.003206995545042446,-0.0011474604968952917,0.17751032426664565,-0.0011474604968952917
86,57,no_support,features,14723136,0.019019875976880485,-0.005136864471296576,0.9117890922260122,-0.005136864471296576
86,57,no_support,classifier,18882560,0.005013849944134563,-0.0017253328845754368,0.3247736301122091,-0.0017253328845754368
86,57,no_support,fc,40970,0.006853344413684681,-0.001633662912354339,0.27134844656207746,-0.001633662912354339
86,96,no_support,features,14723136,0.027082835847501485,-0.012378404857585679,0.8837226414399395,-0.012378404857585679
86,96,no_support,classifier,18882560,0.011447650584159419,-0.0030827646337456827,0.20050593834884306,-0.0030827646337456827
86,96,no_support,fc,40970,0.007369732476945501,-0.0021227832012300496,0.16394224653174616,-0.0021227832012300496
87,31,no_support,features,14723136,0.010388087299617155,-0.00908922694458525,1.2098142898964863,-0.00908922694458525
87,31,no_support,classifier,18882560,0.004019403161237278,-0.001263549642203543,0.16578622411184957,-0.001263549642203543
87,31,no_support,fc,40970,0.0050796087307389826,-0.001039667157783697,0.11997400146048388,-0.001039667157783697
87,75,active,features,14723136,0.010259477326954425,0.01937592837228408,0.4613468822933731,0.01937592837228408
87,75,active,classifier,18882560,0.003541838336332148,0.006614023010570236,0.099916506441663,0.006614023010570236
87,75,active,fc,40970,0.0034091434681613464,0.004817353910766542,0.08157289355744449,0.004817353910766542
87,94,active,features,14723136,0.028595649536669043,0.000979593055319583,1.0295675383041267,0.000979593055319583
87,94,active,classifier,18882560,0.007217990536901198,0.0026263335596468096,0.34211949205410624,0.0026263335596468096
87,94,active,fc,40970,3.6270230339141563e-06,0.0028399103321135044,0.2718764554242045,0.0028399103321135044
87,20,no_need,features,14723136,-0.03170476559029112,0.003872441311756347,2.1496490873863134,0.003872441311756347
87,20,no_need,classifier,18882560,-0.009922291346811107,-0.00029267939108024166,0.3938484790406059,-0.00029267939108024166
87,20,no_need,fc,40970,-0.009465168703172822,-0.00023818827679633614,0.2854677804806855,-0.00023818827679633614
87,87,active,features,14723136,0.005084158296288165,0.0010636507250580962,1.5212933127353816,0.0010636507250580962
87,87,active,classifier,18882560,0.0030350942242876044,0.00014139175084437738,0.21054594379769942,0.00014139175084437738
87,87,active,fc,40970,0.004295038876080071,-0.000249793654916175,0.1555889735283602,-0.000249793654916175
87,26,no_need,features,14723136,-0.021371832739092156,0.004573965019393,1.1448544090489374,0.004573965019393
87,26,no_need,classifier,18882560,-0.007264702359407238,0.0017232295292615163,0.18949571478844698,0.0017232295292615163
87,26,no_need,fc,40970,-0.00658907821343746,0.0009047588982866728,0.1463733517106371,0.0009047588982866728
87,29,no_support,features,14723136,-0.0014387738150212206,-0.018972958254607875,0.9737129969774732,-0.018972958254607875
87,29,no_support,classifier,18882560,0.005010037440570159,-0.007319983826619136,0.2869789963110402,-0.007319983826619136
87,29,no_support,fc,40970,0.0005461769487737911,-0.004626652451406699,0.2280566453039888,-0.004626652451406699
87,70,no_need,features,14723136,-0.011332233415231483,-0.007971099906043833,1.9044255958506189,-0.007971099906043833
87,70,no_need,classifier,18882560,-0.010282036357693869,0.00032271094280744705,0.3514805383227359,0.00032271094280744705
87,70,no_need,fc,40970,-0.004925912460748805,-0.0003633570104284445,0.26181717612478117,-0.0003633570104284445
87,2,active,features,14723136,0.01120184244669531,0.006530305737008746,1.4814042200419324,0.006530305737008746
87,2,active,classifier,18882560,-7.796168181073426e-05,0.0031718202400270457,0.2352153639390387,0.0031718202400270457
87,2,active,fc,40970,0.0008421527545579011,0.0030197179457900347,0.17808448462245702,0.0030197179457900347
87,50,active,features,14723136,0.0105205844517684,0.0054783168425665,0.6188025082007004,0.0054783168425665
87,50,active,classifier,18882560,0.0026450625339293765,0.00013301158750778086,0.10047462028259799,0.00013301158750778086
87,50,active,fc,40970,0.0021232278686511563,0.0007435690199599776,0.08197546951489823,0.0007435690199599776
88,0,active,features,14723136,0.034347021953806234,0.00018173222887085672,1.483819883604534,0.00018173222887085672
88,0,active,classifier,18882560,0.014936797214431863,0.0016700692121958127,0.26699557316215744,0.0016700692121958127
88,0,active,fc,40970,0.012003069605270866,0.0005411503361756331,0.2250484714848711,0.0005411503361756331
88,9,active,features,14723136,0.006763264360663435,0.0133169685263681,0.7203049863511608,0.0133169685263681
88,9,active,classifier,18882560,0.0002862659791844635,0.006774782168349702,0.14079552948328355,0.006774782168349702
88,9,active,fc,40970,-0.003239145054067194,0.006132391947176075,0.12268541787080087,0.006132391947176075
88,46,no_need,features,14723136,-0.017575251738932707,-0.00936107138871023,0.8900997971028924,-0.00936107138871023
88,46,no_need,classifier,18882560,-0.00500242571479248,-0.004775307856107247,0.27185538254350894,-0.004775307856107247
88,46,no_need,fc,40970,-0.0028295787997194566,-0.0015292859334294917,0.23634276376756574,-0.0015292859334294917
88,37,active,features,14723136,0.030236397410668303,0.00258382320279793,1.2940491079104768,0.00258382320279793
88,37,active,classifier,18882560,0.011595581330311688,0.0019704058512388656,0.27592258339709735,0.0019704058512388656
88,37,active,fc,40970,0.013413883927569259,-0.000538215443611989,0.2579826615590084,-0.000538215443611989
88,72,no_need,features,14723136,-0.007262651760285621,-0.01746055140169034,1.0728436354627082,-0.01746055140169034
88,72,no_need,classifier,18882560,-0.006624106637445948,-0.0060959060015193245,0.17822265296868262,-0.0060959060015193245
88,72,no_need,fc,40970,-0.006101785467762966,-0.004561323419693508,0.13359194487551584,-0.004561323419693508
88,83,no_need,features,14723136,-0.005972320768329098,-0.009203500475940984,1.1255077172989534,-0.009203500475940984
88,83,no_need,classifier,18882560,-0.003364339784184267,-0.0034292088769234397,0.186940289090521,-0.0034292088769234397
88,83,no_need,fc,40970,-0.0032573700191278476,-0.003054574906855123,0.16077046988908708,-0.003054574906855123
88,73,active,features,14723136,0.00876419102547743,0.007554835384752323,1.475261376363871,0.007554835384752323
88,73,active,classifier,18882560,-0.003845052651968217,0.008049621637837845,0.22072095565372155,0.008049621637837845
88,73,active,fc,40970,-0.003250542336900253,0.00451623139269941,0.17370942769961062,0.00451623139269941
88,16,active,features,14723136,-0.00183840959105197,0.0036581157192259184,0.9012942964305076,0.0036581157192259184
88,16,active,classifier,18882560,-1.0643057919423882e-06,0.0032732134718571615,0.16413881819277054,0.0032732134718571615
88,16,active,fc,40970,0.0020652373150369385,0.0016198115172301186,0.12780534387914946,0.0016198115172301186
88,55,active,features,14723136,0.013921748228426623,0.0008094305927137668,2.026787671280638,0.0008094305927137668
88,55,active,classifier,18882560,-0.0012079542330809545,0.001088873814182989,0.3342175021357162,0.001088873814182989
88,55,active,fc,40970,0.00024324028709088452,0.0010771590750664473,0.24240363628924444,0.0010771590750664473
88,27,no_support,features,14723136,0.0017014331913287606,-0.00819906894312794,1.2232428091001277,-0.00819906894312794
88,27,no_support,classifier,18882560,0.0025243405043511302,-0.0062581516494901734,0.1676530669814867,-0.0062581516494901734
88,27,no_support,fc,40970,0.0031303887844842393,-0.005055781917690183,0.1254926507365135,-0.005055781917690183
89,80,no_need,features,14723136,0.0010739472455156829,0.015806775922641236,1.750459309719273,0.015806775922641236
89,80,no_need,classifier,18882560,-0.0037826412476533733,0.0053825494869670365,0.23851206059188812,0.0053825494869670365
89,80,no_need,fc,40970,-0.005333719032933004,0.004937911580782384,0.18318193329211724,0.004937911580782384
89,29,no_support,features,14723136,0.10137720123930194,-0.013742022878020066,1.0194007786342347,-0.013742022878020066
89,29,no_support,classifier,18882560,0.03938610916156904,-0.0007994159670943191,0.2643146302310398,-0.0007994159670943191
89,29,no_support,fc,40970,0.03139050527533982,-0.001568521134686307,0.2176404183779467,-0.001568521134686307
89,9,no_need,features,14723136,-0.4261900359442734,0.2650467982527971,1.4782861192686878,0.2650467982527971
89,9,no_need,classifier,18882560,-0.016633507138067216,0.014600391456042416,0.22243168298001414,0.014600391456042416
89,9,no_need,fc,40970,-0.007422114929795498,0.010212286528258119,0.16761569474124555,0.010212286528258119
89,50,no_support,features,14723136,0.039729568668235515,-0.012641960093105808,2.0384501167788507,-0.012641960093105808
89,50,no_support,classifier,18882560,0.01103554328528844,-0.0032582713583906298,0.29302564717916635,-0.0032582713583906298
89,50,no_support,fc,40970,0.011627416039118543,-0.003323635373817524,0.21517237707932127,-0.003323635373817524
89,26,active,features,14723136,0.04512480358209103,0.006107340223810098,1.0189257836935282,0.006107340223810098
89,26,active,classifier,18882560,0.014173583846513793,0.0007214402489807981,0.1655903337260344,0.0007214402489807981
89,26,active,fc,40970,0.012243974939337932,0.00022804678837928805,0.12801289288231782,0.00022804678837928805
89,81,active,features,14723136,0.01292134283234958,0.004125736207329922,0.7975079015077243,0.004125736207329922
89,81,active,classifier,18882560,0.0032747455859407637,-0.0012554555105452891,0.13539149023792676,-0.0012554555105452891
89,81,active,fc,40970,0.002621619571073097,0.0006062736783860601,0.10540628818812174,0.0006062736783860601
89,48,no_need,features,14723136,-0.04994472723836907,0.009566887889739917,1.3304516253613778,0.009566887889739917
89,48,no_need,classifier,18882560,-0.022066106858801504,0.003561320684184466,0.24670182772772487,0.003561320684184466
89,48,no_need,fc,40970,-0.017795006693631876,0.0013343965429157834,0.2063895385840068,0.0013343965429157834
89,82,no_support,features,14723136,0.030697489786220444,-0.012703808449398224,1.8154100635756236,-0.012703808449398224
89,82,no_support,classifier,18882560,0.002905455343579888,-0.0008638559828000325,0.29498034232320536,-0.0008638559828000325
89,82,no_support,fc,40970,0.004523614697973244,1.1644893675111234e-05,0.22012462179912665,1.1644893675111234e-05
89,37,no_need,features,14723136,-0.5033071588692337,0.2416468481623042,1.238830176329641,0.2416468481623042
89,37,no_need,classifier,18882560,-0.04511792236371548,0.012752945340253063,0.29216881328555283,0.012752945340253063
89,37,no_need,fc,40970,-0.03815750757348724,0.008391976094571874,0.27493641829119,0.008391976094571874
89,15,no_need,features,14723136,-0.025484686379279253,0.0025755180015920587,1.509885519471993,0.0025755180015920587
89,15,no_need,classifier,18882560,-0.008309878171303353,0.002497065098054918,0.2492141822094976,0.002497065098054918
89,15,no_need,fc,40970,-0.0069902248433209024,0.0022429763857871876,0.18496360930610997,0.0022429763857871876
90,82,no_need,features,14723136,-0.4885037215283319,0.17610367868915233,1.1881201285077165,0.17610367868915233
90,82,no_need,classifier,18882560,-0.015827758550130966,0.0030475556912392676,0.20961798356781325,0.0030475556912392676
90,82,no_need,fc,40970,-0.012475613788410556,0.001960660823328908,0.18254021478890434,0.001960660823328908
90,6,no_support,features,14723136,0.010872076829052446,0.0002779380732471637,2.4092417767781225,0.0002779380732471637
90,6,no_support,classifier,18882560,0.012936875740251708,-0.0007956571760132647,0.5877899959006648,-0.0007956571760132647
90,6,no_support,fc,40970,0.01629171047534328,-0.00135231150375148,0.473104694601691,-0.00135231150375148
90,87,no_need,features,14723136,-0.01704689737370302,0.003181921334086013,1.7638000225139707,0.003181921334086013
90,87,no_need,classifier,18882560,-0.005186623024201253,-7.079423093614423e-05,0.2557807755965161,-7.079423093614423e-05
90,87,no_need,fc,40970,-0.007565167277789442,0.0011496821343826014,0.19778555293791678,0.0011496821343826014
90,74,no_need,features,14723136,-0.0207300456688273,0.019951590987545842,0.9845932719938165,0.019951590987545842
90,74,no_need,classifier,18882560,-0.006595498060050886,0.004215781563289056,0.3055975134417641,0.004215781563289056
90,74,no_need,fc,40970,-0.0070705877642467385,0.0026895696491919807,0.2615153568549296,0.0026895696491919807
90,29,no_need,features,14723136,-0.15872119464791012,0.09983766509431291,0.9075095857089167,0.09983766509431291
90,29,no_need,classifier,18882560,-0.010011163203671458,0.0027188966073481424,0.24146721085337344,0.0027188966073481424
90,29,no_need,fc,40970,-0.008680901075422298,0.0011491647858292708,0.21243469533825948,0.0011491647858292708
90,50,no_need,features,14723136,-0.19949983755475387,0.0772559527688017,0.9157910867021566,0.0772559527688017
90,50,no_need,classifier,18882560,-0.00922188042113703,0.0012480387486561995,0.13901799517936247,0.0012480387486561995
90,50,no_need,fc,40970,-0.00711837630115042,-0.00034215676168969367,0.11552838572190854,-0.00034215676168969367
90,62,no_need,features,14723136,-0.012113204214550422,0.003615365530528436,1.8706631238659572,0.003615365530528436
90,62,no_need,classifier,18882560,-0.003595500231767801,0.000675235501773841,0.29617422045691155,0.000675235501773841
90,62,no_need,fc,40970,-0.003166519436490489,0.0007662800373964274,0.2263982430525903,0.0007662800373964274
90,67,no_need,features,14723136,-0.008299668735375576,0.0024767838379773366,0.8089237247507547,0.0024767838379773366
90,67,no_need,classifier,18882560,-0.0008384928008524639,-0.00027081739359857693,0.1414348928351324,-0.00027081739359857693
90,67,no_need,fc,40970,-0.0007860894752411696,-0.0008496621285303263,0.1172241336527453,-0.0008496621285303263
90,12,no_need,features,14723136,-0.0012226912587216532,-0.00014024248100596992,1.6919974303464667,-0.00014024248100596992
90,12,no_need,classifier,18882560,-0.0035686196483766253,0.0024852594763160596,0.27579134962622925,0.0024852594763160596
90,12,no_need,fc,40970,-0.0017196286580656306,0.0020800147040063166,0.20032088712452065,0.0020800147040063166
90,83,no_support,features,14723136,0.012136140102796844,-0.003777940944736713,0.945287209976866,-0.003777940944736713
90,83,no_support,classifier,18882560,-0.0002214353473277697,0.00046835205620254783,0.15930587649730305,0.00046835205620254783
90,83,no_support,fc,40970,-5.396472988650203e-05,-0.00017811498787523306,0.13422201444489668,-0.00017811498787523306
91,36,no_support,features,14723136,0.01728329376274118,-0.004721558953439953,1.296661988682314,-0.004721558953439953
91,36,no_support,classifier,18882560,0.0009117361239532329,-0.000729962921866445,0.21503993512667302,-0.000729962921866445
91,36,no_support,fc,40970,-0.0005812289582536323,-0.0001601536796442815,0.16693395888167806,-0.0001601536796442815
91,75,no_support,features,14723136,0.008627997564040868,-0.002516214316182541,0.8550937425826051,-0.002516214316182541
91,75,no_support,classifier,18882560,0.0012729970043210415,1.1521434402084196e-05,0.13409688904750647,1.1521434402084196e-05
91,75,no_support,fc,40970,0.0003473116378245322,-1.1341920185259369e-05,0.1051004849320672,-1.1341920185259369e-05
91,89,no_need,features,14723136,-0.008147513140187357,0.0023644832545386407,1.123715253041002,0.0023644832545386407
91,89,no_need,classifier,18882560,-0.001024385030547137,0.002011692682458488,0.2837906211448741,0.002011692682458488
91,89,no_need,fc,40970,-0.001219129792957574,0.0017215988564203144,0.24809920693366933,0.0017215988564203144
91,43,no_need,features,14723136,0.0010911900299177542,-0.0005361869799926922,0.984562337697391,-0.0005361869799926922
91,43,no_need,classifier,18882560,-0.001687248595857227,-1.6749030294249678e-05,0.20897228654031733,-1.6749030294249678e-05
91,43,no_need,fc,40970,-0.0022652968618785962,0.00018291625929123256,0.16373611025582846,0.00018291625929123256
91,12,no_need,features,14723136,-0.6235566459772031,0.2347318937554732,1.7985601836243317,0.2347318937554732
91,12,no_need,classifier,18882560,-0.013293459696797072,0.004574673345246083,0.25917271436851236,0.004574673345246083
91,12,no_need,fc,40970,-0.0057069917970693496,0.0019365878827102279,0.17560290230345796,0.0019365878827102279
91,21,no_support,features,14723136,0.0038532307395300336,-0.002063149871469605,1.7414583185326922,-0.002063149871469605
91,21,no_support,classifier,18882560,0.0002943286149559299,-0.0003235757838879749,0.2724414132015855,-0.0003235757838879749
91,21,no_support,fc,40970,0.001147172230957949,-0.00029877341557948967,0.1942951695997938,-0.00029877341557948967
91,95,no_need,features,14723136,-0.0039674680569632415,-0.001743033939693106,2.737992323526567,-0.001743033939693106
91,95,no_need,classifier,18882560,-0.004419651348598563,-0.0002481157641902598,0.7472487863672707,-0.0002481157641902598
91,95,no_need,fc,40970,-0.0026537201847531833,-0.00036636958543567744,0.5235501436050606,-0.00036636958543567744
91,72,active,features,14723136,0.006474999455621243,0.00032372781413503304,1.2129410887145486,0.00032372781413503304
91,72,active,classifier,18882560,0.0005273803608645267,-0.00011518901462892472,0.17380310927261425,-0.00011518901462892472
91,72,active,fc,40970,0.0010917243871517712,-0.00014865976493183553,0.12597737130413258,-0.00014865976493183553
91,24,no_need,features,14723136,-0.005310121605901941,-0.0019115068344586206,1.4746315684093787,-0.0019115068344586206
91,24,no_need,classifier,18882560,-0.0031000825642877317,-0.0002435352456018336,0.2599536255538269,-0.0002435352456018336
91,24,no_need,fc,40970,-0.004481061501792283,-7.20171844932338e-05,0.22135713737582854,-7.20171844932338e-05
91,63,no_support,features,14723136,0.003853249897979083,-0.0013043522783870998,1.8564497487702953,-0.0013043522783870998
91,63,no_support,classifier,18882560,0.0004389663984056824,-0.0003098730412034456,0.2832417024358696,-0.0003098730412034456
91,63,no_support,fc,40970,0.00019976569683421985,-0.0001973286955490039,0.2181847788609553,-0.0001973286955490039
92,34,no_support,features,14723136,0.01883958285118581,-0.004052377817519215,1.60942218541451,-0.004052377817519215
92,34,no_support,classifier,18882560,0.003970577429527111,0.0005873662658473222,0.28649060181485875,0.0005873662658473222
92,34,no_support,fc,40970,0.001834744030929869,0.0003974827384354285,0.25884229066522046,0.0003974827384354285
92,15,active,features,14723136,0.0014883942182137848,0.0020236920402165737,1.4358007240312538,0.0020236920402165737
92,15,active,classifier,18882560,0.00041445899432801525,0.0006222850334864916,0.2129324571305022,0.0006222850334864916
92,15,active,fc,40970,0.0007948521588332369,0.000714736921054282,0.15674089459479204,0.000714736921054282
92,31,no_need,features,14723136,-0.0009428455093996035,0.0018169418629092604,1.294503654646494,0.0018169418629092604
92,31,no_need,classifier,18882560,-0.004454416096450586,0.0022417952645810146,0.19504143950695307,0.0022417952645810146
92,31,no_need,fc,40970,-0.0032341460300813196,0.0014478518896794412,0.15446457930677682,0.0014478518896794412
92,94,no_need,features,14723136,-0.0024136883622496432,-0.006659018322865862,1.0028380745286278,-0.006659018322865862
92,94,no_need,classifier,18882560,-0.007694008696034871,-0.002081423781646663,0.2917466203316025,-0.002081423781646663
92,94,no_need,fc,40970,-0.004444394824531628,-0.0010250983532387181,0.2242502346128543,-0.0010250983532387181
92,46,no_support,features,14723136,0.012536135260301506,-0.005716581438814927,0.9893012736917373,-0.005716581438814927
92,46,no_support,classifier,18882560,-0.0060689300803460355,-0.003247297818802508,0.29084512079970154,-0.003247297818802508
92,46,no_support,fc,40970,-0.0036167465877952054,-0.0027853395367856137,0.24977642201444747,-0.0027853395367856137
92,70,active,features,14723136,0.016898662957309796,-0.001762257740569595,1.1783099576403167,-0.001762257740569595
92,70,active,classifier,18882560,0.0006094286436280072,0.0012900134487381365,0.20505611628075454,0.0012900134487381365
92,70,active,fc,40970,0.0011906156123586698,0.0011759953868022421,0.16705234489551782,0.0011759953868022421
92,19,active,features,14723136,-0.0011612447479052435,0.007491298111514055,1.3260497125403168,0.007491298111514055
92,19,active,classifier,18882560,0.0008004202077245282,0.0005086785849073294,0.17083990084401018,0.0005086785849073294
92,19,active,fc,40970,0.0015744832253403729,0.00038312234551085567,0.128100443066325,0.00038312234551085567
92,80,no_need,features,14723136,-0.002078673443289602,0.007518186266367799,0.6800668827567911,0.007518186266367799
92,80,no_need,classifier,18882560,-8.658244632897549e-05,0.0019041174903122737,0.13296784575676254,0.0019041174903122737
92,80,no_need,fc,40970,0.00028725885294988984,0.0016126808204717236,0.1056717323161691,0.0016126808204717236
92,6,no_support,features,14723136,0.09915599807227693,-0.024445271246973377,2.3463356784796354,-0.024445271246973377
92,6,no_support,classifier,18882560,-0.0020017577223825356,0.0005123330928622494,0.3704970330338678,0.0005123330928622494
92,6,no_support,fc,40970,-0.0015416527403431246,0.0004766990282405459,0.29565317693556487,0.0004766990282405459
92,88,no_need,features,14723136,0.00013866416542640623,0.00031558878085746755,1.3498314677564722,0.00031558878085746755
92,88,no_need,classifier,18882560,-0.002537336897489695,8.896150277593051e-05,0.18440141249447778,8.896150277593051e-05
92,88,no_need,fc,40970,-0.002626061525006662,0.0004807914151570003,0.13776001755803963,0.0004807914151570003
93,70,no_need,features,14723136,-1.044190786242325,0.42616362341811964,2.0797801048540276,0.42616362341811964
93,70,no_need,classifier,18882560,-0.024908960497668886,0.008444875378017969,0.3283821308790932,0.008444875378017969
93,70,no_need,fc,40970,-0.011737724695194629,0.003055009192394209,0.2298507785395097,0.003055009192394209
93,92,active,features,14723136,0.007421908671062736,0.0014335131581191263,6.337606253824364,0.0014335131581191263
93,92,active,classifier,18882560,0.004103301487702993,0.00023490890507105178,1.469260135390958,0.00023490890507105178
93,92,active,fc,40970,0.004090218935743906,0.0001874490876616619,0.8616355426932375,0.0001874490876616619
93,72,no_need,features,14723136,-0.008685723311401715,0.009565136426481047,1.0052142275621778,0.009565136426481047
93,72,no_need,classifier,18882560,-0.004450464204410309,0.00055178573518333,0.17707321698832146,0.00055178573518333
93,72,no_need,fc,40970,-0.0033427386078983545,2.0216973439346475e-05,0.14275720155583307,2.0216973439346475e-05
93,77,no_need,features,14723136,-0.005321542156146108,0.0026047156615618405,1.2160481991926257,0.0026047156615618405
93,77,no_need,classifier,18882560,-0.0004859776021248763,0.0011359983811871643,0.1904013462050421,0.0011359983811871643
93,77,no_need,fc,40970,-0.00035486980095811305,0.0014814074474998051,0.14268984029961332,0.0014814074474998051
93,23,active,features,14723136,0.008324312768685616,0.0021373907175217255,0.9238528282431915,0.0021373907175217255
93,23,active,classifier,18882560,0.0015210332352069145,0.0012044989377955062,0.294158887029593,0.0012044989377955062
93,23,active,fc,40970,0.003710910537847667,0.0009309304573434929,0.24702035351477605,0.0009309304573434929
93,53,no_support,features,14723136,0.033513281110266746,-0.01594331395811821,1.329779041195429,-0.01594331395811821
93,53,no_support,classifier,18882560,0.005560975146408964,-0.002320425330822218,0.27362383488332687,-0.002320425330822218
93,53,no_support,fc,40970,0.006460544740548357,-0.0028452616188587854,0.23270867581813962,-0.0028452616188587854
93,1,no_support,features,14723136,0.007928207250991193,-0.004710665862617702,1.0441687091971488,-0.004710665862617702
93,1,no_support,classifier,18882560,0.004286694447273476,-0.0016315440213929833,0.1699735476379452,-0.0016315440213929833
93,1,no_support,fc,40970,0.003954221541789593,-0.001404061875291518,0.12786565381087264,-0.001404061875291518
93,12,active,features,14723136,0.023072493453621945,0.005680411538612873,1.5141879793901594,0.005680411538612873
93,12,active,classifier,18882560,-0.0007206747962982263,0.0002988338940212998,0.19421392051697844,0.0002988338940212998
93,12,active,fc,40970,-0.0011487983474580687,3.1271198650983933e-05,0.13609508574388474,3.1271198650983933e-05
93,97,no_support,features,14723136,0.005170701397094746,-0.009703678578731001,0.690459896265815,-0.009703678578731001
93,97,no_support,classifier,18882560,0.0010000556923728254,-0.0015970382181080822,0.13087325191579946,-0.0015970382181080822
93,97,no_support,fc,40970,0.0011701420871759183,-0.0018241369525640039,0.09902469404750806,-0.0018241369525640039
93,93,no_need,features,14723136,-0.011336764308982339,0.006538571172583829,0.8836845177124217,0.006538571172583829
93,93,no_need,classifier,18882560,-0.002384368902312417,0.0020541845504453704,0.17327088267432122,0.0020541845504453704
93,93,no_need,fc,40970,-0.003127641568426043,0.002237448064988712,0.1470415867189643,0.002237448064988712
94,13,active,features,14723136,0.007836572436474398,0.009897640871415092,1.2859352491650744,0.009897640871415092
94,13,active,classifier,18882560,0.0039154694445642235,0.0014467528289969778,0.19794946354699955,0.0014467528289969778
94,13,active,fc,40970,0.0037542473983194213,0.0011281813931418583,0.15829962278573326,0.0011281813931418583
94,38,no_need,features,14723136,-0.012132136356839851,-0.011478801580318887,1.0212035961355899,-0.011478801580318887
94,38,no_need,classifier,18882560,-0.00910117570674629,-0.004279401921621684,0.18421934108237167,-0.004279401921621684
94,38,no_need,fc,40970,-0.005739069354603998,-0.00421728703804547,0.14223479702832934,-0.00421728703804547
94,36,no_need,features,14723136,0.0028606947624218995,0.014343920373022456,0.7094107658179597,0.014343920373022456
94,36,no_need,classifier,18882560,-0.006685135866518976,0.004406620813824702,0.17074793009975542,0.004406620813824702
94,36,no_need,fc,40970,-0.003990467177573009,0.003968310955315246,0.13075239865073068,0.003968310955315246
94,14,no_need,features,14723136,-0.034864680035383344,0.005651005789701458,1.0563911236384183,0.005651005789701458
94,14,no_need,classifier,18882560,-0.015166859278906486,0.0011515078205661666,0.19776031321320717,0.0011515078205661666
94,14,no_need,fc,40970,-0.012533023807918653,0.0011422131574363448,0.1584937614467925,0.0011422131574363448
94,57,active,features,14723136,0.009785984491912814,0.010503393561251073,1.1604467276229906,0.010503393561251073
94,57,active,classifier,18882560,0.004613624358626112,0.008263562805041147,0.29019904560996607,0.008263562805041147
94,57,active,fc,40970,-0.00046127377390803304,0.005566122090385761,0.2594172473836037,0.005566122090385761
94,77,no_need,features,14723136,-0.1228186520821879,0.05317795941650161,1.052631576880403,0.05317795941650161
94,77,no_need,classifier,18882560,-0.00705327056311944,0.001686011130288989,0.15446876345527732,0.001686011130288989
94,77,no_need,fc,40970,-0.006955666016438045,0.0016631145826977445,0.12114853493004969,0.0016631145826977445
94,66,no_need,features,14723136,-0.019170147973838425,0.011730163757221135,1.3791493286449112,0.011730163757221135
94,66,no_need,classifier,18882560,-0.006400839796242508,0.002431964420111399,0.22288365928173645,0.002431964420111399
94,66,no_need,fc,40970,-0.004263641680154251,0.0010705663416956668,0.16389105815689395,0.0010705663416956668
94,73,no_support,features,14723136,0.02179479345956281,-0.008864936080946961,1.486535237584027,-0.008864936080946961
94,73,no_support,classifier,18882560,0.004101697482383315,-0.003980818287800503,0.19026156498192007,-0.003980818287800503
94,73,no_support,fc,40970,0.003216899298422504,-0.002886211808799999,0.14613456659406165,-0.002886211808799999
94,3,no_need,features,14723136,-0.0041562265481474014,0.006479589798470187,1.1520578649146027,0.006479589798470187
94,3,no_need,classifier,18882560,-0.004685627133312664,0.001964408237427051,0.20933306992805167,0.001964408237427051
94,3,no_need,fc,40970,-0.0018502511675251299,0.0012155937965872,0.161214225379057,0.0012155937965872
94,0,no_support,features,14723136,0.027061632150747528,-0.008611029633698308,1.4972794792142474,-0.008611029633698308
94,0,no_support,classifier,18882560,0.010989174111273314,-0.004759271897000872,0.3156326776379455,-0.004759271897000872
94,0,no_support,fc,40970,0.005612219423710485,-0.0034707937247731024,0.27213877288893007,-0.0034707937247731024
95,13,no_need,features,14723136,-0.17047390726906997,0.09082824439647652,0.987175239208904,0.09082824439647652
95,13,no_need,classifier,18882560,-0.013466767694808368,0.00559852974788555,0.1935945692393414,0.00559852974788555
95,13,no_need,fc,40970,-0.009492418077570619,0.003191382728800818,0.16080539430127638,0.003191382728800818
95,19,active,features,14723136,0.009365203328854932,0.002423453377286222,1.3678043696587292,0.002423453377286222
95,19,active,classifier,18882560,0.0021392917815887813,-0.0006836912288008534,0.18611549450268813,-0.0006836912288008534
95,19,active,fc,40970,0.0016562538467042032,-0.0002989293820974126,0.14113702033493863,-0.0002989293820974126
95,10,no_need,features,14723136,-0.04778121693232151,0.010280569756503155,1.2682656359855398,0.010280569756503155
95,10,no_need,classifier,18882560,-0.017315115943347337,0.000986007883000184,0.21502757075713502,0.000986007883000184
95,10,no_need,fc,40970,-0.013844747227267362,0.0007762023433315335,0.17492739678310762,0.0007762023433315335
95,24,no_need,features,14723136,-0.03978417124073985,0.00862450770043921,1.211657929155153,0.00862450770043921
95,24,no_need,classifier,18882560,-0.020661638242017943,-0.0003958243675583617,0.21698551027579124,-0.0003958243675583617
95,24,no_need,fc,40970,-0.017300918167165946,-0.001479942900914466,0.17662974112946764,-0.001479942900914466
95,76,no_support,features,14723136,0.011459042115106401,-0.011943843023622946,1.4891762452583157,-0.011943843023622946
95,76,no_support,classifier,18882560,-0.0030877997189691087,-0.001987353374488521,0.19400588093571847,-0.001987353374488521
95,76,no_support,fc,40970,-0.0025544730851834174,-0.001661376270931214,0.15511433548113818,-0.001661376270931214
95,57,no_need,features,14723136,-0.6518236542960949,0.35008411531407546,1.3050850251719135,0.35008411531407546
95,57,no_need,classifier,18882560,-0.042036389548229636,0.009576324746831233,0.3060131689585204,0.009576324746831233
95,57,no_need,fc,40970,-0.032739668517024256,0.005562765250942903,0.2685727510012691,0.005562765250942903
95,88,active,features,14723136,0.01955562180857129,0.0008665015501634343,1.2102036294425211,0.0008665015501634343
95,88,active,classifier,18882560,0.0031867966554273153,0.00188168737486194,0.17686881522008274,0.00188168737486194
95,88,active,fc,40970,0.003151310967950849,0.0018758976502795122,0.1318125603621455,0.0018758976502795122
95,23,no_support,features,14723136,0.059533266816657715,-0.02501059239874337,0.9288847772558655,-0.02501059239874337
95,23,no_support,classifier,18882560,0.010282037436809333,-0.0030303894498047157,0.2675802942114329,-0.0030303894498047157
95,23,no_support,fc,40970,0.005740455049817683,-0.0011394196699257009,0.213949065682758,-0.0011394196699257009
95,61,active,features,14723136,0.03830618637302052,0.019052067350557422,0.9649403931995393,0.019052067350557422
95,61,active,classifier,18882560,0.012042354921504739,0.0044146475449906575,0.20608352649398554,0.0044146475449906575
95,61,active,fc,40970,0.00801796782980091,0.0032343563852919033,0.15861917752445936,0.0032343563852919033
95,31,active,features,14723136,0.030487017557859986,0.009747835060025523,1.1620556859376887,0.009747835060025523
95,31,active,classifier,18882560,0.009592438371328171,0.0036665439738499117,0.15504736804978406,0.0036665439738499117
95,31,active,fc,40970,0.009704829048132524,0.002812878954500775,0.11643315437579367,0.002812878954500775
96,18,active,features,14723136,0.007787979812945876,-0.0017120224460498434,1.3898381968376106,-0.0017120224460498434
96,18,active,classifier,18882560,-0.001458463622356021,0.0008058901366325699,0.30632779856600495,0.0008058901366325699
96,18,active,fc,40970,-0.001604012621100992,0.0009273543632843939,0.2628517151155715,0.0009273543632843939
96,45,no_support,features,14723136,0.005611830873079705,-0.005544764707885008,0.9350103046616763,-0.005544764707885008
96,45,no_support,classifier,18882560,0.0030174236712809943,0.0012811218012984682,0.15731610230153356,0.0012811218012984682
96,45,no_support,fc,40970,0.0026183161407971056,0.0011022323469660478,0.12420903102037062,0.0011022323469660478
96,94,active,features,14723136,0.016134171611376757,0.0002462953164279469,1.0031555122452869,0.0002462953164279469
96,94,active,classifier,18882560,0.0025846967980669433,0.0009767851941546724,0.24890899175885076,0.0009767851941546724
96,94,active,fc,40970,0.0009415125455234374,0.00015663918929931242,0.18437961366537625,0.00015663918929931242
96,24,no_need,features,14723136,-0.410764842460253,0.22587372618787072,1.288170970596689,0.22587372618787072
96,24,no_need,classifier,18882560,-0.00991922300454462,0.0031504186432016468,0.19877179963712785,0.0031504186432016468
96,24,no_need,fc,40970,-0.006349711151415249,0.001305086978845793,0.15937199270638117,0.001305086978845793
96,56,no_support,features,14723136,0.0007737477122837775,-0.002446736650544068,1.2385192765671627,-0.002446736650544068
96,56,no_support,classifier,18882560,0.0058239788352238975,-0.0020332953740762605,0.23800216444282438,-0.0020332953740762605
96,56,no_support,fc,40970,0.005752995843067765,-0.0017013338892866159,0.20840189901798,-0.0017013338892866159
96,67,no_need,features,14723136,-0.01963550710805606,0.008638621359841281,0.8248853928567701,0.008638621359841281
96,67,no_need,classifier,18882560,-0.0018375799970158369,0.0007062104167800953,0.14515857030495344,0.0007062104167800953
96,67,no_need,fc,40970,-0.0005933366892350023,0.0006589870872630854,0.11710593612444199,0.0006589870872630854
96,10,no_need,features,14723136,-1.1955911497618104,0.4564699205245688,2.2808890664562487,0.4564699205245688
96,10,no_need,classifier,18882560,-0.014993213168963848,0.006393375216930508,0.29988032788314295,0.006393375216930508
96,10,no_need,fc,40970,-0.00597689880805774,0.0029393502493348933,0.2168124355832478,0.0029393502493348933
96,14,active,features,14723136,0.029780335504840494,0.0013913000160243882,0.9987807055184097,0.0013913000160243882
96,14,active,classifier,18882560,-0.00018791965550235545,0.0006657506643250599,0.13891406350024368,0.0006657506643250599
96,14,active,fc,40970,-3.1220609912452346e-05,-1.4288701549958205e-05,0.10228811437840403,-1.4288701549958205e-05
96,13,no_need,features,14723136,-0.1715198351494962,0.1211638226018934,1.1971859377025598,0.1211638226018934
96,13,no_need,classifier,18882560,0.002399841142278092,0.0022795798207653206,0.1621654460839824,0.0022795798207653206
96,13,no_need,fc,40970,0.0033764337495085783,0.0009793196600185183,0.12793218651976065,0.0009793196600185183
96,9,no_need,features,14723136,-0.0003503540928004858,-0.0023356215312659856,1.0367303601725224,-0.0023356215312659856
96,9,no_need,classifier,18882560,-0.0033559724188307882,-0.0013954897003713995,0.15671613546616436,-0.0013954897003713995
96,9,no_need,fc,40970,-0.0030829297847958514,-0.0014939515604055487,0.12677029735115072,-0.0014939515604055487
97,13,no_need,features,14723136,-0.3113779231032936,0.16351435978423012,1.3240200584525692,0.16351435978423012
97,13,no_need,classifier,18882560,-0.010529445161409967,0.0034544606178315007,0.19129239123973232,0.0034544606178315007
97,13,no_need,fc,40970,-0.008260200447693933,0.0022621582807005325,0.15067895796703742,0.0022621582807005325
97,48,no_need,features,14723136,-0.006141639378114406,0.0026855994159404872,1.5054945508283601,0.0026855994159404872
97,48,no_need,classifier,18882560,-0.005119039073406384,0.0013157357444697482,0.23076078196796576,0.0013157357444697482
97,48,no_need,fc,40970,-0.006391026756318752,0.0015565580879410845,0.20150660366992698,0.0015565580879410845
97,73,no_need,features,14723136,-0.013454811885996065,0.012072668775793716,0.8889016815843054,0.012072668775793716
97,73,no_need,classifier,18882560,-0.0030333049298860715,0.002835347232348795,0.14542553726724536,0.002835347232348795
97,73,no_need,fc,40970,-0.0023448331085091922,0.0024744776765146526,0.11337842497355888,0.0024744776765146526
97,93,no_support,features,14723136,0.06432673705680259,-0.01133332402314835,1.641366211597041,-0.01133332402314835
97,93,no_support,classifier,18882560,0.016430409194072126,-0.0028237082769919652,0.26314463304160635,-0.0028237082769919652
97,93,no_support,fc,40970,0.015694782217906322,-0.002205565539043164,0.1982249007019623,-0.002205565539043164
97,70,active,features,14723136,0.011704206604060019,8.084318481138553e-05,1.2040401046713736,8.084318481138553e-05
97,70,active,classifier,18882560,0.00010579567322110961,0.0001587066066193188,0.2099540057075941,0.0001587066066193188
97,70,active,fc,40970,0.0012293908985157032,6.0362071735653444e-05,0.1569069963709581,6.0362071735653444e-05
97,1,no_need,features,14723136,-0.025389516153268232,0.01351282662691844,1.22546284659706,0.01351282662691844
97,1,no_need,classifier,18882560,-0.004385699194926929,0.0011715616061565015,0.16774022377454995,0.0011715616061565015
97,1,no_need,fc,40970,-0.004629727809515316,0.0002381536311304444,0.1263820342582764,0.0002381536311304444
97,43,no_need,features,14723136,-0.006884617531994763,-0.017500952429141847,0.7371998114145034,-0.017500952429141847
97,43,no_need,classifier,18882560,-0.0019854028737427143,-0.0030955119785858187,0.14355096646329893,-0.0030955119785858187
97,43,no_need,fc,40970,-0.0007115823709682445,-0.0028452837650547735,0.10076280858493897,-0.0028452837650547735
97,77,active,features,14723136,0.007164469140093387,0.0011757617253778108,1.1298218485603666,0.0011757617253778108
97,77,active,classifier,18882560,0.0031412711590519393,0.0019383014539471333,0.15103924701068727,0.0019383014539471333
97,77,active,fc,40970,0.002825886353093665,0.002032934266026132,0.10508491895269316,0.002032934266026132
97,76,active,features,14723136,0.01611370532135581,0.002455010293299864,1.0941935394924145,0.002455010293299864
97,76,active,classifier,18882560,0.0019405882410410413,-0.0004603975220476286,0.14204173843500095,-0.0004603975220476286
97,76,active,fc,40970,0.0023145973136706743,-0.00011786236609623302,0.11049268529263888,-0.00011786236609623302
97,88,no_support,features,14723136,0.02763134858794203,-0.0018652884772052403,1.3368551488848568,-0.0018652884772052403
97,88,no_support,classifier,18882560,0.003068852241881359,0.0005464002971677928,0.20045880274639383,0.0005464002971677928
97,88,no_support,fc,40970,0.001336176259428612,0.0010972266427415889,0.15933865863366642,0.0010972266427415889
98,21,no_need,features,14723136,-0.011995441071583459,0.0022512123265627793,1.76405828359777,0.0022512123265627793
98,21,no_need,classifier,18882560,-0.003512231158765644,0.00021493786195492248,0.2513925234910362,0.00021493786195492248
98,21,no_need,fc,40970,-0.002288953408424277,0.0004200721214147052,0.18202820256871302,0.0004200721214147052
98,45,active,features,14723136,0.0069938128150823795,-0.0017386558272107777,1.092532146529496,-0.0017386558272107777
98,45,active,classifier,18882560,-0.0019463395751699863,0.001264558477942046,0.20453610505663886,0.001264558477942046
98,45,active,fc,40970,-0.004378827437903965,0.0014287388930824818,0.17054714211122818,0.0014287388930824818
98,83,no_need,features,14723136,-0.01038004827822192,-0.005864765512185954,0.8526939747166152,-0.005864765512185954
98,83,no_need,classifier,18882560,-0.0043513547129805374,-0.002265380083144919,0.1575389863314473,-0.002265380083144919
98,83,no_need,fc,40970,-0.004860121731326217,-0.0022925497260075645,0.13802577096208288,-0.0022925497260075645
98,68,no_need,features,14723136,-0.019760661737393548,6.787086433135414e-05,1.967310905375293,6.787086433135414e-05
98,68,no_need,classifier,18882560,-0.0004669627935172116,-0.0012489466105307656,0.2921007758236826,-0.0012489466105307656
98,68,no_need,fc,40970,0.0016217012416746002,-0.0013385770871536806,0.22202686837224453,-0.0013385770871536806
98,75,active,features,14723136,0.009025992597258892,0.0011191752304426927,0.5565296864632662,0.0011191752304426927
98,75,active,classifier,18882560,0.0036723431302334575,0.0021817606992726724,0.09617923947665218,0.0021817606992726724
98,75,active,fc,40970,0.0031359971908386797,0.0021798985235363944,0.07210621834228544,0.0021798985235363944
98,65,no_need,features,14723136,-0.02829784976523797,0.0100645809562252,1.5349984927204998,0.0100645809562252
98,65,no_need,classifier,18882560,-0.014062198600186093,0.004327391505739797,0.3135892296153828,0.004327391505739797
98,65,no_need,fc,40970,-0.013864674037904479,0.003960813741286984,0.2643417544642345,0.003960813741286984
98,96,active,features,14723136,0.03677291404433447,0.0038899399477685392,0.9334675129327199,0.0038899399477685392
98,96,active,classifier,18882560,0.01122343928545888,0.0009643506389878098,0.20201733991638549,0.0009643506389878098
98,96,active,fc,40970,0.010251485942717409,0.00020731572408294596,0.1648015014341625,0.00020731572408294596
98,1,no_need,features,14723136,-0.12624766002612375,0.08189275135180196,1.2534651582251588,0.08189275135180196
98,1,no_need,classifier,18882560,-0.0023552737133059054,0.00422074858124688,0.15126341940251942,0.00422074858124688
98,1,no_need,fc,40970,-0.00012727961075142957,0.0035193917756259907,0.1112094550445127,0.0035193917756259907
98,77,no_need,features,14723136,-0.11180988563216943,0.062196269523695946,1.0362800453149894,0.062196269523695946
98,77,no_need,classifier,18882560,-0.008842860117511009,0.004865551157081427,0.1474233936487393,0.004865551157081427
98,77,no_need,fc,40970,-0.007448512566043064,0.004069365062605357,0.11363974536330332,0.004069365062605357
98,73,no_need,features,14723136,-0.1577378623857726,0.12238263437269836,0.7700113064391524,0.12238263437269836
98,73,no_need,classifier,18882560,-0.009733973837228405,0.005011340074588588,0.13901204269224202,0.005011340074588588
98,73,no_need,fc,40970,-0.009195222482958343,0.0037084385821799515,0.1166637132961922,0.0037084385821799515
99,81,no_support,features,14723136,0.010770694576500262,-0.002338602236491738,1.0187514334708925,-0.002338602236491738
99,81,no_support,classifier,18882560,0.001985242769819706,-0.00025617863778393257,0.1622288287528894,-0.00025617863778393257
99,81,no_support,fc,40970,0.0018502075026844977,-0.0002774040818849244,0.1262615596469668,-0.0002774040818849244
99,84,no_need,features,14723136,-0.006652148139437486,0.0002748420687481712,1.727213824730535,0.0002748420687481712
99,84,no_need,classifier,18882560,-0.0009830919665603233,0.00011967408148017,0.2340619257939663,0.00011967408148017
99,84,no_need,fc,40970,2.1570636818069033e-05,0.00020783292666237685,0.1676271459866294,0.00020783292666237685
99,60,no_need,features,14723136,-0.012122769270291656,0.0011289520867059366,1.1394964803559506,0.0011289520867059366
99,60,no_need,classifier,18882560,-0.008705173368980468,-0.00036911063347133677,0.23847932272154976,-0.00036911063347133677
99,60,no_need,fc,40970,-0.00585724547636346,0.00016889465632630163,0.18732028767311384,0.00016889465632630163
99,18,no_support,features,14723136,0.007284788023973476,-0.005759000414982118,1.6024918670268282,-0.005759000414982118
99,18,no_support,classifier,18882560,0.0010981674734864555,-0.0004821564960906244,0.263542329478508,-0.0004821564960906244
99,18,no_support,fc,40970,0.0014379364392880234,-0.000550303369948324,0.193953917070942,-0.000550303369948324
99,45,no_need,features,14723136,-0.11966465337809495,0.06750694637034371,1.046767424663996,0.06750694637034371
99,45,no_need,classifier,18882560,-0.0058897163207802805,0.0025220159495802363,0.20275993435838796,0.0025220159495802363
99,45,no_need,fc,40970,-0.004077223288732057,0.0018416185141632013,0.16338526216902363,0.0018416185141632013
99,47,active,features,14723136,0.008875648687080684,0.0037374937753051896,0.840608487857239,0.0037374937753051896
99,47,active,classifier,18882560,0.00034767066108543077,0.0009256327332423098,0.1163177862088952,0.0009256327332423098
99,47,active,fc,40970,-7.425653620884987e-05,0.0006661366016942338,0.0928138424445424,0.0006661366016942338
99,94,no_need,features,14723136,-0.010192277956853957,0.0022881041194153795,0.9409698965294582,0.0022881041194153795
99,94,no_need,classifier,18882560,-0.0008995376282427969,-0.000414157034811069,0.21817341384012334,-0.000414157034811069
99,94,no_need,fc,40970,0.0001476645952607214,-0.000365714734471112,0.15753152681278873,-0.000365714734471112
99,83,no_need,features,14723136,-0.07979054369324956,0.07613164101785408,1.0094059497342394,0.07613164101785408
99,83,no_need,classifier,18882560,0.004187698429632292,0.0014830281360218578,0.15237134630773963,0.0014830281360218578
99,83,no_need,fc,40970,0.004650057828257559,0.0010247309685382788,0.1257804407393962,0.0010247309685382788
99,76,active,features,14723136,0.015185920731795477,-0.0005700856157435652,0.6923888135664332,-0.0005700856157435652
99,76,active,classifier,18882560,0.0025826121707268612,0.0006006065462997867,0.10703018275866083,0.0006006065462997867
99,76,active,fc,40970,0.002184975157433655,0.0006543943623000814,0.08606107534832491,0.0006543943623000814
99,22,no_support,features,14723136,0.021207317524570612,-0.004992131244470954,1.6200370624235936,-0.004992131244470954
99,22,no_support,classifier,18882560,0.0037267678208081634,-0.000555036197880554,0.22767047155820094,-0.000555036197880554
99,22,no_support,fc,40970,0.0026919077663478674,-0.00043239031560915464,0.1752270591282752,-0.00043239031560915464
100,21,active,features,14723136,0.07218805147215335,0.0021867285976284734,1.8497826834941318,0.0021867285976284734
100,21,active,classifier,18882560,0.012354581956060429,0.0020180614342280023,0.26268820790141495,0.0020180614342280023
100,21,active,fc,40970,0.010256835281325039,0.0012462376898838556,0.19734913104467375,0.0012462376898838556
100,69,no_need,features,14723136,-0.01137876992933684,-0.0013724123313938463,1.3856306578040432,-0.0013724123313938463
100,69,no_need,classifier,18882560,-0.006694140515264735,0.00025008480812971356,0.18439804479932206,0.00025008480812971356
100,69,no_need,fc,40970,-0.006648631824646145,-0.001026917594117549,0.13790887439901167,-0.001026917594117549
100,47,no_need,features,14723136,-0.7448324838057943,0.3943363291833748,1.666392930849755,0.3943363291833748
100,47,no_need,classifier,18882560,-0.015048785356157168,0.007640208099928714,0.19959660918617922,0.007640208099928714
100,47,no_need,fc,40970,-0.01006289090946666,0.004914874252790469,0.1524073013251492,0.004914874252790469
100,34,no_need,features,14723136,-0.012004767736742751,-0.004690733134680158,1.6196150081782146,-0.004690733134680158
100,34,no_need,classifier,18882560,-7.207370032347171e-05,-0.0021206478249951033,0.2524905773971347,-0.0021206478249951033
100,34,no_need,fc,40970,-0.0014565056662831921,-0.001664627044192457,0.2261411612044125,-0.001664627044192457
100,65,no_support,features,14723136,0.15579554713913524,-0.02349721581028419,1.8342822922319295,-0.02349721581028419
100,65,no_support,classifier,18882560,0.022567184674699092,0.004384829178889049,0.27582018225779537,0.004384829178889049
100,65,no_support,fc,40970,0.020152776611212175,0.0038786327768320916,0.2053264752218982,0.0038786327768320916
100,81,no_need,features,14723136,-0.5904342125425046,0.33075771958601763,1.31214773760116,0.33075771958601763
100,81,no_need,classifier,18882560,-0.027838939672619745,0.010032715377747081,0.21696244688221175,0.010032715377747081
100,81,no_need,fc,40970,-0.019762043790251482,0.006461108216171851,0.1711490981197354,0.006461108216171851
100,93,no_support,features,14723136,0.08438701415299477,-0.019971773135470272,1.745355784861175,-0.019971773135470272
100,93,no_support,classifier,18882560,0.017728801791236037,-0.0019439827471501303,0.27415092033854405,-0.0019439827471501303
100,93,no_support,fc,40970,0.01499071867146995,-0.0016730619099121213,0.2186871720724166,-0.0016730619099121213
100,44,no_need,features,14723136,-0.01275116043352753,-0.0035846688407570326,1.7530496802400082,-0.0035846688407570326
100,44,no_need,classifier,18882560,-0.004884346476501378,-0.000571927496423541,0.2837314722135817,-0.000571927496423541
100,44,no_need,fc,40970,-0.005799114547698991,-0.000636558257156139,0.23586955220274575,-0.000636558257156139
100,30,no_need,features,14723136,-0.022548550298424175,-0.012729963931576549,0.9693207107608587,-0.012729963931576549
100,30,no_need,classifier,18882560,-0.009795717123324721,-0.004704135424844935,0.2896701190169955,-0.004704135424844935
100,30,no_need,fc,40970,-0.0038515062169608427,-0.004644085624022409,0.23375296077942495,-0.004644085624022409
100,84,no_need,features,14723136,-0.7131175831154906,0.26352225032763954,1.8852713848511462,0.26352225032763954
100,84,no_need,classifier,18882560,-0.02243915058534185,0.006634970985942346,0.261335972093159,0.006634970985942346
100,84,no_need,fc,40970,-0.014743437022843864,0.0038624597546004225,0.19184836652542428,0.0038624597546004225
101,22,no_support,features,14723136,0.09099726077155879,-0.018307843998393025,1.3377963499108352,-0.018307843998393025
101,22,no_support,classifier,18882560,0.02168621518285363,-0.0037112849281584204,0.24334060358794263,-0.0037112849281584204
101,22,no_support,fc,40970,0.018444714340148494,-0.002755325534963049,0.1932418034491324,-0.002755325534963049
101,38,active,features,14723136,0.008588154327725306,0.0029310034229741433,0.6333984299024302,0.0029310034229741433
101,38,active,classifier,18882560,0.007975791717399261,0.001579839270902994,0.11563947639086646,0.001579839270902994
101,38,active,fc,40970,0.005501854000613093,0.00037835143666598015,0.08312916924950046,0.00037835143666598015
101,77,no_support,features,14723136,0.019617817410406246,-0.01881292284194558,1.0270299965815834,-0.01881292284194558
101,77,no_support,classifier,18882560,0.002207497542144665,-0.006709148869958881,0.11626208186164137,-0.006709148869958881
101,77,no_support,fc,40970,0.002242602194655774,-0.005714560114938649,0.08261713206008788,-0.005714560114938649
101,15,no_need,features,14723136,-0.00401690303036162,-0.0021058195028729187,1.074430147555913,-0.0021058195028729187
101,15,no_need,classifier,18882560,-0.008837673265588819,0.0013805337124495054,0.1721204987759388,0.0013805337124495054
101,15,no_need,fc,40970,-0.009012686248752289,0.0009948689032626135,0.1332186087684496,0.0009948689032626135
101,11,no_need,features,14723136,-0.021635375012863278,0.013798757124298788,1.0640294228548277,0.013798757124298788
101,11,no_need,classifier,18882560,-0.00832605256982788,0.00401824125094663,0.19907910107324323,0.00401824125094663
101,11,no_need,fc,40970,-0.009033915084728505,0.0026010254296124913,0.15730173005283493,0.0026010254296124913
101,61,no_need,features,14723136,-0.03185042857197118,0.012258353807254707,1.3753649470105935,0.012258353807254707
101,61,no_need,classifier,18882560,-0.02585165968412184,0.005354850378580522,0.26895449237682917,0.005354850378580522
101,61,no_need,fc,40970,-0.020887104896246456,0.00419410840368073,0.20449942105465926,0.00419410840368073
101,37,no_need,features,14723136,-0.013843728520342324,-0.007208040508658087,0.9007631469872892,-0.007208040508658087
101,37,no_need,classifier,18882560,-0.004274921282330979,-0.007986505276676326,0.17615599122751152,-0.007986505276676326
101,37,no_need,fc,40970,-0.0035159856961399782,-0.006242633979127277,0.15715262133189686,-0.006242633979127277
101,34,no_need,features,14723136,-0.5161803781328445,0.20928119161368386,1.6006865251532143,0.20928119161368386
101,34,no_need,classifier,18882560,-0.020110918649152154,0.0042137317418564635,0.2362943923056025,0.0042137317418564635
101,34,no_need,fc,40970,-0.016574708148255013,0.002660672874185366,0.20436606411121308,0.002660672874185366
101,87,no_need,features,14723136,-0.012080310905886904,0.004963877576155795,0.9160619498814102,0.004963877576155795
101,87,no_need,classifier,18882560,-0.002946883127151523,-0.00043201055996178184,0.12459602994280622,-0.00043201055996178184
101,87,no_need,fc,40970,-0.003825604777375702,-0.0011184491831954801,0.10381383922642719,-0.0011184491831954801
101,3,no_need,features,14723136,-0.008707409522429543,-0.007150691864623582,1.5869075248141145,-0.007150691864623582
101,3,no_need,classifier,18882560,-0.01166203494904039,0.0007199263272923417,0.24331992448619771,0.0007199263272923417
101,3,no_need,fc,40970,-0.0125569464507862,0.00016451601823064266,0.19176921019934381,0.00016451601823064266
102,96,no_need,features,14723136,-0.010609529695781106,-0.00037244538322767085,0.9460129672271057,-0.00037244538322767085
102,96,no_need,classifier,18882560,-0.0002909671739530495,4.9786959188224955e-05,0.17874559885042723,4.9786959188224955e-05
102,96,no_need,fc,40970,0.0011960691144849989,0.00010177545527767506,0.14324913903050973,0.00010177545527767506
102,9,active,features,14723136,0.0021594255986627786,0.006701611947548258,0.8435320724535036,0.006701611947548258
102,9,active,classifier,18882560,0.0003406878196585694,0.0015270320649278801,0.1131391476352903,0.0015270320649278801
102,9,active,fc,40970,0.000710799079570279,0.0017082245140045416,0.08611099070494928,0.0017082245140045416
102,26,no_need,features,14723136,-0.0015651739431365992,-0.002298237087863697,0.8522617390351174,-0.002298237087863697
102,26,no_need,classifier,18882560,-0.0008629935144597312,0.0003631014589871029,0.14824214982302755,0.0003631014589871029
102,26,no_need,fc,40970,0.00011203784561075736,0.0001255963859421172,0.1155954852692138,0.0001255963859421172
102,58,no_need,features,14723136,-0.031340297206725154,0.007465502564819815,1.1066700599328607,0.007465502564819815
102,58,no_need,classifier,18882560,-0.008771101408910909,0.0008502140470625363,0.21279938097779866,0.0008502140470625363
102,58,no_need,fc,40970,-0.007887898464105092,0.0011581745611692895,0.1746526216882091,0.0011581745611692895
102,69,no_support,features,14723136,0.018409566088234186,-0.0057310577739571045,1.5775176719870698,-0.0057310577739571045
102,69,no_support,classifier,18882560,0.002543595094266493,-0.0007903528718884445,0.20661288927100144,-0.0007903528718884445
102,69,no_support,fc,40970,0.0019070134640060132,-0.00039366379064631474,0.1531755614161732,-0.00039366379064631474
102,44,no_support,features,14723136,0.035320180886486696,-0.01197198066348193,1.7843389540651167,-0.01197198066348193
102,44,no_support,classifier,18882560,0.004906559069240757,-0.000814515725636511,0.2503361487971577,-0.000814515725636511
102,44,no_support,fc,40970,0.0037586784528684802,-0.0006887066554099874,0.19992375986490668,-0.0006887066554099874
102,13,no_need,features,14723136,-0.0028493061711465364,-0.0031899821744474366,0.8147980662617131,-0.0031899821744474366
102,13,no_need,classifier,18882560,-0.002160424332942057,-0.0010417538424007944,0.14609961393635548,-0.0010417538424007944
102,13,no_need,fc,40970,-0.0028907348332722904,-0.0007337026704590244,0.11744983653811446,-0.0007337026704590244
102,93,active,features,14723136,0.03501685969023072,0.005789719086049416,1.3344765276308428,0.005789719086049416
102,93,active,classifier,18882560,0.0047255094166303024,-8.492943291571464e-05,0.2404927132365082,-8.492943291571464e-05
102,93,active,fc,40970,0.0021102153750689467,0.0001266351778212993,0.18658796408702485,0.0001266351778212993
102,61,no_need,features,14723136,-0.1609926577658456,0.10305329153470666,0.8192201820397315,0.10305329153470666
102,61,no_need,classifier,18882560,0.0007823456071491819,0.0030257124844865757,0.15791046867575795,0.0030257124844865757
102,61,no_need,fc,40970,0.0013512291097868001,0.0011555429746294976,0.12244906811662391,0.0011555429746294976
102,43,no_support,features,14723136,0.002000761313340149,-0.005012372165804635,0.6549489267397341,-0.005012372165804635
102,43,no_support,classifier,18882560,0.0014791354177532412,-0.0007468225364277714,0.10098325065597095,-0.0007468225364277714
102,43,no_support,fc,40970,0.0010065047595162468,0.0004434813913576363,0.0699944201958583,0.0004434813913576363
103,13,no_need,features,14723136,-0.0898861529914754,0.09208951250373332,0.7391574486608328,0.09208951250373332
103,13,no_need,classifier,18882560,0.001252097272526953,0.0025821838356705484,0.13713099010189972,0.0025821838356705484
103,13,no_need,fc,40970,0.002321282314369455,0.0018910594790213509,0.10947129554619628,0.0018910594790213509
103,34,no_support,features,14723136,0.04544944990680477,-0.008756185206888034,1.4782129739616072,-0.008756185206888034
103,34,no_support,classifier,18882560,0.0041120370233329595,0.0004088985829682201,0.1820087199202361,0.0004088985829682201
103,34,no_support,fc,40970,0.005058922350144712,0.0004971591163211997,0.14856062051618146,0.0004971591163211997
103,27,no_support,features,14723136,0.021127448180180863,-0.005396827554996264,1.2739275152524951,-0.005396827554996264
103,27,no_support,classifier,18882560,0.0037340873650464346,-0.0006084929070198086,0.17528127961858816,-0.0006084929070198086
103,27,no_support,fc,40970,0.003982396514402353,-0.000473898269547135,0.12624465892135373,-0.000473898269547135
103,16,no_support,features,14723136,0.030690385922312657,-0.023450450620391194,0.922206575263468,-0.023450450620391194
103,16,no_support,classifier,18882560,0.0036754676941654907,-0.0037539350174711217,0.2322609058410624,-0.0037539350174711217
103,16,no_support,fc,40970,0.0037858578016312094,-0.0031178833141893847,0.1950190950999113,-0.0031178833141893847
103,72,no_need,features,14723136,-0.023989871254755712,0.005201731780235974,0.9109553908878579,0.005201731780235974
103,72,no_need,classifier,18882560,-0.006363609504660417,0.0011753830053180536,0.1627151803928184,0.0011753830053180536
103,72,no_need,fc,40970,-0.005585519480518997,0.000914583608164321,0.12739753476134127,0.000914583608164321
103,98,no_need,features,14723136,-0.010951858663514003,-0.0018494754684326153,0.8971383031193407,-0.0018494754684326153
103,98,no_need,classifier,18882560,-0.002656094105191187,-0.002194569751623021,0.18949098016237453,-0.002194569751623021
103,98,no_need,fc,40970,-0.0025914230791386217,-0.0017814405564422486,0.1614237393930787,-0.0017814405564422486
103,14,no_need,features,14723136,-0.0022443639995231024,0.00023608873836700184,0.9087076835629353,0.00023608873836700184
103,14,no_need,classifier,18882560,-0.0024745766015712434,0.0005896687947029022,0.1290305186097823,0.0005896687947029022
103,14,no_need,fc,40970,-0.0017157179390778765,0.0007655613671886385,0.09935439657581784,0.0007655613671886385
103,19,active,features,14723136,0.024297227776656882,6.205782227297618e-05,1.07310048093345,6.205782227297618e-05
103,19,active,classifier,18882560,0.00219639312945219,0.00018892594242458927,0.1663615415485066,0.00018892594242458927
103,19,active,fc,40970,0.0029443158073263476,0.00030531748666362546,0.13449174519855267,0.00030531748666362546
103,9,no_need,features,14723136,-0.2838835326419371,0.18717196670365865,1.05906486653647,0.18717196670365865
103,9,no_need,classifier,18882560,-0.008324758727212611,0.0033410270876856885,0.1448471120062706,0.0033410270876856885
103,9,no_need,fc,40970,-0.006698771485389443,0.002422021726033563,0.11883881360382183,0.002422021726033563
103,46,active,features,14723136,0.0012770998308226917,0.01269479588700051,0.9800231323611277,0.01269479588700051
103,46,active,classifier,18882560,-0.0003981312446512675,0.004405596092283304,0.23403049380089483,0.004405596092283304
103,46,active,fc,40970,-0.0008345309879587148,0.004047188216645736,0.1917268371277827,0.004047188216645736
104,29,no_need,features,14723136,-0.006785290468702243,0.008329005933955358,0.7777331612790089,0.008329005933955358
104,29,no_need,classifier,18882560,-0.004443792641723121,0.0006488125300165848,0.20466481831005237,0.0006488125300165848
104,29,no_need,fc,40970,-0.0036410653901839396,0.00019053116602663067,0.17715733930068214,0.00019053116602663067
104,72,no_need,features,14723136,-0.24272663375904813,0.17669990246949396,1.0834959013950423,0.17669990246949396
104,72,no_need,classifier,18882560,-0.0032507380594779534,0.003564731950291389,0.15567003603573004,0.003564731950291389
104,72,no_need,fc,40970,-0.0018492739072826225,0.0022726231818523956,0.11813968422553243,0.0022726231818523956
104,81,active,features,14723136,0.015467148473618408,0.007084904793394742,0.5723830005776315,0.007084904793394742
104,81,active,classifier,18882560,0.0027851449362970015,0.0009583122109120268,0.10634800403316051,0.0009583122109120268
104,81,active,fc,40970,0.0022421103913075058,0.0005769393083028262,0.0866761754778531,0.0005769393083028262
104,80,active,features,14723136,0.011443088529091483,0.0015723902379223276,0.6511325286943308,0.0015723902379223276
104,80,active,classifier,18882560,0.0009932016001812372,-3.7982875593201015e-05,0.12198996151702313,-3.7982875593201015e-05
104,80,active,fc,40970,0.0010149754461963312,0.0004479232975427294,0.09966448975728505,0.0004479232975427294
104,68,no_support,features,14723136,0.020117001702132598,-0.004380128239681369,2.1797937816405635,-0.004380128239681369
104,68,no_support,classifier,18882560,0.000804605896519206,-0.000572170339466993,0.29212586620288683,-0.000572170339466993
104,68,no_support,fc,40970,0.0010127563946298324,-0.0003210544655303238,0.22284881193435993,-0.0003210544655303238
104,85,no_need,features,14723136,-0.0017465634221736077,-0.0007951773036207754,0.9015757845407455,-0.0007951773036207754
104,85,no_need,classifier,18882560,-0.0017073756490617598,-0.001573019739225856,0.1299869141493239,-0.001573019739225856
104,85,no_need,fc,40970,-0.0009896282144836732,-0.0012485863708207035,0.10018133341795532,-0.0012485863708207035
104,14,no_need,features,14723136,-0.3114373200757541,0.23376038530653886,0.8536723820065941,0.23376038530653886
104,14,no_need,classifier,18882560,-0.008332187600217367,0.003967330475404651,0.13928645077848045,0.003967330475404651
104,14,no_need,fc,40970,-0.0055494399239250924,0.002173401273239506,0.11378503103116883,0.002173401273239506
104,0,active,features,14723136,0.007420825389246489,0.0022696925454326333,1.1817843804581945,0.0022696925454326333
104,0,active,classifier,18882560,0.0035425718274382234,0.0014332692371681333,0.244317015335503,0.0014332692371681333
104,0,active,fc,40970,0.003602856868383242,0.0011833747112177662,0.2161878404908365,0.0011833747112177662
104,93,no_support,features,14723136,0.010547726764045251,-0.0020092779177804942,0.8753554606748166,-0.0020092779177804942
104,93,no_support,classifier,18882560,0.0011527179206609617,0.0007869349709324069,0.1468745022426604,0.0007869349709324069
104,93,no_support,fc,40970,0.0017747082456480712,0.0008093029746305547,0.11443186562021773,0.0008093029746305547
104,52,no_support,features,14723136,0.007786549349212633,-0.008197804411661735,1.5877558156158478,-0.008197804411661735
104,52,no_support,classifier,18882560,0.0020972440183868457,-0.00046075997363459464,0.2734979913248458,-0.00046075997363459464
104,52,no_support,fc,40970,0.0007508845214942994,-0.0001950458446913217,0.21865278903537608,-0.0001950458446913217
105,17,no_need,features,14723136,-0.03735962777244595,0.000112267672097488,1.0316244347036807,0.000112267672097488
105,17,no_need,classifier,18882560,-0.015463629311852856,-0.0002879130971322752,0.38282515566631625,-0.0002879130971322752
105,17,no_need,fc,40970,-0.010427242283185478,-0.0007941436629153031,0.3172115590162455,-0.0007941436629153031
105,69,active,features,14723136,0.0005048360976758204,-0.0006488624218263794,1.3628369691723152,-0.0006488624218263794
105,69,active,classifier,18882560,-0.0001983085358574499,0.0011845607799045865,0.1792198594176578,0.0011845607799045865
105,69,active,fc,40970,-7.964912856550654e-05,0.0011818882458101143,0.14429565969034217,0.0011818882458101143
105,35,no_support,features,14723136,0.010656586824936198,-0.0015805741517809224,2.1840518806226465,-0.0015805741517809224
105,35,no_support,classifier,18882560,0.004633377918935366,-0.001657854326595043,0.37161909246670816,-0.001657854326595043
105,35,no_support,fc,40970,0.005912211498070974,-0.0014193926235748222,0.29528607854283034,-0.0014193926235748222
105,86,no_support,features,14723136,0.003950355631779701,-0.00605259461142893,1.429012410188648,-0.00605259461142893
105,86,no_support,classifier,18882560,0.002556055089826259,-0.0016303574161611323,0.23645712248930817,-0.0016303574161611323
105,86,no_support,fc,40970,0.0032033759889600333,-0.0011506311439006822,0.1917187736160316,-0.0011506311439006822
105,83,no_need,features,14723136,0.0004670246745632771,0.00847555108448006,1.0750262102510746,0.00847555108448006
105,83,no_need,classifier,18882560,-0.0025788156019643793,0.0017168123964665938,0.17077735414958584,0.0017168123964665938
105,83,no_need,fc,40970,-0.0011238132142352697,0.000900624715086451,0.1427929067085708,0.000900624715086451
105,84,active,features,14723136,0.00960477556527195,0.006866051635348924,1.1412286691883056,0.006866051635348924
105,84,active,classifier,18882560,0.0038702770314102963,-0.0010691319723719062,0.1549691715437728,-0.0010691319723719062
105,84,active,fc,40970,0.0028211385488248197,-0.0010021592916018562,0.11613201944837132,-0.0010021592916018562
105,23,no_support,features,14723136,0.018929340340026357,-0.01659562386782909,0.7801271435603852,-0.01659562386782909
105,23,no_support,classifier,18882560,0.0011584065937313426,-0.003128462637960183,0.20101867062972326,-0.003128462637960183
105,23,no_support,fc,40970,-0.0012105165360480896,-0.0022028181338100694,0.1617069085440913,-0.0022028181338100694
105,56,no_support,features,14723136,0.01591342147753494,-0.0011482822436654772,1.319051687282096,-0.0011482822436654772
105,56,no_support,classifier,18882560,0.005948101218564261,-0.00011546488403268995,0.2366270689813094,-0.00011546488403268995
105,56,no_support,fc,40970,0.005891610715480056,6.145163956716715e-05,0.20452000939996656,6.145163956716715e-05
105,89,no_support,features,14723136,0.03062270886509566,-0.001836107209250315,0.7716074876457819,-0.001836107209250315
105,89,no_support,classifier,18882560,0.007712841443208163,-3.2136569842577956e-05,0.23922258251201986,-3.2136569842577956e-05
105,89,no_support,fc,40970,0.005027225299272686,7.468546846212121e-05,0.20553062052726054,7.468546846212121e-05
105,60,active,features,14723136,0.02164574420472576,0.003106658246217364,1.0732964599769725,0.003106658246217364
105,60,active,classifier,18882560,0.004552577823687898,0.001879496952824411,0.15940564875575963,0.001879496952824411
105,60,active,fc,40970,0.002423751276182884,0.0012413958611432463,0.11135076127149596,0.0012413958611432463
106,94,no_need,features,14723136,-0.032963740604031955,-0.010059462920864348,0.9718940285547596,-0.010059462920864348
106,94,no_need,classifier,18882560,-0.015096936440386344,0.000988482987622774,0.2689081233949501,0.000988482987622774
106,94,no_need,fc,40970,-0.010769554784928914,0.0015846359474380733,0.21197105397542215,0.0015846359474380733
106,79,no_need,features,14723136,-0.013827475693830138,0.0027236536896957375,1.2324247738755518,0.0027236536896957375
106,79,no_need,classifier,18882560,-0.00855549742209405,0.0023804530619599973,0.30908925543919946,0.0023804530619599973
106,79,no_need,fc,40970,-0.012187539614387788,0.0005893897305213613,0.26211118739021344,0.0005893897305213613
106,36,no_need,features,14723136,-0.019485342224839997,0.003220677930759308,0.6872190613581869,0.003220677930759308
106,36,no_need,classifier,18882560,-0.004718501260413177,-0.0013043681889257641,0.14553888217306776,-0.0013043681889257641
106,36,no_need,fc,40970,-0.0037354986707214266,0.0001914732933983032,0.11840771415083491,0.0001914732933983032
106,8,no_support,features,14723136,0.004024364375013079,-0.001825373013707221,0.8713212629515873,-0.001825373013707221
106,8,no_support,classifier,18882560,0.002721156072766462,-0.00012352495324563506,0.1402058693711625,-0.00012352495324563506
106,8,no_support,fc,40970,0.004105221029021777,0.00021437310442706803,0.11990477125527076,0.00021437310442706803
106,19,no_support,features,14723136,0.009263844825156298,-0.007626475212266115,1.2015269414375724,-0.007626475212266115
106,19,no_support,classifier,18882560,0.0027960639554294175,-0.0007212950655457462,0.14089181108863816,-0.0007212950655457462
106,19,no_support,fc,40970,0.0028497211351350415,-0.0003941820093587012,0.10324954398591271,-0.0003941820093587012
106,16,active,features,14723136,0.007838722937261622,3.602398051327782e-05,1.627488715367965,3.602398051327782e-05
106,16,active,classifier,18882560,0.0004957623043821968,0.003764124606277619,0.21037248019256335,0.003764124606277619
106,16,active,fc,40970,0.0028828112481278367,0.0033660900062386645,0.13927815601772242,0.0033660900062386645
106,13,no_support,features,14723136,0.01757023665611257,-0.002240516818670102,1.0863746697657202,-0.002240516818670102
106,13,no_support,classifier,18882560,0.0039199616053338104,-0.0013195410294883914,0.1551896154185719,-0.0013195410294883914
106,13,no_support,fc,40970,0.0033215656330867205,-0.0017594788914720993,0.12879301883772695,-0.0017594788914720993
106,30,no_need,features,14723136,-0.01962646621196029,0.003328830184230469,1.0378874695733105,0.003328830184230469
106,30,no_need,classifier,18882560,0.0012420529734527008,-0.000563168626456445,0.27214052227320706,-0.000563168626456445
106,30,no_need,fc,40970,0.0053462848663912155,0.0003651161750894971,0.22207524537960965,0.0003651161750894971
106,25,no_support,features,14723136,0.01931745367838289,-0.0019583774695703937,1.554100021938879,-0.0019583774695703937
106,25,no_support,classifier,18882560,0.0027942642084326508,-1.6610158077412507e-05,0.24968421620971232,-1.6610158077412507e-05
106,25,no_support,fc,40970,0.0019688629736265284,-0.0004525137903783616,0.20089303912246664,-0.0004525137903783616
106,3,no_support,features,14723136,0.007896271667000576,-0.0058659272173180455,1.2252000767635978,-0.0058659272173180455
106,3,no_support,classifier,18882560,0.0019464410748355476,0.002218657387402345,0.1765174961815548,0.002218657387402345
106,3,no_support,fc,40970,0.0035113492267555557,0.0021191320101934252,0.12763322752435982,0.0021191320101934252
107,45,no_need,features,14723136,-0.02603005017520843,0.006411480853468987,0.861931056046545,0.006411480853468987
107,45,no_need,classifier,18882560,-0.011527011904036044,-0.00033497838307994243,0.16969947974427715,-0.00033497838307994243
107,45,no_need,fc,40970,-0.009615638438845053,-0.00015524085711149382,0.13901999684432687,-0.00015524085711149382
107,82,no_support,features,14723136,0.03484215476711228,-0.00016656051103680625,2.24153099315956,-0.00016656051103680625
107,82,no_support,classifier,18882560,0.000697168494326661,-0.0003266955497451818,0.3315164039738385,-0.0003266955497451818
107,82,no_support,fc,40970,0.00048461966071045026,-0.00010559389625086624,0.2382517239015065,-0.00010559389625086624
107,32,no_need,features,14723136,-0.03279970171713842,-0.006983470920916446,1.2282675286474496,-0.006983470920916446
107,32,no_need,classifier,18882560,-0.012895758047761774,0.001136642330493487,0.1945592059194081,0.001136642330493487
107,32,no_need,fc,40970,-0.011228749939618865,0.0011385264333512168,0.14314891846206318,0.0011385264333512168
107,52,no_need,features,14723136,-0.002962857119356956,0.0017355357860111553,1.631868156853215,0.0017355357860111553
107,52,no_need,classifier,18882560,-0.00023673859647033169,0.0010867886588812325,0.24012784908024623,0.0010867886588812325
107,52,no_need,fc,40970,-0.002979347493237583,0.0007344786463363562,0.17831718660068982,0.0007344786463363562
107,17,no_support,features,14723136,0.021604845055186672,-0.013952785679158808,1.0229722406393973,-0.013952785679158808
107,17,no_support,classifier,18882560,-0.0008992667321763292,-0.0018486114221332173,0.2374338788518958,-0.0018486114221332173
107,17,no_support,fc,40970,-0.00018437982271279907,-0.0036436896734812763,0.1895375959061924,-0.0036436896734812763
107,96,no_support,features,14723136,0.024952643759256432,-0.0031799597965065374,0.9388424219214683,-0.0031799597965065374
107,96,no_support,classifier,18882560,0.00838746587623973,-0.005095129170058499,0.2046829080346336,-0.005095129170058499
107,96,no_support,fc,40970,0.009672353757196106,-0.0038724795267626178,0.17312217775260919,-0.0038724795267626178
107,6,no_need,features,14723136,-0.013009494817708855,0.013347765072495577,1.8745581167621481,0.013347765072495577
107,6,no_need,classifier,18882560,-0.0009434736854245784,0.003129955355120728,0.45834400274571224,0.003129955355120728
107,6,no_need,fc,40970,-0.0006032938272255706,0.0027736124884540914,0.3694065060256273,0.0027736124884540914
107,57,active,features,14723136,0.022038380821385317,0.006560235254539748,1.0991461700169656,0.006560235254539748
107,57,active,classifier,18882560,0.006929142923127074,0.001603895125526833,0.22480044030722415,0.001603895125526833
107,57,active,fc,40970,0.006283549329964444,0.001960549532668665,0.1914027751849264,0.001960549532668665
107,67,no_support,features,14723136,0.05976055378073397,-0.015171601170226978,1.9118517223933391,-0.015171601170226978
107,67,no_support,classifier,18882560,0.008286324178698123,4.5499425453954245e-05,0.2841093538029831,4.5499425453954245e-05
107,67,no_support,fc,40970,0.006204405668540858,0.0003327019271637255,0.2130316592658594,0.0003327019271637255
107,74,active,features,14723136,0.0074773423982676945,0.003761027020793506,0.8415610990092951,0.003761027020793506
107,74,active,classifier,18882560,0.00872823736153805,0.0011163667894038554,0.24066965040686722,0.0011163667894038554
107,74,active,fc,40970,0.011459938752523158,0.0017268178653466748,0.20300405676053457,0.0017268178653466748
108,61,active,features,14723136,0.0036401395853538077,0.0125722884574202,0.7068604153805201,0.0125722884574202
108,61,active,classifier,18882560,0.0042022841444122605,0.0006980699870382523,0.16146545173738422,0.0006980699870382523
108,61,active,fc,40970,0.001961683904482925,0.0005852602075719915,0.1266683483643186,0.0005852602075719915
108,20,no_support,features,14723136,0.04325062379862743,-0.010520691460527587,2.4610843517779757,-0.010520691460527587
108,20,no_support,classifier,18882560,0.014738703899638494,-0.0013259946131256584,0.4597794854657123,-0.0013259946131256584
108,20,no_support,fc,40970,0.010014989355113357,-0.001077071312465705,0.3193478825395541,-0.001077071312465705
108,59,active,features,14723136,-0.002575214888487663,0.009020084786605764,1.4538401751064143,0.009020084786605764
108,59,active,classifier,18882560,0.0025692047797747364,0.0005531866800012608,0.1784207387452758,0.0005531866800012608
108,59,active,fc,40970,0.0005527147568500368,-0.0004666555960284313,0.12591707675161304,-0.0004666555960284313
108,99,active,features,14723136,0.002461785475293965,0.007698824628924683,0.6618403921358476,0.007698824628924683
108,99,active,classifier,18882560,0.009049690980646119,0.0009337477037547615,0.18918093872447592,0.0009337477037547615
108,99,active,fc,40970,0.003289945645519765,0.0007936212059576064,0.13650878095011082,0.0007936212059576064
108,39,no_need,features,14723136,-0.010030027639505328,-0.0033899580359104675,1.2825336649048584,-0.0033899580359104675
108,39,no_need,classifier,18882560,-0.0009283271300262186,-0.0020718127861982794,0.18020730814743985,-0.0020718127861982794
108,39,no_need,fc,40970,-0.0015521582299697911,-0.0013917334654252045,0.1341769058744442,-0.0013917334654252045
108,42,no_support,features,14723136,0.00832233914595194,-0.005699206632634457,1.5998166618970315,-0.005699206632634457
108,42,no_support,classifier,18882560,-0.003140578742204525,0.0013890579290318783,0.22918700562336147,0.0013890579290318783
108,42,no_support,fc,40970,-0.003839803923256113,0.000764986426474934,0.17002009341656008,0.000764986426474934
108,73,active,features,14723136,0.0007696504105787485,0.008954470914012802,0.5605307042970072,0.008954470914012802
108,73,active,classifier,18882560,0.0004748120931452604,0.0011387206355664148,0.09032210040668555,0.0011387206355664148
108,73,active,fc,40970,0.0017105397209888906,0.003582029039534973,0.07233911339922389,0.003582029039534973
108,53,no_support,features,14723136,0.02202695460355386,-0.004911899830997157,0.9289855719083087,-0.004911899830997157
108,53,no_support,classifier,18882560,0.005940635414845019,0.00041780620676945546,0.21176064946697196,0.00041780620676945546
108,53,no_support,fc,40970,0.005020656961278291,0.0015970754002410104,0.18173674666573164,0.0015970754002410104
108,45,no_need,features,14723136,-0.03784419630298075,0.049381079804760475,0.6592922970283563,0.049381079804760475
108,45,no_need,classifier,18882560,0.0027057146182869474,0.004022596980803428,0.10602204357124544,0.004022596980803428
108,45,no_need,fc,40970,0.002155497566491249,0.0025838930641839397,0.08052270484771512,0.0025838930641839397
108,8,active,features,14723136,0.020909439404128705,0.0011353924521557701,2.1717396425977666,0.0011353924521557701
108,8,active,classifier,18882560,0.004222350072950576,0.0014282695306064852,0.32454114983338606,0.0014282695306064852
108,8,active,fc,40970,0.007057398062897846,0.0003156191896778182,0.22407910678557055,0.0003156191896778182
109,60,no_need,features,14723136,-0.032038553346467324,0.017364903900713102,1.0776261446323028,0.017364903900713102
109,60,no_need,classifier,18882560,-0.009095412953229243,0.0018269394047365495,0.17936936341107268,0.0018269394047365495
109,60,no_need,fc,40970,-0.004693872317147907,0.0005847361878750235,0.13124510583855695,0.0005847361878750235
109,38,no_need,features,14723136,-0.03150931686727887,0.015515030489275716,1.0121675935774233,0.015515030489275716
109,38,no_need,classifier,18882560,-0.007467414920029114,0.0017810448474619989,0.2281508860676444,0.0017810448474619989
109,38,no_need,fc,40970,-0.003783536136324983,0.00026882223664870253,0.17901064786036724,0.00026882223664870253
109,5,no_support,features,14723136,0.014938101153830985,-0.003487939485161462,1.4791491005272157,-0.003487939485161462
109,5,no_support,classifier,18882560,0.010023002252637525,0.0007134293655326474,0.2929608871229348,0.0007134293655326474
109,5,no_support,fc,40970,0.010372816497692838,0.0007052829168969765,0.2261944253240511,0.0007052829168969765
109,54,no_need,features,14723136,-0.014501156064184784,-0.001200295253081407,1.1942325992712082,-0.001200295253081407
109,54,no_need,classifier,18882560,-0.0023107128047286096,-0.0004279769812995937,0.20531494780187926,-0.0004279769812995937
109,54,no_need,fc,40970,-0.0019348204623383936,-0.0004707888601842569,0.17312909746225918,-0.0004707888601842569
109,66,no_need,features,14723136,-0.012385062939316072,-0.010171129337038565,1.372675606678831,-0.010171129337038565
109,66,no_need,classifier,18882560,-7.371961424951223e-05,-0.004135370490985224,0.1960498041759594,-0.004135370490985224
109,66,no_need,fc,40970,-0.00013575695220424677,-0.003002426141392789,0.13901109281389076,-0.003002426141392789
109,33,no_support,features,14723136,0.010289940800404906,-9.244932939722617e-05,0.4348243281740614,-9.244932939722617e-05
109,33,no_support,classifier,18882560,0.0009177635340051893,-9.457406275714675e-05,0.13579226519279947,-9.457406275714675e-05
109,33,no_support,fc,40970,-0.0013459740257530939,0.00014294833772510174,0.10977119454155083,0.00014294833772510174
109,80,no_support,features,14723136,0.01627277439207475,-0.00874373268674411,2.208997995797078,-0.00874373268674411
109,80,no_support,classifier,18882560,-0.0011431432448034684,-0.0006324628386664699,0.2590151462242274,-0.0006324628386664699
109,80,no_support,fc,40970,-0.0033315815780952107,-0.0005651995475091098,0.1857445457606624,-0.0005651995475091098
109,83,no_need,features,14723136,-0.02113413898092631,0.03077612022141807,0.7244055011492605,0.03077612022141807
109,83,no_need,classifier,18882560,-0.0015701784677162323,0.004754435800805368,0.1276708047653367,0.004754435800805368
109,83,no_need,fc,40970,-0.0032769902027212083,0.0037651769271178637,0.11544235163311567,0.0037651769271178637
109,9,active,features,14723136,0.02630157841046099,0.004417789196097033,0.5558955755405124,0.004417789196097033
109,9,active,classifier,18882560,0.008175685848982539,0.002205452872431124,0.09097938005052805,0.002205452872431124
109,9,active,fc,40970,0.0055814590468799,0.0012741538230329752,0.07596325850644871,0.0012741538230329752
109,4,active,features,14723136,0.009371801053326578,0.01282135345105928,0.8941990672594072,0.01282135345105928
109,4,active,classifier,18882560,0.0016768790765695485,0.004826953095744102,0.17304999069837984,0.004826953095744102
109,4,active,fc,40970,0.003494034164759796,0.002859487174646347,0.14729518305012668,0.002859487174646347
110,39,no_support,features,14723136,0.0037208676171509598,-0.010432688304497617,1.5438787218957397,-0.010432688304497617
110,39,no_support,classifier,18882560,0.00040075691066476793,-0.002530492920186589,0.20893049523009194,-0.002530492920186589
110,39,no_support,fc,40970,-0.0011777604504459305,-0.0012122712159907678,0.14949071380505938,-0.0012122712159907678
110,44,no_need,features,14723136,-0.023245059932314405,0.007908847706332267,1.4315703994235782,0.007908847706332267
110,44,no_need,classifier,18882560,-0.007502498348458175,0.0008404795667615872,0.20314475775048232,0.0008404795667615872
110,44,no_need,fc,40970,-0.00384406563534867,0.0005297081124808756,0.16046576971984522,0.0005297081124808756
110,62,no_support,features,14723136,0.0021321769752731257,4.7752551662227916e-05,1.8577161408862244,4.7752551662227916e-05
110,62,no_support,classifier,18882560,-0.00047420830927080715,-0.00037386429085728423,0.2773740099054668,-0.00037386429085728423
110,62,no_support,fc,40970,0.001051249731972348,-0.0001547479206465141,0.21594336872970143,-0.0001547479206465141
110,4,no_need,features,14723136,-0.18051947638412003,0.11700823463112897,1.120949747663218,0.11700823463112897
110,4,no_need,classifier,18882560,-0.0060483366676180594,0.0034661994577618316,0.2429551747156146,0.0034661994577618316
110,4,no_need,fc,40970,-0.0038418822150561027,0.001296843716318108,0.2064357286401287,0.001296843716318108
110,42,no_support,features,14723136,0.011772137492432222,-0.003577186736254845,1.568480842333168,-0.003577186736254845
110,42,no_support,classifier,18882560,4.056095733062648e-05,-0.0007091541229158338,0.22623812668895832,-0.0007091541229158338
110,42,no_support,fc,40970,-0.0010443258188388427,-0.0001335212068624969,0.15319055366030512,-0.0001335212068624969
110,25,active,features,14723136,0.006674433033733608,0.0038146360439572646,1.6363627396242837,0.0038146360439572646
110,25,active,classifier,18882560,-0.0009214260122689666,0.0010242630889933935,0.20858514605235964,0.0010242630889933935
110,25,active,fc,40970,0.0013412182638603554,0.0007411348929053929,0.15470554197465453,0.0007411348929053929
110,0,no_need,features,14723136,-0.017794703942808354,-0.00488550878166194,1.48685000499915,-0.00488550878166194
110,0,no_need,classifier,18882560,-0.004338464114425733,-0.0007842156338284667,0.2332230634179654,-0.0007842156338284667
110,0,no_need,fc,40970,-0.0031889915135252522,-0.0004120579990285478,0.19738378499527512,-0.0004120579990285478
110,45,no_support,features,14723136,0.030019151229616625,-0.032722160359412555,0.9057209270492695,-0.032722160359412555
110,45,no_support,classifier,18882560,0.005400953318712709,-0.005470913820090573,0.1725225336715627,-0.005470913820090573
110,45,no_support,fc,40970,0.002362213866035745,-0.002568732071267732,0.1267382789684161,-0.002568732071267732
110,29,no_support,features,14723136,0.020479073735799602,-0.001724810411786848,1.154036080245648,-0.001724810411786848
110,29,no_support,classifier,18882560,0.0014203982954086314,0.0006505820895199577,0.2101101165313505,0.0006505820895199577
110,29,no_support,fc,40970,-0.0014143713506200584,0.000315254622591965,0.16438159240079825,0.000315254622591965
110,93,active,features,14723136,2.8789622671610005e-05,0.004234633711853064,0.48473799561046277,0.004234633711853064
110,93,active,classifier,18882560,0.0016393349320651396,0.00022102101524978934,0.10469218187264694,0.00022102101524978934
110,93,active,fc,40970,0.0014822385392108117,6.737466264894465e-07,0.086288011747513,6.737466264894465e-07
111,96,active,features,14723136,0.015024930883104304,0.00368779492336202,0.8333023057483019,0.00368779492336202
111,96,active,classifier,18882560,0.0033221961975868908,0.0021325767668258777,0.1575282172868787,0.0021325767668258777
111,96,active,fc,40970,0.0028813284461648436,0.001328313421254279,0.12969944286319532,0.001328313421254279
111,54,no_support,features,14723136,0.017685107047540782,-0.005199754144591395,1.203081173011365,-0.005199754144591395
111,54,no_support,classifier,18882560,0.0009542331848706453,0.000640610096098726,0.16020323054793692,0.000640610096098726
111,54,no_support,fc,40970,0.0015340985337388702,0.0007470392829418415,0.12127832819248921,0.0007470392829418415
111,19,no_need,features,14723136,-0.010857197333223212,0.01017193167848518,1.0515693771182715,0.01017193167848518
111,19,no_need,classifier,18882560,-0.004327838498284109,0.001650433555255404,0.15303833802029668,0.001650433555255404
111,19,no_need,fc,40970,-0.003730018623173237,0.0015467779758182587,0.12025828155044628,0.0015467779758182587
111,97,no_need,features,14723136,-0.007050879212272321,0.002323298850502198,1.041014082664023,0.002323298850502198
111,97,no_need,classifier,18882560,-0.003836511862118641,0.0006361528311344955,0.15866120196568528,0.0006361528311344955
111,97,no_need,fc,40970,-0.002451778073918831,0.0003405988984468422,0.11714141460751608,0.0003405988984468422
111,92,no_support,features,14723136,0.02820564878300047,-0.0016147977692657633,4.922856738857985,-0.0016147977692657633
111,92,no_support,classifier,18882560,0.006611532162423828,-0.0006109759368655432,1.2959154619479936,-0.0006109759368655432
111,92,no_support,fc,40970,0.0021359334896260407,-8.45856870910211e-05,0.737690727422123,-8.45856870910211e-05
111,31,no_support,features,14723136,0.005566937383974847,-0.0014197217453020272,1.2294903608098315,-0.0014197217453020272
111,31,no_support,classifier,18882560,0.0022092795195476356,-0.0006426202270404247,0.17926133945534656,-0.0006426202270404247
111,31,no_support,fc,40970,0.0021572869118244853,-0.0004492681437113788,0.1431167182179234,-0.0004492681437113788
111,81,no_need,features,14723136,-0.006487061846218722,0.0020494164652014035,0.8886536140047835,0.0020494164652014035
111,81,no_need,classifier,18882560,-0.002614993589986625,0.0008719249099726767,0.15487137537496362,0.0008719249099726767
111,81,no_need,fc,40970,-0.0009309167880928726,0.0004411997897477704,0.1223569679693739,0.0004411997897477704
111,2,no_need,features,14723136,-0.007573617887096873,-0.007923455788812817,1.0855433728362565,-0.007923455788812817
111,2,no_need,classifier,18882560,-0.000861250905813904,-0.0023054837411109474,0.1585853801662147,-0.0023054837411109474
111,2,no_need,fc,40970,0.0002535464076345306,-0.0020002134569949703,0.11968575268569197,-0.0020002134569949703
111,24,no_need,features,14723136,-0.005712135898583881,-0.011432567338509614,0.7779895723361143,-0.011432567338509614
111,24,no_need,classifier,18882560,-0.0038049862894240505,-0.001707866259266666,0.13518746953354904,-0.001707866259266666
111,24,no_need,fc,40970,-0.0022833595030533615,-0.0014320101954581332,0.10875521149566593,-0.0014320101954581332
111,9,no_need,features,14723136,0.0005442811198648197,0.006145452305823085,0.8520282902497689,0.006145452305823085
111,9,no_need,classifier,18882560,-0.004054021648698836,0.0030769779127695074,0.13945809409837215,0.0030769779127695074
111,9,no_need,fc,40970,-0.002021502144089027,0.002067010185783147,0.10735647834877417,0.002067010185783147
112,9,no_need,features,14723136,-0.0641026295899394,0.039996827018342174,0.4536245784631142,0.039996827018342174
112,9,no_need,classifier,18882560,-0.0029293114696429257,-0.002257475313854229,0.07030049949895477,-0.002257475313854229
112,9,no_need,fc,40970,-0.0020176657471893122,-0.001129503640186158,0.05741075501321765,-0.001129503640186158
112,19,no_need,features,14723136,-0.12953118508662698,0.09729955127883727,0.6244536068791618,0.09729955127883727
112,19,no_need,classifier,18882560,-0.0008603133393734197,0.0009145384754418728,0.0908204757366665,0.0009145384754418728
112,19,no_need,fc,40970,0.000369909503206145,0.0011522906138452527,0.07586961871124463,0.0011522906138452527
112,7,no_support,features,14723136,0.013773346759528241,-0.003147270650696754,1.481770043691132,-0.003147270650696754
112,7,no_support,classifier,18882560,0.003510157229811739,0.00010884301769920057,0.2873435916221057,0.00010884301769920057
112,7,no_support,fc,40970,0.004024331115942914,-0.00016024831757022184,0.21907706953749953,-0.00016024831757022184
112,49,no_need,features,14723136,-0.0013717492859797176,-0.010987572809460389,1.2362501432059279,-0.010987572809460389
112,49,no_need,classifier,18882560,-0.0039586355121628,0.00015126936585829753,0.1961397751134576,0.00015126936585829753
112,49,no_need,fc,40970,-0.0027009443765564356,0.00023339226731877716,0.1593259081493455,0.00023339226731877716
112,45,active,features,14723136,0.0023516867884856296,0.011016068710873128,0.7124251260481963,0.011016068710873128
112,45,active,classifier,18882560,-0.0010579378670172446,0.003739115368716739,0.13906420783576992,0.003739115368716739
112,45,active,fc,40970,0.0002634554293763358,0.0019393809197936207,0.10765556475772985,0.0019393809197936207
112,35,no_support,features,14723136,0.0244313917658161,-0.005394562119739987,2.08335236683556,-0.005394562119739987
112,35,no_support,classifier,18882560,0.007615736389197991,0.0009953386093002337,0.2979985714046905,0.0009953386093002337
112,35,no_support,fc,40970,0.008238272333983332,0.0010837883110070834,0.22644713419502413,0.0010837883110070834
112,80,no_need,features,14723136,-0.007239249770726097,0.007201372189964417,0.673164665425769,0.007201372189964417
112,80,no_need,classifier,18882560,-7.266973006281319e-05,0.0006546983950102003,0.12416324883148346,0.0006546983950102003
112,80,no_need,fc,40970,0.0006496494529528718,8.164287146428251e-05,0.08781688408491936,8.164287146428251e-05
112,85,no_need,features,14723136,-0.010544297967300055,-0.0007142219175229059,1.3894425292399468,-0.0007142219175229059
112,85,no_need,classifier,18882560,-0.0025851284549389675,-0.0014520408892622072,0.17817026844020947,-0.0014520408892622072
112,85,no_need,fc,40970,-0.002931108385382686,-0.0003907958063109618,0.1271746929676724,-0.0003907958063109618
112,40,active,features,14723136,0.005947584786532899,0.0008946815449952794,1.3296322320983405,0.0008946815449952794
112,40,active,classifier,18882560,-0.0016201218670630624,-3.6566623009548493e-06,0.21556506350721882,-3.6566623009548493e-06
112,40,active,fc,40970,-0.0008062144133873517,0.0003523418254189892,0.17286047164942303,0.0003523418254189892
112,89,no_need,features,14723136,-0.009070382234298789,0.004568583270064153,1.142837032216846,0.004568583270064153
112,89,no_need,classifier,18882560,-0.007532054477451311,0.0006602835777584914,0.2841828864758255,0.0006602835777584914
112,89,no_need,fc,40970,-0.008400029732001713,0.0014100203247835452,0.24970252243843402,0.0014100203247835452
113,73,no_need,features,14723136,-0.01753224599669778,0.01826491145213538,0.9036933976268797,0.01826491145213538
113,73,no_need,classifier,18882560,-0.00382294488235857,0.0039426061437097815,0.13642820654762475,0.0039426061437097815
113,73,no_need,fc,40970,-0.0046280966271297075,0.0038100207057141233,0.11101129155692122,0.0038100207057141233
113,66,no_support,features,14723136,0.00759286990601904,-0.010829934225924376,1.2789503229968722,-0.010829934225924376
113,66,no_support,classifier,18882560,-0.0009753790466788814,0.00011849490491755432,0.17277192774074251,0.00011849490491755432
113,66,no_support,fc,40970,-0.000459197031432268,-0.00014176740819493716,0.12351098377458551,-0.00014176740819493716
113,18,no_support,features,14723136,0.004712852262034773,-0.0019493836423052358,1.2920737523925332,-0.0019493836423052358
113,18,no_support,classifier,18882560,-0.001085516416765131,-0.0005645752092391376,0.23105122127213124,-0.0005645752092391376
113,18,no_support,fc,40970,0.00040307921608473407,-0.0010581763917798526,0.19437987804107393,-0.0010581763917798526
113,74,active,features,14723136,0.0008193302106320743,0.004093006033077273,0.8700286098200478,0.004093006033077273
113,74,active,classifier,18882560,0.00016644857737446728,8.899541348483808e-05,0.24277280771203488,8.899541348483808e-05
113,74,active,fc,40970,0.0020748644528794102,0.0002397910866420716,0.2056112836489019,0.0002397910866420716
113,33,no_support,features,14723136,0.018059264980060163,-0.007385210195749892,1.595515565477403,-0.007385210195749892
113,33,no_support,classifier,18882560,0.0031359955846710363,6.446197360787664e-06,0.27287683419210534,6.446197360787664e-06
113,33,no_support,fc,40970,0.002634938125993358,-8.197644774554647e-05,0.20737234688203504,-8.197644774554647e-05
113,2,active,features,14723136,0.010830213811109601,-0.000741199779326962,1.6751400500744533,-0.000741199779326962
113,2,active,classifier,18882560,-0.00030601613468661526,0.0004692146222282645,0.22743300238174546,0.0004692146222282645
113,2,active,fc,40970,-0.0005446436407510191,0.0004991951782358228,0.15690439553080227,0.0004991951782358228
113,87,no_need,features,14723136,-0.026927367045168182,0.007308786601207373,1.728916882705183,0.007308786601207373
113,87,no_need,classifier,18882560,-0.004827998327527894,0.0006293529673371268,0.21691365736513105,0.0006293529673371268
113,87,no_need,fc,40970,-0.0041619941948738415,0.00044573567356565036,0.155079397794163,0.00044573567356565036
113,29,no_need,features,14723136,-0.009257897196889076,-0.006516095038882952,0.9343319689587043,-0.006516095038882952
113,29,no_need,classifier,18882560,-0.0011576034962104131,-0.0004911666040925411,0.17026457047108676,-0.0004911666040925411
113,29,no_need,fc,40970,0.0001751217014316353,0.0001687901926743507,0.13375939426156813,0.0001687901926743507
113,98,no_need,features,14723136,-0.01114040818367812,3.544555497114743e-06,1.0226263476924071,3.544555497114743e-06
113,98,no_need,classifier,18882560,-0.0016342455739959405,0.0007170081068679224,0.16776557102999107,0.0007170081068679224
113,98,no_need,fc,40970,-0.0004914142750749306,0.00029406178146018647,0.14034786686682002,0.00029406178146018647
113,91,no_need,features,14723136,-0.00953343114179006,0.00707337230113847,0.6669108389226914,0.00707337230113847
113,91,no_need,classifier,18882560,-0.007050736736346153,0.001718945720085685,0.17170208640052037,0.001718945720085685
113,91,no_need,fc,40970,-0.00537782867468195,0.0021995129627612187,0.13365685882326325,0.0021995129627612187
114,40,no_support,features,14723136,0.03139167790703823,-0.006061477375858715,1.5485369766605828,-0.006061477375858715
114,40,no_support,classifier,18882560,0.003386241568477999,0.000871920578163099,0.23188200720048724,0.000871920578163099
114,40,no_support,fc,40970,0.0017461178268831645,0.000684261103742756,0.19276467870343725,0.000684261103742756
114,31,no_need,features,14723136,0.005607938449337267,0.0002439751358096487,1.216139632178816,0.0002439751358096487
114,31,no_need,classifier,18882560,-0.003545960854353325,0.0006721260519952921,0.1553311643231763,0.0006721260519952921
114,31,no_need,fc,40970,-0.003916393763574888,0.0004561350824587862,0.11709612750856507,0.0004561350824587862
114,27,active,features,14723136,0.005601764077745486,0.006745416937008031,1.45207074999034,0.006745416937008031
114,27,active,classifier,18882560,0.0001140012927294265,0.003199554104867275,0.1725385132731378,0.003199554104867275
114,27,active,fc,40970,-8.035846508391842e-05,0.0028306441299719154,0.11912206512758478,0.0028306441299719154
114,50,no_need,features,14723136,-0.004446854715855153,-0.021537392275206457,0.36778053713831,-0.021537392275206457
114,50,no_need,classifier,18882560,-0.0008939382500443571,-0.004176029099085099,0.07070764633642482,-0.004176029099085099
114,50,no_need,fc,40970,-0.0011330688548696344,-0.004509711139689898,0.06047363134283762,-0.004509711139689898
114,71,no_need,features,14723136,-0.03966993387214757,0.02058444104204682,1.0814049477098282,0.02058444104204682
114,71,no_need,classifier,18882560,-0.011472845795651665,0.005064851349516175,0.23701125088362196,0.005064851349516175
114,71,no_need,fc,40970,-0.01169295041836449,0.004057430905959336,0.2112431837203657,0.004057430905959336
114,81,no_need,features,14723136,-0.0031635877404951884,0.0016899544475208472,0.7637747645683028,0.0016899544475208472
114,81,no_need,classifier,18882560,0.0001717050780172258,0.00031758296088924,0.12476071209090069,0.00031758296088924
114,81,no_need,fc,40970,3.1431395200343104e-05,8.16128965510643e-05,0.09647482618313725,8.16128965510643e-05
114,99,no_support,features,14723136,-0.0016713431814103777,0.002039693756096028,1.032837337052484,0.002039693756096028
114,99,no_support,classifier,18882560,0.00817486714458937,-0.0013104119289550908,0.27541197834196424,-0.0013104119289550908
114,99,no_support,fc,40970,0.007952164218295366,-0.0018093268236043514,0.19388301396884491,-0.0018093268236043514
114,97,no_support,features,14723136,0.020615869697905964,-0.006267858718670638,1.334211163916964,-0.006267858718670638
114,97,no_support,classifier,18882560,0.004204057359856961,0.00024690044804742683,0.16008215324714592,0.00024690044804742683
114,97,no_support,fc,40970,0.002748649840214057,0.00033189825762747205,0.10904210894042785,0.00033189825762747205
114,73,no_need,features,14723136,-0.13338757273817237,0.11451881319206336,0.6845407162421285,0.11451881319206336
114,73,no_need,classifier,18882560,-0.0017490933363433214,0.0006919741922217781,0.10029115000180622,0.0006919741922217781
114,73,no_need,fc,40970,0.0001257514832104789,0.0004944882791733107,0.0793735645052157,0.0004944882791733107
114,49,no_support,features,14723136,0.04818674387246347,-0.005554753401668222,1.5993070794953719,-0.005554753401668222
114,49,no_support,classifier,18882560,0.007482348318717413,0.0021439107240439625,0.19752500157597402,0.0021439107240439625
114,49,no_support,fc,40970,0.007238078003865667,0.0023186638100014534,0.14601014344863597,0.0023186638100014534
115,61,no_need,features,14723136,-0.0021616500789036763,0.002333756273827703,0.9439824855702534,0.002333756273827703
115,61,no_need,classifier,18882560,-0.0015781070703724254,-0.0005702852172930761,0.26769267022904963,-0.0005702852172930761
115,61,no_need,fc,40970,-0.0009343703613922116,-0.00018761919818643946,0.20270149570090973,-0.00018761919818643946
115,64,no_support,features,14723136,0.019876235512914064,-0.0022119101217370485,1.0620203785020415,-0.0022119101217370485
115,64,no_support,classifier,18882560,0.008217030088417232,-0.0023592428304368696,0.29441017811525877,-0.0023592428304368696
115,64,no_support,fc,40970,0.007447397307259962,-0.0034438115890225163,0.24556741771659976,-0.0034438115890225163
115,42,active,features,14723136,0.0284549373293288,0.021716859913141207,1.4444232149142326,0.021716859913141207
115,42,active,classifier,18882560,0.005843443322191888,0.005115057982948201,0.16539192098249977,0.005115057982948201
115,42,active,fc,40970,0.005092566014354816,0.0037646883520210395,0.11440776351848243,0.0037646883520210395
115,88,no_need,features,14723136,-0.03519399463044692,0.0006796544209386468,1.3869968674763007,0.0006796544209386468
115,88,no_need,classifier,18882560,-0.011461719959697803,0.0011463271227114546,0.21551875783930263,0.0011463271227114546
115,88,no_need,fc,40970,-0.008826592515106313,0.0013388234851845482,0.1718027790486995,0.0013388234851845482
115,27,no_need,features,14723136,-0.1875193756875433,0.09451261204773687,1.2029756067585,0.09451261204773687
115,27,no_need,classifier,18882560,-0.005385605996707454,0.004977738329216663,0.1353192501895472,0.004977738329216663
115,27,no_need,fc,40970,-0.0035090819146716967,0.003705219347466482,0.09944033547943466,0.003705219347466482
115,95,no_need,features,14723136,-0.011953684945467556,-0.00015441558553064283,2.8097996261776945,-0.00015441558553064283
115,95,no_need,classifier,18882560,-0.010213735424713377,0.0008447058451679368,0.8635335518812208,0.0008447058451679368
115,95,no_need,fc,40970,-0.004790842285729013,0.00029026627771600033,0.5427999659718294,0.00029026627771600033
115,92,active,features,14723136,0.04541592113113779,0.002037324577251809,3.8239073315635057,0.002037324577251809
115,92,active,classifier,18882560,-0.007466659472811443,0.0014124668032309273,1.4369627792628037,0.0014124668032309273
115,92,active,fc,40970,0.009308110828897043,-0.00020514158313744701,0.8089025678763491,-0.00020514158313744701
115,50,no_need,features,14723136,-1.1036379334625508,0.4170591745772185,2.5989794199124834,0.4170591745772185
115,50,no_need,classifier,18882560,-0.03136574976178963,0.011586836513743037,0.3479271772282637,0.011586836513743037
115,50,no_need,fc,40970,-0.018053993182547856,0.006696935477521038,0.22895146448894144,0.006696935477521038
115,45,no_need,features,14723136,-0.007562137347726149,-0.02337531136402049,0.924660649658027,-0.02337531136402049
115,45,no_need,classifier,18882560,-0.005661142772396488,-0.005986536484442695,0.14224601866711484,-0.005986536484442695
115,45,no_need,fc,40970,-0.005309067400958156,-0.004269419039701461,0.10962574857641717,-0.004269419039701461
115,85,no_support,features,14723136,0.02740467860932938,-0.005020843844313561,1.19764920785835,-0.005020843844313561
115,85,no_support,classifier,18882560,0.00842526681299205,-0.002238401285467262,0.14575926528707456,-0.002238401285467262
115,85,no_support,fc,40970,0.007409062629449181,-0.0016601469314991846,0.10775543295244236,-0.0016601469314991846
116,27,no_need,features,14723136,-0.16299071881519467,0.09088950690639308,1.160311311679351,0.09088950690639308
116,27,no_need,classifier,18882560,-0.004748994789679273,0.0038506254479671043,0.14786061302842637,0.0038506254479671043
116,27,no_need,fc,40970,-0.0037929573154542595,0.0027881632158823777,0.10547727652576933,0.0027881632158823777
116,8,no_need,features,14723136,3.857857758760019e-05,0.008899829531124226,1.2220263390236352,0.008899829531124226
116,8,no_need,classifier,18882560,-0.0009485596712579536,7.656991022031434e-05,0.19013980450269033,7.656991022031434e-05
116,8,no_need,fc,40970,-0.00037939671619824367,-0.00011263955434515083,0.14960024451925233,-0.00011263955434515083
116,49,no_need,features,14723136,0.005596941657131538,-0.004481043365974102,1.4761550237514618,-0.004481043365974102
116,49,no_need,classifier,18882560,-0.004270792308034288,0.0005804482095754793,0.26100962146166606,0.0005804482095754793
116,49,no_need,fc,40970,-0.002606611948067439,0.00014655361974291736,0.20524407307840878,0.00014655361974291736
116,32,no_need,features,14723136,-0.001752752575235661,-0.0004082230151922772,0.7660219257301023,-0.0004082230151922772
116,32,no_need,classifier,18882560,5.790838390140607e-05,-0.0013201998538647786,0.11924213246919162,-0.0013201998538647786
116,32,no_need,fc,40970,5.5942461813174305e-05,-0.0008834286099954625,0.08952528428142371,-0.0008834286099954625
116,15,no_need,features,14723136,-0.007222036535935672,-0.00427132260596963,1.560988259338132,-0.00427132260596963
116,15,no_need,classifier,18882560,-0.0017392952846648768,-0.0009843951319226107,0.21289699832092554,-0.0009843951319226107
116,15,no_need,fc,40970,-0.0017955129451365792,-0.0008715079648027313,0.14897321103096772,-0.0008715079648027313
116,35,no_need,features,14723136,-0.021283769974942857,-0.0007617845917184951,2.1517571265059248,-0.0007617845917184951
116,35,no_need,classifier,18882560,-0.00698241306372438,0.0003245742472870461,0.28799727520690227,0.0003245742472870461
116,35,no_need,fc,40970,-0.006926275604200782,0.00028041998393746326,0.22443429236431542,0.00028041998393746326
116,70,active,features,14723136,0.012319709503557874,0.0033149103258018897,2.8112122845503937,0.0033149103258018897
116,70,active,classifier,18882560,0.005014750308873772,0.00085931188390731,0.40729291064368356,0.00085931188390731
116,70,active,fc,40970,0.007066286416375078,-0.00044307377856966923,0.2787598797121715,-0.00044307377856966923
116,59,no_need,features,14723136,-0.008051742189572053,0.004766581701765915,1.3772172045731266,0.004766581701765915
116,59,no_need,classifier,18882560,-0.0017686631218509774,0.0009399104424119287,0.20574427285288974,0.0009399104424119287
116,59,no_need,fc,40970,0.0001567394665471511,0.0002805147828439658,0.1488051490943029,0.0002805147828439658
116,31,active,features,14723136,0.004702174975605544,0.007454695010046919,0.7622989753521268,0.007454695010046919
116,31,active,classifier,18882560,0.0017034136785696319,0.0006081265443640405,0.10359779808880935,0.0006081265443640405
116,31,active,fc,40970,0.001682259893641458,0.0006192455384734785,0.07771156156086871,0.0006192455384734785
116,30,no_support,features,14723136,0.011046619538131353,-0.00963192738650065,0.662715931157223,-0.00963192738650065
116,30,no_support,classifier,18882560,0.003695327408877347,-0.0008828051572393747,0.2597908395590399,-0.0008828051572393747
116,30,no_support,fc,40970,0.004329273215262219,-0.000537771708195578,0.22478189736073118,-0.000537771708195578
117,69,active,features,14723136,0.023219446010728007,0.009496176463557049,1.1487598662677603,0.009496176463557049
117,69,active,classifier,18882560,0.005561818923979445,0.0018684446383758768,0.16293250791068717,0.0018684446383758768
117,69,active,fc,40970,0.005036972488596803,0.0016520189738002955,0.131923355319673,0.0016520189738002955
117,35,no_need,features,14723136,-0.711153419350353,0.23464874644815836,1.890324089163495,0.23464874644815836
117,35,no_need,classifier,18882560,-0.010800066663023244,0.0048367470120638245,0.23656855135454727,0.0048367470120638245
117,35,no_need,fc,40970,-0.007249170022987528,0.003065436614178907,0.18261262950063423,0.003065436614178907
117,52,no_support,features,14723136,0.048402349550173085,-0.015303257417926375,1.5293624549363125,-0.015303257417926375
117,52,no_support,classifier,18882560,0.013060972175480856,-0.0029282490356763446,0.2228089804731189,-0.0029282490356763446
117,52,no_support,fc,40970,0.00809482157274033,-0.0022238765113797854,0.16846797832392116,-0.0022238765113797854
117,51,no_support,features,14723136,0.016337418451541907,-0.005242510157579261,1.242131758446828,-0.005242510157579261
117,51,no_support,classifier,18882560,0.007585993682823755,-0.000557929018896175,0.23645386030431342,-0.000557929018896175
117,51,no_support,fc,40970,0.009186065806716215,-0.0010990257724188268,0.20529688725504167,-0.0010990257724188268
117,26,active,features,14723136,0.007880187392672156,0.0045536224992019925,0.9592341857346843,0.0045536224992019925
117,26,active,classifier,18882560,0.00507946525249281,8.615981261073102e-05,0.1616465677338421,8.615981261073102e-05
117,26,active,fc,40970,0.006232030427781865,-0.0008027598873923125,0.130508041682334,-0.0008027598873923125
117,15,no_need,features,14723136,-0.40760435533093187,0.1876773950788646,1.157864316754604,0.1876773950788646
117,15,no_need,classifier,18882560,-0.008505541006798012,0.0025751913262865855,0.13799412167423156,0.0025751913262865855
117,15,no_need,fc,40970,-0.005042684981162893,0.0019994970116385957,0.09320596235870356,0.0019994970116385957
117,76,active,features,14723136,0.007267217086315725,0.012712136984774247,0.9662730574315859,0.012712136984774247
117,76,active,classifier,18882560,0.004589494269339411,0.00030440137300047354,0.155285281474066,0.00030440137300047354
117,76,active,fc,40970,0.005653140677168267,-0.0018965498347824905,0.12935254058369575,-0.0018965498347824905
117,48,active,features,14723136,0.007701381349235703,0.0006488627166589822,1.7084443037003645,0.0006488627166589822
117,48,active,classifier,18882560,-0.0006194577016458425,0.0010378326218187794,0.23251947138609486,0.0010378326218187794
117,48,active,fc,40970,-0.00498921259350027,0.0014532437180605484,0.20239286133673884,0.0014532437180605484
117,98,no_support,features,14723136,0.01848153001975561,-0.025426486028024442,1.1057602972149716,-0.025426486028024442
117,98,no_support,classifier,18882560,0.0033092147124307303,-0.0023764524174794133,0.1586335811578241,-0.0023764524174794133
117,98,no_support,fc,40970,0.004180543070106069,-0.0011866694062518945,0.12298316186516654,-0.0011866694062518945
117,12,no_support,features,14723136,0.04017551083882154,-0.0021003125445204773,1.2717412908252947,-0.0021003125445204773
117,12,no_support,classifier,18882560,0.006566406091224053,-0.0009464620314361127,0.1556493398393202,-0.0009464620314361127
117,12,no_support,fc,40970,0.004283568156097317,-0.0008851839434100839,0.10869961624946838,-0.0008851839434100839
118,46,no_support,features,14723136,0.04448871714009783,-0.006573451158750743,1.0519689857704924,-0.006573451158750743
118,46,no_support,classifier,18882560,0.013754884103946097,-0.0015033802200150603,0.2322174557650245,-0.0015033802200150603
118,46,no_support,fc,40970,0.009266156223020516,-0.0012488318438954593,0.19913994854260414,-0.0012488318438954593
118,57,no_need,features,14723136,-0.0010957159586837423,-0.0032564900683205167,1.1524476774158336,-0.0032564900683205167
118,57,no_need,classifier,18882560,-0.0031727461146147107,0.00043860798133721346,0.30951377347716025,0.00043860798133721346
118,57,no_need,fc,40970,0.001128394913394004,-8.600374167144764e-05,0.27705363320727233,-8.600374167144764e-05
118,0,active,features,14723136,0.007435626411805174,0.00526518101622564,1.0748205755768294,0.00526518101622564
118,0,active,classifier,18882560,-0.0011027154021121532,0.000865123680881652,0.20668775035282697,0.000865123680881652
118,0,active,fc,40970,0.0004953282614224008,0.001135797159804497,0.1804271380868075,0.001135797159804497
118,86,no_support,features,14723136,0.019395963293302287,-0.008764074138781552,1.787830187098539,-0.008764074138781552
118,86,no_support,classifier,18882560,0.0020939318792443373,-0.0015881547124081408,0.3299649171981045,-0.0015881547124081408
118,86,no_support,fc,40970,0.0006053560173313599,-0.0004446125603863038,0.27834441034663593,-0.0004446125603863038
118,26,no_need,features,14723136,-0.3095071319792737,0.19714302455906818,1.094182627429115,0.19714302455906818
118,26,no_need,classifier,18882560,-0.013223003404164047,0.007014647555706688,0.18221706015528036,0.007014647555706688
118,26,no_need,fc,40970,-0.008255366064986447,0.003314004622552602,0.14289736047130655,0.003314004622552602
118,80,no_support,features,14723136,0.03492707473751011,-0.031187920570943106,0.7366426602625654,-0.031187920570943106
118,80,no_support,classifier,18882560,0.007734439268006099,-0.006390303393800423,0.1253722005279976,-0.006390303393800423
118,80,no_support,fc,40970,0.00688455918134423,-0.003239925988964387,0.10078560628342711,-0.003239925988964387
118,73,no_support,features,14723136,0.010958218276201137,-0.02154691171074319,0.9034366149294091,-0.02154691171074319
118,73,no_support,classifier,18882560,0.0008048069790902446,-0.0031747429981123787,0.13638059666146068,-0.0031747429981123787
118,73,no_support,fc,40970,0.002456680317663995,-0.003314763518574182,0.11106103523144231,-0.003314763518574182
118,20,no_support,features,14723136,0.08317058922617093,-0.011969900760254504,2.44732734460636,-0.011969900760254504
118,20,no_support,classifier,18882560,0.015362330430434668,-0.0008926607473114245,0.4753412494043387,-0.0008926607473114245
118,20,no_support,fc,40970,0.010304215662472416,-0.0009692622511465743,0.3306677292708079,-0.0009692622511465743
118,63,active,features,14723136,-0.0026150116099756815,0.008192183148382881,0.8475510406723392,0.008192183148382881
118,63,active,classifier,18882560,0.0017368101243846468,0.0015604943670268767,0.16295690548975791,0.0015604943670268767
118,63,active,fc,40970,0.0030128159542073263,0.0017548602218084852,0.13554898971163992,0.0017548602218084852
118,98,no_need,features,14723136,-0.07659188050115517,0.02773980705952539,0.8504335695941754,0.02773980705952539
118,98,no_need,classifier,18882560,-0.010153547173104016,0.00447664314310714,0.17203963016095675,0.00447664314310714
118,98,no_need,fc,40970,-0.009930561944202054,0.0028942529015694163,0.1487432274105752,0.0028942529015694163
119,81,no_support,features,14723136,0.0405147796797678,-0.01587783021027178,0.8922230241038532,-0.01587783021027178
119,81,no_support,classifier,18882560,0.010089036461067735,-0.0032158468271745733,0.1758998897003157,-0.0032158468271745733
119,81,no_support,fc,40970,0.0060252288822084665,-0.002271667071909178,0.13693474023544178,-0.002271667071909178
119,6,no_need,features,14723136,-0.019679470001051413,0.005983915149315067,2.6449348180324845,0.005983915149315067
119,6,no_need,classifier,18882560,-0.014704782101034652,0.0036053430960691912,0.4822859887786358,0.0036053430960691912
119,6,no_need,fc,40970,-0.021481853793375194,0.0043018246524297865,0.3855965934846754,0.0043018246524297865
119,64,no_need,features,14723136,-0.02371159369172915,0.0081245599186488,1.4207886930000284,0.0081245599186488
119,64,no_need,classifier,18882560,-0.005594441082848789,0.0004244004489493136,0.2542025229847391,0.0004244004489493136
119,64,no_need,fc,40970,-0.005402577364293393,-0.0015689674546592869,0.20451870721576867,-0.0015689674546592869
119,84,no_support,features,14723136,0.0030227098947079884,-0.012107833952619274,1.7664416100294478,-0.012107833952619274
119,84,no_support,classifier,18882560,-0.00043940334802528014,-0.0010910289925050165,0.20720136008117435,-0.0010910289925050165
119,84,no_support,fc,40970,-0.0003225645946258737,-0.0006850340728306037,0.14909451498763862,-0.0006850340728306037
119,20,no_need,features,14723136,-0.5887182302169549,0.18257016069242127,1.2876251592696784,0.18257016069242127
119,20,no_need,classifier,18882560,-0.03678784022849868,0.00760736864572209,0.2708372715380251,0.00760736864572209
119,20,no_need,fc,40970,-0.022707230964442715,0.004600694891450985,0.20924032452285443,0.004600694891450985
119,2,no_support,features,14723136,0.01601129130716572,-0.01809592404984528,1.4645175786952689,-0.01809592404984528
119,2,no_support,classifier,18882560,0.005114052687076764,-0.0037772394043713575,0.19490490325848037,-0.0037772394043713575
119,2,no_support,fc,40970,0.002390769432167872,-0.0028724513394990936,0.1333889675544679,-0.0028724513394990936
119,8,no_need,features,14723136,-0.00991100689297042,0.00877863704624815,1.2031809845266817,0.00877863704624815
119,8,no_need,classifier,18882560,-0.0026749486253265786,0.0009622107522773149,0.1832776639118534,0.0009622107522773149
119,8,no_need,fc,40970,-0.0008980407928902423,0.002433924710203428,0.12901958707653394,0.002433924710203428
119,4,no_need,features,14723136,0.005289192652710993,0.005551142240650009,1.1191885131358508,0.005551142240650009
119,4,no_need,classifier,18882560,-0.002736862593792466,0.0005178055654937452,0.21419760132075563,0.0005178055654937452
119,4,no_need,fc,40970,-0.0030250538111431524,-1.6053696526796557e-05,0.17151879552077454,-1.6053696526796557e-05
119,66,no_need,features,14723136,0.0019540088583021023,0.0061609358146963444,1.446982587440257,0.0061609358146963444
119,66,no_need,classifier,18882560,-0.0022815910821236685,0.0008736026197624369,0.1904537684007248,0.0008736026197624369
119,66,no_need,fc,40970,-0.001358435441943584,0.0006650347036156745,0.1416133551732928,0.0006650347036156745
119,92,no_support,features,14723136,0.15224351588614127,-0.019139744985466223,5.051700718627424,-0.019139744985466223
119,92,no_support,classifier,18882560,0.004287288536716005,-0.0017163844759124913,1.4990866502906233,-0.0017163844759124913
119,92,no_support,fc,40970,0.00370998602011241,-0.0012613667986443033,0.8078095164094902,-0.0012613667986443033
120,61,no_support,features,14723136,0.0170076852848684,-0.00915549062925436,0.8032962182629492,-0.00915549062925436
120,61,no_support,classifier,18882560,0.0029740017337189784,0.00018176798909053105,0.2033578383883843,0.00018176798909053105
120,61,no_support,fc,40970,0.0022016312468622345,3.5379767268750584e-05,0.1644595617880942,3.5379767268750584e-05
120,34,no_need,features,14723136,-0.010390823682023148,0.0005887183480197677,1.8697808938791505,0.0005887183480197677
120,34,no_need,classifier,18882560,-0.005081625307411741,0.0004875822743883873,0.23105170633814756,0.0004875822743883873
120,34,no_need,fc,40970,-0.005169351770746289,0.000677989630275988,0.1909612011940072,0.000677989630275988
120,64,no_need,features,14723136,-0.11737558661221215,0.06997250192662818,1.1237401330663555,0.06997250192662818
120,64,no_need,classifier,18882560,0.0023102155034848693,0.002421932480274336,0.17870928281711945,0.002421932480274336
120,64,no_need,fc,40970,0.0025869320870697265,0.0018919347758128424,0.14244679523659287,0.0018919347758128424
120,11,no_support,features,14723136,0.020917851510589003,-0.00799243523533022,1.5870565378785582,-0.00799243523533022
120,11,no_support,classifier,18882560,0.003357708550765892,0.000738098157114564,0.20975251320936175,0.000738098157114564
120,11,no_support,fc,40970,0.003446559334406629,0.0004107950467187038,0.1565158921818065,0.0004107950467187038
120,96,no_need,features,14723136,0.0005030602077020769,-0.00040084074633561784,0.7774274200393652,-0.00040084074633561784
120,96,no_need,classifier,18882560,-0.004082529383140354,0.0003730159392034693,0.14616028949848345,0.0003730159392034693
120,96,no_need,fc,40970,-0.003307550407043891,0.0005025559266869095,0.1177289405276559,0.0005025559266869095
120,18,no_need,features,14723136,-0.007159091463719847,-0.0003415843264313878,1.5720608367973523,-0.0003415843264313878
120,18,no_need,classifier,18882560,-0.008342368012108636,0.0009045861359027185,0.23465971245951361,0.0009045861359027185
120,18,no_need,fc,40970,-0.006796367299102712,0.0005015268145598384,0.18135926375309583,0.0005015268145598384
120,82,no_support,features,14723136,0.0036849162903678234,-0.0008027199203048951,1.570874535395135,-0.0008027199203048951
120,82,no_support,classifier,18882560,0.005588695323240245,0.00017741216692002126,0.2123504126440034,0.00017741216692002126
120,82,no_support,fc,40970,0.005120235793583561,0.0004263108407940308,0.16616648665670844,0.0004263108407940308
120,52,no_need,features,14723136,-0.008769129913559937,0.002071547567744858,1.5296879415796738,0.002071547567744858
120,52,no_need,classifier,18882560,-0.0031375248754557106,0.0006162327235017528,0.26361539278367946,0.0006162327235017528
120,52,no_need,fc,40970,-0.0018915471573563991,0.0005900447085878113,0.19707774859147445,0.0005900447085878113
120,72,no_support,features,14723136,0.013677526513566463,-0.002477908206853563,1.1152555071190142,-0.002477908206853563
120,72,no_support,classifier,18882560,0.001434623948512126,-0.0010934175818420044,0.15829079360583473,-0.0010934175818420044
120,72,no_support,fc,40970,0.0016651969926897436,-0.0010267819488944951,0.11653714603064604,-0.0010267819488944951
120,92,no_need,features,14723136,-1.0382383808953364,0.16015130350899653,3.8110230223926775,0.16015130350899653
120,92,no_need,classifier,18882560,-0.10337715131754521,0.015380765041754785,1.1752159057010612,0.015380765041754785
120,92,no_need,fc,40970,-0.03416061567077122,0.004959142329198585,0.6714595971434005,0.004959142329198585
121,93,no_need,features,14723136,-0.023665373630649356,0.007709948395948629,0.8966077195967186,0.007709948395948629
121,93,no_need,classifier,18882560,-0.006003473190503428,0.0012883760492741203,0.153686849851291,0.0012883760492741203
121,93,no_need,fc,40970,-0.004301571665564552,0.0007286276190825447,0.12217860830183645,0.0007286276190825447
121,68,no_support,features,14723136,0.036945425336625703,-0.0036196531338141824,2.2794470022047073,-0.0036196531338141824
121,68,no_support,classifier,18882560,0.00658654907260825,-0.0004870846562212705,0.3033725303273914,-0.0004870846562212705
121,68,no_support,fc,40970,0.007345820416958304,-0.00028758317262145283,0.21333835744581783,-0.00028758317262145283
121,94,active,features,14723136,0.009190027242738097,0.009748925949345733,0.7574944149011913,0.009748925949345733
121,94,active,classifier,18882560,0.004597529089096497,0.0024862079310423724,0.18587914175060813,0.0024862079310423724
121,94,active,fc,40970,0.0021568315896729473,0.0013399955478234915,0.13493532846314918,0.0013399955478234915
121,13,active,features,14723136,0.010927702112809357,0.011634015418401589,0.8893853294781175,0.011634015418401589
121,13,active,classifier,18882560,0.005234461965073933,0.0018357087391223104,0.16809736292036762,0.0018357087391223104
121,13,active,fc,40970,0.005259366407699417,0.0013956451266494696,0.1403332147134823,0.0013956451266494696
121,36,active,features,14723136,0.013209377377634723,0.005535427645853019,0.5848592306732495,0.005535427645853019
121,36,active,classifier,18882560,0.004190503122572409,0.0015278974892680708,0.12134247148753351,0.0015278974892680708
121,36,active,fc,40970,0.0026428384389873827,0.001754369972331915,0.09822464285556481,0.001754369972331915
121,11,no_need,features,14723136,-0.3847985517363668,0.17608296179614058,1.2319573960092867,0.17608296179614058
121,11,no_need,classifier,18882560,-0.00858687711524908,0.0053625779707999754,0.16250458599946863,0.0053625779707999754
121,11,no_need,fc,40970,-0.006842083221272333,0.0036301870131865144,0.12495016116340585,0.0036301870131865144
121,5,no_support,features,14723136,0.014717459578832862,-0.0034566143419283435,1.9717462128979593,-0.0034566143419283435
121,5,no_support,classifier,18882560,0.006000354463594704,-0.001685691862803651,0.272626650000123,-0.001685691862803651
121,5,no_support,fc,40970,0.006581492936675204,-0.0012566775667437469,0.20661793067400788,-0.0012566775667437469
121,1,no_support,features,14723136,0.020495350786575276,-0.018665799541423667,1.056081918977619,-0.018665799541423667
121,1,no_support,classifier,18882560,0.002489142215040374,-0.004062434209117782,0.1604771487230308,-0.004062434209117782
121,1,no_support,fc,40970,0.002370735829572368,-0.0032510349446965847,0.13306803409820522,-0.0032510349446965847
121,40,no_need,features,14723136,-0.003418038358177,0.0063708011754854965,1.4969989522160447,0.0063708011754854965
121,40,no_need,classifier,18882560,-0.00044478751502197156,0.0010219484199751605,0.22013743809902983,0.0010219484199751605
121,40,no_need,fc,40970,0.0002682898339116946,0.00019218816476040956,0.172118083294536,0.00019218816476040956
121,7,no_support,features,14723136,0.023305411948840046,-0.004865875098097661,1.7400893764381495,-0.004865875098097661
121,7,no_support,classifier,18882560,0.002648991224305064,0.0012205571923686875,0.27642493104943766,0.0012205571923686875
121,7,no_support,fc,40970,-0.0004308995335122745,0.0012841100851801457,0.201771939685258,0.0012841100851801457
122,73,no_need,features,14723136,-0.02182373339050514,0.014533789561539834,1.0253974730485684,0.014533789561539834
122,73,no_need,classifier,18882560,-0.004369121238141815,0.0037482686468592874,0.13616296138005596,0.0037482686468592874
122,73,no_need,fc,40970,-0.0030849779650452547,0.002530792799007031,0.1091302969963936,0.002530792799007031
122,64,no_support,features,14723136,0.047258749632121066,4.006638814502139e-05,1.7629784088368319,4.006638814502139e-05
122,64,no_support,classifier,18882560,0.012222612380355713,-0.001507586673710648,0.30512447010452864,-0.001507586673710648
122,64,no_support,fc,40970,0.009456432235310785,-0.0009360446838400094,0.2275049931129325,-0.0009360446838400094
122,37,no_need,features,14723136,-0.02580404440800521,0.01270072975612635,1.2704872766254494,0.01270072975612635
122,37,no_need,classifier,18882560,-0.00797016162186992,0.0034472530978746363,0.22398611503415564,0.0034472530978746363
122,37,no_need,fc,40970,-0.007975087937666103,0.002950665515527362,0.20203029208822146,0.002950665515527362
122,69,no_support,features,14723136,0.031746731569541,-0.01002030941198484,1.054904423824042,-0.01002030941198484
122,69,no_support,classifier,18882560,0.008317842448377633,-0.0021309233545707684,0.1541941100568234,-0.0021309233545707684
122,69,no_support,fc,40970,0.0052890774568368215,-0.0008532884253327211,0.12216743219326488,-0.0008532884253327211
122,31,no_need,features,14723136,-0.006620756413447282,0.011700245989089808,0.9639139320963698,0.011700245989089808
122,31,no_need,classifier,18882560,-0.0017291861857984259,0.003412621984125508,0.1312823762516688,0.003412621984125508
122,31,no_need,fc,40970,-0.0009325043010903755,0.0025247997109545395,0.09673713390119826,0.0025247997109545395
122,48,no_support,features,14723136,0.03711912398674144,-0.0025317000884346186,1.4298755260200002,-0.0025317000884346186
122,48,no_support,classifier,18882560,0.00623617217206629,0.0004110669059400607,0.2191774661295553,0.0004110669059400607
122,48,no_support,fc,40970,0.0031949372496455908,0.0009605596742403577,0.1814074518997435,0.0009605596742403577
122,77,no_support,features,14723136,0.005676754278958641,-0.00663009545609583,0.772757261712812,-0.00663009545609583
122,77,no_support,classifier,18882560,0.0011659840478159822,0.0001242681033843951,0.10397529783992938,0.0001242681033843951
122,77,no_support,fc,40970,0.0006844321696917177,0.0007215048963189474,0.07992661258022003,0.0007215048963189474
122,41,active,features,14723136,0.003378502125876537,0.00046638160834433506,1.076461165636194,0.00046638160834433506
122,41,active,classifier,18882560,-0.0023717168994608073,0.0006716022242017061,0.16922702103328233,0.0006716022242017061
122,41,active,fc,40970,0.00039935009090186213,0.00010654027937562205,0.13130750195238566,0.00010654027937562205
122,53,no_support,features,14723136,0.04271806983681614,-0.0072631097414088686,1.2541073952464639,-0.0072631097414088686
122,53,no_support,classifier,18882560,0.006548589762132906,0.002909237890321492,0.26078005446791214,0.002909237890321492
122,53,no_support,fc,40970,0.007392321422230452,0.000936590515266289,0.20723964069183576,0.000936590515266289
122,75,no_need,features,14723136,-0.01514225148152093,0.010154438956298861,1.0071394171760997,0.010154438956298861
122,75,no_need,classifier,18882560,-0.0037202792677817342,0.0006859144476507595,0.14379225256215358,0.0006859144476507595
122,75,no_need,fc,40970,-0.0028183207505207974,0.000912559215521469,0.11174043621879448,0.000912559215521469
123,46,no_support,features,14723136,0.014437734249284517,-0.005073291868498586,1.0086267804573033,-0.005073291868498586
123,46,no_support,classifier,18882560,-0.002314217629191262,-0.0012418439021075756,0.269306115932422,-0.0012418439021075756
123,46,no_support,fc,40970,-0.004965186089975759,-0.0005392771313381672,0.22651302653270297,-0.0005392771313381672
123,43,no_support,features,14723136,0.03075037072926534,-0.0316577558948552,0.7797451265006765,-0.0316577558948552
123,43,no_support,classifier,18882560,0.009073003328921914,-0.008392371659738274,0.1467501492207453,-0.008392371659738274
123,43,no_support,fc,40970,0.006452641351643251,-0.006359794038871769,0.11393337286140957,-0.006359794038871769
123,84,no_need,features,14723136,-0.030092107004179525,0.005974212090940512,1.219772449550325,0.005974212090940512
123,84,no_need,classifier,18882560,-0.007062157329528418,0.0003745920009237125,0.16877265832550498,0.0003745920009237125
123,84,no_need,fc,40970,-0.006297368647210533,8.290463210869348e-05,0.12601052667787319,8.290463210869348e-05
123,11,no_support,features,14723136,0.040798327475442875,-0.00952490279074425,1.3594825969502127,-0.00952490279074425
123,11,no_support,classifier,18882560,0.0051265792853882886,-0.002069022565706291,0.17284482078223273,-0.002069022565706291
123,11,no_support,fc,40970,0.0035330601313035004,-0.0014873864229230094,0.124103939375414,-0.0014873864229230094
123,66,active,features,14723136,0.002421276077839707,0.012667947877076813,1.1075191740197357,0.012667947877076813
123,66,active,classifier,18882560,0.0010751814305081098,0.0025065354541311535,0.15252545635122447,0.0025065354541311535
123,66,active,fc,40970,-7.638213355676271e-05,0.0023494023089369875,0.1172076438780438,0.0023494023089369875
123,92,no_need,features,14723136,-0.023526396972442853,0.006085842872920466,4.6117922323089315,0.006085842872920466
123,92,no_need,classifier,18882560,-0.02125088926004537,0.0044612970712023525,1.3651850107601189,0.0044612970712023525
123,92,no_need,fc,40970,-0.00725882411825296,0.0014569078903150512,0.7640137764549172,0.0014569078903150512
123,16,no_need,features,14723136,0.002340880111589172,0.00047965327610910435,0.5415941014926196,0.00047965327610910435
123,16,no_need,classifier,18882560,-0.0017442254163597681,0.00041204359057189777,0.1259650179389305,0.00041204359057189777
123,16,no_need,fc,40970,-0.0015473131898033898,-0.00019884599669239833,0.10337026452260793,-0.00019884599669239833
123,19,no_need,features,14723136,-0.011780013012440804,0.003107412304704127,0.4805671264994433,0.003107412304704127
123,19,no_need,classifier,18882560,-0.003397092802970292,-0.0014058381821087096,0.08163219676428801,-0.0014058381821087096
123,19,no_need,fc,40970,-0.002937763827503659,-0.000849889574055851,0.07100252912125399,-0.000849889574055851
123,96,active,features,14723136,0.011690693105990135,-6.735773123622835e-05,0.7387122663945586,-6.735773123622835e-05
123,96,active,classifier,18882560,0.006520632471620047,-2.0201889185500477e-05,0.14139074484147002,-2.0201889185500477e-05
123,96,active,fc,40970,0.003660143547676853,0.00019640729078673758,0.11019122259667641,0.00019640729078673758
123,37,no_need,features,14723136,-0.5489600180741263,0.29055989012198324,1.2403791106997049,0.29055989012198324
123,37,no_need,classifier,18882560,-0.020860283955698833,0.00798949888212519,0.20272702840564344,0.00798949888212519
123,37,no_need,fc,40970,-0.015417418195283972,0.005092741273983847,0.17987392962568075,0.005092741273983847
124,43,no_need,features,14723136,-0.05413210452688588,0.03845685166804458,0.9397060757831053,0.03845685166804458
124,43,no_need,classifier,18882560,-0.0033379609427584,0.002793692117165847,0.17731720285145006,0.002793692117165847
124,43,no_need,fc,40970,-0.0014627522978116758,0.0016742941343181883,0.12984104337481012,0.0016742941343181883
124,96,no_need,features,14723136,-0.09413151068756775,0.07102609496426204,0.9247314115333064,0.07102609496426204
124,96,no_need,classifier,18882560,-6.693524539969076e-05,0.0004842490010332767,0.15325495372656858,0.0004842490010332767
124,96,no_need,fc,40970,0.00047185289577100775,0.0004885858453462788,0.11604113868711637,0.0004885858453462788
124,9,no_support,features,14723136,3.416167390923874e-05,-0.009423461558576207,0.3245507676259734,-0.009423461558576207
124,9,no_support,classifier,18882560,0.0011092512631876161,-0.00046642505340344087,0.05364407684528124,-0.00046642505340344087
124,9,no_support,fc,40970,0.0007179855151662196,-0.0004127012376784478,0.04412469912216245,-0.0004127012376784478
124,0,no_need,features,14723136,-0.01712601990767837,0.0016366902250624094,1.2086350679436053,0.0016366902250624094
124,0,no_need,classifier,18882560,-0.0017124177863934165,-0.00015544879672546585,0.21568096729300415,-0.00015544879672546585
124,0,no_need,fc,40970,-0.0012784439413735527,-0.00017257195759157185,0.18612933614390037,-0.00017257195759157185
124,74,no_need,features,14723136,-0.016570276641147075,-0.00045490653636903744,1.0221496802237504,-0.00045490653636903744
124,74,no_need,classifier,18882560,0.0006179582627510172,-0.00044699827182625995,0.24747845879409444,-0.00044699827182625995
124,74,no_need,fc,40970,0.0010336827053833986,-0.0008692170990798331,0.21040473633001114,-0.0008692170990798331
124,19,no_need,features,14723136,-0.2537496851825267,0.2381394879270431,0.9339995050477714,0.2381394879270431
124,19,no_need,classifier,18882560,-0.004791482741211439,0.003166599495898481,0.1207411304390924,0.003166599495898481
124,19,no_need,fc,40970,-0.0025513846549074515,0.0014361453518176859,0.09012826724698457,0.0014361453518176859
124,1,active,features,14723136,0.012822667548533673,0.0012569408951463856,1.101328820509983,0.0012569408951463856
124,1,active,classifier,18882560,0.0018218456909835368,0.00034859039789125745,0.1538582975006334,0.00034859039789125745
124,1,active,fc,40970,0.0008469143117508793,0.001092944492938841,0.1225588021582944,0.001092944492938841
124,23,no_need,features,14723136,-0.019148249297572306,0.0007212257728177462,1.145024908250897,0.0007212257728177462
124,23,no_need,classifier,18882560,-0.0009190767151210366,-0.00024000192340167814,0.26971287554569906,-0.00024000192340167814
124,23,no_need,fc,40970,0.00042771311154865543,-0.00023338086839430616,0.20916133019472044,-0.00023338086839430616
124,38,no_need,features,14723136,-0.0018427146552859597,-0.00174562875984563,0.5723243687791141,-0.00174562875984563
124,38,no_need,classifier,18882560,0.00043442065839371935,0.0020858408707908893,0.1125839154115686,0.0020858408707908893
124,38,no_need,fc,40970,0.00011992818781436654,0.001003386687443708,0.08301832690421944,0.001003386687443708
124,66,no_need,features,14723136,-0.15675410553572533,0.10072828591921379,0.7745965594294544,0.10072828591921379
124,66,no_need,classifier,18882560,-0.001907532197677142,0.0013686961534062903,0.11679098441075521,0.0013686961534062903
124,66,no_need,fc,40970,-0.0008122945791910752,0.0005520983681890357,0.08569954519262465,0.0005520983681890357
125,27,no_need,features,14723136,-0.01211400843757815,-0.01623569045492701,0.9182452276676965,-0.01623569045492701
125,27,no_need,classifier,18882560,-0.005879917328229567,-0.0035806514335945394,0.11550861017275375,-0.0035806514335945394
125,27,no_need,fc,40970,-0.004075102166098077,-0.003819705363639514,0.08201869137333491,-0.003819705363639514
125,62,no_support,features,14723136,0.028201400528246268,-0.009742360719869225,1.9550153100949494,-0.009742360719869225
125,62,no_support,classifier,18882560,0.003393534385395469,-0.000992646526583485,0.28793153045218106,-0.000992646526583485
125,62,no_support,fc,40970,0.004465673653612612,-0.0008219347200792981,0.21631381985710385,-0.0008219347200792981
125,32,active,features,14723136,0.0015232691042648128,0.021183740212158853,0.8740181215508995,0.021183740212158853
125,32,active,classifier,18882560,0.007247322238072229,0.004249121939892575,0.15248769210334126,0.004249121939892575
125,32,active,fc,40970,0.008325152699399041,0.001498065758823941,0.11293322535924813,0.001498065758823941
125,10,active,features,14723136,-0.0019295926068636504,0.014408622562058326,0.7050379012971906,0.014408622562058326
125,10,active,classifier,18882560,0.002489849173230141,0.0021028405811307493,0.1354646470345373,0.0021028405811307493
125,10,active,fc,40970,0.0026344526995671913,0.001585391800290381,0.1078388515374578,0.001585391800290381
125,22,no_need,features,14723136,-0.032501822317954066,-0.0027910829057447017,1.750408111707438,-0.0027910829057447017
125,22,no_need,classifier,18882560,-0.010799028237670427,0.0010370743066232535,0.27226010779077087,0.0010370743066232535
125,22,no_need,fc,40970,-0.00712858733459143,0.00043158437620149925,0.20648408889914188,0.00043158437620149925
125,72,no_need,features,14723136,-0.03895718902459322,-0.005966235649999874,1.007268873251838,-0.005966235649999874
125,72,no_need,classifier,18882560,-0.008639392413442692,-0.0036586293772415956,0.16241318525012122,-0.0036586293772415956
125,72,no_need,fc,40970,-0.004040721483761445,-0.00323918057983974,0.12641187600197998,-0.00323918057983974
125,64,no_support,features,14723136,3.550840853705495e-05,-0.0012538134855546446,0.7997770621609872,-0.0012538134855546446
125,64,no_support,classifier,18882560,0.00785699399330042,-0.002719412678061417,0.17416152971710597,-0.002719412678061417
125,64,no_support,fc,40970,0.005187512571865227,-0.002331896748728468,0.1494131304927661,-0.002331896748728468
125,25,no_support,features,14723136,0.0027545073530852457,-0.007161525665651425,1.5920555978404745,-0.007161525665651425
125,25,no_support,classifier,18882560,0.002475292727837086,-0.0007414868500745797,0.1835325110069511,-0.0007414868500745797
125,25,no_support,fc,40970,0.0053561094937322196,-0.0003671385366033064,0.1379527245156771,-0.0003671385366033064
125,86,active,features,14723136,0.02983995618344437,-6.395056674790567e-05,1.3946953259316988,-6.395056674790567e-05
125,86,active,classifier,18882560,0.005793318276118953,0.002639387458202691,0.24395683708171814,0.002639387458202691
125,86,active,fc,40970,0.0061420971651386935,0.0016701868489690241,0.19972608233207512,0.0016701868489690241
125,60,no_support,features,14723136,0.04819939574731791,-0.002837022815718626,1.106573999598997,-0.002837022815718626
125,60,no_support,classifier,18882560,0.016035217471653596,0.00030040458470637077,0.1814850161500493,0.00030040458470637077
125,60,no_support,fc,40970,0.011475506042188499,0.0006353612889142823,0.12595934568855358,0.0006353612889142823
126,84,no_support,features,14723136,0.015419723550600395,-0.015081014722895247,1.8912466204634315,-0.015081014722895247
126,84,no_support,classifier,18882560,-0.004115822852099882,-0.0016422123798065513,0.21086191064260845,-0.0016422123798065513
126,84,no_support,fc,40970,-0.005306816687152605,-0.0010722243894178973,0.14351345427205484,-0.0010722243894178973
126,7,no_need,features,14723136,0.0066925288482764245,-0.008108735190635485,1.5740564322267219,-0.008108735190635485
126,7,no_need,classifier,18882560,-0.002710629132707254,-0.0002738965623052536,0.23796511104167195,-0.0002738965623052536
126,7,no_need,fc,40970,-0.007813394553522812,-0.00013094843507133191,0.17960604811033776,-0.00013094843507133191
126,64,no_need,features,14723136,-0.28422862815463645,0.15692317044221227,1.3762652457941915,0.15692317044221227
126,64,no_need,classifier,18882560,-0.03994224814414338,0.01641315065398885,0.2483522000564896,0.01641315065398885
126,64,no_need,fc,40970,-0.028873111892607994,0.01192075599101372,0.1947448267021893,0.01192075599101372
126,76,no_support,features,14723136,0.05560264010843241,-0.02038284341150387,1.4358010665742804,-0.02038284341150387
126,76,no_support,classifier,18882560,0.01487257892586058,-0.0030406088493464267,0.21069863788551457,-0.0030406088493464267
126,76,no_support,fc,40970,0.018184336251579225,-0.005112671569804661,0.16619980551592264,-0.005112671569804661
126,15,no_need,features,14723136,-0.01280311093354669,0.0024920924921474352,1.0645076429681868,0.0024920924921474352
126,15,no_need,classifier,18882560,-0.004491248847898532,-0.0003345725531289645,0.13513347131321923,-0.0003345725531289645
126,15,no_need,fc,40970,-0.004366953553471831,-0.0015584396378471865,0.09263370843360047,-0.0015584396378471865
126,46,no_support,features,14723136,0.02471266015381346,-0.002745357041900931,1.1196932673023121,-0.002745357041900931
126,46,no_support,classifier,18882560,-0.0018905395746742215,0.0008251553001628054,0.21552162142845316,0.0008251553001628054
126,46,no_support,fc,40970,-0.0041111237169388914,-0.001195425532387162,0.16766833688118518,-0.001195425532387162
126,27,no_need,features,14723136,-0.13577967908366873,0.12174907684340042,0.8821876388103452,0.12174907684340042
126,27,no_need,classifier,18882560,-0.017382519877173763,0.02106930135505536,0.13403929008059667,0.02106930135505536
126,27,no_need,fc,40970,-0.013013465661060764,0.016020550025132252,0.09671830209316742,0.016020550025132252
126,47,no_need,features,14723136,-0.0024825230165816947,-0.006087458104666155,0.9284535110860395,-0.006087458104666155
126,47,no_need,classifier,18882560,-0.0031346037628736667,-0.0004512899340909371,0.13720398429990743,-0.0004512899340909371
126,47,no_need,fc,40970,-0.0019414454327488784,-0.0001517492787570518,0.11212489377149959,-0.0001517492787570518
126,40,no_support,features,14723136,0.0064651064588368,-0.02171768410119057,1.0835337944570185,-0.02171768410119057
126,40,no_support,classifier,18882560,-0.00022175956328851498,-0.006079845304384435,0.18968920505703132,-0.006079845304384435
126,40,no_support,fc,40970,-0.00044404404434317257,-0.00482864621153567,0.1573725619110378,-0.00482864621153567
126,69,no_need,features,14723136,-0.05838793551708932,0.022911656179502415,1.1266883521036863,0.022911656179502415
126,69,no_need,classifier,18882560,-0.01463613680243725,0.005683262279262635,0.17674880744642274,0.005683262279262635
126,69,no_need,fc,40970,-0.009854458490735851,0.004938186639265041,0.13522846294835422,0.004938186639265041
127,75,no_support,features,14723136,0.008829026812959384,-0.01660950906199332,0.9388483211840523,-0.01660950906199332
127,75,no_support,classifier,18882560,-0.001852041406209537,-0.0010858978451437906,0.11027324179669527,-0.0010858978451437906
127,75,no_support,fc,40970,-0.0011395499195714365,-0.0003249550345572061,0.07992768337121652,-0.0003249550345572061
127,97,no_need,features,14723136,-0.011909882415778839,-0.003647218529779117,1.1626758555407195,-0.003647218529779117
127,97,no_need,classifier,18882560,-0.004322788586250681,-0.0009478958659769887,0.1773836718680572,-0.0009478958659769887
127,97,no_need,fc,40970,-0.002704039063246455,-0.0006044809697414166,0.13001540365597275,-0.0006044809697414166
127,79,no_support,features,14723136,0.07120029038111399,-0.008873227489200275,1.231718133388875,-0.008873227489200275
127,79,no_support,classifier,18882560,0.019782870091148652,0.0031397373479649104,0.24703773524331113,0.0031397373479649104
127,79,no_support,fc,40970,0.012340448454779107,0.00200726240836957,0.19569997306077702,0.00200726240836957
127,87,no_support,features,14723136,0.002475554334804287,-0.003189200476789722,1.0500890178204156,-0.003189200476789722
127,87,no_support,classifier,18882560,-0.0005857224924739057,-0.0016280084066693234,0.11877203063001379,-0.0016280084066693234
127,87,no_support,fc,40970,0.00013890958325646352,-0.001459135864934069,0.0925380753459882,-0.001459135864934069
127,11,no_support,features,14723136,0.016444059389890242,-0.00637755104845894,1.1033489782937322,-0.00637755104845894
127,11,no_support,classifier,18882560,2.6483855322112504e-05,-0.001477341737199822,0.1460673287841199,-0.001477341737199822
127,11,no_support,fc,40970,0.0003135207834930043,-0.0009037973363774654,0.10928763698737365,-0.0009037973363774654
127,7,no_need,features,14723136,-1.2648718603684301,0.5114217898644711,1.7586746686590287,0.5114217898644711
127,7,no_need,classifier,18882560,-0.02042495712339587,0.007751802573920941,0.2226318609165117,0.007751802573920941
127,7,no_need,fc,40970,-0.00869186479394557,0.002964415735732473,0.1534478621217709,0.002964415735732473
127,37,no_need,features,14723136,-0.028025150454539016,0.011659429420532774,0.8868175235701932,0.011659429420532774
127,37,no_need,classifier,18882560,-0.006653264556916838,0.0016247082853624306,0.14671305895954184,0.0016247082853624306
127,37,no_need,fc,40970,-0.00516122247063322,0.0010259638991101383,0.13560257560248218,0.0010259638991101383
127,92,no_support,features,14723136,-0.003641755002917062,0.0005559758702631257,4.953889259032935,0.0005559758702631257
127,92,no_support,classifier,18882560,0.01512918164007715,-0.0016238234250067762,1.3316035129498829,-0.0016238234250067762
127,92,no_support,fc,40970,0.0018259041753481142,-0.00021345368895708816,0.7269948332930997,-0.00021345368895708816
127,41,no_support,features,14723136,0.004054393842473303,-0.01129774051457133,1.1782155534996774,-0.01129774051457133
127,41,no_support,classifier,18882560,-0.0010710838269005762,-0.004335585277431164,0.16684670183352804,-0.004335585277431164
127,41,no_support,fc,40970,-3.311468844913179e-05,-0.002618443799292436,0.12157024930643516,-0.002618443799292436
127,12,no_support,features,14723136,0.04226395239828662,-0.010262643090111823,1.9175859357292548,-0.010262643090111823
127,12,no_support,classifier,18882560,0.00852232470697345,-0.00071580401868232,0.24995407734468358,-0.00071580401868232
127,12,no_support,fc,40970,0.005766330577898771,-0.000218802563040299,0.16940587012595404,-0.000218802563040299
128,78,active,features,14723136,0.02969410353344415,0.006131111628881136,1.8146801845409253,0.006131111628881136
128,78,active,classifier,18882560,0.008664694446451904,0.0011866935585658211,0.30319965983283503,0.0011866935585658211
128,78,active,fc,40970,0.00699968270782847,0.0009514524335827446,0.24592705140139043,0.0009514524335827446
128,4,active,features,14723136,0.04230251787156192,0.0037361466944254573,1.0545681056905911,0.0037361466944254573
128,4,active,classifier,18882560,0.007723261631781497,0.0012093537311557156,0.19313663696920969,0.0012093537311557156
128,4,active,fc,40970,0.004567674550344236,0.0006706727499476983,0.15580460824328946,0.0006706727499476983
128,17,no_need,features,14723136,0.0043788927528041355,-0.013141167592692682,0.9346155967744008,-0.013141167592692682
128,17,no_need,classifier,18882560,-0.003408138955819595,-0.0009635515179411414,0.26252516042516916,-0.0009635515179411414
128,17,no_need,fc,40970,-0.002127857180312276,-0.0009277197159462958,0.20913925813957057,-0.0009277197159462958
128,21,no_need,features,14723136,-0.01814213971283607,0.005785531075090944,1.8431390792570208,0.005785531075090944
128,21,no_need,classifier,18882560,-0.004232861511127339,0.00035121139555371883,0.25166385072380776,0.00035121139555371883
128,21,no_need,fc,40970,-0.003437757808569586,-4.49737935923622e-05,0.1897295050476173,-4.49737935923622e-05
128,76,no_support,features,14723136,0.012877736085698643,-0.004208891813739513,1.2668904457396137,-0.004208891813739513
128,76,no_support,classifier,18882560,0.0027389578654037905,-0.0016375519154507856,0.19451433171344348,-0.0016375519154507856
128,76,no_support,fc,40970,0.0017033133990480565,-0.0009123957802330551,0.16221202519009295,-0.0009123957802330551
128,74,no_need,features,14723136,-0.025817710422302298,0.013304442002272765,0.8953001562959944,0.013304442002272765
128,74,no_need,classifier,18882560,-0.004574683360488052,0.0015411881558407003,0.24935321755768944,0.0015411881558407003
128,74,no_need,fc,40970,-0.003768807056985679,0.0008695206552147283,0.208987302918401,0.0008695206552147283
128,19,no_need,features,14723136,-0.011360548366095458,0.002639611048167012,0.42237852614044974,0.002639611048167012
128,19,no_need,classifier,18882560,-0.002665144630668692,0.00043122846295773343,0.07311585702291216,0.00043122846295773343
128,19,no_need,fc,40970,-0.0016595325387243065,2.509962564545276e-05,0.05727464866844868,2.509962564545276e-05
128,61,no_need,features,14723136,-0.02518198939060312,-0.009506020630844603,0.9507214311594812,-0.009506020630844603
128,61,no_need,classifier,18882560,-0.005511527206635947,-0.0017572061364035108,0.2362037953372214,-0.0017572061364035108
128,61,no_need,fc,40970,-0.004572187379380921,-0.0009183918114104017,0.1845025933790448,-0.0009183918114104017
128,45,no_need,features,14723136,-0.023429834046766018,0.013852210394496467,0.8208923044170726,0.013852210394496467
128,45,no_need,classifier,18882560,-0.00217953490164291,0.0015453790738320095,0.1341706733308083,0.0015453790738320095
128,45,no_need,fc,40970,-0.000896305809419573,0.0006296539154391212,0.10358984392082364,0.0006296539154391212
128,86,no_support,features,14723136,0.027323136578843332,-0.021197457719154045,1.5956805024659948,-0.021197457719154045
128,86,no_support,classifier,18882560,-0.0006457207216499228,-0.002604102890472859,0.32046110797165667,-0.002604102890472859
128,86,no_support,fc,40970,0.0007040763284749119,-0.0023360903269349365,0.2618647169888343,-0.0023360903269349365
129,23,no_need,features,14723136,-0.014844706848450073,0.0075121837574414485,1.018261402511792,0.0075121837574414485
129,23,no_need,classifier,18882560,-0.00474644156594195,0.0028372034088306464,0.27628540380274746,0.0028372034088306464
129,23,no_need,fc,40970,-0.006860447036160622,0.0024964123349491274,0.22811059930313807,0.0024964123349491274
129,41,active,features,14723136,0.01679794746493002,0.0054040344408221586,0.7971370494645916,0.0054040344408221586
129,41,active,classifier,18882560,0.003060826144519524,0.0014657137019753463,0.10355868759898687,0.0014657137019753463
129,41,active,fc,40970,0.002868717567253043,0.0017473513016739162,0.07619283920707313,0.0017473513016739162
129,75,no_need,features,14723136,-0.011477648552144615,0.009214095365450703,0.820504201593089,0.009214095365450703
129,75,no_need,classifier,18882560,-0.0023085188167897286,0.0016665756985503322,0.12447053283497128,0.0016665756985503322
129,75,no_need,fc,40970,-0.003108122195044416,0.002182931841161917,0.09847930927578231,0.002182931841161917
129,36,no_need,features,14723136,-0.002159763429332884,0.0034124673944688766,1.153138422820397,0.0034124673944688766
129,36,no_need,classifier,18882560,0.0007741104610374805,-0.00011853121705485137,0.204489139621066,-0.00011853121705485137
129,36,no_need,fc,40970,-0.0015852263295528246,0.00044394594078767113,0.157747713739519,0.00044394594078767113
129,26,no_need,features,14723136,-0.006755217521899226,-0.016013300360590677,0.87403848791016,-0.016013300360590677
129,26,no_need,classifier,18882560,-0.00455675214357143,-0.004594153266680223,0.12859505964730428,-0.004594153266680223
129,26,no_need,fc,40970,-0.0052071225400140975,-0.003789249019973795,0.10307321663166556,-0.003789249019973795
129,49,no_need,features,14723136,-0.010004723804822646,-0.009506382088424914,0.9981746412468345,-0.009506382088424914
129,49,no_need,classifier,18882560,-0.0024927128639546936,-0.00295786120750563,0.14399250399410657,-0.00295786120750563
129,49,no_need,fc,40970,-0.0029693408414459554,-0.0022345161269186065,0.11212424264784429,-0.0022345161269186065
129,95,no_support,features,14723136,0.02852938963965812,-0.00850332160767664,3.5758565752351488,-0.00850332160767664
129,95,no_support,classifier,18882560,0.0007346668952550317,-0.0006590622585918027,0.8101572693372154,-0.0006590622585918027
129,95,no_support,fc,40970,0.003583146994060371,-0.00024124397396008135,0.5344651262037606,-0.00024124397396008135
129,16,no_need,features,14723136,-0.010788637086349695,0.004465121935339766,1.5352044104566354,0.004465121935339766
129,16,no_need,classifier,18882560,-0.00427848742401693,0.0020532037319753726,0.22327620295877892,0.0020532037319753726
129,16,no_need,fc,40970,-0.0014674583262603846,0.0012393021984280495,0.1551714361474763,0.0012393021984280495
129,93,no_need,features,14723136,-0.011643999614747713,0.0016353709884704415,0.6274155804533416,0.0016353709884704415
129,93,no_need,classifier,18882560,-0.0008764989590872574,-0.0011874987776536727,0.11188070801745666,-0.0011874987776536727
129,93,no_need,fc,40970,-0.00012019896166748367,4.659435728626704e-05,0.0851054855005067,4.659435728626704e-05
129,72,no_support,features,14723136,0.034197702071040226,-0.00587319715514667,0.9447089833281369,-0.00587319715514667
129,72,no_support,classifier,18882560,0.006842167084869288,0.00016828507420996175,0.15044892194775278,0.00016828507420996175
129,72,no_support,fc,40970,0.006856973352114437,-0.00042156809195148526,0.11292127872315738,-0.00042156809195148526
130,59,no_need,features,14723136,-0.00761401448387744,-0.005715216574690984,1.1317397449095083,-0.005715216574690984
130,59,no_need,classifier,18882560,-0.0034371935030321765,-0.0032271525367377762,0.16448700853137224,-0.0032271525367377762
130,59,no_need,fc,40970,-0.0012235855410835939,-0.0015211704248940805,0.1238419428443775,-0.0015211704248940805
130,53,no_support,features,14723136,0.05573984608980709,-0.040869407139410896,1.0071458246194276,-0.040869407139410896
130,53,no_support,classifier,18882560,0.013471072782522242,-0.010850570500224421,0.2274193516377614,-0.010850570500224421
130,53,no_support,fc,40970,0.008982102073787246,-0.006287491065450013,0.19569933465664227,-0.006287491065450013
130,65,no_support,features,14723136,0.021612907287014593,-0.003064209051967026,0.9318670743490414,-0.003064209051967026
130,65,no_support,classifier,18882560,0.010310314830348943,-0.0036529673957375053,0.25859361114736373,-0.0036529673957375053
130,65,no_support,fc,40970,0.007976110569870798,-0.0017390004704793682,0.22400958932155166,-0.0017390004704793682
130,8,no_need,features,14723136,-0.0023889250398809736,-0.014303574655404105,1.9132103900490702,-0.014303574655404105
130,8,no_need,classifier,18882560,-0.0013091762739350088,-0.000655983754043632,0.2986214055896796,-0.000655983754043632
130,8,no_need,fc,40970,-4.2636767830117606e-05,-0.00010192098898187396,0.21984825704808295,-0.00010192098898187396
130,68,active,features,14723136,0.012674498264722445,0.004300225695022419,2.211875648446648,0.004300225695022419
130,68,active,classifier,18882560,0.0014196552765497472,0.0022584923908652854,0.28388922708785347,0.0022584923908652854
130,68,active,fc,40970,-5.697158485418186e-06,0.0009223784602454543,0.2093501402402532,0.0009223784602454543
130,35,no_need,features,14723136,-0.009950880720225541,-6.502198475999421e-05,1.9842162686472526,-6.502198475999421e-05
130,35,no_need,classifier,18882560,-0.010471333177520137,2.2271322023925677e-05,0.2805353635787521,2.2271322023925677e-05
130,35,no_need,fc,40970,-0.013255406229291111,0.0009829350328800501,0.2014589330797864,0.0009829350328800501
130,13,no_need,features,14723136,-0.013540318429875242,-0.0015555770359121368,1.2002167415140017,-0.0015555770359121368
130,13,no_need,classifier,18882560,-0.0006897678835855459,0.0004071996516472609,0.17338589596745294,0.0004071996516472609
130,13,no_need,fc,40970,0.0009522991013000137,-0.0009896479737108166,0.14164076598472267,-0.0009896479737108166
130,55,no_support,features,14723136,0.018719831564091294,-0.0216796166235369,1.3709303841502927,-0.0216796166235369
130,55,no_support,classifier,18882560,0.006903076105118089,-0.005043165522238269,0.24479617063289252,-0.005043165522238269
130,55,no_support,fc,40970,0.004633393800759222,-0.004061811941937776,0.1896238003731058,-0.004061811941937776
130,23,no_need,features,14723136,-0.33532257986109926,0.22876245467750778,0.781134503554141,0.22876245467750778
130,23,no_need,classifier,18882560,-0.057476691752526676,0.013240114729342167,0.2840927824428429,0.013240114729342167
130,23,no_need,fc,40970,-0.03935044619720429,0.006404295520042069,0.23505943041001978,0.006404295520042069
130,97,no_need,features,14723136,-0.004439919758794986,0.009562568025158313,1.128997358760544,0.009562568025158313
130,97,no_need,classifier,18882560,-0.004623129155788774,0.006581431835911644,0.15275707810263786,0.006581431835911644
130,97,no_need,fc,40970,-0.003647487588750664,0.004967790315276943,0.10724922978891059,0.004967790315276943
131,74,active,features,14723136,0.02318903387339688,0.0020454092583293004,0.9968904999317714,0.0020454092583293004
131,74,active,classifier,18882560,0.006860122100079025,0.0007717792485664177,0.28789238060871825,0.0007717792485664177
131,74,active,fc,40970,0.005642646683554631,0.0003971703740717203,0.24594060006925322,0.0003971703740717203
131,98,no_support,features,14723136,0.01696642825990935,-0.01335308490043019,0.8121538338563848,-0.01335308490043019
131,98,no_support,classifier,18882560,0.0027648012671761535,-0.0007414543317736388,0.1374067177780386,-0.0007414543317736388
131,98,no_support,fc,40970,0.0018444008283040603,0.0007528504568199423,0.10436074881656413,0.0007528504568199423
131,22,active,features,14723136,0.010385493820479041,0.008435313448821091,1.1949886414392357,0.008435313448821091
131,22,active,classifier,18882560,0.002475983895237732,0.003120343801811032,0.2793121732671648,0.003120343801811032
131,22,active,fc,40970,0.001766492503520567,0.002229679385891359,0.2156423745047698,0.002229679385891359
131,45,no_support,features,14723136,0.0037639222769740854,-0.004351143111378519,0.6701345886875261,-0.004351143111378519
131,45,no_support,classifier,18882560,0.002266141164000146,-0.0017140907899602098,0.11787619433119306,-0.0017140907899602098
131,45,no_support,fc,40970,0.0008668394748383434,-0.0009462183543291758,0.08544959617429214,-0.0009462183543291758
131,97,no_need,features,14723136,-0.10662485043775405,0.06513571348935443,0.6835920468091237,0.06513571348935443
131,97,no_need,classifier,18882560,-0.005933606512598999,0.0016110643452904583,0.1179311461321685,0.0016110643452904583
131,97,no_need,fc,40970,-0.0032866672136151465,0.0008144396535954002,0.0841433934174662,0.0008144396535954002
131,87,active,features,14723136,0.011895162617253874,0.0009085182358141708,0.9053956285304563,0.0009085182358141708
131,87,active,classifier,18882560,0.0018550617271557712,0.0006139140149912237,0.11946615320355436,0.0006139140149912237
131,87,active,fc,40970,0.0016153095166373532,0.0003685419355861086,0.0872943923857776,0.0003685419355861086
131,92,no_need,features,14723136,0.009413705028677555,0.0002466931439784048,4.4870539318247715,0.0002466931439784048
131,92,no_need,classifier,18882560,-0.008039104119234253,0.0004921275036053885,1.3221691715482038,0.0004921275036053885
131,92,no_need,fc,40970,-0.006290688979788683,0.0009368646888106014,0.7626822247417143,0.0009368646888106014
131,71,active,features,14723136,0.005614551375739296,0.011650208117778504,1.1701702758316967,0.011650208117778504
131,71,active,classifier,18882560,0.0038347335746493627,0.003913346344688762,0.18828113946617966,0.003913346344688762
131,71,active,fc,40970,0.0028626872626773547,0.003462356882664608,0.1442088245665722,0.003462356882664608
131,47,no_need,features,14723136,0.0008250301925585299,-0.007844403116726184,1.3095286799122317,-0.007844403116726184
131,47,no_need,classifier,18882560,-0.00213430069743481,-0.0013640099823533092,0.17604555378454942,-0.0013640099823533092
131,47,no_need,fc,40970,-0.0020357672328827903,-0.000772487106587505,0.1432031123371829,-0.000772487106587505
131,79,no_support,features,14723136,0.018578416895319805,-0.010868572206705451,1.4975007132939457,-0.010868572206705451
131,79,no_support,classifier,18882560,0.002087265580030362,1.5157406394905593e-05,0.27050368081218557,1.5157406394905593e-05
131,79,no_support,fc,40970,0.001999957923544571,0.00024136641798122582,0.20888530126927127,0.00024136641798122582
132,35,active,features,14723136,0.003121024307631613,0.0019298010283179678,1.7298483698977674,0.0019298010283179678
132,35,active,classifier,18882560,-0.0011513182729459004,0.00021027273308504846,0.24771869287955334,0.00021027273308504846
132,35,active,fc,40970,-7.559501500509214e-05,2.3876262503108592e-05,0.1690425080719251,2.3876262503108592e-05
132,70,no_support,features,14723136,0.0023045495154221385,0.0007063669925813088,1.3736072501904795,0.0007063669925813088
132,70,no_support,classifier,18882560,0.002360655362053876,-0.0012891607580058917,0.2667011245351406,-0.0012891607580058917
132,70,no_support,fc,40970,0.0039354477394226706,-0.001826672760216752,0.21651856934833608,-0.001826672760216752
132,59,no_need,features,14723136,-0.005030414932744698,0.006042382355907705,1.018979832551285,0.006042382355907705
132,59,no_need,classifier,18882560,0.002377105189680151,0.0016041614196637966,0.14186820172222792,0.0016041614196637966
132,59,no_need,fc,40970,0.0022163668309076456,0.000984868598607136,0.10876500223497738,0.000984868598607136
132,49,no_support,features,14723136,0.04405314024469931,-0.006091689847959714,0.7922709636785568,-0.006091689847959714
132,49,no_support,classifier,18882560,0.010959824342535285,-0.0010248084740851482,0.11870944125506736,-0.0010248084740851482
132,49,no_support,fc,40970,0.007998875713383313,-0.0003664842179205152,0.08805157838214096,-0.0003664842179205152
132,36,no_support,features,14723136,0.009761299395165679,-0.003879719174513241,1.012863830742916,-0.003879719174513241
132,36,no_support,classifier,18882560,0.006636116752815724,-0.0012038882678098162,0.2010021233607749,-0.0012038882678098162
132,36,no_support,fc,40970,0.0029891951380704995,-0.00047985915443859994,0.1581525465590028,-0.00047985915443859994
132,91,no_support,features,14723136,0.01231945294392034,-0.005157883703134303,1.067815701290642,-0.005157883703134303
132,91,no_support,classifier,18882560,0.003964044002714218,0.00028507560170965007,0.15244546945016352,0.00028507560170965007
132,91,no_support,fc,40970,0.0006824897659498674,-0.00033868119044200284,0.1119601525171216,-0.00033868119044200284
132,82,no_need,features,14723136,-0.021566236733690403,-0.0036051986338030417,2.2097610782379435,-0.0036051986338030417
132,82,no_need,classifier,18882560,-0.008588111400968046,0.0002210961719839588,0.2903543503833543,0.0002210961719839588
132,82,no_need,fc,40970,-0.010084975285280962,0.0006742031696376216,0.2232712190660513,0.0006742031696376216
132,50,no_need,features,14723136,-0.0053602739434239766,0.007053654187998859,0.783367752267168,0.007053654187998859
132,50,no_need,classifier,18882560,-0.0019392641971762714,-0.0033595096892895526,0.1157181280317515,-0.0033595096892895526
132,50,no_need,fc,40970,-0.0022303571677184664,-0.002213468589616241,0.09179545101655413,-0.002213468589616241
132,26,no_need,features,14723136,-0.006858522231276254,0.010772433827298755,0.7742258208057491,0.010772433827298755
132,26,no_need,classifier,18882560,-0.0014018460774423147,0.00034304927702066834,0.12025080520598641,0.00034304927702066834
132,26,no_need,fc,40970,-0.0010569908772595227,-0.0003900611579865654,0.0901440649156318,-0.0003900611579865654
132,72,no_support,features,14723136,0.006278356673217189,-0.010718417889144405,0.9981607842724234,-0.010718417889144405
132,72,no_support,classifier,18882560,0.00557509952068358,-0.00547000130154629,0.17500411982571684,-0.00547000130154629
132,72,no_support,fc,40970,0.00446486943110358,-0.003343734761074302,0.13135301047707398,-0.003343734761074302
133,22,no_support,features,14723136,0.10555535126559334,-0.00953429468765421,1.5514776521874478,-0.00953429468765421
133,22,no_support,classifier,18882560,0.024571628169724136,0.0007356429505165352,0.274528471282511,0.0007356429505165352
133,22,no_support,fc,40970,0.015663923979445826,0.0005310493022534502,0.2023743910967008,0.0005310493022534502
133,83,no_support,features,14723136,0.02261220446754919,-0.02170237647709783,0.846944218738292,-0.02170237647709783
133,83,no_support,classifier,18882560,0.004109087094093411,-0.0041764585230339435,0.15817012712240383,-0.0041764585230339435
133,83,no_support,fc,40970,0.0021844062803211273,-0.002706697398025426,0.13022740051863488,-0.002706697398025426
133,75,no_need,features,14723136,-0.018209909709412386,0.010350013025375304,0.47159157985301764,0.010350013025375304
133,75,no_need,classifier,18882560,-0.004241528915372328,0.0016135946640360999,0.0878255927221153,0.0016135946640360999
133,75,no_need,fc,40970,-0.0024698584547877545,0.0008749289436309482,0.06510663113859315,0.0008749289436309482
133,29,no_need,features,14723136,-0.016087161581896936,0.004981385035797814,0.8187429705416154,0.004981385035797814
133,29,no_need,classifier,18882560,-0.008048168910136155,3.924493832130338e-05,0.1829685185359477,3.924493832130338e-05
133,29,no_need,fc,40970,-0.005030229536714614,-0.00012267740930838045,0.15420693716203518,-0.00012267740930838045
133,66,no_need,features,14723136,-0.0067854541888507924,-0.006440006856742286,0.9453567766521526,-0.006440006856742286
133,66,no_need,classifier,18882560,-0.001502746193011717,-0.0018720720802321011,0.14297305699680807,-0.0018720720802321011
133,66,no_need,fc,40970,-0.0015859306231504888,-0.0008103072186713689,0.10454059258080414,-0.0008103072186713689
133,48,active,features,14723136,0.003405118466353939,0.007021618491666715,1.3025387862683755,0.007021618491666715
133,48,active,classifier,18882560,0.0020610457947896066,0.0007802249613177992,0.2173918758248757,0.0007802249613177992
133,48,active,fc,40970,-0.00036826522955379914,0.00044495689212453726,0.18630655646697422,0.00044495689212453726
133,12,active,features,14723136,0.008570069657224622,0.00791316522086305,1.8931518810362176,0.00791316522086305
133,12,active,classifier,18882560,0.0027468782229789213,0.0012437560989155827,0.22615938746416972,0.0012437560989155827
133,12,active,fc,40970,0.0011114419439763878,0.000603184562351089,0.15473507643932496,0.000603184562351089
133,10,no_support,features,14723136,0.0199979223381348,-0.008485059875116718,1.926363912806388,-0.008485059875116718
133,10,no_support,classifier,18882560,0.007025187240287778,-0.002939691934216171,0.28689024864362367,-0.002939691934216171
133,10,no_support,fc,40970,0.003191967780367122,-0.001753983585331298,0.21831236788728872,-0.001753983585331298
133,86,active,features,14723136,0.010051359148434358,0.008142040948790452,1.7096521679902883,0.008142040948790452
133,86,active,classifier,18882560,0.0005938456225180744,0.0034212898092391697,0.2527211412480837,0.0034212898092391697
133,86,active,fc,40970,0.0009484352658546413,0.0024492979950991867,0.1879480190324534,0.0024492979950991867
133,1,no_support,features,14723136,0.03682742301626263,-0.013070568366710944,1.3751901229881456,-0.013070568366710944
133,1,no_support,classifier,18882560,0.007397465246867796,-0.002137229570053023,0.1922332186099743,-0.002137229570053023
133,1,no_support,fc,40970,0.0045354863214015495,-0.001321549642852915,0.1359443353590352,-0.001321549642852915
134,76,no_need,features,14723136,-0.017165799643564128,0.01353853912534042,0.9159864825618315,0.01353853912534042
134,76,no_need,classifier,18882560,-0.002374034462718555,0.001747835550020227,0.15665492384120078,0.001747835550020227
134,76,no_need,fc,40970,-0.0014279659344538231,0.0012476263300413848,0.13375515354730202,0.0012476263300413848
134,33,no_need,features,14723136,-0.026476924654915024,0.008100406117485193,1.2716208510748388,0.008100406117485193
134,33,no_need,classifier,18882560,-0.00487139975939499,-0.0013159700920368778,0.23719116271528976,-0.0013159700920368778
134,33,no_need,fc,40970,-0.001419791362422984,-0.0008900883190108289,0.19674344730744972,-0.0008900883190108289
134,40,no_support,features,14723136,0.030584357758208114,-0.009861552202444557,1.2307230237239204,-0.009861552202444557
134,40,no_support,classifier,18882560,0.0027247497050666425,-0.0009840081742140683,0.24028222274741365,-0.0009840081742140683
134,40,no_support,fc,40970,0.0007988862234924454,-0.0003446919542966498,0.19918831490219369,-0.0003446919542966498
134,59,no_support,features,14723136,0.008795857769527515,-0.015826172787086534,1.1479772351762687,-0.015826172787086534
134,59,no_support,classifier,18882560,-0.0013660672220225933,-0.0026017100451554143,0.15806694969492088,-0.0026017100451554143
134,59,no_support,fc,40970,-0.0028558846934174653,-0.0009327562111138832,0.12127690989884747,-0.0009327562111138832
134,65,no_support,features,14723136,0.02948644670392042,-0.008381756549166397,1.334691794485135,-0.008381756549166397
134,65,no_support,classifier,18882560,-0.0009029861614635593,0.0011154741245036348,0.2143957044861055,0.0011154741245036348
134,65,no_support,fc,40970,-0.00046990519876999315,0.0006393797311829985,0.1660465123653238,0.0006393797311829985
134,63,no_support,features,14723136,0.03367031797458253,-0.0189775193319619,1.4707621054887834,-0.0189775193319619
134,63,no_support,classifier,18882560,0.005847979303780448,-0.0035767437898357457,0.22088509993752678,-0.0035767437898357457
134,63,no_support,fc,40970,0.005889634230697993,-0.002187338787734916,0.1801648812660463,-0.002187338787734916
134,73,no_need,features,14723136,-0.018784914256642082,0.02366689382526488,1.5937339984487906,0.02366689382526488
134,73,no_need,classifier,18882560,-0.0029808961776325305,0.0033990601159530343,0.18779104058989693,0.0033990601159530343
134,73,no_need,fc,40970,-0.0014380824841282447,0.0022173118031787453,0.13005218575736485,0.0022173118031787453
134,36,no_support,features,14723136,0.013652162343817054,-0.007268687543762198,0.7924041847591199,-0.007268687543762198
134,36,no_support,classifier,18882560,0.00023759917732490976,-0.0004729678941259863,0.15957263519943066,-0.0004729678941259863
134,36,no_support,fc,40970,-0.0016130763087858213,-0.00042840554749545845,0.12473703186809797,-0.00042840554749545845
134,99,active,features,14723136,0.0192937417505874,0.006985329536021823,0.9909084801724759,0.006985329536021823
134,99,active,classifier,18882560,0.007159587522437505,0.003395765775167092,0.31291575007995176,0.003395765775167092
134,99,active,fc,40970,0.003108749060629634,0.001090968225071265,0.2635337885238952,0.001090968225071265
134,82,active,features,14723136,0.02461736143563087,0.002473637632391501,0.9243779118679258,0.002473637632391501
134,82,active,classifier,18882560,0.003689192363708571,0.00032563283608055826,0.1451073368063277,0.00032563283608055826
134,82,active,fc,40970,0.003001014054461848,0.0006830953489043168,0.11503516281772772,0.0006830953489043168
135,85,no_support,features,14723136,0.01161068164623913,-0.008360271901253213,1.0423362641024088,-0.008360271901253213
135,85,no_support,classifier,18882560,0.0021962831833661767,-0.0007124450169726515,0.15762185305422327,-0.0007124450169726515
135,85,no_support,fc,40970,0.0026275770578649826,-0.0005135332394274883,0.12532388635236286,-0.0005135332394274883
135,88,no_need,features,14723136,-0.020846029723884385,-0.010552148415399643,1.372219656836304,-0.010552148415399643
135,88,no_need,classifier,18882560,-0.0031594325450896577,-0.0036037478471371287,0.1641763549583101,-0.0036037478471371287
135,88,no_need,fc,40970,-0.0017219659912370844,-0.0034892419971583877,0.11393983428190362,-0.0034892419971583877
135,54,no_need,features,14723136,-0.009538795493497787,0.0014531828815869119,0.9366098446030232,0.0014531828815869119
135,54,no_need,classifier,18882560,-0.0062734875477872265,0.000854028125587547,0.1262526291395537,0.000854028125587547
135,54,no_need,fc,40970,-0.005020234875701135,0.0003327255312797206,0.09806631177846221,0.0003327255312797206
135,40,no_need,features,14723136,-0.21833801148585508,0.11503158592790896,1.089160170412487,0.11503158592790896
135,40,no_need,classifier,18882560,-0.00692523017687563,0.0021523004907066934,0.19909262349711468,0.0021523004907066934
135,40,no_need,fc,40970,-0.004090852748049656,0.001812096803860186,0.1632995179959924,0.001812096803860186
135,70,no_support,features,14723136,0.02902790612566264,-0.01394590383523564,2.892457660158097,-0.01394590383523564
135,70,no_support,classifier,18882560,-0.002149716362396248,0.0009642227305448614,0.43361692832969956,0.0009642227305448614
135,70,no_support,fc,40970,-0.0019159920811944176,0.0002457881762438774,0.2899422394651234,0.0002457881762438774
135,67,no_need,features,14723136,-0.006893620236070318,-0.0030786314189095165,0.9170085218131586,-0.0030786314189095165
135,67,no_need,classifier,18882560,-0.00023730033143465334,-0.0009321598532778808,0.18098700973463708,-0.0009321598532778808
135,67,no_need,fc,40970,-0.0011818089406006038,-0.0006216426372702699,0.15789652026753384,-0.0006216426372702699
135,86,no_support,features,14723136,0.0336893276540664,-0.006339892036656636,1.04686594306033,-0.006339892036656636
135,86,no_support,classifier,18882560,-0.004148539373090898,-0.0009930765763215277,0.15699865872984678,-0.0009930765763215277
135,86,no_support,fc,40970,-0.004081226405105554,-0.0005780270830655354,0.12899104699777406,-0.0005780270830655354
135,38,no_support,features,14723136,0.008457666132315467,-0.004285129882070748,0.9782986307694687,-0.004285129882070748
135,38,no_support,classifier,18882560,0.005090817168365902,-0.0017868693306581918,0.17386359049884337,-0.0017868693306581918
135,38,no_support,fc,40970,0.003979504690505564,-0.0010631227901285456,0.13008415766905454,-0.0010631227901285456
135,58,no_need,features,14723136,-0.017275474944909774,0.0011700529265432635,0.9956407790703535,0.0011700529265432635
135,58,no_need,classifier,18882560,-0.003537099684763234,-0.00045424822671691345,0.1646847237258469,-0.00045424822671691345
135,58,no_need,fc,40970,-0.0032873225700313924,-0.0002826648244536045,0.12889258076182247,-0.0002826648244536045
135,42,no_support,features,14723136,0.03043648318037384,-0.0009588680359637891,1.2579667155748302,-0.0009588680359637891
135,42,no_support,classifier,18882560,0.008572268163334229,-0.0012449068813111808,0.18310325989533324,-0.0012449068813111808
135,42,no_support,fc,40970,0.006970085862121778,-0.0010397218361504201,0.14650494195181604,-0.0010397218361504201
136,89,no_need,features,14723136,-0.009910117393076234,0.003822653719087299,1.0556214284650238,0.003822653719087299
136,89,no_need,classifier,18882560,-0.004880564203631366,2.672542360215857e-05,0.24718981321347366,2.672542360215857e-05
136,89,no_need,fc,40970,-0.004631247404176975,2.7814078066512593e-05,0.21885310078597314,2.7814078066512593e-05
136,56,no_need,features,14723136,-0.007385250968923174,0.0015993935289397854,1.300785804724799,0.0015993935289397854
136,56,no_need,classifier,18882560,-0.00024603468366990455,-0.0010263731188615566,0.202518998640626,-0.0010263731188615566
136,56,no_need,fc,40970,0.0002874982574212481,-0.0008730424906389089,0.173165965347056,-0.0008730424906389089
136,12,no_support,features,14723136,0.03142370759714197,-0.0016220042347416808,1.7252277779579122,-0.0016220042347416808
136,12,no_support,classifier,18882560,0.003970541028138541,0.00022256297580725004,0.18052656962791375,0.00022256297580725004
136,12,no_support,fc,40970,0.0031257828923116904,0.00042632551139831776,0.12627946541959287,0.00042632551139831776
136,90,no_support,features,14723136,0.003653448448940111,-0.004733456278255943,0.7160823983395418,-0.004733456278255943
136,90,no_support,classifier,18882560,-0.0015581246906322122,-0.0018998472513089837,0.1536001597191058,-0.0018998472513089837
136,90,no_support,fc,40970,-0.0017065686988644302,-0.0016649616691211122,0.12283225035407147,-0.0016649616691211122
136,94,active,features,14723136,0.0028274308547864236,0.003118656319351487,1.0317129469385418,0.003118656319351487
136,94,active,classifier,18882560,0.000527186922056444,0.0005413201498640774,0.26532548872484524,0.0005413201498640774
136,94,active,fc,40970,0.001495804759542807,-0.0003081366426158638,0.20194527260407016,-0.0003081366426158638
136,86,no_need,features,14723136,-1.1653550043771475,0.45763125446791264,2.356150472157196,0.45763125446791264
136,86,no_need,classifier,18882560,-0.016180052073650586,0.007274511595596778,0.30362228285315745,0.007274511595596778
136,86,no_need,fc,40970,-0.005501243609614903,0.0030506803182106523,0.20017379766523005,0.0030506803182106523
136,19,no_support,features,14723136,0.016451750173445134,-0.015411496411751102,0.5630016290228786,-0.015411496411751102
136,19,no_support,classifier,18882560,0.0033273342405664152,-0.0011891627690374662,0.0900132070314235,-0.0011891627690374662
136,19,no_support,fc,40970,0.002132711187186942,-0.0005698199729522457,0.07016171348691329,-0.0005698199729522457
136,78,no_support,features,14723136,0.01684976017926941,-0.009506152879739993,1.845465591994083,-0.009506152879739993
136,78,no_support,classifier,18882560,0.000667449387947272,-0.0003810534745696259,0.30359869847534393,-0.0003810534745696259
136,78,no_support,fc,40970,0.002717473638767842,-0.0004555655614240095,0.2708893834332361,-0.0004555655614240095
136,92,no_support,features,14723136,0.05977316911352659,-0.004332593574641663,4.908996969684862,-0.004332593574641663
136,92,no_support,classifier,18882560,0.0011807615548491412,0.0011865479374932875,1.343306229725589,0.0011865479374932875
136,92,no_support,fc,40970,0.00422841468025581,0.0008923827836042619,0.7671069629728503,0.0008923827836042619
136,59,no_need,features,14723136,-0.0044774329248014055,0.0069782957565820425,0.711402656342616,0.0069782957565820425
136,59,no_need,classifier,18882560,-0.00027241444833236983,0.0009359006721751939,0.0903318864166381,0.0009359006721751939
136,59,no_need,fc,40970,-0.00020938524221492116,0.0007597276562592015,0.06894078370052444,0.0007597276562592015
137,7,no_support,features,14723136,0.05415617565455477,-0.0012410024504285744,1.7205648058984317,-0.0012410024504285744
137,7,no_support,classifier,18882560,0.009804408321542724,0.00028611745559814494,0.21466669937615457,0.00028611745559814494
137,7,no_support,fc,40970,0.008136166688927915,0.0004884571167167451,0.14809108019186415,0.0004884571167167451
137,94,no_need,features,14723136,-0.2896695731035379,0.17162827844492767,1.0770693057814702,0.17162827844492767
137,94,no_need,classifier,18882560,-0.01039060850689566,0.004688118085596216,0.2601227847965455,0.004688118085596216
137,94,no_need,fc,40970,-0.009257843074010452,0.002957426336251956,0.21218796755556785,0.002957426336251956
137,69,active,features,14723136,0.015522442737204045,0.0023703326990442974,0.7321039711493609,0.0023703326990442974
137,69,active,classifier,18882560,0.0010888069473935502,-9.060299734642285e-05,0.113035874305783,-9.060299734642285e-05
137,69,active,fc,40970,0.0016336900757778494,0.0002224868485427578,0.08983352861896972,0.0002224868485427578
137,44,active,features,14723136,0.006237258570237714,0.0025679984314876947,1.4577533959843907,0.0025679984314876947
137,44,active,classifier,18882560,0.0010731327232065269,0.00011857482259358676,0.19422654636461997,0.00011857482259358676
137,44,active,fc,40970,0.001651659745220968,9.10261996978079e-05,0.15596521630557245,9.10261996978079e-05
137,50,active,features,14723136,0.001332688457665654,0.0014275849432507925,0.542401354522094,0.0014275849432507925
137,50,active,classifier,18882560,-0.00027108206239745414,-5.3399474538196046e-05,0.07800750655477866,-5.3399474538196046e-05
137,50,active,fc,40970,-0.0006967930528389843,-0.000695492759859917,0.05622685319127557,-0.000695492759859917
137,26,no_need,features,14723136,-0.008955332167481345,0.013098298028978661,0.5439289204376663,0.013098298028978661
137,26,no_need,classifier,18882560,7.801900142112572e-05,0.001599492755758547,0.09357967475035442,0.001599492755758547
137,26,no_need,fc,40970,-0.0008573111649639031,0.0008038698574637237,0.06898447648870928,0.0008038698574637237
137,75,no_need,features,14723136,-0.012962483385777546,0.028610027369708746,0.5739756213697276,0.028610027369708746
137,75,no_need,classifier,18882560,-0.00147547359483724,0.0018633903906675187,0.07160259629360517,0.0018633903906675187
137,75,no_need,fc,40970,-0.0010872209477383876,0.0007825933550975606,0.052594044994768704,0.0007825933550975606
137,24,no_need,features,14723136,-0.013948347236734548,0.009767349297931105,1.295047572086897,0.009767349297931105
137,24,no_need,classifier,18882560,-0.005735853541864344,0.0025615854187890363,0.20156573925069657,0.0025615854187890363
137,24,no_need,fc,40970,-0.00618978504644474,0.0022252391263464233,0.1655061353576157,0.0022252391263464233
137,33,no_support,features,14723136,0.05369481067727122,-0.015894977251349474,2.083410210300591,-0.015894977251349474
137,33,no_support,classifier,18882560,0.0024724937989049067,-0.0013547140014225079,0.2685386769984178,-0.0013547140014225079
137,33,no_support,fc,40970,0.0013748153128290141,-0.0012002046632915153,0.19636339950979603,-0.0012002046632915153
137,18,no_need,features,14723136,-0.00905844685934909,-0.004097859401895221,1.1689387437028553,-0.004097859401895221
137,18,no_need,classifier,18882560,-0.0015009381886557094,-0.0012374153582754843,0.1783595010994982,-0.0012374153582754843
137,18,no_need,fc,40970,-0.002214046377048362,-0.0013646328952745534,0.13715156229065933,-0.0013646328952745534
138,89,no_support,features,14723136,0.0442310067274434,-0.00231041421699274,1.0683275349038395,-0.00231041421699274
138,89,no_support,classifier,18882560,0.006614557487409911,0.0010384544585804178,0.19940663625310803,0.0010384544585804178
138,89,no_support,fc,40970,0.004894652520306408,0.0007214257834675664,0.15775381792699056,0.0007214257834675664
138,75,no_need,features,14723136,-0.06329434960684921,0.10484949329566007,0.4382848806343419,0.10484949329566007
138,75,no_need,classifier,18882560,-0.002187349318774068,0.005537375311632786,0.05966596287868854,0.005537375311632786
138,75,no_need,fc,40970,-0.0010182927114783524,0.003760523883101996,0.04208437899119647,0.003760523883101996
138,84,active,features,14723136,0.02176213637643798,0.002153379587239712,0.8928880992692325,0.002153379587239712
138,84,active,classifier,18882560,0.002206777898436485,0.0002744594226555819,0.1365617247079006,0.0002744594226555819
138,84,active,fc,40970,0.00139285042132542,-0.00023206152764032595,0.09801333662276615,-0.00023206152764032595
138,93,no_need,features,14723136,-0.001105023754583101,0.01854579534412437,0.5456946173707101,0.01854579534412437
138,93,no_need,classifier,18882560,0.0006685984926093624,0.002204259932682362,0.10814905728495103,0.002204259932682362
138,93,no_need,fc,40970,-6.600907818210544e-05,0.00206870195142983,0.08362216356903616,0.00206870195142983
138,35,no_need,features,14723136,-0.0026509380489443393,0.0005056838217925019,1.1269435906159306,0.0005056838217925019
138,35,no_need,classifier,18882560,-0.0032959920581561164,0.0002851693852647941,0.16106264099580536,0.0002851693852647941
138,35,no_need,fc,40970,-0.002771004496025853,-0.0003660245906758064,0.12603152998827172,-0.0003660245906758064
138,71,no_need,features,14723136,-0.04462008493334224,0.020821233912528214,1.1140499387289644,0.020821233912528214
138,71,no_need,classifier,18882560,-0.010724709781698039,0.003904468558403096,0.20611511416552988,0.003904468558403096
138,71,no_need,fc,40970,-0.008040289132623002,0.0028351883447612636,0.162725096212977,0.0028351883447612636
138,19,no_support,features,14723136,0.047595128612805127,-0.014203153641233257,1.2918254548640216,-0.014203153641233257
138,19,no_support,classifier,18882560,0.006576143594429595,-0.0017416333093933645,0.17572400002917687,-0.0017416333093933645
138,19,no_support,fc,40970,0.005275622301269323,-0.0013474779325406416,0.13141703162533952,-0.0013474779325406416
138,63,active,features,14723136,0.0081731809642136,0.001829550730747087,1.9601167474833063,0.001829550730747087
138,63,active,classifier,18882560,-0.0010122346293428564,0.0008744464699930177,0.2443037159488847,0.0008744464699930177
138,63,active,fc,40970,-0.0007585412568005268,0.0007212361565507308,0.18406454507282832,0.0007212361565507308
138,59,no_support,features,14723136,0.04293103611618676,-0.010242069686711375,0.855963705592766,-0.010242069686711375
138,59,no_support,classifier,18882560,0.0067892390597990016,-0.0012248519537934044,0.11497916616501017,-0.0012248519537934044
138,59,no_support,fc,40970,0.00623950006411178,-0.0013646644292748533,0.09365053275894304,-0.0013646644292748533
138,94,no_need,features,14723136,-0.16759367449668616,0.13997354609361423,0.8531975601114378,0.13997354609361423
138,94,no_need,classifier,18882560,-0.012220465321206575,0.00654030616124146,0.21591290321201695,0.00654030616124146
138,94,no_need,fc,40970,-0.007664692970138276,0.0028095845955249388,0.15997533403751746,0.0028095845955249388
139,54,no_support,features,14723136,0.011862258699608219,-0.010336210627059472,1.1673270656987436,-0.010336210627059472
139,54,no_support,classifier,18882560,0.0008806102831613316,-0.0012247200725141738,0.12378004039331775,-0.0012247200725141738
139,54,no_support,fc,40970,0.0012986248543711554,-0.0006404869227480958,0.09328516902997587,-0.0006404869227480958
139,66,no_need,features,14723136,-0.00012974485080974318,0.010586666629805563,0.8132241117709388,0.010586666629805563
139,66,no_need,classifier,18882560,-0.0009997547061857404,0.003126300871372223,0.09191878893675158,0.003126300871372223
139,66,no_need,fc,40970,-0.0008239658611728373,0.001903918629977852,0.06841105286326353,0.001903918629977852
139,17,active,features,14723136,-0.0029364262741182756,0.007652287331531227,1.079033855262032,0.007652287331531227
139,17,active,classifier,18882560,0.003277628800219645,-0.00027581204576421214,0.2890942483079156,-0.00027581204576421214
139,17,active,fc,40970,0.001871614465926541,-0.00024894481430237647,0.23973126429913366,-0.00024894481430237647
139,43,no_support,features,14723136,0.006118998476090098,-0.016429529173763058,0.7719100288021623,-0.016429529173763058
139,43,no_support,classifier,18882560,0.0011474291607100895,-0.0028039584396992723,0.1312984828520619,-0.0028039584396992723
139,43,no_support,fc,40970,0.0010012840098170273,-0.001692365017333941,0.0976657862030497,-0.001692365017333941
139,53,no_need,features,14723136,-0.0042985399428552284,-0.01252766905123437,0.915585205326044,-0.01252766905123437
139,53,no_need,classifier,18882560,-0.0006662483186801182,-0.001320773494057903,0.18822288030465875,-0.001320773494057903
139,53,no_need,fc,40970,-0.0002123379590557306,-0.000821110212655185,0.15679218359352495,-0.000821110212655185
139,40,no_need,features,14723136,0.0014029771837726912,-0.010166331359414471,1.038293781753902,-0.010166331359414471
139,40,no_need,classifier,18882560,-0.0033863669332276913,-0.0013443781376736297,0.16756366782793294,-0.0013443781376736297
139,40,no_need,fc,40970,-0.0023015244587440975,-0.0009613403171897517,0.134351705177658,-0.0009613403171897517
139,76,active,features,14723136,0.009809100928904968,0.0015551700786033962,1.182882034997079,0.0015551700786033962
139,76,active,classifier,18882560,0.0011308269777146052,0.0005931878897058596,0.1308198042065609,0.0005931878897058596
139,76,active,fc,40970,0.0017122721965279197,0.0006450509972637519,0.10555089232855402,0.0006450509972637519
139,1,no_need,features,14723136,-0.002826942835611135,0.019596585773996367,0.929298061147661,0.019596585773996367
139,1,no_need,classifier,18882560,-0.0001334287433749637,0.0032770610691841284,0.11155320779245705,0.0032770610691841284
139,1,no_need,fc,40970,-0.0004620472217311544,0.0018593294716993114,0.08040495539543423,0.0018593294716993114
139,4,no_need,features,14723136,-0.01806986885944184,-0.005051921445343055,1.1167533816340924,-0.005051921445343055
139,4,no_need,classifier,18882560,-0.005540919708437286,-0.0012863188150618043,0.18680977097379928,-0.0012863188150618043
139,4,no_need,fc,40970,-0.0035268721767351963,-0.0010440480518809636,0.1500223658602694,-0.0010440480518809636
139,81,no_support,features,14723136,0.009473410803586546,-0.0027971862680828963,0.8625294698955427,-0.0027971862680828963
139,81,no_support,classifier,18882560,3.822250363327839e-05,0.0006870671530805339,0.16976497429478762,0.0006870671530805339
139,81,no_support,fc,40970,-0.00011168671153427567,0.0004178520121058682,0.13619750745300344,0.0004178520121058682
140,52,no_need,features,14723136,-0.03451840901095693,-0.017061264547450605,1.2029545740912124,-0.017061264547450605
140,52,no_need,classifier,18882560,-0.015055069080517569,-0.005062257674580906,0.20162778858284647,-0.005062257674580906
140,52,no_need,fc,40970,-0.00871359800657956,-0.0034519589389674366,0.1669802998716048,-0.0034519589389674366
140,51,no_need,features,14723136,-0.007066532009943671,0.0026420606115209466,1.359119899876064,0.0026420606115209466
140,51,no_need,classifier,18882560,-0.0006007467961239854,0.0029148000053282885,0.2331370696848507,0.0029148000053282885
140,51,no_need,fc,40970,-0.0006880335290588846,0.0019574298294173786,0.19376362040832212,0.0019574298294173786
140,97,active,features,14723136,0.0021649148217797176,0.017840594609111804,0.45461820094060484,0.017840594609111804
140,97,active,classifier,18882560,-0.000326262289277679,0.0011542222110279,0.07188217090228351,0.0011542222110279
140,97,active,fc,40970,-0.0007523622425651411,0.0011765517560888838,0.05420091150722382,0.0011765517560888838
140,7,no_support,features,14723136,0.009165587786412743,-0.0018903406895773855,1.389537886909134,-0.0018903406895773855
140,7,no_support,classifier,18882560,-0.0005057044307932301,-0.0006183914590565109,0.21590744790791935,-0.0006183914590565109
140,7,no_support,fc,40970,-0.00014347617798193824,-0.0006449033007811522,0.17055809216341702,-0.0006449033007811522
140,41,no_support,features,14723136,0.015845976508572335,-0.017942698803040003,0.8271457761701281,-0.017942698803040003
140,41,no_support,classifier,18882560,0.00478829148278237,-0.004629123235417865,0.1357651393947307,-0.004629123235417865
140,41,no_support,fc,40970,0.0024159844069799874,-0.002598538398160599,0.09721501780976022,-0.002598538398160599
140,61,active,features,14723136,0.023033129554718812,0.005480071950543675,0.8401835232774989,0.005480071950543675
140,61,active,classifier,18882560,0.005529927390853118,0.0006565968528065014,0.18959867805934816,0.0006565968528065014
140,61,active,fc,40970,0.00393016775342403,0.0004971364919583721,0.14349676437727135,0.0004971364919583721
140,29,no_support,features,14723136,0.00039101311939759853,-0.0018234909237628827,1.0377041168764163,-0.0018234909237628827
140,29,no_support,classifier,18882560,0.003279513982761273,0.0008928873079412369,0.15668328042538876,0.0008928873079412369
140,29,no_support,fc,40970,0.0024683072697371244,0.00013606075822281127,0.1210708680063648,0.00013606075822281127
140,88,active,features,14723136,0.018047457762868646,0.005676534728053184,1.3137780663568126,0.005676534728053184
140,88,active,classifier,18882560,0.0022129187725568045,0.0035097711484013416,0.1489035934781243,0.0035097711484013416
140,88,active,fc,40970,0.0007315355132959667,0.0027054672937083524,0.10831461344380727,0.0027054672937083524
140,49,no_support,features,14723136,0.05054361633692395,-0.018737684772588636,1.0046200333612558,-0.018737684772588636
140,49,no_support,classifier,18882560,0.01322349751535512,-0.005735702830406808,0.18442614038507507,-0.005735702830406808
140,49,no_support,fc,40970,0.009332258261565585,-0.0037351934479374904,0.14169593874360908,-0.0037351934479374904
140,26,no_need,features,14723136,-0.030230528182102034,0.0392538191648697,0.8262308136635728,0.0392538191648697
140,26,no_need,classifier,18882560,-0.009677090376499109,0.008323113618189382,0.13671249604915672,0.008323113618189382
140,26,no_need,fc,40970,-0.006449164473451674,0.005826875953061972,0.10392519366340396,0.005826875953061972
141,21,no_support,features,14723136,0.002420803342086944,-0.012051774897344103,1.7470040288712876,-0.012051774897344103
141,21,no_support,classifier,18882560,0.00026136598214066,-0.0009327247113333215,0.19946253539522715,-0.0009327247113333215
141,21,no_support,fc,40970,0.0015401615673908964,-0.001102148308291362,0.14007503313545178,-0.001102148308291362
141,47,no_support,features,14723136,0.017637216988646287,-0.017222468504719757,0.7420117481418652,-0.017222468504719757
141,47,no_support,classifier,18882560,0.0027221989898862375,-0.003549612432379945,0.13940610088245445,-0.003549612432379945
141,47,no_support,fc,40970,0.0010819551107488223,-0.002154072168195853,0.11078741031018029,-0.002154072168195853
141,20,no_need,features,14723136,-0.026802018812247752,-0.00451530675553613,2.1538821611540473,-0.00451530675553613
141,20,no_need,classifier,18882560,-0.004836708608308982,-0.0018695754617965576,0.29874403905300284,-0.0018695754617965576
141,20,no_need,fc,40970,-0.00372528613297618,-0.0010320982601115247,0.20722689250076878,-0.0010320982601115247
141,59,active,features,14723136,0.003137200354331071,0.010799830166966728,0.7251721148165737,0.010799830166966728
141,59,active,classifier,18882560,-0.00037335988758258054,0.00109168283754002,0.10277968074515048,0.00109168283754002
141,59,active,fc,40970,0.0005837040548613004,0.0011265167856890912,0.08518130937899301,0.0011265167856890912
141,85,no_support,features,14723136,-0.00034976717082813025,-0.012649009242466036,1.0144266403983286,-0.012649009242466036
141,85,no_support,classifier,18882560,0.0005065732265450151,-0.00271411292862922,0.12080681208342586,-0.00271411292862922
141,85,no_support,fc,40970,0.0012124447121095727,-0.0015034396546980133,0.08727180103882294,-0.0015034396546980133
141,2,no_support,features,14723136,0.02795257162685516,-0.002352503872106837,1.2058732992568661,-0.002352503872106837
141,2,no_support,classifier,18882560,0.0051926288244885654,0.0004654000493147237,0.17827104217749343,0.0004654000493147237
141,2,no_support,fc,40970,0.004855839713854948,0.0004550234846192325,0.1298470017254211,0.0004550234846192325
141,99,no_need,features,14723136,-0.01232390372283021,0.005312146547950647,0.9800760926415872,0.005312146547950647
141,99,no_need,classifier,18882560,-0.008050053127590218,0.002021901511852775,0.2796507405765555,0.002021901511852775
141,99,no_need,fc,40970,-0.0035878517737728544,1.524015715403948e-05,0.21402381388379982,1.524015715403948e-05
141,70,no_support,features,14723136,0.06793062011345796,-0.014601575888150364,3.5913823593447325,-0.014601575888150364
141,70,no_support,classifier,18882560,-0.0005111043139436333,-0.0016140239126798406,0.480718277754332,-0.0016140239126798406
141,70,no_support,fc,40970,-0.005661023831635248,-0.00038217885537505936,0.31323137909395277,-0.00038217885537505936
141,54,no_need,features,14723136,-0.01096253701201988,0.004477814826788773,1.0294120589090658,0.004477814826788773
141,54,no_need,classifier,18882560,-0.0021929247367324933,-0.00023640667642155222,0.11593015695058659,-0.00023640667642155222
141,54,no_need,fc,40970,-0.0018594935809232993,-0.0001851361328135681,0.08932221601600766,-0.0001851361328135681
141,50,no_support,features,14723136,0.008083020071005365,-0.016334602237364493,1.2407329042608277,-0.016334602237364493
141,50,no_support,classifier,18882560,0.00142409873114957,-0.0035715546991923475,0.14274735119401283,-0.0035715546991923475
141,50,no_support,fc,40970,0.0008567256020342029,-0.00204226690766518,0.09961970169986177,-0.00204226690766518
142,65,no_support,features,14723136,0.02861191170941879,-0.0015354954093176332,0.9356584386299232,-0.0015354954093176332
142,65,no_support,classifier,18882560,0.005161080046491406,-0.0003457267402495745,0.2074944805310362,-0.0003457267402495745
142,65,no_support,fc,40970,0.0029222279554232955,-0.00042381603634567,0.1617257807945074,-0.00042381603634567
142,98,no_need,features,14723136,-0.018037810802908893,0.0011134069229683519,0.94051739546922,0.0011134069229683519
142,98,no_need,classifier,18882560,-0.003934229315063931,0.00012472662709228644,0.162066866540542,0.00012472662709228644
142,98,no_need,fc,40970,-0.0018255638624395942,-0.00039786691013432574,0.12536502200201752,-0.00039786691013432574
142,79,no_support,features,14723136,0.018504142911766053,-0.0029693493924547454,1.4440543319071726,-0.0029693493924547454
142,79,no_support,classifier,18882560,0.005913849971875607,0.00028267311742524726,0.30221768069061766,0.00028267311742524726
142,79,no_support,fc,40970,0.005495637582498603,-8.160559445968829e-07,0.24010561396533,-8.160559445968829e-07
142,6,no_need,features,14723136,-0.020061896618443598,0.00019395834143054458,2.2437985949479917,0.00019395834143054458
142,6,no_need,classifier,18882560,-0.005335151116241832,3.2091416024115915e-05,0.30647743566158886,3.2091416024115915e-05
142,6,no_need,fc,40970,-0.006091696555813542,-3.8814455592728336e-05,0.25471445536152404,-3.8814455592728336e-05
142,58,no_need,features,14723136,-0.020803413267003634,0.00011820945901064306,1.0357650849185471,0.00011820945901064306
142,58,no_need,classifier,18882560,-0.007638589440830401,6.731409928306675e-05,0.16599208427343368,6.731409928306675e-05
142,58,no_need,fc,40970,-0.005386610399000347,0.0004052346093885717,0.13054602164565335,0.0004052346093885717
142,92,active,features,14723136,0.04212870455654638,-0.00011598754137054357,4.183589871139681,-0.00011598754137054357
142,92,active,classifier,18882560,-0.0004936757864015817,0.0013509151369248684,1.3751524099854116,0.0013509151369248684
142,92,active,fc,40970,0.0014815876120337634,0.0004966408832842717,0.8065731494673862,0.0004966408832842717
142,19,active,features,14723136,0.005454562571500787,0.011244237543841962,0.6421229685367656,0.011244237543841962
142,19,active,classifier,18882560,0.0013654120951969162,0.0012156392098177093,0.1070613758888205,0.0012156392098177093
142,19,active,fc,40970,0.00023295353321373113,0.0009783295140550763,0.08933464186865038,0.0009783295140550763
142,37,no_need,features,14723136,-0.02663625862680874,0.0017382230284646027,0.8002077302630061,0.0017382230284646027
142,37,no_need,classifier,18882560,-0.005247045635314862,-0.0003263283060803701,0.1522091348903259,-0.0003263283060803701
142,37,no_need,fc,40970,-0.005566573076066561,-0.00035787607475867844,0.14146844376005563,-0.00035787607475867844
142,33,active,features,14723136,0.012468013833974112,0.0036350781014835576,0.7156716721020114,0.0036350781014835576
142,33,active,classifier,18882560,0.0027761265301933236,-5.631908520165041e-05,0.14990345437990893,-5.631908520165041e-05
142,33,active,fc,40970,0.002962228300020797,-5.2790793404255965e-05,0.12021406858086413,-5.2790793404255965e-05
142,75,no_need,features,14723136,-0.007266247876472676,0.007734086283335273,0.54319169250525,0.007734086283335273
142,75,no_need,classifier,18882560,-0.0013999253125120958,0.0015452917086804518,0.06747067183904074,0.0015452917086804518
142,75,no_need,fc,40970,-0.0013628788619826082,0.0018204625039288658,0.052520837316535125,0.0018204625039288658
143,44,no_need,features,14723136,-0.006006453835681214,0.0005922993680087529,1.6667578642579808,0.0005922993680087529
143,44,no_need,classifier,18882560,-0.0007130241739332632,5.971134635274211e-05,0.21807256550294235,5.971134635274211e-05
143,44,no_need,fc,40970,0.0017984714777412592,-0.00026663235826163145,0.16809021227476617,-0.00026663235826163145
143,84,active,features,14723136,0.0015910276536956758,0.004941203568549213,0.699156381887512,0.004941203568549213
143,84,active,classifier,18882560,0.001735507823241278,0.0020796427844516074,0.1039972479505692,0.0020796427844516074
143,84,active,fc,40970,0.0012593923947861185,0.0011545577854121802,0.07663618136129642,0.0011545577854121802
143,56,no_need,features,14723136,-0.012598453261915665,-0.003593636601307182,1.3938530145071095,-0.003593636601307182
143,56,no_need,classifier,18882560,-0.005157082279765746,0.00013833173562716183,0.1744841254273046,0.00013833173562716183
143,56,no_need,fc,40970,-0.004561570927762659,4.0945115870272275e-05,0.138308881728948,4.0945115870272275e-05
143,0,no_support,features,14723136,0.011182121086527275,-0.004126265619298408,1.2629273008984478,-0.004126265619298408
143,0,no_support,classifier,18882560,-0.005526998011191608,0.0012706954943837445,0.23351105273694017,0.0012706954943837445
143,0,no_support,fc,40970,-0.005190631716686767,0.0005239276570137008,0.1999476959624473,0.0005239276570137008
143,69,no_support,features,14723136,0.0006527836389977892,-0.0015522106871372898,0.9604924957766856,-0.0015522106871372898
143,69,no_support,classifier,18882560,0.0021497357681710128,-0.0005053546589408597,0.1234389852038889,-0.0005053546589408597
143,69,no_support,fc,40970,0.003055138016861747,-0.0007018768533271214,0.09699807424425412,-0.0007018768533271214
143,15,no_support,features,14723136,0.0025680703214661094,-0.00887046573082273,1.2200637972797044,-0.00887046573082273
143,15,no_support,classifier,18882560,0.0020053338324714787,-0.0022851368053125043,0.15732266565655278,-0.0022851368053125043
143,15,no_support,fc,40970,0.0008314574715768686,-0.0009622994284654851,0.1044536767254878,-0.0009622994284654851
143,66,no_support,features,14723136,0.01034331529977095,-0.007743363168469131,0.8898330990332718,-0.007743363168469131
143,66,no_support,classifier,18882560,0.001410968644137256,-0.0009213280684434721,0.11373342669270632,-0.0009213280684434721
143,66,no_support,fc,40970,0.000409052976010571,-0.0007403946771091796,0.08178548309725187,-0.0007403946771091796
143,78,no_support,features,14723136,0.010362474554739265,-0.004520752938294237,1.3652226684129096,-0.004520752938294237
143,78,no_support,classifier,18882560,-0.003174854670305649,0.00012620420000075683,0.2793147296675481,0.00012620420000075683
143,78,no_support,fc,40970,-0.0037267260249791434,-4.456598708202364e-05,0.24548658102629106,-4.456598708202364e-05
143,42,no_support,features,14723136,0.0169925924228167,-0.008318287545627356,1.6594496929230862,-0.008318287545627356
143,42,no_support,classifier,18882560,0.0015837025113114578,-0.0012627521115859963,0.18989298718748918,-0.0012627521115859963
143,42,no_support,fc,40970,0.0013369348243941204,-0.0009420740498171654,0.13317388560550938,-0.0009420740498171654
143,95,no_support,features,14723136,0.016841945931346913,-0.0028642303835582084,2.7283454968647005,-0.0028642303835582084
143,95,no_support,classifier,18882560,0.002245185919719006,-0.0005045088284987287,0.4172354406635596,-0.0005045088284987287
143,95,no_support,fc,40970,0.0049712889740476385,-0.0005009935823636624,0.30493335393160126,-0.0005009935823636624
144,36,active,features,14723136,0.0031055978493661485,0.014896061675287342,0.4835385284137978,0.014896061675287342
144,36,active,classifier,18882560,0.0005336669771054403,0.0027872026794284466,0.10682900997907896,0.0027872026794284466
144,36,active,fc,40970,-0.0002506155867649795,0.0021039653511252254,0.07975724000112105,0.0021039653511252254
144,20,no_support,features,14723136,0.032772073268560575,-0.012276531405804647,2.0041084503043565,-0.012276531405804647
144,20,no_support,classifier,18882560,0.0010685361916671354,0.000763761471887392,0.29536046092147217,0.000763761471887392
144,20,no_support,fc,40970,0.000876379795045068,0.000318611717375461,0.20153099022440277,0.000318611717375461
144,53,no_support,features,14723136,0.040931131900393325,-0.0069294089492366595,1.0695634653259058,-0.0069294089492366595
144,53,no_support,classifier,18882560,0.0067379481893112825,0.00025809263189557896,0.15981194455036832,0.00025809263189557896
144,53,no_support,fc,40970,0.004602011613314971,0.00039397717500833096,0.13009342667296772,0.00039397717500833096
144,26,no_support,features,14723136,-0.0004091958734093737,-0.00345403520972809,0.464495502691021,-0.00345403520972809
144,26,no_support,classifier,18882560,0.0008195872728151699,-0.001118937082537741,0.07387767324152605,-0.001118937082537741
144,26,no_support,fc,40970,0.0001554428447434475,-0.0010040355973615078,0.055822500464066144,-0.0010040355973615078
144,80,no_support,features,14723136,0.03702136529344102,-0.015526085367838505,1.110995276665691,-0.015526085367838505
144,80,no_support,classifier,18882560,0.010344444669044606,-0.002774652255766341,0.1889780155131325,-0.002774652255766341
144,80,no_support,fc,40970,0.009321711637312546,-0.0024676744906173553,0.15189130514415553,-0.0024676744906173553
144,67,no_need,features,14723136,-0.005991539909807386,-0.003279284897178769,1.815033723602694,-0.003279284897178769
144,67,no_need,classifier,18882560,-0.002393763345253319,-0.0005972385652910361,0.2189536737256774,-0.0005972385652910361
144,67,no_need,fc,40970,-0.0004331369545980124,-0.0004878956921174904,0.15984780027664344,-0.0004878956921174904
144,25,no_need,features,14723136,-0.012045207953292447,0.0021043730441885344,1.5560251632357665,0.0021043730441885344
144,25,no_need,classifier,18882560,-0.0021805446289135944,0.0006614732819798519,0.24320661639564106,0.0006614732819798519
144,25,no_need,fc,40970,-0.00032240048767562257,-0.0001671004458785319,0.19567101379255328,-0.0001671004458785319
144,37,active,features,14723136,0.018075104866348113,0.016187457795936666,0.9836215813048832,0.016187457795936666
144,37,active,classifier,18882560,0.004024193700388423,0.0028868910590063024,0.151812934310068,0.0028868910590063024
144,37,active,fc,40970,0.004740550913993502,0.003065510572923813,0.13019775860532548,0.003065510572923813
144,39,no_need,features,14723136,-0.004451037935879754,0.002605601434684246,1.3488987839729296,0.002605601434684246
144,39,no_need,classifier,18882560,-0.001043937978181475,0.0018681832507354557,0.14320291307819918,0.0018681832507354557
144,39,no_need,fc,40970,-0.0009529986591587658,0.0014627409291279037,0.10032687996218635,0.0014627409291279037
144,10,no_need,features,14723136,-0.012703914953426931,0.0029686501148304956,1.306021150135484,0.0029686501148304956
144,10,no_need,classifier,18882560,7.511504157520221e-05,0.000679162333142358,0.18350041965479755,0.000679162333142358
144,10,no_need,fc,40970,0.0011125922046630876,0.0015383636518890853,0.14046568720294658,0.0015383636518890853
145,54,no_support,features,14723136,0.01318724629043544,-0.006385293816556725,0.6288323146211252,-0.006385293816556725
145,54,no_support,classifier,18882560,0.0015907197461046962,0.0005773545300371552,0.08894523313126823,0.0005773545300371552
145,54,no_support,fc,40970,0.001541797656500421,0.0004246396019880194,0.07383809894282138,0.0004246396019880194
145,62,no_support,features,14723136,0.03776083083255344,-0.023036432554050634,1.7112935165762277,-0.023036432554050634
145,62,no_support,classifier,18882560,0.012028284445477766,-0.0029621111011692847,0.33121786738347847,-0.0029621111011692847
145,62,no_support,fc,40970,0.006512021267553791,-0.001434668049114407,0.2696012473759608,-0.001434668049114407
145,65,no_support,features,14723136,0.00392865815787502,-0.010520743840583435,1.6759727228636583,-0.010520743840583435
145,65,no_support,classifier,18882560,-0.0016169674502179987,9.55433074523171e-05,0.23094845875688033,9.55433074523171e-05
145,65,no_support,fc,40970,-0.0013201429865148384,7.910486010587192e-05,0.17053327862176793,7.910486010587192e-05
145,69,no_support,features,14723136,0.06802517175580647,-0.01713334831554647,1.4691709467096068,-0.01713334831554647
145,69,no_support,classifier,18882560,0.008703129730747605,-0.0009291187719497884,0.17503592848913013,-0.0009291187719497884
145,69,no_support,fc,40970,0.006704805044137174,-0.0011282864029453776,0.1358601016503975,-0.0011282864029453776
145,82,no_support,features,14723136,0.034381026936188164,-0.0016507800793661431,0.835430742518993,-0.0016507800793661431
145,82,no_support,classifier,18882560,0.006375907718393137,-0.001097460699270414,0.14473558474167078,-0.001097460699270414
145,82,no_support,fc,40970,0.0052950804310967214,-0.0006560686406373861,0.12089716058290349,-0.0006560686406373861
145,46,no_support,features,14723136,0.025953258610343255,-0.007288376710119948,0.9930864207891564,-0.007288376710119948
145,46,no_support,classifier,18882560,0.006023449238000467,0.00122987820373055,0.26515979696867104,0.00122987820373055
145,46,no_support,fc,40970,0.0033462979354226263,0.0011163594554091105,0.2190429290675996,0.0011163594554091105
145,64,active,features,14723136,0.0016189285499947914,0.028552762348823535,0.6533478382588628,0.028552762348823535
145,64,active,classifier,18882560,-0.0001667283735997671,0.008013476100131811,0.11085110380750877,0.008013476100131811
145,64,active,fc,40970,0.00029796547460136935,0.005174274634555331,0.09173057838333669,0.005174274634555331
145,70,no_need,features,14723136,-0.02164829625036191,0.006790089248660536,0.9042451236481185,0.006790089248660536
145,70,no_need,classifier,18882560,-0.00992522347769409,0.0008090703605034832,0.15690374420689301,0.0008090703605034832
145,70,no_need,fc,40970,-0.006764999798178906,-0.00017764254334906582,0.11321872531227228,-0.00017764254334906582
145,59,no_need,features,14723136,-0.0015983587751691175,-0.001092283785549597,1.0730831598105042,-0.001092283785549597
145,59,no_need,classifier,18882560,-0.003449852728863334,0.0012058517688728898,0.14280419700241498,0.0012058517688728898
145,59,no_need,fc,40970,-0.0036804217506869463,0.0011424059530327213,0.11685299200272202,0.0011424059530327213
145,11,no_need,features,14723136,-0.03940031434379421,0.022769867307189884,0.7035575721719821,0.022769867307189884
145,11,no_need,classifier,18882560,-0.004979398912610122,0.001832204310517227,0.10941319083345329,0.001832204310517227
145,11,no_need,fc,40970,-0.003155872800562065,0.0013822479349983041,0.08146288444609782,0.0013822479349983041
146,78,no_support,features,14723136,0.0284682168909427,-0.024345470225227928,1.5660371199976262,-0.024345470225227928
146,78,no_support,classifier,18882560,-7.066154893209387e-05,-0.0016360753216417834,0.24677735863376524,-0.0016360753216417834
146,78,no_support,fc,40970,-0.00023599329506396316,-8.740512430449598e-05,0.1951070282890741,-8.740512430449598e-05
146,89,no_need,features,14723136,-0.053610015402568933,0.0012769751487651249,0.9669034044638882,0.0012769751487651249
146,89,no_need,classifier,18882560,-0.015332434737501899,0.002226796456852753,0.21335598890883084,0.002226796456852753
146,89,no_need,fc,40970,-0.010332573488994967,0.002176086461986415,0.17540490884239646,0.002176086461986415
146,64,no_need,features,14723136,-0.24800173469657238,0.16870456806128686,1.2148572025914077,0.16870456806128686
146,64,no_need,classifier,18882560,-0.013826391256770876,0.006549446879489551,0.17379073467158587,0.006549446879489551
146,64,no_need,fc,40970,-0.009256211589672603,0.004202255862765014,0.13484592794390146,0.004202255862765014
146,25,no_support,features,14723136,0.03688316344954501,-0.03799595433505942,1.340402532607986,-0.03799595433505942
146,25,no_support,classifier,18882560,0.002755767745384219,-0.00924500841756526,0.18133966622341174,-0.00924500841756526
146,25,no_support,fc,40970,-8.752689836910577e-05,-0.00716499526242842,0.13969573169073257,-0.00716499526242842
146,85,active,features,14723136,0.028820751341619655,0.0008631978366508974,0.8376451420919632,0.0008631978366508974
146,85,active,classifier,18882560,0.006232311020085035,0.0004581474985343448,0.10685106896941039,0.0004581474985343448
146,85,active,fc,40970,0.005068331411166582,0.0003618399655351823,0.07834968564944363,0.0003618399655351823
146,9,active,features,14723136,0.013271661525420697,0.003069446785801233,0.9731791345596325,0.003069446785801233
146,9,active,classifier,18882560,0.003458232697312269,0.00013109986160486642,0.14837077552527198,0.00013109986160486642
146,9,active,fc,40970,0.0029140476435713936,8.062606138992123e-05,0.11629962564147169,8.062606138992123e-05
146,57,no_need,features,14723136,-0.008765354751805177,-0.009855812188412472,1.13520072985676,-0.009855812188412472
146,57,no_need,classifier,18882560,0.0010617532853984812,-0.004112584925223928,0.2623033854118334,-0.004112584925223928
146,57,no_need,fc,40970,0.000446263975391048,-0.0016988097650028067,0.2439424109486796,-0.0016988097650028067
146,41,no_need,features,14723136,0.004664948922638246,0.010203649661875147,1.1701155475197234,0.010203649661875147
146,41,no_need,classifier,18882560,-0.0021893212951908936,0.0023018865164203817,0.15718950497832437,0.0023018865164203817
146,41,no_need,fc,40970,-0.002935669537691865,0.001161137504823273,0.11199739458073586,0.001161137504823273
146,97,no_need,features,14723136,-0.037181219739608196,0.007453135134504407,1.1729878417562989,0.007453135134504407
146,97,no_need,classifier,18882560,-0.008838579569783178,0.0010264918413440682,0.15908613233195154,0.0010264918413440682
146,97,no_need,fc,40970,-0.005331151442078408,4.1714277358551044e-05,0.11220053211712915,4.1714277358551044e-05
146,45,no_need,features,14723136,0.0015364270352762333,0.0015283341226819402,0.9937776906100746,0.0015283341226819402
146,45,no_need,classifier,18882560,-0.0003579153817838687,0.00017198181402022783,0.17842170661493234,0.00017198181402022783
146,45,no_need,fc,40970,-0.0034068568365910323,0.001769669193890877,0.13993883338229007,0.001769669193890877
147,32,no_support,features,14723136,0.04805215031286991,-0.016142779493826254,0.9194091179118395,-0.016142779493826254
147,32,no_support,classifier,18882560,0.006883964545068011,0.0007614761489094235,0.25411777283163806,0.0007614761489094235
147,32,no_support,fc,40970,0.008102508072624914,-0.001455377187085105,0.21747454164571775,-0.001455377187085105
147,8,no_support,features,14723136,0.0527134197614032,-0.020028761148736862,1.9010569526680439,-0.020028761148736862
147,8,no_support,classifier,18882560,0.009448013192013605,0.001437716697068936,0.22720233744552923,0.001437716697068936
147,8,no_support,fc,40970,0.010414257561933482,0.0015754447140352568,0.16900176610863732,0.0015754447140352568
147,70,active,features,14723136,0.0016910230066997658,0.0019183652013978758,1.2371054310403762,0.0019183652013978758
147,70,active,classifier,18882560,0.003142145592050838,0.0003347011632968133,0.1560842288988547,0.0003347011632968133
147,70,active,fc,40970,0.004118115226447117,0.0005235707903921138,0.11266842959639715,0.0005235707903921138
147,41,no_need,features,14723136,-0.14122803654097993,0.08409994067475779,0.6902688485632354,0.08409994067475779
147,41,no_need,classifier,18882560,-0.005064424547526869,0.0029743794099204024,0.10959259497464498,0.0029743794099204024
147,41,no_need,fc,40970,-0.0018872956807172159,0.0022397212451323867,0.07761117551578939,0.0022397212451323867
147,12,active,features,14723136,0.016591628121958024,0.0009400851120489051,0.9706362759533106,0.0009400851120489051
147,12,active,classifier,18882560,0.002136583411356696,-0.00011951834422063712,0.14124237239142776,-0.00011951834422063712
147,12,active,fc,40970,0.0017325820535916137,-0.0003052544767001564,0.1065688827838949,-0.0003052544767001564
147,19,active,features,14723136,0.03556772906161143,0.0070133030354995185,0.603601583387988,0.0070133030354995185
147,19,active,classifier,18882560,0.006201237772984314,0.0019674303007377603,0.08958572206095504,0.0019674303007377603
147,19,active,fc,40970,0.005186160899029346,0.002045649180217879,0.06882171975089636,0.002045649180217879
147,88,no_need,features,14723136,-0.014831148403800398,0.0015713571388760172,1.341089868704184,0.0015713571388760172
147,88,no_need,classifier,18882560,-0.004273659850241529,9.91416637674547e-05,0.1665003664164038,9.91416637674547e-05
147,88,no_need,fc,40970,-0.002359049118240364,0.0002981984857797215,0.11782184452842431,0.0002981984857797215
147,20,no_support,features,14723136,0.059693223397623285,-0.021899935850647978,1.4939273668543704,-0.021899935850647978
147,20,no_support,classifier,18882560,0.009473376256664778,-0.004811743712252792,0.2508431222568251,-0.004811743712252792
147,20,no_support,fc,40970,0.006065645171474898,-0.003230502104088373,0.18188989299229216,-0.003230502104088373
147,98,no_support,features,14723136,0.00264384408252738,-0.04773413366889656,0.9777555955473232,-0.04773413366889656
147,98,no_support,classifier,18882560,0.00020509542915903012,-0.007849006633023237,0.12548988418724238,-0.007849006633023237
147,98,no_support,fc,40970,-7.871862953834352e-05,-0.005005576840630965,0.10057770213740563,-0.005005576840630965
147,33,no_support,features,14723136,0.002792139413912764,-0.008642666894431272,1.1748825634025108,-0.008642666894431272
147,33,no_support,classifier,18882560,0.0004084602083480604,0.00045269792067870185,0.21181473785061433,0.00045269792067870185
147,33,no_support,fc,40970,0.00021490263679879718,0.0005123565988469636,0.17899155814149603,0.0005123565988469636
148,50,no_support,features,14723136,0.002219122061005052,-0.0004190549630500584,0.4752260114772035,-0.0004190549630500584
148,50,no_support,classifier,18882560,0.0008871449558682798,-0.00013338313105748512,0.06479432773384641,-0.00013338313105748512
148,50,no_support,fc,40970,0.0013007224370085169,-0.0002062219213030403,0.050079658812682254,-0.0002062219213030403
148,29,no_need,features,14723136,-0.03091732174581807,0.010467161533313174,0.9531481126015124,0.010467161533313174
148,29,no_need,classifier,18882560,-0.010914575943388627,0.003154379626039372,0.2081369668263296,0.003154379626039372
148,29,no_need,fc,40970,-0.006260585774725769,0.0022908514492883114,0.16161165975659775,0.0022908514492883114
148,81,no_support,features,14723136,0.0036564811396289083,-0.021028635384283234,0.8157929537186915,-0.021028635384283234
148,81,no_support,classifier,18882560,0.0009967871237677173,-0.004347722302782131,0.1407831180218886,-0.004347722302782131
148,81,no_support,fc,40970,0.0004511786164584919,-0.003731096132469247,0.10636308764595642,-0.003731096132469247
148,33,no_need,features,14723136,-0.3612986320639493,0.24267671169275218,0.9030609767801346,0.24267671169275218
148,33,no_need,classifier,18882560,-0.015080778795891092,0.009147351408046234,0.1687273808414921,0.009147351408046234
148,33,no_need,fc,40970,-0.010019945686508436,0.006102008337620646,0.1377464185431373,0.006102008337620646
148,44,no_need,features,14723136,0.0006542483999396618,-0.004663717913047094,1.279178732607972,-0.004663717913047094
148,44,no_need,classifier,18882560,-0.0014667450911929336,-0.0010468445906326451,0.1892387763725991,-0.0010468445906326451
148,44,no_need,fc,40970,-0.003999858365205,-0.0009996346807383816,0.15497194298371658,-0.0009996346807383816
148,69,no_support,features,14723136,0.04529274565022945,-0.00920112848690735,0.7444590450364369,-0.00920112848690735
148,69,no_support,classifier,18882560,0.007716430397067597,-0.0015332381253756466,0.12956049461700914,-0.0015332381253756466
148,69,no_support,fc,40970,0.004519675916526467,-0.0006942780328245135,0.0996056292597443,-0.0006942780328245135
148,2,no_support,features,14723136,0.029365132045846565,-0.013744249064162162,1.740720041026258,-0.013744249064162162
148,2,no_support,classifier,18882560,0.004495259436680499,-0.0016237229921216567,0.21378137739393166,-0.0016237229921216567
148,2,no_support,fc,40970,0.004309484145778697,-0.0015632734830433037,0.14762898947827163,-0.0015632734830433037
148,68,active,features,14723136,0.06801327167636373,4.457585073147641e-05,1.5685337294959993,4.457585073147641e-05
148,68,active,classifier,18882560,0.016509417758243217,0.0010076518888695318,0.19352114984824342,0.0010076518888695318
148,68,active,fc,40970,0.011932905224966817,0.001375437850583694,0.1404352261130158,0.001375437850583694
148,93,no_support,features,14723136,0.015446087003972764,-0.014134040866565556,1.7490239376621413,-0.014134040866565556
148,93,no_support,classifier,18882560,0.001980686724664338,-0.002122771540825852,0.23463956812292533,-0.002122771540825852
148,93,no_support,fc,40970,0.0007928835455004446,-0.0013904938277846668,0.1738449609062653,-0.0013904938277846668
148,85,no_support,features,14723136,0.02414623495432977,-0.0030036731503280123,1.3056029957196207,-0.0030036731503280123
148,85,no_support,classifier,18882560,0.0032385201973283984,0.00043865024251488194,0.17559876307078393,0.00043865024251488194
148,85,no_support,fc,40970,0.003727775985680637,-6.435343379962433e-05,0.12661956012198258,-6.435343379962433e-05
149,5,no_need,features,14723136,-0.01242696196820603,-0.005199126277949162,2.608664848928218,-0.005199126277949162
149,5,no_need,classifier,18882560,0.0028785230063022027,-0.0029125494688742037,0.45998002458188736,-0.0029125494688742037
149,5,no_need,fc,40970,-0.002534713115892373,-0.0017007820802064089,0.3210701675061989,-0.0017007820802064089
149,84,no_need,features,14723136,-0.01255890567000506,-0.0036469609220546317,1.0999891535709005,-0.0036469609220546317
149,84,no_need,classifier,18882560,-0.004146807155620991,0.0012301173003379517,0.14904507356536345,0.0012301173003379517
149,84,no_need,fc,40970,-0.0033865210298245074,0.0015519804846917395,0.11230476722118408,0.0015519804846917395
149,70,no_support,features,14723136,0.050205674717226145,-0.022674693176242045,0.6379875963989363,-0.022674693176242045
149,70,no_support,classifier,18882560,0.010416014561542397,-0.0024639739253871085,0.132589139696749,-0.0024639739253871085
149,70,no_support,fc,40970,0.008585033734561875,-0.0018444941206325893,0.11201317071129512,-0.0018444941206325893
149,73,no_support,features,14723136,0.024939128070670336,-0.004072822901605377,1.1027316760395711,-0.004072822901605377
149,73,no_support,classifier,18882560,0.0035177919946818292,-0.0003136299778816465,0.14381644344422848,-0.0003136299778816465
149,73,no_support,fc,40970,0.003653481227956945,2.7638424626275082e-05,0.10845634368591686,2.7638424626275082e-05
149,31,no_need,features,14723136,-0.0014006796939760593,0.01675286635756379,0.8963547709216321,0.01675286635756379
149,31,no_need,classifier,18882560,-0.001308421848875696,0.0031012596209620824,0.11575111180805134,0.0031012596209620824
149,31,no_need,fc,40970,-0.000250102054906165,0.001933011661094497,0.08781640391509121,0.001933011661094497
149,62,no_need,features,14723136,-0.04338180127075475,0.0035290941490027095,1.140828559120231,0.0035290941490027095
149,62,no_need,classifier,18882560,-0.010367873003815475,0.0006251202160569846,0.21003250429561512,0.0006251202160569846
149,62,no_need,fc,40970,-0.006504472930828342,0.0006716132170367928,0.15870259869059514,0.0006716132170367928
149,69,no_need,features,14723136,-0.18343320479129943,0.12585376239147017,0.753711645917677,0.12585376239147017
149,69,no_need,classifier,18882560,-0.007828695443095057,-0.0010175018248901324,0.09774295021803338,-0.0010175018248901324
149,69,no_need,fc,40970,-0.005058391207057866,-0.0008161799869412789,0.0730579825239297,-0.0008161799869412789
149,13,active,features,14723136,0.009955574657332988,0.020260364627944227,0.7683418028477138,0.020260364627944227
149,13,active,classifier,18882560,0.0052563906488103385,0.003603613785799098,0.1374325020161017,0.003603613785799098
149,13,active,fc,40970,0.005369625072489725,0.0022709625845891424,0.10588520806545623,0.0022709625845891424
149,86,active,features,14723136,0.008544760674073615,0.008229102600683547,1.9617672419107854,0.008229102600683547
149,86,active,classifier,18882560,-0.0019739747054927648,0.0008437944997012892,0.27017709639568777,0.0008437944997012892
149,86,active,fc,40970,-0.002847388177542598,0.0008861108699420583,0.20361030642762823,0.0008861108699420583
149,74,active,features,14723136,0.009223992231710554,0.001194140729740667,0.8762127068294383,0.001194140729740667
149,74,active,classifier,18882560,0.0026017523109658214,0.0026373122573204455,0.22288135064058687,0.0026373122573204455
149,74,active,fc,40970,-0.000542561836027744,0.0009839154458859412,0.1865073700404899,0.0009839154458859412
150,69,no_need,features,14723136,-0.021025691569376725,0.041967678996769564,0.3244181151260059,0.041967678996769564
150,69,no_need,classifier,18882560,0.0003111998133817906,0.002951624619527138,0.046433192599410374,0.002951624619527138
150,69,no_need,fc,40970,8.444580032573867e-05,0.0017609319711482385,0.03709928749124372,0.0017609319711482385
150,9,no_support,features,14723136,0.012577816187658186,-0.0017079551141208071,1.4457894833392535,-0.0017079551141208071
150,9,no_support,classifier,18882560,-0.0007300200118720568,0.0008652590984183917,0.17741803840289871,0.0008652590984183917
150,9,no_support,fc,40970,8.25443712528795e-05,0.00046670690153405303,0.1275552811311449,0.00046670690153405303
150,41,no_need,features,14723136,-0.0021692248442537476,-0.0026362633338834485,0.7773753398980225,-0.0026362633338834485
150,41,no_need,classifier,18882560,-0.0010654732343482465,0.001233143042327356,0.10635513410559357,0.001233143042327356
150,41,no_need,fc,40970,-0.0011281651213721489,0.0012024871025460016,0.08057232076661959,0.0012024871025460016
150,83,no_need,features,14723136,-0.0006066078439488365,-0.0035056560145463322,1.153160602551027,-0.0035056560145463322
150,83,no_need,classifier,18882560,-0.002243082885570402,-0.0006762259776280644,0.15282312038147733,-0.0006762259776280644
150,83,no_need,fc,40970,-0.0017765363727448857,-0.0006423286806693795,0.12072559460350772,-0.0006423286806693795
150,76,no_need,features,14723136,-0.0033707893033749765,0.0028699673120176072,0.6753145061277974,0.0028699673120176072
150,76,no_need,classifier,18882560,-0.00029581526516153644,0.0006492690075674545,0.10261820439105622,0.0006492690075674545
150,76,no_need,fc,40970,1.0608306411086232e-05,0.00042758415065691224,0.08284950428697112,0.00042758415065691224
150,63,no_support,features,14723136,0.015751747468613075,-0.0006114832858568064,1.7164322627493822,-0.0006114832858568064
150,63,no_support,classifier,18882560,0.0027288868423056556,1.9747024218474962e-05,0.20520331848701984,1.9747024218474962e-05
150,63,no_support,fc,40970,0.002852667776096496,0.0002814785045757162,0.14162971991487872,0.0002814785045757162
150,34,active,features,14723136,0.022609658101856667,0.0014624637389992756,1.3098720268952748,0.0014624637389992756
150,34,active,classifier,18882560,0.005155068930434936,-0.0007353238712539678,0.2060332406644617,-0.0007353238712539678
150,34,active,fc,40970,0.0030065471546549816,-0.00026189744130533654,0.1753361133845685,-0.00026189744130533654
150,67,no_need,features,14723136,-0.025377976140106284,0.006706564034938189,0.9227123606563692,0.006706564034938189
150,67,no_need,classifier,18882560,-0.005800982885830308,0.00036047348800138934,0.1554228988012222,0.00036047348800138934
150,67,no_need,fc,40970,-0.004756389247631887,-2.3168430175246613e-05,0.12475627316585455,-2.3168430175246613e-05
150,36,no_need,features,14723136,-0.02164236936076236,0.00908209749145783,1.3198772348140688,0.00908209749145783
150,36,no_need,classifier,18882560,-0.0044226262084521295,0.002232408578038303,0.20265846496614714,0.002232408578038303
150,36,no_need,fc,40970,-0.0020793308849533787,0.0010965075316562434,0.14362500912950282,0.0010965075316562434
150,87,no_need,features,14723136,-0.00423716085543191,0.0013447766736103262,1.1029933792655484,0.0013447766736103262
150,87,no_need,classifier,18882560,-0.0006167368793228434,-0.0001617477248245791,0.1568295297962582,-0.0001617477248245791
150,87,no_need,fc,40970,-0.00018900949157796276,-0.00020516376025625505,0.12213021587765352,-0.00020516376025625505
151,40,no_need,features,14723136,-0.009887698876170248,0.00048504991289277655,0.8102040750999513,0.00048504991289277655
151,40,no_need,classifier,18882560,-0.0030181413435457216,0.0004552072367260962,0.14013033715645493,0.0004552072367260962
151,40,no_need,fc,40970,-0.0014771970381843857,0.00036868342795060016,0.11338367121265155,0.00036868342795060016
151,77,no_need,features,14723136,-0.00987500122484164,0.010422581769454098,0.8638748938659138,0.010422581769454098
151,77,no_need,classifier,18882560,-0.0017341532588943664,0.0011773190843769044,0.12582859717873454,0.0011773190843769044
151,77,no_need,fc,40970,-0.0016910655849642353,0.0013918160238972632,0.09071108795394357,0.0013918160238972632
151,95,no_need,features,14723136,-0.012242161982698006,-0.004928752269229619,3.430754729568272,-0.004928752269229619
151,95,no_need,classifier,18882560,-0.006742524996752763,-0.0014399038017245402,0.5470404432028538,-0.0014399038017245402
151,95,no_need,fc,40970,-0.007758345796901267,-0.0008916501872135996,0.38891296586075963,-0.0008916501872135996
151,52,no_need,features,14723136,-0.023460815032592564,0.0009673585511968952,1.4700386404078953,0.0009673585511968952
151,52,no_need,classifier,18882560,-0.00378927767087589,0.00041667642801712645,0.18050861031895113,0.00041667642801712645
151,52,no_need,fc,40970,-0.00465133002580842,0.0003800505510298535,0.14758164404798244,0.0003800505510298535
151,25,active,features,14723136,0.018931406780119175,0.020365848231051586,1.0210858190598935,0.020365848231051586
151,25,active,classifier,18882560,0.001769859108435412,0.00250101302344774,0.12718404452078005,0.00250101302344774
151,25,active,fc,40970,0.0010284469476573577,0.001878532024420565,0.09651005500151467,0.001878532024420565
151,38,no_support,features,14723136,0.021788115729862056,-0.009945635983588552,1.0969249344423835,-0.009945635983588552
151,38,no_support,classifier,18882560,0.002314336699555497,-0.0001641490516419708,0.16097877297266697,-0.0001641490516419708
151,38,no_support,fc,40970,0.0010447901377119706,-0.0003690219161853747,0.1126768773576841,-0.0003690219161853747
151,46,no_support,features,14723136,0.009079744491842234,-0.009401941513697665,0.9987037489796499,-0.009401941513697665
151,46,no_support,classifier,18882560,0.001111898852741433,-0.00031061839211332654,0.2610673959862898,-0.00031061839211332654
151,46,no_support,fc,40970,0.002665379858626693,0.00023866742549216724,0.2221739610974738,0.00023866742549216724
151,47,no_need,features,14723136,-0.018311603416123035,0.004219100412788279,1.5066506655700285,0.004219100412788279
151,47,no_need,classifier,18882560,-0.0041712786796779255,-8.18264616242459e-06,0.17684820135085766,-8.18264616242459e-06
151,47,no_need,fc,40970,-0.003256513560700114,0.0003064956183607137,0.14525934957236614,0.0003064956183607137
151,93,no_need,features,14723136,-0.0025076571418729534,0.0034606453954602046,0.702143201122375,0.0034606453954602046
151,93,no_need,classifier,18882560,-0.001189485716508898,0.001285921219505326,0.11706710494516413,0.001285921219505326
151,93,no_need,fc,40970,-0.0007116754723028862,0.000981814821898297,0.08868739367814149,0.000981814821898297
151,88,no_need,features,14723136,-0.01306344412894589,-0.006772620922070871,0.7371630096897143,-0.006772620922070871
151,88,no_need,classifier,18882560,-0.002742501521424856,-0.0013472704368950872,0.09853658391119813,-0.0013472704368950872
151,88,no_need,fc,40970,-0.0018360739286436,-0.0007902438474047813,0.0796105798997996,-0.0007902438474047813
152,14,active,features,14723136,0.012590294759505127,0.0024300333805378216,0.44405516822334207,0.0024300333805378216
152,14,active,classifier,18882560,0.004456096668263854,0.0012933291736771935,0.09562148347831168,0.0012933291736771935
152,14,active,fc,40970,0.003662042970972834,0.001122433029649983,0.08059415178079965,0.001122433029649983
152,22,no_need,features,14723136,-0.03176244754595814,0.001019268629162795,1.1750935396512547,0.001019268629162795
152,22,no_need,classifier,18882560,-0.006700236308461172,-0.0006094262624856128,0.22987132732003174,-0.0006094262624856128
152,22,no_need,fc,40970,-0.005187280243262649,-0.0005123831879245699,0.17824129442352646,-0.0005123831879245699
152,87,active,features,14723136,0.017308925724210056,-0.0004276100079678713,1.2702029092547815,-0.0004276100079678713
152,87,active,classifier,18882560,1.0832547815198268e-05,0.0007998043896009221,0.12334188012220604,0.0007998043896009221
152,87,active,fc,40970,-0.00028828622725995956,0.00018116333933448914,0.09043979388841152,0.00018116333933448914
152,6,no_support,features,14723136,0.012564496481957121,-0.004857342403539633,3.0337179003644357,-0.004857342403539633
152,6,no_support,classifier,18882560,-0.0028974373555001876,-9.055370551180886e-05,0.5648703577209286,-9.055370551180886e-05
152,6,no_support,fc,40970,-0.0019214185631426517,-0.00036688451746158535,0.42022982730100594,-0.00036688451746158535
152,15,no_need,features,14723136,0.0024130004103497527,-0.0034655312288833784,0.873390476990691,-0.0034655312288833784
152,15,no_need,classifier,18882560,-0.0017918887876930967,0.0013185358801592884,0.12491095275261255,0.0013185358801592884
152,15,no_need,fc,40970,-0.0010066649883810896,0.0008709946844192018,0.09087475233712271,0.0008709946844192018
152,36,active,features,14723136,0.02875731226959033,0.025169339937590962,0.6642341192294078,0.025169339937590962
152,36,active,classifier,18882560,0.00636386155792934,0.003194302022620832,0.1323430987139433,0.003194302022620832
152,36,active,fc,40970,0.004915879349937313,0.00205030279357743,0.10551042997030995,0.00205030279357743
152,37,no_need,features,14723136,-0.0030516254203298843,-0.010399592998295404,0.8952144736184676,-0.010399592998295404
152,37,no_need,classifier,18882560,-0.0001920913703372662,-0.0026493397417652886,0.16988540453521947,-0.0026493397417652886
152,37,no_need,fc,40970,-0.00016720574240025599,-0.0019343487965670647,0.15885180477943447,-0.0019343487965670647
152,44,no_need,features,14723136,-0.0012464874292987815,0.0008794733518051601,1.3289289545822125,0.0008794733518051601
152,44,no_need,classifier,18882560,-0.00372485426851199,0.00032943052798373174,0.16451368441921244,0.00032943052798373174
152,44,no_need,fc,40970,-0.0016088500924524851,0.00028121108471168554,0.12451498708689544,0.00028121108471168554
152,48,no_need,features,14723136,-0.019213491888990575,0.008515407313844037,1.4572064803867788,0.008515407313844037
152,48,no_need,classifier,18882560,-0.0040243292444301915,0.0008892338995565296,0.21453675379360612,0.0008892338995565296
152,48,no_need,fc,40970,-0.002911904673965182,0.000663052849745327,0.18381740218746107,0.000663052849745327
152,38,no_need,features,14723136,-0.039408289103072036,0.03132863515735451,0.7935530718619866,0.03132863515735451
152,38,no_need,classifier,18882560,0.00297177961192574,0.00020183926071482006,0.11466234340190815,0.00020183926071482006
152,38,no_need,fc,40970,0.00200515593860473,1.871130700692447e-05,0.08137102284846011,1.871130700692447e-05
153,14,no_need,features,14723136,-0.5366132151215197,0.3588654761513226,1.4151766428403074,0.3588654761513226
153,14,no_need,classifier,18882560,-0.01413560471519304,0.007742660591702588,0.1892851491648592,0.007742660591702588
153,14,no_need,fc,40970,-0.009260832975996891,0.004541372863968718,0.140236109036162,0.004541372863968718
153,66,no_need,features,14723136,-0.01627389897636533,-0.013079656515905924,0.706102194286763,-0.013079656515905924
153,66,no_need,classifier,18882560,-0.005431967580534547,-0.001704558976257431,0.10882257735305963,-0.001704558976257431
153,66,no_need,fc,40970,-0.004306791252020048,-0.0015233301755870343,0.08120558642919701,-0.0015233301755870343
153,74,no_need,features,14723136,-0.029647465874035106,0.008501156026952117,1.0571275284246748,0.008501156026952117
153,74,no_need,classifier,18882560,-0.010678049891794217,0.0016406347011752587,0.22365413459783873,0.0016406347011752587
153,74,no_need,fc,40970,-0.009146839300228748,0.0013953533898529713,0.1697664245622655,0.0013953533898529713
153,62,active,features,14723136,0.029119915137236774,0.007198297786075614,1.381556029640827,0.007198297786075614
153,62,active,classifier,18882560,0.0033580472816083784,0.002714675840252312,0.23360029766535007,0.002714675840252312
153,62,active,fc,40970,0.004011380387964891,0.0018661580379557563,0.16788117791154444,0.0018661580379557563
153,49,active,features,14723136,0.00202569278167175,0.002202839111255628,1.1099424149320114,0.002202839111255628
153,49,active,classifier,18882560,-0.00015259364091946281,0.0009575980919862559,0.1579789761786545,0.0009575980919862559
153,49,active,fc,40970,-0.0017680487853795057,0.0009256167068087962,0.11869345904818908,0.0009256167068087962
153,45,no_need,features,14723136,-0.021515512573415663,0.012518094069932317,0.7649784846092149,0.012518094069932317
153,45,no_need,classifier,18882560,-0.00324823433857091,0.0034090775552613195,0.12446328308992542,0.0034090775552613195
153,45,no_need,fc,40970,-0.001725611747133371,0.0033505045576021075,0.08847115746005595,0.0033505045576021075
153,18,no_need,features,14723136,-0.01373148459186524,0.0030499679398570123,1.0610495456539781,0.0030499679398570123
153,18,no_need,classifier,18882560,-0.0042254123134171095,0.00034932727527348106,0.16779832868017885,0.00034932727527348106
153,18,no_need,fc,40970,-0.004226712342642713,0.00041848147134260216,0.13267463571002894,0.00041848147134260216
153,79,no_need,features,14723136,-0.0070928820668214616,0.004601232676204603,1.4305548335711697,0.004601232676204603
153,79,no_need,classifier,18882560,0.001846262447998015,0.0006802589102505863,0.24589234449948216,0.0006802589102505863
153,79,no_need,fc,40970,0.003744714911590563,0.0011707214262060006,0.18517498067044144,0.0011707214262060006
153,15,no_need,features,14723136,-0.17735041208126745,0.13545192386624194,1.0200158809227982,0.13545192386624194
153,15,no_need,classifier,18882560,-0.002555362516545756,0.0056171579592501075,0.12615892121795183,0.0056171579592501075
153,15,no_need,fc,40970,-0.00036225206167728174,0.0035699469426617725,0.08486726848500703,0.0035699469426617725
153,68,no_support,features,14723136,0.0346257905480698,-0.0077459940291326745,1.8945405955755164,-0.0077459940291326745
153,68,no_support,classifier,18882560,0.001954392693050977,0.0004847275721999722,0.22590332111319786,0.0004847275721999722
153,68,no_support,fc,40970,-0.0007665845078008715,0.0009447828470001696,0.18034572972881088,0.0009447828470001696
154,92,no_need,features,14723136,-0.0238052024889015,0.004927669810250279,4.223122527554692,0.004927669810250279
154,92,no_need,classifier,18882560,0.006665409488959995,0.0014035537863037462,1.31770460540699,0.0014035537863037462
154,92,no_need,fc,40970,0.0012594706868185312,0.0006928601105755661,0.7140582880879593,0.0006928601105755661
154,32,no_need,features,14723136,-0.003656487375806705,0.0002553561856188935,0.9796032071620648,0.0002553561856188935
154,32,no_need,classifier,18882560,-0.002296670622399688,0.0036901743476391857,0.18946406564567486,0.0036901743476391857
154,32,no_need,fc,40970,0.00035607443260232685,0.002234820378362201,0.14525167754787102,0.002234820378362201
154,77,no_need,features,14723136,-0.021008561886475263,0.008360109410958216,1.1024477640057533,0.008360109410958216
154,77,no_need,classifier,18882560,-0.002665778329856039,0.00045885130802503227,0.11377647764511502,0.00045885130802503227
154,77,no_need,fc,40970,-0.0021314729174264357,0.0001622535380647605,0.07622250374081505,0.0001622535380647605
154,87,active,features,14723136,0.013808003829034021,0.004655483470102695,1.1761648884052995,0.004655483470102695
154,87,active,classifier,18882560,0.0015790006158340475,0.000505859845844725,0.12237933695655846,0.000505859845844725
154,87,active,fc,40970,0.0013029814244873705,0.0004013111547465087,0.08855008709096432,0.0004013111547465087
154,27,no_support,features,14723136,0.028005177903864364,-0.0021203827263605035,0.9421501986737011,-0.0021203827263605035
154,27,no_support,classifier,18882560,0.003789800302911317,0.0007406624884254143,0.13650567374102862,0.0007406624884254143
154,27,no_support,fc,40970,0.00281111119693378,0.0002896836704167072,0.10617190588424198,0.0002896836704167072
154,13,no_support,features,14723136,0.03248443995926209,-0.0036811497954118977,1.2481286667613225,-0.0036811497954118977
154,13,no_support,classifier,18882560,0.00791772185903028,0.00028813238671432373,0.16403255045870077,0.00028813238671432373
154,13,no_support,fc,40970,0.006398132525646361,-0.0005009332462577731,0.13374616363593944,-0.0005009332462577731
154,14,no_need,features,14723136,-0.449366841432834,0.23266800720452352,1.1208269490963105,0.23266800720452352
154,14,no_need,classifier,18882560,-0.010633657986545586,0.0037560706996373483,0.1431289564872986,0.0037560706996373483
154,14,no_need,fc,40970,-0.0054820568329887465,0.001826736047405575,0.09944372912224113,0.001826736047405575
154,47,active,features,14723136,0.05780883625794786,0.00435646082634733,1.5191666655202305,0.00435646082634733
154,47,active,classifier,18882560,0.008132800508064975,0.0005305102901331793,0.17034937709347814,0.0005305102901331793
154,47,active,fc,40970,0.006098744266637368,0.0005710935163278918,0.13434658396214816,0.0005710935163278918
154,22,no_need,features,14723136,-0.03782858361124397,0.00828588119716045,0.8567768645731834,0.00828588119716045
154,22,no_need,classifier,18882560,-0.008513337998920179,-0.0013194915595704515,0.14716035284260812,-0.0013194915595704515
154,22,no_need,fc,40970,-0.006375312477757689,-0.0014410520470846677,0.11087726255353761,-0.0014410520470846677
154,73,no_need,features,14723136,-0.0004900897687960541,-0.017701645099464258,0.6594395348053983,-0.017701645099464258
154,73,no_need,classifier,18882560,-0.0017765499828783504,-0.001195590979307326,0.1092603282006715,-0.001195590979307326
154,73,no_need,fc,40970,-0.0006023527257639216,-0.0011395319688745076,0.09012682395371774,-0.0011395319688745076
155,60,no_need,features,14723136,-0.027148217442203304,0.019664791473886112,1.0703216984538215,0.019664791473886112
155,60,no_need,classifier,18882560,-0.007068405966037972,0.0031972715009942476,0.29191371374446484,0.0031972715009942476
155,60,no_need,fc,40970,-0.005324323989043478,0.002492168711796694,0.23813144813471243,0.002492168711796694
155,31,no_need,features,14723136,-0.0009399789470521114,0.0029353040417490206,0.9718924638638325,0.0029353040417490206
155,31,no_need,classifier,18882560,-0.0008108860768629711,0.0012812055018684987,0.11006231084585089,0.0012812055018684987
155,31,no_need,fc,40970,-0.0007475688441900274,0.0011056357743655099,0.0827245123592893,0.0011056357743655099
155,44,no_need,features,14723136,-0.005937072904387719,-0.00042640331280097143,0.7335165152891381,-0.00042640331280097143
155,44,no_need,classifier,18882560,-0.0015998630179296924,2.4628740121102055e-05,0.1037231727216582,2.4628740121102055e-05
155,44,no_need,fc,40970,-0.0016832411138238967,0.0001780283931793747,0.085045319666574,0.0001780283931793747
155,3,no_need,features,14723136,-0.014665949297409497,0.0013684092820582805,1.067984841684603,0.0013684092820582805
155,3,no_need,classifier,18882560,-0.006508521543310053,0.0017919406238320335,0.16517300625981415,0.0017919406238320335
155,3,no_need,fc,40970,-0.005439248998300172,0.001430352632269205,0.13667776023384823,0.001430352632269205
155,84,no_need,features,14723136,-0.011651042391669364,-0.0026622806094422913,0.7661137457964456,-0.0026622806094422913
155,84,no_need,classifier,18882560,-0.0017670001859073636,0.00047095087985837836,0.09365407549112191,0.00047095087985837836
155,84,no_need,fc,40970,-0.0008173528192401136,0.0007774081532261334,0.06840101133169943,0.0007774081532261334
155,25,no_need,features,14723136,-0.00529582586027999,-0.008064565174720428,0.5017437478820204,-0.008064565174720428
155,25,no_need,classifier,18882560,-0.0008487955308282835,-0.000886236611734148,0.07670110971526961,-0.000886236611734148
155,25,no_need,fc,40970,-0.0011212323729523632,-0.0010881090674956795,0.061228567804668954,-0.0010881090674956795
155,98,active,features,14723136,0.012947658254031325,0.0018859714724150933,1.00577266168505,0.0018859714724150933
155,98,active,classifier,18882560,3.070545346872677e-05,0.0010206407029613729,0.17111013059244615,0.0010206407029613729
155,98,active,fc,40970,-0.0008627231836726423,0.0013289116377563914,0.13894095902936154,0.0013289116377563914
155,73,no_need,features,14723136,-0.23320992047450773,0.21806930982111794,0.7406842473565773,0.21806930982111794
155,73,no_need,classifier,18882560,-0.005007212853797682,0.0030337415439589677,0.10421292766652833,0.0030337415439589677
155,73,no_need,fc,40970,-0.003874294812703738,0.0011536488545971224,0.08032980460202511,0.0011536488545971224
155,52,no_support,features,14723136,0.024597641622449373,-0.015076556522473084,1.1327117061571126,-0.015076556522473084
155,52,no_support,classifier,18882560,0.001847273214480083,-0.0016857165217061265,0.14710827914711938,-0.0016857165217061265
155,52,no_support,fc,40970,0.0006877384657855146,-0.001407101681252243,0.10832668907963315,-0.001407101681252243
155,82,no_support,features,14723136,0.009564968128934481,-0.014883807349978184,1.0892629265462186,-0.014883807349978184
155,82,no_support,classifier,18882560,0.0018224925910317324,-0.0018719860540841182,0.16429338256240908,-0.0018719860540841182
155,82,no_support,fc,40970,0.002937812878371915,-0.0015321269629566814,0.13778343117195407,-0.0015321269629566814
156,66,active,features,14723136,0.009638154976727265,0.011626110558498937,0.9659165111242912,0.011626110558498937
156,66,active,classifier,18882560,0.0032660062354352704,0.0013243465516552533,0.11255913364657624,0.0013243465516552533
156,66,active,fc,40970,0.0025454182159592165,0.0012185710420453688,0.07926020094916239,0.0012185710420453688
156,38,no_support,features,14723136,0.020903460347739156,-0.008545981733282915,0.989313845727877,-0.008545981733282915
156,38,no_support,classifier,18882560,0.00617316938314616,-0.003188958322880353,0.16623295131212767,-0.003188958322880353
156,38,no_support,fc,40970,0.003681807274915627,-0.0017992737139138626,0.11575754652330386,-0.0017992737139138626
156,74,active,features,14723136,0.021781291269562075,0.02238904017245602,1.0004725648499384,0.02238904017245602
156,74,active,classifier,18882560,0.00804668277669407,0.003753195866011083,0.19704887272596747,0.003753195866011083
156,74,active,fc,40970,0.006378502603183733,0.0027847165256389417,0.1431300241322715,0.0027847165256389417
156,49,no_need,features,14723136,0.0008833601745372737,0.011642215013083046,1.029951196168986,0.011642215013083046
156,49,no_need,classifier,18882560,-0.0017531233575027727,0.0016065869860995008,0.14359366945463067,0.0016065869860995008
156,49,no_need,fc,40970,-0.00034904400126833934,0.0014590559280804882,0.10921711721000497,0.0014590559280804882
156,46,no_need,features,14723136,-0.00715854748402478,-0.01588869603786236,0.916513084485018,-0.01588869603786236
156,46,no_need,classifier,18882560,-0.004512303911269555,-0.0035619958753159153,0.19377377560423426,-0.0035619958753159153
156,46,no_need,fc,40970,-0.003177261991368141,-0.002978656702907756,0.16283680890856977,-0.002978656702907756
156,45,no_need,features,14723136,-0.02525988200817153,0.029318267332001824,0.797853676263735,0.029318267332001824
156,45,no_need,classifier,18882560,-0.004594169702613726,0.0037399871571324184,0.12576152762797554,0.0037399871571324184
156,45,no_need,fc,40970,-0.0042922558313875925,0.0030024383504496654,0.09402552911174931,0.0030024383504496654
156,12,no_support,features,14723136,0.024391256845682108,-0.006891472726628933,1.4086969917202508,-0.006891472726628933
156,12,no_support,classifier,18882560,0.0014966871774504398,-0.00014391295755444844,0.16456118530315827,-0.00014391295755444844
156,12,no_support,fc,40970,0.0012405113866407191,0.000396487840816917,0.12039215872908826,0.000396487840816917
156,0,no_support,features,14723136,0.02413914844454723,-0.007208275764671868,1.0588888156996605,-0.007208275764671868
156,0,no_support,classifier,18882560,0.0033060744904105377,0.0016995601133658056,0.18416519345431578,0.0016995601133658056
156,0,no_support,fc,40970,0.00443227661162382,0.001774453403413645,0.16041135042885857,0.001774453403413645
156,81,no_need,features,14723136,-0.007573925111763913,-0.0023301684542573753,0.8890455121975025,-0.0023301684542573753
156,81,no_need,classifier,18882560,-0.0016398775301240676,-0.0011687366035175728,0.14275799335067998,-0.0011687366035175728
156,81,no_need,fc,40970,-0.001007392836982035,-0.0013083599756100739,0.10971044005177719,-0.0013083599756100739
156,23,active,features,14723136,0.015526550822826835,0.016774811129337763,0.3824085979804358,0.016774811129337763
156,23,active,classifier,18882560,0.007635453001967107,0.00879850866203924,0.15260396877458293,0.00879850866203924
156,23,active,fc,40970,0.00688655720296083,0.006478478178905789,0.1275051642451761,0.006478478178905789
157,6,no_need,features,14723136,-0.0163777538243437,-0.0008722861055119324,2.747475826142216,-0.0008722861055119324
157,6,no_need,classifier,18882560,-0.011086773537499539,0.0009608698477450162,0.6665648009333529,0.0009608698477450162
157,6,no_need,fc,40970,-0.018779368700052146,0.000761867106120917,0.4883161329087757,0.000761867106120917
157,14,no_need,features,14723136,-0.010350949116720187,-0.0033654854100717557,0.39521900255320064,-0.0033654854100717557
157,14,no_need,classifier,18882560,-0.0047355751510167465,-0.001710668349687694,0.06865376081725758,-0.001710668349687694
157,14,no_need,fc,40970,-0.0034294334072910715,-0.0010777378720376873,0.05354985284517256,-0.0010777378720376873
157,56,no_support,features,14723136,0.008847951194070447,-0.0022022897898281713,1.3193442767591574,-0.0022022897898281713
157,56,no_support,classifier,18882560,0.000160095356861234,0.0002044183162581703,0.16256019329843882,0.0002044183162581703
157,56,no_support,fc,40970,-0.0005957779239906813,-0.0003338188917041407,0.12273836060189346,-0.0003338188917041407
157,8,active,features,14723136,0.04961667845583406,0.0019016357679575435,2.4838362258021123,0.0019016357679575435
157,8,active,classifier,18882560,0.00937404149590293,-0.00022493833860437462,0.3172619762810376,-0.00022493833860437462
157,8,active,fc,40970,0.010962911183014512,0.00025589247115931357,0.19894613427180027,0.00025589247115931357
157,37,no_need,features,14723136,-0.02694997943822841,-0.006870067898375964,0.9429836063153579,-0.006870067898375964
157,37,no_need,classifier,18882560,-0.006019206021392165,0.00124480900853996,0.17255705310093492,0.00124480900853996
157,37,no_need,fc,40970,-0.0061982856059330516,0.0014828712828602875,0.15696212207557025,0.0014828712828602875
157,71,no_need,features,14723136,-0.011117139864353476,0.01116105981539306,0.8239174079010683,0.01116105981539306
157,71,no_need,classifier,18882560,-0.0024547718992380396,0.0025770777374418685,0.13372155011934828,0.0025770777374418685
157,71,no_need,fc,40970,-0.0021936069933872204,0.0014465941667367588,0.1000983905837989,0.0014465941667367588
157,68,no_support,features,14723136,0.02988359989257106,-0.019534478093362395,1.7923772697598956,-0.019534478093362395
157,68,no_support,classifier,18882560,-0.0003979976517598516,-0.0017696565460028069,0.16806521056728638,-0.0017696565460028069
157,68,no_support,fc,40970,-0.0022549676905327942,-0.002280579801663407,0.12210465121088211,-0.002280579801663407
157,53,active,features,14723136,0.004574859695154032,0.005752456030981179,1.1354172508202,0.005752456030981179
157,53,active,classifier,18882560,0.0007880527965369311,0.0012774663954360221,0.21344653475930925,0.0012774663954360221
157,53,active,fc,40970,0.0020430359290912747,0.00011738097191482666,0.17109038228146187,0.00011738097191482666
157,88,active,features,14723136,0.002242607060530589,0.017041412247380094,0.8381215948614312,0.017041412247380094
157,88,active,classifier,18882560,0.002073750893828219,0.002156231522917551,0.1009160335810877,0.002156231522917551
157,88,active,fc,40970,0.0016594024873484159,0.0031937842240949976,0.07344911432718534,0.0031937842240949976
157,65,no_support,features,14723136,0.017781932909265663,-0.012128021558439173,0.7778170827559621,-0.012128021558439173
157,65,no_support,classifier,18882560,0.005368492051957219,-0.002831642343835483,0.2031954760064824,-0.002831642343835483
157,65,no_support,fc,40970,0.005399590812885435,-0.002235358947473287,0.1580481119792945,-0.002235358947473287
158,76,active,features,14723136,0.01208073447020297,0.009893742479206935,0.725852743463925,0.009893742479206935
158,76,active,classifier,18882560,0.002700766298630697,0.001831241064110145,0.10613034212517021,0.001831241064110145
158,76,active,fc,40970,0.003534996634698473,0.0009919793892549933,0.0884366869492197,0.0009919793892549933
158,40,no_need,features,14723136,-0.033492179975013414,0.0077716181439342336,1.0078542012792833,0.0077716181439342336
158,40,no_need,classifier,18882560,-0.0044954243776373914,0.001547472567153818,0.15266646299372966,0.001547472567153818
158,40,no_need,fc,40970,-0.0029913891667092685,0.0011716654980773455,0.11811568185620781,0.0011716654980773455
158,68,no_need,features,14723136,-0.16695106327068743,0.09439995749033869,0.7589581797569651,0.09439995749033869
158,68,no_need,classifier,18882560,-0.007021151116077817,0.0035017318243717455,0.12167625483964192,0.0035017318243717455
158,68,no_need,fc,40970,-0.003094255550422531,0.002113055661538965,0.08879614605480914,0.002113055661538965
158,38,no_support,features,14723136,0.04553186450286262,-0.005420893048338371,0.7715049709745091,-0.005420893048338371
158,38,no_support,classifier,18882560,0.00940613748252872,0.0013628293106648925,0.12369954448854166,0.0013628293106648925
158,38,no_support,fc,40970,0.0057146350845869165,0.0004562350222840905,0.08876099651028604,0.0004562350222840905
158,91,active,features,14723136,0.009500642105876977,0.009231789263864698,1.1506996756220031,0.009231789263864698
158,91,active,classifier,18882560,0.002358423086093353,0.0022667918901788653,0.18815217565697714,0.0022667918901788653
158,91,active,fc,40970,0.0010971817605422984,0.002508291241611005,0.1371891249841523,0.002508291241611005
158,92,no_support,features,14723136,0.03647225282850286,0.0005688394660836593,4.226844551909161,0.0005688394660836593
158,92,no_support,classifier,18882560,0.009746959745825734,-0.003867255779368861,1.3189468435644072,-0.003867255779368861
158,92,no_support,fc,40970,0.008615233396994881,-0.001701865864561114,0.6936238538330884,-0.001701865864561114
158,18,active,features,14723136,0.026198103648397364,0.0031693026689012527,0.8250509126893004,0.0031693026689012527
158,18,active,classifier,18882560,0.008404160822010454,0.0014279485127985936,0.11679544901199732,0.0014279485127985936
158,18,active,fc,40970,0.006083909698645584,0.0011976545338256983,0.08768318574288464,0.0011976545338256983
158,11,no_need,features,14723136,-0.013590037600252458,0.011406236773989775,0.902041535794784,0.011406236773989775
158,11,no_need,classifier,18882560,-0.0028787661648266294,0.0023316520047274025,0.11499040946746539,0.0023316520047274025
158,11,no_need,fc,40970,-0.0024079703271127073,0.0010640330942806031,0.08620125690042338,0.0010640330942806031
158,69,no_need,features,14723136,-0.009909775108482677,0.00914086293648353,0.36939518762383167,0.00914086293648353
158,69,no_need,classifier,18882560,-0.0006796420589694208,0.0021654489034972357,0.059052602809650155,0.0021654489034972357
158,69,no_need,fc,40970,0.00041276394495071145,0.0006501064144686097,0.04625126204394363,0.0006501064144686097
158,94,active,features,14723136,0.045631918674047256,0.044568630530328335,0.618589750333915,0.044568630530328335
158,94,active,classifier,18882560,0.016363210950657958,0.0078023380710874335,0.16021001362194076,0.0078023380710874335
158,94,active,fc,40970,0.009638965646445286,0.005902305849303957,0.11099237782107567,0.005902305849303957
159,0,no_support,features,14723136,0.03218289030119337,-0.019320043144119836,1.5385950829702413,-0.019320043144119836
159,0,no_support,classifier,18882560,0.006226567910744052,-0.004534421705329805,0.25609149757782224,-0.004534421705329805
159,0,no_support,fc,40970,0.004824004405236337,-0.003383977207704447,0.22514936212470152,-0.003383977207704447
159,23,no_need,features,14723136,-0.01874032489059374,0.0019778608649545504,0.9912019252981018,0.0019778608649545504
159,23,no_need,classifier,18882560,-0.012151181719673332,0.0015732631284208765,0.24938028961058356,0.0015732631284208765
159,23,no_need,fc,40970,-0.01036121846846072,0.001980526325496612,0.20186866957785546,0.001980526325496612
159,91,no_need,features,14723136,-0.4179441829626285,0.21127652010062548,1.465185464206095,0.21127652010062548
159,91,no_need,classifier,18882560,-0.016840945994772483,0.006021066175890155,0.1970280716952512,0.006021066175890155
159,91,no_need,fc,40970,-0.01054949612080236,0.003659262216388015,0.13636365570268935,0.003659262216388015
159,83,no_need,features,14723136,-0.02736707579181541,0.003328180441894091,1.118476151084411,0.003328180441894091
159,83,no_need,classifier,18882560,-0.007290941655810457,0.00025850138629834873,0.14041353017869762,0.00025850138629834873
159,83,no_need,fc,40970,-0.005336629423254635,-0.0001436928764633194,0.10911062378883502,-0.0001436928764633194
159,98,no_need,features,14723136,-0.02788891479042377,0.007855936602005897,0.8859614798824553,0.007855936602005897
159,98,no_need,classifier,18882560,-0.005830865406096564,0.0007398945187304662,0.12462039678544243,0.0007398945187304662
159,98,no_need,fc,40970,-0.004638312522729393,0.0005497176757671696,0.09272921905979024,0.0005497176757671696
159,64,active,features,14723136,0.008951087917964173,0.006633958643142535,1.1154452011995037,0.006633958643142535
159,64,active,classifier,18882560,0.002494295293445248,0.00032202274337578274,0.14417084631036114,0.00032202274337578274
159,64,active,fc,40970,0.0009739173465277418,0.0002979570272145793,0.11125451000228383,0.0002979570272145793
159,90,no_support,features,14723136,0.009444747006114085,-0.0018652811825035087,0.9653358987691092,-0.0018652811825035087
159,90,no_support,classifier,18882560,0.005416322439032228,-0.0013406783606342287,0.20242097276738702,-0.0013406783606342287
159,90,no_support,fc,40970,0.006683785104542039,-0.001801654899281857,0.15996626806325304,-0.001801654899281857
159,32,active,features,14723136,0.03542158035996579,0.009040037606830253,1.3495935363958098,0.009040037606830253
159,32,active,classifier,18882560,0.006317686889588003,0.0012371982120953362,0.20327986084077918,0.0012371982120953362
159,32,active,fc,40970,0.006201468844665214,0.0007922138693174929,0.14107947126008785,0.0007922138693174929
159,84,no_need,features,14723136,-0.007242749881168464,-0.008004108243031993,0.6927834764355143,-0.008004108243031993
159,84,no_need,classifier,18882560,-0.003180431157716157,2.632927318302336e-05,0.11022816400830761,2.632927318302336e-05
159,84,no_need,fc,40970,-0.0022014945279806852,0.0002847892346835579,0.08355135929091943,0.0002847892346835579
159,36,no_need,features,14723136,-0.006103419573618041,0.0024769099717616427,0.9766460608765474,0.0024769099717616427
159,36,no_need,classifier,18882560,-0.0028448028153889027,-0.0018917949090564434,0.1786900086114481,-0.0018917949090564434
159,36,no_need,fc,40970,-0.0031211555797199253,-0.0008895396040315973,0.13598919457525518,-0.0008895396040315973
160,15,no_need,features,14723136,-0.024151576061299806,-0.02875685382971227,0.630367013517822,-0.02875685382971227
160,15,no_need,classifier,18882560,-0.001024946853306119,-0.00629604621190083,0.09441748500217884,-0.00629604621190083
160,15,no_need,fc,40970,-0.0001687259834852739,-0.004175604841293534,0.07367752725743876,-0.004175604841293534
160,9,no_need,features,14723136,0.0023746800254791367,0.0047196992977553975,0.8903217120883724,0.0047196992977553975
160,9,no_need,classifier,18882560,-0.0010114395371090268,-0.0012207738441247784,0.10641793510616929,-0.0012207738441247784
160,9,no_need,fc,40970,-0.0017616849218029529,-0.0009802152399061015,0.08419658686969976,-0.0009802152399061015
160,95,active,features,14723136,0.08941623798745013,0.0011445397996681095,2.1651501796955848,0.0011445397996681095
160,95,active,classifier,18882560,0.006158668228636088,0.00237038589432359,0.6765047402718961,0.00237038589432359
160,95,active,fc,40970,-0.0001231173755513737,0.002676989060091728,0.47640335023080244,0.002676989060091728
160,71,no_support,features,14723136,0.037645292029395705,-0.01720133038473648,0.7997110778112091,-0.01720133038473648
160,71,no_support,classifier,18882560,0.005015719613084002,-0.0022859506100303406,0.12350992629483126,-0.0022859506100303406
160,71,no_support,fc,40970,0.003791540577367414,-0.0008077305428741965,0.08627448630873714,-0.0008077305428741965
160,80,no_need,features,14723136,-0.014284846249267957,-0.002153986967798005,1.3641901041227136,-0.002153986967798005
160,80,no_need,classifier,18882560,-0.00318657009574963,-0.0011455170605927378,0.17213894498886537,-0.0011455170605927378
160,80,no_need,fc,40970,-0.002015529330492427,-0.0005662199391736067,0.12620022047992813,-0.0005662199391736067
160,49,no_need,features,14723136,-0.02977041244855627,0.007257952282529345,0.9484683303320531,0.007257952282529345
160,49,no_need,classifier,18882560,-0.004978342253025403,0.0018799451755739938,0.13803679563799487,0.0018799451755739938
160,49,no_need,fc,40970,-0.0046042310877965065,0.001496689850682742,0.10681151931626448,0.001496689850682742
160,39,no_need,features,14723136,-0.002191155792857557,0.009829004210205383,1.4982127633080908,0.009829004210205383
160,39,no_need,classifier,18882560,-0.0032746394460900774,0.0015088624246004656,0.16397833166056214,0.0015088624246004656
160,39,no_need,fc,40970,-0.002592621312032861,0.001195066648278953,0.11349888756266162,0.001195066648278953
160,81,active,features,14723136,0.008675068572770783,0.021420749859586863,0.8969063218866792,0.021420749859586863
160,81,active,classifier,18882560,0.0022376421068202035,0.001553475267542126,0.11486845908452668,0.001553475267542126
160,81,active,fc,40970,0.0022142572543089045,0.0010898917917074868,0.08468480474030281,0.0010898917917074868
160,30,no_need,features,14723136,-0.04217090207873753,-0.009008673338612994,0.8631806928627449,-0.009008673338612994
160,30,no_need,classifier,18882560,-0.01224391168125294,0.00044741374722434557,0.27034476105674027,0.00044741374722434557
160,30,no_need,fc,40970,-0.005345126905012876,-0.0014832027704869688,0.22214594164581644,-0.0014832027704869688
160,8,no_need,features,14723136,-0.008748831317845427,0.000138228764896553,1.2512567733240818,0.000138228764896553
160,8,no_need,classifier,18882560,0.0017127904831113483,-0.0005722292174823451,0.1687913103267245,-0.0005722292174823451
160,8,no_need,fc,40970,0.00108401402758318,0.0002025333155302178,0.12074912370238579,0.0002025333155302178
161,29,active,features,14723136,0.04799340570488653,0.021414284827685037,0.9147554544684088,0.021414284827685037
161,29,active,classifier,18882560,0.018382230287897983,0.003843786615107092,0.18323072109792612,0.003843786615107092
161,29,active,fc,40970,0.014196819582139142,0.0013826531167069334,0.14835237258320488,0.0013826531167069334
161,87,no_need,features,14723136,0.0033916545282703936,0.01085825651892236,0.7968965388070582,0.01085825651892236
161,87,no_need,classifier,18882560,-0.002615883367866445,0.0029404607876131195,0.11892070321805599,0.0029404607876131195
161,87,no_need,fc,40970,-0.00330374768236652,0.002512515225134848,0.09378275762310172,0.002512515225134848
161,67,no_need,features,14723136,-0.034323696372680956,0.0062255238088795295,0.9107296604462068,0.0062255238088795295
161,67,no_need,classifier,18882560,-0.005472303165788617,0.0008716664894450332,0.125024466876499,0.0008716664894450332
161,67,no_need,fc,40970,-0.004279597422282677,-1.3715453860640991e-05,0.09460566685316471,-1.3715453860640991e-05
161,36,active,features,14723136,0.04395327782043523,0.020161261500760475,0.6416043794245065,0.020161261500760475
161,36,active,classifier,18882560,0.010811477203787945,0.006220287831638416,0.12813655144463207,0.006220287831638416
161,36,active,fc,40970,0.008152569749654504,0.004192932552541606,0.10059067474608223,0.004192932552541606
161,35,no_need,features,14723136,-0.013945193324531147,0.0027326616634582024,2.4595144287193316,0.0027326616634582024
161,35,no_need,classifier,18882560,-0.0006200177135724516,0.000478201089833874,0.3092586483727882,0.000478201089833874
161,35,no_need,fc,40970,-0.0005430600340332603,0.0005723915460293938,0.20947691484742953,0.0005723915460293938
161,96,no_support,features,14723136,0.03194809852341507,0.0016924916408065371,0.8272939386344086,0.0016924916408065371
161,96,no_support,classifier,18882560,0.01486989700151753,-0.0015205438930934179,0.15987281028634617,-0.0015205438930934179
161,96,no_support,fc,40970,0.011794778183684684,-0.0016231022755164304,0.12928972422233231,-0.0016231022755164304
161,15,no_need,features,14723136,-0.10756113737204487,0.1185667804037962,0.6149459014529497,0.1185667804037962
161,15,no_need,classifier,18882560,-0.009184915604237176,0.006890542827022728,0.10246764745816823,0.006890542827022728
161,15,no_need,fc,40970,-0.0069139527913648635,0.0039002640332910232,0.08072758296087812,0.0039002640332910232
161,61,no_support,features,14723136,0.008570110874970283,-0.006879532165914526,0.7979906171065508,-0.006879532165914526
161,61,no_support,classifier,18882560,0.0014653156417807622,-5.051327876515188e-05,0.19669293762604403,-5.051327876515188e-05
161,61,no_support,fc,40970,0.0002429571077300352,0.0003930293059966061,0.14935986630254522,0.0003930293059966061
161,24,no_need,features,14723136,-0.0017056842216867096,0.004446119252428105,1.3225842474405722,0.004446119252428105
161,24,no_need,classifier,18882560,-0.002517666392122919,-0.00016021271781596624,0.21434363668082448,-0.00016021271781596624
161,24,no_need,fc,40970,-0.00036688015370600624,0.0003561979356163647,0.16754143390063436,0.0003561979356163647
161,62,no_need,features,14723136,-0.049391398121201746,0.008146531428714354,1.9980540854306583,0.008146531428714354
161,62,no_need,classifier,18882560,-0.012460861292311165,0.0012072882379925431,0.3683790319694425,0.0012072882379925431
161,62,no_need,fc,40970,-0.009882910992018878,0.001239928667928325,0.26250399202177316,0.001239928667928325
162,13,no_support,features,14723136,0.004454005914270809,-0.008844914342592602,1.0284614150442686,-0.008844914342592602
162,13,no_support,classifier,18882560,0.00232275931557524,-0.0011681933492582175,0.1692583991083415,-0.0011681933492582175
162,13,no_support,fc,40970,0.001891405616333941,-0.0006585522644400044,0.13852788989748305,-0.0006585522644400044
162,58,no_support,features,14723136,0.013028846316281317,-0.003982354945733846,0.7921765713590346,-0.003982354945733846
162,58,no_support,classifier,18882560,0.0032975521977505196,0.0006177063152676965,0.10579244479871526,0.0006177063152676965
162,58,no_support,fc,40970,0.0029785883762087906,0.0009666617479524575,0.08055820692037614,0.0009666617479524575
162,87,no_need,features,14723136,-0.08213094510461616,0.09642700017136008,0.6205646397746309,0.09642700017136008
162,87,no_need,classifier,18882560,0.0003024925076999807,0.0039696521291716635,0.0779962811878402,0.0039696521291716635
162,87,no_need,fc,40970,0.000515279486307918,0.0029925354956503725,0.060187588464969945,0.0029925354956503725
162,52,active,features,14723136,0.008261534614788957,0.0014545045187439598,0.7942558091488361,0.0014545045187439598
162,52,active,classifier,18882560,0.00021238354082697697,-0.00026718599833941425,0.12517174487392652,-0.00026718599833941425
162,52,active,fc,40970,-0.0003742494509424432,-5.934104325433509e-05,0.09778308094087838,-5.934104325433509e-05
162,50,no_need,features,14723136,-0.00011421973343672686,0.005664460647679448,0.5001130555593493,0.005664460647679448
162,50,no_need,classifier,18882560,6.737023388581065e-05,0.0006192546786678577,0.07097764698044584,0.0006192546786678577
162,50,no_need,fc,40970,-0.00034553912109913654,0.0008340824006154435,0.057431598677671156,0.0008340824006154435
162,60,active,features,14723136,0.008401538469765768,0.015054079676872334,1.4953087591711371,0.015054079676872334
162,60,active,classifier,18882560,0.001125776490368935,0.007586058020933706,0.20772022676186014,0.007586058020933706
162,60,active,fc,40970,0.0017530765398987569,0.006163634869153611,0.13814738223756803,0.006163634869153611
162,3,no_support,features,14723136,0.012160265503702306,-0.002167514872125409,0.9784389337396124,-0.002167514872125409
162,3,no_support,classifier,18882560,0.004345857411180987,0.0006155664789559978,0.13217610162068313,0.0006155664789559978
162,3,no_support,fc,40970,0.003966957678130711,0.0009022957553952438,0.09647876830611711,0.0009022957553952438
162,19,no_need,features,14723136,-0.009142385148408039,0.01413206538379086,0.7753370058003973,0.01413206538379086
162,19,no_need,classifier,18882560,-0.0014630332852902939,0.0024528351320896036,0.12378259997676683,0.0024528351320896036
162,19,no_need,fc,40970,-0.0003585173294595734,0.0011587116373448225,0.1029109252591495,0.0011587116373448225
162,35,no_need,features,14723136,-1.0108169379423089,0.28300404260318146,2.4601103898423795,0.28300404260318146
162,35,no_need,classifier,18882560,-0.02558405202034919,0.006477396019363368,0.38833096497897124,0.006477396019363368
162,35,no_need,fc,40970,-0.01148633399134269,0.0024733950942845695,0.2620963962847027,0.0024733950942845695
162,0,no_support,features,14723136,0.02321210450283928,-0.017964123931818676,1.0551630713425206,-0.017964123931818676
162,0,no_support,classifier,18882560,0.002806087207090968,-0.0016924260830819549,0.21617416719045185,-0.0016924260830819549
162,0,no_support,fc,40970,0.00045256664725457085,-0.0012111494729651895,0.18783939591887047,-0.0012111494729651895
163,55,no_need,features,14723136,-0.028337404573719027,0.003078820275177918,2.324457369964181,0.003078820275177918
163,55,no_need,classifier,18882560,-0.0023036578163555532,-0.0018931998989728527,0.31820903127035705,-0.0018931998989728527
163,55,no_need,fc,40970,-0.002357032721192809,-0.00108493438028745,0.21929323256717428,-0.00108493438028745
163,46,no_support,features,14723136,0.013472282945077296,-0.014605918508079796,1.0617783784573573,-0.014605918508079796
163,46,no_support,classifier,18882560,0.0022009116107710724,-0.0029636287468974842,0.20796426514827587,-0.0029636287468974842
163,46,no_support,fc,40970,0.0028008145327476086,-0.0029360585740505485,0.17886735648110574,-0.0029360585740505485
163,66,no_support,features,14723136,0.03811424229454019,-0.014512550010945091,1.160740293556395,-0.014512550010945091
163,66,no_support,classifier,18882560,0.00578335976388189,-0.0012999464106542291,0.13539434328196498,-0.0012999464106542291
163,66,no_support,fc,40970,0.004899478783045197,-0.0012603823124663904,0.10015650878459863,-0.0012603823124663904
163,67,no_support,features,14723136,0.023039010721873865,-0.004625256830589564,0.8337112430765994,-0.004625256830589564
163,67,no_support,classifier,18882560,0.002897428474852859,-0.0009853968144568626,0.11084631804570619,-0.0009853968144568626
163,67,no_support,fc,40970,0.002534147255573771,-0.0008527689424226992,0.08573503485728395,-0.0008527689424226992
163,73,no_need,features,14723136,0.0006159782730108532,-0.02060661600920355,0.8548674084836314,-0.02060661600920355
163,73,no_need,classifier,18882560,-0.0017315323218554113,-0.002253189254474819,0.09184325648255968,-0.002253189254474819
163,73,no_need,fc,40970,-0.0017736429326760117,-0.0018698392741498537,0.06708851400990432,-0.0018698392741498537
163,12,no_support,features,14723136,0.009593508160563147,-0.001163082347146016,0.9637479414963352,-0.001163082347146016
163,12,no_support,classifier,18882560,-0.000405211529709959,1.7468893958039189e-06,0.10852052933243975,1.7468893958039189e-06
163,12,no_support,fc,40970,7.207085627669585e-05,-0.0005723132238699691,0.08044499652655356,-0.0005723132238699691
163,51,no_need,features,14723136,-0.020459660910333355,0.026750222804565738,1.3020851270385576,0.026750222804565738
163,51,no_need,classifier,18882560,-0.004078222079897387,0.004853512147292349,0.21310255892324678,0.004853512147292349
163,51,no_need,fc,40970,-0.0018653070301297703,0.004023676132419496,0.16973084919442843,0.004023676132419496
163,1,active,features,14723136,0.025515767423115676,0.0037638760311295982,1.0697210040039482,0.0037638760311295982
163,1,active,classifier,18882560,0.003733798013854539,-2.155014678351108e-05,0.11930639333932727,-2.155014678351108e-05
163,1,active,fc,40970,0.003121728925179923,0.00011494277259771479,0.07972069743658583,0.00011494277259771479
163,57,no_need,features,14723136,-0.01430338937717579,-0.012078576428642407,1.421892541419333,-0.012078576428642407
163,57,no_need,classifier,18882560,-0.001246002622110609,-0.0021307013771547645,0.2988729433275708,-0.0021307013771547645
163,57,no_need,fc,40970,0.001607075399988389,-0.0019738349201361416,0.25982700733872227,-0.0019738349201361416
163,90,no_need,features,14723136,-0.04677767129982158,0.03057236049518508,1.012532709490709,0.03057236049518508
163,90,no_need,classifier,18882560,-0.01915852685306163,0.008627099577097397,0.2736402475322618,0.008627099577097397
163,90,no_need,fc,40970,-0.017010924748319667,0.0071212940783880185,0.22155758947051746,0.0071212940783880185
164,40,no_need,features,14723136,-0.03689044760258753,0.00682450555779468,1.071884983239582,0.00682450555779468
164,40,no_need,classifier,18882560,-0.004862364377004269,0.0001811984778612441,0.15751176307342327,0.0001811984778612441
164,40,no_need,fc,40970,-0.003074249825658626,-6.720090004819212e-05,0.12547606051414595,-6.720090004819212e-05
164,72,no_support,features,14723136,0.031619472636101875,-0.003731201573252463,0.9972090026088497,-0.003731201573252463
164,72,no_support,classifier,18882560,0.005747541233631637,-1.2460174502848531e-05,0.16182005188087487,-1.2460174502848531e-05
164,72,no_support,fc,40970,0.004727732353785541,-0.00020448522218430298,0.12469248718712846,-0.00020448522218430298
164,92,no_support,features,14723136,0.0191547430927983,-0.00031661290650930596,3.633470450639433,-0.00031661290650930596
164,92,no_support,classifier,18882560,0.010049176700704265,-0.0009727951345723795,0.9400054841214932,-0.0009727951345723795
164,92,no_support,fc,40970,0.0048585631302557886,-0.0015483463230339112,0.4865763104996081,-0.0015483463230339112
164,86,no_need,features,14723136,-0.00864063145886007,-0.000858421379430041,1.1687079913555125,-0.000858421379430041
164,86,no_need,classifier,18882560,-0.0007320624923750074,-0.0005373790637861475,0.17731118844390586,-0.0005373790637861475
164,86,no_need,fc,40970,-0.0002264843974444375,-0.0005564603332004481,0.13307766387372785,-0.0005564603332004481
164,89,no_need,features,14723136,-0.05830752014514928,0.011615955049073534,0.8779971297178331,0.011615955049073534
164,89,no_need,classifier,18882560,-0.013462092944791948,0.0028990621815410123,0.2291237220700242,0.0028990621815410123
164,89,no_need,fc,40970,-0.01209047590236878,0.0021367691251725773,0.19538522271702502,0.0021367691251725773
164,90,no_need,features,14723136,-0.14477873080937798,0.12058828333601923,0.8366544492547499,0.12058828333601923
164,90,no_need,classifier,18882560,-0.004920415354263241,0.004460295638978096,0.15269279532694338,0.004460295638978096
164,90,no_need,fc,40970,-0.0034357350141362986,0.0041302146473753965,0.11436108433549681,0.0041302146473753965
164,16,active,features,14723136,0.026876430458571576,0.013528225508281366,0.4549873942343577,0.013528225508281366
164,16,active,classifier,18882560,0.006972698967274482,0.0025967067088004114,0.10755858120204856,0.0025967067088004114
164,16,active,fc,40970,0.00572684724102146,0.0021905175635765772,0.08098596670801957,0.0021905175635765772
164,98,no_support,features,14723136,0.0041867172206391245,-0.01266471443981132,0.712664888840903,-0.01266471443981132
164,98,no_support,classifier,18882560,0.0014046629228232632,-0.0007421214403393606,0.09545981504204733,-0.0007421214403393606
164,98,no_support,fc,40970,0.0014466110869761906,-0.0014177798198033997,0.07203034105539222,-0.0014177798198033997
164,73,no_need,features,14723136,-0.06049769120917858,0.07344974380535518,0.43638173775307626,0.07344974380535518
164,73,no_need,classifier,18882560,-0.0003130345118904643,0.002570171118804865,0.06868566483646008,0.002570171118804865
164,73,no_need,fc,40970,0.0005668521880579647,0.0017470052898715949,0.05109568620944747,0.0017470052898715949
164,58,active,features,14723136,0.014775993264763088,0.0031165393740337777,0.8946271807824171,0.0031165393740337777
164,58,active,classifier,18882560,0.0008236578397600169,0.0007267434444884202,0.14343782919560258,0.0007267434444884202
164,58,active,fc,40970,0.001312530403083656,0.0003560233535608859,0.11456240942881943,0.0003560233535608859
165,0,active,features,14723136,0.04199432363381561,0.007927701092576456,0.8207061435773022,0.007927701092576456
165,0,active,classifier,18882560,0.008789284047452384,0.0016887425448430804,0.16501876269029273,0.0016887425448430804
165,0,active,fc,40970,0.008719208399270428,0.0018632614373927936,0.14083108675167472,0.0018632614373927936
165,58,no_need,features,14723136,-0.5342960424260355,0.3645792332377482,1.1286001511483101,0.3645792332377482
165,58,no_need,classifier,18882560,-0.011566826854505052,0.004222001394055042,0.1487188769858481,0.004222001394055042
165,58,no_need,fc,40970,-0.0075645041979441885,0.0019578201831791375,0.1092324784852915,0.0019578201831791375
165,47,active,features,14723136,0.018711170854764703,0.017461584365861427,0.8010086520331658,0.017461584365861427
165,47,active,classifier,18882560,0.0022519598807093644,0.0018869402076688857,0.1282393449949014,0.0018869402076688857
165,47,active,fc,40970,0.0017541876641189447,0.0021077450983284507,0.10075828122856184,0.0021077450983284507
165,44,no_need,features,14723136,-0.010446601124257882,0.0027244779127357788,1.2780767513958111,0.0027244779127357788
165,44,no_need,classifier,18882560,-0.002634662643458796,0.0010485323418834014,0.15403968576876284,0.0010485323418834014
165,44,no_need,fc,40970,-0.0042963704636349576,0.0011855312586703803,0.11859894265082525,0.0011855312586703803
165,94,no_need,features,14723136,-0.00896904996815806,0.00490326914593453,1.1227574708272867,0.00490326914593453
165,94,no_need,classifier,18882560,0.0027166727479652764,0.0002930125430680164,0.24869254437107768,0.0002930125430680164
165,94,no_need,fc,40970,0.0032546842430747347,-0.0004737811100312683,0.18416242549882075,-0.0004737811100312683
165,66,active,features,14723136,0.004761676617025756,0.0030393973478517466,0.6907253635228082,0.0030393973478517466
165,66,active,classifier,18882560,0.00229975940010263,0.00029105803723439294,0.11487087501254291,0.00029105803723439294
165,66,active,fc,40970,0.0019484333679429255,0.00027291972355669714,0.09117018291996823,0.00027291972355669714
165,4,active,features,14723136,0.013078639880880871,0.008719880640477129,0.9716737290802034,0.008719880640477129
165,4,active,classifier,18882560,7.131996216003245e-05,0.0003179196253313421,0.16416254193549776,0.0003179196253313421
165,4,active,fc,40970,0.0009060463644345873,0.0010228071860183263,0.13518951758451328,0.0010228071860183263
165,7,no_need,features,14723136,-0.02626267700071594,0.0009023528969880346,1.0731958463402433,0.0009023528969880346
165,7,no_need,classifier,18882560,-0.006396985235824104,-0.00042572542309926575,0.1667955146810357,-0.00042572542309926575
165,7,no_need,fc,40970,-0.005833436927787261,-0.0006738865672559768,0.13192125152252865,-0.0006738865672559768
165,27,active,features,14723136,0.004411006090172975,0.0014889375709827846,1.2121512923202988,0.0014889375709827846
165,27,active,classifier,18882560,-0.00015945781605353204,0.0021015038732912217,0.12595653261354015,0.0021015038732912217
165,27,active,fc,40970,9.575735020916909e-06,0.002161882219297695,0.086194965517611,0.002161882219297695
165,2,no_support,features,14723136,0.02697758829760133,-0.006561521638765555,1.5325971711456603,-0.006561521638765555
165,2,no_support,classifier,18882560,0.001275123932941824,-0.00043806915280697467,0.19405799493505177,-0.00043806915280697467
165,2,no_support,fc,40970,0.0020212106965118437,-0.0007234971285470237,0.13834772389507552,-0.0007234971285470237
166,58,no_need,features,14723136,-0.14208736215242368,0.1389482797742687,0.5838626399874318,0.1389482797742687
166,58,no_need,classifier,18882560,-0.0016870119642362624,0.0027388828998482495,0.07604584617053388,0.0027388828998482495
166,58,no_need,fc,40970,-0.0006120494838341983,0.002116285410011187,0.05778420668123567,0.002116285410011187
166,87,active,features,14723136,0.007645284999412638,0.004663781831494518,0.5888972827839244,0.004663781831494518
166,87,active,classifier,18882560,0.0011491154502891732,-0.0008009269157582821,0.08217305626521809,-0.0008009269157582821
166,87,active,fc,40970,0.0013110986456013052,-0.0004567928176584246,0.06529847949042442,-0.0004567928176584246
166,14,no_need,features,14723136,-0.0059759243544412755,0.005701049809083258,0.3343666934521196,0.005701049809083258
166,14,no_need,classifier,18882560,-0.002187203406606386,-0.00034659103761214283,0.06423133431273229,-0.00034659103761214283
166,14,no_need,fc,40970,-0.0014476939745691197,-0.0005620823922072304,0.051719415502004366,-0.0005620823922072304
166,78,no_need,features,14723136,-0.03261869635539938,0.0024894705987108523,1.5343772325680465,0.0024894705987108523
166,78,no_need,classifier,18882560,-0.008174968978437391,0.001344019240605121,0.2750111759967493,0.001344019240605121
166,78,no_need,fc,40970,-0.00946692232901114,0.0015875315166340442,0.2406905354247754,0.0015875315166340442
166,40,no_support,features,14723136,0.03487512156279138,-0.009621525872894665,0.7127607550735435,-0.009621525872894665
166,40,no_support,classifier,18882560,0.0045407190582409385,-0.0008021717981137044,0.11639630210976452,-0.0008021717981137044
166,40,no_support,fc,40970,0.004054683771755663,-0.0006736323430232005,0.09681968985880782,-0.0006736323430232005
166,83,no_need,features,14723136,-0.0013306817886871156,0.0003360038199957671,1.0134484748660952,0.0003360038199957671
166,83,no_need,classifier,18882560,-0.0014723417592676924,-0.000274288342339446,0.12443020728622801,-0.000274288342339446
166,83,no_need,fc,40970,-0.0008785690615695785,-0.00029790074586344417,0.099665042381671,-0.00029790074586344417
166,73,no_support,features,14723136,0.0014114860101486215,-0.0032749398734139845,0.6495525869364583,-0.0032749398734139845
166,73,no_support,classifier,18882560,-0.0003785835555873973,3.298803822815444e-05,0.09296490868440005,3.298803822815444e-05
166,73,no_support,fc,40970,0.0003299637360214547,-8.901544424588792e-05,0.07551811587518081,-8.901544424588792e-05
166,18,no_need,features,14723136,0.0031284102616453424,0.0014497834553992561,1.8774981795731547,0.0014497834553992561
166,18,no_need,classifier,18882560,-0.0020170503901226766,0.000693824374536689,0.24398056941282179,0.000693824374536689
166,18,no_need,fc,40970,-0.001594509801179811,0.0007272796492543421,0.16894970012439228,0.0007272796492543421
166,52,no_need,features,14723136,-0.010569055602715594,0.007099441268124451,0.5279035009449989,0.007099441268124451
166,52,no_need,classifier,18882560,-0.0014042411660284415,0.0003854026030865043,0.09805245309639815,0.0003854026030865043
166,52,no_need,fc,40970,-0.000629238173360136,8.156243171697497e-05,0.07702643673409255,8.156243171697497e-05
166,31,no_support,features,14723136,0.02970988884518988,-0.004448276531286766,0.9090689233674941,-0.004448276531286766
166,31,no_support,classifier,18882560,0.0035422756479874806,-0.00020369462528790905,0.10443447695239269,-0.00020369462528790905
166,31,no_support,fc,40970,0.0032718413840484573,-4.8372126968843077e-05,0.07769473126454832,-4.8372126968843077e-05
167,99,active,features,14723136,0.03957834255532333,0.004373052861126325,0.9661662915717717,0.004373052861126325
167,99,active,classifier,18882560,0.010710237890634744,0.0017791350830975716,0.22376801416694211,0.0017791350830975716
167,99,active,fc,40970,0.0069624528296117205,0.0009980941472349514,0.17224914379087228,0.0009980941472349514
167,22,no_need,features,14723136,-0.004466608013267148,-0.003923812603602528,0.6578670596637081,-0.003923812603602528
167,22,no_need,classifier,18882560,-0.0028967090352125524,7.709512980369482e-05,0.11969190800522655,7.709512980369482e-05
167,22,no_need,fc,40970,-0.0013906725553169963,-6.590145585505525e-05,0.08808016063754383,-6.590145585505525e-05
167,62,no_need,features,14723136,0.005922005895357074,-0.007795659373300623,1.964014199613947,-0.007795659373300623
167,62,no_need,classifier,18882560,-0.006078434008941258,-0.0004767402301695256,0.29440029159553505,-0.0004767402301695256
167,62,no_need,fc,40970,-0.004749112482386408,-0.0006702718483211356,0.2042085688485393,-0.0006702718483211356
167,86,active,features,14723136,0.02158603930634584,0.004039813271809578,1.3964470855658473,0.004039813271809578
167,86,active,classifier,18882560,0.0032289442501678423,0.0006862967792926611,0.16039423916254691,0.0006862967792926611
167,86,active,fc,40970,0.001885091051008203,0.000710750210828337,0.12118500214407113,0.000710750210828337
167,5,active,features,14723136,0.015293303449595896,0.003945529705958961,2.3235498770666214,0.003945529705958961
167,5,active,classifier,18882560,-0.00393740833578704,0.0004796265731172866,0.3908282803895098,0.0004796265731172866
167,5,active,fc,40970,-0.004620802636054577,0.0001711916784188361,0.2691930292999256,0.0001711916784188361
167,20,no_support,features,14723136,0.0309536739787859,-0.015822101622454454,1.9662008743967818,-0.015822101622454454
167,20,no_support,classifier,18882560,-0.002308859071945335,-0.0003668855183711628,0.3038309337840974,-0.0003668855183711628
167,20,no_support,fc,40970,-0.002925917306129122,-0.0002443544262860087,0.205604563980643,-0.0002443544262860087
167,9,no_need,features,14723136,-0.026881959057561744,0.014257950861320978,0.8228812228454804,0.014257950861320978
167,9,no_need,classifier,18882560,-0.0035885306647287507,0.0013730017118405158,0.10865572028404696,0.0013730017118405158
167,9,no_need,fc,40970,-0.001924882056300703,0.0006089743044412899,0.07153293191572356,0.0006089743044412899
167,51,active,features,14723136,0.0029782026886948634,0.018210398641521408,1.0536349277764254,0.018210398641521408
167,51,active,classifier,18882560,0.0007467290866429721,0.003183332570188213,0.170263280293443,0.003183332570188213
167,51,active,fc,40970,-8.985329702682066e-05,0.00227324389925343,0.14618671057979896,0.00227324389925343
167,7,no_support,features,14723136,0.04078692146142515,-0.0070029478093545094,1.4766808243526672,-0.0070029478093545094
167,7,no_support,classifier,18882560,0.0007844467623385754,0.0018008232100328314,0.16865160088233666,0.0018008232100328314
167,7,no_support,fc,40970,0.0009378532822665875,0.0010458458709763363,0.1137788493063669,0.0010458458709763363
167,54,no_support,features,14723136,0.01476717901333302,-0.006086346515788321,0.8005338113097128,-0.006086346515788321
167,54,no_support,classifier,18882560,0.0019512373983161524,-0.00020828104251791046,0.12095129460613707,-0.00020828104251791046
167,54,no_support,fc,40970,0.0018211487576991203,-0.0004289528756089567,0.09600529820241983,-0.0004289528756089567
168,97,active,features,14723136,0.019117373625093137,0.004362974716173085,0.3945674121830988,0.004362974716173085
168,97,active,classifier,18882560,0.0029525232682772184,0.0014319901981707517,0.062418487326776184,0.0014319901981707517
168,97,active,fc,40970,0.0017769175919966074,0.0014918716969987145,0.04553233327246663,0.0014918716969987145
168,37,no_support,features,14723136,0.016180788686909864,-0.014124578627260576,1.177855746036232,-0.014124578627260576
168,37,no_support,classifier,18882560,0.004441473755832703,-0.001591327583923885,0.1845583592479958,-0.001591327583923885
168,37,no_support,fc,40970,0.00389886326775013,-0.0007406184131468763,0.15439772248023848,-0.0007406184131468763
168,42,no_support,features,14723136,0.006472362549061472,-0.0008062017577508129,1.328202959626093,-0.0008062017577508129
168,42,no_support,classifier,18882560,0.00011044348471500598,2.7016238338006815e-05,0.15532246475446243,2.7016238338006815e-05
168,42,no_support,fc,40970,0.0005114392433824833,0.00024076121746929857,0.11093083797023016,0.00024076121746929857
168,7,no_need,features,14723136,-0.26582043057533156,0.1453787476956947,0.7823431516134444,0.1453787476956947
168,7,no_need,classifier,18882560,-0.004899477711660438,0.0014939735486905192,0.10239476224429278,0.0014939735486905192
168,7,no_need,fc,40970,-0.0028451576454244787,0.0007621225722687086,0.07845583344812782,0.0007621225722687086
168,22,no_need,features,14723136,-0.648181577702303,0.34850637274121254,1.719647208138338,0.34850637274121254
168,22,no_need,classifier,18882560,-0.011244082766097563,0.005129283762016712,0.22255342827804744,0.005129283762016712
168,22,no_need,fc,40970,-0.006174218671731069,0.0023854220976318175,0.15608941033905002,0.0023854220976318175
168,5,no_need,features,14723136,-0.6268107588301746,0.1985067619604024,1.9209884488077362,0.1985067619604024
168,5,no_need,classifier,18882560,-0.008997858214115695,0.00394244792050813,0.21930156925698777,0.00394244792050813
168,5,no_need,fc,40970,-0.004048800049986312,0.002252351964216359,0.1502712133652331,0.002252351964216359
168,24,no_need,features,14723136,-0.007903134744921658,-0.0036683657492631028,1.3904920403562548,-0.0036683657492631028
168,24,no_need,classifier,18882560,0.00011685319100251945,-0.0006399079297807475,0.2011862328053141,-0.0006399079297807475
168,24,no_need,fc,40970,-0.0011509265914355638,-9.359939429032238e-05,0.1733451355542782,-9.359939429032238e-05
168,56,no_need,features,14723136,-0.013018100802653976,0.008242365280835884,1.466941425161363,0.008242365280835884
168,56,no_need,classifier,18882560,-0.00029571648536830253,0.0011194100811735552,0.20249898171259814,0.0011194100811735552
168,56,no_need,fc,40970,-0.00024751320961513557,0.0008577074331697077,0.15307872900697833,0.0008577074331697077
168,69,no_need,features,14723136,-0.0019176384339658625,0.011165089809210826,0.9104107924821874,0.011165089809210826
168,69,no_need,classifier,18882560,-0.001768654248508028,0.002654464279316926,0.1208268509538511,0.002654464279316926
168,69,no_need,fc,40970,-0.0022426105970225763,0.002269274930768006,0.09857036531251909,0.002269274930768006
168,12,active,features,14723136,0.0010855425350015935,0.006779049748278254,0.5437683568231148,0.006779049748278254
168,12,active,classifier,18882560,0.001802238078425944,0.00040231984355898476,0.06968507156722659,0.00040231984355898476
168,12,active,fc,40970,0.0011073417072111624,0.0005328261449903948,0.05009097929838719,0.0005328261449903948
169,96,active,features,14723136,0.008299975202703536,0.017178326218328266,0.899911941708907,0.017178326218328266
169,96,active,classifier,18882560,0.00282510394822566,0.0019604630592766625,0.16607196089823453,0.0019604630592766625
169,96,active,fc,40970,0.001595106657987344,0.0015734475236968137,0.13443731080433477,0.0015734475236968137
169,22,no_need,features,14723136,-0.1615162268502246,0.09835218153141057,0.7552953741008781,0.09835218153141057
169,22,no_need,classifier,18882560,-0.003170227656028146,0.00217849343493981,0.12586295502902883,0.00217849343493981
169,22,no_need,fc,40970,-0.0013434215161396423,0.0011606277712417068,0.08632405024873198,0.0011606277712417068
169,76,no_support,features,14723136,0.02517768128072362,-0.023826827741864065,1.5889792915834708,-0.023826827741864065
169,76,no_support,classifier,18882560,0.004234472268308309,-0.003295666589110624,0.1771715399992023,-0.003295666589110624
169,76,no_support,fc,40970,0.004763305452797795,-0.0030381457800103817,0.1313508733242187,-0.0030381457800103817
169,44,active,features,14723136,0.0011513816177775025,0.002326129196951854,1.1126174563812714,0.002326129196951854
169,44,active,classifier,18882560,0.0013504794671916898,-7.1210349346984e-05,0.15151470168388328,-7.1210349346984e-05
169,44,active,fc,40970,0.0027112605621368857,0.00021732911091021379,0.11945172668214996,0.00021732911091021379
169,59,no_need,features,14723136,-0.03474601284727896,0.004302936271130875,0.6031179041459955,0.004302936271130875
169,59,no_need,classifier,18882560,-0.006421677952857863,-0.0010063736491474629,0.09250522969664568,-0.0010063736491474629
169,59,no_need,fc,40970,-0.005369875048927497,-0.002466098095283087,0.06988116697735967,-0.002466098095283087
169,78,no_need,features,14723136,-0.022089499562866877,-0.006526653628846191,1.5152161201161247,-0.006526653628846191
169,78,no_need,classifier,18882560,-0.006201770640018367,-0.001528592775684956,0.23006714113332788,-0.001528592775684956
169,78,no_need,fc,40970,-0.004348562957602553,-0.0012405857632984407,0.18462648810935123,-0.0012405857632984407
169,12,no_need,features,14723136,-1.1510073904237288,0.5495454668002253,2.00404915787754,0.5495454668002253
169,12,no_need,classifier,18882560,-0.01570080341934954,0.006039394163508405,0.19243673925754992,0.006039394163508405
169,12,no_need,fc,40970,-0.008918452625948703,0.0031431848633474146,0.12818267847057174,0.0031431848633474146
169,68,no_need,features,14723136,-0.003913103203899482,-0.016913864023479164,1.5321115485383097,-0.016913864023479164
169,68,no_need,classifier,18882560,-0.0036743122784628213,-0.0013253659880660962,0.17569056958835855,-0.0013253659880660962
169,68,no_need,fc,40970,-0.0024750378706812626,-0.0006198236912950961,0.12248091547212091,-0.0006198236912950961
169,94,active,features,14723136,0.029741635731454608,0.021391243214125666,1.0189278596287676,0.021391243214125666
169,94,active,classifier,18882560,0.007086983195222274,0.003876340169199466,0.2281946093444415,0.003876340169199466
169,94,active,fc,40970,0.0035659880595630966,0.0025568159344402375,0.17504506501139216,0.0025568159344402375
169,87,no_support,features,14723136,0.022173956887925783,-0.010786608997236158,0.373399325710816,-0.010786608997236158
169,87,no_support,classifier,18882560,0.003089748063530351,-0.001757127430323635,0.05739723699985684,-0.001757127430323635
169,87,no_support,fc,40970,0.0030966757440182846,-0.0013565965155066806,0.048278642085702435,-0.0013565965155066806
170,45,active,features,14723136,0.0062031974072098706,0.01717908813260749,0.6342348381347169,0.01717908813260749
170,45,active,classifier,18882560,0.0027989421876100096,0.0029801032937939453,0.09283435321665529,0.0029801032937939453
170,45,active,fc,40970,0.002562564606705564,0.0019548539003153564,0.06613206149466085,0.0019548539003153564
170,7,active,features,14723136,0.014204960625473717,0.02001414144898206,0.46891937553276974,0.02001414144898206
170,7,active,classifier,18882560,0.0027482413197503774,0.002149918922668803,0.07526359077060603,0.002149918922668803
170,7,active,fc,40970,0.0026766711107484298,0.0017414072917745216,0.06013851457621546,0.0017414072917745216
170,65,no_support,features,14723136,0.02817830871360627,-0.013769721380542777,1.145225976194395,-0.013769721380542777
170,65,no_support,classifier,18882560,0.007898346343154117,-0.0011077894329218907,0.20070696099059882,-0.0011077894329218907
170,65,no_support,fc,40970,0.006790620616811793,-0.0007536047853591299,0.15391264607424052,-0.0007536047853591299
170,19,no_support,features,14723136,0.008163234924708718,-0.01500496544339569,0.5847883441186263,-0.01500496544339569
170,19,no_support,classifier,18882560,0.00245899634160196,-0.0021657635772953654,0.08751820624226975,-0.0021657635772953654
170,19,no_support,fc,40970,0.002587944854894886,-0.0014116813417786034,0.06964565767370949,-0.0014116813417786034
170,95,no_need,features,14723136,-0.028668784736908034,0.00024472837073119535,3.022989409995101,0.00024472837073119535
170,95,no_need,classifier,18882560,-0.006300632863712963,0.0008993022962329178,0.5460656220142704,0.0008993022962329178
170,95,no_need,fc,40970,-0.005955452666967176,0.00035655310330184875,0.35731038137211685,0.00035655310330184875
170,16,no_need,features,14723136,-0.004759647766462649,-0.0037075888598252504,2.1009467928471945,-0.0037075888598252504
170,16,no_need,classifier,18882560,-0.0008480665376282559,-0.0002798700340349569,0.277483513103998,-0.0002798700340349569
170,16,no_need,fc,40970,-0.0018593542554299347,0.0007138098208088195,0.1871585105264116,0.0007138098208088195
170,35,no_need,features,14723136,-0.025223513919343077,-0.00197651814213895,2.7561646629344545,-0.00197651814213895
170,35,no_need,classifier,18882560,-0.0031353784530665507,-0.0015225866031869373,0.36474356738601416,-0.0015225866031869373
170,35,no_need,fc,40970,-0.005481908494402887,-0.0009068477411346976,0.23011938243406654,-0.0009068477411346976
170,23,no_need,features,14723136,-0.027823294024784673,-0.00041256228708874687,0.6956360460202081,-0.00041256228708874687
170,23,no_need,classifier,18882560,-0.011860075401273207,-0.0035065496240349603,0.1595935926391442,-0.0035065496240349603
170,23,no_need,fc,40970,-0.008270351721876068,-0.003841620817183866,0.11846950522745982,-0.003841620817183866
170,83,no_need,features,14723136,-0.02963266937005926,0.0219275033320514,0.7824793363906378,0.0219275033320514
170,83,no_need,classifier,18882560,-0.006214715254827752,0.003784192256262031,0.11447435205945833,0.003784192256262031
170,83,no_need,fc,40970,-0.005077010155218886,0.002430383616228937,0.09316600240246815,0.002430383616228937
170,88,no_support,features,14723136,0.0167488060716785,-0.0055190511509337625,1.2235709002575905,-0.0055190511509337625
170,88,no_support,classifier,18882560,0.004120693018194288,-0.002319195007885355,0.1790636512147961,-0.002319195007885355
170,88,no_support,fc,40970,0.0029383038800006034,-0.0012292281608097255,0.13104669858853576,-0.0012292281608097255
171,12,no_need,features,14723136,-0.0035368776823005987,0.0010822811540300847,0.25022200946205475,0.0010822811540300847
171,12,no_need,classifier,18882560,-0.0006097365660480136,-0.00014046150069013663,0.04533829036520615,-0.00014046150069013663
171,12,no_need,fc,40970,-0.0008369338193006115,-1.9559092152121593e-05,0.03580792439598919,-1.9559092152121593e-05
171,91,no_need,features,14723136,-0.009863659802462621,0.005048918862598839,0.8457685767128105,0.005048918862598839
171,91,no_need,classifier,18882560,-0.0012959849656795086,4.805947196473426e-05,0.1033630484095316,4.805947196473426e-05
171,91,no_need,fc,40970,-0.0006754383980478451,0.0006907213787599176,0.07017413633095723,0.0006907213787599176
171,4,active,features,14723136,0.01192954454361228,0.011151560715042308,1.1301388251914204,0.011151560715042308
171,4,active,classifier,18882560,0.001423357488192778,0.0018104139909382866,0.15376792036544262,0.0018104139909382866
171,4,active,fc,40970,0.0016449714385089464,0.0013852594502168358,0.12174474560686324,0.0013852594502168358
171,90,no_need,features,14723136,-0.004801126723268823,0.018722292504264715,0.614990188771988,0.018722292504264715
171,90,no_need,classifier,18882560,0.0013930844811511633,0.0027284852874345233,0.14319434651199817,0.0027284852874345233
171,90,no_need,fc,40970,0.0011173289522048435,0.002375296784521197,0.10862075745254342,0.002375296784521197
171,47,no_support,features,14723136,0.033563487701769645,-0.009039287193555623,1.4955121386390757,-0.009039287193555623
171,47,no_support,classifier,18882560,0.004706811251708132,-0.000987612443168473,0.1621620658633515,-0.000987612443168473
171,47,no_support,fc,40970,0.003154774287395412,-0.001034101829645806,0.12519802585116718,-0.001034101829645806
171,66,no_need,features,14723136,-0.003338414794868072,0.0022881976496300638,0.7561455666700094,0.0022881976496300638
171,66,no_need,classifier,18882560,-0.0006886707647026924,2.984780728354508e-05,0.10876714525226103,2.984780728354508e-05
171,66,no_need,fc,40970,-0.00044322422400000505,0.0003013305865806615,0.08384320022052727,0.0003013305865806615
171,33,no_support,features,14723136,0.023277914162733282,-0.017643369935356645,0.8015244123677898,-0.017643369935356645
171,33,no_support,classifier,18882560,0.0032032328210789274,-0.0028145544777089526,0.1401763137385373,-0.0028145544777089526
171,33,no_support,fc,40970,0.0022623556851613102,-0.0019548718237274443,0.10868834117046908,-0.0019548718237274443
171,9,active,features,14723136,0.017124566050327417,0.005334087848435587,0.6481088616398593,0.005334087848435587
171,9,active,classifier,18882560,0.0024362109134017373,0.0008902411306053182,0.0760866479669691,0.0008902411306053182
171,9,active,fc,40970,0.002008170768021955,-5.796236519017839e-05,0.061568239312453574,-5.796236519017839e-05
171,61,no_need,features,14723136,-0.0507875025463278,0.007129531000131806,1.0386831559577745,0.007129531000131806
171,61,no_need,classifier,18882560,-0.011112429965578485,-0.00021581023796812815,0.19178559494601854,-0.00021581023796812815
171,61,no_need,fc,40970,-0.007118510980944848,-0.0003181862589372031,0.13896461028745782,-0.0003181862589372031
171,84,active,features,14723136,0.004827467936259211,0.011563228129510605,0.3189112236794772,0.011563228129510605
171,84,active,classifier,18882560,0.001691692530698674,0.0011877286629555783,0.07518622939279648,0.0011877286629555783
171,84,active,fc,40970,0.0010389160229351546,0.0013666608692801674,0.0583960970298139,0.0013666608692801674
172,46,no_need,features,14723136,-0.035907504394941725,0.006531843517091573,0.9443716576061933,0.006531843517091573
172,46,no_need,classifier,18882560,-0.007180274316851865,0.0012764707636279127,0.20025550758506216,0.0012764707636279127
172,46,no_need,fc,40970,-0.006959228059713496,0.0007081659987306921,0.1699804715062097,0.0007081659987306921
172,60,active,features,14723136,0.0375276340430446,0.0015477120232034736,1.0634435270109284,0.0015477120232034736
172,60,active,classifier,18882560,0.006181010101954598,0.0011139881196413626,0.14393699716432412,0.0011139881196413626
172,60,active,fc,40970,0.0037716772549174493,0.0009618274661988835,0.09794561575677865,0.0009618274661988835
172,83,no_support,features,14723136,0.041132013166901515,-0.00980287617315767,0.8471280879106878,-0.00980287617315767
172,83,no_support,classifier,18882560,0.0048644758021509915,-0.0004237807741560573,0.11126134618882837,-0.0004237807741560573
172,83,no_support,fc,40970,0.0036271754615881946,-2.1340993498597527e-05,0.08464260426014317,-2.1340993498597527e-05
172,2,no_support,features,14723136,0.03492412039403803,-0.006799223012961875,1.2499272132781296,-0.006799223012961875
172,2,no_support,classifier,18882560,0.004037054966602227,-0.0008346898946456349,0.15616674064965363,-0.0008346898946456349
172,2,no_support,fc,40970,0.0022214431373868138,-0.000694803490432605,0.11126327972406869,-0.000694803490432605
172,37,no_need,features,14723136,-0.022774992236769265,-0.016334494633824193,1.1394784291489888,-0.016334494633824193
172,37,no_need,classifier,18882560,-0.003197137241386372,-0.0036106884044784238,0.22927005746772547,-0.0036106884044784238
172,37,no_need,fc,40970,-0.0014608828951168107,-0.0025928141576514463,0.20866981438802218,-0.0025928141576514463
172,70,no_support,features,14723136,0.05330567187536417,-0.005707207261238523,2.6211632729570398,-0.005707207261238523
172,70,no_support,classifier,18882560,0.010634099771777983,-0.001316587060046004,0.337254407254902,-0.001316587060046004
172,70,no_support,fc,40970,0.008059987932938384,-0.0009657038099248894,0.22036824716866918,-0.0009657038099248894
172,93,no_support,features,14723136,0.054304851113101904,-0.018407837889583334,0.7806563062643025,-0.018407837889583334
172,93,no_support,classifier,18882560,0.008157578780810582,-0.0004381878957460117,0.1267214739544013,-0.0004381878957460117
172,93,no_support,fc,40970,0.006072588497772813,-0.0006748397900082637,0.09752572780788425,-0.0006748397900082637
172,29,active,features,14723136,0.03432214137771439,0.003840566333042972,1.0777106158843623,0.003840566333042972
172,29,active,classifier,18882560,0.00849439068178981,-0.0003039535904463264,0.22313246640002674,-0.0003039535904463264
172,29,active,fc,40970,0.004872021454502828,-0.00011373246911716706,0.1888858572868688,-0.00011373246911716706
172,3,active,features,14723136,0.01713468933121476,0.006652638398261246,0.7497390463728192,0.006652638398261246
172,3,active,classifier,18882560,0.0008541097508611983,0.0004759317091753701,0.13166601506131664,0.0004759317091753701
172,3,active,fc,40970,0.0011923260708499583,0.00010302371538273292,0.10393676432575336,0.00010302371538273292
172,43,active,features,14723136,0.03745605790082607,0.0009703534700236105,0.6578103374162166,0.0009703534700236105
172,43,active,classifier,18882560,0.005287184902954323,0.001979278374506066,0.1040760590581686,0.001979278374506066
172,43,active,fc,40970,0.0033367664636898553,0.0012812958666472696,0.07545535149510535,0.0012812958666472696
173,27,no_need,features,14723136,-0.01460711886372934,0.008505282168080441,1.0633173332677759,0.008505282168080441
173,27,no_need,classifier,18882560,0.00041874121529872355,-0.00039001646064207307,0.10429000341053722,-0.00039001646064207307
173,27,no_need,fc,40970,-0.00021455666865222156,-0.0005293957683534245,0.07027622862349367,-0.0005293957683534245
173,45,active,features,14723136,0.01491987548079976,0.0037479343909936347,0.7083786196523613,0.0037479343909936347
173,45,active,classifier,18882560,0.0016183350181790956,-0.00010336646550967998,0.11768500898874008,-0.00010336646550967998
173,45,active,fc,40970,0.00066148407199762,0.0007579484631605737,0.09170588409470708,0.0007579484631605737
173,49,no_need,features,14723136,-0.015236798102847615,-0.0013946721003321727,0.7125364943215182,-0.0013946721003321727
173,49,no_need,classifier,18882560,-0.0037680504678974103,0.0008600569796328728,0.14049566247446968,0.0008600569796328728
173,49,no_need,fc,40970,-0.0036303706401668023,0.0015162808467721334,0.1069506664471984,0.0015162808467721334
173,4,no_support,features,14723136,0.04946371940906147,-0.04073087966551725,1.1734641639875514,-0.04073087966551725
173,4,no_support,classifier,18882560,0.0037312738093078224,-0.003779689855491597,0.18279079251267363,-0.003779689855491597
173,4,no_support,fc,40970,0.0028173321079520974,-0.0030149495833029505,0.14938798998628133,-0.0030149495833029505
173,31,active,features,14723136,0.006466657140080657,0.007501979199457054,1.244830750486344,0.007501979199457054
173,31,active,classifier,18882560,-0.0005375754109309128,0.0003728434614345133,0.13360617770133598,0.0003728434614345133
173,31,active,fc,40970,-0.00022442628778662765,0.0003441757107793819,0.09222191238188399,0.0003441757107793819
173,62,no_support,features,14723136,0.0028386090268952566,-0.004300101243998711,1.0954764010766476,-0.004300101243998711
173,62,no_support,classifier,18882560,0.00041779912487527326,-0.0011611207895043663,0.17422358640334284,-0.0011611207895043663
173,62,no_support,fc,40970,-0.0005453330495583941,-0.00044407847587990545,0.12566613627647302,-0.00044407847587990545
173,9,no_support,features,14723136,0.05458112402760662,-0.018462648239001567,1.328200040594435,-0.018462648239001567
173,9,no_support,classifier,18882560,0.008808936157493008,-0.0029212104600446764,0.15455357750544094,-0.0029212104600446764
173,9,no_support,fc,40970,0.006825560223660432,-0.0019729442910829675,0.10906206066260771,-0.0019729442910829675
173,95,no_support,features,14723136,0.19191846133168156,-0.018062912077120075,5.319980091146339,-0.018062912077120075
173,95,no_support,classifier,18882560,0.000797855981545581,0.0005844895401878603,0.7386136609913039,0.0005844895401878603
173,95,no_support,fc,40970,0.001913166882332007,7.355931700203655e-05,0.4624828793539072,7.355931700203655e-05
173,69,active,features,14723136,0.03242122604559938,0.010958149358998526,0.6543453083965395,0.010958149358998526
173,69,active,classifier,18882560,0.002585863026752122,0.0020667411865815666,0.09577678341898771,0.0020667411865815666
173,69,active,fc,40970,0.0015443174950178218,0.002635323824506486,0.06997194929135854,0.002635323824506486
173,72,no_need,features,14723136,-0.04284590182291481,0.003690492963670522,1.1476087873746628,0.003690492963670522
173,72,no_need,classifier,18882560,-0.006838169581897091,-0.0009840936373848308,0.16706782756763344,-0.0009840936373848308
173,72,no_need,fc,40970,-0.004812242068510386,-0.0015266093814716442,0.12490238960921808,-0.0015266093814716442
174,27,no_need,features,14723136,-0.09656566575435477,0.06170320344841684,0.8667550784337317,0.06170320344841684
174,27,no_need,classifier,18882560,-0.0033191412596806913,0.0025632017845964583,0.10211963507262821,0.0025632017845964583
174,27,no_need,fc,40970,-0.001652269228543446,0.0016577341575612081,0.06762872851184304,0.0016577341575612081
174,28,active,features,14723136,0.006747715785444086,0.006555591904614744,0.6288911295449655,0.006555591904614744
174,28,active,classifier,18882560,0.0016056950486245114,0.003293928654102274,0.2936126610867264,0.003293928654102274
174,28,active,fc,40970,-0.0002683362745301565,0.002668342651304556,0.24653672183276437,0.002668342651304556
174,1,no_need,features,14723136,-0.03425739743150302,0.011177260538303813,1.376428204053946,0.011177260538303813
174,1,no_need,classifier,18882560,-0.003263480894474924,0.000659126588431036,0.1627633558240146,0.000659126588431036
174,1,no_need,fc,40970,-0.0017662354766798671,0.0004736140604109096,0.11816999960153157,0.0004736140604109096
174,92,no_need,features,14723136,-0.02960590763254345,0.0010248070862886038,5.002965186711709,0.0010248070862886038
174,92,no_need,classifier,18882560,-0.010714764568547253,-0.0002498922426639183,1.4621129377275461,-0.0002498922426639183
174,92,no_need,fc,40970,-0.0009525616351311328,-0.0007417107613036933,0.8101761309715455,-0.0007417107613036933
174,55,no_support,features,14723136,0.01756590031331484,-0.009405154786488623,2.03529433826925,-0.009405154786488623
174,55,no_support,classifier,18882560,0.0022528904546561535,-0.0005151550316497833,0.2506759323843339,-0.0005151550316497833
174,55,no_support,fc,40970,0.003496474208077416,0.00013358405158214737,0.17904709005939018,0.00013358405158214737
174,48,no_support,features,14723136,0.0037218865380452826,-0.0029688443414688237,1.657392525673914,-0.0029688443414688237
174,48,no_support,classifier,18882560,0.0009917833351096306,-0.0006959497468415066,0.18456324745028235,-0.0006959497468415066
174,48,no_support,fc,40970,0.0031076460854819743,-0.000416840307025268,0.1499977193065837,-0.000416840307025268
174,74,no_support,features,14723136,0.016986949025067588,-0.0022381829353790295,1.081005567034264,-0.0022381829353790295
174,74,no_support,classifier,18882560,0.0023836224195292743,6.364105536249554e-05,0.24860521305602248,6.364105536249554e-05
174,74,no_support,fc,40970,-0.000383954025892308,4.819094760932785e-05,0.20287113049456448,4.819094760932785e-05
174,7,no_support,features,14723136,0.03513346417128105,-0.01277900456523895,1.5970867610215225,-0.01277900456523895
174,7,no_support,classifier,18882560,0.004482089169414394,-0.0012799718250562364,0.1855079217854417,-0.0012799718250562364
174,7,no_support,fc,40970,0.0030768337801418966,-0.0006758769222869887,0.13119487314327294,-0.0006758769222869887
174,99,no_support,features,14723136,0.026645788017148675,-0.0073998658934968375,1.0925258873240609,-0.0073998658934968375
174,99,no_support,classifier,18882560,0.0036101902007885656,-0.000675106558560401,0.23418579525159527,-0.000675106558560401
174,99,no_support,fc,40970,0.001031349049299024,-0.0005256529636881169,0.17167025852539267,-0.0005256529636881169
174,62,no_need,features,14723136,-0.5923709376012312,0.2936733168288015,1.6450676618918545,0.2936733168288015
174,62,no_need,classifier,18882560,-0.014737097275428823,0.005412280715518136,0.23182575972198563,0.005412280715518136
174,62,no_need,fc,40970,-0.006939907729247352,0.0023393781229970045,0.15851103922035814,0.0023393781229970045
175,24,no_support,features,14723136,0.02364286316559827,-0.00944535607477448,0.8179989526530894,-0.00944535607477448
175,24,no_support,classifier,18882560,0.00459450001744699,-0.00038746673683931476,0.1475113830190465,-0.00038746673683931476
175,24,no_support,fc,40970,0.0034403254348944756,0.0006291740978667804,0.12988238347469366,0.0006291740978667804
175,0,no_support,features,14723136,0.0035312670138836193,-6.133071387637301e-05,1.418327200551766,-6.133071387637301e-05
175,0,no_support,classifier,18882560,0.00399866691122952,-6.234831766960269e-05,0.23371404849218577,-6.234831766960269e-05
175,0,no_support,fc,40970,0.00434125546598807,-0.0010525237123601983,0.20662446677861404,-0.0010525237123601983
175,9,no_support,features,14723136,0.02750670970037561,-0.009157194866658003,0.966925231068133,-0.009157194866658003
175,9,no_support,classifier,18882560,0.007064197365252767,-0.002231975768609118,0.1326562657824832,-0.002231975768609118
175,9,no_support,fc,40970,0.005293207605063799,-0.001132884982325777,0.09949455154388699,-0.001132884982325777
175,11,no_need,features,14723136,-0.0022732927452295826,0.013635194667600103,1.734388382946001,0.013635194667600103
175,11,no_need,classifier,18882560,0.0011308552270179462,0.0006777394160053518,0.19750804747588177,0.0006777394160053518
175,11,no_need,fc,40970,0.0009556417835483444,-0.0002465591696818592,0.13968767148734146,-0.0002465591696818592
175,31,no_support,features,14723136,0.02363197286908303,-0.0008856013236169247,0.9849501435894665,-0.0008856013236169247
175,31,no_support,classifier,18882560,0.005677331136666908,-0.0011494758223307144,0.1177400716798143,-0.0011494758223307144
175,31,no_support,fc,40970,0.003313526331112371,-0.0003842152100332896,0.08181879493793182,-0.0003842152100332896
175,45,no_need,features,14723136,-0.018287164564945613,-0.015604804635273695,1.0022184680246522,-0.015604804635273695
175,45,no_need,classifier,18882560,-0.0077240472737685195,-0.0011524343533437786,0.14846091126021885,-0.0011524343533437786
175,45,no_need,fc,40970,-0.004195243724097963,-0.0016256614762824029,0.11029795794875767,-0.0016256614762824029
175,58,no_need,features,14723136,-0.011567189678984846,-0.004967608408328772,0.38345856394352346,-0.004967608408328772
175,58,no_need,classifier,18882560,-0.002623466315526457,-0.0005288338116997693,0.06788554885295389,-0.0005288338116997693
175,58,no_need,fc,40970,-0.0019281350623714388,-0.00015512879690504633,0.0568394784298271,-0.00015512879690504633
175,35,active,features,14723136,0.012587308258282803,0.003494328898277388,2.3858582574067753,0.003494328898277388
175,35,active,classifier,18882560,0.0022543071063410025,0.00011850798003365526,0.326064659506941,0.00011850798003365526
175,35,active,fc,40970,0.00048310047532140743,0.00024343797508663556,0.2216143085654979,0.00024343797508663556
175,69,active,features,14723136,0.04170745884492533,0.004169896263036321,0.9417833917049983,0.004169896263036321
175,69,active,classifier,18882560,0.007890882343417616,-0.0003730084386006638,0.1324450966655271,-0.0003730084386006638
175,69,active,fc,40970,0.004844186914851889,-0.0010260648014082108,0.10159418352351247,-0.0010260648014082108
175,21,no_need,features,14723136,-0.01661253863059642,0.0059650540420363996,2.011843222748541,0.0059650540420363996
175,21,no_need,classifier,18882560,-0.003978064735520093,0.0014604282337131735,0.22797613751094106,0.0014604282337131735
175,21,no_need,fc,40970,-0.003928567355615087,0.0011128022533739568,0.16130008348721833,0.0011128022533739568
176,42,no_support,features,14723136,0.016826443793235057,-0.0020731708042696084,2.080980716629987,-0.0020731708042696084
176,42,no_support,classifier,18882560,0.0008692993950489836,0.00022058781914324754,0.23007116333875702,0.00022058781914324754
176,42,no_support,fc,40970,0.0005592899997282075,-0.00019097163840342546,0.1585437099034442,-0.00019097163840342546
176,98,active,features,14723136,0.011510917125075792,0.01688386364896388,0.8743040812658089,0.01688386364896388
176,98,active,classifier,18882560,0.002397793079580879,0.0019208958190404246,0.13242028026408798,0.0019208958190404246
176,98,active,fc,40970,0.0012154312325947103,0.0020827986854783376,0.10189202877806976,0.0020827986854783376
176,67,no_need,features,14723136,-0.014170120496885374,-0.0029153233437710924,1.759178101685568,-0.0029153233437710924
176,67,no_need,classifier,18882560,-0.0004542238767726303,-0.00080176687103517,0.2004892592773091,-0.00080176687103517
176,67,no_need,fc,40970,-0.0002375609387854638,-0.0005492739180681383,0.14176851426678572,-0.0005492739180681383
176,21,no_need,features,14723136,-1.244542822315907,0.40524361705251977,2.0895564604911856,0.40524361705251977
176,21,no_need,classifier,18882560,-0.01812086509744404,0.007134409336231329,0.23944316921481246,0.007134409336231329
176,21,no_need,fc,40970,-0.006888552981763496,0.0033200658617715817,0.15578709361754217,0.0033200658617715817
176,24,no_need,features,14723136,-0.6542304765559948,0.37950307407481887,1.443687556334271,0.37950307407481887
176,24,no_need,classifier,18882560,-0.02451636066143692,0.010265680140946642,0.23433466159988794,0.010265680140946642
176,24,no_need,fc,40970,-0.014268712024204433,0.0051994116001878865,0.1781307516671294,0.0051994116001878865
176,81,no_need,features,14723136,-0.0029440846892185846,0.017540127180147635,0.8754091528943622,0.017540127180147635
176,81,no_need,classifier,18882560,-0.0009186429411727204,0.001993592636495123,0.15083092772685683,0.001993592636495123
176,81,no_need,fc,40970,0.00048827815226104576,0.00021027388413585868,0.11254552092368426,0.00021027388413585868
176,20,active,features,14723136,0.02807068955711145,0.01732333105118755,0.8694108359058278,0.01732333105118755
176,20,active,classifier,18882560,0.00411945679229575,0.005027416331131462,0.13737356531698675,0.005027416331131462
176,20,active,fc,40970,0.0016931499003476347,0.0030453758427029243,0.1001701232225627,0.0030453758427029243
176,75,no_need,features,14723136,-0.0009808670112505524,0.010866879825130127,0.3412676889123306,0.010866879825130127
176,75,no_need,classifier,18882560,0.0001535337927123237,0.0030738512593870837,0.05364433465935433,0.0030738512593870837
176,75,no_need,fc,40970,0.0002564158603490796,0.002530780167944613,0.04229053243947782,0.002530780167944613
176,29,no_support,features,14723136,0.020789921050372584,-0.01868944194499278,0.9811468818531046,-0.01868944194499278
176,29,no_support,classifier,18882560,0.003239750132252084,-0.001583406885288241,0.19614339748739634,-0.001583406885288241
176,29,no_support,fc,40970,0.00026061573498736834,-0.0007705131274633459,0.15318902446744717,-0.0007705131274633459
176,36,active,features,14723136,0.034285469776591526,0.004105336562844286,0.6765038005981363,0.004105336562844286
176,36,active,classifier,18882560,0.007017457226083934,0.00117583209885197,0.1301375489079383,0.00117583209885197
176,36,active,fc,40970,0.0038323864464473445,0.0008758531382682122,0.10291123498431495,0.0008758531382682122
177,49,active,features,14723136,0.02493891128376191,0.01799439767985689,0.7205592041233395,0.01799439767985689
177,49,active,classifier,18882560,0.003708761918687742,0.005330513803528447,0.10139866290693174,0.005330513803528447
177,49,active,fc,40970,0.002445253514451906,0.003998834035883192,0.07773809994271424,0.003998834035883192
177,75,no_need,features,14723136,-0.3287411544849874,0.2727532080594415,1.1313063250392823,0.2727532080594415
177,75,no_need,classifier,18882560,-0.008132677702633373,0.005602849862043513,0.12927558093776542,0.005602849862043513
177,75,no_need,fc,40970,-0.005211671599681722,0.0030513126530422596,0.08980751340399627,0.0030513126530422596
177,33,no_support,features,14723136,0.04292817094569301,-0.01623431707459133,1.692250683473942,-0.01623431707459133
177,33,no_support,classifier,18882560,0.0015034172049581684,-0.0004606616950013631,0.2505485900271314,-0.0004606616950013631
177,33,no_support,fc,40970,-0.0001297206779327098,3.620516145019792e-05,0.19234187242267614,3.620516145019792e-05
177,60,no_support,features,14723136,0.021626075007844747,-0.0051311699642120345,1.1679617189654843,-0.0051311699642120345
177,60,no_support,classifier,18882560,0.005179008788672945,3.4034836176033423e-06,0.177468667087532,3.4034836176033423e-06
177,60,no_support,fc,40970,0.004070426988619147,-1.4320399827738584e-05,0.12863763951104706,-1.4320399827738584e-05
177,42,no_need,features,14723136,-0.25360931532748054,0.07850907064974422,1.5820449386923037,0.07850907064974422
177,42,no_need,classifier,18882560,-0.009715589036659367,0.002151026725300653,0.1722555260154478,0.002151026725300653
177,42,no_need,fc,40970,-0.0070237097061180975,0.001149051949596469,0.12271018384799609,0.001149051949596469
177,64,no_support,features,14723136,0.012520871684536418,-0.007872490964622614,1.269130242139889,-0.007872490964622614
177,64,no_support,classifier,18882560,0.003486747345959884,-0.0017367300550859,0.2410212423526095,-0.0017367300550859
177,64,no_support,fc,40970,0.0030458170658675954,-0.0014693525690745446,0.18932517133711219,-0.0014693525690745446
177,69,no_support,features,14723136,0.018502774952906975,-0.0008784657734040024,0.7690899090317932,-0.0008784657734040024
177,69,no_support,classifier,18882560,0.0018373581290234142,-0.0005694533034557026,0.1258241601021311,-0.0005694533034557026
177,69,no_support,fc,40970,0.000477370667113064,-0.00042771967628141283,0.09408342174345288,-0.00042771967628141283
177,11,no_support,features,14723136,0.03395721411916952,-0.0058297673642186965,0.938784587688527,-0.0058297673642186965
177,11,no_support,classifier,18882560,0.0022679869691728527,-0.0004667816942607317,0.12620776854256577,-0.0004667816942607317
177,11,no_support,fc,40970,0.0017871492336780648,0.00014356446445162874,0.08614891591540287,0.00014356446445162874
177,47,no_support,features,14723136,0.01696045518498579,-0.002756051156914907,0.871474823211838,-0.002756051156914907
177,47,no_support,classifier,18882560,0.0040548190856952715,-0.0007111668244874636,0.13068631093079636,-0.0007111668244874636
177,47,no_support,fc,40970,0.0029337631203816272,-0.0004271222142051556,0.09983846196753038,-0.0004271222142051556
177,70,no_support,features,14723136,0.00942310372806432,-0.003990726196093419,0.9609865030156423,-0.003990726196093419
177,70,no_support,classifier,18882560,-0.0040608165190860745,-0.00034712334172581905,0.16890870155889748,-0.00034712334172581905
177,70,no_support,fc,40970,-0.0017790762321965303,-1.3727574355471006e-05,0.12661582815203562,-1.3727574355471006e-05
178,96,no_support,features,14723136,0.0796919723575229,-0.01217823450068245,0.9882350494951483,-0.01217823450068245
178,96,no_support,classifier,18882560,0.013661224733368726,0.0023349197870174976,0.15644430988896899,0.0023349197870174976
178,96,no_support,fc,40970,0.009841133993177209,0.0024509528429916827,0.11846227827489238,0.0024509528429916827
178,60,no_need,features,14723136,-0.3378288167298251,0.203093123678741,0.9437679076637082,0.203093123678741
178,60,no_need,classifier,18882560,-0.034464375297829974,0.01748498459255643,0.23969581573854143,0.01748498459255643
178,60,no_need,fc,40970,-0.02440423160442151,0.011522277007316006,0.1878658808459901,0.011522277007316006
178,16,no_need,features,14723136,-0.04290621463833588,0.009637002030228103,1.3161785056645974,0.009637002030228103
178,16,no_need,classifier,18882560,-0.011366486403858289,-0.00043540742271375166,0.1665197992213348,-0.00043540742271375166
178,16,no_need,fc,40970,-0.009877745585981756,-0.0002685621329874266,0.11735086732568335,-0.0002685621329874266
178,70,no_need,features,14723136,-0.7309859439055799,0.40662454514711044,1.5735116500681992,0.40662454514711044
178,70,no_need,classifier,18882560,-0.012920375728754152,0.008707593882718356,0.20553591524395137,0.008707593882718356
178,70,no_need,fc,40970,-0.007045558542813524,0.003931130146156647,0.13766506764159336,0.003931130146156647
178,73,no_need,features,14723136,-0.004294539600945058,0.009956147611628552,0.8147306983898058,0.009956147611628552
178,73,no_need,classifier,18882560,-0.0001317802922358169,0.0011926941982665085,0.08624281495355404,0.0011926941982665085
178,73,no_need,fc,40970,-0.0005521179207335081,0.00044913928422829485,0.06400882866350864,0.00044913928422829485
178,40,no_need,features,14723136,-0.006818503781115481,-0.004455082773603181,0.6821277255824507,-0.004455082773603181
178,40,no_need,classifier,18882560,-0.0008812417229933089,0.00032581656117258717,0.11865455773222328,0.00032581656117258717
178,40,no_need,fc,40970,0.00026409095744384103,-0.00025759073196240934,0.09496765709110264,-0.00025759073196240934
178,11,no_need,features,14723136,-0.1404274539504513,0.08441058145386648,0.5406619752856202,0.08441058145386648
178,11,no_need,classifier,18882560,-0.012694344100964372,0.004875279856378256,0.10767218998780557,0.004875279856378256
178,11,no_need,fc,40970,-0.009714450829051202,0.003852675450616516,0.08775551922405539,0.003852675450616516
178,24,no_support,features,14723136,0.003460651175780427,-0.011013812277582247,0.6979751433802736,-0.011013812277582247
178,24,no_support,classifier,18882560,0.00013344971932838234,-0.0019757575199719213,0.12439173059047474,-0.0019757575199719213
178,24,no_support,fc,40970,0.0011395014453228214,-0.00045739318397863826,0.10269549709430237,-0.00045739318397863826
178,87,no_need,features,14723136,-0.007355576039248746,-0.022181038939734776,0.5880326013012587,-0.022181038939734776
178,87,no_need,classifier,18882560,-0.0023670759628657834,-0.0016586226124672976,0.08263173364781999,-0.0016586226124672976
178,87,no_need,fc,40970,-0.0026411181925141136,-0.0005188042566715012,0.06764119192474569,-0.0005188042566715012
178,93,no_need,features,14723136,-0.026308517516270058,-0.01462419130169934,1.46402545251128,-0.01462419130169934
178,93,no_need,classifier,18882560,-0.008369096517071739,-0.0014122012300390452,0.1898356370120767,-0.0014122012300390452
178,93,no_need,fc,40970,-0.007810351838998031,-0.00026147304265577986,0.13545377669679282,-0.00026147304265577986
179,37,no_need,features,14723136,-0.03611627580077936,0.018958958172206053,1.1204597617486485,0.018958958172206053
179,37,no_need,classifier,18882560,-0.003371881297425716,0.0024155707069439813,0.17326502361052928,0.0024155707069439813
179,37,no_need,fc,40970,-0.0036700254886454786,0.0015863280577832484,0.161003667742522,0.0015863280577832484
179,16,no_need,features,14723136,-0.8045920271365503,0.3990184239285668,1.486794458380711,0.3990184239285668
179,16,no_need,classifier,18882560,-0.010346930825107847,0.0038068359076532943,0.15345360457986282,0.0038068359076532943
179,16,no_need,fc,40970,-0.0041720235894899815,0.0011726443685802224,0.09270188067345284,0.0011726443685802224
179,85,no_need,features,14723136,-0.013392869058492352,0.0018519897216471293,0.6159047574343408,0.0018519897216471293
179,85,no_need,classifier,18882560,-0.001205960177912857,0.0014104887495705043,0.09498952458443084,0.0014104887495705043
179,85,no_need,fc,40970,-0.00016244367361650802,0.0008449684446532046,0.07902920158076497,0.0008449684446532046
179,31,active,features,14723136,0.013437049885578034,0.01398881849784317,1.0134128527032613,0.01398881849784317
179,31,active,classifier,18882560,0.0011962973126173893,0.0012916440180106292,0.12334800187170214,0.0012916440180106292
179,31,active,fc,40970,0.0016151113686646568,0.0006395898190021398,0.08851558671584421,0.0006395898190021398
179,69,active,features,14723136,0.008451934935024497,0.012737922691655967,0.5653328242689288,0.012737922691655967
179,69,active,classifier,18882560,0.0003794800934713294,0.0019953331112674277,0.09336420314772885,0.0019953331112674277
179,69,active,fc,40970,0.0004033898421766935,0.0019863133356921026,0.07036032192335882,0.0019863133356921026
179,36,no_need,features,14723136,-0.00809358792046311,0.005194763071308728,1.455577859125871,0.005194763071308728
179,36,no_need,classifier,18882560,0.0010073789453599602,-0.00010657751482057165,0.2181625671415046,-0.00010657751482057165
179,36,no_need,fc,40970,0.0018893051037593978,-0.0002743591564922099,0.16184817072452803,-0.0002743591564922099
179,54,no_support,features,14723136,0.06765061828320285,-0.0251388542884996,1.245566465883463,-0.0251388542884996
179,54,no_support,classifier,18882560,0.005277513626651853,-0.0016395149800700892,0.15756740486673068,-0.0016395149800700892
179,54,no_support,fc,40970,0.0039238101126102265,-0.0007806154171703383,0.11491698300430686,-0.0007806154171703383
179,25,no_support,features,14723136,0.002463520020558718,-0.01716395973070206,0.5266806520688578,-0.01716395973070206
179,25,no_support,classifier,18882560,-0.000900730119610671,-0.0018137036414600516,0.0757109903954736,-0.0018137036414600516
179,25,no_support,fc,40970,-0.0006440148986257554,-0.0016904215517570265,0.06149311168436057,-0.0016904215517570265
179,32,no_support,features,14723136,0.026197691912244636,-0.020511091836755924,1.4933145553564797,-0.020511091836755924
179,32,no_support,classifier,18882560,0.0012176016339822127,-0.0015336913800183538,0.22779837343933648,-0.0015336913800183538
179,32,no_support,fc,40970,-0.00012896031330456026,-0.00048709423867876467,0.16802868353842496,-0.00048709423867876467
179,38,no_need,features,14723136,-0.02705235556540231,0.01316889897677953,0.9836149553702247,0.01316889897677953
179,38,no_need,classifier,18882560,-0.0031716082205548446,0.0011649951985077678,0.18313226933343307,0.0011649951985077678
179,38,no_need,fc,40970,-0.0014465393314821995,0.0004988041027900181,0.1364713706398252,0.0004988041027900181
180,80,no_support,features,14723136,0.012132871510516452,-0.011458458867586785,0.7801872011718093,-0.011458458867586785
180,80,no_support,classifier,18882560,0.001991957037830616,-0.002551692510223802,0.12279875870379744,-0.002551692510223802
180,80,no_support,fc,40970,0.0020410778906807536,-0.0013127586898917798,0.09185059520674899,-0.0013127586898917798
180,92,no_support,features,14723136,0.05043125324107223,-0.004002643593722155,5.22373511680908,-0.004002643593722155
180,92,no_support,classifier,18882560,0.003322750785628159,0.0022930823557771873,1.3911988795059287,0.0022930823557771873
180,92,no_support,fc,40970,-0.0045493341067412985,0.0013641416326208855,0.7418833965621724,0.0013641416326208855
180,61,active,features,14723136,0.021362892708083336,0.0009890171286315308,0.714272957164821,0.0009890171286315308
180,61,active,classifier,18882560,0.0054566765429626685,0.0014984411478735638,0.1292005841016642,0.0014984411478735638
180,61,active,fc,40970,0.0036648733912443276,0.0010498898236619425,0.09442817843724365,0.0010498898236619425
180,76,no_need,features,14723136,0.0003610521147194845,0.004097326516761868,0.6530819835991156,0.004097326516761868
180,76,no_need,classifier,18882560,-0.00046039639122419374,0.00010956096198810883,0.08879720230654362,0.00010956096198810883
180,76,no_need,fc,40970,-0.0004729471520477091,3.075438962696353e-05,0.06905055205085435,3.075438962696353e-05
180,19,no_support,features,14723136,0.013723816093988539,-0.0021249888018495255,0.49501493826996945,-0.0021249888018495255
180,19,no_support,classifier,18882560,0.0019390785729456184,0.0011594250967164044,0.08183043471869898,0.0011594250967164044
180,19,no_support,fc,40970,0.001553080505800608,0.000801163387222914,0.06658815549788497,0.000801163387222914
180,28,no_need,features,14723136,-0.029668438817594733,0.019317424676906114,0.8700811451415056,0.019317424676906114
180,28,no_need,classifier,18882560,-0.002972768855670438,-0.0018201953158722972,0.29784068180313683,-0.0018201953158722972
180,28,no_need,fc,40970,0.0014563546569661412,-0.0016017237176129129,0.22254555554643024,-0.0016017237176129129
180,7,no_need,features,14723136,-0.0010603105057427342,0.01484742652504778,0.9354762384378099,0.01484742652504778
180,7,no_need,classifier,18882560,-0.00039773765507788994,0.0011136632275565717,0.1216474673842223,0.0011136632275565717
180,7,no_need,fc,40970,0.0012009555121039739,0.0009883714769785001,0.0892316011885146,0.0009883714769785001
180,73,active,features,14723136,0.011732165356164614,0.0012177182029162736,0.48770186103574314,0.0012177182029162736
180,73,active,classifier,18882560,0.0011049885329157405,6.739978108072364e-06,0.07935723123285579,6.739978108072364e-06
180,73,active,fc,40970,0.001323899364706449,-0.00012323809858116874,0.062282543265021535,-0.00012323809858116874
180,67,no_need,features,14723136,-0.0007686419373182933,0.004298888933581324,0.7673636297509822,0.004298888933581324
180,67,no_need,classifier,18882560,0.00013628850510372104,-3.633499599686729e-05,0.10006488608765421,-3.633499599686729e-05
180,67,no_need,fc,40970,-0.00013706077197639388,-0.00016943412379077927,0.07735287726557505,-0.00016943412379077927
180,38,no_need,features,14723136,-0.1193205123304324,0.06676629921429367,1.0121958060173033,0.06676629921429367
180,38,no_need,classifier,18882560,-0.009957627887160925,0.0016376124779071688,0.16471570793327092,0.0016376124779071688
180,38,no_need,fc,40970,-0.006518848993437132,0.0007437770482283668,0.11342219559361548,0.0007437770482283668
181,78,active,features,14723136,0.001639598479449944,0.00126582784509921,0.7664336386821243,0.00126582784509921
181,78,active,classifier,18882560,0.0003470857424936469,0.0005295912983385165,0.13451307892785114,0.0005295912983385165
181,78,active,fc,40970,0.0007753327306545543,0.0005449611549011024,0.11498365957958423,0.0005449611549011024
181,26,no_need,features,14723136,-0.034701578610736306,0.023034367352149587,1.1532025518767806,0.023034367352149587
181,26,no_need,classifier,18882560,-0.003395055019609572,0.0017156908907054458,0.17587950198579086,0.0017156908907054458
181,26,no_need,fc,40970,-0.0016873398526513483,0.000886389888364647,0.12599476423853886,0.000886389888364647
181,35,active,features,14723136,0.0053483779360199435,0.004517781300943824,1.132729273224718,0.004517781300943824
181,35,active,classifier,18882560,0.0038458868373254518,-0.00030486097210769003,0.1670962747951893,-0.00030486097210769003
181,35,active,fc,40970,0.0019564372287277365,-0.00020113806544941326,0.13034442307786856,-0.00020113806544941326
181,44,active,features,14723136,0.02510694279693837,0.00010060974896930475,1.1575100268257492,0.00010060974896930475
181,44,active,classifier,18882560,0.00308226587549143,0.0001024410973400336,0.14688993243751206,0.0001024410973400336
181,44,active,fc,40970,0.0018282336895936169,0.00024885591147949526,0.12847249032677824,0.00024885591147949526
181,29,no_support,features,14723136,0.01975589953146084,-0.019723434668605933,0.7335975108822116,-0.019723434668605933
181,29,no_support,classifier,18882560,0.0034451965916559857,-0.0004065262417611848,0.16353464969081655,-0.0004065262417611848
181,29,no_support,fc,40970,0.003940294016501866,-0.00044064259600418154,0.12645052945403537,-0.00044064259600418154
181,85,no_support,features,14723136,0.028006929075672815,-0.01595355706058932,1.102788202857672,-0.01595355706058932
181,85,no_support,classifier,18882560,0.0034976148449459288,-0.0010536549469861711,0.13542375463027173,-0.0010536549469861711
181,85,no_support,fc,40970,0.003992080804891884,-0.0008843237119435798,0.10050788077280601,-0.0008843237119435798
181,64,no_need,features,14723136,-0.010062918638674034,-0.001161407554466365,1.3653857049033666,-0.001161407554466365
181,64,no_need,classifier,18882560,-0.0013532556879312096,-0.0016773722120433376,0.19857953012504675,-0.0016773722120433376
181,64,no_need,fc,40970,-0.002302394567323063,-0.0010168921980948653,0.15503272776486848,-0.0010168921980948653
181,66,no_support,features,14723136,0.010861689861073387,-0.003866992961008009,0.7399081347415316,-0.003866992961008009
181,66,no_support,classifier,18882560,0.0016256347437320073,0.00014119245362564925,0.09314017990259557,0.00014119245362564925
181,66,no_support,fc,40970,0.0017132677940026042,0.0002456004542636947,0.06845427822132079,0.0002456004542636947
181,97,no_need,features,14723136,-0.01186297964341776,0.010096147427693936,1.1410745880480264,0.010096147427693936
181,97,no_need,classifier,18882560,0.0007346346593521957,-0.0001578920071025891,0.1436148058994367,-0.0001578920071025891
181,97,no_need,fc,40970,0.00033686722986203677,0.00016662771497522044,0.0962668145487889,0.00016662771497522044
181,21,no_support,features,14723136,0.020670538106600134,-0.003741083406474388,1.8059718934079745,-0.003741083406474388
181,21,no_support,classifier,18882560,0.0024525722737962496,0.00030940883013386156,0.18212862478063013,0.00030940883013386156
181,21,no_support,fc,40970,0.0013087387160339858,4.658990405914665e-05,0.1269834105481038,4.658990405914665e-05
182,78,no_need,features,14723136,-0.33773184418703295,0.2595695561250295,0.9571346404657771,0.2595695561250295
182,78,no_need,classifier,18882560,-0.012482248218930181,0.0061127897936330555,0.17258019999646568,0.0061127897936330555
182,78,no_need,fc,40970,-0.008392630883463426,0.0035987048904644325,0.14442994585332733,0.0035987048904644325
182,73,active,features,14723136,0.028153096000949063,0.00871347131882061,0.49059694441008017,0.00871347131882061
182,73,active,classifier,18882560,0.00366176461352552,0.0012726404012255443,0.06941074025512418,0.0012726404012255443
182,73,active,fc,40970,0.0033131241634691833,0.0009511715211374394,0.05145541589585668,0.0009511715211374394
182,10,no_need,features,14723136,-0.0027130332674403235,-0.019541464436393596,1.1106582111598367,-0.019541464436393596
182,10,no_need,classifier,18882560,-0.0033090270858338044,-0.0019246330996338656,0.15907514571667752,-0.0019246330996338656
182,10,no_need,fc,40970,-0.0013130535962773138,-0.0014628069784521358,0.1268796355028735,-0.0014628069784521358
182,52,no_support,features,14723136,0.004438671134451511,-0.012173066847871894,1.3645342195888701,-0.012173066847871894
182,52,no_support,classifier,18882560,-0.0014165799209422403,1.8360719764132227e-05,0.1642568815340274,1.8360719764132227e-05
182,52,no_support,fc,40970,-0.00041094923722084786,0.0002703643278891832,0.11773932811733538,0.0002703643278891832
182,54,no_need,features,14723136,-0.030760524665623734,0.008934731580442445,1.4652629657609817,0.008934731580442445
182,54,no_need,classifier,18882560,-0.004471655455745349,0.0012918896219105136,0.17043059242351055,0.0012918896219105136
182,54,no_need,fc,40970,-0.005052778942626901,0.0014798233869441901,0.12774727799118477,0.0014798233869441901
182,24,no_need,features,14723136,-0.010540506896560942,-0.0007082734426759885,0.9784038027713726,-0.0007082734426759885
182,24,no_need,classifier,18882560,-0.004622409330067967,0.0005268972960834617,0.17619157466432667,0.0005268972960834617
182,24,no_need,fc,40970,-0.00398911800220958,0.0008575525471314904,0.1513899938837588,0.0008575525471314904
182,44,no_need,features,14723136,-0.8364694286340182,0.4508679233356361,1.3649685341100037,0.4508679233356361
182,44,no_need,classifier,18882560,-0.01627008713876421,0.006074567102132278,0.1741193136856258,0.006074567102132278
182,44,no_need,fc,40970,-0.009476109316892689,0.0032793561558719375,0.13722485034386164,0.0032793561558719375
182,70,active,features,14723136,0.046698078469205484,0.013873068619187023,0.8917476485898196,0.013873068619187023
182,70,active,classifier,18882560,0.006692971756365296,0.0015950509877029617,0.11969104957335036,0.0015950509877029617
182,70,active,fc,40970,0.005647725214657839,0.0015060068471939303,0.08944566907302798,0.0015060068471939303
182,99,active,features,14723136,0.044345270838107353,0.011346635658732396,0.9391952464904093,0.011346635658732396
182,99,active,classifier,18882560,0.012291176866710884,0.0017824690538361665,0.2237710668718345,0.0017824690538361665
182,99,active,fc,40970,0.00850885935506085,0.0019358310410098056,0.15443092274296347,0.0019358310410098056
182,90,no_support,features,14723136,0.04902502915214768,-0.021875326606741297,0.9012047511177088,-0.021875326606741297
182,90,no_support,classifier,18882560,0.013625416142531321,-0.005264363429887453,0.24232805199458893,-0.005264363429887453
182,90,no_support,fc,40970,0.011344389829901047,-0.004571671057419735,0.19547737415749364,-0.004571671057419735
183,96,active,features,14723136,0.025244716933372047,0.02467946092356499,0.9544574933834103,0.02467946092356499
183,96,active,classifier,18882560,0.00883944230963607,0.0019149005489680349,0.17982835743432343,0.0019149005489680349
183,96,active,fc,40970,0.007134736701118527,0.0009325656249075109,0.1430894358193643,0.0009325656249075109
183,38,active,features,14723136,0.0035498462336533976,0.011211443204794946,0.640441407269271,0.011211443204794946
183,38,active,classifier,18882560,0.003908671963472443,0.0030498355438339786,0.0953638145094604,0.0030498355438339786
183,38,active,fc,40970,0.002435918489936739,0.002858234014638583,0.06355977747715566,0.002858234014638583
183,1,no_support,features,14723136,0.01352472813891481,-0.0013132972652805108,1.2747107300638592,-0.0013132972652805108
183,1,no_support,classifier,18882560,0.0023676407554376055,1.0416882496144808e-05,0.1469357776478161,1.0416882496144808e-05
183,1,no_support,fc,40970,0.002013256053032819,0.000306300012198335,0.10132792826932509,0.000306300012198335
183,4,no_support,features,14723136,0.01637242430455288,-0.002841937381070636,0.8310456538193275,-0.002841937381070636
183,4,no_support,classifier,18882560,0.0008765068767502271,-0.0005880842988688073,0.16410655720338763,-0.0005880842988688073
183,4,no_support,fc,40970,0.001472578527227597,-0.0007982700471984572,0.13578210725466705,-0.0007982700471984572
183,36,active,features,14723136,0.02029311100496045,0.01563056707919941,0.7507992895186939,0.01563056707919941
183,36,active,classifier,18882560,0.006543078616232378,0.0028768454628789186,0.17518408078592082,0.0028768454628789186
183,36,active,fc,40970,0.005839219706103904,0.0015807102481630864,0.1408529588939574,0.0015807102481630864
183,19,no_need,features,14723136,2.0424707606991888e-05,0.006296968825566296,0.9237740937619484,0.006296968825566296
183,19,no_need,classifier,18882560,-0.00037587309529385493,0.0007361607366647149,0.09871702753318448,0.0007361607366647149
183,19,no_need,fc,40970,-0.0007950513063406106,0.00044875594448967604,0.07012218162869277,0.00044875594448967604
183,77,no_support,features,14723136,0.00505456068890453,-0.004204250346823812,1.2295216627642225,-0.004204250346823812
183,77,no_support,classifier,18882560,9.885068772064187e-05,-0.0005743707232852557,0.13846536255900935,-0.0005743707232852557
183,77,no_support,fc,40970,0.00036291002174948517,-0.0007421709146910871,0.09009309811736403,-0.0007421709146910871
183,52,no_need,features,14723136,-0.5047289398581825,0.2571217930741625,1.260252575078115,0.2571217930741625
183,52,no_need,classifier,18882560,-0.007177286387104687,0.0026840318436143207,0.14201952001907342,0.0026840318436143207
183,52,no_need,fc,40970,-0.0037851777888135985,0.0013468663100866252,0.10616699023556643,0.0013468663100866252
183,41,no_need,features,14723136,-0.008530253242689412,-0.004883857553469539,0.5403338991270733,-0.004883857553469539
183,41,no_need,classifier,18882560,-0.003907420014002128,0.0023862757893766684,0.09088727526795493,0.0023862757893766684
183,41,no_need,fc,40970,-0.0029489998159988318,0.0016085214974737028,0.06640366524193732,0.0016085214974737028
183,49,no_need,features,14723136,-0.016681674205031527,0.01872867748760143,1.2123319893634315,0.01872867748760143
183,49,no_need,classifier,18882560,-0.0027495443858924773,0.002219268857800216,0.21083519001354536,0.002219268857800216
183,49,no_need,fc,40970,-0.0028818195478379494,0.0022308678016997874,0.15904186026454822,0.0022308678016997874
184,87,no_support,features,14723136,0.011419111716151065,-0.009459005769862472,0.49466943848988343,-0.009459005769862472
184,87,no_support,classifier,18882560,0.00042109685790592266,-0.0001283968343983588,0.06761900337071633,-0.0001283968343983588
184,87,no_support,fc,40970,0.0005190118199607241,0.00026548098321654834,0.04892940139314718,0.00026548098321654834
184,55,no_need,features,14723136,-0.023608585045877817,0.0014465619203978264,1.9652219075650519,0.0014465619203978264
184,55,no_need,classifier,18882560,-0.0029033152393367345,2.084830363457968e-06,0.267941998379771,2.084830363457968e-06
184,55,no_need,fc,40970,-0.0031129519593378063,-0.00018097951414119962,0.20214266944455897,-0.00018097951414119962
184,49,no_need,features,14723136,-0.327539315169588,0.25130835977790866,0.7606587850914268,0.25130835977790866
184,49,no_need,classifier,18882560,-0.0050510284340816725,0.008746947902636748,0.10235825495866194,0.008746947902636748
184,49,no_need,fc,40970,-0.0014572579193554702,0.005716291518183425,0.07288016369346853,0.005716291518183425
184,7,no_support,features,14723136,0.02746377357537,-0.01998833771622799,0.4962213405270453,-0.01998833771622799
184,7,no_support,classifier,18882560,0.002804931069476879,-0.0019262992382209632,0.07829153694349737,-0.0019262992382209632
184,7,no_support,fc,40970,0.002459859497321304,-0.0010458906315307104,0.06334336074561266,-0.0010458906315307104
184,51,no_need,features,14723136,-0.008246263464386061,-0.005154703500267033,1.3783555313611393,-0.005154703500267033
184,51,no_need,classifier,18882560,0.0012946514256100272,-0.0016488826345266716,0.25824236200734735,-0.0016488826345266716
184,51,no_need,fc,40970,-0.0004465432875804254,-0.0011317963635519845,0.21937297540995165,-0.0011317963635519845
184,67,no_support,features,14723136,0.010438221133476588,-0.017928107011069727,1.5358426625867143,-0.017928107011069727
184,67,no_support,classifier,18882560,0.0010887158730383817,-0.0020546406706216658,0.14981876569903757,-0.0020546406706216658
184,67,no_support,fc,40970,0.0005631082328818593,-0.0012508961253843154,0.10254166298574513,-0.0012508961253843154
184,40,no_support,features,14723136,0.013839010204385715,-0.01775589922996801,1.007115017585458,-0.01775589922996801
184,40,no_support,classifier,18882560,0.0016163207461659113,-0.0017879411327612615,0.16289263936278522,-0.0017879411327612615
184,40,no_support,fc,40970,0.00036752181313204346,-0.000780610001356763,0.13180738477662182,-0.000780610001356763
184,21,no_need,features,14723136,-0.009111071155487593,-0.00458049623145218,0.7947531427426793,-0.00458049623145218
184,21,no_need,classifier,18882560,-0.001755486688750807,-0.001216395326480324,0.10368007466805332,-0.001216395326480324
184,21,no_need,fc,40970,-0.0016821027334117389,-0.0007036541310299071,0.074094337210027,-0.0007036541310299071
184,34,no_support,features,14723136,0.027838700758152868,-0.0032047276690345683,1.5248891936557754,-0.0032047276690345683
184,34,no_support,classifier,18882560,0.004081990517306622,-0.001428272128464414,0.22389187240334363,-0.001428272128464414
184,34,no_support,fc,40970,0.0011728478998520586,-0.0006520624285712984,0.18939244132450347,-0.0006520624285712984
184,0,active,features,14723136,0.04540556382586658,0.0034454577478797432,0.9140502810586866,0.0034454577478797432
184,0,active,classifier,18882560,0.00864291914695059,0.0006291921227159492,0.19766918108353942,0.0006291921227159492
184,0,active,fc,40970,0.004974048395524733,0.0010682937572710216,0.16381963935975935,0.0010682937572710216
185,74,active,features,14723136,0.03514518784196241,0.0010030607124171809,1.0144954828855592,0.0010030607124171809
185,74,active,classifier,18882560,0.008044575067287951,-0.00033153403381902535,0.23967638930793822,-0.00033153403381902535
185,74,active,fc,40970,0.005045566384069389,0.0005386598548113852,0.17227418558211655,0.0005386598548113852
185,63,no_need,features,14723136,-0.019681979457374155,0.0023708454279258717,1.7806832822240664,0.0023708454279258717
185,63,no_need,classifier,18882560,-0.001900730831380315,4.707267867587461e-05,0.21182798579966167,4.707267867587461e-05
185,63,no_need,fc,40970,-0.0008313163607454044,1.3425459059135392e-05,0.15060249386048913,1.3425459059135392e-05
185,39,no_need,features,14723136,-0.009923835873706823,0.01017345555563054,1.5626186744797836,0.01017345555563054
185,39,no_need,classifier,18882560,-0.0009310008828151695,0.001144673762723869,0.16630595007760254,0.001144673762723869
185,39,no_need,fc,40970,-9.063893412530888e-05,0.0006554342621711839,0.11175452867446421,0.0006554342621711839
185,14,no_support,features,14723136,0.036152026434379536,-0.02737443289256447,0.882384332909299,-0.02737443289256447
185,14,no_support,classifier,18882560,0.004999688508632971,-0.0030487939141039533,0.13933553531773168,-0.0030487939141039533
185,14,no_support,fc,40970,0.0037781123573950026,-0.00238723575239419,0.10776155742471946,-0.00238723575239419
185,96,active,features,14723136,0.026992622912146658,0.006047967634160045,0.7645277840299862,0.006047967634160045
185,96,active,classifier,18882560,0.005620866312710859,0.00045383355808326087,0.1762401208079023,0.00045383355808326087
185,96,active,fc,40970,0.004181439460808178,0.00020921940244988946,0.14123519031561613,0.00020921940244988946
185,82,no_need,features,14723136,-0.020522916404019043,0.00038056875620995356,1.1660505825849299,0.00038056875620995356
185,82,no_need,classifier,18882560,-0.002480138094369977,-0.00024339948325291516,0.15109276560244056,-0.00024339948325291516
185,82,no_need,fc,40970,-0.0017069403975256137,-0.0001161562290690199,0.12296594134575131,-0.0001161562290690199
185,21,no_need,features,14723136,-0.8086741925158663,0.39940235619030773,1.858546925744777,0.39940235619030773
185,21,no_need,classifier,18882560,-0.00827564219616761,0.0034627179338713177,0.16964073622805434,0.0034627179338713177
185,21,no_need,fc,40970,-0.0041946142409869935,0.0017145683610806373,0.11818652872150978,0.0017145683610806373
185,45,no_support,features,14723136,0.005295945004531788,0.0002560232339803292,0.46283898613232916,0.0002560232339803292
185,45,no_support,classifier,18882560,-6.876614320106e-05,-0.00038502011727814534,0.0762989353559707,-0.00038502011727814534
185,45,no_support,fc,40970,-0.0003658949676719203,-0.00025394893077645975,0.05569065622329074,-0.00025394893077645975
185,88,no_need,features,14723136,-0.016675241957123887,-0.01820331774574413,0.6406982742944821,-0.01820331774574413
185,88,no_need,classifier,18882560,-0.001908221793200937,-0.002811882361129392,0.07761752112994985,-0.002811882361129392
185,88,no_need,fc,40970,-0.001359085098556534,-0.0017604865488465293,0.05768354413578648,-0.0017604865488465293
185,13,no_need,features,14723136,-0.017230060384235912,-0.008883253843777084,1.4970773287153245,-0.008883253843777084
185,13,no_need,classifier,18882560,-0.0029502628945010656,-0.00045957121604089934,0.16258481946686895,-0.00045957121604089934
185,13,no_need,fc,40970,-0.0021410025965451496,-0.00036914355780481856,0.12174324024602391,-0.00036914355780481856
186,1,no_need,features,14723136,-0.034896008217870644,-0.0007036903982040599,1.3055479410394306,-0.0007036903982040599
186,1,no_need,classifier,18882560,-0.004647321074116917,0.00019133884686084457,0.13701642074361065,0.00019133884686084457
186,1,no_need,fc,40970,-0.0036214685260347323,0.00039782209978511673,0.09556097324421914,0.00039782209978511673
186,26,no_need,features,14723136,-0.017364013503240017,-0.008085147225678213,0.8742480297006766,-0.008085147225678213
186,26,no_need,classifier,18882560,-0.0027759667427744716,-0.0010930167583182993,0.11135356741241778,-0.0010930167583182993
186,26,no_need,fc,40970,-0.002294219880241144,-0.0003862004280108522,0.07763317943267545,-0.0003862004280108522
186,23,no_need,features,14723136,-0.03137394327310972,0.003523321121726042,0.7856459538605858,0.003523321121726042
186,23,no_need,classifier,18882560,-0.00993850100257987,0.00176789597833249,0.1852913008952912,0.00176789597833249
186,23,no_need,fc,40970,-0.007140237565181451,0.0014969931489758892,0.1394825669601332,0.0014969931489758892
186,59,no_need,features,14723136,-0.002174746647078507,0.011037836581515137,0.6532276840531847,0.011037836581515137
186,59,no_need,classifier,18882560,-0.0010426172237316678,0.0030232836174945987,0.08023766577213647,0.0030232836174945987
186,59,no_need,fc,40970,-0.0007431224580614071,0.002260244607896311,0.058895705235714434,0.002260244607896311
186,22,no_need,features,14723136,-0.006651549945743795,0.015274234367943507,0.5677939171072223,0.015274234367943507
186,22,no_need,classifier,18882560,-0.00039598617493652455,0.0016327207713402458,0.10525615207587193,0.0016327207713402458
186,22,no_need,fc,40970,-0.00020015614018120687,0.0011733765022654552,0.0781510166345325,0.0011733765022654552
186,57,active,features,14723136,0.01866406882821181,0.0036823143088184906,1.127190411142325,0.0036823143088184906
186,57,active,classifier,18882560,0.004420853905685362,0.0015680216304190253,0.22037253410976576,0.0015680216304190253
186,57,active,fc,40970,0.0022105440812083543,0.0013060975097687333,0.18723074579562113,0.0013060975097687333
186,27,no_need,features,14723136,-0.0028229223606874854,0.0003624809576834309,0.7210980239582678,0.0003624809576834309
186,27,no_need,classifier,18882560,-7.356299215288686e-05,-0.00039387328132534094,0.0757359677144852,-0.00039387328132534094
186,27,no_need,fc,40970,7.301687651306565e-05,-0.0007091994148140657,0.05346732993756976,-0.0007091994148140657
186,60,active,features,14723136,0.0016246933953212306,0.018328083044011123,0.5567032305915954,0.018328083044011123
186,60,active,classifier,18882560,0.00012890575942492433,0.006596241461011232,0.09677091514791593,0.006596241461011232
186,60,active,fc,40970,0.0007346351221713121,0.0051632737850013655,0.06824504004428116,0.0051632737850013655
186,18,no_need,features,14723136,-0.03512655211883953,0.008098413935414328,1.0924295797146952,0.008098413935414328
186,18,no_need,classifier,18882560,-0.007953972311952384,0.0007008543115389898,0.162537629506981,0.0007008543115389898
186,18,no_need,fc,40970,-0.006464105721533997,0.0004989447174779116,0.12900647962103073,0.0004989447174779116
186,69,no_need,features,14723136,-0.0021313514266552147,0.02484283784772856,0.4488455191315636,0.02484283784772856
186,69,no_need,classifier,18882560,-0.0007713799087696316,0.0038416432835219894,0.06593765568889237,0.0038416432835219894
186,69,no_need,fc,40970,-0.0013087507240925333,0.0031483854454563698,0.05404316368295562,0.0031483854454563698
187,34,no_support,features,14723136,0.024388551430483574,-0.004495602201888715,1.9565751466304984,-0.004495602201888715
187,34,no_support,classifier,18882560,0.00302304839306089,0.0002743114732162155,0.22193276163393597,0.0002743114732162155
187,34,no_support,fc,40970,0.0031806347651581746,0.0003345897928284103,0.1709255355187445,0.0003345897928284103
187,87,no_support,features,14723136,0.019841387542143707,-0.021877640616907,0.7726349831597841,-0.021877640616907
187,87,no_support,classifier,18882560,0.0039839265155023895,-0.0031345120748937916,0.08135024862759058,-0.0031345120748937916
187,87,no_support,fc,40970,0.003687902391902753,-0.0022076769591876655,0.061801212881202064,-0.0022076769591876655
187,43,no_need,features,14723136,-0.014999977356808358,0.010069531045832747,1.1158558267952592,0.010069531045832747
187,43,no_need,classifier,18882560,-0.0047947706575541815,0.0025498188238088915,0.18511703504938473,0.0025498188238088915
187,43,no_need,fc,40970,-0.003256261437854846,0.0013977371463624877,0.12917993878267342,0.0013977371463624877
187,64,active,features,14723136,0.04974801853720123,0.007283672135283581,1.5906389112603787,0.007283672135283581
187,64,active,classifier,18882560,0.005216930124788632,0.003893266337854584,0.18476015797527123,0.003893266337854584
187,64,active,fc,40970,0.0030931659966881853,0.0030793014338996727,0.12873292199242134,0.0030793014338996727
187,27,no_need,features,14723136,-0.12505808661686046,0.12185132955494282,0.8234785048176876,0.12185132955494282
187,27,no_need,classifier,18882560,-0.003947298164803215,0.003700549925724772,0.08066795156162616,0.003700549925724772
187,27,no_need,fc,40970,-0.0024996920519697596,0.002352475074985705,0.05750514904900878,0.002352475074985705
187,92,no_need,features,14723136,0.0034557051770889285,-0.003574034150865657,5.721248070866358,-0.003574034150865657
187,92,no_need,classifier,18882560,-0.010289623404787562,0.0008370629843170718,1.396703888343951,0.0008370629843170718
187,92,no_need,fc,40970,-0.008082972060947213,0.0009019387687203562,0.7677869309511116,0.0009019387687203562
187,78,no_need,features,14723136,-0.0298830197077109,-0.00338009920197635,2.1240320677463536,-0.00338009920197635
187,78,no_need,classifier,18882560,-0.013040730067586992,0.0012321059010673707,0.2654212870871706,0.0012321059010673707
187,78,no_need,fc,40970,-0.01261503653950058,0.0010961868911181227,0.1923341286714506,0.0010961868911181227
187,55,no_support,features,14723136,0.05955541197141656,-0.0011345139163765339,2.522561290010453,-0.0011345139163765339
187,55,no_support,classifier,18882560,0.004321191066992469,0.00010840915921050964,0.3158101702191021,0.00010840915921050964
187,55,no_support,fc,40970,0.002195037663113908,-0.00019429238045631791,0.20061174677783433,-0.00019429238045631791
187,68,no_need,features,14723136,-0.014260580974109871,-0.01670307104211588,0.460269394666454,-0.01670307104211588
187,68,no_need,classifier,18882560,-0.003673573133028185,-0.0023673341174799134,0.0669457342459264,-0.0023673341174799134
187,68,no_need,fc,40970,-0.0034013189979305025,-0.002096696102853457,0.05338495692259831,-0.002096696102853457
187,7,no_support,features,14723136,0.009435814500868389,-0.02203325928807942,0.6616578178229466,-0.02203325928807942
187,7,no_support,classifier,18882560,0.0023363759227095215,-0.002688029628075128,0.1001187904937613,-0.002688029628075128
187,7,no_support,fc,40970,0.002733366904067225,-0.0022947540137465694,0.07784638757899277,-0.0022947540137465694
188,67,no_support,features,14723136,0.010140481475382046,-0.0018809213997599272,1.0967024051400929,-0.0018809213997599272
188,67,no_support,classifier,18882560,0.0005761907485002382,0.00042828752373225143,0.14215238706979047,0.00042828752373225143
188,67,no_support,fc,40970,0.0009222644403052982,0.0002932232564489823,0.10127606160697471,0.0002932232564489823
188,20,no_support,features,14723136,0.03073686856376412,-0.004286656859221694,2.0853104252307815,-0.004286656859221694
188,20,no_support,classifier,18882560,0.0006163933724110393,0.0016158241187724798,0.365222071184851,0.0016158241187724798
188,20,no_support,fc,40970,0.0008314301485370379,0.0007456260723301966,0.23890929617696519,0.0007456260723301966
188,34,no_need,features,14723136,-0.7512428196886276,0.2501209013288701,1.877839162119077,0.2501209013288701
188,34,no_need,classifier,18882560,-0.01641541601748031,0.0038869855736720638,0.23131371123990768,0.0038869855736720638
188,34,no_need,fc,40970,-0.00947119074407965,0.002009701369843242,0.1804865090268,0.002009701369843242
188,69,no_need,features,14723136,-0.006118108058347005,0.0006295202790518317,0.366854432743066,0.0006295202790518317
188,69,no_need,classifier,18882560,-0.00016243270026450318,0.00020840344026851199,0.056369508045018224,0.00020840344026851199
188,69,no_need,fc,40970,0.0002157148728656466,0.0007671522055261448,0.04394730236015423,0.0007671522055261448
188,85,active,features,14723136,0.018395056650369668,0.007154311854385753,0.6431402820370787,0.007154311854385753
188,85,active,classifier,18882560,0.0037867008431931026,0.0017746714745499048,0.0878804576859436,0.0017746714745499048
188,85,active,fc,40970,0.0028659666577368625,0.0013933781647210708,0.06634182303616692,0.0013933781647210708
188,14,no_support,features,14723136,0.08201556907471286,-0.015252692873666263,1.2693657779522647,-0.015252692873666263
188,14,no_support,classifier,18882560,0.011328738979045738,-0.0016956810202373163,0.16780452632977655,-0.0016956810202373163
188,14,no_support,fc,40970,0.007206397534901043,-0.0007796666695867316,0.12553291182912615,-0.0007796666695867316
188,86,no_need,features,14723136,-0.05324841941573766,0.011793100189841255,2.101672903951616,0.011793100189841255
188,86,no_need,classifier,18882560,-0.004446133925512186,0.0009812701885039132,0.2780674042480741,0.0009812701885039132
188,86,no_need,fc,40970,-0.0015375025384400942,0.000333191508048003,0.20238705128254791,0.000333191508048003
188,81,no_support,features,14723136,0.005733691791121487,-0.019255462708983373,0.8656590339231816,-0.019255462708983373
188,81,no_support,classifier,18882560,0.0028156764317373018,-0.0045107810105946555,0.12703619743066433,-0.0045107810105946555
188,81,no_support,fc,40970,0.001267438226932427,-0.0021048154430900468,0.09287966870132425,-0.0021048154430900468
188,36,no_support,features,14723136,0.037132037419979724,-0.0024169208791633423,0.6650313514299473,-0.0024169208791633423
188,36,no_support,classifier,18882560,0.008518142240973248,0.0007884429659270609,0.13642111535464413,0.0007884429659270609
188,36,no_support,fc,40970,0.005570191709921346,0.0006664107595497626,0.11079398181346158,0.0006664107595497626
188,76,no_support,features,14723136,0.034569297004566124,-0.0033266060397050268,0.6735289744178836,-0.0033266060397050268
188,76,no_support,classifier,18882560,0.003985347756497504,0.000367518813618517,0.09302764020341725,0.000367518813618517
188,76,no_support,fc,40970,0.0031008165733510396,-7.698308445469593e-05,0.07232113995189254,-7.698308445469593e-05
189,57,no_support,features,14723136,0.0788683477829295,-0.02431722699421357,1.4253140652609193,-0.02431722699421357
189,57,no_support,classifier,18882560,0.016795692524283368,-0.0026244649428690536,0.2729850592342137,-0.0026244649428690536
189,57,no_support,fc,40970,0.011960672003624495,-0.0026827917117770994,0.22873462794099145,-0.0026827917117770994
189,7,no_support,features,14723136,0.06554410265863453,-0.037116705032062214,0.8217913921467592,-0.037116705032062214
189,7,no_support,classifier,18882560,0.006357560462220135,-0.002945527362953726,0.12683182228859335,-0.002945527362953726
189,7,no_support,fc,40970,0.005459665866510477,-0.0022257444752540323,0.10280677326308844,-0.0022257444752540323
189,53,no_need,features,14723136,-0.001522514082175519,-0.01732924780044698,1.1052082395032365,-0.01732924780044698
189,53,no_need,classifier,18882560,-8.871055501913361e-05,-0.0033597453557376866,0.19043573404208858,-0.0033597453557376866
189,53,no_need,fc,40970,-0.0014196487954905024,-0.0018433604836900486,0.1535948831376831,-0.0018433604836900486
189,49,no_support,features,14723136,0.016357629803245288,-0.017372141575165756,0.41166202652607764,-0.017372141575165756
189,49,no_support,classifier,18882560,0.0033220544773939764,-0.0018557048912271057,0.07076426097061787,-0.0018557048912271057
189,49,no_support,fc,40970,0.0033426098725612974,-0.000996851063973736,0.056017821054148355,-0.000996851063973736
189,74,no_need,features,14723136,-0.1253427031690677,0.021427090925328685,1.0121187567893668,0.021427090925328685
189,74,no_need,classifier,18882560,-0.026094513084899518,0.0011417539275839772,0.21911344215143305,0.0011417539275839772
189,74,no_need,fc,40970,-0.01868443466082681,0.001643133692596166,0.17059761175740948,0.001643133692596166
189,65,active,features,14723136,0.0034979262712226964,0.02150432013618797,1.014011941873043,0.02150432013618797
189,65,active,classifier,18882560,0.003429109794751639,0.003989644012563076,0.17897737235986189,0.003989644012563076
189,65,active,fc,40970,0.004741547312733019,0.002733450171945151,0.14068813516348638,0.002733450171945151
189,76,no_need,features,14723136,-0.28758095230301706,0.22963745847863493,0.9791062295226932,0.22963745847863493
189,76,no_need,classifier,18882560,-0.012217696963489288,0.008208726421798929,0.1311316785973843,0.008208726421798929
189,76,no_need,fc,40970,-0.008621932262030896,0.005201895801292267,0.10005018370404901,0.005201895801292267
189,29,no_need,features,14723136,-0.07083493306964783,-0.030317340424893757,0.6816875317280628,-0.030317340424893757
189,29,no_need,classifier,18882560,-0.016524365298209887,-0.002583047173857267,0.16756632187646592,-0.002583047173857267
189,29,no_need,fc,40970,-0.01388531790144043,9.716632393974578e-05,0.1404440412404959,9.716632393974578e-05
189,78,no_support,features,14723136,0.12389912631891775,-0.02856090655553345,1.8880349354314552,-0.02856090655553345
189,78,no_support,classifier,18882560,0.012840555672482878,-0.0006552987037480307,0.2778132648886148,-0.0006552987037480307
189,78,no_support,fc,40970,0.010304685536539182,-0.001013605572097731,0.2059886388168584,-0.001013605572097731
189,80,active,features,14723136,0.029173091540059204,0.015809643135057172,1.1070691302438904,0.015809643135057172
189,80,active,classifier,18882560,0.0048145270220629754,0.0030018341535651416,0.11881188318300726,0.0030018341535651416
189,80,active,fc,40970,0.003283814137830632,0.0018254609158248059,0.07971353589933859,0.0018254609158248059
190,71,no_support,features,14723136,0.031154562575423483,-0.005313032288704278,1.1186846129704064,-0.005313032288704278
190,71,no_support,classifier,18882560,0.005123666773442892,-0.000745787006330545,0.1846799905201978,-0.000745787006330545
190,71,no_support,fc,40970,0.0045538122049038066,-0.0012039111693411542,0.1377249253735876,-0.0012039111693411542
190,25,no_support,features,14723136,0.022462473771422964,-0.010688127806881553,1.5739415742782403,-0.010688127806881553
190,25,no_support,classifier,18882560,0.0028061671941941313,-0.0013267215397263499,0.13930508599327238,-0.0013267215397263499
190,25,no_support,fc,40970,0.002082665565467323,-0.001064693716216425,0.09456824720662001,-0.001064693716216425
190,7,no_need,features,14723136,-0.1127761944264023,0.1109530513454331,0.592757561278871,0.1109530513454331
190,7,no_need,classifier,18882560,-0.004982306502142819,0.0030259881052643323,0.10740544986220284,0.0030259881052643323
190,7,no_need,fc,40970,-0.003938110839953879,0.0018451791720508481,0.08752015654963946,0.0018451791720508481
190,77,no_support,features,14723136,0.009138096237819582,-0.008441772764328448,0.962435964568198,-0.008441772764328448
190,77,no_support,classifier,18882560,0.001435694658880493,-0.002102721936580565,0.1001703959022957,-0.002102721936580565
190,77,no_support,fc,40970,0.0010677819559532509,-0.0012062933210472693,0.06641981678567312,-0.0012062933210472693
190,39,no_support,features,14723136,0.021123316900807154,-0.004869142284249506,1.9442204020085083,-0.004869142284249506
190,39,no_support,classifier,18882560,0.002868772449573953,-0.0009018977535788508,0.20094136442173155,-0.0009018977535788508
190,39,no_support,fc,40970,0.00273120018755435,-0.0005075226549706713,0.13683928198825981,-0.0005075226549706713
190,51,active,features,14723136,0.007026969520453008,0.001644277139920547,1.3199742826399583,0.001644277139920547
190,51,active,classifier,18882560,0.002676020210628849,-0.00025083213867560517,0.19391704655169387,-0.00025083213867560517
190,51,active,fc,40970,0.0029869879144825973,0.00028839218657594756,0.1540905971857843,0.00028839218657594756
190,87,no_support,features,14723136,0.003425189309409049,-0.004906085373141522,0.9192059036201816,-0.004906085373141522
190,87,no_support,classifier,18882560,0.0007606838232163682,-1.7690825856675474e-05,0.14992361323001244,-1.7690825856675474e-05
190,87,no_support,fc,40970,0.0010704015594455996,-0.00031336855931840546,0.1137305231874884,-0.00031336855931840546
190,5,no_need,features,14723136,-0.013228939866934297,0.006058077052838229,1.337798527416165,0.006058077052838229
190,5,no_need,classifier,18882560,-0.002342051961022662,0.0008807748500885282,0.175984371443167,0.0008807748500885282
190,5,no_need,fc,40970,-0.0022487768228529603,0.0006388428546415525,0.11421514028619494,0.0006388428546415525
190,45,no_support,features,14723136,0.005292855124846341,-0.012478657034257878,0.5683414556886828,-0.012478657034257878
190,45,no_support,classifier,18882560,0.0003675796261859432,-0.0014185695553123878,0.0822803038322111,-0.0014185695553123878
190,45,no_support,fc,40970,-2.4222515094152186e-05,-0.0007430517139255244,0.0586279855365341,-0.0007430517139255244
190,11,no_need,features,14723136,-0.00666848661462538,-0.05672127588201192,0.30849653562497314,-0.05672127588201192
190,11,no_need,classifier,18882560,-0.0011019120059927445,-0.01051332198039745,0.05258180005924354,-0.01051332198039745
190,11,no_need,fc,40970,-0.0011928865274057898,-0.007760513806715608,0.042915503263178875,-0.007760513806715608
191,60,no_support,features,14723136,0.03293130285572232,-0.00838063661631594,0.8348377363503247,-0.00838063661631594
191,60,no_support,classifier,18882560,0.007172883829298371,-0.00037243640062456507,0.12269243106379094,-0.00037243640062456507
191,60,no_support,fc,40970,0.004760941248605377,-0.0002133503551249305,0.08408795986126542,-0.0002133503551249305
191,21,active,features,14723136,0.005052060486148591,0.014531020513501858,0.48671986487073243,0.014531020513501858
191,21,active,classifier,18882560,0.00032365759422248175,0.0007079216857164283,0.058197279408877714,0.0007079216857164283
191,21,active,fc,40970,-6.497735330412979e-05,0.0007432003214944416,0.04490613678389649,0.0007432003214944416
191,34,no_need,features,14723136,-0.010010676222744763,0.014061252785495526,0.7161460020353952,0.014061252785495526
191,34,no_need,classifier,18882560,-0.0016676163550073397,0.0015648992377919058,0.11410937135302694,0.0015648992377919058
191,34,no_need,fc,40970,-0.0018673319700610591,0.0015328434346884023,0.10041418475170925,0.0015328434346884023
191,0,active,features,14723136,0.0658911613765838,0.011743694513683067,1.1510333958498233,0.011743694513683067
191,0,active,classifier,18882560,0.009638739898946369,0.002882201512420579,0.16869404427368048,0.002882201512420579
191,0,active,fc,40970,0.007872736183344387,0.002061999857687624,0.13179523203308335,0.002061999857687624
191,98,no_need,features,14723136,-0.03597378837780241,0.021997492058343227,0.8766189551401169,0.021997492058343227
191,98,no_need,classifier,18882560,-0.003503860891896693,0.0008626009015983982,0.1459008178408443,0.0008626009015983982
191,98,no_need,fc,40970,-0.0022432987843785668,0.00020489909729803912,0.11298110968467383,0.00020489909729803912
191,92,no_support,features,14723136,0.0727278225073178,-0.0013963138662163033,5.5633548121875975,-0.0013963138662163033
191,92,no_support,classifier,18882560,0.012309803697462485,-0.0016104251753290555,1.298557313224545,-0.0016104251753290555
191,92,no_support,fc,40970,0.006283576840360183,-0.0006719889568103099,0.704419531663472,-0.0006719889568103099
191,44,no_need,features,14723136,-0.026742744920149164,0.012402409240603873,0.6693961132823926,0.012402409240603873
191,44,no_need,classifier,18882560,-0.0029445054499319667,0.00021925338289108254,0.08973881533939507,0.00021925338289108254
191,44,no_need,fc,40970,-0.0026945479912683368,-0.00044991537697569584,0.07364812535778842,-0.00044991537697569584
191,65,no_support,features,14723136,0.16600506329362474,-0.041869008353472736,1.426466365202129,-0.041869008353472736
191,65,no_support,classifier,18882560,0.018962221818583203,-0.0032177719051560416,0.24471846833426145,-0.0032177719051560416
191,65,no_support,fc,40970,0.013025272339291405,-0.0020027075688631157,0.1816107333747334,-0.0020027075688631157
191,66,no_need,features,14723136,-0.003402593599986403,-0.0198708831266714,0.5361211102476517,-0.0198708831266714
191,66,no_need,classifier,18882560,-0.0005819072933093139,-0.0023505213906673816,0.08197577249998704,-0.0023505213906673816
191,66,no_need,fc,40970,-0.0002482209843037708,-0.0014780787741983659,0.06491819315758536,-0.0014780787741983659
191,3,no_support,features,14723136,0.034434997648418175,-0.008518626636437432,1.656909041876251,-0.008518626636437432
191,3,no_support,classifier,18882560,0.004617944493020332,-0.000341492436703561,0.2055614898300358,-0.000341492436703561
191,3,no_support,fc,40970,0.004026422266178997,-0.0004378538042146829,0.14865019403871002,-0.0004378538042146829
192,36,no_need,features,14723136,-0.012163723499682533,0.006187815092115301,0.7752703057244704,0.006187815092115301
192,36,no_need,classifier,18882560,0.0022061236029458087,0.0007450614392610078,0.13177745210170505,0.0007450614392610078
192,36,no_need,fc,40970,0.0018590096588013694,0.00028288518706176546,0.0996886695510648,0.00028288518706176546
192,59,no_need,features,14723136,-0.010198017299828166,-0.005035288328404164,1.2628481150592787,-0.005035288328404164
192,59,no_need,classifier,18882560,-0.0023937095022574795,5.525000099737554e-05,0.1265942451784129,5.525000099737554e-05
192,59,no_need,fc,40970,-0.00233174657660129,0.00027229491286107077,0.09104875255926329,0.00027229491286107077
192,66,no_need,features,14723136,-0.12759513108966303,0.13261630830811555,0.7097733901341157,0.13261630830811555
192,66,no_need,classifier,18882560,-0.004873927864764482,0.006229833019006037,0.09367741418343815,0.006229833019006037
192,66,no_need,fc,40970,-0.003689976785608451,0.0043784487825178076,0.0719964549651809,0.0043784487825178076
192,20,no_support,features,14723136,0.03682673470208897,-0.002967782761146509,1.0708460163363356,-0.002967782761146509
192,20,no_support,classifier,18882560,0.007128478117920167,0.0012068080069411735,0.1814328292738177,0.0012068080069411735
192,20,no_support,fc,40970,0.005024292400776176,6.917981727383449e-05,0.13427516846086912,6.917981727383449e-05
192,0,no_need,features,14723136,-0.25544317546018647,0.15972368064319653,0.9824160779241025,0.15972368064319653
192,0,no_need,classifier,18882560,-0.013571568111728993,0.006252363828252783,0.1969352307067423,0.006252363828252783
192,0,no_need,fc,40970,-0.009077644179342315,0.004195287066977471,0.17174155075422118,0.004195287066977471
192,16,no_need,features,14723136,-0.025517066848863124,0.0011695900017727467,0.33767791044638507,0.0011695900017727467
192,16,no_need,classifier,18882560,-0.006287191399678704,-0.0012301670217311766,0.06308591213075355,-0.0012301670217311766
192,16,no_need,fc,40970,-0.0046479264747176785,-6.838652416263358e-05,0.04963497522216995,-6.838652416263358e-05
192,86,no_support,features,14723136,0.004290793127886161,-0.0009004922679487493,0.7936105180528799,-0.0009004922679487493
192,86,no_support,classifier,18882560,0.0011738133046037547,-0.0005805329348902433,0.13881968556624594,-0.0005805329348902433
192,86,no_support,fc,40970,0.0021213526706560515,-0.0005783347276064887,0.12271568334671107,-0.0005783347276064887
192,71,no_support,features,14723136,0.13992043193351833,-0.04208365653248336,1.4328040411938407,-0.04208365653248336
192,71,no_support,classifier,18882560,0.022080997836383176,-0.005663123484282551,0.21929710558202373,-0.005663123484282551
192,71,no_support,fc,40970,0.016626592689135578,-0.003822740098257782,0.16566025116771257,-0.003822740098257782
192,90,active,features,14723136,0.003165907393139378,0.031247319560492315,1.0007509637933414,0.031247319560492315
192,90,active,classifier,18882560,0.0014779719140278758,0.006979632431466598,0.23409281515006006,0.006979632431466598
192,90,active,fc,40970,-0.00016453957596240798,0.005076804061900475,0.18875363405422557,0.005076804061900475
192,56,no_need,features,14723136,-0.04407612109520187,0.019955598043864597,1.5360029341868573,0.019955598043864597
192,56,no_need,classifier,18882560,-0.007763531988985051,0.0018462964967511653,0.21971871879438964,0.0018462964967511653
192,56,no_need,fc,40970,-0.008246316654549446,0.0026452541478647618,0.18527380760865883,0.0026452541478647618
193,19,active,features,14723136,0.052375672744958024,0.015773310699401577,0.6128217613393558,0.015773310699401577
193,19,active,classifier,18882560,0.010056536014417361,0.002218178412022098,0.07877133767117607,0.002218178412022098
193,19,active,fc,40970,0.006514849334052997,0.0023711230360277114,0.05689831697671133,0.0023711230360277114
193,22,no_need,features,14723136,-0.011937817740857781,0.0071581533415781,0.9762032400016962,0.0071581533415781
193,22,no_need,classifier,18882560,-0.002323007553968637,-8.387077438953838e-05,0.18023648308518234,-8.387077438953838e-05
193,22,no_need,fc,40970,-0.0010203557094428106,-0.0006756445695828006,0.1314170733846921,-0.0006756445695828006
193,51,no_need,features,14723136,-0.06467347990894723,0.01775677298500966,1.7154811420880658,0.01775677298500966
193,51,no_need,classifier,18882560,-0.009890234032354783,0.002983703053132558,0.24008356089219782,0.002983703053132558
193,51,no_need,fc,40970,-0.008456955194560578,0.0024695123802302987,0.18598406625502983,0.0024695123802302987
193,45,no_need,features,14723136,-0.04240702806313834,0.04748120469733408,0.7576551520365081,0.04748120469733408
193,45,no_need,classifier,18882560,-0.005709162791390554,0.006986616625908937,0.1177254132502694,0.006986616625908937
193,45,no_need,fc,40970,-0.0027282235087113804,0.004043084204568004,0.08920248334465238,0.004043084204568004
193,91,no_need,features,14723136,-0.05325209189582836,0.05505185990820394,1.0113437514404096,0.05505185990820394
193,91,no_need,classifier,18882560,-0.009242039335731533,0.008256320620148472,0.15195873317512995,0.008256320620148472
193,91,no_need,fc,40970,-0.008612067686044611,0.006602957017094013,0.11296055813829244,0.006602957017094013
193,26,no_need,features,14723136,-0.015175024257871428,0.012263208522142577,0.8538549625970938,0.012263208522142577
193,26,no_need,classifier,18882560,-0.0014565053453452492,-0.0011336192635553743,0.10419804337570206,-0.0011336192635553743
193,26,no_need,fc,40970,-0.0016266092807200039,-0.0011050545117541333,0.07163972747915803,-0.0011050545117541333
193,14,active,features,14723136,0.00837206109406452,0.006815263989088827,1.0235648868120883,0.006815263989088827
193,14,active,classifier,18882560,-0.003964991135035234,-0.0007284516675838404,0.15942912205113988,-0.0007284516675838404
193,14,active,fc,40970,-0.004351596729975427,-0.0007955953910823155,0.12023330609603308,-0.0007955953910823155
193,83,no_support,features,14723136,0.0022808297980567716,-0.0004204283344009241,1.0427002764912687,-0.0004204283344009241
193,83,no_support,classifier,18882560,-0.00037732355011144136,-0.0003155013176794341,0.15085231480393566,-0.0003155013176794341
193,83,no_support,fc,40970,0.0003934978049073834,-0.0007004868966760114,0.11926901671476234,-0.0007004868966760114
193,15,active,features,14723136,0.021152911636164617,0.040853472380746325,0.38387302932933853,0.040853472380746325
193,15,active,classifier,18882560,0.005265450712840902,0.009099396099372825,0.0588852433249266,0.009099396099372825
193,15,active,fc,40970,0.004196627660348895,0.006506851826998172,0.04473611897221429,0.006506851826998172
193,67,no_need,features,14723136,-0.03226839503780354,-0.0033994796355258927,0.9002687472526599,-0.0033994796355258927
193,67,no_need,classifier,18882560,-0.0046913871885863045,-0.0009392054917611858,0.12906716149401015,-0.0009392054917611858
193,67,no_need,fc,40970,-0.0048450070553371916,-0.0003451541010690562,0.1008238225822358,-0.0003451541010690562
194,62,no_need,features,14723136,-0.025629185148105194,-0.00706998498984035,0.7255732066578511,-0.00706998498984035
194,62,no_need,classifier,18882560,-0.0064461745200787846,-0.0001522446642070463,0.12060165705417651,-0.0001522446642070463
194,62,no_need,fc,40970,-0.004253053804859519,-0.0002950666003016522,0.08723781280628433,-0.0002950666003016522
194,14,no_need,features,14723136,-0.1520385022159303,0.12900251257696027,0.5308989786560011,0.12900251257696027
194,14,no_need,classifier,18882560,-0.004222704414587497,0.004777996538905427,0.08691974091263499,0.004777996538905427
194,14,no_need,fc,40970,-0.002227784450951731,0.0029700063932978082,0.06422684620149746,0.0029700063932978082
194,3,no_need,features,14723136,-0.0030109537607856396,0.010463131878024612,0.9672042790334474,0.010463131878024612
194,3,no_need,classifier,18882560,-0.002483337750618375,0.00048754190447652945,0.13129361652802207,0.00048754190447652945
194,3,no_need,fc,40970,-0.0018793726048897952,-0.00026067424710163323,0.09089845207934745,-0.00026067424710163323
194,92,no_support,features,14723136,0.03895634854785612,-0.010226747649468848,5.417537149271522,-0.010226747649468848
194,92,no_support,classifier,18882560,-0.013860389726687572,0.0003160166697995237,1.330519401218728,0.0003160166697995237
194,92,no_support,fc,40970,-0.004409458197187632,0.000618384524841531,0.7174183011153558,0.000618384524841531
194,78,active,features,14723136,0.0055686435889938934,0.002704887479694662,1.0791324481048437,0.002704887479694662
194,78,active,classifier,18882560,0.0022025260248028644,-0.0008890533077305918,0.20158579926361125,-0.0008890533077305918
194,78,active,fc,40970,0.0028898363543703454,-0.00036540773749038635,0.1723333928390753,-0.00036540773749038635
194,33,no_need,features,14723136,-0.005899326486805023,0.013299509390765962,1.1650187401926169,0.013299509390765962
194,33,no_need,classifier,18882560,-0.0015563780374350245,0.0026666860690056637,0.19340717339540267,0.0026666860690056637
194,33,no_need,fc,40970,-0.0019108256346953567,0.0022285260529315565,0.1460776550246244,0.0022285260529315565
194,89,no_need,features,14723136,-0.04843926922914932,0.04495725938770079,0.9713592441237962,0.04495725938770079
194,89,no_need,classifier,18882560,-0.007045318948257773,0.007000799548677605,0.19669813915671033,0.007000799548677605
194,89,no_need,fc,40970,-0.00442072738223942,0.004963844439771492,0.15579369868415083,0.004963844439771492
194,48,no_support,features,14723136,0.038577328449264314,-0.007550403391007876,1.0268557630668234,-0.007550403391007876
194,48,no_support,classifier,18882560,0.007275850316545984,-0.0004975010031103011,0.18250023999527482,-0.0004975010031103011
194,48,no_support,fc,40970,0.0061168325919425115,-0.0005016663419610268,0.15825069605970415,-0.0005016663419610268
194,70,active,features,14723136,0.01198264676266092,0.0018905514438820603,0.7443951160861904,0.0018905514438820603
194,70,active,classifier,18882560,0.000589078080508898,0.0009510146552429433,0.10523345072942443,0.0009510146552429433
194,70,active,fc,40970,-0.0007979861879903183,0.0008101420125967707,0.08151983070067481,0.0008101420125967707
194,31,no_support,features,14723136,0.0056976744725574235,-0.04123887176812957,0.6038000585114955,-0.04123887176812957
194,31,no_support,classifier,18882560,0.0002856327721474372,-0.00413742135378925,0.06950194394370295,-0.00413742135378925
194,31,no_support,fc,40970,-0.0001666914499764971,-0.002578362251369981,0.051806648312229,-0.002578362251369981
195,37,no_need,features,14723136,-0.018329617684628374,0.014981011720507809,0.8905213694388249,0.014981011720507809
195,37,no_need,classifier,18882560,-0.002888602308530608,0.0023189073464209287,0.15197752623194138,0.0023189073464209287
195,37,no_need,fc,40970,-0.0018742566116998205,0.0014321373691927874,0.13681536660235044,0.0014321373691927874
195,10,no_need,features,14723136,-0.0058820585494032684,-0.00013399630672950025,2.288357053377903,-0.00013399630672950025
195,10,no_need,classifier,18882560,-0.0014370732410498022,0.0005108836159024577,0.25803403737897895,0.0005108836159024577
195,10,no_need,fc,40970,-0.0005239178130977962,0.0002640318941757869,0.18832260355267186,0.0002640318941757869
195,88,no_support,features,14723136,0.0065405115238945655,-0.011038579663939174,0.9468828795024166,-0.011038579663939174
195,88,no_support,classifier,18882560,0.0003476836307569897,-0.0009838464560516513,0.10796677333215177,-0.0009838464560516513
195,88,no_support,fc,40970,-0.0001359275499908108,-0.0006137927875897731,0.07749279339028314,-0.0006137927875897731
195,63,no_support,features,14723136,0.005469356478613463,-0.006951366374345014,1.7624976610466558,-0.006951366374345014
195,63,no_support,classifier,18882560,-0.0025262437975470675,-0.00026736577008890094,0.211583351404388,-0.00026736577008890094
195,63,no_support,fc,40970,-0.0015893886047706474,-0.0002300204123457661,0.14021576365392666,-0.0002300204123457661
195,53,no_need,features,14723136,-0.003685509641087492,-0.0018713238488405892,0.9318234105873603,-0.0018713238488405892
195,53,no_need,classifier,18882560,-0.00286015685185248,-0.0003061859883644047,0.15181524321474968,-0.0003061859883644047
195,53,no_need,fc,40970,-0.0019325152570672799,-0.0004108171833649976,0.11418694213790459,-0.0004108171833649976
195,68,no_need,features,14723136,-0.005718064471885498,0.007314105437991714,0.5776333916007544,0.007314105437991714
195,68,no_need,classifier,18882560,-0.0009965106083882347,0.0015828903138981332,0.11293059858039335,0.0015828903138981332
195,68,no_need,fc,40970,-0.0006321771133457332,0.0009126461709456635,0.08382351143026148,0.0009126461709456635
195,2,no_support,features,14723136,0.025729213941730222,-0.0038046723663001103,1.027296214148229,-0.0038046723663001103
195,2,no_support,classifier,18882560,0.0027824937326386134,0.00020312356809881749,0.14021014973609713,0.00020312356809881749
195,2,no_support,fc,40970,0.0016304868913721293,0.0002874032397812698,0.10303828973103546,0.0002874032397812698
195,52,active,features,14723136,0.01757848744671975,0.006468185844468621,0.6520886086116667,0.006468185844468621
195,52,active,classifier,18882560,0.002795114646573893,0.0006653541119021611,0.09370926009722425,0.0006653541119021611
195,52,active,fc,40970,0.0019807537591987057,0.0005781186528110993,0.0710633675276558,0.0005781186528110993
195,26,no_support,features,14723136,0.02184378327693537,-0.003663161189297881,0.8329421446480773,-0.003663161189297881
195,26,no_support,classifier,18882560,0.0030362923748725734,-8.296955587638877e-05,0.11388695621443105,-8.296955587638877e-05
195,26,no_support,fc,40970,0.0018458024669598672,-5.469350315934207e-05,0.08165821593890843,-5.469350315934207e-05
195,59,no_need,features,14723136,-0.007363874130383863,-0.004014433291036568,0.8965930216709229,-0.004014433291036568
195,59,no_need,classifier,18882560,-0.0020106813972233795,0.001383967411697995,0.12800294217983374,0.001383967411697995
195,59,no_need,fc,40970,-0.001346235171695298,0.000913021066935471,0.09485622561869886,0.000913021066935471
196,59,no_need,features,14723136,-0.10078692493155472,0.08170705146270052,0.6224396068741129,0.08170705146270052
196,59,no_need,classifier,18882560,-0.004603371930897993,0.004129752551079946,0.08011439293136444,0.004129752551079946
196,59,no_need,fc,40970,-0.0031869486010691617,0.0029678948631044477,0.06304703634310886,0.0029678948631044477
196,71,active,features,14723136,0.04753786944385752,0.0008587184918766866,1.1408050204149762,0.0008587184918766866
196,71,active,classifier,18882560,0.007305376998374413,-0.0003520418775622147,0.21606731375016924,-0.0003520418775622147
196,71,active,fc,40970,0.005694309889804572,-0.000117044294711377,0.1689704594818764,-0.000117044294711377
196,85,no_need,features,14723136,-0.005106548950582378,-0.001973496265581076,0.9986571084053669,-0.001973496265581076
196,85,no_need,classifier,18882560,0.0004480867613665396,-0.0017189669576964661,0.12513443085665113,-0.0017189669576964661
196,85,no_need,fc,40970,0.00034312253819734906,-0.0007927089927761699,0.08673841354120698,-0.0007927089927761699
196,49,no_need,features,14723136,-0.02598532105739082,0.014995810415889821,0.743565366506602,0.014995810415889821
196,49,no_need,classifier,18882560,-0.004931439052825226,0.002932814876203338,0.12446146810680535,0.002932814876203338
196,49,no_need,fc,40970,-0.0033621778929955326,0.0019122193234579754,0.09449329347557556,0.0019122193234579754
196,20,no_support,features,14723136,0.047654563859197197,-0.012779999463504055,0.9468141065430421,-0.012779999463504055
196,20,no_support,classifier,18882560,0.011438723959145136,-0.0026444685674960056,0.2506234187780796,-0.0026444685674960056
196,20,no_support,fc,40970,0.0073884564262698404,-0.001753324600031192,0.20003374142848682,-0.001753324600031192
196,10,no_need,features,14723136,-0.6835399670305833,0.23114317043959076,1.3333497448836522,0.23114317043959076
196,10,no_need,classifier,18882560,-0.01243206856179313,0.0018389254348676332,0.15515522625888079,0.0018389254348676332
196,10,no_need,fc,40970,-0.007505172739911359,0.00020874726487818407,0.11509915020842314,0.00020874726487818407
196,3,no_need,features,14723136,-0.007630538718970569,-0.005768939895901326,0.7688985058698335,-0.005768939895901326
196,3,no_need,classifier,18882560,-0.0008687026013376453,-0.0012601330373058772,0.11104334031435621,-0.0012601330373058772
196,3,no_need,fc,40970,-0.0010498509063836536,-0.0009470927225265768,0.08166012961711924,-0.0009470927225265768
196,86,no_support,features,14723136,0.027272657478135898,-0.014615720329416604,1.0528966947486316,-0.014615720329416604
196,86,no_support,classifier,18882560,0.003569600825812813,-0.0018883797056332696,0.16830090153089547,-0.0018883797056332696
196,86,no_support,fc,40970,0.003582129331334727,-0.0014010150421199796,0.12857106134794147,-0.0014010150421199796
196,88,no_need,features,14723136,-0.1965439097338475,0.15053961675022265,0.8851029703054674,0.15053961675022265
196,88,no_need,classifier,18882560,-0.002118677052521889,0.0013665944020431198,0.09931231100586589,0.0013665944020431198
196,88,no_need,fc,40970,-0.0005011772655052482,0.000778377022584209,0.07086561482990886,0.000778377022584209
196,33,no_support,features,14723136,0.07656208114353547,-0.020568557659913722,2.175753189901097,-0.020568557659913722
196,33,no_support,classifier,18882560,0.003857234763017914,-0.0013009327910822321,0.2672135479300071,-0.0013009327910822321
196,33,no_support,fc,40970,0.0037604181434289785,-0.0005991909913518612,0.19395493354348292,-0.0005991909913518612
197,9,no_support,features,14723136,0.006976418547868234,-0.006793532380932277,0.6237572638515598,-0.006793532380932277
197,9,no_support,classifier,18882560,0.00019648125299909225,-0.00038385273794006025,0.10636083561066623,-0.00038385273794006025
197,9,no_support,fc,40970,-0.0009135437069289765,-0.0002040783770098642,0.07896790335829772,-0.0002040783770098642
197,0,active,features,14723136,0.013758738212494848,0.01456246892799129,0.8902246090665723,0.01456246892799129
197,0,active,classifier,18882560,0.0036240171370991447,0.0028201567886299017,0.14901964427203762,0.0028201567886299017
197,0,active,fc,40970,0.002547204479924403,0.002505911487787671,0.12507316057925566,0.002505911487787671
197,18,no_support,features,14723136,0.014857593134919966,-0.000927363859741348,1.1875293380647383,-0.000927363859741348
197,18,no_support,classifier,18882560,0.0015544401227884919,-0.0016597880552353672,0.13508190817396573,-0.0016597880552353672
197,18,no_support,fc,40970,0.002285922979353927,-0.0017260939412153675,0.10130020368157047,-0.0017260939412153675
197,66,no_need,features,14723136,-0.014198969572014164,0.02719783988769109,0.6872199796506858,0.02719783988769109
197,66,no_need,classifier,18882560,-0.0023915475544527,0.0031740641420583415,0.11163178746804729,0.0031740641420583415
197,66,no_need,fc,40970,-0.001391783176586614,0.0025389098773302976,0.08419691094100777,0.0025389098773302976
197,44,no_support,features,14723136,0.02893610098223931,-0.016393704265082576,1.2472371285089887,-0.016393704265082576
197,44,no_support,classifier,18882560,0.002601841780005998,-0.0012301420587164102,0.17214592788510447,-0.0012301420587164102
197,44,no_support,fc,40970,0.0008762629777265829,-0.0005554238477998297,0.13895968626397084,-0.0005554238477998297
197,17,active,features,14723136,0.025328560569406022,0.005823231750838431,1.0087339424660684,0.005823231750838431
197,17,active,classifier,18882560,0.006733447812621307,0.0012393947145028505,0.26936131088628534,0.0012393947145028505
197,17,active,fc,40970,0.004927603033138439,0.0008984559190139407,0.22042000853497642,0.0008984559190139407
197,92,active,features,14723136,0.03527810262198727,-0.0014772882603750759,4.506958849333918,-0.0014772882603750759
197,92,active,classifier,18882560,-0.009157603680250759,0.002505897407672819,1.3453849150153432,0.002505897407672819
197,92,active,fc,40970,-0.0036339771504572127,0.0005535794698516838,0.6930340558210865,0.0005535794698516838
197,95,no_support,features,14723136,0.04368108197907361,-0.004739140764026928,4.237633310869692,-0.004739140764026928
197,95,no_support,classifier,18882560,0.008346506128418696,-0.00015992588579649691,0.7419832190821103,-0.00015992588579649691
197,95,no_support,fc,40970,0.0038359124009730294,6.519690259665367e-05,0.48579353939736675,6.519690259665367e-05
197,64,no_need,features,14723136,-0.0442299740507508,0.01176577983920879,1.038828863997031,0.01176577983920879
197,64,no_need,classifier,18882560,-0.0079467180953543,0.0015761794694526543,0.15180559890420475,0.0015761794694526543
197,64,no_need,fc,40970,-0.006735040071362164,0.0011075483153035748,0.11583492925494987,0.0011075483153035748
197,96,no_need,features,14723136,-0.019735406537279232,-0.008540491785169024,0.7324276532950896,-0.008540491785169024
197,96,no_need,classifier,18882560,-0.004036682432797534,-0.0014698938923629612,0.1231910296594806,-0.0014698938923629612
197,96,no_need,fc,40970,-0.002652961460626102,-0.0011265589273534715,0.09657799334566076,-0.0011265589273534715
198,70,no_support,features,14723136,0.022250467822793496,-0.0009370383404778693,1.874336793471258,-0.0009370383404778693
198,70,no_support,classifier,18882560,0.005164393380709953,-0.001470710262992725,0.23674763240512348,-0.001470710262992725
198,70,no_support,fc,40970,0.0031537231134279864,-0.0008672583780935383,0.14622088668621183,-0.0008672583780935383
198,58,no_support,features,14723136,0.014096241530463516,-0.0008430968535222405,0.5674858342537606,-0.0008430968535222405
198,58,no_support,classifier,18882560,0.0031256762076736777,-0.0004761562309454348,0.08956807552683911,-0.0004761562309454348
198,58,no_support,fc,40970,0.0020392412807268556,-0.0002625044453452574,0.06770505134617015,-0.0002625044453452574
198,24,no_need,features,14723136,-0.030697854038976402,-0.011194885375459762,0.8598236983126742,-0.011194885375459762
198,24,no_need,classifier,18882560,-0.004133423362418398,-0.002668082420314022,0.13233926622864184,-0.002668082420314022
198,24,no_need,fc,40970,-0.0030264567540143616,-0.0021014504363847664,0.10794150593069936,-0.0021014504363847664
198,57,no_need,features,14723136,-0.019407591856364093,-0.01148169658461029,1.1205809938314006,-0.01148169658461029
198,57,no_need,classifier,18882560,-0.003965660813037175,-0.0018911308733322585,0.24199568189659168,-0.0018911308733322585
198,57,no_need,fc,40970,-0.002900806506659137,-0.0014738856211806706,0.20898171366351787,-0.0014738856211806706
198,32,active,features,14723136,0.021209612988684512,0.011608370598548134,0.6390641698451782,0.011608370598548134
198,32,active,classifier,18882560,0.003200054079570691,0.0007227956213000652,0.08601660734797355,0.0007227956213000652
198,32,active,fc,40970,0.0016488106957694981,0.0012191670612082817,0.05673239030998258,0.0012191670612082817
198,19,no_need,features,14723136,-0.0032768354902614765,0.009167265458358997,1.0030207194459781,0.009167265458358997
198,19,no_need,classifier,18882560,-0.0012332129819583315,0.002112629115231357,0.19066188107862275,0.002112629115231357
198,19,no_need,fc,40970,0.0001682480424278765,0.0004413823394315841,0.15294199848658668,0.0004413823394315841
198,43,no_support,features,14723136,0.011037804156941888,-0.007090039238860868,0.6906824209833121,-0.007090039238860868
198,43,no_support,classifier,18882560,0.0010792946428637151,-0.0015293834111389515,0.08239322350123036,-0.0015293834111389515
198,43,no_support,fc,40970,0.0006711845235258806,-0.0013652479856318678,0.05545304190405006,-0.0013652479856318678
198,65,active,features,14723136,0.017451447172433632,0.00490898968128306,1.2639870050537607,0.00490898968128306
198,65,active,classifier,18882560,0.002522457570194092,0.0009740802993860598,0.2286163711542091,0.0009740802993860598
198,65,active,fc,40970,0.0021533925009862287,0.0007500458559661638,0.17739557302557704,0.0007500458559661638
198,5,no_need,features,14723136,0.003234204927153428,-0.004739342868759877,2.5520347769443323,-0.004739342868759877
198,5,no_need,classifier,18882560,-0.00477666713823055,0.0012173911036370555,0.2515763663714832,0.0012173911036370555
198,5,no_need,fc,40970,-0.003829703859082656,0.0008581604770370177,0.164619887875106,0.0008581604770370177
198,88,no_need,features,14723136,-0.0016196666085495082,-0.010634493333441242,0.5831721163530332,-0.010634493333441242
198,88,no_need,classifier,18882560,-0.0009054788209255094,-0.0012261243236935115,0.08034736099102323,-0.0012261243236935115
198,88,no_need,fc,40970,-0.00046217233739298536,-0.0009000884506349394,0.0625496559435864,-0.0009000884506349394
199,61,no_need,features,14723136,-0.013147112978614928,0.0100512732730067,0.9684841587989393,0.0100512732730067
199,61,no_need,classifier,18882560,-0.007356110626460577,0.002027530550094525,0.1743233186812739,0.002027530550094525
199,61,no_need,fc,40970,-0.006181125496368622,0.0018565563032097998,0.13002594505200407,0.0018565563032097998
199,75,no_need,features,14723136,-0.0013542688082885945,0.0022547479805297144,0.24922511690990096,0.0022547479805297144
199,75,no_need,classifier,18882560,-0.00025660611735389693,0.0018916103074388957,0.04412979228062208,0.0018916103074388957
199,75,no_need,fc,40970,-9.906875499154921e-05,0.0022205935692909406,0.031012523580824857,0.0022205935692909406
199,68,no_support,features,14723136,0.010652929321251392,-0.017291310387669512,0.6611888699394687,-0.017291310387669512
199,68,no_support,classifier,18882560,0.0005793992603457809,-0.002476435293601753,0.09287093802627153,-0.002476435293601753
199,68,no_support,fc,40970,-0.0002201224333475693,-0.0022460296636381827,0.07172391769949386,-0.0022460296636381827
199,2,no_support,features,14723136,0.0022136536966215203,-0.007174568612960286,1.4733930796355146,-0.007174568612960286
199,2,no_support,classifier,18882560,-0.0008996511334089519,9.711818140090145e-05,0.15759428708695306,9.711818140090145e-05
199,2,no_support,fc,40970,-0.0010353970901633147,0.00013851883682036714,0.10254440660898217,0.00013851883682036714
199,6,no_support,features,14723136,0.012506944290401556,-0.00705025378088564,1.4806794939517143,-0.00705025378088564
199,6,no_support,classifier,18882560,-0.0016327997095970659,-0.0017435845174986753,0.23717576493180623,-0.0017435845174986753
199,6,no_support,fc,40970,-0.00523247558157891,-0.001580847322657064,0.18323197476979458,-0.001580847322657064
199,26,active,features,14723136,0.001956011243727574,0.015701678035849653,0.6211251757887486,0.015701678035849653
199,26,active,classifier,18882560,0.000653813835427286,0.0002496851284377044,0.09168182139016558,0.0002496851284377044
199,26,active,fc,40970,0.0005664602185788681,-0.0006264445446504396,0.06657083376797374,-0.0006264445446504396
199,1,no_support,features,14723136,0.014945208981487212,-0.018026193999567397,0.6178700416803794,-0.018026193999567397
199,1,no_support,classifier,18882560,0.0031436591850706463,-0.00045951440465330506,0.06909807256055399,-0.00045951440465330506
199,1,no_support,fc,40970,0.001648788585953298,0.00039811688930058153,0.0468030752967966,0.00039811688930058153
199,56,no_support,features,14723136,0.02832188661187729,-0.017052003191999177,1.4718653310033663,-0.017052003191999177
199,56,no_support,classifier,18882560,0.006883070477670117,-0.004730774090603518,0.21383907982607592,-0.004730774090603518
199,56,no_support,fc,40970,0.005734213147661649,-0.0038122010919323657,0.16129780128898377,-0.0038122010919323657
199,78,no_need,features,14723136,-0.021560339506962123,0.015623625136427677,1.071188461793788,0.015623625136427677
199,78,no_need,classifier,18882560,-0.004551497210741218,0.000681849964223602,0.18060504479560968,0.000681849964223602
199,78,no_need,fc,40970,-0.004984212755516637,0.0002751802426246286,0.14935554650173294,0.0002751802426246286
199,74,no_need,features,14723136,-0.008149786703420148,0.012577828949652314,0.7173500984044316,0.012577828949652314
199,74,no_need,classifier,18882560,0.0015524250243288407,0.0021806948107041535,0.14426152103695702,0.0021806948107041535
199,74,no_need,fc,40970,0.0028760724253515946,0.0021258286305965157,0.10778683109379247,0.0021258286305965157
200,8,active,features,14723136,0.012812451755848997,0.003673398732843225,3.282989340629078,0.003673398732843225
200,8,active,classifier,18882560,0.005542031952245452,-0.00016439480020835617,0.4399299629768787,-0.00016439480020835617
200,8,active,fc,40970,0.007564874162198976,-0.0006862134250695817,0.27898221976762966,-0.0006862134250695817
200,57,no_support,features,14723136,0.01738467878127281,-0.014224150140758951,1.229626403857291,-0.014224150140758951
200,57,no_support,classifier,18882560,-0.003997004135271709,-0.0011781087506506083,0.21052056020260254,-0.0011781087506506083
200,57,no_support,fc,40970,-0.005017626132030273,-0.0009688650934549514,0.1731387550231764,-0.0009688650934549514
200,22,no_need,features,14723136,-0.010470669437442126,0.0011209490662000832,1.1677997377382972,0.0011209490662000832
200,22,no_need,classifier,18882560,-0.0020972446468476846,-1.2174724133728887e-05,0.20507590621840013,-1.2174724133728887e-05
200,22,no_need,fc,40970,-0.00040329721468879143,-0.00032520359195586934,0.1431193493576783,-0.00032520359195586934
200,90,no_need,features,14723136,-0.014214746314607396,0.005856830734934704,0.9523291995176042,0.005856830734934704
200,90,no_need,classifier,18882560,-0.0021054314908042215,0.0018829930213541957,0.22679953224267804,0.0018829930213541957
200,90,no_need,fc,40970,-0.0013157574080651102,0.0018568740042610443,0.1727979025821416,0.0018568740042610443
200,46,no_support,features,14723136,0.014443382824808282,-0.030886747983061014,1.0080904846528276,-0.030886747983061014
200,46,no_support,classifier,18882560,0.0004560268923796684,-0.002560063416126468,0.1921138127490103,-0.002560063416126468
200,46,no_support,fc,40970,-0.00039507411156591843,-0.001748194594256347,0.15314126037852727,-0.001748194594256347
200,9,no_need,features,14723136,-0.007743200552759788,-0.0021136352804003167,0.5067760470819798,-0.0021136352804003167
200,9,no_need,classifier,18882560,-0.0016473280181799055,-0.000851328651606309,0.06882146141748724,-0.000851328651606309
200,9,no_need,fc,40970,-0.0013220704295235919,-0.0006620117001148174,0.049976246000713535,-0.0006620117001148174
200,56,no_need,features,14723136,-0.20406195377614722,0.08123158912951567,1.3489043591335579,0.08123158912951567
200,56,no_need,classifier,18882560,-0.007243486913921515,0.0010549122837915093,0.16467141224100987,0.0010549122837915093
200,56,no_need,fc,40970,-0.004171438900812063,0.0002800948743697518,0.12304429290324402,0.0002800948743697518
200,99,no_need,features,14723136,-0.004582284310092888,0.013718550861312906,0.7676010276927164,0.013718550861312906
200,99,no_need,classifier,18882560,0.0013263886581285078,0.0007173868847303311,0.2028443972651083,0.0007173868847303311
200,99,no_need,fc,40970,0.0012444374724509544,-0.0001112792208459723,0.15799325940735565,-0.0001112792208459723
200,89,no_need,features,14723136,-0.013581770166780416,0.005992992999608759,1.0550169692734837,0.005992992999608759
200,89,no_need,classifier,18882560,-0.0017654221821885585,0.0016610576180937642,0.22810319514764038,0.0016610576180937642
200,89,no_need,fc,40970,-0.0017399883217876777,0.0014595957818528404,0.19180761800539986,0.0014595957818528404
200,4,no_need,features,14723136,-0.013744392893102031,-0.013701285528107121,1.1798495762744936,-0.013701285528107121
200,4,no_need,classifier,18882560,-0.0024252533937669796,-0.0019083290569597011,0.1605046734075545,-0.0019083290569597011
200,4,no_need,fc,40970,-0.0027531038176675793,-0.0011898507641490141,0.1274115646367216,-0.0011898507641490141
201,83,no_need,features,14723136,-0.014059684354208457,-0.001803722552921272,0.9278941316534065,-0.001803722552921272
201,83,no_need,classifier,18882560,-0.001860511382005825,0.0026233484236399818,0.12861197823811757,0.0026233484236399818
201,83,no_need,fc,40970,-0.0014453701323873247,0.0023807903307897504,0.09506183780314947,0.0023807903307897504
201,41,no_need,features,14723136,-0.029657031888405072,0.0027301487163100546,0.6923719127629219,0.0027301487163100546
201,41,no_need,classifier,18882560,-0.005544397934045264,-0.001954504922423439,0.08538083446468787,-0.001954504922423439
201,41,no_need,fc,40970,-0.004322954671806656,-0.0007705409866503032,0.0622095728428848,-0.0007705409866503032
201,69,no_need,features,14723136,-0.026040170294507448,-0.0007878846853230925,0.6616587815255816,-0.0007878846853230925
201,69,no_need,classifier,18882560,-0.0065574817372180405,0.0008645706636798423,0.08853012067027079,0.0008645706636798423
201,69,no_need,fc,40970,-0.005593177127593663,0.0013154547159501817,0.07088466491755589,0.0013154547159501817
201,7,no_need,features,14723136,-0.03320809468124253,0.013133177818442476,0.6120241911612527,0.013133177818442476
201,7,no_need,classifier,18882560,-0.004924435944531069,0.0005546113304717437,0.09002540649848247,0.0005546113304717437
201,7,no_need,fc,40970,-0.004020541289719404,0.00041114038867817726,0.06672252363973655,0.00041114038867817726
201,63,active,features,14723136,0.018076227721479654,0.017351023023351786,0.7823456053521058,0.017351023023351786
201,63,active,classifier,18882560,0.004164693498751149,0.0009298887464979089,0.10560460393012715,0.0009298887464979089
201,63,active,fc,40970,0.0024318115392816253,4.829793545013672e-05,0.08061663065044984,4.829793545013672e-05
201,51,no_need,features,14723136,-0.01657846958863729,-0.00497533524637106,1.53648174499926,-0.00497533524637106
201,51,no_need,classifier,18882560,-0.004180986501069128,-0.0009214721603711951,0.1871219225115375,-0.0009214721603711951
201,51,no_need,fc,40970,-0.005187858063436579,-0.0003867767470637773,0.13928006421875505,-0.0003867767470637773
201,78,no_need,features,14723136,-0.012878446606350735,0.006327310343991144,0.828102879594808,0.006327310343991144
201,78,no_need,classifier,18882560,-0.005326018170308089,0.0031167649731287383,0.1573330547558717,0.0031167649731287383
201,78,no_need,fc,40970,-0.003412094712984981,0.0027809532366518397,0.1275069458571204,0.0027809532366518397
201,89,no_need,features,14723136,-0.5472829554259988,0.3083290528793441,1.1799874994561927,0.3083290528793441
201,89,no_need,classifier,18882560,-0.032184273510210915,0.004256285359360845,0.23284424626552117,0.004256285359360845
201,89,no_need,fc,40970,-0.022485195950139314,0.0014815753628454331,0.1885017882461671,0.0014815753628454331
201,43,no_support,features,14723136,0.03395035900359744,-0.01722698695604663,1.036781857133353,-0.01722698695604663
201,43,no_support,classifier,18882560,0.00915875344298911,-0.004399870224006008,0.14290501516442655,-0.004399870224006008
201,43,no_support,fc,40970,0.007460087417712202,-0.003822053062322084,0.09437908135000732,-0.003822053062322084
201,81,no_need,features,14723136,-0.027784705483043126,0.011177443673489051,1.1173463031865196,0.011177443673489051
201,81,no_need,classifier,18882560,-0.007229919476230862,0.002452763877727193,0.16421001663784446,0.002452763877727193
201,81,no_need,fc,40970,-0.0060125877607788425,0.001759604920152924,0.12233305457597843,0.001759604920152924
202,74,no_support,features,14723136,0.02014047395348939,-0.008946909786534007,0.8685451561566552,-0.008946909786534007
202,74,no_support,classifier,18882560,0.00019684694791521906,-0.0007326475811098021,0.22317336883151243,-0.0007326475811098021
202,74,no_support,fc,40970,0.0012146894368925132,-0.0009231402582372539,0.18250085748301004,-0.0009231402582372539
202,76,no_support,features,14723136,0.009197752685928151,0.00014727000666425738,0.40041308955977195,0.00014727000666425738
202,76,no_support,classifier,18882560,0.0022585474334846367,-0.0006312458334036819,0.05865099322892344,-0.0006312458334036819
202,76,no_support,fc,40970,0.0017616836730667274,-0.000777746528001444,0.045227769389569746,-0.000777746528001444
202,14,no_need,features,14723136,-0.008714579542878909,-0.0007948351445214996,0.3617472154247224,-0.0007948351445214996
202,14,no_need,classifier,18882560,-0.0007452832529395437,0.00021648953611475008,0.0773094435235795,0.00021648953611475008
202,14,no_need,fc,40970,-4.3938084672845434e-05,-0.0006696472200928838,0.06099288269217079,-0.0006696472200928838
202,98,no_support,features,14723136,0.025991027144179668,-0.007596238776784503,0.9528007837127942,-0.007596238776784503
202,98,no_support,classifier,18882560,0.0034601293932610133,-0.0030486158802887076,0.12879791717217795,-0.0030486158802887076
202,98,no_support,fc,40970,0.0034148825598094845,-0.002829125159223622,0.1028573511038727,-0.002829125159223622
202,73,no_need,features,14723136,-0.019698412109477204,0.01093891026189553,0.7363329595581244,0.01093891026189553
202,73,no_need,classifier,18882560,-0.0031514422073541937,0.0015243443065173778,0.09778437379161083,0.0015243443065173778
202,73,no_need,fc,40970,-0.0021858385644009104,0.0013044014403931214,0.07410426202668674,0.0013044014403931214
202,37,no_support,features,14723136,0.05973662389862966,-0.026060074148688273,0.8082934414372251,-0.026060074148688273
202,37,no_support,classifier,18882560,0.007526119946305698,-0.0021644344171818375,0.14081532205441172,-0.0021644344171818375
202,37,no_support,fc,40970,0.0063499006573692895,-0.0014607431839976925,0.12626287996860466,-0.0014607431839976925
202,94,no_support,features,14723136,0.026302640823026024,-0.01193156923647365,0.9216709735166686,-0.01193156923647365
202,94,no_support,classifier,18882560,0.0010686329786153692,-0.0004971417985757398,0.2133316658911933,-0.0004971417985757398
202,94,no_support,fc,40970,0.0011241268734920595,0.0003788648073168588,0.1567777645862215,0.0003788648073168588
202,68,no_support,features,14723136,0.05567781164515395,-0.009463210572661751,1.5787457826580853,-0.009463210572661751
202,68,no_support,classifier,18882560,0.007004885114838544,7.674905528176623e-05,0.17522557148431744,7.674905528176623e-05
202,68,no_support,fc,40970,0.0060667253674182575,-0.00032732703061810753,0.12474818562419411,-0.00032732703061810753
202,39,active,features,14723136,0.02218833270148224,0.006569838144145024,1.0508156137246218,0.006569838144145024
202,39,active,classifier,18882560,0.001723719476046881,-0.00026476051860413463,0.13013402652166028,-0.00026476051860413463
202,39,active,fc,40970,0.0010494726320757763,-9.495071094534069e-05,0.09752702927384135,-9.495071094534069e-05
202,11,no_need,features,14723136,-0.017004291465035237,0.012016050920255594,0.5388703754793873,0.012016050920255594
202,11,no_need,classifier,18882560,-0.003672530460107737,0.002122687277278601,0.06119813816107073,0.002122687277278601
202,11,no_need,fc,40970,-0.0030428048557951115,0.0021658057030435884,0.04784901195763956,0.0021658057030435884
203,38,no_need,features,14723136,-0.012441797958473444,-0.0008122643893138104,0.9423124397268146,-0.0008122643893138104
203,38,no_need,classifier,18882560,-0.0095647085240671,0.0037942363519505307,0.14984414697707632,0.0037942363519505307
203,38,no_need,fc,40970,-0.006360772895277478,0.0028451346479414497,0.10675124320258927,0.0028451346479414497
203,78,active,features,14723136,0.008629157505637863,0.004659653535355801,0.7092775597937137,0.004659653535355801
203,78,active,classifier,18882560,-0.0008879797444620863,0.002466024684281365,0.10903740473874743,0.002466024684281365
203,78,active,fc,40970,-0.0011598407227211283,0.0009173693420052587,0.08427216907744149,0.0009173693420052587
203,17,active,features,14723136,0.005264841707386835,0.003421531213358975,1.3693934165823365,0.003421531213358975
203,17,active,classifier,18882560,0.0032347078285965836,0.0012823172865736865,0.2701067806240392,0.0012823172865736865
203,17,active,fc,40970,0.0010568220168352127,0.0017003151933749905,0.20068791304619163,0.0017003151933749905
203,56,active,features,14723136,0.027344480876486443,0.00581529561913996,0.9275787136209012,0.00581529561913996
203,56,active,classifier,18882560,0.0020751094729121178,0.00025784893625768746,0.12393093358280483,0.00025784893625768746
203,56,active,fc,40970,0.0012001164795947261,-0.0009694140544524998,0.09314692130681797,-0.0009694140544524998
203,90,no_support,features,14723136,0.03341297657649278,-0.023117837785143536,0.7918835144910951,-0.023117837785143536
203,90,no_support,classifier,18882560,0.010010842089286598,-0.003338220698196892,0.18788108581281301,-0.003338220698196892
203,90,no_support,fc,40970,0.007833012419723673,-0.0024209891980717657,0.14038976739525358,-0.0024209891980717657
203,34,no_need,features,14723136,-0.057036419204195,0.019775824966870914,1.0561974286697355,0.019775824966870914
203,34,no_need,classifier,18882560,-0.010004300813307054,0.005093066052268114,0.18773751232035174,0.005093066052268114
203,34,no_need,fc,40970,-0.010803286866575945,0.005944076170635526,0.15815384394437887,0.005944076170635526
203,42,no_need,features,14723136,-0.01381635619393684,-0.017906535053135997,1.0786458772975382,-0.017906535053135997
203,42,no_need,classifier,18882560,-0.0023289498725489466,-0.004094588623956952,0.09331693825085974,-0.004094588623956952
203,42,no_need,fc,40970,-0.0021021910151830525,-0.003457260758295888,0.06107681287114297,-0.003457260758295888
203,0,no_need,features,14723136,-0.01659824112070396,0.008721097580647097,1.0076478542448408,0.008721097580647097
203,0,no_need,classifier,18882560,-0.0016771990486290633,0.0017145553022146487,0.14770245538650936,0.0017145553022146487
203,0,no_need,fc,40970,-0.0025714010562296608,0.0017941821461135987,0.12170596576270172,0.0017941821461135987
203,1,no_support,features,14723136,0.013882684693271585,-0.007114024916532458,1.3150140234141927,-0.007114024916532458
203,1,no_support,classifier,18882560,0.001782838951839949,-0.0004224505604497608,0.1494165195126669,-0.0004224505604497608
203,1,no_support,fc,40970,0.001176020053208049,-0.0005363855277664697,0.10558978332440308,-0.0005363855277664697
203,12,no_support,features,14723136,0.006200741065470083,-0.018289692499919852,0.7684832458479994,-0.018289692499919852
203,12,no_support,classifier,18882560,0.0006701472646568618,-0.0026144435410060396,0.09624620480130647,-0.0026144435410060396
203,12,no_support,fc,40970,-0.0005670884866049164,-0.0009883512093438185,0.06552131224851733,-0.0009883512093438185
204,45,no_need,features,14723136,-0.04430236749681171,0.045786180789036734,0.5055984647766003,0.045786180789036734
204,45,no_need,classifier,18882560,-0.009204438219967415,0.006856660455014207,0.11434205777685535,0.006856660455014207
204,45,no_need,fc,40970,-0.006572895505087217,0.004563119333397481,0.09156067114442201,0.004563119333397481
204,36,active,features,14723136,0.0675346456683883,0.007021924084796183,0.767995954631015,0.007021924084796183
204,36,active,classifier,18882560,0.01468123182803538,-0.002103705940214695,0.21046021796991551,-0.002103705940214695
204,36,active,fc,40970,0.010151918366318569,-0.002557794667154667,0.17300399028126698,-0.002557794667154667
204,95,no_support,features,14723136,0.018827857548899374,-0.003544425593325684,3.2364136927044465,-0.003544425593325684
204,95,no_support,classifier,18882560,-0.0006457674539888103,-0.001553409458722399,0.6414273000444806,-0.001553409458722399
204,95,no_support,fc,40970,-0.0003220562857677578,-0.00013917430169385625,0.426317330948897,-0.00013917430169385625
204,8,no_support,features,14723136,0.06399720114720253,-0.01945374616369122,3.332495481229423,-0.01945374616369122
204,8,no_support,classifier,18882560,0.005151769993972266,-0.001915325168738491,0.45438989686691933,-0.001915325168738491
204,8,no_support,fc,40970,0.002186137628086726,-0.0009809160201257328,0.2771720140710871,-0.0009809160201257328
204,99,no_support,features,14723136,0.010878026756749648,-0.033146711561620634,0.9296090077430146,-0.033146711561620634
204,99,no_support,classifier,18882560,-0.0006608658854929672,-0.007139977523365815,0.2146236403645948,-0.007139977523365815
204,99,no_support,fc,40970,-0.003482551857814542,-0.004177505021289107,0.14912066147712877,-0.004177505021289107
204,75,no_support,features,14723136,0.01362564677300071,-0.0220676174850567,1.1197563322744302,-0.0220676174850567
204,75,no_support,classifier,18882560,0.0019980761221631838,-0.0022233060378766822,0.12390193011612279,-0.0022233060378766822
204,75,no_support,fc,40970,0.0019236912376072723,-0.0017864144710983965,0.08677442265270163,-0.0017864144710983965
204,93,active,features,14723136,0.023167724605459128,0.0026670409664877326,1.0428520656051403,0.0026670409664877326
204,93,active,classifier,18882560,0.0010973326022849506,0.0007488078506412421,0.13936815553020676,0.0007488078506412421
204,93,active,fc,40970,-0.0006945152883872652,0.00024807936711113143,0.09632958684542209,0.00024807936711113143
204,4,active,features,14723136,0.025518321879985706,0.015115242931940998,0.7937760171985992,0.015115242931940998
204,4,active,classifier,18882560,0.004228768673783634,0.0019111560873170674,0.1222029005030132,0.0019111560873170674
204,4,active,fc,40970,0.0028915680704812985,0.0009899485100959282,0.09841058918983965,0.0009899485100959282
204,24,no_need,features,14723136,-0.0364659726206753,-0.020374803495109006,0.9177082028792917,-0.020374803495109006
204,24,no_need,classifier,18882560,-0.007790095492509863,-0.0031601047930962523,0.12057530854275265,-0.0031601047930962523
204,24,no_need,fc,40970,-0.004971424852556083,-0.0017983172601816477,0.09610452660300775,-0.0017983172601816477
204,58,no_support,features,14723136,0.05240692499002364,-0.03141610742788714,1.2606722171148388,-0.03141610742788714
204,58,no_support,classifier,18882560,0.006636631870605925,-0.003252723085552134,0.17766102099887732,-0.003252723085552134
204,58,no_support,fc,40970,0.0018373766870354302,-0.0007753050408609852,0.12547271019396777,-0.0007753050408609852
205,66,no_need,features,14723136,-0.0002980722965357785,-0.011980729392053746,0.45945697025588894,-0.011980729392053746
205,66,no_need,classifier,18882560,-2.9251481691972003e-05,-0.0011681892756314483,0.05998567340606023,-0.0011681892756314483
205,66,no_need,fc,40970,-3.8381452213798184e-05,-0.0012474213003770274,0.04710919189149417,-0.0012474213003770274
205,46,no_need,features,14723136,-0.05827539905271806,0.008120390862366378,0.8860236550944586,0.008120390862366378
205,46,no_need,classifier,18882560,-0.009198062630275672,0.00046833730561957054,0.17708378671793043,0.00046833730561957054
205,46,no_need,fc,40970,-0.005355182267521741,0.000924357136227627,0.1457881359914476,0.000924357136227627
205,89,no_need,features,14723136,-0.02462880561687797,-0.018728396888036514,0.7078394868972184,-0.018728396888036514
205,89,no_need,classifier,18882560,-0.003908549932702954,-0.003914498184713011,0.14608736901185193,-0.003914498184713011
205,89,no_need,fc,40970,-0.002614184062622371,-0.0023267522828973597,0.1117769051440439,-0.0023267522828973597
205,23,no_need,features,14723136,-0.03098345413006598,-0.009313768964709368,0.868000398564086,-0.009313768964709368
205,23,no_need,classifier,18882560,-0.006359890652674949,-8.167420678617532e-05,0.17885234901291838,-8.167420678617532e-05
205,23,no_need,fc,40970,-0.0026325454255129443,-7.044958169899473e-05,0.1323478828671756,-7.044958169899473e-05
205,4,no_need,features,14723136,-0.12918504689679366,0.08336485221070689,0.8980003545781234,0.08336485221070689
205,4,no_need,classifier,18882560,-0.008431227519395179,0.003458715779970589,0.14640811154343852,0.003458715779970589
205,4,no_need,fc,40970,-0.004415341463754885,0.0014474139384219598,0.11159883752429547,0.0014474139384219598
205,97,no_support,features,14723136,0.0022969173024876,-0.005312959268300332,0.6426021291263353,-0.005312959268300332
205,97,no_support,classifier,18882560,-9.977155910689817e-05,0.000757674512470885,0.08070965622867621,0.000757674512470885
205,97,no_support,fc,40970,-6.195184028001677e-05,0.0004542899334865069,0.05544718585273382,0.0004542899334865069
205,78,no_support,features,14723136,0.043102919209758284,-0.010627197244176045,1.3301103073847445,-0.010627197244176045
205,78,no_support,classifier,18882560,0.005114177171890333,-0.0006528721992822284,0.20034563819773132,-0.0006528721992822284
205,78,no_support,fc,40970,0.003009676071087597,-0.0005045343609708652,0.14727987722458105,-0.0005045343609708652
205,26,no_support,features,14723136,0.01756898143306529,-0.001699352976142876,0.7573906679471467,-0.001699352976142876
205,26,no_support,classifier,18882560,0.0034827694416890154,-0.0013455872760914644,0.10321872342435051,-0.0013455872760914644
205,26,no_support,fc,40970,0.00157675472109986,9.395406050316524e-05,0.07336112106340853,9.395406050316524e-05
205,79,active,features,14723136,0.02905235876920642,0.01101274093623772,1.4890037228310005,0.01101274093623772
205,79,active,classifier,18882560,0.008001709304153337,0.0027182522701423295,0.23259774874577718,0.0027182522701423295
205,79,active,fc,40970,0.004543371596810175,0.0011158832703586086,0.17342022430733578,0.0011158832703586086
205,52,no_support,features,14723136,0.02382298433661134,-0.003360933616394668,0.6812180348654465,-0.003360933616394668
205,52,no_support,classifier,18882560,0.004280754286355659,-0.00023832896579278895,0.11004648651846737,-0.00023832896579278895
205,52,no_support,fc,40970,0.001132100066570274,0.00012266575276953517,0.08791095729016837,0.00012266575276953517
206,71,no_need,features,14723136,-0.0444201693506443,0.004541625885657652,0.9715057153141621,0.004541625885657652
206,71,no_need,classifier,18882560,-0.0133612477029601,-0.0018275533871019434,0.1602302958280624,-0.0018275533871019434
206,71,no_need,fc,40970,-0.00999512747512199,-0.002223410690930905,0.12040566798977426,-0.002223410690930905
206,79,no_need,features,14723136,-0.78986163026741,0.3396097413914845,1.4880444997976432,0.3396097413914845
206,79,no_need,classifier,18882560,-0.023194569987026625,0.007036043658899871,0.2414561511870243,0.007036043658899871
206,79,no_need,fc,40970,-0.013751785445492715,0.003211489909517695,0.17617679806506603,0.003211489909517695
206,23,no_need,features,14723136,-0.3985992427263909,0.33121077712189617,0.7522052744628835,0.33121077712189617
206,23,no_need,classifier,18882560,-0.04158029737845936,0.023512391353506246,0.24619833567239377,0.023512391353506246
206,23,no_need,fc,40970,-0.028357728209812194,0.014109644835116342,0.19868580414525655,0.014109644835116342
206,7,active,features,14723136,0.019976558441577197,0.007865697622698065,0.8929875136583714,0.007865697622698065
206,7,active,classifier,18882560,0.0034106847094790282,-0.0005811707856082649,0.15606464244079538,-0.0005811707856082649
206,7,active,fc,40970,0.0036566514190781163,-0.0013394188681559172,0.11376447746968939,-0.0013394188681559172
206,97,no_need,features,14723136,-0.20073685923705398,0.2025310531732316,0.7053886246633125,0.2025310531732316
206,97,no_need,classifier,18882560,-0.008626002469100058,0.007479074132561436,0.10316897231229825,0.007479074132561436
206,97,no_need,fc,40970,-0.00463293809480092,0.0035887665871996433,0.07088135679676427,0.0035887665871996433
206,86,active,features,14723136,0.02702080861435263,0.012550679702783896,0.9246152433985712,0.012550679702783896
206,86,active,classifier,18882560,0.004098152874121297,-0.0005350661758427577,0.1245771069368589,-0.0005350661758427577
206,86,active,fc,40970,0.0021884247175876226,-0.0011177454307471635,0.096577283926215,-0.0011177454307471635
206,72,no_need,features,14723136,-0.04112956599469442,-0.005346279285213029,0.9111260374299915,-0.005346279285213029
206,72,no_need,classifier,18882560,-0.009477389825406135,0.0013026681575638577,0.12758953504792847,0.0013026681575638577
206,72,no_need,fc,40970,-0.0069883243304502685,0.0011514676607475849,0.08768595594754698,0.0011514676607475849
206,57,active,features,14723136,0.007277285456794402,0.004634557539191064,0.6738033721621317,0.004634557539191064
206,57,active,classifier,18882560,-0.0005494570776463092,0.0023570055122945632,0.1469457773077984,0.0023570055122945632
206,57,active,fc,40970,-0.0005166698229004396,0.0009676867880443751,0.12177534413158625,0.0009676867880443751
206,70,no_support,features,14723136,0.03832381362109771,-0.006937025219148296,1.446363774105846,-0.006937025219148296
206,70,no_support,classifier,18882560,0.003797978003831304,-0.00010807564706283301,0.22869872718389297,-0.00010807564706283301
206,70,no_support,fc,40970,0.003859561473291251,-0.00016164855969691416,0.1623032596522603,-0.00016164855969691416
206,64,no_need,features,14723136,-0.02112261462332299,0.01598780932025079,0.594757408556161,0.01598780932025079
206,64,no_need,classifier,18882560,-0.0016369400323128502,0.002318894433983587,0.08098025413716868,0.002318894433983587
206,64,no_need,fc,40970,-0.0009945810948011058,0.0010639366905706993,0.06205232396797461,0.0010639366905706993
207,55,no_need,features,14723136,-0.007761454106343991,-0.006093422317711372,2.516663671801598,-0.006093422317711372
207,55,no_need,classifier,18882560,-0.000535311570331487,-2.213743104562127e-05,0.36790012451194326,-2.213743104562127e-05
207,55,no_need,fc,40970,0.0018158401071559638,-0.0001572531959936896,0.2506426219305276,-0.0001572531959936896
207,14,no_support,features,14723136,0.038864743446936245,-0.028733578484974487,0.7600783064909731,-0.028733578484974487
207,14,no_support,classifier,18882560,0.002603954013920884,-0.00212312596920583,0.12496918151630604,-0.00212312596920583
207,14,no_support,fc,40970,0.002701404591789469,-0.00161709001622512,0.09481956234813864,-0.00161709001622512
207,21,no_support,features,14723136,0.0185720747430409,-0.014395608978077234,1.2115770393602665,-0.014395608978077234
207,21,no_support,classifier,18882560,-0.0007410929432580815,-0.0002561073823947879,0.15817430701049703,-0.0002561073823947879
207,21,no_support,fc,40970,-0.0004531282465904951,-0.00015391384295071475,0.10875853765250981,-0.00015391384295071475
207,43,no_need,features,14723136,-0.000684266222137353,-0.0023517934159080767,1.0601151263122042,-0.0023517934159080767
207,43,no_need,classifier,18882560,-0.0015063729063058418,0.0009156911811487589,0.20742084911372607,0.0009156911811487589
207,43,no_need,fc,40970,-0.0004863304170612537,0.000350213793126386,0.14740635095631496,0.000350213793126386
207,5,no_need,features,14723136,-0.004977596204568613,0.008301659105185877,1.9898361533681748,0.008301659105185877
207,5,no_need,classifier,18882560,0.0007216041112769744,0.0007723612461632001,0.22515013443057516,0.0007723612461632001
207,5,no_need,fc,40970,0.0012295734009057924,0.0005196652765562249,0.1419263525707603,0.0005196652765562249
207,30,no_need,features,14723136,-0.01766602033453779,0.008719443290175377,0.724434864461314,0.008719443290175377
207,30,no_need,classifier,18882560,-0.005686461019308808,0.00026745365232727636,0.2950323096189243,0.00026745365232727636
207,30,no_need,fc,40970,-0.007129393867217004,0.0022086544522608165,0.24130234073650206,0.0022086544522608165
207,35,no_support,features,14723136,0.035212091042964744,-0.005437889740981916,0.8210405574934171,-0.005437889740981916
207,35,no_support,classifier,18882560,0.0040725395065237535,-0.0003329863904397712,0.12633548998268446,-0.0003329863904397712
207,35,no_support,fc,40970,0.0026340409986005398,-0.0007485310820811719,0.09563338271889173,-0.0007485310820811719
207,15,no_need,features,14723136,0.001848168317970078,-0.004354207229972928,2.1034092049828654,-0.004354207229972928
207,15,no_need,classifier,18882560,-0.0005062986197117425,-0.0005793664500970408,0.22763268862592032,-0.0005793664500970408
207,15,no_need,fc,40970,-0.0027683542957674945,0.0005802540947570378,0.1452304354028607,0.0005802540947570378
207,28,no_need,features,14723136,-0.000571601209522044,-0.01101510590339494,0.7928191715718093,-0.01101510590339494
207,28,no_need,classifier,18882560,-0.0044844763843912006,-0.0009549323299893331,0.27077577147601234,-0.0009549323299893331
207,28,no_need,fc,40970,-0.005765775276813656,-0.001036596503581677,0.21148145766576973,-0.001036596503581677
207,34,active,features,14723136,0.010991041740197716,0.02619502253594419,0.9183686732492339,0.02619502253594419
207,34,active,classifier,18882560,0.004183056401870999,0.0048341563758640405,0.15046341873199717,0.0048341563758640405
207,34,active,fc,40970,0.002675271811312996,0.003857671737932833,0.11609750045198959,0.003857671737932833
208,54,no_support,features,14723136,0.016773324974721504,-0.004952256637615449,0.5580559097592893,-0.004952256637615449
208,54,no_support,classifier,18882560,0.001042150072066761,0.0008210172398506188,0.07198332014321189,0.0008210172398506188
208,54,no_support,fc,40970,0.001389305287375464,0.0013980158255435526,0.05656941485159871,0.0013980158255435526
208,51,no_support,features,14723136,0.03852845236826852,-0.0029790840657497597,1.0587112029150652,-0.0029790840657497597
208,51,no_support,classifier,18882560,0.0104910200334416,-0.003615912411987665,0.20844994211013027,-0.003615912411987665
208,51,no_support,fc,40970,0.007100181599525968,-0.0013053665816187277,0.1613644820619566,-0.0013053665816187277
208,22,no_support,features,14723136,0.025883913200935638,-0.008065264148125806,0.9058030021901952,-0.008065264148125806
208,22,no_support,classifier,18882560,0.006007603199122968,-0.0013833298864938115,0.16255691557761287,-0.0013833298864938115
208,22,no_support,fc,40970,0.0031339479392045178,-0.0006374175518431002,0.11173212553405393,-0.0006374175518431002
208,85,no_support,features,14723136,0.019995103142925075,-0.010571549229233312,0.5257457583321752,-0.010571549229233312
208,85,no_support,classifier,18882560,0.0030162958196342515,0.00046108971974945234,0.06374475818992226,0.00046108971974945234
208,85,no_support,fc,40970,0.0031374823538499186,0.0013278394562803442,0.04812003338483876,0.0013278394562803442
208,73,no_need,features,14723136,-0.0011439402151847133,0.022183318557914333,0.8067707098670442,0.022183318557914333
208,73,no_need,classifier,18882560,0.00022979844225545776,0.0011035723119334762,0.0926095570861463,0.0011035723119334762
208,73,no_need,fc,40970,-0.0020911732226522872,0.0007224225491881953,0.06718230214287857,0.0007224225491881953
208,90,no_need,features,14723136,-0.0756351274024496,0.025688124768933562,0.7859025095142547,0.025688124768933562
208,90,no_need,classifier,18882560,-0.03109018518443918,0.0063624034444274,0.23151979191615288,0.0063624034444274
208,90,no_need,fc,40970,-0.021254264502204023,0.00490697489840386,0.18566873095510675,0.00490697489840386
208,4,no_support,features,14723136,0.005366421094976204,-0.0006713052246709594,0.5431984770898248,-0.0006713052246709594
208,4,no_support,classifier,18882560,0.002928589988641761,-0.002092598074796115,0.09595670565288818,-0.002092598074796115
208,4,no_support,fc,40970,0.002670440557267284,-0.0003801091679633828,0.07484053107137609,-0.0003801091679633828
208,69,no_support,features,14723136,0.008130818417651398,-0.005610104651850634,0.5419373958409358,-0.005610104651850634
208,69,no_support,classifier,18882560,0.0005004562676305113,0.0009401791575598395,0.07298573055889093,0.0009401791575598395
208,69,no_support,fc,40970,-0.00025158743528663763,0.003037469045011676,0.05739628861295722,0.003037469045011676
208,75,no_support,features,14723136,0.009557634785991809,-0.01882208357923787,0.7508058521820413,-0.01882208357923787
208,75,no_support,classifier,18882560,0.002094564625849671,-0.0022944395608419654,0.10917535400571259,-0.0022944395608419654
208,75,no_support,fc,40970,0.002786185512377415,-0.0016891389150259783,0.07572613424723973,-0.0016891389150259783
208,6,no_need,features,14723136,-3.078139573631234e-05,-0.007846132307655296,3.3740839552966055,-0.007846132307655296
208,6,no_need,classifier,18882560,-0.00946729206270902,-0.0005581567747299232,0.4552477956201178,-0.0005581567747299232
208,6,no_need,fc,40970,-0.004641746832930949,-0.0014785298644710565,0.31837370881733107,-0.0014785298644710565
209,78,no_need,features,14723136,-0.004555975376101529,0.0015492378895949344,0.6436366979375476,0.0015492378895949344
209,78,no_need,classifier,18882560,-0.004045575139343782,0.0002385602766565853,0.12574974986701554,0.0002385602766565853
209,78,no_need,fc,40970,-0.003644405118393479,0.00021885293699597241,0.10135145329121567,0.00021885293699597241
209,98,no_support,features,14723136,0.013659609477329582,0.000982756761814585,0.9656428494724651,0.000982756761814585
209,98,no_support,classifier,18882560,0.001976258006379794,-0.0016668674543325324,0.14443397404534386,-0.0016668674543325324
209,98,no_support,fc,40970,0.001100208563002525,-0.0011019517078239005,0.10620867234085135,-0.0011019517078239005
209,48,active,features,14723136,0.010735586876638337,0.0021915393484590595,1.1287069586764908,0.0021915393484590595
209,48,active,classifier,18882560,0.0007930542782617067,-0.0002488463568965926,0.17364504135660494,-0.0002488463568965926
209,48,active,fc,40970,0.0015541780812782235,0.00025050282295069337,0.1478341505623327,0.00025050282295069337
209,28,no_support,features,14723136,0.052540382155882526,-0.006897440217493056,0.8343825315602452,-0.006897440217493056
209,28,no_support,classifier,18882560,0.0107092206226298,-0.0014095763125396843,0.32285271028491624,-0.0014095763125396843
209,28,no_support,fc,40970,0.006048603961971821,-0.0008684483477736649,0.2479875913309807,-0.0008684483477736649
209,76,no_support,features,14723136,0.014056298100598497,-0.010263630141546187,0.6647386007691561,-0.010263630141546187
209,76,no_support,classifier,18882560,0.0014816216673807503,-0.0012366094425715346,0.1041265755595065,-0.0012366094425715346
209,76,no_support,fc,40970,0.0009767724795892718,-0.0007382689600490266,0.08120782213428403,-0.0007382689600490266
209,96,no_need,features,14723136,-0.0008591392596173366,0.004698343798111182,0.8257624126944829,0.004698343798111182
209,96,no_need,classifier,18882560,0.0004114746541290515,-0.00044893951491431494,0.10564084732743445,-0.00044893951491431494
209,96,no_need,fc,40970,0.0002507039539523248,-0.0007825768416296341,0.07656665030423108,-0.0007825768416296341
209,97,no_support,features,14723136,0.0002716919467751211,-0.01844190849820393,0.6499202441378494,-0.01844190849820393
209,97,no_support,classifier,18882560,0.0008059979027734698,-0.0022183157798281172,0.08670391077985841,-0.0022183157798281172
209,97,no_support,fc,40970,0.00039062360974639887,-0.0014331529491755646,0.06081285489688493,-0.0014331529491755646
209,69,no_need,features,14723136,-0.06052115987412776,0.07758324344794687,0.500148847661086,0.07758324344794687
209,69,no_need,classifier,18882560,-0.001906584029370606,0.004386699195720212,0.07804426119723287,0.004386699195720212
209,69,no_need,fc,40970,-0.0007131092120289395,0.003388805220311042,0.06022906729572858,0.003388805220311042
209,66,no_need,features,14723136,-0.016621480962513147,0.018653353009121076,0.6839109518058527,0.018653353009121076
209,66,no_need,classifier,18882560,-0.0019240288788751059,0.0018187246165553006,0.10124793530191387,0.0018187246165553006
209,66,no_need,fc,40970,-0.0011327337751936284,0.000838593342450622,0.0742151805713829,0.000838593342450622
209,65,no_need,features,14723136,-0.007181913099973514,0.011741278656039356,0.9814235951507857,0.011741278656039356
209,65,no_need,classifier,18882560,0.0018586095777664013,-0.0005544034088984517,0.18682179928095866,-0.0005544034088984517
209,65,no_need,fc,40970,0.0007902433535491582,-0.00016195177386180148,0.14573011552214193,-0.00016195177386180148
210,52,no_need,features,14723136,-0.012026994187515072,-0.006900713520451518,0.7363771258370622,-0.006900713520451518
210,52,no_need,classifier,18882560,0.0009832888910068505,-0.002643577818389531,0.13959676128190002,-0.002643577818389531
210,52,no_need,fc,40970,-0.001737623691042245,-0.00040918983722804114,0.10637089471211716,-0.00040918983722804114
210,54,no_need,features,14723136,-0.00617315130981666,-0.005670502049053283,0.8264476934743819,-0.005670502049053283
210,54,no_need,classifier,18882560,-0.0023154668555207536,0.0003264581635846753,0.12086373327756898,0.0003264581635846753
210,54,no_need,fc,40970,-0.0017989203252000152,0.0003414267625885259,0.0949951676614841,0.0003414267625885259
210,70,no_support,features,14723136,0.020158341658749634,-0.009383758331090064,1.4254670203974236,-0.009383758331090064
210,70,no_support,classifier,18882560,0.0012109390046362023,-0.00020991027653849414,0.18654478630702911,-0.00020991027653849414
210,70,no_support,fc,40970,-0.0009786489490579697,0.0002698805436693874,0.12313913669523903,0.0002698805436693874
210,39,active,features,14723136,0.002574308576420492,0.020913733081997066,1.0481559501683824,0.020913733081997066
210,39,active,classifier,18882560,0.0008018748920335383,0.0031860654157753743,0.12225623104202091,0.0031860654157753743
210,39,active,fc,40970,0.0009109656657528831,0.002430196424938913,0.08784684468758572,0.002430196424938913
210,89,no_support,features,14723136,0.028683008836623003,-0.01066275262716232,0.7040940190302669,-0.01066275262716232
210,89,no_support,classifier,18882560,0.005441272240886974,-0.001919516822681544,0.16425753875560706,-0.001919516822681544
210,89,no_support,fc,40970,0.005768080853158608,-0.001152664677647408,0.13020468087090328,-0.001152664677647408
210,14,no_need,features,14723136,-0.014350924929999564,-0.0128915823950706,0.5415952656072016,-0.0128915823950706
210,14,no_need,classifier,18882560,-0.0019433286240655434,-0.001965049704381272,0.07773954375818637,-0.001965049704381272
210,14,no_need,fc,40970,-0.0006355518955842854,-0.0007841359444000773,0.05910648726039254,-0.0007841359444000773
210,77,no_support,features,14723136,-0.0007420738279222405,-0.013656973364334135,1.277032897263434,-0.013656973364334135
210,77,no_support,classifier,18882560,0.0010462730967901734,-0.0033595956347198808,0.1337166121896114,-0.0033595956347198808
210,77,no_support,fc,40970,0.0003339488330311724,-0.001563126417750027,0.09338242296664188,-0.001563126417750027
210,74,no_need,features,14723136,-0.039908423375596414,0.05558390236518562,0.8955267679340501,0.05558390236518562
210,74,no_need,classifier,18882560,-0.002362045869688245,0.006923933921825665,0.23205092800029142,0.006923933921825665
210,74,no_need,fc,40970,0.0017655645497143269,0.004447389370398014,0.17729057191208805,0.004447389370398014
210,15,no_need,features,14723136,-0.010278024224653848,-0.007613927591165748,1.015384036983423,-0.007613927591165748
210,15,no_need,classifier,18882560,-0.007378724704722117,-0.0007752790427275613,0.13416133839842403,-0.0007752790427275613
210,15,no_need,fc,40970,-0.004777609447046416,-0.0005356021365514607,0.09751716825805093,-0.0005356021365514607
210,88,no_need,features,14723136,-0.007623524537244464,-0.00180584520804139,0.667482367608514,-0.00180584520804139
210,88,no_need,classifier,18882560,-0.001356978092871941,0.0007627243173828901,0.08629620099984765,0.0007627243173828901
210,88,no_need,fc,40970,-6.527533787448192e-05,0.00018550328672972682,0.06297662724725621,0.00018550328672972682
211,58,no_need,features,14723136,-0.026931983242519664,0.008983348838491167,0.9397514675919284,0.008983348838491167
211,58,no_need,classifier,18882560,-0.0033707254062846914,0.0015514214311451724,0.15087622633192818,0.0015514214311451724
211,58,no_need,fc,40970,-0.0027499265925143845,0.0010241521058560465,0.11038396559242065,0.0010241521058560465
211,12,no_support,features,14723136,0.021875113674198587,-0.016527685726364538,0.758532977821709,-0.016527685726364538
211,12,no_support,classifier,18882560,0.0034483433155401144,-0.0021303087705746293,0.09703667438653527,-0.0021303087705746293
211,12,no_support,fc,40970,0.0028396575835358817,-0.0010394688897576998,0.06622448908302285,-0.0010394688897576998
211,87,no_need,features,14723136,-0.041967115140835176,0.03118549328782194,0.621242965193549,0.03118549328782194
211,87,no_need,classifier,18882560,-0.00448325862225829,0.0064600772984704236,0.09738870521880148,0.0064600772984704236
211,87,no_need,fc,40970,-0.0038874936726642773,0.004179535644652788,0.0757836049267949,0.004179535644652788
211,84,no_need,features,14723136,-0.03498483284128895,0.055957643295016624,0.6892599316192846,0.055957643295016624
211,84,no_need,classifier,18882560,-0.0023667185839713056,0.006005559196637478,0.1195168027586833,0.006005559196637478
211,84,no_need,fc,40970,-0.0017531654175400035,0.004221017794407089,0.08938415713463826,0.004221017794407089
211,91,no_need,features,14723136,-0.029824565273997905,-0.022025405383743646,1.2500997547301278,-0.022025405383743646
211,91,no_need,classifier,18882560,-0.008272646798104688,-0.0007236466892663884,0.19698278151939416,-0.0007236466892663884
211,91,no_need,fc,40970,-0.007551049093308393,5.245062129688449e-05,0.14240308795251214,5.245062129688449e-05
211,62,active,features,14723136,0.006813107699649379,0.0034684229011396894,0.683478937163684,0.0034684229011396894
211,62,active,classifier,18882560,-0.0018827248095476534,0.00021050517924692258,0.11989729550460934,0.00021050517924692258
211,62,active,fc,40970,-0.0015879937782301567,0.0005878311158085125,0.08395450737215228,0.0005878311158085125
211,82,no_need,features,14723136,-0.011362889349300076,-0.010170918134917883,1.98271445117423,-0.010170918134917883
211,82,no_need,classifier,18882560,-0.001008370706927053,-0.00028592743230149154,0.21792029105371039,-0.00028592743230149154
211,82,no_need,fc,40970,-0.0025140329853456933,4.349757364252582e-05,0.15695124200361876,4.349757364252582e-05
211,57,no_support,features,14723136,0.008985636319088997,-0.008850968343047327,0.6693823314250977,-0.008850968343047327
211,57,no_support,classifier,18882560,0.006241192570087151,-0.003775776630391192,0.15582564678254265,-0.003775776630391192
211,57,no_support,fc,40970,0.006714033072057646,-0.0028927523853781167,0.12663535348464103,-0.0028927523853781167
211,6,no_support,features,14723136,0.13721453457227994,-0.019829129062266304,3.2497511858940684,-0.019829129062266304
211,6,no_support,classifier,18882560,0.010609511008624395,-0.0003291431948753143,0.571398163555388,-0.0003291431948753143
211,6,no_support,fc,40970,0.011103995158919133,-0.00019542905192793114,0.4019532261483164,-0.00019542905192793114
211,21,active,features,14723136,0.015952366631015735,0.004788898357190874,0.7169258275660526,0.004788898357190874
211,21,active,classifier,18882560,0.0022049916376545298,0.0005954439722870575,0.0960991439782921,0.0005954439722870575
211,21,active,fc,40970,0.0016547693358006654,0.0002651918930496322,0.06855584902293918,0.0002651918930496322
212,59,no_need,features,14723136,-0.0018693292106561898,-0.012950371327875132,0.5141487183452679,-0.012950371327875132
212,59,no_need,classifier,18882560,-0.001152449135815914,-0.0026288735332400393,0.06292200714553657,-0.0026288735332400393
212,59,no_need,fc,40970,-0.0004809605343325529,-0.001964066084838123,0.04685761282455627,-0.001964066084838123
212,99,no_need,features,14723136,-0.0052445393994418055,-0.013048395578813654,0.9065811387090985,-0.013048395578813654
212,99,no_need,classifier,18882560,-0.003296419837852227,-0.0015526846063949051,0.2113294546676081,-0.0015526846063949051
212,99,no_need,fc,40970,-0.0026570374429866206,-0.0009190777482217527,0.13664781212759358,-0.0009190777482217527
212,54,no_need,features,14723136,-0.008923976224110675,0.009571046764936142,0.6133923739858874,0.009571046764936142
212,54,no_need,classifier,18882560,-2.7885548377071245e-05,0.0015418102262287903,0.08692830706779443,0.0015418102262287903
212,54,no_need,fc,40970,0.0004616076462298224,0.0009304912468905968,0.0693523883717126,0.0009304912468905968
212,55,no_need,features,14723136,-0.02259969132441597,0.00703214909032468,0.9771255440478508,0.00703214909032468
212,55,no_need,classifier,18882560,-0.007035242996607849,-0.00018325209862979364,0.16254733914616934,-0.00018325209862979364
212,55,no_need,fc,40970,-0.004521432001638459,-0.0005891160542432772,0.13478977378540316,-0.0005891160542432772
212,14,no_support,features,14723136,0.02945816081998487,-0.012550804534228632,0.4049655233966086,-0.012550804534228632
212,14,no_support,classifier,18882560,0.005101841917621641,-0.0026312882152979,0.07842247795645123,-0.0026312882152979
212,14,no_support,fc,40970,0.004094355073902989,-0.0023678862580709392,0.061937863774617644,-0.0023678862580709392
212,63,no_need,features,14723136,-0.011460962288794008,-0.0010025870934882164,2.026038367014783,-0.0010025870934882164
212,63,no_need,classifier,18882560,0.0003915041922795126,-0.0019789431594290363,0.2885437946669933,-0.0019789431594290363
212,63,no_need,fc,40970,0.000221015548959258,-0.0013068403122815653,0.19642932461158133,-0.0013068403122815653
212,7,no_need,features,14723136,-0.014489979083592175,0.03477776256720233,0.8468288726994818,0.03477776256720233
212,7,no_need,classifier,18882560,-0.0037479489221823314,0.007392124788566434,0.1442789613646001,0.007392124788566434
212,7,no_need,fc,40970,-0.0022905690975676407,0.004618857279638178,0.10662440585583903,0.004618857279638178
212,88,no_support,features,14723136,0.021600282116187586,-0.012017871732552976,0.8940100467778401,-0.012017871732552976
212,88,no_support,classifier,18882560,0.00292957334465882,-0.0013198816296835503,0.11784767692798108,-0.0013198816296835503
212,88,no_support,fc,40970,0.0029402593900158536,-0.0013575203320215223,0.08817833697438003,-0.0013575203320215223
212,91,no_need,features,14723136,-0.10354880549838086,0.0895543888883239,0.7834769655258556,0.0895543888883239
212,91,no_need,classifier,18882560,0.0020974947906324815,0.004270970727702661,0.10129372804245451,0.004270970727702661
212,91,no_need,fc,40970,0.0018273817167937523,0.0027637985040200874,0.0683458001578095,0.0027637985040200874
212,52,no_support,features,14723136,0.023342602129105217,-0.0022163471686376113,0.7541816736412078,-0.0022163471686376113
212,52,no_support,classifier,18882560,0.004130828722736624,-0.0008579931518397643,0.12515862099682654,-0.0008579931518397643
212,52,no_support,fc,40970,0.003931203700631158,-0.00067310870053916,0.09162155433747701,-0.00067310870053916
213,44,no_need,features,14723136,-0.009557579412813766,0.012466536482989454,0.7080323429883391,0.012466536482989454
213,44,no_need,classifier,18882560,-0.0027085472675025812,0.0019847054384172225,0.11312510652469025,0.0019847054384172225
213,44,no_need,fc,40970,-0.0035830357319355244,0.0008515462030800336,0.09353068678258472,0.0008515462030800336
213,73,no_need,features,14723136,-0.010140164264811347,-0.0005458116334597918,0.6785226892887994,-0.0005458116334597918
213,73,no_need,classifier,18882560,-0.0030000445215137006,0.0002691652979720516,0.10736392417462086,0.0002691652979720516
213,73,no_need,fc,40970,-0.0026282314420313924,0.00029953876401123125,0.06905559013765245,0.00029953876401123125
213,39,no_support,features,14723136,0.0077210234422828705,-0.010748410865115687,0.622535251613113,-0.010748410865115687
213,39,no_support,classifier,18882560,0.0007302376720303982,8.94181224566637e-05,0.07976128537425399,8.94181224566637e-05
213,39,no_support,fc,40970,0.00045439434074978635,0.00046856458129695966,0.05568030928159628,0.00046856458129695966
213,28,no_need,features,14723136,-0.010233126284958871,0.03341446851064234,0.7736725391673838,0.03341446851064234
213,28,no_need,classifier,18882560,0.0012924410726213864,0.009503650850092527,0.264966278677204,0.009503650850092527
213,28,no_need,fc,40970,0.0027278032812318997,0.0048322447855753126,0.18003064266428132,0.0048322447855753126
213,18,no_need,features,14723136,-0.023786871871010362,0.008345373011746204,0.7013824063348759,0.008345373011746204
213,18,no_need,classifier,18882560,-0.002830069121046108,-0.00033403268292886423,0.10965767590424753,-0.00033403268292886423
213,18,no_need,fc,40970,-0.00145153421226496,-0.00018107266032529878,0.08718188375935927,-0.00018107266032529878
213,92,no_support,features,14723136,0.11527478951512654,-0.011911145395281153,8.288258197125005,-0.011911145395281153
213,92,no_support,classifier,18882560,0.013625741604300856,-0.0024036222155245923,1.319584867286108,-0.0024036222155245923
213,92,no_support,fc,40970,0.0016520770041097421,-0.0006545930830270663,0.6914524612501154,-0.0006545930830270663
213,52,no_need,features,14723136,-0.4147821081069196,0.33304753542660137,1.0231027002259798,0.33304753542660137
213,52,no_need,classifier,18882560,-0.007787916424604191,0.004236293351823406,0.13293821439009906,0.004236293351823406
213,52,no_need,fc,40970,-0.005812425115436781,0.0023297258694583434,0.10496452350450217,0.0023297258694583434
213,79,no_support,features,14723136,0.017494450470138645,-0.01183640976674738,1.142579165074509,-0.01183640976674738
213,79,no_support,classifier,18882560,0.00038563509272648844,-0.00043113329022048674,0.17343340123091225,-0.00043113329022048674
213,79,no_support,fc,40970,-0.00045590928675665054,-0.0004894154089924996,0.12451784741754962,-0.0004894154089924996
213,54,no_need,features,14723136,-0.12504121000915802,0.1427798677589749,0.5975127559437569,0.1427798677589749
213,54,no_need,classifier,18882560,-0.004395292447270549,0.003933491783527643,0.08873758930939342,0.003933491783527643
213,54,no_need,fc,40970,-0.002530430413571594,0.002062810192910547,0.06772842891621293,0.002062810192910547
213,77,no_need,features,14723136,-0.003791254778668929,-0.005230354486631228,1.1170225177731357,-0.005230354486631228
213,77,no_need,classifier,18882560,-0.0012125035172516618,-0.0002169849153901282,0.11923225492328035,-0.0002169849153901282
213,77,no_need,fc,40970,-0.0009325998753411113,-0.0007341885304867901,0.07731488908668817,-0.0007341885304867901
214,59,active,features,14723136,0.0005758861502549457,0.008017200265630464,0.6576736436191651,0.008017200265630464
214,59,active,classifier,18882560,0.0009742258880578447,-1.9795143700207518e-05,0.08112043646631005,-1.9795143700207518e-05
214,59,active,fc,40970,0.0005818266299684183,7.114676782293827e-05,0.05877996932664124,7.114676782293827e-05
214,70,no_support,features,14723136,0.06048631708789287,-0.009521250052664243,2.0816992350825014,-0.009521250052664243
214,70,no_support,classifier,18882560,0.004978421937721578,-0.0005956443850436699,0.29621297466118063,-0.0005956443850436699
214,70,no_support,fc,40970,0.002224457693955628,-0.0002710181965994707,0.17378139625380126,-0.0002710181965994707
214,54,no_need,features,14723136,-0.04604978488175959,0.05965517666929543,0.4016696389731881,0.05965517666929543
214,54,no_need,classifier,18882560,-0.0014105217605333564,0.000818740557633646,0.06407058510455249,0.000818740557633646
214,54,no_need,fc,40970,-0.0008269030295195989,-0.00036095918221690226,0.051257549582437015,-0.00036095918221690226
214,27,active,features,14723136,0.004802057676704052,0.003231793900326352,0.3494107522238398,0.003231793900326352
214,27,active,classifier,18882560,-0.00025945264729898554,0.0004141623005011752,0.04794034466825713,0.0004141623005011752
214,27,active,fc,40970,-0.0002822860105879954,0.0006774952639716503,0.03419250100818586,0.0006774952639716503
214,89,no_support,features,14723136,0.016065619563924834,-0.009058132226588356,0.9578535518418335,-0.009058132226588356
214,89,no_support,classifier,18882560,0.0016737922017000528,-3.152715754595192e-05,0.22542288725466522,-3.152715754595192e-05
214,89,no_support,fc,40970,0.0007139898498280672,4.203042544759228e-05,0.1938374934667343,4.203042544759228e-05
214,21,active,features,14723136,0.0009438366525102997,0.0025246319462244315,0.7924029521843576,0.0025246319462244315
214,21,active,classifier,18882560,0.00043607688232327746,-0.00013686454043693175,0.09843380008227474,-0.00013686454043693175
214,21,active,fc,40970,0.0003716149499268795,-0.00015707299189671176,0.07038047701026849,-0.00015707299189671176
214,42,no_need,features,14723136,-0.0061770370787073165,-0.004021058473362871,1.607493059439714,-0.004021058473362871
214,42,no_need,classifier,18882560,-0.0008099132519419072,0.0001931083534714162,0.17331651835580184,0.0001931083534714162
214,42,no_need,fc,40970,-0.00021781043460578076,9.152215289986998e-05,0.1074440369487177,9.152215289986998e-05
214,25,no_need,features,14723136,-0.004509405852674674,0.002812702588265381,1.3682641284910455,0.002812702588265381
214,25,no_need,classifier,18882560,-0.0037538062758812885,0.0013960175008378428,0.153273826002201,0.0013960175008378428
214,25,no_need,fc,40970,-0.0038357580415322445,0.0012149730423516303,0.11350539355638632,0.0012149730423516303
214,60,no_need,features,14723136,-0.011146359767916891,0.008445416957997054,1.0683287874029734,0.008445416957997054
214,60,no_need,classifier,18882560,0.0005288527299001089,-0.00033179251707338153,0.1841105445184118,-0.00033179251707338153
214,60,no_need,fc,40970,0.00032355274834117154,-0.00022207480606084573,0.13342088350404607,-0.00022207480606084573
214,49,no_support,features,14723136,0.004146693735876283,-0.001774066913796446,0.5760057079718072,-0.001774066913796446
214,49,no_support,classifier,18882560,0.0004970642604575914,-0.00040130945751570835,0.09135283176778883,-0.00040130945751570835
214,49,no_support,fc,40970,0.0007737966643617256,0.00034225967510792543,0.07018343076848833,0.00034225967510792543
215,2,no_support,features,14723136,0.01236682725196303,-0.007333492340450221,0.6220913399044516,-0.007333492340450221
215,2,no_support,classifier,18882560,0.0015040085761484079,-0.001979441844014218,0.09031698149485952,-0.001979441844014218
215,2,no_support,fc,40970,0.0009230602790921694,-0.0015086254170455504,0.06740155738915846,-0.0015086254170455504
215,56,no_need,features,14723136,-0.012920879634492621,0.0033459616488542565,0.8792867180056125,0.0033459616488542565
215,56,no_need,classifier,18882560,-0.0021655017153534573,5.1603840926617295e-05,0.15027282902056083,5.1603840926617295e-05
215,56,no_need,fc,40970,-0.001855260896263644,0.00022206167568583624,0.11166733994629711,0.00022206167568583624
215,59,no_need,features,14723136,-0.13467690837666169,0.11558411600066165,0.8577191270505947,0.11558411600066165
215,59,no_need,classifier,18882560,-0.003634859570183835,0.0024103179346184334,0.10883379212667423,0.0024103179346184334
215,59,no_need,fc,40970,-0.001980857581656892,0.001313571725404472,0.08444123901822656,0.001313571725404472
215,80,no_need,features,14723136,-0.02322258405571631,0.0013846815820741654,3.1338865368330797,0.0013846815820741654
215,80,no_need,classifier,18882560,-0.004224448911827494,0.0002705547118395657,0.36210380591863406,0.0002705547118395657
215,80,no_need,fc,40970,-0.004827316690352745,0.000717059985618107,0.22998206380146213,0.000717059985618107
215,62,no_support,features,14723136,0.06929947965195993,-0.01368512318311943,1.7330025118975743,-0.01368512318311943
215,62,no_support,classifier,18882560,0.007655332704871398,-0.000944776833762262,0.2511662884221476,-0.000944776833762262
215,62,no_support,fc,40970,0.0037197856909187976,-0.0004619598203134956,0.168388368924502,-0.0004619598203134956
215,19,no_need,features,14723136,-0.015799235769137,-0.006289264998052602,0.8188693566340329,-0.006289264998052602
215,19,no_need,classifier,18882560,-0.004059622109707561,-0.0020428894365522865,0.1057594410650125,-0.0020428894365522865
215,19,no_need,fc,40970,-0.0026601580684655346,-0.001859538467215316,0.0764189838262951,-0.001859538467215316
215,42,no_need,features,14723136,-0.08620342666212721,0.04516285926223418,0.7822893910859522,0.04516285926223418
215,42,no_need,classifier,18882560,-0.0002579959291324485,0.0015418109915117384,0.09215873733561493,0.0015418109915117384
215,42,no_need,fc,40970,0.0003579120957510895,0.0007965647250784968,0.06857021384068368,0.0007965647250784968
215,33,no_support,features,14723136,0.009090189098767354,-0.0034010146925638196,1.3257628817841283,-0.0034010146925638196
215,33,no_support,classifier,18882560,0.0015270564271077092,-0.00018107547466428286,0.18897397589079287,-0.00018107547466428286
215,33,no_support,fc,40970,0.0012300985476940696,-7.856040565457079e-05,0.14972307251414965,-7.856040565457079e-05
215,72,no_need,features,14723136,-0.016683130578478256,0.016280286179991776,1.0111542029006177,0.016280286179991776
215,72,no_need,classifier,18882560,-0.0032875404351671023,0.003398506976736826,0.1132444777648132,0.003398506976736826
215,72,no_need,fc,40970,-0.002283765821630368,0.0020890256100756233,0.07764353449030527,0.0020890256100756233
215,35,no_support,features,14723136,0.016686961187730276,-0.00628507515865806,2.4214639799617346,-0.00628507515865806
215,35,no_support,classifier,18882560,0.00014623109373701482,0.0008094464743066965,0.3302240698060021,0.0008094464743066965
215,35,no_support,fc,40970,4.333655078880838e-05,0.0007877068692323519,0.20963486639506176,0.0007877068692323519
216,53,active,features,14723136,0.011652210759546477,0.00021407473022705403,0.8668846376698552,0.00021407473022705403
216,53,active,classifier,18882560,-0.0015404492739889974,-0.0003345069665101619,0.13959845250847197,-0.0003345069665101619
216,53,active,fc,40970,-0.0017203472489200067,0.0001444926176077388,0.10860733005579329,0.0001444926176077388
216,17,no_need,features,14723136,-0.016092364608198288,-0.0035636851202731634,1.3008249440880473,-0.0035636851202731634
216,17,no_need,classifier,18882560,-0.007716231609265378,0.0015379251669855876,0.251296177594686,0.0015379251669855876
216,17,no_need,fc,40970,-0.004293160298402654,0.0008567141485400498,0.17589231954043547,0.0008567141485400498
216,11,no_support,features,14723136,0.028343988736914127,-0.014821920161646851,2.2208851821704614,-0.014821920161646851
216,11,no_support,classifier,18882560,0.0016002419258711598,-0.0009830916606574647,0.22860965561437313,-0.0009830916606574647
216,11,no_support,fc,40970,0.000805670721547358,-0.0005635409470414743,0.14276577890089076,-0.0005635409470414743
216,78,no_support,features,14723136,0.017687311269398265,-0.012537997949358726,1.3008725429846006,-0.012537997949358726
216,78,no_support,classifier,18882560,0.00586411720041724,-0.002864880774041012,0.21957976860145345,-0.002864880774041012
216,78,no_support,fc,40970,0.004174242665612837,-0.0015203285029201652,0.17313725236973895,-0.0015203285029201652
216,66,no_need,features,14723136,-0.0014897419714436921,-0.01461555822749716,0.3584602724948245,-0.01461555822749716
216,66,no_need,classifier,18882560,-0.0010777236007015745,-0.002409989399211554,0.06703943225441475,-0.002409989399211554
216,66,no_need,fc,40970,-0.0007206506659258594,-0.0010254042513224704,0.05189796054779289,-0.0010254042513224704
216,39,no_need,features,14723136,-0.004086787565331207,-0.012410644618810807,0.46373806089411057,-0.012410644618810807
216,39,no_need,classifier,18882560,-0.00020401478931830752,-0.00189716653915184,0.053870104398162304,-0.00189716653915184
216,39,no_need,fc,40970,-8.471278715660446e-05,-0.0010707122160056315,0.03908220954910802,-0.0010707122160056315
216,94,no_support,features,14723136,0.01710693586782952,-0.003296721764881383,1.1211654862296152,-0.003296721764881383
216,94,no_support,classifier,18882560,0.00306926581879452,-0.0011549848015874886,0.24834640876180142,-0.0011549848015874886
216,94,no_support,fc,40970,-4.574484910335741e-05,-0.0005241570740963652,0.1836738184745222,-0.0005241570740963652
216,4,no_support,features,14723136,0.03866534985684211,-0.03096628923989897,0.8125980271407028,-0.03096628923989897
216,4,no_support,classifier,18882560,0.004546688360733242,-0.0026408703874949424,0.1542502297374503,-0.0026408703874949424
216,4,no_support,fc,40970,0.0024479153435095213,-0.0012137397170590702,0.12261145721988792,-0.0012137397170590702
216,47,no_support,features,14723136,0.001822267499814955,-0.021114076000898763,0.7692144091136848,-0.021114076000898763
216,47,no_support,classifier,18882560,0.0013256848488936157,-0.0022550320359187026,0.13421611985912818,-0.0022550320359187026
216,47,no_support,fc,40970,0.0015761715549160726,-0.001240382520336425,0.10398475719460214,-0.001240382520336425
216,90,no_need,features,14723136,-0.0025781401993905106,0.011857183315278519,0.3251714834918921,0.011857183315278519
216,90,no_need,classifier,18882560,0.000597896420856614,0.002233172624528379,0.08961062108786019,0.002233172624528379
216,90,no_need,fc,40970,0.0007586695755890105,0.0011946314311899187,0.06854112557756079,0.0011946314311899187
217,48,active,features,14723136,0.005105001796778197,0.007965372812218874,1.4400878000417556,0.007965372812218874
217,48,active,classifier,18882560,0.0012006560268673638,0.0013097349523718549,0.16828214997271496,0.0013097349523718549
217,48,active,fc,40970,0.0011154000694659771,0.0006725571606693848,0.13485712410502113,0.0006725571606693848
217,51,active,features,14723136,0.053950360830242516,0.02297047813227948,1.1386176296038022,0.02297047813227948
217,51,active,classifier,18882560,0.008929289666411933,0.003225076915896352,0.1835240945351205,0.003225076915896352
217,51,active,fc,40970,0.006087718589697033,0.0026373874861747026,0.14745142803216313,0.0026373874861747026
217,34,active,features,14723136,0.028626108203056333,0.010541557615809438,1.8484055149416991,0.010541557615809438
217,34,active,classifier,18882560,0.004265258033228747,0.0007006733248147157,0.24706808196132185,0.0007006733248147157
217,34,active,fc,40970,0.004174428751866799,-4.47939910372952e-05,0.20450152325007775,-4.47939910372952e-05
217,78,no_need,features,14723136,-0.3236168464787852,0.16957861431293964,0.9076015725712412,0.16957861431293964
217,78,no_need,classifier,18882560,-0.012148283599344722,0.003342852939340446,0.1550210068381806,0.003342852939340446
217,78,no_need,fc,40970,-0.010791737564431969,0.0021725762376263447,0.1379744659618403,0.0021725762376263447
217,92,no_need,features,14723136,-0.01650407750270233,0.012273041936438744,4.682143269568198,0.012273041936438744
217,92,no_need,classifier,18882560,0.005350268074380438,0.0009554025694455959,1.281722275543186,0.0009554025694455959
217,92,no_need,fc,40970,0.004265308671165258,0.00011292739827695186,0.6787626546085183,0.00011292739827695186
217,54,no_support,features,14723136,0.013778121700596557,-0.010187648441373653,0.5232681409800258,-0.010187648441373653
217,54,no_support,classifier,18882560,0.0021791266692616773,-0.000790970467733132,0.069408130530506,-0.000790970467733132
217,54,no_support,fc,40970,0.0013998578988321242,-0.00023101140664039121,0.05285321773600799,-0.00023101140664039121
217,96,no_support,features,14723136,0.004125691967459488,-0.007215777072399732,1.080434311579263,-0.007215777072399732
217,96,no_support,classifier,18882560,0.00013974854422826866,-0.0013834996091190987,0.14746928035691875,-0.0013834996091190987
217,96,no_support,fc,40970,0.0007199844767455943,-0.0012105505520594306,0.09832438227348662,-0.0012105505520594306
217,84,no_need,features,14723136,-0.006375455818780296,0.010171606271285327,0.6841381655411932,0.010171606271285327
217,84,no_need,classifier,18882560,0.00019856714195398695,0.0006043714715247006,0.0947138818552156,0.0006043714715247006
217,84,no_need,fc,40970,0.0005475763896356511,0.0001694848998567977,0.06681374448246447,0.0001694848998567977
217,88,active,features,14723136,0.006555880999783881,0.01590741691021691,0.6889906321329587,0.01590741691021691
217,88,active,classifier,18882560,0.0018752317777170902,0.0008588832411646763,0.08318369635908253,0.0008588832411646763
217,88,active,fc,40970,0.0021382958357207826,6.624378755759608e-05,0.06395903843920438,6.624378755759608e-05
217,74,no_need,features,14723136,-0.009776338254383177,-0.037074517253074646,0.732207078819252,-0.037074517253074646
217,74,no_need,classifier,18882560,-0.004462859263639984,-0.002344247809105582,0.21731731090316078,-0.002344247809105582
217,74,no_need,fc,40970,-0.0036136034395894967,-0.000984437048828113,0.17705732663296814,-0.000984437048828113
218,15,no_need,features,14723136,-0.01114110169648086,-0.0028351323121569294,0.7177915750774123,-0.0028351323121569294
218,15,no_need,classifier,18882560,0.00021435533216163094,-0.0007862412375629901,0.08334811846502492,-0.0007862412375629901
218,15,no_need,fc,40970,-0.0003005187686540012,-0.0007211446409201017,0.05565670008788154,-0.0007211446409201017
218,25,no_support,features,14723136,-0.0006083491025776783,-0.0009336693362058668,1.8518239692048355,-0.0009336693362058668
218,25,no_support,classifier,18882560,0.0004381461542664056,0.00019144768771184317,0.16572441581512593,0.00019144768771184317
218,25,no_support,fc,40970,0.0006605865155506763,-0.00019399405073272646,0.10719215002441056,-0.00019399405073272646
218,50,active,features,14723136,0.0032244363457003544,0.015465556159355742,0.5970705710674676,0.015465556159355742
218,50,active,classifier,18882560,0.002316141782671366,0.00010910441656619696,0.07349647686469404,0.00010910441656619696
218,50,active,fc,40970,0.0018162222586397547,-0.0002762906644875329,0.053115961880980715,-0.0002762906644875329
218,89,no_need,features,14723136,-0.016377833051876678,-0.005886695769575567,0.8462981260094365,-0.005886695769575567
218,89,no_need,classifier,18882560,-0.0015496547111979453,-0.0007888189277878155,0.17655544594402248,-0.0007888189277878155
218,89,no_need,fc,40970,3.074886399190291e-05,-0.0005426305156106537,0.13805638680232696,-0.0005426305156106537
218,72,no_support,features,14723136,0.00700458126036807,-0.010073339117486313,0.9128433440179974,-0.010073339117486313
218,72,no_support,classifier,18882560,0.0004910289194981488,1.2225242720376173e-05,0.1066913174694542,1.2225242720376173e-05
218,72,no_support,fc,40970,-6.838274748588447e-05,0.0003293736690466176,0.07068767713609493,0.0003293736690466176
218,20,no_support,features,14723136,0.011626513384623394,0.0013129019489603877,1.1841198857640134,0.0013129019489603877
218,20,no_support,classifier,18882560,0.00153264835785194,-0.0008554729801630856,0.18100635653385352,-0.0008554729801630856
218,20,no_support,fc,40970,7.238743091875222e-05,-0.001128482952935883,0.13276514572045028,-0.001128482952935883
218,85,no_need,features,14723136,-0.006128235291466666,0.01270798370387638,0.7746387784302713,0.01270798370387638
218,85,no_need,classifier,18882560,-0.001260331220066746,0.0017880151253848453,0.109667364244764,0.0017880151253848453
218,85,no_need,fc,40970,-0.000738433850074216,0.00045083528630129877,0.07971322910765233,0.00045083528630129877
218,47,no_support,features,14723136,0.0042548346786688285,-0.02307752775999461,0.9889560035540248,-0.02307752775999461
218,47,no_support,classifier,18882560,-0.0002551578056682047,-0.0008723290778789305,0.12021548995690991,-0.0008723290778789305
218,47,no_support,fc,40970,-0.0002949629797512898,1.892757904897735e-05,0.09259840278492017,1.892757904897735e-05
218,1,no_support,features,14723136,0.006487467151393034,-0.0031503439778539644,0.7625592876778474,-0.0031503439778539644
218,1,no_support,classifier,18882560,0.0014007034628775727,-0.0009964821681478497,0.09165809111979063,-0.0009964821681478497
218,1,no_support,fc,40970,0.0010088226772495545,-0.0008937918919400545,0.0647483268808663,-0.0008937918919400545
218,3,no_support,features,14723136,0.01673266322530509,0.00023784977267915508,0.5378534680282325,0.00023784977267915508
218,3,no_support,classifier,18882560,0.003181419424208798,-0.0005407867272992917,0.08951315508039176,-0.0005407867272992917
218,3,no_support,fc,40970,0.0016207933776968275,-3.9480093619204126e-05,0.06692012758116994,-3.9480093619204126e-05
219,91,no_need,features,14723136,-0.004069731418763212,-0.005344363629177451,1.2356897250255217,-0.005344363629177451
219,91,no_need,classifier,18882560,-0.0026015757657660288,0.00011850504876065315,0.1662996428488447,0.00011850504876065315
219,91,no_need,fc,40970,-0.001333871771748818,-0.000163438058052634,0.11911159795627003,-0.000163438058052634
219,39,active,features,14723136,0.014266922303249885,0.0166698672003065,0.5365123656900889,0.0166698672003065
219,39,active,classifier,18882560,0.0020265561695396173,0.0011873958430896892,0.055780714181849954,0.0011873958430896892
219,39,active,fc,40970,0.0013466452146531083,0.000119717313395995,0.040872913377031576,0.000119717313395995
219,11,no_need,features,14723136,-0.01884509757029207,-0.0021066767880872916,0.9053400428892905,-0.0021066767880872916
219,11,no_need,classifier,18882560,-0.0034465216078842786,-0.0010846881126553853,0.08321944024271796,-0.0010846881126553853
219,11,no_need,fc,40970,-0.0019473093107080786,-0.0009655640510572994,0.055724380372080336,-0.0009655640510572994
219,12,active,features,14723136,0.01770717283643819,0.01305372074378397,0.7369578136286552,0.01305372074378397
219,12,active,classifier,18882560,0.004343729202901159,0.0007522116508766885,0.09587052315914121,0.0007522116508766885
219,12,active,fc,40970,0.0024135438998200698,-7.083418427100696e-05,0.06668672218498625,-7.083418427100696e-05
219,93,no_need,features,14723136,-0.01216551249656561,0.010224355716005107,0.8578787649281858,0.010224355716005107
219,93,no_need,classifier,18882560,-0.0015186380310296954,0.0013075116203253856,0.13685664532457964,0.0013075116203253856
219,93,no_need,fc,40970,-4.479481572161603e-05,0.0007258069831550529,0.09386923920419975,0.0007258069831550529
219,64,no_need,features,14723136,-0.01489255826616187,0.01096520095268616,0.7022991229711799,0.01096520095268616
219,64,no_need,classifier,18882560,-0.0021249618293950334,0.0005360793882722703,0.13546670864625351,0.0005360793882722703
219,64,no_need,fc,40970,-0.0014968265581956075,0.00021250154640028995,0.1032296993184608,0.00021250154640028995
219,30,no_support,features,14723136,0.02670940559464441,-0.01875787909747828,0.9256123148416909,-0.01875787909747828
219,30,no_support,classifier,18882560,0.00048165826081003615,-0.0028034530217837528,0.28822155134966104,-0.0028034530217837528
219,30,no_support,fc,40970,0.0020652097009588033,-0.002750346915490809,0.21915841825092025,-0.002750346915490809
219,79,no_need,features,14723136,-0.00445565832158934,-0.0016895078573071487,1.3216361602121895,-0.0016895078573071487
219,79,no_need,classifier,18882560,-0.0029929934937626967,0.0004062404868818703,0.1747714167369815,0.0004062404868818703
219,79,no_need,fc,40970,-0.0028456870968511794,-6.121175317730376e-05,0.13164059184049046,-6.121175317730376e-05
219,29,no_need,features,14723136,-0.023841888275711653,0.03480602101195984,0.5181590216819664,0.03480602101195984
219,29,no_need,classifier,18882560,-0.004149960786890006,0.0022915515395425246,0.09240433604880195,0.0022915515395425246
219,29,no_need,fc,40970,-0.0017026000814439612,0.0015317706565838307,0.06945472710951471,0.0015317706565838307
219,49,no_support,features,14723136,0.006119210542102849,-0.017784564599740094,0.775653598402717,-0.017784564599740094
219,49,no_support,classifier,18882560,0.0012102695187081736,-0.0020606702839813806,0.10893248909953111,-0.0020606702839813806
219,49,no_support,fc,40970,0.0006303856503109273,-0.0008654591251797683,0.08113148114974417,-0.0008654591251797683
220,21,no_support,features,14723136,0.0033998430423096693,-0.014786571291310224,0.5929375375609328,-0.014786571291310224
220,21,no_support,classifier,18882560,0.0003653457523284942,-0.002035792334936559,0.07274383987859186,-0.002035792334936559
220,21,no_support,fc,40970,0.00023199488805403234,-0.001458486270166759,0.051455623121747805,-0.001458486270166759
220,88,no_need,features,14723136,-0.0037113166179185697,-0.003105832577762868,0.6840625145587055,-0.003105832577762868
220,88,no_need,classifier,18882560,6.835389606862918e-05,6.106245397319299e-06,0.08192479823792935,6.106245397319299e-06
220,88,no_need,fc,40970,7.844961464797962e-05,9.106877644171618e-05,0.058056697293562,9.106877644171618e-05
220,95,no_support,features,14723136,0.06041347009977471,-0.013221128118715342,5.05205825894935,-0.013221128118715342
220,95,no_support,classifier,18882560,0.0026033664676106127,-0.0009606810709783531,0.8174902961076688,-0.0009606810709783531
220,95,no_support,fc,40970,0.0006397869892680319,-0.000573095649087918,0.507883530873573,-0.000573095649087918
220,65,no_need,features,14723136,-0.025505726770404635,0.007329944838872393,0.6167800803380199,0.007329944838872393
220,65,no_need,classifier,18882560,-0.0047918829873196955,0.00046083151701736824,0.13899548886494126,0.00046083151701736824
220,65,no_need,fc,40970,-0.003231043585401494,-0.00036380087453835586,0.10304551520821456,-0.00036380087453835586
220,60,no_need,features,14723136,-0.017362477740711313,-0.024459470266300798,0.7908378446054886,-0.024459470266300798
220,60,no_need,classifier,18882560,-0.0037894787305958744,-0.0021161982626836107,0.12825195665340838,-0.0021161982626836107
220,60,no_need,fc,40970,-0.0025688191981316777,-0.001574690898451081,0.08709924458318427,-0.001574690898451081
220,8,active,features,14723136,0.016649164016868667,0.006326935640466047,1.7465300352069113,0.006326935640466047
220,8,active,classifier,18882560,0.0016962669872100378,0.0003251507450841018,0.22721127193860127,0.0003251507450841018
220,8,active,fc,40970,0.0010294801525105868,-0.0005578890786637203,0.15081673804644477,-0.0005578890786637203
220,46,active,features,14723136,0.007369634683186632,0.020428258237132013,0.8330879279821735,0.020428258237132013
220,46,active,classifier,18882560,0.0018528423745465261,0.001721342164159978,0.12941257205823792,0.001721342164159978
220,46,active,fc,40970,0.0017466831086494494,0.0013645352482853923,0.09699200612287236,0.0013645352482853923
220,31,no_support,features,14723136,0.026013279161986702,-0.014970869538510456,1.062576704512485,-0.014970869538510456
220,31,no_support,classifier,18882560,0.002450385718020698,-0.0003057871437022186,0.10133179889567924,-0.0003057871437022186
220,31,no_support,fc,40970,0.0017280883203056874,-0.00013379463462115382,0.07107625256945879,-0.00013379463462115382
220,63,no_need,features,14723136,-0.00010960399821868761,-0.0033158263057551096,0.839511533695804,-0.0033158263057551096
220,63,no_need,classifier,18882560,-0.0015394957815715316,-5.2743002981969767e-05,0.11485171837308722,-5.2743002981969767e-05
220,63,no_need,fc,40970,-0.0012112590948163415,-0.00041001668910212175,0.09010209642952972,-0.00041001668910212175
220,72,no_support,features,14723136,0.0710963050274529,-0.02102954533594925,1.4244703654932518,-0.02102954533594925
220,72,no_support,classifier,18882560,0.00694976433624106,-0.00119228152902906,0.1708859645653635,-0.00119228152902906
220,72,no_support,fc,40970,0.003968853798141936,-0.0006845074094599113,0.1120345457473874,-0.0006845074094599113
221,96,no_need,features,14723136,-0.003982253672635494,0.009185757557744978,0.5992299624894977,0.009185757557744978
221,96,no_need,classifier,18882560,-0.00019331168116565323,0.0010059855188728761,0.11492039494232682,0.0010059855188728761
221,96,no_need,fc,40970,0.00013012537533541035,0.00039510662918473827,0.08719208171860135,0.00039510662918473827
221,63,no_need,features,14723136,-0.27396052409741856,0.2306686646515672,0.9111883238701822,0.2306686646515672
221,63,no_need,classifier,18882560,-0.0017074865359631985,0.0015829746931217414,0.10385320692097763,0.0015829746931217414
221,63,no_need,fc,40970,-0.0005776446403160662,0.0005714644769341248,0.07601501714576119,0.0005714644769341248
221,58,no_need,features,14723136,-0.010045608727992317,-0.017528916016999574,0.6757890384297575,-0.017528916016999574
221,58,no_need,classifier,18882560,-0.0010439156292534335,-0.002806524805691879,0.11211219434878004,-0.002806524805691879
221,58,no_need,fc,40970,-0.00113704198065534,-0.001785274892426969,0.08219621471637613,-0.001785274892426969
221,77,no_need,features,14723136,-0.002625107583678954,0.00806657357240681,0.42948685635102135,0.00806657357240681
221,77,no_need,classifier,18882560,-0.0011886548006714293,0.0007774865033525202,0.04793479143074141,0.0007774865033525202
221,77,no_need,fc,40970,-0.000504427325722645,0.00033359445228597906,0.030814621446771676,0.00033359445228597906
221,95,no_need,features,14723136,-0.38886562956429316,0.06676611962160983,1.1348927291931141,0.06676611962160983
221,95,no_need,classifier,18882560,-0.005912466866675459,0.0006041387900665995,0.1930090072297131,0.0006041387900665995
221,95,no_need,fc,40970,-0.0022868154710522504,-0.0003678467573990929,0.14395439507978594,-0.0003678467573990929
221,23,active,features,14723136,-0.0022985815296223677,0.0002834388154866474,0.5131054821352081,0.0002834388154866474
221,23,active,classifier,18882560,0.0015322024855777272,0.0008565995986486996,0.14116083432826687,0.0008565995986486996
221,23,active,fc,40970,0.0013348011361813406,0.0008902704007596185,0.0990726346693056,0.0008902704007596185
221,61,no_need,features,14723136,-0.0013014924234866498,-0.00685345637914736,0.7790691767463422,-0.00685345637914736
221,61,no_need,classifier,18882560,-0.0038707114704266132,-0.0014098593383096159,0.13242838897635753,-0.0014098593383096159
221,61,no_need,fc,40970,-0.002268378821099759,-0.0009865165775408968,0.09403331986222448,-0.0009865165775408968
221,29,no_support,features,14723136,-0.002292599620027147,-0.006633739752111012,0.7862654069101223,-0.006633739752111012
221,29,no_support,classifier,18882560,0.0013242103913171377,-0.0009674121911871225,0.11422140626352947,-0.0009674121911871225
221,29,no_support,fc,40970,0.0010558623339420592,-0.0006337922204693314,0.08385240709704275,-0.0006337922204693314
221,91,no_need,features,14723136,-0.026150218553596005,-0.0032962406785372877,0.8218074339357184,-0.0032962406785372877
221,91,no_need,classifier,18882560,-0.003356589494387663,-0.0009814632653615263,0.10845795010243743,-0.0009814632653615263
221,91,no_need,fc,40970,-0.0015513188827753766,-0.0006119517693150556,0.07590479258375224,-0.0006119517693150556
221,59,no_support,features,14723136,-0.0003937949673442631,-0.018329211512821075,0.5341494764491891,-0.018329211512821075
221,59,no_support,classifier,18882560,0.0005154702574827752,-0.002586219429076664,0.06624380731440388,-0.002586219429076664
221,59,no_support,fc,40970,0.0005041503031861794,-0.001532086607767269,0.05042644468338204,-0.001532086607767269
222,8,no_need,features,14723136,-0.007617682217215815,0.009870689269430244,0.5915447265929044,0.009870689269430244
222,8,no_need,classifier,18882560,0.0011475191870431445,-0.0005366958953203493,0.0755702223953618,-0.0005366958953203493
222,8,no_need,fc,40970,0.0012210623403916543,-0.00025651734063103504,0.05499982856806447,-0.00025651734063103504
222,69,active,features,14723136,0.0007608804914855931,0.014432161229340323,0.6094912167784787,0.014432161229340323
222,69,active,classifier,18882560,0.0012991977235969898,0.0003545268594393747,0.08711489367289149,0.0003545268594393747
222,69,active,fc,40970,0.00024652980141581793,-0.00038931884603243816,0.06877564579721762,-0.00038931884603243816
222,44,no_support,features,14723136,0.0028779978786737104,-0.006952726945343102,0.7304988090684668,-0.006952726945343102
222,44,no_support,classifier,18882560,0.003169654147541223,-0.0001511497438002607,0.10753221358123057,-0.0001511497438002607
222,44,no_support,fc,40970,0.001815335172068444,7.018616520326759e-05,0.08647708269763746,7.018616520326759e-05
222,89,active,features,14723136,0.03626709098099923,0.009484144984451603,1.1703473892210368,0.009484144984451603
222,89,active,classifier,18882560,0.0028852938537511363,0.0008911801463682423,0.20151955202553848,0.0008911801463682423
222,89,active,fc,40970,-0.0005305842469169875,0.000705717482333057,0.16089318566509953,0.000705717482333057
222,49,no_support,features,14723136,0.05351094015669844,-0.013041844547448278,0.6843886020431534,-0.013041844547448278
222,49,no_support,classifier,18882560,0.006864396498713177,-0.001472592259119665,0.10301403439005025,-0.001472592259119665
222,49,no_support,fc,40970,0.004255430118064396,-0.0012698731975433475,0.07905169180548298,-0.0012698731975433475
222,36,no_need,features,14723136,-0.06763532798251504,-0.04236344353657273,0.7390386754497422,-0.04236344353657273
222,36,no_need,classifier,18882560,-0.014282834295954672,-0.007160129440308083,0.16691896086358388,-0.007160129440308083
222,36,no_need,fc,40970,-0.009435899766685907,-0.004933371694278321,0.12547916077011853,-0.004933371694278321
222,77,no_need,features,14723136,-0.0401397687296523,0.0826499163142671,0.5757833069645543,0.0826499163142671
222,77,no_need,classifier,18882560,-0.000573706228010451,0.004598823370997707,0.05847056839717875,0.004598823370997707
222,77,no_need,fc,40970,-0.0003567462531464116,0.0019759561137107085,0.03932069598087599,0.0019759561137107085
222,19,active,features,14723136,0.01362752432221015,0.008997259547470549,0.6811389212723793,0.008997259547470549
222,19,active,classifier,18882560,0.003272987505170022,0.0017886591834894716,0.0693889333221087,0.0017886591834894716
222,19,active,fc,40970,0.002452858450851636,0.0013429847258521477,0.05273574050817567,0.0013429847258521477
222,92,no_support,features,14723136,0.2127796141697047,-0.02413701829450332,6.3663641023641775,-0.02413701829450332
222,92,no_support,classifier,18882560,-0.002554276029513858,0.0004881952489768082,1.5084134807590412,0.0004881952489768082
222,92,no_support,fc,40970,-0.00820801468580612,0.0012310370577779395,0.8364890552763566,0.0012310370577779395
222,72,no_need,features,14723136,-0.04425630376830014,0.011159246127679268,1.0032827375940907,0.011159246127679268
222,72,no_need,classifier,18882560,-0.00496888021734776,-0.0007813405869399048,0.1244623247842698,-0.0007813405869399048
222,72,no_need,fc,40970,-0.0028296957116253907,-0.0002163489493796078,0.08423571048376077,-0.0002163489493796078
223,47,no_need,features,14723136,-0.0026498269195620594,-0.008644107694991021,0.5865502708667127,-0.008644107694991021
223,47,no_need,classifier,18882560,-0.001109246681210152,-0.0023427381441933903,0.08059520631840476,-0.0023427381441933903
223,47,no_need,fc,40970,-0.0009696362660633895,-0.0009151779167950735,0.05935346027216386,-0.0009151779167950735
223,49,no_need,features,14723136,-0.424259817481925,0.339177757802986,0.86788605319549,0.339177757802986
223,49,no_need,classifier,18882560,-0.038136904178827535,0.02681177609883889,0.22522889419217232,0.02681177609883889
223,49,no_need,fc,40970,-0.022683069444610737,0.016226011837716214,0.17932852984599107,0.016226011837716214
223,1,no_support,features,14723136,0.014634350074473446,-0.042341622147262115,1.1711143085212754,-0.042341622147262115
223,1,no_support,classifier,18882560,0.005329715295374626,-0.006477832008386031,0.15377461575743182,-0.006477832008386031
223,1,no_support,fc,40970,0.0023013718036963837,-0.0028196766979817767,0.10902171456127249,-0.0028196766979817767
223,80,active,features,14723136,0.020860463489796643,0.002215829847429518,0.5381901833595343,0.002215829847429518
223,80,active,classifier,18882560,0.0030396412380468973,2.92541413955405e-05,0.06328047439584313,2.92541413955405e-05
223,80,active,fc,40970,0.0012467419355743914,-0.00031293071970139863,0.041673436574114195,-0.00031293071970139863
223,27,no_support,features,14723136,0.006512513206047287,-0.018153602807004177,0.8648046081638886,-0.018153602807004177
223,27,no_support,classifier,18882560,0.0005125391165563542,-0.003975577089931903,0.08767173941354993,-0.003975577089931903
223,27,no_support,fc,40970,0.0007025345530564664,-0.002911579862484359,0.05687766144450521,-0.002911579862484359
223,9,no_support,features,14723136,0.019906440089755506,-0.024862587059246266,0.7964195482911464,-0.024862587059246266
223,9,no_support,classifier,18882560,0.003550581372792294,-0.0036137146448709245,0.10270559083797792,-0.0036137146448709245
223,9,no_support,fc,40970,0.0030246261067077285,-0.002110726182763756,0.07986637011667282,-0.002110726182763756
223,83,no_support,features,14723136,0.039218307888369,-0.052063956031133785,1.0336695142986012,-0.052063956031133785
223,83,no_support,classifier,18882560,0.009579877001669956,-0.00944373396669107,0.17817202591497502,-0.00944373396669107
223,83,no_support,fc,40970,0.004762763979670126,-0.004603519930242328,0.13960686113513,-0.004603519930242328
223,72,no_need,features,14723136,-0.054585151960761635,0.11925137769088678,0.475445043249377,0.11925137769088678
223,72,no_need,classifier,18882560,0.0008856600795752456,0.007925274327135412,0.06381183565023421,0.007925274327135412
223,72,no_need,fc,40970,0.00012400783498378587,0.004276209858289803,0.042217851305655966,0.004276209858289803
223,76,no_support,features,14723136,0.027473746216529094,-0.0019117368686210057,0.8217041702548269,-0.0019117368686210057
223,76,no_support,classifier,18882560,0.004347137567492609,-0.0008377098225196278,0.12506259871026615,-0.0008377098225196278
223,76,no_support,fc,40970,0.0035269621112092864,-0.00045072318562233704,0.10261451274142092,-0.00045072318562233704
223,92,no_need,features,14723136,-0.49307850092441186,0.055816758527861055,1.7905724779323517,0.055816758527861055
223,92,no_need,classifier,18882560,-0.033674510137643665,0.0039524100084236125,0.38893814115274233,0.0039524100084236125
223,92,no_need,fc,40970,-0.00825746935515781,0.002405095927315415,0.18924266096331901,0.002405095927315415
224,10,no_need,features,14723136,-0.007690698175274235,-0.007741216615812618,0.6196939511788185,-0.007741216615812618
224,10,no_need,classifier,18882560,-0.0013989288579523418,-0.00033260352310549024,0.08438338164876671,-0.00033260352310549024
224,10,no_need,fc,40970,-0.0009826247467117355,-0.00030270275465227314,0.0628717456072217,-0.00030270275465227314
224,57,no_need,features,14723136,-0.018089269509950157,-0.0041652850554498855,0.9347139702142463,-0.0041652850554498855
224,57,no_need,classifier,18882560,-0.0022689826328132767,0.0001666851427870597,0.19402005621640753,0.0001666851427870597
224,57,no_need,fc,40970,-0.003062540763494326,0.000618860255144682,0.1630529747186485,0.000618860255144682
224,54,no_support,features,14723136,0.016868489838380185,-0.018566246444571277,0.5494715282223334,-0.018566246444571277
224,54,no_support,classifier,18882560,0.0012881979399708143,-0.0013850491881157723,0.08585776842277473,-0.0013850491881157723
224,54,no_support,fc,40970,0.0005235810981503164,-0.0009401475704180484,0.0652320569259252,-0.0009401475704180484
224,1,no_need,features,14723136,-0.11281554668332205,0.06116906487916651,0.8006425952983214,0.06116906487916651
224,1,no_need,classifier,18882560,-0.0030619274484706693,0.0014684153507005249,0.09721785221239244,0.0014684153507005249
224,1,no_need,fc,40970,-0.0011426856835896615,0.000821519050077768,0.06720010189056025,0.000821519050077768
224,80,no_need,features,14723136,-0.33797312122965195,0.34947620250790123,0.7461470434099199,0.34947620250790123
224,80,no_need,classifier,18882560,-0.0055639783649894525,0.003665299961994606,0.09278078636360403,0.003665299961994606
224,80,no_need,fc,40970,-0.0023369941554847173,0.001371812484194379,0.06079014752891571,0.001371812484194379
224,76,no_need,features,14723136,-0.11623335343278995,0.08847184034613065,0.5063135338086633,0.08847184034613065
224,76,no_need,classifier,18882560,-0.005549325627271173,0.00249242231552671,0.08393880187996267,0.00249242231552671
224,76,no_need,fc,40970,-0.0030538826267729746,0.0009804420708405814,0.06414561855540248,0.0009804420708405814
224,56,active,features,14723136,0.004335278104221629,0.03572077377874194,1.121884992234286,0.03572077377874194
224,56,active,classifier,18882560,0.0009173648295472958,0.0037414518515106465,0.12003838055655544,0.0037414518515106465
224,56,active,fc,40970,0.0010553062811595737,0.001965262715202698,0.08792642594391484,0.001965262715202698
224,39,no_support,features,14723136,0.008011522636145685,-0.016086067905956014,0.6068635301406519,-0.016086067905956014
224,39,no_support,classifier,18882560,0.00010347937330834611,-0.00131830062946392,0.07510634817260785,-0.00131830062946392
224,39,no_support,fc,40970,-4.1986332803389814e-05,-0.0007201478883871459,0.051799481066467236,-0.0007201478883871459
224,14,no_need,features,14723136,-0.039974927234283086,0.022238034302318965,0.7272669511060977,0.022238034302318965
224,14,no_need,classifier,18882560,-0.00576580179586017,0.0030028144356037956,0.13275955880499626,0.0030028144356037956
224,14,no_need,fc,40970,-0.003102299318925361,0.0018221525178887532,0.10070189246120322,0.0018221525178887532
224,20,no_need,features,14723136,-0.04982742008473906,0.006749830858572281,1.1854165962443008,0.006749830858572281
224,20,no_need,classifier,18882560,-0.006064191297355137,-0.00010034218635723846,0.177492579345203,-0.00010034218635723846
224,20,no_need,fc,40970,-0.003330289397126762,-7.085869469847239e-05,0.11982287120503422,-7.085869469847239e-05
225,6,no_need,features,14723136,-0.028261399653288777,0.024082080666488537,1.2071422029600443,0.024082080666488537
225,6,no_need,classifier,18882560,-0.009517446795143769,0.00024419860329771836,0.2382221770700542,0.00024419860329771836
225,6,no_need,fc,40970,-0.007021483725111466,-0.0007517346457461827,0.1964037179880897,-0.0007517346457461827
225,62,active,features,14723136,0.03005125303977252,0.0006866267758169897,0.7624124744315007,0.0006866267758169897
225,62,active,classifier,18882560,0.003596107055727771,0.0017098634986041361,0.13477514968406443,0.0017098634986041361
225,62,active,fc,40970,0.002317611146281706,0.0012916967916680733,0.09588656783575761,0.0012916967916680733
225,31,no_need,features,14723136,-0.007948384215477944,-0.001965832843897175,0.8843800861461111,-0.001965832843897175
225,31,no_need,classifier,18882560,0.0007738647875612514,-0.0002676386336162295,0.10245520728004467,-0.0002676386336162295
225,31,no_need,fc,40970,0.0010229095987597248,-6.448654141877341e-05,0.0684852200099344,-6.448654141877341e-05
225,90,no_support,features,14723136,0.0063956614064437645,-0.009267217925199134,0.7661745843798994,-0.009267217925199134
225,90,no_support,classifier,18882560,0.0020721005262203107,-0.0011674756796082875,0.13636471450184398,-0.0011674756796082875
225,90,no_support,fc,40970,0.0018571534674265422,-0.0004145570646869601,0.10020110440669032,-0.0004145570646869601
225,3,no_support,features,14723136,0.04759346443569257,-0.022553268623497047,1.5573653977165942,-0.022553268623497047
225,3,no_support,classifier,18882560,0.006211667018760636,-0.0015624629189687766,0.2030731998512268,-0.0015624629189687766
225,3,no_support,fc,40970,0.00407209106379014,-0.0005417331385615398,0.1302698275398,-0.0005417331385615398
225,51,no_need,features,14723136,-0.03194727060801483,0.003942748297802723,0.8446035628160322,0.003942748297802723
225,51,no_need,classifier,18882560,-0.002203269831397847,0.0017423413801225252,0.17279943738731712,0.0017423413801225252
225,51,no_need,fc,40970,-0.0008529700485269132,0.0009114877725551196,0.13663131672722184,0.0009114877725551196
225,24,no_need,features,14723136,-0.012003920558100845,-0.0013649669814768117,0.5552158531991568,-0.0013649669814768117
225,24,no_need,classifier,18882560,-0.004063586713527911,-0.0017893959729917697,0.08010769352180425,-0.0017893959729917697
225,24,no_need,fc,40970,-0.0027586089163378347,-0.0012656594208237948,0.067124616441305,-0.0012656594208237948
225,91,no_need,features,14723136,-0.011977603296740469,0.005586163134523758,0.8969703199910085,0.005586163134523758
225,91,no_need,classifier,18882560,-0.0020276833412253836,0.0009190461662456073,0.11274747807979847,0.0009190461662456073
225,91,no_need,fc,40970,-0.0016186572929655085,0.0004623255517799407,0.07898181288834709,0.0004623255517799407
225,23,no_need,features,14723136,-0.015682808398025827,0.005157071042717121,1.118892544531363,0.005157071042717121
225,23,no_need,classifier,18882560,-0.00986048626828051,0.0032010823545078892,0.25697864032828244,0.0032010823545078892
225,23,no_need,fc,40970,-0.008985736592876492,0.0032728818423493067,0.18954577880967036,0.0032728818423493067
225,55,no_need,features,14723136,-0.004806171508015211,0.0036010844714660095,0.7954905588331184,0.0036010844714660095
225,55,no_need,classifier,18882560,-0.003366952765645692,0.00027345852873850163,0.12347802348267696,0.00027345852873850163
225,55,no_need,fc,40970,-0.0019886740283254767,0.0003499557551549515,0.09743081462383227,0.0003499557551549515
226,98,no_support,features,14723136,0.011344241727485382,-0.013470642783246944,0.768789823654411,-0.013470642783246944
226,98,no_support,classifier,18882560,0.0009997139971460456,-0.001217972345614271,0.12542549172897963,-0.001217972345614271
226,98,no_support,fc,40970,0.0010301601478204248,-0.0011901863281309488,0.0920149876399111,-0.0011901863281309488
226,18,no_need,features,14723136,-0.0134139402178306,0.002746505349314532,1.8288317920513657,0.002746505349314532
226,18,no_need,classifier,18882560,-0.0011112073851791138,-0.00036843971317068736,0.19065994451674878,-0.00036843971317068736
226,18,no_need,fc,40970,-0.0009767016699697706,-0.000267767814364106,0.12905095966099747,-0.000267767814364106
226,78,no_support,features,14723136,0.02804959038017074,-0.003341406176794237,0.5612663126359472,-0.003341406176794237
226,78,no_support,classifier,18882560,0.0008161094066849728,-0.0011789247918159163,0.10097056579771191,-0.0011789247918159163
226,78,no_support,fc,40970,0.0004486726538743824,-0.0010876828673644923,0.07979592261203615,-0.0010876828673644923
226,89,no_support,features,14723136,0.008098219207369084,-0.006871322657294954,1.0322158853182681,-0.006871322657294954
226,89,no_support,classifier,18882560,-0.00029982171309939076,-0.0004923512567529542,0.21242604108067942,-0.0004923512567529542
226,89,no_support,fc,40970,-0.0008857322382027633,-6.23019841441419e-05,0.16270953197087573,-6.23019841441419e-05
226,27,no_need,features,14723136,-0.0044222925334764795,0.019043849948534586,0.6773586533645936,0.019043849948534586
226,27,no_need,classifier,18882560,-0.00020943872941359132,0.0005357491995710006,0.07966300355071589,0.0005357491995710006
226,27,no_need,fc,40970,-0.00017578786491867504,0.00026100891000169213,0.050648442904902044,0.00026100891000169213
226,80,no_need,features,14723136,-0.0008665971406713879,0.0035387605872436723,0.4858417511407528,0.0035387605872436723
226,80,no_need,classifier,18882560,8.737697396554722e-05,-0.00037592457618984554,0.05535264203966408,-0.00037592457618984554
226,80,no_need,fc,40970,-8.284611453746038e-05,-0.0002310897480128915,0.039617633195039914,-0.0002310897480128915
226,33,active,features,14723136,-0.0025848547976181635,0.0077789362846809595,1.2313344899583625,0.0077789362846809595
226,33,active,classifier,18882560,0.0021163465110021207,0.00022492776184890317,0.16631692967700118,0.00022492776184890317
226,33,active,fc,40970,0.0017723960545481532,0.00026266962549925665,0.12587077915790473,0.00026266962549925665
226,86,no_need,features,14723136,-0.01688956414719911,0.004832955303436748,1.0809491599112655,0.004832955303436748
226,86,no_need,classifier,18882560,0.0015944812605539482,-0.0005910822567329888,0.21354968560287885,-0.0005910822567329888
226,86,no_need,fc,40970,0.001435148838936584,-0.00048053331056507886,0.16208045855790554,-0.00048053331056507886
226,88,active,features,14723136,0.009551982592338248,0.0066932398464167875,0.6233762066748235,0.0066932398464167875
226,88,active,classifier,18882560,0.0004557247849561463,0.0007088590738817402,0.08562865955660236,0.0007088590738817402
226,88,active,fc,40970,0.00024864257034096227,0.0005217462726250233,0.05903755398479713,0.0005217462726250233
226,15,no_need,features,14723136,-0.003684132123574102,0.005501853219946895,0.5057837443768222,0.005501853219946895
226,15,no_need,classifier,18882560,-5.84240390821833e-05,0.0005542203547292957,0.07623934920219733,0.0005542203547292957
226,15,no_need,fc,40970,0.0004183312894383562,0.00013075570302589767,0.05323455488133229,0.00013075570302589767
227,85,no_support,features,14723136,0.013066707578637704,-0.025229832909097638,0.7166967888483439,-0.025229832909097638
227,85,no_support,classifier,18882560,0.0015669007544829583,-0.0019162047999543574,0.08125614190465831,-0.0019162047999543574
227,85,no_support,fc,40970,0.0004925835914946219,-0.0006986648522797623,0.05585900896753686,-0.0006986648522797623
227,12,active,features,14723136,0.007548369533054711,0.0023749002951163334,1.6277496418647543,0.0023749002951163334
227,12,active,classifier,18882560,0.0018566607468528673,0.0004929112762965815,0.15806433614465912,0.0004929112762965815
227,12,active,fc,40970,0.001975871193280909,0.0001932893781599887,0.10383848608602635,0.0001932893781599887
227,59,active,features,14723136,0.013641063468099901,0.009102469461453211,0.6788677288572754,0.009102469461453211
227,59,active,classifier,18882560,0.001625400733018978,0.0008191756632527358,0.08401437477065005,0.0008191756632527358
227,59,active,fc,40970,0.0013606478851215797,0.0006275492860368104,0.059611333685349904,0.0006275492860368104
227,60,no_support,features,14723136,0.014204791245628456,-0.011088471850477788,0.6268350237988127,-0.011088471850477788
227,60,no_support,classifier,18882560,0.0013631724159495207,-0.0002059249532280205,0.08876988127619295,-0.0002059249532280205
227,60,no_support,fc,40970,0.0007080442351252714,-3.3899908885359764e-05,0.06056373171009024,-3.3899908885359764e-05
227,73,no_support,features,14723136,0.009045542727491807,-0.008727207225334155,0.4436052655212136,-0.008727207225334155
227,73,no_support,classifier,18882560,0.001754778355802955,-0.0004692106823540598,0.06530019756142606,-0.0004692106823540598
227,73,no_support,fc,40970,0.0012280317309887323,-0.00018031177592092718,0.04480847779054153,-0.00018031177592092718
227,80,no_need,features,14723136,-1.5599333078382642,0.6898432144889171,2.203340965227108,0.6898432144889171
227,80,no_need,classifier,18882560,-0.017146620951734803,0.007402942969292781,0.2270752415264417,0.007402942969292781
227,80,no_need,fc,40970,-0.006323078375089608,0.0027441081936672163,0.14311365561139563,0.0027441081936672163
227,0,no_need,features,14723136,-0.008767357106457041,0.011091520768141017,0.6908482979740894,0.011091520768141017
227,0,no_need,classifier,18882560,-0.0013952523064517663,0.002620854821316243,0.14341380195021128,0.002620854821316243
227,0,no_need,fc,40970,-2.546590167185059e-06,0.001970753973182582,0.11374643242501972,0.001970753973182582
227,10,no_need,features,14723136,-0.011114046695333002,0.010316552455833516,1.462636592270608,0.010316552455833516
227,10,no_need,classifier,18882560,-6.523734171537399e-05,0.0009559753145538252,0.15890661296161562,0.0009559753145538252
227,10,no_need,fc,40970,0.0015378683347080369,0.00011735421503544785,0.1145317123732554,0.00011735421503544785
227,23,active,features,14723136,0.03288999391723735,0.020472143569136847,0.7645965225069556,0.020472143569136847
227,23,active,classifier,18882560,0.004385177476251556,0.0027521359797901823,0.14595302355815354,0.0027521359797901823
227,23,active,fc,40970,0.0019011922186109587,0.001541481643471343,0.10484030638130838,0.001541481643471343
227,13,no_support,features,14723136,0.02366106771040677,-0.001428974998489707,0.8344301315202804,-0.001428974998489707
227,13,no_support,classifier,18882560,0.0036856851083939546,-0.0011797200945125041,0.09428010979032754,-0.0011797200945125041
227,13,no_support,fc,40970,0.003225760181521764,-0.0006223761873798139,0.07492253314282558,-0.0006223761873798139
228,35,no_need,features,14723136,-0.014600060754844435,-0.00012034068292265943,1.6048665525621058,-0.00012034068292265943
228,35,no_need,classifier,18882560,-0.0021488734814738564,-0.00042201038141342906,0.1646574001560352,-0.00042201038141342906
228,35,no_need,fc,40970,-0.0014930291417840635,-0.0004151018888478575,0.11757897865707408,-0.0004151018888478575
228,46,no_support,features,14723136,0.051751570121012946,-0.029091097832825596,0.8468904805039043,-0.029091097832825596
228,46,no_support,classifier,18882560,0.009538491577131936,-0.0017728962914134172,0.15806749754175814,-0.0017728962914134172
228,46,no_support,fc,40970,0.0072674951297813095,-0.0011809330571850296,0.1275814514295349,-0.0011809330571850296
228,54,no_support,features,14723136,0.0443352224937712,-0.0030440285038295656,0.67095366386724,-0.0030440285038295656
228,54,no_support,classifier,18882560,0.004083044908611555,0.0007098526871232025,0.07794063995015064,0.0007098526871232025
228,54,no_support,fc,40970,0.0029286150474945316,0.00012452936607587617,0.05744426698240118,0.00012452936607587617
228,87,active,features,14723136,0.019153653644707447,0.030075980754759257,0.8160592283887788,0.030075980754759257
228,87,active,classifier,18882560,0.003713825811246352,0.0027203330066640774,0.09330169742038087,0.0027203330066640774
228,87,active,fc,40970,0.002825111730999197,0.0020867690964223584,0.066745699027679,0.0020867690964223584
228,84,no_support,features,14723136,0.03799424795727191,-0.014592292568806897,0.4587313091054884,-0.014592292568806897
228,84,no_support,classifier,18882560,0.005354106425329519,0.0004565562614970986,0.06832415384721593,0.0004565562614970986
228,84,no_support,fc,40970,0.0037862639655941166,-5.4088591355139215e-05,0.05080046337376545,-5.4088591355139215e-05
228,51,active,features,14723136,0.10730735315951279,0.003930394600974552,1.443660617401757,0.003930394600974552
228,51,active,classifier,18882560,0.012237908939823683,0.002513147095214663,0.17978166726081327,0.002513147095214663
228,51,active,fc,40970,0.010324311275326181,0.0003561300127330469,0.14101533747849945,0.0003561300127330469
228,27,no_need,features,14723136,-0.019449023552567724,-0.007316545925135642,0.9671862231388118,-0.007316545925135642
228,27,no_need,classifier,18882560,0.0005026509583103689,-0.0028993859077672823,0.0922880860408332,-0.0028993859077672823
228,27,no_need,fc,40970,2.5619970074330922e-06,-0.001965378386557859,0.05723662461969919,-0.001965378386557859
228,95,no_support,features,14723136,0.04620158905113669,-0.012951470118885311,3.105607069662371,-0.012951470118885311
228,95,no_support,classifier,18882560,-0.002222708524271866,0.0008334893751111849,0.5396543216420123,0.0008334893751111849
228,95,no_support,fc,40970,-0.0009925941303663421,0.0002054486147926582,0.3207971307395852,0.0002054486147926582
228,21,no_support,features,14723136,0.030652619756523336,-0.021145838528667582,0.39517648870541777,-0.021145838528667582
228,21,no_support,classifier,18882560,0.003010206271710558,-0.0013027430082956926,0.05857226316097501,-0.0013027430082956926
228,21,no_support,fc,40970,0.0016597842445662536,-0.0008078266346274177,0.0436187670196747,-0.0008078266346274177
228,61,no_need,features,14723136,-0.0260755661628167,0.0270601410812219,0.6934048188511536,0.0270601410812219
228,61,no_need,classifier,18882560,-0.0045131472259072325,0.003256373050817274,0.11523774706055205,0.003256373050817274
228,61,no_need,fc,40970,-0.0026360671163274674,0.002334349682314496,0.08161134312811606,0.002334349682314496
229,64,no_need,features,14723136,-0.007346034549442493,0.001244759058391054,0.7915018234201602,0.001244759058391054
229,64,no_need,classifier,18882560,-0.0021727623390006556,-0.00021234517708279554,0.10130862715220272,-0.00021234517708279554
229,64,no_need,fc,40970,-0.0017451661706218147,-0.0004389048608572921,0.075431483427993,-0.0004389048608572921
229,6,no_support,features,14723136,0.10577350630574145,-0.01625917938305932,4.977016126256355,-0.01625917938305932
229,6,no_support,classifier,18882560,0.004055055639128113,0.0005793225230377175,0.47965223064236506,0.0005793225230377175
229,6,no_support,fc,40970,0.006198839197168127,0.0003057533492096809,0.3260293224064642,0.0003057533492096809
229,96,no_support,features,14723136,0.03099278945558126,-0.015007986890122282,1.232861706997566,-0.015007986890122282
229,96,no_support,classifier,18882560,0.0056911424226200324,-0.0014573559601558372,0.15356260607468858,-0.0014573559601558372
229,96,no_support,fc,40970,0.0033774824514694046,-0.0008625300470157526,0.10725758966627039,-0.0008625300470157526
229,98,no_need,features,14723136,-0.013096410943209236,0.019892385752463326,0.7881881057832683,0.019892385752463326
229,98,no_need,classifier,18882560,0.0005845158118162885,0.00269817291336949,0.0984744598269289,0.00269817291336949
229,98,no_need,fc,40970,1.571150824020151e-05,0.001754595483362209,0.07018694964883236,0.001754595483362209
229,27,no_need,features,14723136,-0.027748635254020826,0.02462517372930151,0.46465401311053606,0.02462517372930151
229,27,no_need,classifier,18882560,-0.0015421758297406996,0.0006866845799322618,0.05741306417628987,0.0006866845799322618
229,27,no_need,fc,40970,-0.0008304388475153246,0.0001812695022636035,0.034414276744123964,0.0001812695022636035
229,71,active,features,14723136,0.005287397857641096,0.00408416296641434,0.5928861578128409,0.00408416296641434
229,71,active,classifier,18882560,0.0010063426989290747,5.90892044129987e-05,0.08803669255183962,5.90892044129987e-05
229,71,active,fc,40970,0.00020284053266550472,-0.0001453139532259229,0.05927225117417381,-0.0001453139532259229
229,18,active,features,14723136,0.01454305608205786,0.005454581106452139,0.6135047035854532,0.005454581106452139
229,18,active,classifier,18882560,0.0026842641059374728,0.0011809157124389458,0.09305633548982999,0.0011809157124389458
229,18,active,fc,40970,0.0017353755924887082,0.001034795855957782,0.0685743477856797,0.001034795855957782
229,3,no_need,features,14723136,-0.0013067470280248017,0.015304250542246933,0.539339097589393,0.015304250542246933
229,3,no_need,classifier,18882560,-0.0015678920200343782,0.0020910796274620225,0.0913574714598747,0.0020910796274620225
229,3,no_need,fc,40970,-0.0013204291817601188,0.0012880692393082427,0.06697860361826354,0.0012880692393082427
229,1,no_need,features,14723136,-0.00934726385763085,0.024765259216991353,0.7060575316073722,0.024765259216991353
229,1,no_need,classifier,18882560,-0.0001151736084139543,0.0025072334140077146,0.07881531497830378,0.0025072334140077146
229,1,no_need,fc,40970,-0.00013812200631946325,0.0016800558732938953,0.054669433191126514,0.0016800558732938953
229,95,no_need,features,14723136,-5.072126737854887,0.7670612440389277,5.786567990363551,0.7670612440389277
229,95,no_need,classifier,18882560,-0.0850520990024961,0.012631137828975625,0.7230188941497261,0.012631137828975625
229,95,no_need,fc,40970,-0.03238372117630206,0.004631621276530495,0.4368502874142165,0.004631621276530495
230,88,no_support,features,14723136,0.028321092854938,-0.015259046393893527,1.3835116642975827,-0.015259046393893527
230,88,no_support,classifier,18882560,0.0049467372064100346,-0.002311093698381228,0.1584518426089795,-0.002311093698381228
230,88,no_support,fc,40970,0.0039594079680682626,-0.0017574985495230067,0.1082682408946475,-0.0017574985495230067
230,90,no_support,features,14723136,0.00912214172113579,-0.003913649827675059,0.9246374531849975,-0.003913649827675059
230,90,no_support,classifier,18882560,0.004033902433093317,-0.0013790957143555715,0.18701362340439026,-0.0013790957143555715
230,90,no_support,fc,40970,0.002317239254807646,-0.0013360923867367092,0.14208516432428114,-0.0013360923867367092
230,96,no_need,features,14723136,-0.08008496564411871,0.032505303185857315,0.9125055397928515,0.032505303185857315
230,96,no_need,classifier,18882560,-0.0053963317188845394,0.0008585967005103612,0.15036284438067654,0.0008585967005103612
230,96,no_need,fc,40970,-0.0036836196759395534,0.0006081458188873512,0.10541501150087686,0.0006081458188873512
230,35,no_support,features,14723136,0.019235341695690522,-0.012282396295411502,0.814167599274087,-0.012282396295411502
230,35,no_support,classifier,18882560,0.0016760255230110488,-0.0014501621885756322,0.12027779781599161,-0.0014501621885756322
230,35,no_support,fc,40970,0.0022515331093018176,-0.0010177387985095265,0.09325050545919612,-0.0010177387985095265
230,69,no_support,features,14723136,0.01860705148840225,-0.010563804612914396,0.8809952711678097,-0.010563804612914396
230,69,no_support,classifier,18882560,0.0030116129919406376,0.00021440727302035612,0.12623326881880825,0.00021440727302035612
230,69,no_support,fc,40970,0.0028913357564306352,0.0002127715870301472,0.08805194033417431,0.0002127715870301472
230,11,active,features,14723136,0.004631086715603416,0.0025462029636535988,0.2782441069708176,0.0025462029636535988
230,11,active,classifier,18882560,0.0007526137645754716,0.0008158479081998848,0.03855461048932529,0.0008158479081998848
230,11,active,fc,40970,0.0005446348764053255,0.0005041364393036929,0.029553362312914097,0.0005041364393036929
230,60,no_need,features,14723136,-0.005205290900743619,0.007978565127331194,1.3689941515136181,0.007978565127331194
230,60,no_need,classifier,18882560,0.0017552066484540774,9.025418090757853e-05,0.22125007186640244,9.025418090757853e-05
230,60,no_need,fc,40970,0.001082886490621604,-0.00015366603065558593,0.1543037748614254,-0.00015366603065558593
230,48,no_support,features,14723136,0.013628632510847893,-0.004859759040360956,1.600424405041827,-0.004859759040360956
230,48,no_support,classifier,18882560,-0.004297028017390403,0.0005716201837913104,0.20434336700301892,0.0005716201837913104
230,48,no_support,fc,40970,-0.0037782716208312195,0.00033879387819979456,0.15892194453130232,0.00033879387819979456
230,23,no_need,features,14723136,-0.02914010080185392,0.009728524695375995,1.3226125410794185,0.009728524695375995
230,23,no_need,classifier,18882560,-0.004875067042348746,0.0020501629627460716,0.24735027254748024,0.0020501629627460716
230,23,no_need,fc,40970,-0.004195463076030137,0.0015075072460604133,0.16856125370950717,0.0015075072460604133
230,42,no_need,features,14723136,-0.020549512362279643,0.0014724104367438429,2.209245719218883,0.0014724104367438429
230,42,no_need,classifier,18882560,-0.004313687556987134,0.0006118651922051299,0.24266984532457647,0.0006118651922051299
230,42,no_need,fc,40970,-0.003136267228910583,0.00021673295145774318,0.1575700483592353,0.00021673295145774318
231,98,no_support,features,14723136,0.003029693199191996,-0.022193416092491702,0.9130214347700153,-0.022193416092491702
231,98,no_support,classifier,18882560,-0.0009257700251055212,-0.0032762336368250544,0.13918554863603064,-0.0032762336368250544
231,98,no_support,fc,40970,-0.0008046659781939525,-0.002169417781260563,0.10242832278378586,-0.002169417781260563
231,88,no_need,features,14723136,-0.32636420275048295,0.15621340720159083,1.105424047207733,0.15621340720159083
231,88,no_need,classifier,18882560,-0.007374902337232925,0.0016650052704676455,0.14774528274708731,0.0016650052704676455
231,88,no_need,fc,40970,-0.004237099556121393,0.0005000597593607381,0.10128000433589734,0.0005000597593607381
231,43,no_support,features,14723136,0.008502881032846688,-0.008671108357001245,0.9366759832799028,-0.008671108357001245
231,43,no_support,classifier,18882560,-0.0013947289530733542,-0.0008006060120351322,0.12297835245528933,-0.0008006060120351322
231,43,no_support,fc,40970,-0.0003345132122376526,-0.0010197335395787377,0.078906555603229,-0.0010197335395787377
231,57,no_support,features,14723136,0.008424090835518427,-0.007288430644432964,1.0312357707893143,-0.007288430644432964
231,57,no_support,classifier,18882560,0.003917628596354916,0.0005092631699312733,0.1776854603552909,0.0005092631699312733
231,57,no_support,fc,40970,0.003274760170825175,0.0007478933198399318,0.14006536114333942,0.0007478933198399318
231,48,no_need,features,14723136,-0.3143183984612392,0.1502837205754446,0.9618201150887843,0.1502837205754446
231,48,no_need,classifier,18882560,-0.0025705154725415014,0.0012836091323151777,0.16648584840634875,0.0012836091323151777
231,48,no_need,fc,40970,-0.003147105759126134,0.00044452577071751875,0.12957781258461976,0.00044452577071751875
231,99,no_need,features,14723136,-0.0006615240189411507,-0.01597355451041338,0.6766357099759699,-0.01597355451041338
231,99,no_need,classifier,18882560,-0.00280494972366796,-0.0029992221479915315,0.1350791025198875,-0.0029992221479915315
231,99,no_need,fc,40970,-0.0008178370972018456,-0.001010095048968651,0.09021662745859162,-0.001010095048968651
231,63,no_support,features,14723136,0.014013249508103343,-0.002812442618662203,2.346087133297954,-0.002812442618662203
231,63,no_support,classifier,18882560,0.0028412294082045264,-0.0009191133327703938,0.252975658072053,-0.0009191133327703938
231,63,no_support,fc,40970,0.0018311760759388562,-0.0005350111646293954,0.15960859683959003,-0.0005350111646293954
231,53,no_need,features,14723136,-0.010539193259916146,-0.002490681360129088,1.081169269421634,-0.002490681360129088
231,53,no_need,classifier,18882560,-0.0018111356098415854,-0.0009299093692334282,0.14011082946555456,-0.0009299093692334282
231,53,no_need,fc,40970,-0.0010028036449512001,-0.0007414721439999994,0.10502399726281664,-0.0007414721439999994
231,94,active,features,14723136,0.005283783966390843,0.010716109595991341,1.0219828067966865,0.010716109595991341
231,94,active,classifier,18882560,-0.004287864815751163,-6.53302725481808e-05,0.20934628407142858,-6.53302725481808e-05
231,94,active,fc,40970,-0.0005198434182602796,0.00014197868915744039,0.15188291971783408,0.00014197868915744039
231,55,active,features,14723136,0.020500880992720738,0.004799822738732473,0.8208528617968033,0.004799822738732473
231,55,active,classifier,18882560,0.0028310996922300546,-0.00025538798229263193,0.09966409657473088,-0.00025538798229263193
231,55,active,fc,40970,0.001926565453686635,-0.00017651804557772266,0.07765872684807924,-0.00017651804557772266
232,96,no_support,features,14723136,0.013719221156435424,-0.008385386403588768,0.5269886064359977,-0.008385386403588768
232,96,no_support,classifier,18882560,0.002013136029972884,0.0001584736655360075,0.08724118325728973,0.0001584736655360075
232,96,no_support,fc,40970,0.0015608426019753097,-0.00025007509361785196,0.061555724825995015,-0.00025007509361785196
232,75,active,features,14723136,0.003669708832930496,0.011456089975386163,0.5848848976664985,0.011456089975386163
232,75,active,classifier,18882560,0.0005577626446893191,0.0004200473467790289,0.08562085410883791,0.0004200473467790289
232,75,active,fc,40970,0.00020606672569556395,0.0007457131014234619,0.06017722509058291,0.0007457131014234619
232,74,no_support,features,14723136,0.018287392777601497,-0.011211308485343352,0.6425379788221743,-0.011211308485343352
232,74,no_support,classifier,18882560,0.00394423685838774,-0.0009833044209699437,0.1779775901511267,-0.0009833044209699437
232,74,no_support,fc,40970,0.0023198616590889287,-0.00065190860959774,0.13819006262442363,-0.00065190860959774
232,76,no_support,features,14723136,0.0042102866470514755,-0.00834923891347561,0.4618569142689283,-0.00834923891347561
232,76,no_support,classifier,18882560,0.0002832783436019781,-0.00018033058313449146,0.05386353567474695,-0.00018033058313449146
232,76,no_support,fc,40970,0.00010493734134797705,-0.00028240546453162096,0.041838195366026815,-0.00028240546453162096
232,39,no_need,features,14723136,-0.00764136738317589,0.006430737722656232,0.565297537753246,0.006430737722656232
232,39,no_need,classifier,18882560,-0.001067059739511933,0.0005722608933780293,0.05552179029863424,0.0005722608933780293
232,39,no_need,fc,40970,-0.0008064990070124622,0.00027093050823623344,0.0389694952271858,0.00027093050823623344
232,80,active,features,14723136,0.001719444996858499,0.0027972294976663648,0.545194808050519,0.0027972294976663648
232,80,active,classifier,18882560,0.0011013765431471256,-0.0004625099916779618,0.06600532907005469,-0.0004625099916779618
232,80,active,fc,40970,0.0009146496822722838,-7.019724057499843e-05,0.047812494961027206,-7.019724057499843e-05
232,34,no_support,features,14723136,0.03966677804967844,-0.007961692315683777,2.0272090467342623,-0.007961692315683777
232,34,no_support,classifier,18882560,0.004995246639737161,0.00032399557278495195,0.22296100071634958,0.00032399557278495195
232,34,no_support,fc,40970,0.005918027127336245,0.00031187736021820456,0.18010241956876205,0.00031187736021820456
232,12,no_support,features,14723136,0.00464542231929954,-0.0031622643521416194,1.0654475741483331,-0.0031622643521416194
232,12,no_support,classifier,18882560,0.0020732331782937763,-0.0007055278773009377,0.11528179948300503,-0.0007055278773009377
232,12,no_support,fc,40970,0.0014668623089164612,-0.0004021192446543864,0.08339007622427186,-0.0004021192446543864
232,60,active,features,14723136,0.0157156383816357,0.014608276065658288,1.5680733153488446,0.014608276065658288
232,60,active,classifier,18882560,0.0026361766317677393,0.0008196588964892726,0.2228304159069293,0.0008196588964892726
232,60,active,fc,40970,0.001592641654497129,0.00044764173310340993,0.1427696267554188,0.00044764173310340993
232,20,active,features,14723136,0.0026987152054473995,0.007486923199721218,0.6551036285081923,0.007486923199721218
232,20,active,classifier,18882560,0.001548278495647537,4.9635291333061105e-05,0.11623224490954319,4.9635291333061105e-05
232,20,active,fc,40970,0.0013713586558878887,-0.00023080625294369383,0.08608312823352782,-0.00023080625294369383
233,20,no_need,features,14723136,-0.5049742254753937,0.4560503334148507,0.8831198569779932,0.4560503334148507
233,20,no_need,classifier,18882560,-0.018006265102485486,0.0086307780570678,0.1401789758719208,0.0086307780570678
233,20,no_need,fc,40970,-0.009871767204458592,0.003691291300128796,0.09837638404647381,0.003691291300128796
233,47,active,features,14723136,0.026955746182743212,0.006476299646010375,0.7717347786025524,0.006476299646010375
233,47,active,classifier,18882560,0.0017797038362914464,0.001887085715907233,0.08987951465762338,0.001887085715907233
233,47,active,fc,40970,0.0012283847227081424,0.0012665887052207836,0.06744912343189999,0.0012665887052207836
233,38,no_need,features,14723136,-0.016258418228531468,-0.040930616597734115,0.6038363781676961,-0.040930616597734115
233,38,no_need,classifier,18882560,-0.005396713856043789,-0.007707731912887539,0.06943176084132649,-0.007707731912887539
233,38,no_need,fc,40970,-0.003228137928090291,-0.0053920056379865855,0.04528100100577993,-0.0053920056379865855
233,59,no_need,features,14723136,-0.0025122905216079516,0.008488860809322318,1.0355605678882536,0.008488860809322318
233,59,no_need,classifier,18882560,-0.0018133540279450244,0.0011234766712959754,0.12593566736106468,0.0011234766712959754
233,59,no_need,fc,40970,-0.0020465369689190993,0.0012298080382606713,0.09889960838901948,0.0012298080382606713
233,64,active,features,14723136,0.015157457012364262,0.004925857484355589,0.8499222649028986,0.004925857484355589
233,64,active,classifier,18882560,0.00264924069620065,0.0008010716606463575,0.12847083846170174,0.0008010716606463575
233,64,active,fc,40970,0.002705948581933626,0.000409812220823369,0.09375042217921402,0.000409812220823369
233,82,no_support,features,14723136,0.079560610783318,-0.006562175278933324,1.493773604966338,-0.006562175278933324
233,82,no_support,classifier,18882560,0.012736292670524563,-0.0017626257690608327,0.17484265969261825,-0.0017626257690608327
233,82,no_support,fc,40970,0.008725235260499176,-0.0013999942093505524,0.12546464891407305,-0.0013999942093505524
233,60,no_need,features,14723136,-0.1310724659131779,0.07498874789699528,0.5234366886083606,0.07498874789699528
233,60,no_need,classifier,18882560,-0.0034834807079278107,0.0037872186603635782,0.11894827850658228,0.0037872186603635782
233,60,no_need,fc,40970,-0.0010500453081476735,0.0016277956983685726,0.08272114633249697,0.0016277956983685726
233,45,active,features,14723136,0.01702536407103139,0.016806178261848714,0.776686608502626,0.016806178261848714
233,45,active,classifier,18882560,0.004055922248653587,0.005874684112313844,0.10610346660407707,0.005874684112313844
233,45,active,fc,40970,0.0023043421024340205,0.004003970043413574,0.06970414391189915,0.004003970043413574
233,63,active,features,14723136,0.03454438998498688,0.005228865755054102,0.852591035562623,0.005228865755054102
233,63,active,classifier,18882560,0.0059489140544428665,0.0006269253101152117,0.1273115693739868,0.0006269253101152117
233,63,active,fc,40970,0.004845415132876951,0.00045740635835045396,0.09353420778562778,0.00045740635835045396
233,85,no_need,features,14723136,-0.00652250937603327,0.014073649608135952,0.9136459685338809,0.014073649608135952
233,85,no_need,classifier,18882560,-0.0024878649219317595,0.002464600629537017,0.09427507616381176,0.002464600629537017
233,85,no_need,fc,40970,-0.0005774706423835596,0.00152034722850658,0.061718188431742156,0.00152034722850658
234,32,no_need,features,14723136,-0.03431351000381255,0.016772664411362825,1.037049989198658,0.016772664411362825
234,32,no_need,classifier,18882560,-0.00814567427005386,0.0031719989729026565,0.14907368329999485,0.0031719989729026565
234,32,no_need,fc,40970,-0.004814550407900242,0.0018581632484711008,0.09445822329483043,0.0018581632484711008
234,6,no_support,features,14723136,0.1116917655580778,0.0009940894914084453,3.9583727859645,0.0009940894914084453
234,6,no_support,classifier,18882560,0.013503425468115893,-0.0014641588837775998,0.5353706958438039,-0.0014641588837775998
234,6,no_support,fc,40970,0.012138588972447906,-0.0012682627748290543,0.3792300609606696,-0.0012682627748290543
234,51,no_need,features,14723136,-0.08193530796887671,0.016669276349425388,1.180203794117822,0.016669276349425388
234,51,no_need,classifier,18882560,-0.015457462142876466,0.003993084258354429,0.21735006614229094,0.003993084258354429
234,51,no_need,fc,40970,-0.011372241126082372,0.002372156887759047,0.17421426050126576,0.002372156887759047
234,4,no_support,features,14723136,0.01676526499449693,-0.008090142132605393,0.6722246617362355,-0.008090142132605393
234,4,no_support,classifier,18882560,0.001693988673594049,0.0005653516981567464,0.1044557899749741,0.0005653516981567464
234,4,no_support,fc,40970,0.0018500660407880787,-0.00023783418578204873,0.08067550338245902,-0.00023783418578204873
234,8,no_need,features,14723136,-0.015461968831246509,0.022038758121354363,0.8730935310124806,0.022038758121354363
234,8,no_need,classifier,18882560,-0.003549968372681178,0.0048018122142821085,0.1384012533163588,0.0048018122142821085
234,8,no_need,fc,40970,-0.0026388979304101667,0.0036225025814928813,0.10208569782341174,0.0036225025814928813
234,22,no_support,features,14723136,0.013953042226560797,-0.002541231769345842,0.8192783550326866,-0.002541231769345842
234,22,no_support,classifier,18882560,0.003387387350812787,-0.0017746690137983023,0.16006476346710952,-0.0017746690137983023
234,22,no_support,fc,40970,0.0012171686030342244,-0.0009254588376279571,0.10356347805052697,-0.0009254588376279571
234,72,no_support,features,14723136,0.023203864820075637,-0.010392116215790281,0.8329077464310428,-0.010392116215790281
234,72,no_support,classifier,18882560,0.0038071559886247996,-0.002182690458084835,0.09787146868942422,-0.002182690458084835
234,72,no_support,fc,40970,0.002456024209095631,-0.0015612578790751286,0.06560626460465804,-0.0015612578790751286
234,86,no_need,features,14723136,-0.07045989951382126,-0.011785466585159554,1.1202149266507127,-0.011785466585159554
234,86,no_need,classifier,18882560,-0.01189143040937779,-0.003782735209370003,0.1669555205834026,-0.003782735209370003
234,86,no_need,fc,40970,-0.0083854391668865,-0.0027892375219380483,0.12395063093868507,-0.0027892375219380483
234,55,no_support,features,14723136,0.05500384585444351,-0.020063273471073728,2.6334552700579312,-0.020063273471073728
234,55,no_support,classifier,18882560,0.005170927264771308,-0.0014870432917177823,0.26186141132373764,-0.0014870432917177823
234,55,no_support,fc,40970,0.0046853788808221,-0.0009920823995344108,0.17228990278175113,-0.0009920823995344108
234,12,active,features,14723136,0.013785555771320901,0.011309895357562993,0.5818813784628234,0.011309895357562993
234,12,active,classifier,18882560,0.0020125791722875874,0.0012279843371629795,0.07965165683726813,0.0012279843371629795
234,12,active,fc,40970,0.0015909084995655576,0.001219936822053569,0.05399225056092054,0.001219936822053569
235,45,active,features,14723136,0.01510895924824851,0.001562811035810796,0.8657757588134335,0.001562811035810796
235,45,active,classifier,18882560,0.0009096684539429134,0.0011588602828851435,0.18028795906899397,0.0011588602828851435
235,45,active,fc,40970,0.0008822246331874339,0.0004359839476819616,0.13148274131472262,0.0004359839476819616
235,71,no_need,features,14723136,-0.01130535802029442,0.009677607154884527,1.0426946054250599,0.009677607154884527
235,71,no_need,classifier,18882560,-0.0024492205652677512,0.0014384174170345432,0.1686728276578088,0.0014384174170345432
235,71,no_need,fc,40970,-0.0014264403216657229,0.0009035434109136986,0.11651373559679908,0.0009035434109136986
235,84,active,features,14723136,0.008627116730345108,0.003124405726289581,1.083505989403157,0.003124405726289581
235,84,active,classifier,18882560,0.0007486681513455551,0.00046028482734072895,0.15957737343159517,0.00046028482734072895
235,84,active,fc,40970,0.0008689322698955948,6.003624548611697e-06,0.11448641114401362,6.003624548611697e-06
235,65,active,features,14723136,0.0019739754331986603,0.0026486265378835583,0.7904188449225492,0.0026486265378835583
235,65,active,classifier,18882560,0.00016616991448969998,0.0009926848049985892,0.1106130887943814,0.0009926848049985892
235,65,active,fc,40970,-0.0002961026782486442,0.0007451908340954105,0.08136707124498112,0.0007451908340954105
235,61,no_support,features,14723136,0.01870867505425622,-0.009188340482143786,1.2754003398820426,-0.009188340482143786
235,61,no_support,classifier,18882560,0.0019220163057980244,-0.0006602460474027794,0.18755965107426653,-0.0006602460474027794
235,61,no_support,fc,40970,0.0016027522478907485,-0.0007529192803303886,0.12942927100556398,-0.0007529192803303886
235,83,no_need,features,14723136,-0.0067301830767778625,0.0035446673937542528,0.7959102462087575,0.0035446673937542528
235,83,no_need,classifier,18882560,0.0005942138081991288,0.00042624949676906,0.11356003717134694,0.00042624949676906
235,83,no_need,fc,40970,0.000727877604731475,0.0006692037004540907,0.0848381801875861,0.0006692037004540907
235,87,no_support,features,14723136,0.01512648205300593,-0.0016917571751235982,0.9664956950137963,-0.0016917571751235982
235,87,no_support,classifier,18882560,0.002276800955996805,-0.0002749932453838255,0.12150212438837352,-0.0002749932453838255
235,87,no_support,fc,40970,0.002388661821896676,-0.0007686684002692346,0.09098133190769106,-0.0007686684002692346
235,53,active,features,14723136,0.01784411243416173,0.0014893608171107076,1.0228783950335651,0.0014893608171107076
235,53,active,classifier,18882560,0.0023004297455599954,0.00017063741896805595,0.14993903974453995,0.00017063741896805595
235,53,active,fc,40970,0.0022160431672091363,-6.77944801736885e-05,0.11115984088599563,-6.77944801736885e-05
235,77,no_support,features,14723136,0.002466345343633769,-0.00440312584828817,0.7893271716941166,-0.00440312584828817
235,77,no_support,classifier,18882560,0.0001122727191571471,2.3481882891474015e-06,0.11546641670533378,2.3481882891474015e-06
235,77,no_support,fc,40970,0.0002751606982656085,-4.270111816140343e-05,0.0772490890033515,-4.270111816140343e-05
235,51,no_need,features,14723136,-0.012987020135771132,0.03455113314472413,0.5217950201358657,0.03455113314472413
235,51,no_need,classifier,18882560,0.0018372905024079955,0.0018161118628086115,0.08971279327446402,0.0018161118628086115
235,51,no_need,fc,40970,0.0018610811021062545,0.0019718622952495934,0.07216628954603219,0.0019718622952495934
236,13,no_support,features,14723136,0.015874946002497836,-0.00455828638267608,1.506084149969737,-0.00455828638267608
236,13,no_support,classifier,18882560,0.002730684589323573,-0.0004318681580741668,0.16068976288833456,-0.0004318681580741668
236,13,no_support,fc,40970,0.0017545497339597205,-0.0002894171636853571,0.11197487458793523,-0.0002894171636853571
236,71,no_need,features,14723136,-0.18324764566705198,0.137997882387765,0.8233786252683001,0.137997882387765
236,71,no_need,classifier,18882560,-0.006282102354816743,0.004815732244878745,0.13952585498032874,0.004815732244878745
236,71,no_need,fc,40970,-0.0032552211505390005,0.0027478499550852575,0.10311169694803149,0.0027478499550852575
236,56,active,features,14723136,0.012026562413936404,0.011586811652492202,1.0312834900124372,0.011586811652492202
236,56,active,classifier,18882560,0.00347775699401609,0.0003820533688525529,0.115747852030874,0.0003820533688525529
236,56,active,fc,40970,0.0019479158763715532,0.0003151417639060128,0.08959381243275635,0.0003151417639060128
236,63,no_need,features,14723136,-0.001197937680871064,-0.0008854547124101941,0.8461490802516368,-0.0008854547124101941
236,63,no_need,classifier,18882560,-0.0031838164807140856,0.00015399421170059213,0.11366839749328739,0.00015399421170059213
236,63,no_need,fc,40970,-0.002546911395256757,0.00015180147374849184,0.08400757290415217,0.00015180147374849184
236,49,no_need,features,14723136,-0.0024539425359009215,-0.022756659890774245,0.6405416275075212,-0.022756659890774245
236,49,no_need,classifier,18882560,-0.001499886581541432,-0.007907341173449822,0.08011884802287335,-0.007907341173449822
236,49,no_need,fc,40970,-0.0005121805452290573,-0.005446263843623456,0.062185937293169104,-0.005446263843623456
236,44,no_need,features,14723136,-0.007248750367899959,0.0033924002038077106,0.7461743981181251,0.0033924002038077106
236,44,no_need,classifier,18882560,-0.001546618735744687,-0.00017598394433093745,0.13140745713720262,-0.00017598394433093745
236,44,no_need,fc,40970,-0.002208494113801862,5.349202842808154e-05,0.0989753968574364,5.349202842808154e-05
236,85,no_support,features,14723136,0.018629634524543803,-0.007835769551832072,0.801692889440314,-0.007835769551832072
236,85,no_support,classifier,18882560,0.002096405594670614,-0.0006909567979960229,0.08660788986182086,-0.0006909567979960229
236,85,no_support,fc,40970,0.001929815909534227,-0.00035480865562931285,0.05835336302199022,-0.00035480865562931285
236,76,no_need,features,14723136,-0.007797257283808534,0.009095124572413127,0.9521302342810878,0.009095124572413127
236,76,no_need,classifier,18882560,-0.0006580797107176295,0.0013412044409051305,0.1151691533705252,0.0013412044409051305
236,76,no_need,fc,40970,-0.0001126804900195566,0.0007570264297100948,0.08013396428315707,0.0007570264297100948
236,50,no_need,features,14723136,-0.0030951466958022422,0.003036154867182006,1.2514048172735162,0.003036154867182006
236,50,no_need,classifier,18882560,-0.003157569532504567,0.0014677784042760322,0.15405491613691796,0.0014677784042760322
236,50,no_need,fc,40970,-0.0019352053041075123,0.0006189585924403218,0.10991399170851629,0.0006189585924403218
236,93,no_need,features,14723136,-0.02382430174776573,-0.01516780476050883,1.0375702451169972,-0.01516780476050883
236,93,no_need,classifier,18882560,-0.005977062512556586,-0.0019353150184997503,0.12390835909952215,-0.0019353150184997503
236,93,no_need,fc,40970,-0.0037309274757717503,-0.000740578094337252,0.09168853150833865,-0.000740578094337252
237,45,no_support,features,14723136,0.018409812161653605,-0.011262639248485584,0.7022256590822151,-0.011262639248485584
237,45,no_support,classifier,18882560,0.0010835593915317077,-0.0010444192653267237,0.10747687439032519,-0.0010444192653267237
237,45,no_support,fc,40970,0.001220793718857749,-0.00028987239784328267,0.07770282120102118,-0.00028987239784328267
237,52,no_need,features,14723136,-0.0049988651236319015,0.002060955587467106,0.46166344501770423,0.002060955587467106
237,52,no_need,classifier,18882560,-0.0022386574962638406,0.0012153210174687956,0.0837918678959993,0.0012153210174687956
237,52,no_need,fc,40970,-0.001162975773695507,0.0006715763945521758,0.06571932048727384,0.0006715763945521758
237,95,active,features,14723136,0.029194149458007246,0.008195593581334037,3.6876479361078887,0.008195593581334037
237,95,active,classifier,18882560,-0.0066699980561679695,0.00029123370033801166,0.40894772667147583,0.00029123370033801166
237,95,active,fc,40970,-0.004765647106978577,9.975347597901418e-05,0.24764863626039596,9.975347597901418e-05
237,68,no_need,features,14723136,-0.03010510112369502,-0.009314661071861963,0.5328004000370707,-0.009314661071861963
237,68,no_need,classifier,18882560,-0.005318140947565553,-0.0018096878429787466,0.09466824041145944,-0.0018096878429787466
237,68,no_need,fc,40970,-0.003487698355456814,-0.0012552570224215742,0.07839873364123519,-0.0012552570224215742
237,64,active,features,14723136,0.025720321476768504,0.01021190466801869,1.0920193666877633,0.01021190466801869
237,64,active,classifier,18882560,0.0061732786080028745,0.0004892490520518322,0.141845529722569,0.0004892490520518322
237,64,active,fc,40970,0.0029264052463986445,0.0006802136881560727,0.10667467113792647,0.0006802136881560727
237,15,active,features,14723136,0.013978568031689065,0.01053204852443912,0.9117724637215658,0.01053204852443912
237,15,active,classifier,18882560,0.0026131166671348183,0.00022987388746287252,0.1124038306247333,0.00022987388746287252
237,15,active,fc,40970,0.001671474075919832,-5.205533284424746e-05,0.08029191261080353,-5.205533284424746e-05
237,29,no_need,features,14723136,-0.06082010659531534,0.06238300381394879,0.8870414625764133,0.06238300381394879
237,29,no_need,classifier,18882560,-0.00962905481173948,0.007858524425500946,0.18761556435950955,0.007858524425500946
237,29,no_need,fc,40970,-0.0065917205738514895,0.004768303073433344,0.147515160652305,0.004768303073433344
237,54,no_support,features,14723136,0.017505410664668375,-0.00026453938249559883,1.3781910175718664,-0.00026453938249559883
237,54,no_support,classifier,18882560,0.0038134234773679054,-0.0010306427174100463,0.16540530995908737,-0.0010306427174100463
237,54,no_support,fc,40970,0.0024700089525140356,-0.0009113203141168924,0.12545684603826662,-0.0009113203141168924
237,43,active,features,14723136,0.011643194670977408,0.027118940235496325,0.5925249087559233,0.027118940235496325
237,43,active,classifier,18882560,0.002755403860419392,0.0024838669758082688,0.0827935959448327,0.0024838669758082688
237,43,active,fc,40970,0.001004314904093917,0.001298558427606622,0.049856998020041836,0.001298558427606622
237,93,no_need,features,14723136,-0.2865500285592475,0.23837309958850028,0.8151761506149288,0.23837309958850028
237,93,no_need,classifier,18882560,-0.00099377311033777,0.005363630308693246,0.09558678818215183,0.005363630308693246
237,93,no_need,fc,40970,-0.0002453802217132761,0.0028611519919650164,0.0681320446292699,0.0028611519919650164
238,58,no_support,features,14723136,0.01370750622874084,-0.00989564924785924,0.7583965233889871,-0.00989564924785924
238,58,no_support,classifier,18882560,0.0019133154797827956,-0.0012938993215811934,0.1078490995410355,-0.0012938993215811934
238,58,no_support,fc,40970,0.000952681840317382,-0.0006668898743100726,0.07694408349279273,-0.0006668898743100726
238,70,active,features,14723136,0.017180089249563935,0.004048812181558503,0.7516715081861576,0.004048812181558503
238,70,active,classifier,18882560,0.002381235357688638,0.0006889658052955383,0.12569957670598794,0.0006889658052955383
238,70,active,fc,40970,0.0012535246733023087,0.00015224475237118895,0.09238182233852278,0.00015224475237118895
238,25,no_need,features,14723136,0.0003128111207360007,0.003349849549330486,1.064916717074208,0.003349849549330486
238,25,no_need,classifier,18882560,-0.0016387436049853932,0.0002178472077787319,0.15558554921381243,0.0002178472077787319
238,25,no_need,fc,40970,-0.002030449371886789,0.00011449848182110145,0.11582914907542007,0.00011449848182110145
238,56,no_support,features,14723136,0.016568991546890288,-0.001011665839179443,1.1271679087660458,-0.001011665839179443
238,56,no_support,classifier,18882560,0.006274572358051955,-0.0017335212016860169,0.193662952781269,-0.0017335212016860169
238,56,no_support,fc,40970,0.005260275480395649,-0.0011563198604562785,0.14606975268923442,-0.0011563198604562785
238,87,no_need,features,14723136,-0.004845848403395081,-0.00019119777297404994,1.6344195271838096,-0.00019119777297404994
238,87,no_need,classifier,18882560,-0.002601400832645595,0.00041646409914619653,0.17036402889570887,0.00041646409914619653
238,87,no_need,fc,40970,-0.002755541820079088,0.00047188638427542173,0.11682223089928674,0.00047188638427542173
238,27,no_support,features,14723136,0.0023354591393154323,-0.001175365595116773,0.7726817040884639,-0.001175365595116773
238,27,no_support,classifier,18882560,0.0007184831450786078,-0.0010781427029087354,0.093851151954282,-0.0010781427029087354
238,27,no_support,fc,40970,0.0003428685347444116,-0.0004933446962240851,0.06364339957245861,-0.0004933446962240851
238,94,no_support,features,14723136,0.008996915125905502,-0.008301412897179006,0.7359491703766672,-0.008301412897179006
238,94,no_support,classifier,18882560,0.0019488831771923287,-0.0005776187315404968,0.16006219505557995,-0.0005776187315404968
238,94,no_support,fc,40970,0.0014517051577058737,-0.00012356832371551718,0.1077500097999375,-0.00012356832371551718
238,1,no_support,features,14723136,0.0231048000243419,-0.01213154081300516,1.1143851925969177,-0.01213154081300516
238,1,no_support,classifier,18882560,0.003547285391960031,-0.0012499165002282098,0.13850656960738367,-0.0012499165002282098
238,1,no_support,fc,40970,0.0027914571091969265,-0.0008997990353236673,0.09241649257300692,-0.0008997990353236673
238,74,active,features,14723136,0.011129051343431229,0.0021856193757230358,0.6653060653557474,0.0021856193757230358
238,74,active,classifier,18882560,0.0027265312119197915,-0.0008650852826121991,0.19200697030165886,-0.0008650852826121991
238,74,active,fc,40970,0.0021927102552581346,-0.00048129439983313205,0.13662320485437007,-0.00048129439983313205
238,44,no_support,features,14723136,0.008389673335958747,-0.013849606248072632,1.3162035635643121,-0.013849606248072632
238,44,no_support,classifier,18882560,-0.0030762150158807344,-0.001383440816653092,0.18972755816837322,-0.001383440816653092
238,44,no_support,fc,40970,-0.003262856069341069,-0.00041145874183712294,0.13835898957567014,-0.00041145874183712294
239,2,active,features,14723136,0.0016179029024812053,0.006311960179758103,0.762362009378894,0.006311960179758103
239,2,active,classifier,18882560,0.0008003880418527842,0.00010273670116589528,0.09037839375446247,0.00010273670116589528
239,2,active,fc,40970,8.586041451508208e-05,-0.00025922161739799776,0.062445985474179615,-0.00025922161739799776
239,7,no_need,features,14723136,-0.04151549110376607,0.010190414983227924,0.9157685197607685,0.010190414983227924
239,7,no_need,classifier,18882560,-0.006972917525217781,0.001979542170715831,0.11523339066676018,0.001979542170715831
239,7,no_need,fc,40970,-0.004043244953209069,0.001195435359932162,0.08312201309519493,0.001195435359932162
239,31,no_need,features,14723136,-0.023917622361935287,-0.004451848832760064,1.0498729067652153,-0.004451848832760064
239,31,no_need,classifier,18882560,-0.0026056069166315865,-0.00017163332631753292,0.1040626883262871,-0.00017163332631753292
239,31,no_need,fc,40970,-0.0021198413660385995,0.00016894523071186995,0.07490386839186307,0.00016894523071186995
239,45,active,features,14723136,0.0007200397382973733,0.009767797046748683,0.5240651098261888,0.009767797046748683
239,45,active,classifier,18882560,0.0008175090619602088,0.0011245483510720078,0.0986956008194281,0.0011245483510720078
239,45,active,fc,40970,0.00047976994665077655,0.00041260824491473613,0.07267966403704074,0.00041260824491473613
239,81,no_support,features,14723136,0.004759585422199564,-0.006048270769262842,0.6940837874369565,-0.006048270769262842
239,81,no_support,classifier,18882560,7.319237198544215e-05,-0.0005039228660734807,0.1059270941716141,-0.0005039228660734807
239,81,no_support,fc,40970,-0.00037682265929106507,-0.000580543670366751,0.0746873162141357,-0.000580543670366751
239,62,active,features,14723136,0.010656492097798065,0.003889285248490637,1.353471268905367,0.003889285248490637
239,62,active,classifier,18882560,0.0009379182121591612,0.0008335184547263452,0.2109007569435266,0.0008335184547263452
239,62,active,fc,40970,-0.0003018918232555734,0.0008053959254539222,0.15606904079653236,0.0008053959254539222
239,23,no_need,features,14723136,-0.021377291926846453,-0.011400014278038384,0.49149126262970705,-0.011400014278038384
239,23,no_need,classifier,18882560,-0.007071233874739846,-0.0015137107046712117,0.1533923778368026,-0.0015137107046712117
239,23,no_need,fc,40970,-0.00305846050287073,-0.00038414059054048266,0.1084487293680611,-0.00038414059054048266
239,97,active,features,14723136,0.01786471083870822,0.004510905357697936,0.7712669521673386,0.004510905357697936
239,97,active,classifier,18882560,0.002213440590139726,0.0011892990726209973,0.10914155349691769,0.0011892990726209973
239,97,active,fc,40970,0.0013380259424593532,0.00044145795800432097,0.07326819760198675,0.00044145795800432097
239,18,no_need,features,14723136,-0.02942991765161196,0.013447966985168591,1.3486530995825847,0.013447966985168591
239,18,no_need,classifier,18882560,-0.006040084530923195,0.00254141853793044,0.18170529068254038,0.00254141853793044
239,18,no_need,fc,40970,-0.003561720222933218,0.0013006267217861023,0.1288315503119936,0.0013006267217861023
239,27,no_need,features,14723136,-0.05962896630953196,0.05759806177149329,0.5599343422970501,0.05759806177149329
239,27,no_need,classifier,18882560,-0.002139804525540967,0.00043346479635175683,0.0615581859667309,0.00043346479635175683
239,27,no_need,fc,40970,-0.001153700105533062,0.00033750953502931225,0.04014274117984473,0.00033750953502931225
240,25,no_support,features,14723136,0.0403829739670698,-0.02198599086703723,1.6230784501936149,-0.02198599086703723
240,25,no_support,classifier,18882560,0.0016680022931723215,-0.00213267574395104,0.15566141774531206,-0.00213267574395104
240,25,no_support,fc,40970,0.0008038032547119656,-0.0011975602883467218,0.10176537961390102,-0.0011975602883467218
240,13,no_support,features,14723136,0.033611351195190764,-0.0076827980523503925,1.0616792366546455,-0.0076827980523503925
240,13,no_support,classifier,18882560,0.004784837728493585,-0.000912417020117573,0.14590444176594117,-0.000912417020117573
240,13,no_support,fc,40970,0.0026841380840778584,-0.00017126931857092131,0.10343175100753202,-0.00017126931857092131
240,40,no_need,features,14723136,-0.004622411919838143,-0.007660970117058241,0.8397362941773635,-0.007660970117058241
240,40,no_need,classifier,18882560,-0.0005519284161437099,-0.0010702595629936695,0.13091301275033546,-0.0010702595629936695
240,40,no_need,fc,40970,-0.0006748386067556567,-0.0007992412197381782,0.10158646112420458,-0.0007992412197381782
240,64,no_need,features,14723136,-0.0020523604233311232,-0.0017331097646291482,0.679041395311083,-0.0017331097646291482
240,64,no_need,classifier,18882560,0.0008427337377270305,0.00015843758289690868,0.0931374279573639,0.00015843758289690868
240,64,no_need,fc,40970,0.00048647024641468306,-9.658628187025897e-06,0.07406240561986734,-9.658628187025897e-06
240,52,no_need,features,14723136,-0.02773028742507222,-0.0021354580230941167,1.2447362425622208,-0.0021354580230941167
240,52,no_need,classifier,18882560,-0.006425486239550082,0.000810530902526807,0.12532213849462737,0.000810530902526807
240,52,no_need,fc,40970,-0.0033331379454466514,0.0003847458956443006,0.09061574280382725,0.0003847458956443006
240,44,active,features,14723136,0.019534839501503143,0.008262656796787837,0.585863932653028,0.008262656796787837
240,44,active,classifier,18882560,0.00089717634665476,0.0004409283104962469,0.07880529624665268,0.0004409283104962469
240,44,active,fc,40970,0.0009884112828331126,0.00015854441483043047,0.06221831066784181,0.00015854441483043047
240,22,no_need,features,14723136,-0.08813792181626923,0.01970337182783055,1.7931465142165588,0.01970337182783055
240,22,no_need,classifier,18882560,-0.015519892076554243,0.001814839640246646,0.2465242159336373,0.001814839640246646
240,22,no_need,fc,40970,-0.009853030634985771,0.0015662028317819932,0.16928488657477905,0.0015662028317819932
240,48,active,features,14723136,-0.0017990857613128242,-0.00013791496083115362,0.6618260930420962,-0.00013791496083115362
240,48,active,classifier,18882560,0.001650071183576074,0.0023890785166713613,0.11558973202086237,0.0023890785166713613
240,48,active,fc,40970,0.0016424262030341197,0.0017795614039641805,0.08878181640648967,0.0017795614039641805
240,3,no_support,features,14723136,0.026349834130158456,-0.016412815929637503,0.8508106314209406,-0.016412815929637503
240,3,no_support,classifier,18882560,0.003346561397847836,-0.001154815543031873,0.10613759391952697,-0.001154815543031873
240,3,no_support,fc,40970,0.0026085658464580774,-0.0006326907137008675,0.07586957935594102,-0.0006326907137008675
240,46,active,features,14723136,0.007959475292139473,0.005383452935326716,0.9919003146902851,0.005383452935326716
240,46,active,classifier,18882560,0.001187323156699449,-0.00045275877272388243,0.1949501099272513,-0.00045275877272388243
240,46,active,fc,40970,-0.00029298618392203934,-0.0005547026348722284,0.15045958579352303,-0.0005547026348722284
241,84,no_need,features,14723136,-0.02650866633652882,-0.01992065579926816,0.8003960758363342,-0.01992065579926816
241,84,no_need,classifier,18882560,-0.0040372077410211205,-0.0035138122232183377,0.10604293789344466,-0.0035138122232183377
241,84,no_need,fc,40970,-0.002408016869594576,-0.0018181051063947962,0.07511801943471962,-0.0018181051063947962
241,9,no_support,features,14723136,0.027075815838754735,-0.008261813233575666,0.673355951527366,-0.008261813233575666
241,9,no_support,classifier,18882560,0.0038107495652184298,-0.00022226683250892165,0.08092810911512695,-0.00022226683250892165
241,9,no_support,fc,40970,0.002912890389779932,-8.625673444839776e-06,0.0588748684792127,-8.625673444839776e-06
241,72,no_support,features,14723136,0.05096083944641805,-0.006410803576743618,1.1697247779037172,-0.006410803576743618
241,72,no_support,classifier,18882560,0.005018922626732092,0.000392537626282774,0.12683370677604233,0.000392537626282774
241,72,no_support,fc,40970,0.0027960112511209445,0.00023349294224317418,0.08402532869675573,0.00023349294224317418
241,56,no_need,features,14723136,-0.0030619312914197394,-0.02526015772062351,1.0926318892684317,-0.02526015772062351
241,56,no_need,classifier,18882560,-0.0021205509544870438,-0.003935349328912707,0.14125638125363954,-0.003935349328912707
241,56,no_need,fc,40970,-0.001541520035971189,-0.002157277909645927,0.11879554714410372,-0.002157277909645927
241,13,no_need,features,14723136,-0.18102580893167897,0.11913434170537585,0.9386404032114197,0.11913434170537585
241,13,no_need,classifier,18882560,-0.007535231042311352,0.0035131280619680183,0.14421049289195054,0.0035131280619680183
241,13,no_need,fc,40970,-0.004769035473145777,0.0021915795896347845,0.10817756810151753,0.0021915795896347845
241,98,active,features,14723136,0.009084894517783937,0.0063197322184862514,0.3967972646182524,0.0063197322184862514
241,98,active,classifier,18882560,0.0022863110650632734,0.002583700874765782,0.060893244252867344,0.002583700874765782
241,98,active,fc,40970,0.0012110204552300274,0.0011642433655651985,0.043479180252320254,0.0011642433655651985
241,21,no_need,features,14723136,-0.018419613858846162,0.007324599313214719,1.0110643845911476,0.007324599313214719
241,21,no_need,classifier,18882560,-0.003524661983419719,0.0016466494274709476,0.11225762461058872,0.0016466494274709476
241,21,no_need,fc,40970,-0.001671751227149798,0.0006326217262540013,0.07973839965971014,0.0006326217262540013
241,79,active,features,14723136,0.016225168493093634,0.004086903128371233,1.551895087312868,0.004086903128371233
241,79,active,classifier,18882560,0.003052130305150058,0.0008313586072290491,0.22387077409936615,0.0008313586072290491
241,79,active,fc,40970,0.0026591722198645584,0.0004882577893567941,0.15662945666183192,0.0004882577893567941
241,71,active,features,14723136,0.05154935215151113,0.02047236983925771,0.8168538168500123,0.02047236983925771
241,71,active,classifier,18882560,0.006435578216951399,0.0027221740413096995,0.14209086873560547,0.0027221740413096995
241,71,active,fc,40970,0.004542022808891488,0.0011144949280605942,0.10429496783693748,0.0011144949280605942
241,32,no_support,features,14723136,0.007408496412722343,-8.218744810051248e-05,0.8222288002771986,-8.218744810051248e-05
241,32,no_support,classifier,18882560,-0.0005266363312586009,0.00025164410243405655,0.10114138803008381,0.00025164410243405655
241,32,no_support,fc,40970,-0.0009563818684910075,-0.0003063330061650049,0.06441893945768633,-0.0003063330061650049
242,32,no_need,features,14723136,-0.18268256346755152,0.15355870876413746,0.8370909596073872,0.15355870876413746
242,32,no_need,classifier,18882560,-0.004249254785008816,0.003642203326762683,0.10831115083073406,0.003642203326762683
242,32,no_need,fc,40970,-0.0016530079260519415,0.0017063579844034393,0.06943343142356019,0.0017063579844034393
242,2,no_support,features,14723136,0.008219205696192944,-0.008115928208969336,1.7803294455048244,-0.008115928208969336
242,2,no_support,classifier,18882560,-0.0015599997977915336,-0.00032187058555877,0.1802334181626378,-0.00032187058555877
242,2,no_support,fc,40970,-0.0016555022966713295,-1.0447289696458029e-05,0.1150268139447426,-1.0447289696458029e-05
242,36,no_need,features,14723136,-0.0005017084540526184,-0.013985394715241739,0.3131075555042897,-0.013985394715241739
242,36,no_need,classifier,18882560,-0.00010488828586119325,-0.0006254462048218556,0.05866716238914721,-0.0006254462048218556
242,36,no_need,fc,40970,6.39162964262141e-05,-0.00011916053699678741,0.044291866939884406,-0.00011916053699678741
242,91,no_support,features,14723136,0.008741074807065097,-0.013172277817588451,0.7460109760502153,-0.013172277817588451
242,91,no_support,classifier,18882560,0.0006084047292915784,-0.00046034471861844395,0.10053735283644807,-0.00046034471861844395
242,91,no_support,fc,40970,-0.00025863931909952953,-0.0006772224895712498,0.07723200680286899,-0.0006772224895712498
242,58,no_need,features,14723136,-0.0249101928844766,0.011586109981863046,1.3191793779080725,0.011586109981863046
242,58,no_need,classifier,18882560,-0.00460925318475347,0.002049859167982504,0.1681236805132014,0.002049859167982504
242,58,no_need,fc,40970,-0.0029498365347535582,0.0015110295853446587,0.11145656089698112,0.0015110295853446587
242,81,no_need,features,14723136,-0.002117869221251567,-0.0119331551299382,0.8150673793685733,-0.0119331551299382
242,81,no_need,classifier,18882560,-0.0027460818141662457,-0.0014485619160495844,0.13055346529095818,-0.0014485619160495844
242,81,no_need,fc,40970,-0.0017068171109713148,-0.00024644759423608775,0.09249722102837099,-0.00024644759423608775
242,87,no_need,features,14723136,-0.001502166137147043,0.01954557068283691,0.41677680905230985,0.01954557068283691
242,87,no_need,classifier,18882560,7.185635354289843e-06,0.0012942997724394445,0.06097360872807205,0.0012942997724394445
242,87,no_need,fc,40970,0.00016843286562107096,0.001179172872525669,0.04390168728569931,0.001179172872525669
242,68,no_support,features,14723136,0.03817204757710613,-0.006971867620258365,2.1735648361508164,-0.006971867620258365
242,68,no_support,classifier,18882560,0.004564386855690827,-0.0002574849141865343,0.2190209301653794,-0.0002574849141865343
242,68,no_support,fc,40970,0.003221414679501322,-0.00024158683663699776,0.15249552075491754,-0.00024158683663699776
242,25,no_support,features,14723136,0.009844035415405017,-0.0047464301216848526,0.49678203092220785,-0.0047464301216848526
242,25,no_support,classifier,18882560,0.00013145012489701458,-0.0021988888652231253,0.05597756847684388,-0.0021988888652231253
242,25,no_support,fc,40970,0.0004881226268480532,-0.0010558563353697537,0.04080372860675517,-0.0010558563353697537
242,5,no_support,features,14723136,0.006073220694005954,-0.018614183143313312,1.5934312586211918,-0.018614183143313312
242,5,no_support,classifier,18882560,0.00031245840821725324,-0.0011614840370839374,0.20749072884783354,-0.0011614840370839374
242,5,no_support,fc,40970,-0.0001842511355789611,-0.0005189192531815934,0.13730320250488082,-0.0005189192531815934
243,25,no_need,features,14723136,-0.09202982614084476,0.14188630790050638,0.4532178923098874,0.14188630790050638
243,25,no_need,classifier,18882560,-0.0023494412891977845,0.003186988798006496,0.06002935467145122,0.003186988798006496
243,25,no_need,fc,40970,-0.0015006668991190963,0.0017631096834520577,0.046364206975517186,0.0017631096834520577
243,41,active,features,14723136,0.003135213510621071,0.00364399453692954,0.765915920807311,0.00364399453692954
243,41,active,classifier,18882560,-0.0006759420402744354,1.5360871600478276e-05,0.10324550928047495,1.5360871600478276e-05
243,41,active,fc,40970,-0.00029103266024321783,0.0005285759934849921,0.07501522755341904,0.0005285759934849921
243,74,no_support,features,14723136,0.03373153274466745,-0.012978506963747805,1.1453836705073437,-0.012978506963747805
243,74,no_support,classifier,18882560,0.003184285905717843,-0.001021576789582923,0.2445405758867736,-0.001021576789582923
243,74,no_support,fc,40970,0.0019905522603949066,-0.00042988266204702086,0.17402481047352808,-0.00042988266204702086
243,21,no_support,features,14723136,0.04354883407766863,-0.0043387012375921685,1.2139623642796609,-0.0043387012375921685
243,21,no_support,classifier,18882560,0.003915325488378585,0.00030342770358515736,0.12833056311718669,0.00030342770358515736
243,21,no_support,fc,40970,0.0030353919537446927,6.234157535800477e-05,0.08964351560792803,6.234157535800477e-05
243,97,no_need,features,14723136,0.0012803473112228386,-0.013681173463481855,1.3761541775606176,-0.013681173463481855
243,97,no_need,classifier,18882560,-0.0010855857705109884,-0.0008372417102577856,0.1625133424196548,-0.0008372417102577856
243,97,no_need,fc,40970,-0.0005984416138744564,-0.0002504164641550233,0.10273456272931736,-0.0002504164641550233
243,69,no_need,features,14723136,-0.0018710311755612001,0.00792991087641326,1.0041616478169832,0.00792991087641326
243,69,no_need,classifier,18882560,0.0002876653785790495,0.0008307645203444736,0.12175177624700194,0.0008307645203444736
243,69,no_need,fc,40970,0.00035148661118000746,0.00041672663246572483,0.09106419157528838,0.00041672663246572483
243,4,no_need,features,14723136,-0.01614603205904075,-0.0017228418019961111,0.9692865431521075,-0.0017228418019961111
243,4,no_need,classifier,18882560,-0.0009384989216414397,-0.0013324163919037346,0.14398915347381802,-0.0013324163919037346
243,4,no_need,fc,40970,6.459275618908578e-05,-0.0006700823262235645,0.11719789328531027,-0.0006700823262235645
243,17,active,features,14723136,0.017119638594905954,0.02520674272558665,1.0835164371372432,0.02520674272558665
243,17,active,classifier,18882560,0.0024472076470374304,0.004014211827552572,0.19003515288592185,0.004014211827552572
243,17,active,fc,40970,0.0007765088303131051,0.001942543221048254,0.13958468859894815,0.001942543221048254
243,3,no_need,features,14723136,-0.013376986434579408,0.021755623452435202,0.4693073684341788,0.021755623452435202
243,3,no_need,classifier,18882560,-0.0023713220082299813,0.0012613044714271382,0.09476618236679404,0.0012613044714271382
243,3,no_need,fc,40970,-0.001087055449829677,0.0006177536338327627,0.07172215886806195,0.0006177536338327627
243,88,no_need,features,14723136,-0.005995216937805026,-0.007875235536175751,0.40239178782104496,-0.007875235536175751
243,88,no_need,classifier,18882560,-0.0015561965765300556,-0.0012483481232266058,0.07602020708750248,-0.0012483481232266058
243,88,no_need,fc,40970,-0.0004635249003968056,-0.0007855559865674877,0.054702669955624394,-0.0007855559865674877
244,80,no_need,features,14723136,-0.0017304036312140168,0.004621902015664148,0.5967633442292269,0.004621902015664148
244,80,no_need,classifier,18882560,-0.0018560978990080912,0.0012895089715811991,0.07687471091253768,0.0012895089715811991
244,80,no_need,fc,40970,-0.0013151264556654496,0.0008886979430826614,0.05514235951824121,0.0008886979430826614
244,19,no_need,features,14723136,-0.028470782864360444,0.019441934712894238,1.1231105009874913,0.019441934712894238
244,19,no_need,classifier,18882560,-0.005900712197217217,0.003836319071979233,0.18719263709739167,0.003836319071979233
244,19,no_need,fc,40970,-0.002961840576972463,0.0020182046482659644,0.136810128932811,0.0020182046482659644
244,97,no_need,features,14723136,-0.11007629333042246,0.04496567687776576,0.5209796015696283,0.04496567687776576
244,97,no_need,classifier,18882560,-0.0018424533043344127,-0.00045678553971129077,0.061835593621549945,-0.00045678553971129077
244,97,no_need,fc,40970,-0.000798542635720878,-0.00031247507331499946,0.04145976611538942,-0.00031247507331499946
244,75,no_need,features,14723136,-0.012132472162512897,0.005801841119364326,0.6543734972685676,0.005801841119364326
244,75,no_need,classifier,18882560,-0.0026735944525171362,0.0009828870221326724,0.08643758070669952,0.0009828870221326724
244,75,no_need,fc,40970,-0.0019418297306401655,0.0005500772031155066,0.0594874496730532,0.0005500772031155066
244,60,no_need,features,14723136,-0.0022619784466044734,-0.024298870608092216,0.5256743316972872,-0.024298870608092216
244,60,no_need,classifier,18882560,-0.0012715232928712794,-0.0024908341729314998,0.11251486655977867,-0.0024908341729314998
244,60,no_need,fc,40970,-0.0006933276636118535,-0.0010781537775983452,0.08078393034582049,-0.0010781537775983452
244,93,no_need,features,14723136,-0.005108971293626752,0.009649761608613971,1.1079137146654054,0.009649761608613971
244,93,no_need,classifier,18882560,-0.0007879828064005778,0.0010486136960707881,0.15107982555750898,0.0010486136960707881
244,93,no_need,fc,40970,-0.00020231871440046234,0.0007763520543448976,0.09794250386123296,0.0007763520543448976
244,78,active,features,14723136,0.010408328434962755,0.008567044862772377,0.8458540285099002,0.008567044862772377
244,78,active,classifier,18882560,0.003296380029496504,-0.00016381749193783435,0.1601026298943249,-0.00016381749193783435
244,78,active,fc,40970,0.0026247098885505693,-0.0003103849014678417,0.12918777346758162,-0.0003103849014678417
244,40,no_need,features,14723136,-0.011325492641759638,0.0066418395275675834,1.091651738511638,0.0066418395275675834
244,40,no_need,classifier,18882560,0.0005515806645348675,-0.0012831992959263516,0.14845793280969316,-0.0012831992959263516
244,40,no_need,fc,40970,-0.00012706074630841613,-0.0008979675249065622,0.10600778618264622,-0.0008979675249065622
244,32,no_support,features,14723136,0.014712821484312855,-0.0016999270571744773,0.4585365319351565,-0.0016999270571744773
244,32,no_support,classifier,18882560,0.0025573780403647106,-0.0007642945436145965,0.08088672789917231,-0.0007642945436145965
244,32,no_support,fc,40970,0.0012042956168443197,-0.0005787364484604041,0.05606175509705236,-0.0005787364484604041
244,87,no_support,features,14723136,0.013002630305535945,-0.0012745275023036129,0.41024765259819285,-0.0012745275023036129
244,87,no_support,classifier,18882560,0.002357798111802367,-0.0016110956084958161,0.06223374645068103,-0.0016110956084958161
244,87,no_support,fc,40970,0.0015979081099430914,-0.001919639051266131,0.04818429383461251,-0.001919639051266131
245,70,no_support,features,14723136,0.02824616705120775,-0.00786427804383294,2.0109282634667043,-0.00786427804383294
245,70,no_support,classifier,18882560,0.0009815571006583923,0.00016751727611108436,0.27474231407929983,0.00016751727611108436
245,70,no_support,fc,40970,0.000746796875318978,-1.2181445526948664e-05,0.16465034782441146,-1.2181445526948664e-05
245,59,no_need,features,14723136,-0.01592175091656145,-0.002934424278322467,0.568880887330471,-0.002934424278322467
245,59,no_need,classifier,18882560,-0.0019376410788254361,-0.0002535859579921862,0.07987803963525826,-0.0002535859579921862
245,59,no_need,fc,40970,-0.0008454223245735193,-0.0005116838406138413,0.055382236415597016,-0.0005116838406138413
245,68,no_need,features,14723136,-0.023827059487814495,0.0033279558711427626,1.7520253856271566,0.0033279558711427626
245,68,no_need,classifier,18882560,-0.006193413873916143,0.0012770996379458666,0.19530709514832265,0.0012770996379458666
245,68,no_need,fc,40970,-0.004295590504625579,0.000840146660721075,0.13618307620246214,0.000840146660721075
245,16,no_need,features,14723136,-0.007117962480588602,-0.004713962165283192,0.9901518722260176,-0.004713962165283192
245,16,no_need,classifier,18882560,-0.0013081414881526143,-0.0017312944167997557,0.10077850824542667,-0.0017312944167997557
245,16,no_need,fc,40970,-0.0004434912189026363,-0.001604989011411817,0.06403081042537591,-0.001604989011411817
245,36,no_need,features,14723136,-0.03027972482797736,0.0349472163109823,0.737078197855365,0.0349472163109823
245,36,no_need,classifier,18882560,-0.002750561319544431,0.0031056051270752505,0.11070945320445531,0.0031056051270752505
245,36,no_need,fc,40970,-0.0006890339982419391,0.0011753391399906832,0.07621151514716736,0.0011753391399906832
245,72,active,features,14723136,0.014857761628704225,0.00757287855261346,0.7844972442454912,0.00757287855261346
245,72,active,classifier,18882560,0.002489927643637202,0.0009414427948968296,0.10079779223767908,0.0009414427948968296
245,72,active,fc,40970,0.0014314567306428216,0.0004527978994701698,0.06959033097626272,0.0004527978994701698
245,71,active,features,14723136,0.07547673817822442,0.006026064819735666,0.8569504762019943,0.006026064819735666
245,71,active,classifier,18882560,0.009389370181906997,0.002875855998240695,0.12518522211321526,0.002875855998240695
245,71,active,fc,40970,0.005418230792201939,0.0018699709871725645,0.08887649962379267,0.0018699709871725645
245,45,no_need,features,14723136,-0.016835960961266494,0.009039990068204773,0.6044814982606619,0.009039990068204773
245,45,no_need,classifier,18882560,-0.0029440959583553195,0.0012209146409531968,0.11830803266262387,0.0012209146409531968
245,45,no_need,fc,40970,-0.0018793342969729565,0.0009549905598760233,0.08236686078735628,0.0009549905598760233
245,91,no_need,features,14723136,-0.04029889235554407,0.03530833328886729,0.8574001040055133,0.03530833328886729
245,91,no_need,classifier,18882560,-0.0035181448508865287,0.0036641287420025037,0.11328364317667788,0.0036641287420025037
245,91,no_need,fc,40970,-0.0010760216382550425,0.002320846482689376,0.07560574767418247,0.002320846482689376
245,56,active,features,14723136,0.01018149072540453,0.0026589685591318357,0.8600225744769383,0.0026589685591318357
245,56,active,classifier,18882560,-0.0006525641587700193,0.001743502616591286,0.09468474170931301,0.001743502616591286
245,56,active,fc,40970,3.037289184248948e-05,0.0012376512295304565,0.07406982537133436,0.0012376512295304565
246,83,no_need,features,14723136,-0.008766616492337674,-0.010945703607138313,0.9860727582745664,-0.010945703607138313
246,83,no_need,classifier,18882560,-0.0011796154271763726,-0.0011173290754413756,0.14879283020136355,-0.0011173290754413756
246,83,no_need,fc,40970,-0.0004534641047939658,-0.0007334493793678121,0.1180807615084933,-0.0007334493793678121
246,81,no_support,features,14723136,0.0006676956464417572,-0.0054853776540007,0.919217927133192,-0.0054853776540007
246,81,no_support,classifier,18882560,0.00022603645416552354,5.5772716166302416e-05,0.10886050741575826,5.5772716166302416e-05
246,81,no_support,fc,40970,8.729656599371083e-05,-2.930485834440333e-06,0.0692653538093205,-2.930485834440333e-06
246,9,no_need,features,14723136,-0.014639392207222102,-0.0005101958844946353,0.970298883447344,-0.0005101958844946353
246,9,no_need,classifier,18882560,-0.0014409426094061928,-0.0005846721827538204,0.10534559740093366,-0.0005846721827538204
246,9,no_need,fc,40970,-0.000798237909521049,-0.0003013776604348095,0.07985033977720682,-0.0003013776604348095
246,39,no_need,features,14723136,-0.007693858305104939,0.005380194744198263,0.7333249341913619,0.005380194744198263
246,39,no_need,classifier,18882560,-0.0015532337330341761,0.001252452349945088,0.07793475711563827,0.001252452349945088
246,39,no_need,fc,40970,-0.0011003575809809263,0.0006496019659607555,0.049643219165645985,0.0006496019659607555
246,2,active,features,14723136,0.013819547521336517,0.009823029988531573,0.541823190834388,0.009823029988531573
246,2,active,classifier,18882560,0.0013436852345876105,0.0013586398309826109,0.07015220395823274,0.0013586398309826109
246,2,active,fc,40970,0.000717844464816153,0.0005489784884957771,0.047232304921502745,0.0005489784884957771
246,67,no_support,features,14723136,0.028105335015268906,-0.018560384265242647,2.0829079675853106,-0.018560384265242647
246,67,no_support,classifier,18882560,0.002578691746180084,-0.0020478634048686217,0.2320149249054059,-0.0020478634048686217
246,67,no_support,fc,40970,0.0008696725790287019,-0.0010831089562088891,0.15979210044100922,-0.0010831089562088891
246,66,no_need,features,14723136,-0.006609428366733283,-0.01902539596319741,0.2971933035142491,-0.01902539596319741
246,66,no_need,classifier,18882560,-0.0021117166349995387,-0.003180111011261033,0.05525561581031926,-0.003180111011261033
246,66,no_need,fc,40970,-0.0015742708083053003,-0.0015703778944953228,0.04338448706727437,-0.0015703778944953228
246,98,no_need,features,14723136,-0.016776913611763256,0.00887158894943596,0.6735310386513039,0.00887158894943596
246,98,no_need,classifier,18882560,-0.002362760521918972,-0.0002525762037635104,0.09549140202038317,-0.0002525762037635104
246,98,no_need,fc,40970,-0.0016007330104912398,-7.219165172500652e-05,0.06313078220055879,-7.219165172500652e-05
246,80,no_need,features,14723136,-0.0010556617845303151,-0.01014333893164121,0.8918732255553268,-0.01014333893164121
246,80,no_need,classifier,18882560,-0.001250341339073202,-0.0011487063134154596,0.08776095985463983,-0.0011487063134154596
246,80,no_need,fc,40970,-0.0004444958653948561,-0.000709349554426808,0.055570412352829224,-0.000709349554426808
246,51,no_need,features,14723136,-0.009687802347045249,-0.0011841207356564354,0.8306482371485663,-0.0011841207356564354
246,51,no_need,classifier,18882560,-0.00010539045565849392,-0.00145552155504447,0.15805644886116357,-0.00145552155504447
246,51,no_need,fc,40970,7.086367077135947e-06,-0.0007703299834247446,0.1372213231585762,-0.0007703299834247446
247,43,no_support,features,14723136,0.02647013920999086,-0.021518511357797365,0.7976425368779013,-0.021518511357797365
247,43,no_support,classifier,18882560,0.0024836941574903904,-0.0015358722008613768,0.10469464882152173,-0.0015358722008613768
247,43,no_support,fc,40970,0.0012307397091717576,-0.0006951218829271966,0.06567102238137336,-0.0006951218829271966
247,64,no_need,features,14723136,-0.0009966747440444128,-0.00028832020066715813,0.7942502106332086,-0.00028832020066715813
247,64,no_need,classifier,18882560,-0.0003389870400383188,-0.0002114073962928842,0.12014604579189991,-0.0002114073962928842
247,64,no_need,fc,40970,-0.0008298078350890137,-0.0004115864242066891,0.08666680485281587,-0.0004115864242066891
247,42,no_need,features,14723136,0.0012456724115175177,0.004472132971456766,1.5952877888561068,0.004472132971456766
247,42,no_need,classifier,18882560,-0.0011587014598148926,-0.00017295123987537409,0.16154066446066076,-0.00017295123987537409
247,42,no_need,fc,40970,-0.0008225804226640321,-2.7423272285886924e-05,0.09777628045061672,-2.7423272285886924e-05
247,4,no_support,features,14723136,0.013348603181285057,-0.003110458854923337,0.7743540322315673,-0.003110458854923337
247,4,no_support,classifier,18882560,0.0009073198344822231,0.00013707927018913324,0.1081422026913505,0.00013707927018913324
247,4,no_support,fc,40970,0.0008155640039149148,0.0002243735617639686,0.08153995031670726,0.0002243735617639686
247,78,no_support,features,14723136,0.011826327767131772,-0.012624367403574865,0.936123643392731,-0.012624367403574865
247,78,no_support,classifier,18882560,0.0023108620338234687,-0.002213246111978151,0.1660292630508289,-0.002213246111978151
247,78,no_support,fc,40970,0.0017149616860479,-0.0013455678081299993,0.1421254648378048,-0.0013455678081299993
247,0,no_support,features,14723136,0.012770432932043718,-0.02169187850080334,1.1310114965796956,-0.02169187850080334
247,0,no_support,classifier,18882560,0.0018613274172594174,-0.002231408146371905,0.17231007106846757,-0.002231408146371905
247,0,no_support,fc,40970,0.002152566557924729,-0.001720398110592214,0.14342103906326856,-0.001720398110592214
247,39,no_need,features,14723136,-0.2210954596822603,0.19108398486278944,0.8205908247018374,0.19108398486278944
247,39,no_need,classifier,18882560,-0.0011442276340289936,0.0013250752840008317,0.07475497621872823,0.0013250752840008317
247,39,no_need,fc,40970,-0.0002931619933406182,0.00047013880714530387,0.05162156075920847,0.00047013880714530387
247,57,no_need,features,14723136,-0.014095846123829858,0.00592547969880286,1.0589701478443718,0.00592547969880286
247,57,no_need,classifier,18882560,-0.0006811639885313525,1.2248193215214087e-05,0.19579315087533547,1.2248193215214087e-05
247,57,no_need,fc,40970,0.00046481266372211394,-5.365147899283329e-05,0.16983573755848544,-5.365147899283329e-05
247,37,no_support,features,14723136,0.021889233809815778,-0.0003396116185214737,0.829726918179424,-0.0003396116185214737
247,37,no_support,classifier,18882560,0.004502713707097428,-0.002159654942488487,0.19391866744187292,-0.002159654942488487
247,37,no_support,fc,40970,0.005113852363137994,-0.002431350030747126,0.1989230195474919,-0.002431350030747126
247,98,no_need,features,14723136,-0.031173262036340077,0.05018799358634851,0.5402089231121371,0.05018799358634851
247,98,no_need,classifier,18882560,0.0005262055466914717,0.001528540010326651,0.05877633500606071,0.001528540010326651
247,98,no_need,fc,40970,0.0005313915107763023,0.0006551642877639097,0.04160636348314139,0.0006551642877639097
248,11,no_support,features,14723136,0.020474592649179613,-0.020315482825139952,0.9592333939771894,-0.020315482825139952
248,11,no_support,classifier,18882560,0.004083871898274083,-0.003753439116053414,0.11951260816015107,-0.003753439116053414
248,11,no_support,fc,40970,0.003797680230491096,-0.0032217966800089926,0.08752908666759283,-0.0032217966800089926
248,6,no_need,features,14723136,-0.06911279408546986,0.006264638645451015,4.289752169601879,0.006264638645451015
248,6,no_need,classifier,18882560,-0.02218290578457527,0.0003011196192801435,0.5229420242223168,0.0003011196192801435
248,6,no_need,fc,40970,-0.02173209426109679,0.0002611731279102969,0.3886239869811766,0.0002611731279102969
248,16,no_support,features,14723136,0.027300518450704914,-0.004432150631934917,0.6465546001079732,-0.004432150631934917
248,16,no_support,classifier,18882560,0.0031908887140161823,-0.0001363408616974482,0.07480842859786656,-0.0001363408616974482
248,16,no_support,fc,40970,0.002446061018417822,9.186437409880455e-05,0.05330732093611922,9.186437409880455e-05
248,48,no_need,features,14723136,-0.06616459609676895,0.024621249349976893,1.691300898515746,0.024621249349976893
248,48,no_need,classifier,18882560,-0.012367469048513158,0.004597158874730667,0.21602720192735814,0.004597158874730667
248,48,no_need,fc,40970,-0.006685943662887439,0.0029596107196994126,0.17060868188433995,0.0029596107196994126
248,14,active,features,14723136,0.024218123504667233,0.029832921028599912,0.413148668687694,0.029832921028599912
248,14,active,classifier,18882560,0.0027302387247800652,0.004927014915210748,0.06856256976683339,0.004927014915210748
248,14,active,fc,40970,0.0014072011481403024,0.002799374293317669,0.05201236217085827,0.002799374293317669
248,19,no_need,features,14723136,-0.00960419609493357,0.01379109337375084,1.0296934263438902,0.01379109337375084
248,19,no_need,classifier,18882560,-0.002042505713461651,0.001609730049551672,0.09804947637410881,0.001609730049551672
248,19,no_need,fc,40970,-0.0008321198979501787,0.0018451994765200652,0.06811983205590215,0.0018451994765200652
248,68,no_need,features,14723136,-0.044119599878001736,-0.019874708695297727,1.7042134179782522,-0.019874708695297727
248,68,no_need,classifier,18882560,-0.009361827448628901,-0.0032321045976004825,0.17647922955071663,-0.0032321045976004825
248,68,no_need,fc,40970,-0.007700238005782012,-0.0019853998528560624,0.11302060403969462,-0.0019853998528560624
248,82,no_support,features,14723136,0.0033091718829041383,-0.009161885924015678,1.7481077038805628,-0.009161885924015678
248,82,no_support,classifier,18882560,0.0010694370073451864,-0.0003594480843389647,0.22630831262677142,-0.0003594480843389647
248,82,no_support,fc,40970,0.0021817005654156674,-0.00042512026402619085,0.16470089486111775,-0.00042512026402619085
248,94,active,features,14723136,-0.0026331317742887004,0.011498015866379774,1.0130062871881793,0.011498015866379774
248,94,active,classifier,18882560,0.003560019491942512,-0.00028503631261855844,0.2103042600376732,-0.00028503631261855844
248,94,active,fc,40970,-0.0005982389202472405,0.0005845941777806729,0.14300576296258916,0.0005845941777806729
248,39,no_need,features,14723136,-0.05419596484017575,0.01924748418012001,0.34254657328287175,0.01924748418012001
248,39,no_need,classifier,18882560,-0.0040330505851216,-0.001003097606371739,0.04174527953866057,-0.001003097606371739
248,39,no_need,fc,40970,-0.0030836403275316115,-0.0006839431835032883,0.03062184912895124,-0.0006839431835032883
249,0,no_support,features,14723136,0.08398886895173518,-0.0250601747508874,1.2210326693188895,-0.0250601747508874
249,0,no_support,classifier,18882560,0.009664705746217805,-0.0017854574259672518,0.1695231310789429,-0.0017854574259672518
249,0,no_support,fc,40970,0.006510696655823267,-0.001065461392954603,0.1406420109231926,-0.001065461392954603
249,7,no_support,features,14723136,0.010655102821271356,-0.018867930025578517,0.48636624631333003,-0.018867930025578517
249,7,no_support,classifier,18882560,0.0008841570304980451,-0.0037842870628992387,0.06354510020740486,-0.0037842870628992387
249,7,no_support,fc,40970,0.00012373398169529537,-0.0020905164910800522,0.04371798806512061,-0.0020905164910800522
249,93,no_need,features,14723136,-0.0015954897802554768,0.001162938984663242,0.6516449563557558,0.001162938984663242
249,93,no_need,classifier,18882560,0.0002996627851956646,-0.0014070829263914675,0.09588966929109045,-0.0014070829263914675
249,93,no_need,fc,40970,0.0003248974609277866,-0.0008411843598423729,0.07062711969119327,-0.0008411843598423729
249,77,no_need,features,14723136,-0.008106630442924256,0.01639138017777242,0.8641172494224292,0.01639138017777242
249,77,no_need,classifier,18882560,-0.0015334982239210149,0.0029534444729506504,0.11602745097908654,0.0029534444729506504
249,77,no_need,fc,40970,-0.0006730647232870979,0.001098600849218201,0.08448325945109778,0.001098600849218201
249,78,no_support,features,14723136,0.09625529374346797,-0.00618611190726881,0.9664270842644022,-0.00618611190726881
249,78,no_support,classifier,18882560,0.009413504234544234,0.001300816642810787,0.1473724512532181,0.001300816642810787
249,78,no_support,fc,40970,0.006467111172241857,0.000927369538203493,0.12524293496130665,0.000927369538203493
249,38,no_need,features,14723136,-0.0058262158492716765,0.001427260266652297,0.628678666776532,0.001427260266652297
249,38,no_need,classifier,18882560,-0.0007992335562789776,-0.0015845284077613542,0.0701548515615569,-0.0015845284077613542
249,38,no_need,fc,40970,-0.0003607300318435591,-0.0010850159883375454,0.0413709289517894,-0.0010850159883375454
249,46,no_support,features,14723136,0.02813314242881404,-0.00746242250580309,0.9013426932248089,-0.00746242250580309
249,46,no_support,classifier,18882560,0.002703754561707683,9.204009595009666e-05,0.17385166384527112,9.204009595009666e-05
249,46,no_support,fc,40970,0.001497105258749798,-7.852875114622293e-07,0.1315056271501433,-7.852875114622293e-07
249,99,no_support,features,14723136,0.014283277259707461,-0.04193002122009659,0.731434117398318,-0.04193002122009659
249,99,no_support,classifier,18882560,0.0021568828015006147,-0.003362418189226446,0.20832428839019623,-0.003362418189226446
249,99,no_support,fc,40970,0.0009566160006215796,-0.0017062142378563294,0.15154717059419842,-0.0017062142378563294
249,42,no_need,features,14723136,-0.007925064157205952,0.005318616309907043,2.076876701291446,0.005318616309907043
249,42,no_need,classifier,18882560,0.0001938129690444157,0.0001191363682409019,0.18846267648280243,0.0001191363682409019
249,42,no_need,fc,40970,0.0007399830045642375,-0.0002741983809073645,0.11508573490891767,-0.0002741983809073645
249,54,no_need,features,14723136,-0.002486242217717205,0.0016740807300053007,0.49260565641631743,0.0016740807300053007
249,54,no_need,classifier,18882560,0.00027119544000697715,-0.0004866752724694834,0.06713244765762544,-0.0004866752724694834
249,54,no_need,fc,40970,0.0002538799399189884,-0.00030889305844539194,0.05049791315518549,-0.00030889305844539194
250,36,no_support,features,14723136,0.07748090139941155,-0.010879136554407864,1.2077283203333775,-0.010879136554407864
250,36,no_support,classifier,18882560,0.01039096082240576,-0.0016273189352205009,0.15154146827776965,-0.0016273189352205009
250,36,no_support,fc,40970,0.007031274100882001,-0.0012335482160779065,0.10335205258810158,-0.0012335482160779065
250,70,no_need,features,14723136,-0.024157532450917785,0.001686165751713986,0.8461767386539225,0.001686165751713986
250,70,no_need,classifier,18882560,-0.0012266595065284491,0.0008771611667839352,0.11416656645588595,0.0008771611667839352
250,70,no_need,fc,40970,-0.0005559478468057932,0.0007336570492952887,0.07563492921388798,0.0007336570492952887
250,71,no_support,features,14723136,0.005116551709477337,-0.002571188597990215,1.0043385240643898,-0.002571188597990215
250,71,no_support,classifier,18882560,0.0016115455516683141,-0.0012597399356764072,0.14893974521549652,-0.0012597399356764072
250,71,no_support,fc,40970,0.00023844441602705047,-0.0009307985878876934,0.10762721209083445,-0.0009307985878876934
250,57,no_need,features,14723136,-0.056279241759369825,-0.005622354621543479,1.0942258481917218,-0.005622354621543479
250,57,no_need,classifier,18882560,-0.016221447188399907,3.390007861980848e-05,0.21745770633818046,3.390007861980848e-05
250,57,no_need,fc,40970,-0.013413842920272145,-0.00033295166758762207,0.18288385502516705,-0.00033295166758762207
250,63,no_need,features,14723136,-0.014107897416884896,-0.0010696496038065106,0.5626755136197349,-0.0010696496038065106
250,63,no_need,classifier,18882560,-0.0022903803452436478,-0.0005012299464510761,0.0828256883690239,-0.0005012299464510761
250,63,no_need,fc,40970,-0.0023137838470574934,-0.0009873741764749866,0.05981810068119671,-0.0009873741764749866
250,73,no_support,features,14723136,0.0022552112147771197,-0.013933033558302554,0.8755177225032001,-0.013933033558302554
250,73,no_support,classifier,18882560,0.0003180743088222471,-0.0017809099452961163,0.10554180602433355,-0.0017809099452961163
250,73,no_support,fc,40970,0.000962625533247774,-0.001651539274462266,0.07694288323635814,-0.001651539274462266
250,69,no_need,features,14723136,-0.00691450310529973,-0.036198320668411554,0.4103040051208143,-0.036198320668411554
250,69,no_need,classifier,18882560,-0.001426423895395601,-0.005143449835031788,0.0537736209567179,-0.005143449835031788
250,69,no_need,fc,40970,-0.0009637713810661808,-0.0037382223272288684,0.03891818888839411,-0.0037382223272288684
250,17,no_support,features,14723136,0.006361986612830606,-0.007176937234156355,0.9893238380221158,-0.007176937234156355
250,17,no_support,classifier,18882560,-0.0023304967822923572,-0.0009912568958725387,0.2219251977981344,-0.0009912568958725387
250,17,no_support,fc,40970,-0.0019198773534299107,-0.0007983800169313326,0.16232093626664745,-0.0007983800169313326
250,48,no_support,features,14723136,0.08623981716169737,-0.015974405849007667,1.0216471792685264,-0.015974405849007667
250,48,no_support,classifier,18882560,0.01657983023869747,-0.0037613462955050636,0.1730568935706768,-0.0037613462955050636
250,48,no_support,fc,40970,0.015753824030980468,-0.0021784725031466223,0.15777703271882976,-0.0021784725031466223
250,47,no_need,features,14723136,-0.003381513336456976,0.009237197375185247,0.721266111813603,0.009237197375185247
250,47,no_need,classifier,18882560,-0.0025274357633406908,0.002451952200431151,0.09301825781199824,0.002451952200431151
250,47,no_need,fc,40970,-0.0006983677740208805,0.0009808367990444822,0.068969135339912,0.0009808367990444822
251,10,no_need,features,14723136,-0.02323838372299747,0.006051544797045949,1.9367476179204832,0.006051544797045949
251,10,no_need,classifier,18882560,-0.0037244082391225675,0.0013756363207448885,0.22633827812801177,0.0013756363207448885
251,10,no_need,fc,40970,-0.003472750548098702,0.001101939882573788,0.16037405622890072,0.001101939882573788
251,42,no_need,features,14723136,-0.017146595756621252,0.012818102282913912,0.6798416489903611,0.012818102282913912
251,42,no_need,classifier,18882560,-0.0027130878519301405,0.0006038080938992607,0.07503931915016374,0.0006038080938992607
251,42,no_need,fc,40970,-0.00114544025836949,9.154650172149559e-05,0.04939169756761758,9.154650172149559e-05
251,60,no_support,features,14723136,0.05638277152181104,-0.029854965621836982,0.9313621284183644,-0.029854965621836982
251,60,no_support,classifier,18882560,0.004541902337223291,0.00013759006500890791,0.1389810222864307,0.00013759006500890791
251,60,no_support,fc,40970,0.0017232870013685897,0.0010760471695903107,0.08643916684416454,0.0010760471695903107
251,43,no_need,features,14723136,-0.011245292056770497,-0.006699752699660166,1.0607738934309006,-0.006699752699660166
251,43,no_need,classifier,18882560,-0.001134976415755773,-0.002101201742334524,0.1254301334777358,-0.002101201742334524
251,43,no_need,fc,40970,-0.0011204710031051945,-0.0010536862391745672,0.07948846003449919,-0.0010536862391745672
251,85,no_support,features,14723136,0.00331714612890721,-0.0006946208030527146,1.2223641808484815,-0.0006946208030527146
251,85,no_support,classifier,18882560,0.0006019365099518836,2.77742837440087e-05,0.1548689479627416,2.77742837440087e-05
251,85,no_support,fc,40970,0.00027401482839195523,6.288226359174587e-06,0.10272982763260921,6.288226359174587e-06
251,48,no_need,features,14723136,-0.2748109982873075,0.1768166980609749,0.9428687780812173,0.1768166980609749
251,48,no_need,classifier,18882560,-0.009580844342053751,0.0014344723906845047,0.16063482877810895,0.0014344723906845047
251,48,no_need,fc,40970,-0.0076073767195339315,0.0007608088021697768,0.14609047792036417,0.0007608088021697768
251,1,no_need,features,14723136,-0.03543588448496848,-0.020805224231096986,0.8459856354208847,-0.020805224231096986
251,1,no_need,classifier,18882560,-0.006435195782160008,-0.0032423320599264116,0.09833658600578872,-0.0032423320599264116
251,1,no_need,fc,40970,-0.0037413691497931723,-0.0016112088605950703,0.07174878085307983,-0.0016112088605950703
251,91,no_need,features,14723136,-0.003567588110275466,0.03792642200431828,0.8015756236932492,0.03792642200431828
251,91,no_need,classifier,18882560,0.0006850316805184775,0.0037258637294144137,0.09034115666795467,0.0037258637294144137
251,91,no_need,fc,40970,-0.00020875356426586222,0.0018743221698969137,0.06470667420882688,0.0018743221698969137
251,22,no_need,features,14723136,-0.03989347950368938,-0.03224529556922562,0.7002618915833698,-0.03224529556922562
251,22,no_need,classifier,18882560,-0.0073267609550384805,-0.005423997497018718,0.1187507450229425,-0.005423997497018718
251,22,no_need,fc,40970,-0.0034992918554053176,-0.003372754848896875,0.08690500639162227,-0.003372754848896875
251,26,no_need,features,14723136,-0.038301618154321204,-0.0005132839591794891,0.6546481473030358,-0.0005132839591794891
251,26,no_need,classifier,18882560,-0.007025394875654456,-0.0007497974789316686,0.0993122492425106,-0.0007497974789316686
251,26,no_need,fc,40970,-0.0034890471906692255,-0.0010512663602639805,0.06898518769855351,-0.0010512663602639805
252,46,no_support,features,14723136,0.03540405681934544,-0.01682187180483652,0.9065731981510103,-0.01682187180483652
252,46,no_support,classifier,18882560,0.005469690626341617,-0.001960035024012541,0.1933001033389643,-0.001960035024012541
252,46,no_support,fc,40970,0.004195473322397447,-0.0012251121497683926,0.15272577474132912,-0.0012251121497683926
252,3,no_need,features,14723136,-0.007504388274369944,0.006081532329766048,0.4789696736211522,0.006081532329766048
252,3,no_need,classifier,18882560,-0.0010454385079583517,0.0008013428710569315,0.0751158558097189,0.0008013428710569315
252,3,no_need,fc,40970,-0.0005652352024299034,0.000579428506171098,0.055770923076978576,0.000579428506171098
252,23,no_need,features,14723136,-0.020642948975577724,0.01596011475050574,0.6572967710497187,0.01596011475050574
252,23,no_need,classifier,18882560,-0.004385150732105103,0.0013042494640558289,0.15247714843980842,0.0013042494640558289
252,23,no_need,fc,40970,-0.002262423575302819,0.0007282834608304256,0.11007118292852507,0.0007282834608304256
252,96,no_need,features,14723136,-0.005777049183311789,0.006849007747320002,0.5647943040694812,0.006849007747320002
252,96,no_need,classifier,18882560,-0.0017964927825460109,0.0010753056157000174,0.10182828837510417,0.0010753056157000174
252,96,no_need,fc,40970,-0.001074285234153649,0.0006532351744681364,0.07185155890737159,0.0006532351744681364
252,47,no_need,features,14723136,-0.029973151102822726,0.019795215492322882,0.9540526186927606,0.019795215492322882
252,47,no_need,classifier,18882560,-0.0032130457700532133,0.0018740455160468628,0.11602586407753998,0.0018740455160468628
252,47,no_need,fc,40970,-0.002562399495218415,0.0015783278322487604,0.08716064669335208,0.0015783278322487604
252,32,no_need,features,14723136,-0.0005587031957290378,-0.0009945741750954085,0.7110731451285383,-0.0009945741750954085
252,32,no_need,classifier,18882560,-0.0005551843834155079,-6.66192588028025e-05,0.09443678281316115,-6.66192588028025e-05
252,32,no_need,fc,40970,-2.866460437189744e-05,-3.4468605008441955e-05,0.0630078891513926,-3.4468605008441955e-05
252,52,active,features,14723136,0.00749770541060979,0.008248223679951039,0.5792222716740274,0.008248223679951039
252,52,active,classifier,18882560,0.0002852219108007148,0.0007268965663342897,0.09033570437196532,0.0007268965663342897
252,52,active,fc,40970,1.2062748396601819e-05,0.00039928240130393533,0.06919066505516536,0.00039928240130393533
252,50,active,features,14723136,0.013064090628290614,0.009181723191272084,0.911188095505779,0.009181723191272084
252,50,active,classifier,18882560,0.0032450809108013345,0.00044208730994910184,0.11588338129388298,0.00044208730994910184
252,50,active,fc,40970,0.0021795763959744363,0.0004568292956719233,0.07777255834096514,0.0004568292956719233
252,82,active,features,14723136,0.02762330240653909,0.0060864736147934195,1.0785521221655976,0.0060864736147934195
252,82,active,classifier,18882560,0.003219219529455586,0.000816184247696583,0.1662201205163458,0.000816184247696583
252,82,active,fc,40970,0.0023986676842469024,0.0006048428554095153,0.13812232820830472,0.0006048428554095153
252,28,active,features,14723136,0.026895190605323194,0.003553614036519548,0.7860084908152952,0.003553614036519548
252,28,active,classifier,18882560,0.004831095885037939,0.0007647497300808936,0.25386957850984004,0.0007647497300808936
252,28,active,fc,40970,0.003522452501783846,0.00065054157130362,0.1914913845506506,0.00065054157130362
253,2,no_need,features,14723136,-0.004072030898688794,0.009572045764810966,0.6775817073949028,0.009572045764810966
253,2,no_need,classifier,18882560,-3.0943302704145026e-05,0.000354148986986047,0.07342350226211053,0.000354148986986047
253,2,no_need,fc,40970,-0.00020094509068258049,0.0007636266786903434,0.04935885092754498,0.0007636266786903434
253,55,no_support,features,14723136,0.02824288523506624,0.000192184670076756,1.2245012761723895,0.000192184670076756
253,55,no_support,classifier,18882560,0.003083304686242627,-0.0010512950700558577,0.1804881635112204,-0.0010512950700558577
253,55,no_support,fc,40970,0.0033302166339126416,-0.0003612209652317233,0.13487501483968445,-0.0003612209652317233
253,26,active,features,14723136,0.011046821096039494,0.036531679005847195,0.38499231600901046,0.036531679005847195
253,26,active,classifier,18882560,0.0014347418164106784,0.004528717184030029,0.05665079626287235,0.004528717184030029
253,26,active,fc,40970,0.001103837607843161,0.002161781796530704,0.03848910915902132,0.002161781796530704
253,94,no_need,features,14723136,-0.054523726328234545,0.012832998937788886,1.190678742821143,0.012832998937788886
253,94,no_need,classifier,18882560,-0.007277088174305391,0.0014029613456614243,0.21803807025503102,0.0014029613456614243
253,94,no_need,fc,40970,-0.0016872568739927374,0.0010998316774930572,0.14031416913032685,0.0010998316774930572
253,14,no_support,features,14723136,0.018352458454138798,-0.006984845353329661,1.6088705970095867,-0.006984845353329661
253,14,no_support,classifier,18882560,0.0017720190542718228,-0.0006543456590293317,0.18938371716537764,-0.0006543456590293317
253,14,no_support,fc,40970,0.0014945481657377968,-0.00037091456488269614,0.12351929094261092,-0.00037091456488269614
253,72,no_need,features,14723136,-0.0020906830126534715,0.005402984653954945,0.6015271460230877,0.005402984653954945
253,72,no_need,classifier,18882560,0.0002364407745503172,0.0003146707098835577,0.08019479027705978,0.0003146707098835577
253,72,no_need,fc,40970,0.0002293733190299463,0.0002737145032369881,0.05415627422637962,0.0002737145032369881
253,5,active,features,14723136,0.003804610768362693,0.0016726149485108976,0.9469207567934975,0.0016726149485108976
253,5,active,classifier,18882560,-0.0006300970274111251,0.0005307598481749665,0.12018636018564148,0.0005307598481749665
253,5,active,fc,40970,0.0005792966003355104,0.00035782992813437886,0.08856611019292306,0.00035782992813437886
253,50,no_need,features,14723136,-0.37388249524855155,0.22174851324160727,1.3651040367897174,0.22174851324160727
253,50,no_need,classifier,18882560,-0.008591056389377627,0.0024345167221326847,0.15709334145663514,0.0024345167221326847
253,50,no_need,fc,40970,-0.0045259540656843456,0.0007896549732322455,0.09860977243858167,0.0007896549732322455
253,91,no_support,features,14723136,0.011119732559507156,-0.006114211114166324,0.6486753459487806,-0.006114211114166324
253,91,no_support,classifier,18882560,-0.0007619420355240436,0.0003460619965665046,0.09991015083206681,0.0003460619965665046
253,91,no_support,fc,40970,-0.0002184552067774348,-3.7564570789072604e-05,0.06921178113804084,-3.7564570789072604e-05
253,42,no_support,features,14723136,0.009089243761696508,-0.0032350169255863648,0.7174444405670349,-0.0032350169255863648
253,42,no_support,classifier,18882560,0.0008474209781823561,-2.951727509525881e-05,0.07836946878786255,-2.951727509525881e-05
253,42,no_support,fc,40970,0.0007077307052441029,-0.0008238183224875684,0.05077687764629965,-0.0008238183224875684
254,75,no_need,features,14723136,-0.0013938800333086476,-0.021192312596355123,0.7481018221457882,-0.021192312596355123
254,75,no_need,classifier,18882560,-0.0012569212726702972,-0.00196607004818361,0.07545832115416029,-0.00196607004818361
254,75,no_need,fc,40970,-0.0008917325067159254,-0.0007603802469020593,0.0485725635389798,-0.0007603802469020593
254,69,no_need,features,14723136,-0.009762119437919381,0.010466113059024451,0.7631512109240277,0.010466113059024451
254,69,no_need,classifier,18882560,-2.1458669280605136e-05,0.0008201246600947343,0.0819411195732791,0.0008201246600947343
254,69,no_need,fc,40970,0.0005235734433881589,0.0004310441531742981,0.06203957333891661,0.0004310441531742981
254,0,no_support,features,14723136,0.004660353086904934,-0.00487884250065207,0.8576413083059888,-0.00487884250065207
254,0,no_support,classifier,18882560,0.0036233630062270095,-0.0010755381326106317,0.17024332101918396,-0.0010755381326106317
254,0,no_support,fc,40970,0.00264587552373996,-0.001237476977166807,0.1490587300627284,-0.001237476977166807
254,7,active,features,14723136,-0.003357229589521893,0.01975685643657954,0.832520898315026,0.01975685643657954
254,7,active,classifier,18882560,0.002754501827439526,7.835920204968261e-05,0.13283103624063067,7.835920204968261e-05
254,7,active,fc,40970,0.0028006754801026545,-0.000498910707392497,0.0945449138899129,-0.000498910707392497
254,53,active,features,14723136,0.009006399331557446,0.000660739934232879,1.1027045708766097,0.000660739934232879
254,53,active,classifier,18882560,0.0030205360249055957,0.00040671690867100097,0.1768870614323519,0.00040671690867100097
254,53,active,fc,40970,0.0026797354857990285,6.783261369491811e-05,0.13474059388059503,6.783261369491811e-05
254,77,no_need,features,14723136,-0.021343210538645963,0.016678140803669805,0.9756034025981226,0.016678140803669805
254,77,no_need,classifier,18882560,0.0015220218825788834,-0.0011408722987198416,0.10840614169499974,-0.0011408722987198416
254,77,no_need,fc,40970,0.0016121152675623307,-0.0006853958120700554,0.07283408375958918,-0.0006853958120700554
254,67,active,features,14723136,0.014201700081308388,0.00818957348110061,0.6723069258979808,0.00818957348110061
254,67,active,classifier,18882560,0.0021497459098327454,0.0015698491768034728,0.09245867764598152,0.0015698491768034728
254,67,active,fc,40970,0.0015302354763662152,0.0009210856674144452,0.06671104028586912,0.0009210856674144452
254,64,active,features,14723136,0.010960489077660895,0.008821035388052678,0.6707750767173105,0.008821035388052678
254,64,active,classifier,18882560,0.002156960097636329,0.001037063596754706,0.0880446019855405,0.001037063596754706
254,64,active,fc,40970,0.0016673907448421232,0.0006523776482936228,0.06446478159281585,0.0006523776482936228
254,62,no_need,features,14723136,-0.005861142920196016,0.005468017505222633,1.0355624296336674,0.005468017505222633
254,62,no_need,classifier,18882560,-0.0015291519860056724,0.0005756271469721241,0.20311811465132928,0.0005756271469721241
254,62,no_need,fc,40970,-5.9091434195579495e-05,7.109655985004792e-05,0.14385458838843143,7.109655985004792e-05
254,73,no_need,features,14723136,-0.03331144221426996,0.007423685590502771,0.8634288325289082,0.007423685590502771
254,73,no_need,classifier,18882560,-0.004181472058007785,0.00019264789808914884,0.1039224343142534,0.00019264789808914884
254,73,no_need,fc,40970,-0.0018322956339034135,3.690597964123299e-06,0.07413664599953224,3.690597964123299e-06
255,14,no_support,features,14723136,0.10233463859688641,-0.023117677414617788,0.622033378892245,-0.023117677414617788
255,14,no_support,classifier,18882560,0.012067580937582534,-0.0017936997167851132,0.11045108967408533,-0.0017936997167851132
255,14,no_support,fc,40970,0.008278625875391299,-0.0017789478690701799,0.0798868089793567,-0.0017789478690701799
255,27,active,features,14723136,0.017521587955037887,0.0026599865563099456,0.7431198298615693,0.0026599865563099456
255,27,active,classifier,18882560,0.0022197438884177245,0.00046205207559069095,0.08406170079367575,0.00046205207559069095
255,27,active,fc,40970,0.001967514538591786,8.412705392402131e-05,0.05501970513738961,8.412705392402131e-05
255,66,active,features,14723136,0.02659826636347873,0.01476381932548776,0.9394852398470471,0.01476381932548776
255,66,active,classifier,18882560,0.003618046479914483,0.002306957414248245,0.07838193535360476,0.002306957414248245
255,66,active,fc,40970,0.0029338975728023797,0.0018491685359549592,0.051241577574831276,0.0018491685359549592
255,5,no_support,features,14723136,0.0686721680053779,-0.005148965827842744,0.8404007086618308,-0.005148965827842744
255,5,no_support,classifier,18882560,0.005251031810530549,0.001665304869220563,0.11840556982818534,0.001665304869220563
255,5,no_support,fc,40970,0.0037130507262190804,0.0011866536206071032,0.07816952369392893,0.0011866536206071032
255,15,no_need,features,14723136,-0.025395834865520328,-0.011754963482388803,0.44148953898593213,-0.011754963482388803
255,15,no_need,classifier,18882560,-0.0044224252151252585,-0.002232600517118044,0.06827587995438532,-0.002232600517118044
255,15,no_need,fc,40970,-0.0036769237431144575,-0.0018119053056580015,0.04988360095417348,-0.0018119053056580015
255,75,no_need,features,14723136,-0.10029557563842673,0.13642853930849697,0.44388310358535704,0.13642853930849697
255,75,no_need,classifier,18882560,-0.0035433010016276967,0.007622905429343518,0.05737341102295258,0.007622905429343518
255,75,no_need,fc,40970,-0.002154778164367599,0.0045867350563639775,0.04160400914734684,0.0045867350563639775
255,91,no_support,features,14723136,0.06714103091650259,-0.02026390869277961,0.7855934851897391,-0.02026390869277961
255,91,no_support,classifier,18882560,0.008759545644124955,-0.004826759911679801,0.12792882690528107,-0.004826759911679801
255,91,no_support,fc,40970,0.005942866217083065,-0.003648019329375529,0.08806718038518707,-0.003648019329375529
255,28,no_need,features,14723136,-0.06610933955975895,0.012648397392922561,0.801945397574159,0.012648397392922561
255,28,no_need,classifier,18882560,-0.026504916087105812,0.0029271592728719042,0.28137329044667075,0.0029271592728719042
255,28,no_need,fc,40970,-0.021136642200872302,0.002327765928384906,0.21674295703510926,0.002327765928384906
255,63,no_need,features,14723136,-0.01735978484419931,0.0036294678194295216,0.9826082563229639,0.0036294678194295216
255,63,no_need,classifier,18882560,-0.002394088691289653,0.000165019154898971,0.1108599074389614,0.000165019154898971
255,63,no_need,fc,40970,-0.0017805572042561835,0.0003550598482888745,0.07635868851659523,0.0003550598482888745
255,62,no_need,features,14723136,-0.21549488893970192,0.1472215676643458,0.7060096560402406,0.1472215676643458
255,62,no_need,classifier,18882560,-0.009574506175340503,0.002858204598055636,0.1229461611682808,0.002858204598055636
255,62,no_need,fc,40970,-0.005878036952708499,0.001925700260017038,0.09048151369539391,0.001925700260017038
256,74,no_need,features,14723136,-0.05495726353649388,-0.012882031228670598,0.8433348902091568,-0.012882031228670598
256,74,no_need,classifier,18882560,-0.006939954512745317,-0.0011039996277304454,0.18816198170983456,-0.0011039996277304454
256,74,no_need,fc,40970,-0.0035508250311977463,-0.00023745771704852814,0.1318840983348593,-0.00023745771704852814
256,39,no_need,features,14723136,-0.01300502724627961,-0.0026729603711324046,1.3447797003236592,-0.0026729603711324046
256,39,no_need,classifier,18882560,-0.0012206216038066486,-5.911804993274927e-05,0.12275873398926045,-5.911804993274927e-05
256,39,no_need,fc,40970,-0.0005508583549271862,-0.000230601692237542,0.08300320189241818,-0.000230601692237542
256,76,no_need,features,14723136,-0.027731811048624877,0.013149298498163375,0.9220059667117653,0.013149298498163375
256,76,no_need,classifier,18882560,-0.0011962763276187616,0.0015566461387379604,0.13107877513618513,0.0015566461387379604
256,76,no_need,fc,40970,-0.0012594097761393641,0.0007492904142054613,0.09498107915798921,0.0007492904142054613
256,51,no_support,features,14723136,0.01594583438893693,-0.005126337745089415,2.206066924484826,-0.005126337745089415
256,51,no_support,classifier,18882560,-0.0004228005794288947,0.00032553591404393956,0.29017130945636416,0.00032553591404393956
256,51,no_support,fc,40970,0.000933731307668495,-0.00012375669098219078,0.1879975127764976,-0.00012375669098219078
256,46,active,features,14723136,0.023476170615012393,0.008116832414302166,0.9192954742046532,0.008116832414302166
256,46,active,classifier,18882560,0.003010244763117953,0.0021724379591887555,0.15075563232307235,0.0021724379591887555
256,46,active,fc,40970,0.0025200063464581035,0.001467293280256854,0.1129576109522208,0.001467293280256854
256,12,active,features,14723136,0.005150666232275114,0.005301168576391291,0.3949623530068923,0.005301168576391291
256,12,active,classifier,18882560,0.0005998944084240065,0.0009758667415553646,0.055481911021124625,0.0009758667415553646
256,12,active,fc,40970,-0.00019798156779415876,0.00014929533131180506,0.041438699315771384,0.00014929533131180506
256,95,no_need,features,14723136,-0.00823766535452819,0.005148310476329243,1.6161072196340762,0.005148310476329243
256,95,no_need,classifier,18882560,-0.0007568664040604745,5.571909545665221e-05,0.29607854177182225,5.571909545665221e-05
256,95,no_need,fc,40970,-0.0013187414342610282,-4.626345662472886e-05,0.1856038757932894,-4.626345662472886e-05
256,17,no_support,features,14723136,0.03928641472074901,-0.004221722407134365,1.0610176763729795,-0.004221722407134365
256,17,no_support,classifier,18882560,0.0077805270607314014,0.001029751338933238,0.24585852303772499,0.001029751338933238
256,17,no_support,fc,40970,0.0036283897898101714,0.0006453011683333898,0.17705202282387664,0.0006453011683333898
256,68,active,features,14723136,0.002403044044499314,0.0033695813953329434,0.24361022935739077,0.0033695813953329434
256,68,active,classifier,18882560,0.00030724229688416926,4.114243841968346e-05,0.027499598861759716,4.114243841968346e-05
256,68,active,fc,40970,-4.5594612856802996e-05,-0.00021065945406917308,0.022434077904289595,-0.00021065945406917308
256,93,no_support,features,14723136,0.016468681944978414,-0.027089351921034677,0.7623731552116325,-0.027089351921034677
256,93,no_support,classifier,18882560,0.001434059849998448,-0.002921215086189477,0.10264216341438791,-0.002921215086189477
256,93,no_support,fc,40970,0.0009331241212748864,-0.0015971351895132102,0.07711455604257271,-0.0015971351895132102
257,46,no_need,features,14723136,-0.13531988686770546,0.10482725252134628,0.7378058219156597,0.10482725252134628
257,46,no_need,classifier,18882560,-0.0028564133626787225,0.0020199177643007715,0.13514275512649368,0.0020199177643007715
257,46,no_need,fc,40970,-0.0021185246150707826,0.000786204184350936,0.10329307400651958,0.000786204184350936
257,28,no_support,features,14723136,0.09967831105268488,-0.06333508624499018,1.053808458930213,-0.06333508624499018
257,28,no_support,classifier,18882560,0.017909178434820205,-0.007744018266748753,0.2781904743959937,-0.007744018266748753
257,28,no_support,fc,40970,0.007666582805541111,-0.0031268363636627328,0.19551628653526873,-0.0031268363636627328
257,88,no_need,features,14723136,-0.013231049030689945,-0.008546012282707238,0.614504751048129,-0.008546012282707238
257,88,no_need,classifier,18882560,-0.000652296892440063,-0.001952545876520162,0.07557600575564617,-0.001952545876520162
257,88,no_need,fc,40970,-8.545086393496604e-05,-0.0016111007953441003,0.052061463021118186,-0.0016111007953441003
257,96,no_support,features,14723136,0.024633319900210893,-0.019914850773119497,0.6451430406528726,-0.019914850773119497
257,96,no_support,classifier,18882560,0.003936468030360629,-0.001691582480816578,0.08873117548987176,-0.001691582480816578
257,96,no_support,fc,40970,0.0016834524685691576,-0.0004917269038742234,0.05971759451920615,-0.0004917269038742234
257,20,active,features,14723136,0.010728200563260515,0.011081488960030583,0.4423125374655399,0.011081488960030583
257,20,active,classifier,18882560,0.0023928462057938304,0.0021100586645843578,0.07196435193589269,0.0021100586645843578
257,20,active,fc,40970,0.0008836967194838508,0.0014985682882979745,0.05032764447491953,0.0014985682882979745
257,23,no_support,features,14723136,0.03681526153319581,-0.025486601322228353,0.8583147669787874,-0.025486601322228353
257,23,no_support,classifier,18882560,0.005735151899898483,-0.0021923756000887806,0.16087724041277857,-0.0021923756000887806
257,23,no_support,fc,40970,0.0016551328208151972,-0.0011671710526570678,0.11187834981246735,-0.0011671710526570678
257,19,no_support,features,14723136,0.0192923712835551,-0.006904374238628108,1.241692994639347,-0.006904374238628108
257,19,no_support,classifier,18882560,0.0045081672781179805,-0.0015295483158013212,0.18634492862404387,-0.0015295483158013212
257,19,no_support,fc,40970,0.00370660521548416,-0.001169016390122124,0.13961116648063115,-0.001169016390122124
257,15,no_support,features,14723136,0.020316688224198742,-0.012637367793885801,0.6544902126529294,-0.012637367793885801
257,15,no_support,classifier,18882560,0.0037136353209916706,-0.0011447206989032566,0.07446602518011812,-0.0011447206989032566
257,15,no_support,fc,40970,0.0019555191429390106,-0.0005593710982338962,0.04961416786557201,-0.0005593710982338962
257,91,no_support,features,14723136,0.014425448760505333,-0.032696591952856124,0.660242203945244,-0.032696591952856124
257,91,no_support,classifier,18882560,0.0031570607604862744,-0.005385753312566521,0.09859363037607388,-0.005385753312566521
257,91,no_support,fc,40970,0.0012629671582544688,-0.002499577297385258,0.06917277545788987,-0.002499577297385258
257,11,no_support,features,14723136,0.04798407699894369,-0.028255706904353417,1.5228741285983478,-0.028255706904353417
257,11,no_support,classifier,18882560,0.007037322728137951,-0.0036983317315844033,0.27356848265090694,-0.0036983317315844033
257,11,no_support,fc,40970,0.0034484330763007165,-0.0016242318099557451,0.18056940618745498,-0.0016242318099557451
258,18,no_support,features,14723136,0.01836110715331074,-0.0173373066331024,0.6837610325893987,-0.0173373066331024
258,18,no_support,classifier,18882560,-0.00047583687484120674,-0.0027297803508190555,0.09354481961865385,-0.0027297803508190555
258,18,no_support,fc,40970,-0.0002619888791741687,-0.001616682034182304,0.0704818657236281,-0.001616682034182304
258,46,no_need,features,14723136,-0.4154952258076037,0.31958900094207365,1.1125102041037556,0.31958900094207365
258,46,no_need,classifier,18882560,-0.009978424362088845,0.007967296832248394,0.13699482767328264,0.007967296832248394
258,46,no_need,fc,40970,-0.0031500348122790456,0.0028623524212889606,0.09018364344254286,0.0028623524212889606
258,87,no_need,features,14723136,-0.0225693310659274,0.026711367378382533,0.3211777319322974,0.026711367378382533
258,87,no_need,classifier,18882560,-0.003923163865920287,0.0032605203093680757,0.05456260258562869,0.0032605203093680757
258,87,no_need,fc,40970,-0.002013562667343649,0.001045486225393688,0.039826446741755464,0.001045486225393688
258,61,no_need,features,14723136,-0.01295673843370082,0.031942334439818865,0.8171682870531186,0.031942334439818865
258,61,no_need,classifier,18882560,-5.2790070412811474e-05,0.0037041408575078094,0.1542681567052246,0.0037041408575078094
258,61,no_need,fc,40970,0.0013008107325731544,0.001474901479014079,0.10422398908821845,0.001474901479014079
258,79,active,features,14723136,0.03707127066115845,0.04139805226121496,1.4832822222774174,0.04139805226121496
258,79,active,classifier,18882560,0.010891238635849732,0.00438050430648218,0.20481602049055578,0.00438050430648218
258,79,active,fc,40970,0.005969905439997092,0.0019035362211070606,0.14565883774901234,0.0019035362211070606
258,50,no_support,features,14723136,0.049012648489906496,-0.021588605654795145,1.077532269932146,-0.021588605654795145
258,50,no_support,classifier,18882560,0.0036030973672041,-0.0012581594511402727,0.09571814146019557,-0.0012581594511402727
258,50,no_support,fc,40970,0.0016770975344115868,-0.00038895352327017463,0.05603046751748393,-0.00038895352327017463
258,69,active,features,14723136,0.01765327914931447,0.0151740416872439,0.32574476517723766,0.0151740416872439
258,69,active,classifier,18882560,0.0016964992589691974,-0.00020959467174463953,0.054261342715128565,-0.00020959467174463953
258,69,active,fc,40970,0.00047410191291419324,-0.00017408487565262476,0.04085182563031759,-0.00017408487565262476
258,97,no_need,features,14723136,-0.009160528862906858,0.033379155917913295,0.4771790975020472,0.033379155917913295
258,97,no_need,classifier,18882560,-0.0018389919487162842,0.004037304746816517,0.06448768115117608,0.004037304746816517
258,97,no_need,fc,40970,-0.00023083435462467605,0.0012555640569189563,0.04401079918400722,0.0012555640569189563
258,72,no_need,features,14723136,-0.006628844177626547,-0.02501749960076438,0.5903791472452139,-0.02501749960076438
258,72,no_need,classifier,18882560,-0.002473362151135916,-0.0016259596714007785,0.08766290590342644,-0.0016259596714007785
258,72,no_need,fc,40970,-0.002029879220572184,-0.0002533114179641416,0.058051387702660544,-0.0002533114179641416
258,37,no_need,features,14723136,-0.025577299176262613,0.012824374681089878,1.0271249153587234,0.012824374681089878
258,37,no_need,classifier,18882560,-0.0027090553267044015,0.0010533784237622967,0.16132997788426057,0.0010533784237622967
258,37,no_need,fc,40970,-0.002151567030523438,0.0005212605619817623,0.1467860096526139,0.0005212605619817623
259,34,no_need,features,14723136,-0.012985522072419542,-0.00316425012989896,0.6927696573475803,-0.00316425012989896
259,34,no_need,classifier,18882560,-0.003208469753190002,0.0014920117401970856,0.1324215783454056,0.0014920117401970856
259,34,no_need,fc,40970,-0.0002530119181756163,0.0012867314489994897,0.11305542215893966,0.0012867314489994897
259,57,no_need,features,14723136,-0.0032909101614748693,0.02941133902569959,0.6145255735309463,0.02941133902569959
259,57,no_need,classifier,18882560,0.00018934066116571557,0.004846644450935855,0.133660841598514,0.004846644450935855
259,57,no_need,fc,40970,0.0025335524642287055,0.003599351766752079,0.11238330232019711,0.003599351766752079
259,53,no_need,features,14723136,-0.03895072629330798,0.021320887223843954,1.2821105526333056,0.021320887223843954
259,53,no_need,classifier,18882560,-0.00817986164111062,0.0013126989208842588,0.1703291497936578,0.0013126989208842588
259,53,no_need,fc,40970,-0.005307244226059993,0.0004311705893087492,0.12467283919490327,0.0004311705893087492
259,30,active,features,14723136,0.022358437433865674,0.016447247101091023,1.101771964586712,0.016447247101091023
259,30,active,classifier,18882560,0.004349373316017591,0.0032657930471486907,0.22992227007379795,0.0032657930471486907
259,30,active,fc,40970,-0.000978347096406651,0.0014127408808235487,0.171772232119896,0.0014127408808235487
259,72,no_need,features,14723136,-0.1258272081933285,0.1378628706681866,0.6392893183004027,0.1378628706681866
259,72,no_need,classifier,18882560,-0.004929218686356762,0.006856324509953993,0.07712099858214287,0.006856324509953993
259,72,no_need,fc,40970,-0.0015192859837043216,0.0026810308645508485,0.04493694756717016,0.0026810308645508485
259,9,no_need,features,14723136,-0.01986233552553074,0.02799771887454483,0.5712499406749837,0.02799771887454483
259,9,no_need,classifier,18882560,-0.0011189205246466827,0.0031046323213104188,0.06949332551742517,0.0031046323213104188
259,9,no_need,fc,40970,0.0006322512003862357,0.0011050930484088894,0.05105138831074488,0.0011050930484088894
259,37,no_need,features,14723136,-0.43054242702339707,0.30695400204865564,1.004678115606666,0.30695400204865564
259,37,no_need,classifier,18882560,-0.014258647985116113,0.010362257133238018,0.15503066147509686,0.010362257133238018
259,37,no_need,fc,40970,-0.006404095882317051,0.004474094010220142,0.12303843231556848,0.004474094010220142
259,19,no_need,features,14723136,-0.0018785828176675068,-0.012365405507608784,0.5931904167645331,-0.012365405507608784
259,19,no_need,classifier,18882560,0.00016096191941983307,-0.003989807077459773,0.07428331164599598,-0.003989807077459773
259,19,no_need,fc,40970,-0.0002623221635076334,-0.002727862191022723,0.054681731915320664,-0.002727862191022723
259,5,no_support,features,14723136,0.09069369089954193,-0.03903555036868056,1.7319371964444892,-0.03903555036868056
259,5,no_support,classifier,18882560,0.012044590552250156,-0.004269144582849549,0.21373729887073506,-0.004269144582849549
259,5,no_support,fc,40970,0.006686814140266506,-0.001776154900653637,0.13489014773814895,-0.001776154900653637
259,14,no_support,features,14723136,0.06102335047593499,-0.06532547856127024,0.8874379512923473,-0.06532547856127024
259,14,no_support,classifier,18882560,0.008730501028367144,-0.006393044887772703,0.1240793399832857,-0.006393044887772703
259,14,no_support,fc,40970,0.005474916357343318,-0.002949628742499044,0.08639681788427363,-0.002949628742499044
260,4,no_support,features,14723136,0.017216943559930087,-0.0014794166032530143,0.8077367628418455,-0.0014794166032530143
260,4,no_support,classifier,18882560,0.002139074385013373,-2.5984706866211127e-06,0.11302145126951921,-2.5984706866211127e-06
260,4,no_support,fc,40970,0.0016505313433299307,-0.00024923104649587913,0.08175237086030811,-0.00024923104649587913
260,67,no_support,features,14723136,0.08620477080052069,-0.02663101377459043,1.2218324541003345,-0.02663101377459043
260,67,no_support,classifier,18882560,0.009202543872561364,-0.001935671869887301,0.13792190624769604,-0.001935671869887301
260,67,no_support,fc,40970,0.0068518359257723205,-0.001366026727737335,0.0931841163432516,-0.001366026727737335
260,61,no_support,features,14723136,0.09044259514280384,-0.039180579412089855,0.9145801219210372,-0.039180579412089855
260,61,no_support,classifier,18882560,0.011909796332474798,-0.003988891346125456,0.2195972092753673,-0.003988891346125456
260,61,no_support,fc,40970,0.00621700294141192,-0.0020545554880300188,0.15909389997273785,-0.0020545554880300188
260,35,no_need,features,14723136,-0.014700849611827493,0.008435949735009274,1.2584010873382447,0.008435949735009274
260,35,no_need,classifier,18882560,-0.0013493577740746332,0.0003122504306816154,0.1546836353817821,0.0003122504306816154
260,35,no_need,fc,40970,-0.0015855699830353842,0.00045753144377158605,0.11754580033653,0.00045753144377158605
260,96,no_need,features,14723136,-0.023932870280333418,0.012055094039325809,0.8116648043662524,0.012055094039325809
260,96,no_need,classifier,18882560,-0.0038095853221875586,0.00308278120110117,0.13484874626296128,0.00308278120110117
260,96,no_need,fc,40970,-0.002110094525050954,0.002036131474596914,0.09103680769414237,0.002036131474596914
260,86,active,features,14723136,0.003943015228109914,0.013975037526805068,0.6294246064661378,0.013975037526805068
260,86,active,classifier,18882560,0.0015931301401224118,0.002577002019052088,0.09682368331829182,0.002577002019052088
260,86,active,fc,40970,0.0018139958383471821,0.0019123343045066576,0.07460935859848121,0.0019123343045066576
260,63,active,features,14723136,0.0018945113297448304,0.014109905795280042,0.5972959092722834,0.014109905795280042
260,63,active,classifier,18882560,0.0010502245406769362,0.001545071002738041,0.08248561421585639,0.001545071002738041
260,63,active,fc,40970,0.0008000871503099916,0.0011420857390476158,0.05989815417122033,0.0011420857390476158
260,9,no_need,features,14723136,-0.18134400697925912,0.17501193689912498,0.7697268689897175,0.17501193689912498
260,9,no_need,classifier,18882560,-0.005744069658248918,0.0036718026631206158,0.08615409779091691,0.0036718026631206158
260,9,no_need,fc,40970,-0.003664470803414588,0.001975399522052612,0.0635940560464607,0.001975399522052612
260,8,active,features,14723136,0.0003345817236528603,0.007804070522961837,2.0052588944345566,0.007804070522961837
260,8,active,classifier,18882560,0.0020113727957777883,0.0005779680915338758,0.2037542723283982,0.0005779680915338758
260,8,active,fc,40970,0.0010332470819776063,0.00036613813745134394,0.12365162645281083,0.00036613813745134394
260,36,no_need,features,14723136,-0.04023316359496221,-0.010893820975021562,0.7342285667964201,-0.010893820975021562
260,36,no_need,classifier,18882560,-0.006581922280929575,-5.995936913905098e-05,0.13252794841529894,-5.995936913905098e-05
260,36,no_need,fc,40970,-0.00415243722818559,0.00012305147060942545,0.09608021994704792,0.00012305147060942545
261,89,no_need,features,14723136,-0.018600726839920867,0.005311769652628584,0.998746400362268,0.005311769652628584
261,89,no_need,classifier,18882560,-0.000614614068254582,0.0009811121597635974,0.18845563798495005,0.0009811121597635974
261,89,no_need,fc,40970,-0.0013897662752242468,0.0008322575558850076,0.14694213480964252,0.0008322575558850076
261,41,no_need,features,14723136,-0.011833531244615614,0.0043755541067973525,0.7313813840886979,0.0043755541067973525
261,41,no_need,classifier,18882560,-0.0010226001593309775,-0.0009873281990167015,0.08335158686766499,-0.0009873281990167015
261,41,no_need,fc,40970,-0.0010449661308484792,-0.0007072294001773116,0.05715978912419071,-0.0007072294001773116
261,20,no_need,features,14723136,-0.005617816080928151,0.002295053019974347,0.845646907133588,0.002295053019974347
261,20,no_need,classifier,18882560,-0.0030966063081905304,0.0014803992784209186,0.13594294840004606,0.0014803992784209186
261,20,no_need,fc,40970,-0.0018436275568092242,0.0009121045045503706,0.09314780551886848,0.0009121045045503706
261,92,no_need,features,14723136,0.01425543453815692,-0.007652688126221108,4.1662033434180925,-0.007652688126221108
261,92,no_need,classifier,18882560,-0.010832709387614159,0.0003126489715725711,1.3848837090195723,0.0003126489715725711
261,92,no_need,fc,40970,-0.00566584456464625,0.00024307903481712856,0.6988053519443399,0.00024307903481712856
261,67,no_need,features,14723136,-0.1532099796815487,0.09589395672006162,0.7997129115872265,0.09589395672006162
261,67,no_need,classifier,18882560,-0.003641809218606795,0.0021580373622782645,0.11898715736816558,0.0021580373622782645
261,67,no_need,fc,40970,-0.0020932211527906475,0.0007643518224540458,0.08837319443387533,0.0007643518224540458
261,44,no_support,features,14723136,0.015233697420882208,-0.011920174215884316,1.44548414353748,-0.011920174215884316
261,44,no_support,classifier,18882560,-0.0005351621467184486,-0.0002583820921131519,0.15179759575857876,-0.0002583820921131519
261,44,no_support,fc,40970,-0.0017224521061507403,0.0003391786287920695,0.11058378094489507,0.0003391786287920695
261,61,no_need,features,14723136,-0.3861334188819683,0.27201906635696105,1.0474861550665224,0.27201906635696105
261,61,no_need,classifier,18882560,-0.009043027161169448,0.0042977360594704805,0.15539742672607076,0.0042977360594704805
261,61,no_need,fc,40970,-0.0037818050313944696,0.0016603798812866444,0.10288622328827385,0.0016603798812866444
261,77,no_need,features,14723136,-0.003011983134424412,0.006996512230148966,0.7917036867035288,0.006996512230148966
261,77,no_need,classifier,18882560,0.00044706112912251683,-2.2979055700034223e-05,0.0944403249346752,-2.2979055700034223e-05
261,77,no_need,fc,40970,0.00011340047603880521,-0.00010013822475229972,0.061695276835608374,-0.00010013822475229972
261,3,no_need,features,14723136,-0.001590750971402599,0.004804920389062772,0.46010814882707,0.004804920389062772
261,3,no_need,classifier,18882560,0.00011427256200136071,-1.1158260605270698e-05,0.07362070063784154,-1.1158260605270698e-05
261,3,no_need,fc,40970,0.00016620687131307932,0.00022422317442760686,0.05298751315375336,0.00022422317442760686
261,9,no_need,features,14723136,-0.033349044534077166,0.04707360795197246,0.30958645496344206,0.04707360795197246
261,9,no_need,classifier,18882560,-0.0011227156211361944,0.0021032779177403427,0.04287324608045301,0.0021032779177403427
261,9,no_need,fc,40970,-0.0006926740065864578,0.0012441104245226597,0.032487909946260524,0.0012441104245226597
262,87,no_need,features,14723136,-0.01229221468857844,0.02121764091846501,0.3517961883902156,0.02121764091846501
262,87,no_need,classifier,18882560,-0.0013594151125744247,0.0009066288620260821,0.060778422356908654,0.0009066288620260821
262,87,no_need,fc,40970,-0.0006221353501132398,-0.00010706486114031577,0.04367884767784579,-0.00010706486114031577
262,20,no_need,features,14723136,-0.0817641741172963,0.10468944484952658,0.44887101985949607,0.10468944484952658
262,20,no_need,classifier,18882560,-2.113929406277748e-05,0.0017490351312972052,0.08403217946732729,0.0017490351312972052
262,20,no_need,fc,40970,-0.0005080163082311628,0.0003037160925032367,0.061697792964290524,0.0003037160925032367
262,97,no_need,features,14723136,-0.023571214921194183,0.01993533863097241,0.8195811044662482,0.01993533863097241
262,97,no_need,classifier,18882560,-0.001861003941371564,0.001863705229993684,0.10451752768610152,0.001863705229993684
262,97,no_need,fc,40970,-0.00045667026824958157,0.0006364429877976363,0.06605895366028386,0.0006364429877976363
262,50,active,features,14723136,0.0006792131228756657,0.0030745517311316917,1.4045227930401396,0.0030745517311316917
262,50,active,classifier,18882560,2.8998281777603552e-05,0.0005550478272198234,0.16091840691277173,0.0005550478272198234
262,50,active,fc,40970,0.0008283470388050773,-3.2079297398013296e-05,0.09432092333439254,-3.2079297398013296e-05
262,35,no_support,features,14723136,0.0036009286251044124,-0.0070011940474614676,2.5726468629077517,-0.0070011940474614676
262,35,no_support,classifier,18882560,-0.0012421399678146372,-0.00042748638963985286,0.2554812151876676,-0.00042748638963985286
262,35,no_support,fc,40970,-0.0018500304113331367,-0.00017435543804822373,0.16204501259076542,-0.00017435543804822373
262,68,no_need,features,14723136,-0.019680273005505455,0.03767704838020336,0.27090120219339087,0.03767704838020336
262,68,no_need,classifier,18882560,-0.0011626852126482845,0.000510741154698735,0.05307980916811181,0.000510741154698735
262,68,no_need,fc,40970,-0.00012028797254970414,-0.0014568408696504775,0.03867127329085132,-0.0014568408696504775
262,33,no_need,features,14723136,-0.008694703383326896,0.013214547832149037,1.0856314079572755,0.013214547832149037
262,33,no_need,classifier,18882560,-0.0012268736671217084,0.0009654811876202984,0.16957576418353423,0.0009654811876202984
262,33,no_need,fc,40970,-2.2558073169420823e-05,0.00033038020728781703,0.12323925960902858,0.00033038020728781703
262,98,no_support,features,14723136,0.0040013467998889505,-0.012829802501144627,0.7623082235440493,-0.012829802501144627
262,98,no_support,classifier,18882560,0.00070656421462445,-0.0010000247560810749,0.0867178667181596,-0.0010000247560810749
262,98,no_support,fc,40970,-0.00022431352749663347,-2.6092362872986996e-05,0.060758992524465635,-2.6092362872986996e-05
262,53,no_support,features,14723136,0.036005309618289516,-0.01621209415620939,0.8377558906962752,-0.01621209415620939
262,53,no_support,classifier,18882560,0.0019538390936304495,-0.0013916416787651542,0.10468122391034973,-0.0013916416787651542
262,53,no_support,fc,40970,0.0010397079581707658,-0.00038810471596661955,0.07749449139775695,-0.00038810471596661955
262,96,active,features,14723136,0.010083036719514382,0.02087305285387231,0.6600202774194126,0.02087305285387231
262,96,active,classifier,18882560,0.001444117083792662,0.002052406443226573,0.09446293000709094,0.002052406443226573
262,96,active,fc,40970,0.00018457347641742672,0.0003281304304891819,0.06209260359202365,0.0003281304304891819
263,89,no_support,features,14723136,0.06663849839691238,-0.0017815255524809004,0.933452302916251,-0.0017815255524809004
263,89,no_support,classifier,18882560,0.006829524833392497,0.0001444851589553764,0.18470159876856324,0.0001444851589553764
263,89,no_support,fc,40970,0.0035970980552519904,-1.4478547655016882e-05,0.14361270348333643,-1.4478547655016882e-05
263,57,no_need,features,14723136,-0.011630210593011725,0.005722293395479028,1.1260591151310704,0.005722293395479028
263,57,no_need,classifier,18882560,-0.0002220251852520505,-2.1708127832198443e-05,0.17796719809896375,-2.1708127832198443e-05
263,57,no_need,fc,40970,-0.001059997450283845,0.00027845676595461555,0.1482146489292841,0.00027845676595461555
263,26,no_support,features,14723136,0.0007830031885784905,-0.017342884770201294,0.5001472897477793,-0.017342884770201294
263,26,no_support,classifier,18882560,-0.00031437439605497275,-0.001501457951235352,0.07379989228867141,-0.001501457951235352
263,26,no_support,fc,40970,-0.00017819746790337376,-0.0009064064233825775,0.04814051418953827,-0.0009064064233825775
263,69,no_support,features,14723136,0.022696695494772712,-0.016769982912620662,0.6208172346586895,-0.016769982912620662
263,69,no_support,classifier,18882560,0.0036810736992265447,-0.003937594919534604,0.12065268479784605,-0.003937594919534604
263,69,no_support,fc,40970,0.0017182944266096456,-0.002163176121939614,0.0777998264647823,-0.002163176121939614
263,23,no_need,features,14723136,-0.024124885435981014,0.0012238541166880168,0.8544875678021113,0.0012238541166880168
263,23,no_need,classifier,18882560,-0.007029950775176985,0.001127615507016344,0.18288696011576125,0.001127615507016344
263,23,no_need,fc,40970,-0.0043509958595677745,0.0007796025529387407,0.13045534782740312,0.0007796025529387407
263,54,no_need,features,14723136,-0.013547303445378134,0.0005559346350594296,0.8256897040770427,0.0005559346350594296
263,54,no_need,classifier,18882560,-0.0026627386362179095,0.0003162510681704589,0.1020155443832471,0.0003162510681704589
263,54,no_need,fc,40970,-0.002357686122195446,0.0006782619257137412,0.07892933449807508,0.0006782619257137412
263,68,no_need,features,14723136,-0.14843440068676728,0.2158990963958729,0.695487810094104,0.2158990963958729
263,68,no_need,classifier,18882560,-0.0009299473569228667,0.0033008281170623377,0.0883250840219184,0.0033008281170623377
263,68,no_need,fc,40970,-0.0003303641810816771,0.0015159878371378,0.06353016102629766,0.0015159878371378
263,92,no_support,features,14723136,0.1632530840552846,-0.023649760197699266,6.042953071713761,-0.023649760197699266
263,92,no_support,classifier,18882560,-0.00045834246247977717,-0.00045407677444586625,1.3805774999769012,-0.00045407677444586625
263,92,no_support,fc,40970,-0.004550874589767773,0.0005602335218100052,0.7033394574027857,0.0005602335218100052
263,4,no_support,features,14723136,0.03619906230339609,-0.011923538914420106,0.7668768234972273,-0.011923538914420106
263,4,no_support,classifier,18882560,0.003125406700291933,-2.3748077701668535e-05,0.10780332468539522,-2.3748077701668535e-05
263,4,no_support,fc,40970,0.0017458132970205043,1.3753424696005823e-05,0.08171242735490042,1.3753424696005823e-05
263,82,no_need,features,14723136,-0.008757242622927208,0.00097862175143959,2.065005341199669,0.00097862175143959
263,82,no_need,classifier,18882560,-0.002401977174486092,-0.00015141102890936509,0.2138071343548166,-0.00015141102890936509
263,82,no_need,fc,40970,-0.0023456952403648756,-0.0002063363898798798,0.1426297401689237,-0.0002063363898798798
264,45,no_support,features,14723136,0.022103513540791653,-0.006253687820311882,0.6670172680206818,-0.006253687820311882
264,45,no_support,classifier,18882560,0.002576553496055567,0.002844699866273004,0.08392374795711512,0.002844699866273004
264,45,no_support,fc,40970,0.0019228312876293785,0.0018970218425238272,0.05745763462352646,0.0018970218425238272
264,31,active,features,14723136,0.0010088672968002748,0.011554604476025077,1.0621930581395216,0.011554604476025077
264,31,active,classifier,18882560,0.00015420698142065703,0.0009713341661381492,0.09370616840950051,0.0009713341661381492
264,31,active,fc,40970,0.0003790033410950855,0.0007597198921303061,0.059913474587560606,0.0007597198921303061
264,11,active,features,14723136,0.03488351276919843,0.023908509219637608,0.8802896307860782,0.023908509219637608
264,11,active,classifier,18882560,0.00414208214442624,0.00595101005910692,0.11131014179594695,0.00595101005910692
264,11,active,fc,40970,0.002759849905487499,0.0035997031145598157,0.07313905147494876,0.0035997031145598157
264,28,no_support,features,14723136,-0.006911463064525947,-0.025369755475111333,0.9703304363356127,-0.025369755475111333
264,28,no_support,classifier,18882560,0.00693453787675935,-0.002834648427551656,0.2938539945319408,-0.002834648427551656
264,28,no_support,fc,40970,0.006244923017220572,-0.001432546117939637,0.203854061144692,-0.001432546117939637
264,39,no_need,features,14723136,-0.0005375405983336633,0.022084489972797883,0.3767532502090044,0.022084489972797883
264,39,no_need,classifier,18882560,-0.0022066535278781885,0.0034881139067692857,0.045660864372053855,0.0034881139067692857
264,39,no_need,fc,40970,-0.0015893121617409633,0.00282401971071522,0.03094805592669965,0.00282401971071522
264,71,no_support,features,14723136,0.0077873364115532695,-0.0013424458135133932,0.8488106755954481,-0.0013424458135133932
264,71,no_support,classifier,18882560,0.0007545900305103714,-0.000586862895147533,0.13494720086363513,-0.000586862895147533
264,71,no_support,fc,40970,0.00026909739858638204,-0.0010930755579465767,0.09398438018663824,-0.0010930755579465767
264,7,no_support,features,14723136,0.04643045650766453,-0.01969244022911454,1.0968196558208037,-0.01969244022911454
264,7,no_support,classifier,18882560,0.008653083195895306,-0.003997291171344841,0.1818785284970307,-0.003997291171344841
264,7,no_support,fc,40970,0.006451064647990279,-0.0030452031223831,0.139918634110583,-0.0030452031223831
264,91,no_need,features,14723136,-0.012761803372612235,-0.02309890675702775,0.49951769202672397,-0.02309890675702775
264,91,no_need,classifier,18882560,-0.0028264274881166784,-0.003418510710616829,0.07534187951966285,-0.003418510710616829
264,91,no_need,fc,40970,-0.0013368172922127997,-0.002438248744510929,0.053645442566325925,-0.002438248744510929
264,4,no_need,features,14723136,-0.17144727633086632,0.12541376951600114,0.8197367487278674,0.12541376951600114
264,4,no_need,classifier,18882560,-0.007599982685860596,0.0023795548797806987,0.11551101665859972,0.0023795548797806987
264,4,no_need,fc,40970,-0.004760435944263008,0.0013338378757907776,0.08635711446648002,0.0013338378757907776
264,93,no_support,features,14723136,0.007974889168202992,-0.013705622115686822,0.40516476688155734,-0.013705622115686822
264,93,no_support,classifier,18882560,0.001903653806721195,-0.0017773870454220742,0.07300927511725241,-0.0017773870454220742
264,93,no_support,fc,40970,0.0015009929047664627,-0.001705634862446459,0.053293421436979294,-0.001705634862446459
265,2,no_need,features,14723136,-0.01910912477138993,0.009884602125538322,0.6653944457037092,0.009884602125538322
265,2,no_need,classifier,18882560,-0.002964015143106735,0.0006981494675528666,0.08513636293776382,0.0006981494675528666
265,2,no_need,fc,40970,-0.0021935077511443524,0.0005138482324582583,0.05487628898116743,0.0005138482324582583
265,85,active,features,14723136,0.02450628887037709,0.0035925201815469876,0.5218771407439375,0.0035925201815469876
265,85,active,classifier,18882560,0.004626260113582248,0.0014476889610364196,0.07895733083713101,0.0014476889610364196
265,85,active,fc,40970,0.0035212130587751744,0.0014415913428820204,0.050690522349034116,0.0014415913428820204
265,50,no_need,features,14723136,-0.006426438849487681,0.003647806440241652,0.4738324562015377,0.003647806440241652
265,50,no_need,classifier,18882560,-0.0007509698456829028,-0.0005504562865290552,0.05641757562726086,-0.0005504562865290552
265,50,no_need,fc,40970,-0.00015536382090886036,-0.0009511333323644067,0.03757436036237286,-0.0009511333323644067
265,23,no_support,features,14723136,0.04825783834982644,-0.013327050211003666,0.7813194707037825,-0.013327050211003666
265,23,no_support,classifier,18882560,0.012347110743576195,0.0012663193557500563,0.1475692364633797,0.0012663193557500563
265,23,no_support,fc,40970,0.00894230588528444,0.001085409090592293,0.10561487800310514,0.001085409090592293
265,46,no_support,features,14723136,0.010306311792781742,-0.000740499627191582,0.5818200545346071,-0.000740499627191582
265,46,no_support,classifier,18882560,-0.003117112251402432,0.0001970437787974788,0.1076003870349439,0.0001970437787974788
265,46,no_support,fc,40970,-0.002566758716966433,0.0003346682692608738,0.07755000371641496,0.0003346682692608738
265,82,no_need,features,14723136,-0.013630766848180542,0.011265964438019083,0.5702184413375826,0.011265964438019083
265,82,no_need,classifier,18882560,-0.0034374923186533124,-0.00047310781906162447,0.07754413786680454,-0.00047310781906162447
265,82,no_need,fc,40970,-0.0022629086233791895,-0.0002621121620904887,0.053639233331402476,-0.0002621121620904887
265,83,no_support,features,14723136,0.006228606118909852,-0.010707760616519124,0.7957110300024779,-0.010707760616519124
265,83,no_support,classifier,18882560,0.0011916398718199162,-0.0013475086076368825,0.09544865665897403,-0.0013475086076368825
265,83,no_support,fc,40970,0.00012446322784853692,-0.0011948127748837578,0.06842831386849732,-0.0011948127748837578
265,20,no_support,features,14723136,0.022133569078686577,-0.017504960971812977,0.6877416052446306,-0.017504960971812977
265,20,no_support,classifier,18882560,0.005392610642047657,-0.002152257289253612,0.13488960354440183,-0.002152257289253612
265,20,no_support,fc,40970,0.004203287540804013,-0.002014948520809412,0.09421869200434771,-0.002014948520809412
265,49,no_support,features,14723136,0.005221117474171422,-0.015523586127258682,0.6841608541888331,-0.015523586127258682
265,49,no_support,classifier,18882560,0.001161586781392998,-0.0018161371326641529,0.09702895801708629,-0.0018161371326641529
265,49,no_support,fc,40970,0.0014152669782561134,-0.0017558436402396183,0.0751168256456415,-0.0017558436402396183
265,6,active,features,14723136,0.017383542113293515,0.0067855173857935824,4.422558621219827,0.0067855173857935824
265,6,active,classifier,18882560,0.0020920034096434392,0.000737151013595394,0.6352782162562186,0.000737151013595394
265,6,active,fc,40970,0.0032841566444403725,0.00044409562224245747,0.4158341445748321,0.00044409562224245747
266,3,active,features,14723136,0.024456924742324304,0.01797263932671367,0.4353855563899002,0.01797263932671367
266,3,active,classifier,18882560,0.00515893301280812,0.0002594920519953803,0.07286423269314234,0.0002594920519953803
266,3,active,fc,40970,0.00344319639771129,-0.00013732752574924234,0.053831176915222774,-0.00013732752574924234
266,42,no_need,features,14723136,-0.03394611825090976,0.009622674117494512,0.5576672888372274,0.009622674117494512
266,42,no_need,classifier,18882560,-0.005361257428830868,0.002393684875130475,0.08552070310329511,0.002393684875130475
266,42,no_need,fc,40970,-0.0037194634969637264,0.0016683103126524657,0.06084729012988102,0.0016683103126524657
266,84,no_need,features,14723136,-0.004579507225979995,0.011819389044390505,0.5496382765312119,0.011819389044390505
266,84,no_need,classifier,18882560,0.0015033975182632275,0.0025160807249449135,0.06671665392759137,0.0025160807249449135
266,84,no_need,fc,40970,0.0005097750408822321,0.0018551833936726325,0.04713765420926154,0.0018551833936726325
266,62,active,features,14723136,0.026920800566003322,0.0013604418277282093,2.5695467635392246,0.0013604418277282093
266,62,active,classifier,18882560,8.546165230427505e-05,0.0017868617873091353,0.2702897650994665,0.0017868617873091353
266,62,active,fc,40970,0.0018322343366889982,0.0007732214464795106,0.17866564602248106,0.0007732214464795106
266,69,active,features,14723136,0.0015135870669009677,0.014188536497620419,0.39729157177041163,0.014188536497620419
266,69,active,classifier,18882560,0.001022020020684522,0.004415347329086217,0.04635765225764296,0.004415347329086217
266,69,active,fc,40970,0.0006103301948314765,0.0036522740956570487,0.03244450704435534,0.0036522740956570487
266,25,active,features,14723136,0.005960633537892335,0.012787223033846828,0.2953651612132581,0.012787223033846828
266,25,active,classifier,18882560,0.00104288194631863,0.0008628345051278075,0.03864649567207749,0.0008628345051278075
266,25,active,fc,40970,0.0009139207750195055,0.0007747658078187669,0.02854621808202094,0.0007747658078187669
266,23,no_need,features,14723136,-0.2706324568439413,0.22963972190098048,0.8315587779852647,0.22963972190098048
266,23,no_need,classifier,18882560,-0.024949803726485698,0.01333925977905892,0.24057995709825247,0.01333925977905892
266,23,no_need,fc,40970,-0.016306641620758455,0.008140024030581117,0.1934001663889808,0.008140024030581117
266,76,no_need,features,14723136,-0.007009836397514846,-0.005346437220126177,0.29753283727439317,-0.005346437220126177
266,76,no_need,classifier,18882560,-0.00146402157963621,-0.0021450456007414687,0.05014692642132161,-0.0021450456007414687
266,76,no_need,fc,40970,-0.0012997415387872024,-0.001655160814152623,0.037750111222514995,-0.001655160814152623
266,52,no_support,features,14723136,0.011461715409133433,-0.004641574392469039,0.6621910012219853,-0.004641574392469039
266,52,no_support,classifier,18882560,0.0011519119602780847,0.0002066227544403887,0.0882774871697376,0.0002066227544403887
266,52,no_support,fc,40970,0.0012278442318347516,0.000305655745137301,0.06836670624427758,0.000305655745137301
266,75,no_need,features,14723136,-0.01515097555943612,0.03156848633439324,0.5804511160948318,0.03156848633439324
266,75,no_need,classifier,18882560,-0.0014868888758883259,0.005730757234687189,0.06832458545185863,0.005730757234687189
266,75,no_need,fc,40970,-0.00111941571594798,0.0038042074975237483,0.04587794474005622,0.0038042074975237483
267,4,active,features,14723136,0.006545025073936728,0.023885662108028782,0.34315950550818175,0.023885662108028782
267,4,active,classifier,18882560,0.0004388962542805075,0.0022796147750341333,0.06023357853876344,0.0022796147750341333
267,4,active,fc,40970,0.00013983637791170622,0.0018087448152073193,0.048049640204173905,0.0018087448152073193
267,95,no_support,features,14723136,0.04347584780511227,-0.02043681532190078,3.130613376540249,-0.02043681532190078
267,95,no_support,classifier,18882560,0.004796173075646948,-0.003168349026964279,0.4714727382510411,-0.003168349026964279
267,95,no_support,fc,40970,0.003958782965128194,-0.002444489678964601,0.2921310596619583,-0.002444489678964601
267,1,active,features,14723136,0.019255840920479272,0.0011955215889720705,0.4287459411760008,0.0011955215889720705
267,1,active,classifier,18882560,0.0005716346678639184,-0.0005649815012702675,0.055459002204137124,-0.0005649815012702675
267,1,active,fc,40970,0.0005124333733874664,0.00024028232121509063,0.03887121107279335,0.00024028232121509063
267,21,active,features,14723136,0.02639828618865181,0.01469975955717473,1.516951038524587,0.01469975955717473
267,21,active,classifier,18882560,0.0032072474514279747,0.000911838196429926,0.13504043938404148,0.000911838196429926
267,21,active,fc,40970,0.0019106269028270617,0.0008038688279157213,0.0940820468493831,0.0008038688279157213
267,83,no_need,features,14723136,-0.020631462197059136,-0.016235885812861284,0.9138453283918819,-0.016235885812861284
267,83,no_need,classifier,18882560,-0.002207518020441057,-0.0014647336606117278,0.11260390457123474,-0.0014647336606117278
267,83,no_need,fc,40970,-0.0016751711282267934,-0.0011630232816060015,0.07889451660337675,-0.0011630232816060015
267,23,no_need,features,14723136,-0.22027864339255743,0.3126659220407646,0.5969910977113508,0.3126659220407646
267,23,no_need,classifier,18882560,0.0025878699736949784,0.012822519983274105,0.1086646707177976,0.012822519983274105
267,23,no_need,fc,40970,0.002883008899516426,0.008114456410112325,0.07830846486116924,0.008114456410112325
267,48,no_support,features,14723136,0.01370625954977811,-0.04318234052342973,0.7008778960067507,-0.04318234052342973
267,48,no_support,classifier,18882560,0.0020246986130132427,-0.005100300728372531,0.13187928557449938,-0.005100300728372531
267,48,no_support,fc,40970,-0.0001706794137135148,-0.003526700204020017,0.10753916448749343,-0.003526700204020017
267,78,active,features,14723136,0.027423587579910702,0.027875845198558125,0.8877005111629922,0.027875845198558125
267,78,active,classifier,18882560,0.004748055808704521,0.002039646131038353,0.1739056763649969,0.002039646131038353
267,78,active,fc,40970,0.005049144594522659,0.0010222031651210273,0.1438376702822135,0.0010222031651210273
267,42,no_need,features,14723136,-0.06979660326751969,0.14158423969644218,0.5348555993554966,0.14158423969644218
267,42,no_need,classifier,18882560,-0.0022242283807827334,0.0079962556146711,0.05924687772385273,0.0079962556146711
267,42,no_need,fc,40970,-0.0009645066015764314,0.005018510490117478,0.037192891406009454,0.005018510490117478
267,31,no_need,features,14723136,-0.007341942214438291,0.010380242244906412,0.8528478079326307,0.010380242244906412
267,31,no_need,classifier,18882560,-0.0015104354566801703,0.0010786431868723412,0.08648656870300941,0.0010786431868723412
267,31,no_need,fc,40970,-0.0014847313213977031,0.0010656280246621463,0.059177084016845516,0.0010656280246621463
268,38,no_need,features,14723136,-0.0001522878687367779,-0.0077580450415730695,1.0525539266382402,-0.0077580450415730695
268,38,no_need,classifier,18882560,-0.00047752639693499077,-0.000279546056901836,0.127122209029889,-0.000279546056901836
268,38,no_need,fc,40970,-0.00012274667915335158,-0.0002217181809101021,0.07648243708187112,-0.0002217181809101021
268,6,no_need,features,14723136,-0.019240535440118833,0.011863551506252179,2.008487257024217,0.011863551506252179
268,6,no_need,classifier,18882560,-0.005223406969889766,0.0008412864450235702,0.3254573537620588,0.0008412864450235702
268,6,no_need,fc,40970,-0.0036154638291918673,0.0005003859726002702,0.22573003357142232,0.0005003859726002702
268,37,no_need,features,14723136,-0.025629189988293888,-0.00032910778566730414,0.7153332597971594,-0.00032910778566730414
268,37,no_need,classifier,18882560,-0.00482804736975595,0.0023413827472040794,0.108071570422617,0.0023413827472040794
268,37,no_need,fc,40970,-0.003354598295118194,0.0015874736263867817,0.09535050024414347,0.0015874736263867817
268,55,no_need,features,14723136,-0.01992317672244681,0.0029624611629701647,0.7074157980986091,0.0029624611629701647
268,55,no_need,classifier,18882560,-0.00417367694785753,0.0008207846292123122,0.11795064886341036,0.0008207846292123122
268,55,no_need,fc,40970,-0.002880556359741604,6.866368448754656e-05,0.08887903262201428,6.866368448754656e-05
268,34,no_need,features,14723136,-0.004600562397918395,0.0004083669643648591,1.275208097405878,0.0004083669643648591
268,34,no_need,classifier,18882560,-0.005793508000351721,0.0006396124757088728,0.1551269562975355,0.0006396124757088728
268,34,no_need,fc,40970,-0.004388503122754628,0.0008834847044454364,0.1219687370050681,0.0008834847044454364
268,97,no_need,features,14723136,-0.0029281264891949377,0.005252001774302073,0.5887406213737751,0.005252001774302073
268,97,no_need,classifier,18882560,-0.00046576652295016174,0.0020367822517073364,0.06576757671971589,0.0020367822517073364
268,97,no_need,fc,40970,-0.00014308384436390043,0.0015469355066670687,0.04142141185444181,0.0015469355066670687
268,98,no_need,features,14723136,-0.0016393105622540816,-0.04868030897785047,0.7792207025691583,-0.04868030897785047
268,98,no_need,classifier,18882560,-0.0053030272747491836,-0.0036322593330169184,0.11068992886616907,-0.0036322593330169184
268,98,no_need,fc,40970,-0.00409542712259281,-0.0014714579556311946,0.07680931989941417,-0.0014714579556311946
268,74,no_need,features,14723136,-0.02070554066821728,-0.01680463240167107,0.5734894648915357,-0.01680463240167107
268,74,no_need,classifier,18882560,-0.010573328671853233,-0.0024710579609745764,0.1408191381546887,-0.0024710579609745764
268,74,no_need,fc,40970,-0.007400026450341102,-0.0013690600171685219,0.10572901353594419,-0.0013690600171685219
268,56,no_need,features,14723136,-0.011074137642864912,1.1377223213315801e-05,0.6807060094443749,1.1377223213315801e-05
268,56,no_need,classifier,18882560,-0.0022189390163021017,0.00022629413989250224,0.0809623395407234,0.00022629413989250224
268,56,no_need,fc,40970,-0.001343925103356014,0.00028596496110822045,0.05932838281658956,0.00028596496110822045
268,45,no_support,features,14723136,0.03941616483859889,-0.023468080366740196,0.6048269095984988,-0.023468080366740196
268,45,no_support,classifier,18882560,0.008432639637703687,-0.005706825149445649,0.12519181606412957,-0.005706825149445649
268,45,no_support,fc,40970,0.005688770841516089,-0.003955904367103358,0.09407853925400983,-0.003955904367103358
269,54,no_need,features,14723136,-0.0019505665422929752,0.05611578351644653,0.41823924390264977,0.05611578351644653
269,54,no_need,classifier,18882560,0.0006420199611056887,0.007588433159526176,0.048210397689824894,0.007588433159526176
269,54,no_need,fc,40970,0.0011710132803273154,0.007047280236292863,0.035508288968839924,0.007047280236292863
269,93,no_support,features,14723136,0.003190617198505662,-0.002646410478572392,1.4000649967520684,-0.002646410478572392
269,93,no_support,classifier,18882560,0.0008053008015167507,-0.00013369310312327798,0.167657698417602,-0.00013369310312327798
269,93,no_support,fc,40970,2.4925991965574212e-05,0.0003474679094779276,0.10959001754767421,0.0003474679094779276
269,74,no_need,features,14723136,-0.1881037249081423,0.20377990657758005,0.839657302613777,0.20377990657758005
269,74,no_need,classifier,18882560,0.0008745270838517172,0.004908530761667862,0.10527224478980472,0.004908530761667862
269,74,no_need,fc,40970,0.00027808531740447506,0.002916052430009586,0.07088632276915618,0.002916052430009586
269,85,active,features,14723136,0.006133311403614172,0.004247388871167601,0.5999995449810607,0.004247388871167601
269,85,active,classifier,18882560,0.00014152426435742882,-0.001457664531528735,0.07506338608664981,-0.001457664531528735
269,85,active,fc,40970,0.00014041216127225198,-0.0007467777788860985,0.05311588611247755,-0.0007467777788860985
269,16,no_support,features,14723136,0.0051425663291411235,0.0004453867815925605,1.9594264148273486,0.0004453867815925605
269,16,no_support,classifier,18882560,0.0061395601692311175,-0.0025767775362055545,0.2773104183560202,-0.0025767775362055545
269,16,no_support,fc,40970,0.0016088973898149561,-0.00047815713014642824,0.1837765218328832,-0.00047815713014642824
269,98,no_need,features,14723136,-0.014649526376965483,0.01921192892841006,0.3180831504419854,0.01921192892841006
269,98,no_need,classifier,18882560,-0.0005959140129334628,0.00047430849855345514,0.03073962058408771,0.00047430849855345514
269,98,no_need,fc,40970,-0.00047816523829169455,0.0001008757894851442,0.020781435544441243,0.0001008757894851442
269,50,no_support,features,14723136,0.005670206328673544,-0.0220810284262285,0.5423174688563014,-0.0220810284262285
269,50,no_support,classifier,18882560,0.00023982504390573922,-8.535958215816208e-05,0.049922185260129884,-8.535958215816208e-05
269,50,no_support,fc,40970,0.0008086221459961962,-0.00020176881912448152,0.03134712529139536,-0.00020176881912448152
269,59,no_need,features,14723136,-0.030994428525332296,-0.009719080012327908,0.5930195735244,-0.009719080012327908
269,59,no_need,classifier,18882560,-0.006826436770552391,-0.001662613071857777,0.06583124678170196,-0.001662613071857777
269,59,no_need,fc,40970,-0.0051345405299798585,-0.0009134090955740248,0.04720350362291803,-0.0009134090955740248
269,70,active,features,14723136,0.012341900679565754,0.005171530523554679,1.4790787549154052,0.005171530523554679
269,70,active,classifier,18882560,0.0015075497267389437,0.0004599910865721313,0.17250595564281399,0.0004599910865721313
269,70,active,fc,40970,-0.0004206482512927323,0.000833006214179477,0.10916311892121232,0.000833006214179477
269,3,no_need,features,14723136,-0.0498122052218406,0.04063452670166612,0.6312586447881997,0.04063452670166612
269,3,no_need,classifier,18882560,-0.007527339212174411,0.006043995974778227,0.16258412898482844,0.006043995974778227
269,3,no_need,fc,40970,-0.005950382317678304,0.004709907274445868,0.12979911540045405,0.004709907274445868
270,39,no_support,features,14723136,0.02607526131743043,-0.0053615846086572105,1.0823061168873234,-0.0053615846086572105
270,39,no_support,classifier,18882560,0.003345328847899509,-0.0005324711067373755,0.0985609258523443,-0.0005324711067373755
270,39,no_support,fc,40970,0.0021606580858133384,-0.0004999589073122479,0.06099266085354492,-0.0004999589073122479
270,20,no_support,features,14723136,0.04818908324264726,-0.017637040434195228,2.802421677107677,-0.017637040434195228
270,20,no_support,classifier,18882560,-0.004801010831215535,0.001468560456828527,0.38421681987248946,0.001468560456828527
270,20,no_support,fc,40970,-0.0020589121832017554,0.0009427560235053534,0.21738071721125168,0.0009427560235053534
270,43,no_need,features,14723136,-0.016129578811806766,-0.008470602053861853,0.7432089452341593,-0.008470602053861853
270,43,no_need,classifier,18882560,-0.0019091139533884416,-6.639876600900152e-05,0.10047182214624663,-6.639876600900152e-05
270,43,no_need,fc,40970,3.717620984389214e-06,0.00021245813377390732,0.06202006059522003,0.00021245813377390732
270,1,no_support,features,14723136,0.020922168112697648,-0.020171594502301105,0.784700412268755,-0.020171594502301105
270,1,no_support,classifier,18882560,0.0047753230132911995,-0.004676133697557816,0.08452991741465124,-0.004676133697557816
270,1,no_support,fc,40970,0.003127209176454926,-0.0031331597892858554,0.05658565421098448,-0.0031331597892858554
270,78,no_support,features,14723136,0.03273335971764624,-0.015860704107410584,0.8368714292305116,-0.015860704107410584
270,78,no_support,classifier,18882560,0.004518490453392587,-0.0024933797412813874,0.13528805647606126,-0.0024933797412813874
270,78,no_support,fc,40970,0.0020866486402155715,-0.00285560235624871,0.10806517203053609,-0.00285560235624871
270,0,no_support,features,14723136,0.01471946885431663,-0.01794358078856817,0.8188726737000108,-0.01794358078856817
270,0,no_support,classifier,18882560,0.001627630688062709,-0.000938588220208203,0.14098253526291127,-0.000938588220208203
270,0,no_support,fc,40970,-6.174404552439228e-05,-0.0013211633877290296,0.11189828453892336,-0.0013211633877290296
270,60,no_need,features,14723136,-0.03820805773395364,-0.008656480096163932,0.723726404321182,-0.008656480096163932
270,60,no_need,classifier,18882560,-0.006894293484037917,-0.0013440551346093343,0.11562561328467191,-0.0013440551346093343
270,60,no_need,fc,40970,-0.003608384611652582,-0.0006220072182259173,0.07795900553393671,-0.0006220072182259173
270,31,no_need,features,14723136,-0.005404790671297732,-0.007646466181270739,0.6334439301374535,-0.007646466181270739
270,31,no_need,classifier,18882560,-0.0012751149473615442,-0.0011533408753621188,0.07134106528232355,-0.0011533408753621188
270,31,no_need,fc,40970,-0.000483193418403971,-0.0010184714701608755,0.046818887058269726,-0.0010184714701608755
270,15,no_need,features,14723136,-0.025211612865518873,0.020539599429824307,0.7158540478851204,0.020539599429824307
270,15,no_need,classifier,18882560,-0.004904714749955019,0.002862018272480782,0.10190653180440251,0.002862018272480782
270,15,no_need,fc,40970,-0.0032360597670049174,0.0017952131802303484,0.06808754925433709,0.0017952131802303484
270,6,active,features,14723136,0.08819667754443117,0.016244716857215735,0.79036865389568,0.016244716857215735
270,6,active,classifier,18882560,0.01657766631069535,-0.0017304936033042395,0.14835297750429033,-0.0017304936033042395
270,6,active,fc,40970,0.010783554120280314,-0.0025035704047695617,0.118102710622417,-0.0025035704047695617
271,42,no_need,features,14723136,-0.011919891668036087,0.017466008744719375,0.5251525841248599,0.017466008744719375
271,42,no_need,classifier,18882560,-0.002308089588382245,0.0018779843492211512,0.05727870143755246,0.0018779843492211512
271,42,no_need,fc,40970,-0.0019009685693163192,0.002302572580447304,0.04017933347996805,0.002302572580447304
271,76,no_need,features,14723136,-0.006458610925413666,-0.01046511548414486,0.7271161340884577,-0.01046511548414486
271,76,no_need,classifier,18882560,-0.0008302370708861417,-0.0016014279811997767,0.07911815464580096,-0.0016014279811997767
271,76,no_need,fc,40970,-7.111681861715624e-05,-0.0013158960264263442,0.05673555351244772,-0.0013158960264263442
271,2,no_need,features,14723136,-0.014822572390613686,0.021481579671274176,0.4285301213364347,0.021481579671274176
271,2,no_need,classifier,18882560,-0.0009611941062530605,0.0025415605740590763,0.05348429019636494,0.0025415605740590763
271,2,no_need,fc,40970,-0.000540783887345242,0.0019187083571523544,0.034256077423258605,0.0019187083571523544
271,31,no_need,features,14723136,-0.14477842788917883,0.15620977616055143,0.7898108821004829,0.15620977616055143
271,31,no_need,classifier,18882560,-0.0010173176313799104,0.0031006711790269037,0.0868506043711945,0.0031006711790269037
271,31,no_need,fc,40970,0.0003968141409131931,0.0010349776780458342,0.05894860485824238,0.0010349776780458342
271,19,active,features,14723136,0.012101926018623033,0.018725268864230316,0.4658138021389551,0.018725268864230316
271,19,active,classifier,18882560,0.000416156595477446,0.002523017673411232,0.05281600037604039,0.002523017673411232
271,19,active,fc,40970,0.00039157339779194444,0.0018133861030946719,0.04136583997686273,0.0018133861030946719
271,17,no_need,features,14723136,-0.029812331058153063,0.0274776111746462,1.1403525816521105,0.0274776111746462
271,17,no_need,classifier,18882560,-0.0019302402275798158,0.003992977630787209,0.25706530413313305,0.003992977630787209
271,17,no_need,fc,40970,-0.00036530159104586346,0.0018889550774474628,0.18275366930491682,0.0018889550774474628
271,83,no_support,features,14723136,0.01456282832519662,-0.0013168090899391416,0.5719994037419288,-0.0013168090899391416
271,83,no_support,classifier,18882560,0.0028821890778090165,-0.00012785236654622167,0.06448384264159468,-0.00012785236654622167
271,83,no_support,fc,40970,0.0024849656874721404,0.00024446797442578827,0.04607753909950386,0.00024446797442578827
271,92,no_support,features,14723136,0.020225423126987607,-0.000804490659660928,3.7353284653131857,-0.000804490659660928
271,92,no_support,classifier,18882560,0.004576692947466654,-0.001439147205246627,0.8252193745971828,-0.001439147205246627
271,92,no_support,fc,40970,0.0013982444652356207,-0.00021413774356915383,0.3797235586410116,-0.00021413774356915383
271,44,no_need,features,14723136,-0.01108665851450752,0.004051331109323542,0.7500179790395652,0.004051331109323542
271,44,no_need,classifier,18882560,0.0011688733260939443,-0.0005208809618295618,0.10811899146418096,-0.0005208809618295618
271,44,no_need,fc,40970,0.003230352618629695,-0.0001507343845332798,0.08157896829952264,-0.0001507343845332798
271,35,active,features,14723136,0.014515727180395288,0.017042327135371238,0.5866025644276912,0.017042327135371238
271,35,active,classifier,18882560,0.0019264111247139226,0.0032297129209837294,0.0758727353545091,0.0032297129209837294
271,35,active,fc,40970,0.002126627990946872,0.002003964073082898,0.059189318287211135,0.002003964073082898
272,56,active,features,14723136,0.00425240649550318,0.004499927540704718,0.6821066318316344,0.004499927540704718
272,56,active,classifier,18882560,0.0029773848746117437,0.00012666740471445337,0.09281973162169117,0.00012666740471445337
272,56,active,fc,40970,0.0013805525723000756,-0.00017752510348145734,0.07184722116942771,-0.00017752510348145734
272,91,no_need,features,14723136,-0.014847104631058983,0.029786824114893307,0.42815495860164166,0.029786824114893307
272,91,no_need,classifier,18882560,-0.0015396326946301997,0.00233605615653687,0.056798645249084734,0.00233605615653687
272,91,no_need,fc,40970,-0.001291984257477452,0.0008889477112461464,0.040996957524281244,0.0008889477112461464
272,92,no_need,features,14723136,-2.734635215144408,0.40454834148147256,5.247501099572951,0.40454834148147256
272,92,no_need,classifier,18882560,-0.22652517374081071,0.0346295068584368,1.479824450098039,0.0346295068584368
272,92,no_need,fc,40970,-0.061936930564115755,0.00970119010162307,0.7573088784496509,0.00970119010162307
272,28,active,features,14723136,0.002934858108453397,0.045462678652057775,0.7249050187307525,0.045462678652057775
272,28,active,classifier,18882560,0.0028391199841735215,0.008579729660141311,0.28583334447152914,0.008579729660141311
272,28,active,fc,40970,0.0018708041425270494,0.0037640527207258856,0.21659421080069666,0.0037640527207258856
272,38,no_need,features,14723136,0.00014279577142417565,0.00482148382581471,0.57129458229751,0.00482148382581471
272,38,no_need,classifier,18882560,-0.00043535176537545794,-0.0009755590338045295,0.06687561077175813,-0.0009755590338045295
272,38,no_need,fc,40970,-0.0008809064977413072,-0.00047174025621643523,0.04193461720318,-0.00047174025621643523
272,82,active,features,14723136,0.005193663556404715,0.0052068054493714655,0.8590252796928861,0.0052068054493714655
272,82,active,classifier,18882560,0.000989918321465666,0.00012361436267838144,0.09302312170021226,0.00012361436267838144
272,82,active,fc,40970,0.00042781772094713233,0.00018181099449066096,0.06911609909343075,0.00018181099449066096
272,32,active,features,14723136,0.004701296594548765,0.004662852035046683,0.6068323234033755,0.004662852035046683
272,32,active,classifier,18882560,-1.1455013179784146e-05,0.002320928123253907,0.0968301470982045,0.002320928123253907
272,32,active,fc,40970,-0.0002824010557560541,0.0013315973401404335,0.0669195078672971,0.0013315973401404335
272,98,no_need,features,14723136,-0.029772667739322856,0.02984683044088854,0.6735242567170678,0.02984683044088854
272,98,no_need,classifier,18882560,-0.003551517044797947,0.005156531549346255,0.088771188079119,0.005156531549346255
272,98,no_need,fc,40970,-0.002514557892936864,0.0032496393268957036,0.060608858060771244,0.0032496393268957036
272,63,active,features,14723136,0.017533453887992323,0.007894865091643055,1.4239551997871571,0.007894865091643055
272,63,active,classifier,18882560,0.0033058445055758057,0.0006112027792255503,0.13214470536209472,0.0006112027792255503
272,63,active,fc,40970,0.0020429550277185626,0.0004729008821868774,0.09193584558398597,0.0004729008821868774
272,85,active,features,14723136,0.005344650662124195,0.012196349989864075,0.8841259675492369,0.012196349989864075
272,85,active,classifier,18882560,0.0004922104391482662,0.0024528800356620195,0.0841640237362875,0.0024528800356620195
272,85,active,fc,40970,0.000663184894619917,0.0012422455729392823,0.05948225087755658,0.0012422455729392823
273,5,active,features,14723136,0.0018318925196005864,0.004717926538419626,0.8522687588890574,0.004717926538419626
273,5,active,classifier,18882560,0.0024765923240011034,1.4226152515561807e-05,0.12830579754137536,1.4226152515561807e-05
273,5,active,fc,40970,0.0009715254141156038,0.0006385240189956676,0.09669135555280978,0.0006385240189956676
273,84,no_need,features,14723136,-0.03206321088140385,0.00783709732007054,1.148511133928759,0.00783709732007054
273,84,no_need,classifier,18882560,-0.01001840364688178,0.005213793020857338,0.16950012647629437,0.005213793020857338
273,84,no_need,fc,40970,-0.0061466429906431586,0.003100668321167177,0.12345154066880247,0.003100668321167177
273,60,no_support,features,14723136,0.008212902565055913,-0.009787873767621136,0.398899156108673,-0.009787873767621136
273,60,no_support,classifier,18882560,0.00023620420034831113,-0.0025208385666246613,0.0620663920151767,-0.0025208385666246613
273,60,no_support,fc,40970,0.00021258370986743103,-0.0006053632223483874,0.04507328329240947,-0.0006053632223483874
273,47,no_need,features,14723136,-0.01200061289309673,0.018799619570934567,0.4557685589199189,0.018799619570934567
273,47,no_need,classifier,18882560,-0.001984602749075748,0.002050951467936102,0.06436259367594921,0.002050951467936102
273,47,no_need,fc,40970,-0.001275852335311356,0.001755046331709309,0.04562809356214726,0.001755046331709309
273,3,no_need,features,14723136,4.2287832513920984e-05,-0.01424717004611864,0.8621619646005764,-0.01424717004611864
273,3,no_need,classifier,18882560,-0.0032425362662706902,-0.0057272876056231325,0.10951496443893598,-0.0057272876056231325
273,3,no_need,fc,40970,-0.0016714275043341331,-0.003616581994720036,0.07384504821369044,-0.003616581994720036
273,13,no_need,features,14723136,-0.008034729342142555,-0.022367406801834022,1.2948746426919155,-0.022367406801834022
273,13,no_need,classifier,18882560,-0.0023249524572293012,-0.002279702360056035,0.13755178210447425,-0.002279702360056035
273,13,no_need,fc,40970,-0.001351819395495113,-0.0010042849517049035,0.09740512128269105,-0.0010042849517049035
273,65,no_support,features,14723136,0.02099818745183768,-0.009523215731348955,1.5126213324846438,-0.009523215731348955
273,65,no_support,classifier,18882560,0.0037316320417630777,-0.0016560029741867766,0.18352057554110976,-0.0016560029741867766
273,65,no_support,fc,40970,0.0025777605078474153,-0.0008961572439147858,0.12356566487785942,-0.0008961572439147858
273,92,no_need,features,14723136,-5.340796377911829,0.5654728580258279,7.707438681783997,0.5654728580258279
273,92,no_need,classifier,18882560,-0.19985584885580465,0.02071501897626149,1.451522494710287,0.02071501897626149
273,92,no_need,fc,40970,-0.05351617896303651,0.005831388707520091,0.7381970565852808,0.005831388707520091
273,19,no_support,features,14723136,0.037068333551992794,-0.02467945169890129,0.8492600838680421,-0.02467945169890129
273,19,no_support,classifier,18882560,0.004172959414518118,-0.0030632207931375888,0.09574602326260245,-0.0030632207931375888
273,19,no_support,fc,40970,0.0027501439335537725,-0.0018770487367874011,0.07286493113827944,-0.0018770487367874011
273,74,no_support,features,14723136,0.027942201308718495,-0.0019052635823246789,0.852013860201498,-0.0019052635823246789
273,74,no_support,classifier,18882560,0.00580137911492784,-0.0024508421317932516,0.13135647709848372,-0.0024508421317932516
273,74,no_support,fc,40970,0.0034453626758477185,-0.001363070500701724,0.08427665984867644,-0.001363070500701724
274,59,active,features,14723136,0.001634795651874299,0.007387200549359818,0.38711173424584727,0.007387200549359818
274,59,active,classifier,18882560,0.00016156147376023,0.0017112960340455174,0.03435088508035112,0.0017112960340455174
274,59,active,fc,40970,0.00013460133658327322,0.00010830971268660505,0.019210199909550918,0.00010830971268660505
274,45,no_support,features,14723136,0.028773672964476305,-0.02333397658033931,0.6575347827026018,-0.02333397658033931
274,45,no_support,classifier,18882560,0.004502736593849477,-0.0012891878875507246,0.11179803076245129,-0.0012891878875507246
274,45,no_support,fc,40970,0.0025998612900366425,-0.0010322495436412282,0.08520261628097599,-0.0010322495436412282
274,39,no_support,features,14723136,0.025260344229472764,-0.015746427133805696,0.8972892634266612,-0.015746427133805696
274,39,no_support,classifier,18882560,0.0018402123880605359,-0.0019768970491895743,0.10074795870662703,-0.0019768970491895743
274,39,no_support,fc,40970,0.0009685460199762019,-0.001267119185285992,0.06737461414902546,-0.001267119185285992
274,67,active,features,14723136,0.02580219174001286,0.007516327203710205,0.5822541863920242,0.007516327203710205
274,67,active,classifier,18882560,0.0039021806710479723,0.0010214772302106212,0.0850647014902757,0.0010214772302106212
274,67,active,fc,40970,0.002570078147982713,0.0013083241992717376,0.060688299987930905,0.0013083241992717376
274,6,no_support,features,14723136,0.042071629930981125,-0.03330792579390618,1.0363824388763323,-0.03330792579390618
274,6,no_support,classifier,18882560,-0.0004774179900124409,-0.0018567872824633014,0.19600861506270006,-0.0018567872824633014
274,6,no_support,fc,40970,-0.0026776233989949105,-0.000803602011728799,0.15227562299203767,-0.000803602011728799
274,78,no_support,features,14723136,0.050838665362221036,-0.010585730269767168,1.6390861648765696,-0.010585730269767168
274,78,no_support,classifier,18882560,0.0038478611529626505,-0.0004660002507534955,0.18050071160929892,-0.0004660002507534955
274,78,no_support,fc,40970,0.0023393437058985,-0.00028293829564063344,0.13013734094447432,-0.00028293829564063344
274,84,no_need,features,14723136,-0.09387292215470211,0.10643578496726036,0.700658381088453,0.10643578496726036
274,84,no_need,classifier,18882560,6.353494995892106e-06,0.006324063604097319,0.06684149517246483,0.006324063604097319
274,84,no_need,fc,40970,0.0002512974901947018,0.003680224928757525,0.04242585075171949,0.003680224928757525
274,80,active,features,14723136,0.005298271196174653,0.011742655098494481,0.14944540399731823,0.011742655098494481
274,80,active,classifier,18882560,0.00017891338004005775,0.0005259065915765859,0.0287065315757795,0.0005259065915765859
274,80,active,fc,40970,-0.00019971361041370983,-0.00014582115221628555,0.020979348501195913,-0.00014582115221628555
274,22,no_need,features,14723136,-0.006560098273460824,-0.003339735329296545,0.5360962601830213,-0.003339735329296545
274,22,no_need,classifier,18882560,-0.0013860956817097758,0.0002473903918769338,0.07824701340736237,0.0002473903918769338
274,22,no_need,fc,40970,-0.0007105351094196521,-0.00011886310608133499,0.05353199867212219,-0.00011886310608133499
274,57,active,features,14723136,0.001905904750643118,0.013009298447499873,0.8788874740564278,0.013009298447499873
274,57,active,classifier,18882560,-1.7228129678414916e-06,0.0006139606987289881,0.1744995191354523,0.0006139606987289881
274,57,active,fc,40970,-0.0004720202405223972,0.0004307860890548909,0.1448380519013684,0.0004307860890548909
275,64,active,features,14723136,0.04678944383957173,0.001609465990249248,0.9667047634529847,0.001609465990249248
275,64,active,classifier,18882560,0.005410840585227561,0.000796680222492796,0.13526207666763876,0.000796680222492796
275,64,active,fc,40970,0.003569519087250228,6.986423090893368e-05,0.10013406167105347,6.986423090893368e-05
275,42,no_need,features,14723136,-0.0008711405839250117,-0.002597813831744844,0.7387017915081221,-0.002597813831744844
275,42,no_need,classifier,18882560,0.0005025204436037711,-0.000973440708094131,0.09710793042105867,-0.000973440708094131
275,42,no_need,fc,40970,0.00012785083072230918,-0.0008943752277446038,0.062263946937013044,-0.0008943752277446038
275,43,no_need,features,14723136,-0.01260434806059152,0.06353478602085261,0.6432870590832597,0.06353478602085261
275,43,no_need,classifier,18882560,-0.0012919069060330912,0.010452853214701463,0.06858483763369405,0.010452853214701463
275,43,no_need,fc,40970,-0.0010580913626654365,0.005654479449731298,0.044796153261895316,0.005654479449731298
275,38,active,features,14723136,0.008092490818093268,0.003507246779424378,0.8298642738080715,0.003507246779424378
275,38,active,classifier,18882560,0.0017138922123649536,0.0006042708843096989,0.11069017391773102,0.0006042708843096989
275,38,active,fc,40970,0.0007517501658185211,0.0006321089867924456,0.06876687789752133,0.0006321089867924456
275,94,active,features,14723136,0.00017876027916940984,0.054322689473949026,0.6387939696447034,0.054322689473949026
275,94,active,classifier,18882560,0.0028186564088628074,0.005809034700178017,0.13467552408607236,0.005809034700178017
275,94,active,fc,40970,0.0002547880951624393,0.0023196414149424527,0.09196443608725272,0.0023196414149424527
275,36,active,features,14723136,0.0032782966041580153,0.004027853216136634,0.3588740026347338,0.004027853216136634
275,36,active,classifier,18882560,0.0012368894282417386,0.0014169262816494665,0.0802207972696892,0.0014169262816494665
275,36,active,fc,40970,-0.00011399705488202017,0.0006187469962242176,0.06006833566921256,0.0006187469962242176
275,68,no_need,features,14723136,-0.02139989393086239,-0.015071165834669387,0.5347912706234218,-0.015071165834669387
275,68,no_need,classifier,18882560,-0.003691288995469222,-0.0008383861369338774,0.07440240842018278,-0.0008383861369338774
275,68,no_need,fc,40970,-0.0024648605758557096,-0.00043369829381845193,0.057289396776039746,-0.00043369829381845193
275,8,no_support,features,14723136,0.034178228320314474,-9.963075347130257e-05,2.9959073458953394,-9.963075347130257e-05
275,8,no_support,classifier,18882560,0.0070995783989928896,-0.0005832740695268512,0.37833468335925285,-0.0005832740695268512
275,8,no_support,fc,40970,0.00758178137766663,-0.0008863866614774452,0.2236449250265871,-0.0008863866614774452
275,11,active,features,14723136,0.024588247363254823,0.009488859728527643,1.4147839237838629,0.009488859728527643
275,11,active,classifier,18882560,0.004336174003810811,0.0004327200684599575,0.14305792385581634,0.0004327200684599575
275,11,active,fc,40970,0.0037619441536662634,-0.00032692125864741683,0.08711182339050554,-0.00032692125864741683
275,89,no_need,features,14723136,-0.025484037168240548,-0.053651376124406625,0.9768478917101194,-0.053651376124406625
275,89,no_need,classifier,18882560,-0.005666445512815699,-0.005839251797624456,0.16379270948162225,-0.005839251797624456
275,89,no_need,fc,40970,-0.005501354062289465,-0.0029771945419270196,0.12795622309041588,-0.0029771945419270196
276,23,no_need,features,14723136,-0.03176918164071196,0.006239552999488751,0.495208368347495,0.006239552999488751
276,23,no_need,classifier,18882560,-0.0111308511277457,0.004369993349428114,0.1332908672152036,0.004369993349428114
276,23,no_need,fc,40970,-0.0054197353128984105,0.0020663657760451315,0.0974994946762254,0.0020663657760451315
276,69,no_need,features,14723136,-0.004268446402846848,0.016157954260918928,0.5076446391644835,0.016157954260918928
276,69,no_need,classifier,18882560,-0.0006929506861581558,0.0015754752312773235,0.05732345350402517,0.0015754752312773235
276,69,no_need,fc,40970,-0.0010074090673697356,0.0012456590629881248,0.04044451519919627,0.0012456590629881248
276,89,no_need,features,14723136,-0.4061180474786852,0.284983949371167,1.0911704127413993,0.284983949371167
276,89,no_need,classifier,18882560,-0.022000272376317298,0.013846716218722577,0.23450063651102154,0.013846716218722577
276,89,no_need,fc,40970,-0.012078266190655995,0.007317429677641485,0.18702241265358524,0.007317429677641485
276,9,no_support,features,14723136,0.031581793123848456,-0.06411392262100435,0.43480713438535595,-0.06411392262100435
276,9,no_support,classifier,18882560,0.003197424111476721,-0.006954762343411858,0.05213861372291215,-0.006954762343411858
276,9,no_support,fc,40970,0.0015635222507626167,-0.003786224477153155,0.037205344205730274,-0.003786224477153155
276,42,no_need,features,14723136,-0.25579404501081626,0.16043485137191738,1.231169106615954,0.16043485137191738
276,42,no_need,classifier,18882560,-0.009378270858178439,0.004202621244075999,0.1344602583613223,0.004202621244075999
276,42,no_need,fc,40970,-0.005145072900631931,0.001973329758584441,0.09032774439632363,0.001973329758584441
276,74,no_need,features,14723136,-0.07950933000307714,0.025125529338922092,1.1161845763372973,0.025125529338922092
276,74,no_need,classifier,18882560,-0.016900621025342843,0.0049846679485199274,0.2445093966324746,0.0049846679485199274
276,74,no_need,fc,40970,-0.009137661210843362,0.0032306551329384092,0.18348542682715,0.0032306551329384092
276,62,active,features,14723136,-0.001342691876956792,0.010858767252642565,0.8535474124026288,0.010858767252642565
276,62,active,classifier,18882560,0.0029628345155288116,-0.0011211460202957824,0.15260061283123214,-0.0011211460202957824
276,62,active,fc,40970,0.001098570342946914,-0.0002148133185073675,0.1084997843360179,-0.0002148133185073675
276,68,no_need,features,14723136,-0.018871037785997302,0.10700582380025025,0.21355068147563,0.10700582380025025
276,68,no_need,classifier,18882560,0.001027815616623684,0.008814473088932573,0.03546775075049206,0.008814473088932573
276,68,no_need,fc,40970,0.00047039092487466405,0.0057953204232035205,0.02717346051612931,0.0057953204232035205
276,57,no_support,features,14723136,0.11969173950603818,-0.027446933887205205,1.15873609463902,-0.027446933887205205
276,57,no_support,classifier,18882560,0.01759085860248888,-0.001791022744782822,0.2051505183394916,-0.001791022744782822
276,57,no_support,fc,40970,0.00905034188326681,-2.1505306904145982e-05,0.1622341753526872,-2.1505306904145982e-05
276,93,no_need,features,14723136,-0.04484525309652554,0.014250036775180774,0.9698114166053249,0.014250036775180774
276,93,no_need,classifier,18882560,-0.00685491347394418,0.0020075113229722774,0.15246493849883966,0.0020075113229722774
276,93,no_need,fc,40970,-0.0026466831031939364,0.0008399267471759231,0.1100408254946262,0.0008399267471759231
277,85,no_support,features,14723136,0.026982283394119122,-0.020934578370940926,0.8425032228307078,-0.020934578370940926
277,85,no_support,classifier,18882560,0.0010041716495408082,-0.002469983797709574,0.10168349283924483,-0.002469983797709574
277,85,no_support,fc,40970,-0.0009084333401006006,-0.0009733048154885182,0.07486305863596202,-0.0009733048154885182
277,66,no_support,features,14723136,0.04150302373622594,-0.012442183712138899,1.045636973723797,-0.012442183712138899
277,66,no_support,classifier,18882560,0.0039181417150757625,-0.0018174149805645357,0.10474723447120683,-0.0018174149805645357
277,66,no_support,fc,40970,0.002753585773461964,-0.0010715106209318037,0.07475768832270904,-0.0010715106209318037
277,93,no_need,features,14723136,-0.6660838317677644,0.41169286101589364,1.2086057702581932,0.41169286101589364
277,93,no_need,classifier,18882560,-0.013045920268268674,0.005696169111615745,0.16268129691548577,0.005696169111615745
277,93,no_need,fc,40970,-0.005743328614698839,0.0012143964440838317,0.11531473875782604,0.0012143964440838317
277,44,no_support,features,14723136,0.012651581123371614,-0.035322640663366656,0.870496228009946,-0.035322640663366656
277,44,no_support,classifier,18882560,0.005181008134968579,-0.006671686228855833,0.12796870581404668,-0.006671686228855833
277,44,no_support,fc,40970,0.004517399451287929,-0.0037743928005511407,0.11114266752868414,-0.0037743928005511407
277,48,no_support,features,14723136,0.00296802256531592,-0.0035149664145706083,0.6537037677387547,-0.0035149664145706083
277,48,no_support,classifier,18882560,0.00338879020978311,0.000839057595385384,0.12773998022264227,0.000839057595385384
277,48,no_support,fc,40970,0.0040132448375516105,0.0010657627708496875,0.10324909332280864,0.0010657627708496875
277,13,active,features,14723136,0.024527523217244607,0.007318939057977758,0.98075356558499,0.007318939057977758
277,13,active,classifier,18882560,0.0030456021991085436,0.0012036653339464465,0.12572475240041692,0.0012036653339464465
277,13,active,fc,40970,0.003004587080795318,0.0002854846366062702,0.09995232988870309,0.0002854846366062702
277,3,no_support,features,14723136,0.012113526431761557,-0.010542890213869782,0.7568853315777501,-0.010542890213869782
277,3,no_support,classifier,18882560,0.0008937397254840107,0.000589023542190148,0.08314919106373794,0.000589023542190148
277,3,no_support,fc,40970,0.0005350361261662329,0.0001311298608470679,0.05684036229222553,0.0001311298608470679
277,21,no_support,features,14723136,0.010169669498246492,-0.006654809517197435,0.7532600616786612,-0.006654809517197435
277,21,no_support,classifier,18882560,0.003982525789524516,-0.0003381956223194038,0.09668291782304894,-0.0003381956223194038
277,21,no_support,fc,40970,0.003227936365874484,-0.0002053782612847499,0.06614711851067934,-0.0002053782612847499
277,23,no_need,features,14723136,-0.09417275643750145,0.2184887725917406,0.40108730186640285,0.2184887725917406
277,23,no_need,classifier,18882560,8.875857247403474e-05,0.009031694748045993,0.10831754488190255,0.009031694748045993
277,23,no_need,fc,40970,-0.0003931501050828956,0.003445481383096194,0.07861018498687983,0.003445481383096194
277,39,active,features,14723136,0.01689164703664403,0.0020504648381987067,0.8274197450000367,0.0020504648381987067
277,39,active,classifier,18882560,-0.0006345425855442954,0.00037220778142454947,0.13352328556017876,0.00037220778142454947
277,39,active,fc,40970,-0.00016908393365611118,0.0002051201308859163,0.09461270358227541,0.0002051201308859163
278,28,active,features,14723136,0.025169602436839966,0.003276910278060541,0.8434968275209735,0.003276910278060541
278,28,active,classifier,18882560,0.009634116703637119,0.00385863825999877,0.30058748565210697,0.00385863825999877
278,28,active,fc,40970,0.00795473641846911,0.0005756882387686346,0.22894462607912894,0.0005756882387686346
278,94,no_need,features,14723136,-0.05944783570072332,0.03998378070605213,1.0083193304259326,0.03998378070605213
278,94,no_need,classifier,18882560,-0.018295946061698487,0.005535636598324345,0.21226526978581403,0.005535636598324345
278,94,no_need,fc,40970,-0.00867472078971332,0.0027318040974932956,0.14291746917678558,0.0027318040974932956
278,18,no_need,features,14723136,-0.011257007722072387,-0.004472980653231318,0.49213912638614615,-0.004472980653231318
278,18,no_need,classifier,18882560,-0.0038586243458667013,-0.0011712821587366307,0.07564439603003156,-0.0011712821587366307
278,18,no_need,fc,40970,-0.0027690702190739103,-0.0003519984628610473,0.055966552059046534,-0.0003519984628610473
278,68,no_support,features,14723136,0.04502368553730207,-0.08672372535149009,0.4249738743483181,-0.08672372535149009
278,68,no_support,classifier,18882560,0.007530456568474619,-0.013625473995489301,0.08326502117698155,-0.013625473995489301
278,68,no_support,fc,40970,0.00419412413975806,-0.007042301389446948,0.05836073003697129,-0.007042301389446948
278,65,no_need,features,14723136,-0.013034479962627188,-0.005537674034343354,1.15090645438871,-0.005537674034343354
278,65,no_need,classifier,18882560,-0.007983161451193155,0.0009194495352176091,0.18184805714042485,0.0009194495352176091
278,65,no_need,fc,40970,-0.006506970188638661,0.0004738062127671583,0.1320342864106316,0.0004738062127671583
278,53,no_need,features,14723136,-0.037539310934846526,-0.003971868911563092,0.8691866706321985,-0.003971868911563092
278,53,no_need,classifier,18882560,-0.004254609985764546,-0.0005465150455847834,0.1233817449633514,-0.0005465150455847834
278,53,no_need,fc,40970,-0.0019519209845384466,-0.0006944590777493431,0.08613341772956945,-0.0006944590777493431
278,66,no_need,features,14723136,-0.19688217934961472,0.11505134673761575,0.5972111066639164,0.11505134673761575
278,66,no_need,classifier,18882560,-0.010982531381159788,0.0011960914701489855,0.07753184012150519,0.0011960914701489855
278,66,no_need,fc,40970,-0.006098515332269017,-0.00016960604989435524,0.05326908012014085,-0.00016960604989435524
278,75,no_need,features,14723136,-0.013304641654974247,-0.029113474191376554,0.38230410856552194,-0.029113474191376554
278,75,no_need,classifier,18882560,-0.0016247056345264355,-0.0050187491337965184,0.05356759066832896,-0.0050187491337965184
278,75,no_need,fc,40970,-0.0013815918723594223,-0.002350059252421488,0.03837026073961332,-0.002350059252421488
278,12,no_support,features,14723136,0.0104899628549191,-0.02574099677296715,0.5932410692929145,-0.02574099677296715
278,12,no_support,classifier,18882560,0.0005935343803713522,-0.003674006668916263,0.06191343284738004,-0.003674006668916263
278,12,no_support,fc,40970,-0.0005869618203178106,-0.002128210002410924,0.03817184819138918,-0.002128210002410924
278,92,active,features,14723136,0.021195789397097542,0.022053000729513883,4.742092822261068,0.022053000729513883
278,92,active,classifier,18882560,0.004671274929023639,0.0022739622240806057,1.3748077605448963,0.0022739622240806057
278,92,active,fc,40970,-0.0021646804689225974,0.001012992899177334,0.6967815738186519,0.001012992899177334
279,90,no_need,features,14723136,-0.0377840148457409,-0.008770021611212542,0.7658703845676833,-0.008770021611212542
279,90,no_need,classifier,18882560,-0.022387372409866657,0.004770693479258625,0.22586427037488369,0.004770693479258625
279,90,no_need,fc,40970,-0.014138694197754376,0.0024481767723045778,0.1651427061518502,0.0024481767723045778
279,75,no_need,features,14723136,-0.052436099634746824,0.08912374642753207,0.31893168257526044,0.08912374642753207
279,75,no_need,classifier,18882560,-0.0026636392587988666,-0.0003447242169158926,0.044462940418427105,-0.0003447242169158926
279,75,no_need,fc,40970,-0.001046687446660144,-0.0009259346034014015,0.031155302305135395,-0.0009259346034014015
279,39,active,features,14723136,0.019418790409503117,0.027536368825181512,0.4706679239894494,0.027536368825181512
279,39,active,classifier,18882560,0.0024767437246282498,0.007283378717147571,0.05013529036816021,0.007283378717147571
279,39,active,fc,40970,0.0014610117250413168,0.0035521549561963184,0.03307456935236996,0.0035521549561963184
279,64,no_need,features,14723136,-0.033404631402731866,-0.007336307761576677,1.0820098523324468,-0.007336307761576677
279,64,no_need,classifier,18882560,-0.0064968397859956895,-0.00047637803021416403,0.20887361392286008,-0.00047637803021416403
279,64,no_need,fc,40970,-0.0027410487273300532,-0.0010859817657546955,0.1524005774924294,-0.0010859817657546955
279,49,no_need,features,14723136,-0.024256530816217037,0.012711179294523589,0.6597272071637922,0.012711179294523589
279,49,no_need,classifier,18882560,-0.003487819435122219,0.00016489127823149374,0.0848362712408809,0.00016489127823149374
279,49,no_need,fc,40970,-0.0017154762135760393,9.255772590677225e-05,0.060217722275831956,9.255772590677225e-05
279,44,no_support,features,14723136,0.03307930975856266,-0.004262418223177633,0.7854911027344111,-0.004262418223177633
279,44,no_support,classifier,18882560,0.003535079646781014,-0.0008394871431391948,0.11009304004727682,-0.0008394871431391948
279,44,no_support,fc,40970,0.0018710641197685618,-8.441102863798733e-06,0.08854107517670201,-8.441102863798733e-06
279,66,no_need,features,14723136,-0.018615118627486993,0.05273604220417383,0.23163859712513435,0.05273604220417383
279,66,no_need,classifier,18882560,0.00030362170667785904,0.003359837875905214,0.030003412682891133,0.003359837875905214
279,66,no_need,fc,40970,0.0003505864719954843,0.0016614743954050937,0.021546029131252604,0.0016614743954050937
279,50,no_support,features,14723136,0.005669510042253023,-0.006232419523541921,1.4693026262001585,-0.006232419523541921
279,50,no_support,classifier,18882560,-0.0018318760821784963,0.00048646578653688266,0.2166628307237521,0.00048646578653688266
279,50,no_support,fc,40970,-0.0009597734078852227,0.00044910622455063276,0.1497759203649392,0.00044910622455063276
279,60,no_need,features,14723136,-0.029225785078295985,0.005783430826262759,0.985946810363807,0.005783430826262759
279,60,no_need,classifier,18882560,-0.005289325534249656,-0.0005518623388383048,0.12430510489392144,-0.0005518623388383048
279,60,no_need,fc,40970,-0.0023597066865477245,-0.0006626322006013652,0.0817409310176116,-0.0006626322006013652
279,98,no_support,features,14723136,0.03577174930009619,-0.015567092014848072,0.8747830290643912,-0.015567092014848072
279,98,no_support,classifier,18882560,0.004501452058320865,-0.000399830052060679,0.12200426049894532,-0.000399830052060679
279,98,no_support,fc,40970,0.0033468082910985686,-0.0003674079480333603,0.0850099941135867,-0.0003674079480333603
280,61,active,features,14723136,0.03126041376606281,0.005920430443794089,0.7598418687542488,0.005920430443794089
280,61,active,classifier,18882560,0.0006851304744515119,-0.00030451738784620375,0.13518017948512717,-0.00030451738784620375
280,61,active,fc,40970,-0.0005658090722135967,-0.0005852660558502976,0.09669579833920794,-0.0005852660558502976
280,27,no_need,features,14723136,-0.006727608557142162,-9.795077627217097e-06,0.793626021655442,-9.795077627217097e-06
280,27,no_need,classifier,18882560,-0.000586793690729337,-0.001208081646723258,0.08172672342381938,-0.001208081646723258
280,27,no_need,fc,40970,0.0001126580959862622,-0.0006846035532817041,0.0565345859748299,-0.0006846035532817041
280,77,no_need,features,14723136,-0.009706179994338981,0.007453958412096284,0.5318616394243957,0.007453958412096284
280,77,no_need,classifier,18882560,-0.0016622852840555424,-0.00031998489701123844,0.05688209952774245,-0.00031998489701123844
280,77,no_need,fc,40970,-0.0006690472932859848,-0.0009474123212385166,0.036274574009304096,-0.0009474123212385166
280,23,no_need,features,14723136,-0.005817124516624972,0.008673435769622984,0.56077349717273,0.008673435769622984
280,23,no_need,classifier,18882560,0.0011093131049619842,-0.0009214297227799761,0.14736893147833133,-0.0009214297227799761
280,23,no_need,fc,40970,0.0008919810334191425,-0.00021883172450998245,0.09735215897987161,-0.00021883172450998245
280,66,no_need,features,14723136,-0.07506930582826499,0.1931530610702623,0.30316635082134746,0.1931530610702623
280,66,no_need,classifier,18882560,-0.0009720462973632493,0.0017615221885023402,0.04788244272153459,0.0017615221885023402
280,66,no_need,fc,40970,0.000127179310311476,0.00020009847617075138,0.03391421624434968,0.00020009847617075138
280,33,no_need,features,14723136,-0.021820953331285864,-0.007175378020015444,1.8259908825167517,-0.007175378020015444
280,33,no_need,classifier,18882560,-0.0034865262855419132,-0.0011082732934255546,0.19632598854300207,-0.0011082732934255546
280,33,no_need,fc,40970,-0.0028538693240989232,-0.0005873883196727547,0.1340171970193278,-0.0005873883196727547
280,26,no_support,features,14723136,0.012803652784814545,-0.014036309535793379,0.6715271034245259,-0.014036309535793379
280,26,no_support,classifier,18882560,0.0008152153717446708,-0.0009332080248896091,0.08655366129399883,-0.0009332080248896091
280,26,no_support,fc,40970,0.0009159369442386378,-0.0006828411562764813,0.0608324466329819,-0.0006828411562764813
280,42,no_need,features,14723136,-0.01123408475230292,0.0071791823053786175,0.3059549792481755,0.0071791823053786175
280,42,no_need,classifier,18882560,-0.0010431986919456904,0.0008742904487917258,0.03902266968711714,0.0008742904487917258
280,42,no_need,fc,40970,-0.0002680354178323796,-0.00011448384702816838,0.025263241014495643,-0.00011448384702816838
280,37,no_support,features,14723136,0.03388750162787346,-0.011837901185035804,0.8138675357518432,-0.011837901185035804
280,37,no_support,classifier,18882560,0.0017243075436681465,0.0006047908439654748,0.10839814394001475,0.0006047908439654748
280,37,no_support,fc,40970,0.0022211257310118526,0.00063389425895366,0.09380142264889678,0.00063389425895366
280,78,no_support,features,14723136,-0.0032080308598665397,-0.0010896136005342782,1.9932549621549176,-0.0010896136005342782
280,78,no_support,classifier,18882560,0.003971298952365032,-0.0012668996770344165,0.2786710566603622,-0.0012668996770344165
280,78,no_support,fc,40970,0.0036163621825835435,-0.0008551267021630338,0.20369961078248064,-0.0008551267021630338
281,0,active,features,14723136,0.006304219052097436,0.008186078497363525,1.083664346038552,0.008186078497363525
281,0,active,classifier,18882560,0.00031226746293100405,0.002687251899601506,0.16873950517775818,0.002687251899601506
281,0,active,fc,40970,-0.00035637096016216674,0.001969889668544056,0.13267239196986383,0.001969889668544056
281,56,no_need,features,14723136,-0.015530842557765823,0.008212877076868352,1.4340646809644355,0.008212877076868352
281,56,no_need,classifier,18882560,-0.00026687451406814944,0.0005069236100894159,0.1781262181194006,0.0005069236100894159
281,56,no_need,fc,40970,-0.00010007248556576087,0.00045702209104092617,0.12508226497094105,0.00045702209104092617
281,5,no_need,features,14723136,-0.005170133631580143,-0.005074481688950527,1.046591856562476,-0.005074481688950527
281,5,no_need,classifier,18882560,-0.0026999384131158877,-0.0004807362416840988,0.14980394310318762,-0.0004807362416840988
281,5,no_need,fc,40970,-0.0019433883844612865,-0.00032789804663480027,0.10608688352423667,-0.00032789804663480027
281,30,active,features,14723136,0.006829057938148253,0.01570926468667011,0.90379295412752,0.01570926468667011
281,30,active,classifier,18882560,0.006964948705899587,0.0036061231076018885,0.20512899896193823,0.0036061231076018885
281,30,active,fc,40970,0.0048212919573416,0.0025521893448967603,0.14839823809055788,0.0025521893448967603
281,76,active,features,14723136,0.006515453392474058,0.004131654681678754,0.5401654436794481,0.004131654681678754
281,76,active,classifier,18882560,-0.0006397347437427925,0.0013596500884887064,0.06673276951750848,0.0013596500884887064
281,76,active,fc,40970,-0.0003705183813735857,0.0008004485862329602,0.047837690169032165,0.0008004485862329602
281,95,no_support,features,14723136,0.004616112196377031,-0.004697723272606424,1.6903254513104218,-0.004697723272606424
281,95,no_support,classifier,18882560,0.0024259814942979574,-0.00039248780524303584,0.22880872848320075,-0.00039248780524303584
281,95,no_support,fc,40970,0.0017961662288143998,-0.0005095656487128508,0.15151472505832853,-0.0005095656487128508
281,53,active,features,14723136,0.008362894943054755,0.0009971906628010174,0.7223293137082195,0.0009971906628010174
281,53,active,classifier,18882560,-0.0008017041006382897,-0.0005847838096997293,0.10241048938027751,-0.0005847838096997293
281,53,active,fc,40970,-0.0005829050514876144,-0.0003182163270594174,0.07640087900929085,-0.0003182163270594174
281,73,no_support,features,14723136,0.02608998570075549,-0.02755278504762515,0.5883907119289509,-0.02755278504762515
281,73,no_support,classifier,18882560,0.004994966455569738,-0.004365675401913904,0.10652374094002565,-0.004365675401913904
281,73,no_support,fc,40970,0.003739302726899041,-0.0026921766002487857,0.0786507841498853,-0.0026921766002487857
281,63,no_need,features,14723136,-0.017083840364634284,0.011918677962405866,1.3464159586849749,0.011918677962405866
281,63,no_need,classifier,18882560,-0.003858030415358371,0.0005914179787396279,0.18320490046217155,0.0005914179787396279
281,63,no_need,fc,40970,-0.002757555304924608,0.0004679257158386463,0.13634646010700682,0.0004679257158386463
281,88,no_need,features,14723136,-0.0009107959517820063,0.0020550933546594763,0.5703286527886147,0.0020550933546594763
281,88,no_need,classifier,18882560,0.0003419799785433497,-3.413760750703432e-05,0.0699204372393442,-3.413760750703432e-05
281,88,no_need,fc,40970,4.5128267572636105e-05,-8.318456042388789e-05,0.04889677951592116,-8.318456042388789e-05
282,84,no_need,features,14723136,-0.006410841865381656,-0.012181553188725047,0.8511921590188471,-0.012181553188725047
282,84,no_need,classifier,18882560,-0.004655281156374258,0.0020414147661540483,0.17450540622981556,0.0020414147661540483
282,84,no_need,fc,40970,-0.002036426707491046,0.0006546519107359927,0.1294888623345462,0.0006546519107359927
282,89,no_need,features,14723136,-0.020917350738628215,0.06622702681602277,0.7313377352074496,0.06622702681602277
282,89,no_need,classifier,18882560,-0.002861089525595162,0.010037850257504033,0.16338800903429124,0.010037850257504033
282,89,no_need,fc,40970,7.743865353404544e-05,0.005917330512602348,0.12294331710584666,0.005917330512602348
282,68,no_need,features,14723136,-0.03469249067093472,-0.01564942336771935,0.43411929188097204,-0.01564942336771935
282,68,no_need,classifier,18882560,-0.005185204032841284,-0.0006901585377363517,0.07140368367736999,-0.0006901585377363517
282,68,no_need,fc,40970,-0.0028508663999673445,-0.0003329215633129934,0.05152921772572741,-0.0003329215633129934
282,64,active,features,14723136,0.003998913867512499,0.008095434138880364,0.5130650269411307,0.008095434138880364
282,64,active,classifier,18882560,0.00021108043378603725,0.00276548748888672,0.06825261289389876,0.00276548748888672
282,64,active,fc,40970,-1.5755054619148723e-05,7.646046560694231e-05,0.05067637114858205,7.646046560694231e-05
282,78,no_need,features,14723136,-0.007360124072057772,7.08230132637766e-05,0.6830892015428245,7.08230132637766e-05
282,78,no_need,classifier,18882560,-0.00301098169825309,-0.0008226931347508071,0.11468016783161204,-0.0008226931347508071
282,78,no_need,fc,40970,-0.0012299561731197173,3.004291329489206e-06,0.09232941131208482,3.004291329489206e-06
282,62,no_need,features,14723136,-0.07147223563418947,0.03613875627787877,0.9485051911282453,0.03613875627787877
282,62,no_need,classifier,18882560,-0.01196960327342822,0.0061958127462276025,0.21687568468874355,0.0061958127462276025
282,62,no_need,fc,40970,-0.0068141163064865395,0.003419078717342927,0.14695386988315676,0.003419078717342927
282,28,no_need,features,14723136,-0.09074563376736933,0.04671600649656682,0.7597744059573708,0.04671600649656682
282,28,no_need,classifier,18882560,-0.03640777442342369,0.012034265699185198,0.34417623760155464,0.012034265699185198
282,28,no_need,fc,40970,-0.024453928475850262,0.006508742146252189,0.26552593624801896,0.006508742146252189
282,30,no_need,features,14723136,-0.5732677996863913,0.362778895444535,1.1710230903458905,0.362778895444535
282,30,no_need,classifier,18882560,-0.039109437149818405,0.017542397979923408,0.2936703661281278,0.017542397979923408
282,30,no_need,fc,40970,-0.02241735826828517,0.00857440756590222,0.2158753172738889,0.00857440756590222
282,49,no_need,features,14723136,-0.013018506004783603,0.005680242964814397,0.5035594802931082,0.005680242964814397
282,49,no_need,classifier,18882560,-0.002080113820625229,0.0011820846265209184,0.06376668481338454,0.0011820846265209184
282,49,no_need,fc,40970,-0.0014561796524503734,0.0008610343575128354,0.04609214901645712,0.0008610343575128354
282,41,no_need,features,14723136,-0.024948477093346355,0.030839939839474084,0.7361641256109381,0.030839939839474084
282,41,no_need,classifier,18882560,-0.006604346793210425,0.0035606266314971435,0.09828835768622525,0.0035606266314971435
282,41,no_need,fc,40970,-0.0044036279468855355,0.0024277224083562032,0.0677450741119396,0.0024277224083562032
283,67,no_need,features,14723136,-0.030724765501446427,0.0005703861869648108,2.2140923079429453,0.0005703861869648108
283,67,no_need,classifier,18882560,-0.01260224877478322,0.0028352480212561204,0.3312602669904756,0.0028352480212561204
283,67,no_need,fc,40970,-0.012806048092897981,0.0037585951686196495,0.25422704272024316,0.0037585951686196495
283,45,no_need,features,14723136,-0.030133455319187874,0.0003407996339213071,0.8735763943359367,0.0003407996339213071
283,45,no_need,classifier,18882560,-0.010202979736277484,-0.00476077763869398,0.12619960360859095,-0.00476077763869398
283,45,no_need,fc,40970,-0.006320447653706651,-0.003248338753110147,0.08031728866413815,-0.003248338753110147
283,94,no_need,features,14723136,-0.013955810300508631,-0.002564887705233332,0.41740811993159066,-0.002564887705233332
283,94,no_need,classifier,18882560,0.005168881667486858,0.011496800048917066,0.08996915381438154,0.011496800048917066
283,94,no_need,fc,40970,0.003979610955866519,0.007915297632280272,0.05885436407217457,0.007915297632280272
283,35,active,features,14723136,0.02691124939143208,0.0006878247071888666,1.1385165210005306,0.0006878247071888666
283,35,active,classifier,18882560,0.00556893018529081,-0.0003716988233009033,0.1541467789728647,-0.0003716988233009033
283,35,active,fc,40970,0.003571764718799386,0.00010278822537657106,0.12962102183358573,0.00010278822537657106
283,39,active,features,14723136,0.006918647646102727,0.015014487205831983,0.20964778354581048,0.015014487205831983
283,39,active,classifier,18882560,0.0018012618623970411,0.0020217559426782827,0.031917676985718124,0.0020217559426782827
283,39,active,fc,40970,0.001373708792925754,0.0011420286136853974,0.022726689614875367,0.0011420286136853974
283,72,active,features,14723136,0.018377757235711556,0.009592867610820122,0.4825719812411083,0.009592867610820122
283,72,active,classifier,18882560,0.004536126756192971,-0.0002908522310889339,0.0694375366973008,-0.0002908522310889339
283,72,active,fc,40970,0.003000756207256927,-0.0016338768018613337,0.04737952679759844,-0.0016338768018613337
283,5,active,features,14723136,0.011586805285606516,0.015833920586793226,1.0354178270818573,0.015833920586793226
283,5,active,classifier,18882560,-0.001285154752508788,0.00710641770501752,0.10835936507976232,0.00710641770501752
283,5,active,fc,40970,0.00017332943298242753,0.004544901614281116,0.06749348207074679,0.004544901614281116
283,22,no_need,features,14723136,-0.011757066914100278,0.001960104451512734,1.1514115940942262,0.001960104451512734
283,22,no_need,classifier,18882560,-0.007707861154813145,0.004389403035020223,0.21946107219658717,0.004389403035020223
283,22,no_need,fc,40970,-0.005627295406156918,0.003475231242191512,0.1507411429552161,0.003475231242191512
283,7,no_support,features,14723136,0.014142644745092525,-0.025561054224155555,1.0881787044497069,-0.025561054224155555
283,7,no_support,classifier,18882560,-0.004940578015066421,-0.008537960309240589,0.12536778459616407,-0.008537960309240589
283,7,no_support,fc,40970,-0.004233563264278928,-0.006442973597586388,0.08408305616933061,-0.006442973597586388
283,62,no_need,features,14723136,-0.3257862035928838,0.26818027098782693,0.7701714290719516,0.26818027098782693
283,62,no_need,classifier,18882560,-0.007213514935301646,-0.0017638115541558363,0.14811140323634905,-0.0017638115541558363
283,62,no_need,fc,40970,-0.003718827714692452,-0.002923506806837395,0.10337746450927429,-0.002923506806837395
284,90,active,features,14723136,0.046086399675637324,0.04286616432415258,0.5578603290104178,0.04286616432415258
284,90,active,classifier,18882560,0.010572367081294942,0.013044281800830504,0.1318538292346686,0.013044281800830504
284,90,active,fc,40970,0.006205195270013064,0.006740865417668829,0.09600012063310533,0.006740865417668829
284,91,no_support,features,14723136,0.01033576271261083,-0.022783930915153405,0.983163812651005,-0.022783930915153405
284,91,no_support,classifier,18882560,0.002432452953826214,-0.002864698060648152,0.12514980580091706,-0.002864698060648152
284,91,no_support,fc,40970,0.0010548341442699893,-0.0016789306537248194,0.08015861299192908,-0.0016789306537248194
284,9,active,features,14723136,0.0002717968631920087,0.004825159847850813,0.5329698815005248,0.004825159847850813
284,9,active,classifier,18882560,-6.275989323967224e-05,-2.3157614634783386e-05,0.07705816996678203,-2.3157614634783386e-05
284,9,active,fc,40970,-6.872513290545612e-05,0.00010145855662813119,0.053356197586538236,0.00010145855662813119
284,58,no_support,features,14723136,0.0012042665626097457,-0.02756151512576821,0.4825355086986537,-0.02756151512576821
284,58,no_support,classifier,18882560,0.0022037142756516914,-0.0022473094253427917,0.07801154271568927,-0.0022473094253427917
284,58,no_support,fc,40970,0.0012853667835770466,-0.0006748446780875383,0.055002334879465827,-0.0006748446780875383
284,98,no_need,features,14723136,-0.014984918535319025,0.03038751442321086,0.46096568583620573,0.03038751442321086
284,98,no_need,classifier,18882560,-0.004420479647706088,0.0064099796645678,0.06801189151739329,0.0064099796645678
284,98,no_need,fc,40970,-0.0026369420338596683,0.0031053934017108986,0.048599962419310694,0.0031053934017108986
284,5,no_need,features,14723136,-0.08245687514624933,0.07027074215801576,0.4956026368716506,0.07027074215801576
284,5,no_need,classifier,18882560,-0.005384021619192936,0.004267813270871557,0.07978181200721583,0.004267813270871557
284,5,no_need,fc,40970,-0.003079266358327004,0.002406185104518954,0.057048543931402795,0.002406185104518954
284,97,no_support,features,14723136,0.008943139618303064,-0.0035813758210991864,0.43279416018538647,-0.0035813758210991864
284,97,no_support,classifier,18882560,0.0018062963035845314,-0.0007505040517798989,0.05833936395057879,-0.0007505040517798989
284,97,no_support,fc,40970,0.0009177594424727431,-0.0005250182989584573,0.039992891730503646,-0.0005250182989584573
284,92,active,features,14723136,-0.003412745827176879,0.004989210780003361,3.8484830650076067,0.004989210780003361
284,92,active,classifier,18882560,0.010242402134281292,-0.0014415943967378553,1.0034230476619797,-0.0014415943967378553
284,92,active,fc,40970,0.001762618789143744,-0.0009201864927490533,0.48692164126903015,-0.0009201864927490533
284,55,no_support,features,14723136,0.0057202400087632554,-0.010650812794636977,0.672317129863641,-0.010650812794636977
284,55,no_support,classifier,18882560,0.001645855377546468,-0.0023366018842807534,0.09859459908726038,-0.0023366018842807534
284,55,no_support,fc,40970,0.0013491434829120408,-0.0014593816858905484,0.07841605581654315,-0.0014593816858905484
284,12,active,features,14723136,0.00815010812932826,0.004647840114515134,0.5385110631422934,0.004647840114515134
284,12,active,classifier,18882560,0.001460098597817705,1.7459150669196788e-05,0.06037720307370335,1.7459150669196788e-05
284,12,active,fc,40970,0.0007018087776486936,0.00012261896608833922,0.0402982241379975,0.00012261896608833922
285,84,no_need,features,14723136,-0.019120663049079667,0.005016109598166452,0.26165923383667056,0.005016109598166452
285,84,no_need,classifier,18882560,-0.0011634358636456454,-0.0018874016204790678,0.04206497634565939,-0.0018874016204790678
285,84,no_need,fc,40970,-0.0005894940725283959,-0.00041486060240458755,0.031001109398028946,-0.00041486060240458755
285,9,no_need,features,14723136,-0.0801294916686004,0.09656609670065563,0.6241568922360352,0.09656609670065563
285,9,no_need,classifier,18882560,-0.0017223634449692327,0.0025055208830053743,0.07593689833558102,0.0025055208830053743
285,9,no_need,fc,40970,-0.0007471336343769508,0.0013881161512472318,0.05277519506599097,0.0013881161512472318
285,22,active,features,14723136,0.031069905504807593,0.008273967133931137,0.61504865589084,0.008273967133931137
285,22,active,classifier,18882560,0.0033929880221421627,0.0003153257387040753,0.10722181607637295,0.0003153257387040753
285,22,active,fc,40970,0.001716200761620712,0.0007035761664155871,0.07103327585501691,0.0007035761664155871
285,95,no_need,features,14723136,-0.0066669085118888916,-0.00881536722009102,1.0338384750690037,-0.00881536722009102
285,95,no_need,classifier,18882560,0.0002033204841609404,-0.00025654288987198015,0.1509465923957264,-0.00025654288987198015
285,95,no_need,fc,40970,0.0006655782676716626,-0.00013831776993811218,0.11048411937333336,-0.00013831776993811218
285,91,no_need,features,14723136,-0.3075853080749198,0.17606565210459735,1.291882761508293,0.17606565210459735
285,91,no_need,classifier,18882560,-0.0030006661477273155,0.0009228982478219905,0.1382395714221297,0.0009228982478219905
285,91,no_need,fc,40970,-0.0008756612908200623,6.747076076862868e-05,0.08492476418871167,6.747076076862868e-05
285,55,no_need,features,14723136,-0.23733316432276297,0.19657536632553274,0.9740143233245678,0.19657536632553274
285,55,no_need,classifier,18882560,-0.006131460549568146,0.0033470524044787453,0.1293467461653736,0.0033470524044787453
285,55,no_need,fc,40970,-0.003458231423792313,0.0015089963426362374,0.0992288930759599,0.0015089963426362374
285,21,no_need,features,14723136,-0.0035991828450150365,-0.022893194647906512,0.7195114607270342,-0.022893194647906512
285,21,no_need,classifier,18882560,-0.0007182909432685847,-0.0025279299770772923,0.09361315109593003,-0.0025279299770772923
285,21,no_need,fc,40970,-0.0006024898441410187,-0.000999386021248938,0.06473105298750993,-0.000999386021248938
285,15,no_need,features,14723136,-0.009690379221900969,0.0023103470670484683,0.2981776492390398,0.0023103470670484683
285,15,no_need,classifier,18882560,-0.0017273589302249093,0.000450469209908988,0.050488550536700816,0.000450469209908988
285,15,no_need,fc,40970,-0.0009747054637045949,9.275507943584671e-05,0.03664143679016451,9.275507943584671e-05
285,13,no_need,features,14723136,-0.006011484275102674,0.014902678229830713,1.0771775316371863,0.014902678229830713
285,13,no_need,classifier,18882560,-0.0004322624196788638,0.0007363738527601527,0.12819969466165868,0.0007363738527601527
285,13,no_need,fc,40970,-0.0006435669392885757,0.00034790282688845764,0.08743107138128006,0.00034790282688845764
285,1,no_need,features,14723136,-0.0005634761827337799,-0.0030706180710069475,0.7454646516730461,-0.0030706180710069475
285,1,no_need,classifier,18882560,-0.0002510360225471686,-0.00041602684680697166,0.08566294995895823,-0.00041602684680697166
285,1,no_need,fc,40970,-8.464812231068208e-05,-0.0002901815257700946,0.05615534171071587,-0.0002901815257700946
286,1,no_need,features,14723136,-0.10455817992772154,0.07387029259723477,0.9164235742178773,0.07387029259723477
286,1,no_need,classifier,18882560,-0.0026680600253712328,0.0016462516790056725,0.11459467424334854,0.0016462516790056725
286,1,no_need,fc,40970,-0.0010682043707674893,0.0005610386783132526,0.07255645693965243,0.0005610386783132526
286,53,active,features,14723136,0.0009006759163696643,0.0013378143700268907,0.6751059462828215,0.0013378143700268907
286,53,active,classifier,18882560,0.0003294586464335225,0.00019099330731364716,0.08787156426520945,0.00019099330731364716
286,53,active,fc,40970,0.00018248381024932314,1.7111659758484166e-05,0.06428020029352931,1.7111659758484166e-05
286,10,no_need,features,14723136,-0.011950303635465788,0.0005645414673089988,2.0896091996822963,0.0005645414673089988
286,10,no_need,classifier,18882560,0.0002899795822060014,-0.0003910503830866219,0.19812727279695308,-0.0003910503830866219
286,10,no_need,fc,40970,0.0003870639366141404,-8.499880340195887e-05,0.12854549916785007,-8.499880340195887e-05
286,7,no_need,features,14723136,-0.0019075014094696021,0.002688857472264772,0.9981012416942832,0.002688857472264772
286,7,no_need,classifier,18882560,-7.842876912889096e-05,0.00011127751701067723,0.11991743458016514,0.00011127751701067723
286,7,no_need,fc,40970,0.00025456736432261096,4.9561766047645506e-05,0.07774331965057622,4.9561766047645506e-05
286,6,no_need,features,14723136,-0.0003625003606870787,0.005417373898314537,2.614149745209193,0.005417373898314537
286,6,no_need,classifier,18882560,-0.0001916243427046993,0.0004622150316038187,0.3818280043404414,0.0004622150316038187
286,6,no_need,fc,40970,0.000479994199849898,-9.290058756050712e-06,0.2562083823917606,-9.290058756050712e-06
286,90,no_support,features,14723136,0.0007361925517130885,-0.004111932031037213,0.9688942355160531,-0.004111932031037213
286,90,no_support,classifier,18882560,0.0016252429511496302,-0.0011440206578754442,0.20766509113920523,-0.0011440206578754442
286,90,no_support,fc,40970,0.001262918112843181,-0.000816963206489163,0.1539771921870784,-0.000816963206489163
286,21,no_need,features,14723136,-0.15423894778709268,0.1402195127919157,0.8608013735456572,0.1402195127919157
286,21,no_need,classifier,18882560,-0.000784195390167497,0.0007634422804017049,0.07152356355385515,0.0007634422804017049
286,21,no_need,fc,40970,-0.00028278198755060657,0.00019713274230070965,0.04957599989245254,0.00019713274230070965
286,92,no_support,features,14723136,0.45917877902667215,-0.0416291647913809,9.469710416596334,-0.0416291647913809
286,92,no_support,classifier,18882560,0.002912865367420636,-5.6669875291959215e-05,1.640312744622145,-5.6669875291959215e-05
286,92,no_support,fc,40970,-0.0005491336232807953,0.00020907515522594622,0.8412215776077244,0.00020907515522594622
286,78,active,features,14723136,0.011332291633998182,0.01026026257078172,0.5261794998733891,0.01026026257078172
286,78,active,classifier,18882560,0.0015145740196658153,0.0007804574182728174,0.07510981279903894,0.0007804574182728174
286,78,active,fc,40970,0.00066681394173429,0.00045504128399898036,0.05868588749549091,0.00045504128399898036
286,46,no_support,features,14723136,0.04637643854969298,-0.023083813827222244,0.6974946598017469,-0.023083813827222244
286,46,no_support,classifier,18882560,0.001565405855330937,0.0005374728139599938,0.10403215047793847,0.0005374728139599938
286,46,no_support,fc,40970,0.0004650196892725944,0.0003811287090229598,0.07482428896469757,0.0003811287090229598
287,85,no_need,features,14723136,-0.002280559913984348,-0.004849651192273541,0.31911680952512,-0.004849651192273541
287,85,no_need,classifier,18882560,-4.439123911481602e-05,-0.001506564340843397,0.05038801251889663,-0.001506564340843397
287,85,no_need,fc,40970,-0.0002090846264763968,-0.0010039742869594193,0.03093398198908708,-0.0010039742869594193
287,92,no_need,features,14723136,-1.5134041640080795,0.1402495767050027,5.971773379776439,0.1402495767050027
287,92,no_need,classifier,18882560,-0.08037609159509884,0.006266942160436884,1.3745362729975865,0.006266942160436884
287,92,no_need,fc,40970,-0.017885418001242215,0.0014710457936075727,0.6758801837336741,0.0014710457936075727
287,66,no_need,features,14723136,-0.000591562604208562,0.012296150575883402,0.2533537756921899,0.012296150575883402
287,66,no_need,classifier,18882560,0.0001908723024541814,0.00010060144370527269,0.043558965658314165,0.00010060144370527269
287,66,no_need,fc,40970,-1.4951536968510482e-05,4.2284419009774865e-05,0.030421907283651146,4.2284419009774865e-05
287,58,no_need,features,14723136,-0.009053352260515624,0.004725030977287048,0.6099665229417542,0.004725030977287048
287,58,no_need,classifier,18882560,-0.0009195739883125498,0.0009166234495410208,0.09250015873049149,0.0009166234495410208
287,58,no_need,fc,40970,-0.000504123705695747,0.0004469329983294301,0.0639753588257066,0.0004469329983294301
287,24,no_support,features,14723136,0.007810720529032977,-0.005583602425296874,0.8203240109928753,-0.005583602425296874
287,24,no_support,classifier,18882560,7.307762839658949e-05,-0.00024016813246419133,0.10637213616495864,-0.00024016813246419133
287,24,no_support,fc,40970,-8.039825706873671e-05,-0.00010406411382746228,0.07912362911111219,-0.00010406411382746228
287,86,no_need,features,14723136,-0.00930460597573557,0.011161805324525709,0.9319319952620246,0.011161805324525709
287,86,no_need,classifier,18882560,-0.00010809717706194988,0.00016517678437821814,0.11308043835831896,0.00016517678437821814
287,86,no_need,fc,40970,0.00014780340529796376,0.00010348508772040077,0.0856974761358151,0.00010348508772040077
287,82,no_need,features,14723136,-0.009762053550701921,0.0015873099164487314,1.2457378998155926,0.0015873099164487314
287,82,no_need,classifier,18882560,-0.0016029128551053873,0.0011755225749539022,0.1557102166045507,0.0011755225749539022
287,82,no_need,fc,40970,-0.0006671727148841455,0.0005895406479794474,0.11418782288412122,0.0005895406479794474
287,2,no_need,features,14723136,-0.002490543003492718,0.006022299432351552,1.0641672710710541,0.006022299432351552
287,2,no_need,classifier,18882560,0.00047480666435717467,-0.0002720442546859658,0.11640814293040083,-0.0002720442546859658
287,2,no_need,fc,40970,0.00032547787532166694,-0.00033578335478523513,0.07743805422513278,-0.00033578335478523513
287,7,no_need,features,14723136,-0.07452358046366925,0.06908512068946493,0.5756115363072748,0.06908512068946493
287,7,no_need,classifier,18882560,0.0002075717069658367,0.0004949159888951726,0.06998024299277054,0.0004949159888951726
287,7,no_need,fc,40970,0.00022052662734495243,0.0002475880478414183,0.05120317592523531,0.0002475880478414183
287,64,no_need,features,14723136,-0.007686282902043651,0.008384856645708538,0.5392942192370472,0.008384856645708538
287,64,no_need,classifier,18882560,-0.0001514002299742856,0.0009855938643568152,0.0558188267446671,0.0009855938643568152
287,64,no_need,fc,40970,-2.227889581263298e-06,0.0006916557777003618,0.03934539787305728,0.0006916557777003618
288,40,active,features,14723136,0.01360238675129466,0.001978181727636752,1.168248255207826,0.001978181727636752
288,40,active,classifier,18882560,0.0017974730711785014,-0.0003150707907764172,0.1405190584855036,-0.0003150707907764172
288,40,active,fc,40970,0.0014885410409988253,-0.0001212267015660018,0.09802728994530349,-0.0001212267015660018
288,50,no_need,features,14723136,-0.019237803098398842,-0.014726907506656062,0.5437460466726289,-0.014726907506656062
288,50,no_need,classifier,18882560,-0.002542900003845716,-0.00222738693582869,0.060768008623004015,-0.00222738693582869
288,50,no_need,fc,40970,-0.0018351895951127517,-0.0014801322968196473,0.0446908713236667,-0.0014801322968196473
288,36,no_need,features,14723136,-0.028132348483921987,0.017436254817440044,0.8440703665209464,0.017436254817440044
288,36,no_need,classifier,18882560,-0.0003582219185318536,7.674302008098266e-06,0.12538093577893691,7.674302008098266e-06
288,36,no_need,fc,40970,-0.00010528673715270997,0.0001055725617788994,0.08469699168970535,0.0001055725617788994
288,99,no_support,features,14723136,0.002620543062406001,-0.009922172964170528,0.9788002270517833,-0.009922172964170528
288,99,no_support,classifier,18882560,-0.0008816921930758781,-8.18797891568579e-05,0.18503920769997823,-8.18797891568579e-05
288,99,no_support,fc,40970,-0.0005439564120024443,4.7828066712440886e-05,0.1287305607294024,4.7828066712440886e-05
288,33,no_support,features,14723136,0.011858674839089648,-0.001879513090827345,1.8329563878544963,-0.001879513090827345
288,33,no_support,classifier,18882560,-0.004876649271409406,0.0007848664987477605,0.21610394029631017,0.0007848664987477605
288,33,no_support,fc,40970,-0.004209270164210466,0.0005293316894494637,0.14671950205475856,0.0005293316894494637
288,79,no_need,features,14723136,0.003566619580219312,-0.01819343500532966,1.3843024964826667,-0.01819343500532966
288,79,no_need,classifier,18882560,-0.0046588379109380185,-0.0001949637679672378,0.30887159302170747,-0.0001949637679672378
288,79,no_need,fc,40970,-0.004359161841421155,0.00011371127584425267,0.21165345058708515,0.00011371127584425267
288,62,no_need,features,14723136,-0.008741006643809612,-0.01179617406948097,0.5957349399440293,-0.01179617406948097
288,62,no_need,classifier,18882560,-0.00218825750380347,-0.0005932174917688826,0.10765589422397652,-0.0005932174917688826
288,62,no_need,fc,40970,-0.0014516317614834406,-0.00011202951213817869,0.07625683110631695,-0.00011202951213817869
288,74,no_need,features,14723136,-0.007074949073011538,-0.012484065773342934,0.42653793849946775,-0.012484065773342934
288,74,no_need,classifier,18882560,-0.00019770610873592886,0.0013629737965175082,0.09471964470495793,0.0013629737965175082
288,74,no_need,fc,40970,4.868192107210234e-05,0.0009097249876504065,0.06831224953352628,0.0009097249876504065
288,16,no_need,features,14723136,-0.022184109960249998,-0.004325473490418119,0.9411376777614531,-0.004325473490418119
288,16,no_need,classifier,18882560,-0.002875207116630918,0.00035997884907601474,0.13384822246481817,0.00035997884907601474
288,16,no_need,fc,40970,-0.0018415364356769715,5.107691163175332e-05,0.09069210819684415,5.107691163175332e-05
288,22,no_need,features,14723136,-0.0064187491134077845,0.007434717020984749,1.046631486055625,0.007434717020984749
288,22,no_need,classifier,18882560,-0.0022022594168902287,0.0006153746895734002,0.14037818649587677,0.0006153746895734002
288,22,no_need,fc,40970,-0.001460828319977736,0.0004587363878272299,0.09131046296997944,0.0004587363878272299
289,25,no_need,features,14723136,-0.006056422192610711,0.006402706925669577,0.7774424137711181,0.006402706925669577
289,25,no_need,classifier,18882560,-0.0010138311117771082,6.0653813662270295e-05,0.1033566244616855,6.0653813662270295e-05
289,25,no_need,fc,40970,-0.000579268220008089,-0.00016109490979943075,0.07441304443377435,-0.00016109490979943075
289,33,no_need,features,14723136,-0.18389347194601413,0.11831866352005704,0.6078582926784238,0.11831866352005704
289,33,no_need,classifier,18882560,-0.0013140367962023447,0.0012288128774571305,0.09816382689442166,0.0012288128774571305
289,33,no_need,fc,40970,-0.000611387261415075,0.0005623385347917065,0.06908713037665978,0.0005623385347917065
289,10,active,features,14723136,0.003146173410854658,0.00160866497645884,0.8261298991896456,0.00160866497645884
289,10,active,classifier,18882560,0.001250594871521571,0.00030920613050966494,0.1083491308032406,0.00030920613050966494
289,10,active,fc,40970,0.0008571177331759827,0.00014573686507901584,0.07758747877747402,0.00014573686507901584
289,14,no_need,features,14723136,-0.013375644020406696,-0.011647877956768582,0.5797710809660858,-0.011647877956768582
289,14,no_need,classifier,18882560,-0.003043743860871473,-0.0014725675144973138,0.09126513288326894,-0.0014725675144973138
289,14,no_need,fc,40970,-0.0018405244509267504,-0.0009417363248758193,0.06639602522208496,-0.0009417363248758193
289,87,active,features,14723136,0.008103218614628815,0.0009287140031286611,0.260015046952639,0.0009287140031286611
289,87,active,classifier,18882560,0.00024753958820156186,0.0007519349775293449,0.03400209785421518,0.0007519349775293449
289,87,active,fc,40970,0.00013938087295173318,0.0002577041516360623,0.02576309625533242,0.0002577041516360623
289,8,no_need,features,14723136,-0.017579194125715958,0.0020143857664294273,2.0821243889103664,0.0020143857664294273
289,8,no_need,classifier,18882560,-0.0027016034796361055,-9.740190703411145e-05,0.2858198246615317,-9.740190703411145e-05
289,8,no_need,fc,40970,-0.0029580154332506936,0.00033177537284245773,0.19814329520767587,0.00033177537284245773
289,51,no_support,features,14723136,0.028890330252860252,-0.004048640280025495,0.7668625570844222,-0.004048640280025495
289,51,no_support,classifier,18882560,0.0007262454846141964,4.190936154913061e-05,0.11659673064002485,4.190936154913061e-05
289,51,no_support,fc,40970,0.00039095467195693345,-7.713487832461396e-06,0.08516794675860336,-7.713487832461396e-06
289,83,no_need,features,14723136,-0.038069437731081734,0.03301032015888694,1.0124633858591774,0.03301032015888694
289,83,no_need,classifier,18882560,-0.0066809565823859884,0.00478448936382847,0.16001805987698905,0.00478448936382847
289,83,no_need,fc,40970,-0.004956126997058163,0.003450916938163573,0.12255099558454342,0.003450916938163573
289,69,no_support,features,14723136,0.004113385643286449,-0.02390086512889411,0.7293645128872129,-0.02390086512889411
289,69,no_support,classifier,18882560,-0.0009141063050321918,-0.0010339315115288628,0.07854490340022119,-0.0010339315115288628
289,69,no_support,fc,40970,-0.0007959038712215261,-0.0006903548173795571,0.05196245276535956,-0.0006903548173795571
289,57,active,features,14723136,0.03201804847454781,0.015525774598387443,0.8561256760944901,0.015525774598387443
289,57,active,classifier,18882560,0.007091239034707542,0.000629412090212611,0.19166592585110429,0.000629412090212611
289,57,active,fc,40970,0.005814187490614131,0.00021593883525383717,0.14511119629928784,0.00021593883525383717
290,35,active,features,14723136,0.010784319099940376,0.0054392776208072036,3.6034460773666046,0.0054392776208072036
290,35,active,classifier,18882560,0.000984951219066943,0.0009983291403159456,0.39983765323189724,0.0009983291403159456
290,35,active,fc,40970,0.0006631997275690082,0.0007377579095191322,0.24728337602906317,0.0007377579095191322
290,15,no_support,features,14723136,0.010595354305927174,-0.018642950456779772,0.9954882018289837,-0.018642950456779772
290,15,no_support,classifier,18882560,0.0013205136456235778,-0.0019114708679808246,0.0996302562157918,-0.0019114708679808246
290,15,no_support,fc,40970,-6.831709242760553e-05,-0.00023312738358072238,0.06662686415744085,-0.00023312738358072238
290,38,no_support,features,14723136,0.006044106570612939,-0.03558230121967654,0.9821566245739853,-0.03558230121967654
290,38,no_support,classifier,18882560,0.0022203768035069515,-0.005725416254790616,0.16052266362149348,-0.005725416254790616
290,38,no_support,fc,40970,0.00037821858586539747,-0.002683611226530047,0.10181010145913219,-0.002683611226530047
290,19,active,features,14723136,0.03131709889659362,-0.00022182006553350675,0.8020207082475609,-0.00022182006553350675
290,19,active,classifier,18882560,0.004156408825792823,0.001234964893257029,0.09994912959858218,0.001234964893257029
290,19,active,fc,40970,0.0027704890053428244,0.0009230797386408085,0.07337398132873212,0.0009230797386408085
290,52,no_support,features,14723136,0.0496018022596445,-0.020274828993244398,1.3130301704331127,-0.020274828993244398
290,52,no_support,classifier,18882560,0.0052253247363296396,-0.0015321215753374418,0.1634747899127013,-0.0015321215753374418
290,52,no_support,fc,40970,0.003670147281809477,-0.0013412826092462637,0.11009538928979917,-0.0013412826092462637
290,46,no_support,features,14723136,0.04551726958666791,-0.03131137002144868,0.881247687998862,-0.03131137002144868
290,46,no_support,classifier,18882560,0.006781915351439238,-0.004572682872094447,0.15764289442782173,-0.004572682872094447
290,46,no_support,fc,40970,0.005568569366005249,-0.0033518229338369565,0.13243635924313857,-0.0033518229338369565
290,71,active,features,14723136,0.06332664959776935,0.0018663368174358652,0.7545094035073038,0.0018663368174358652
290,71,active,classifier,18882560,0.009286279074331105,0.0016699714537935506,0.10628623062784469,0.0016699714537935506
290,71,active,fc,40970,0.005886947681574384,0.000791793435382715,0.07453569065571429,0.000791793435382715
290,9,no_support,features,14723136,0.013314883847826309,-0.02642251503920079,0.654778917483118,-0.02642251503920079
290,9,no_support,classifier,18882560,0.00032454200943732303,-0.0036320228543900157,0.07680253663171462,-0.0036320228543900157
290,9,no_support,fc,40970,-0.0003437190371187171,-0.0020786151617357973,0.051734777963546905,-0.0020786151617357973
290,47,no_need,features,14723136,-0.002213656802979358,-0.009332236160839003,1.20761727711859,-0.009332236160839003
290,47,no_need,classifier,18882560,-0.0024315496034432726,-2.0014330011974835e-05,0.13427351009385344,-2.0014330011974835e-05
290,47,no_need,fc,40970,-0.0014594810500057065,-6.958921881050628e-05,0.10201835163394664,-6.958921881050628e-05
290,75,no_need,features,14723136,-0.0013461959085994124,0.022664162260241483,0.24514431733273748,0.022664162260241483
290,75,no_need,classifier,18882560,0.000378242463625611,0.002824097663506109,0.03981586678154975,0.002824097663506109
290,75,no_need,fc,40970,0.000764018941026734,0.0014258084192988463,0.029395598627468048,0.0014258084192988463
291,86,active,features,14723136,0.03127922456911847,0.005227908251562496,1.258505174571899,0.005227908251562496
291,86,active,classifier,18882560,0.004371943476598972,-0.00019845469556400985,0.161458761315546,-0.00019845469556400985
291,86,active,fc,40970,0.0018554722400949686,0.00030574778133996006,0.11885374453832537,0.00030574778133996006
291,92,no_need,features,14723136,-0.042482558795427394,0.028236837349616906,4.638455511079041,0.028236837349616906
291,92,no_need,classifier,18882560,-0.00036608135496862815,1.583509509828218e-05,1.0062255213796587,1.583509509828218e-05
291,92,no_need,fc,40970,0.0025225842946383636,-0.0005097814359942276,0.4350568757815323,-0.0005097814359942276
291,14,no_need,features,14723136,-0.005594412915698399,-0.0007631102104070919,0.41014616898209455,-0.0007631102104070919
291,14,no_need,classifier,18882560,-0.0007322133674847464,-0.0005599846562063249,0.0619893715247979,-0.0005599846562063249
291,14,no_need,fc,40970,-0.00027676755712491286,-5.262639058400964e-05,0.044793842466090986,-5.262639058400964e-05
291,8,no_need,features,14723136,-0.005566840051216104,-0.014520998280170616,2.052880585629862,-0.014520998280170616
291,8,no_need,classifier,18882560,-0.00131461881778705,-0.0015688994740230555,0.22190037078548347,-0.0015688994740230555
291,8,no_need,fc,40970,-0.0013899159166612662,-0.0010416483664812404,0.12812061590342388,-0.0010416483664812404
291,45,active,features,14723136,0.01246218375094088,0.00796862737304238,0.391406631895968,0.00796862737304238
291,45,active,classifier,18882560,0.0008612330686332825,0.0012017601611660211,0.04205440799961311,0.0012017601611660211
291,45,active,fc,40970,0.0004368519282706984,0.0005305450858941185,0.02893793944916195,0.0005305450858941185
291,38,no_need,features,14723136,-0.06754838598965307,0.04942164033110963,0.7911769446789061,0.04942164033110963
291,38,no_need,classifier,18882560,-0.002077550409694595,0.0005401407968292915,0.09002537892330935,0.0005401407968292915
291,38,no_need,fc,40970,-0.0010229695658381388,0.0003792287379837944,0.056805876520950524,0.0003792287379837944
291,60,no_need,features,14723136,-0.0069562814989474475,-0.03839963940436064,0.29574501844480566,-0.03839963940436064
291,60,no_need,classifier,18882560,-0.001391893722484383,-0.002505539492403841,0.06290221857307314,-0.002505539492403841
291,60,no_need,fc,40970,-0.0004820053068215202,-0.0015831752998565207,0.04743789583491662,-0.0015831752998565207
291,63,active,features,14723136,0.018157980749478497,0.050442787674256806,0.41537611124756135,0.050442787674256806
291,63,active,classifier,18882560,0.0025605249056752655,0.0065227120139752515,0.060282587346769494,0.0065227120139752515
291,63,active,fc,40970,0.0016052731871241122,0.004043253324198304,0.04387421374035122,0.004043253324198304
291,82,active,features,14723136,0.02402739292313072,0.036713670745484706,0.869539004968272,0.036713670745484706
291,82,active,classifier,18882560,0.001718840923786047,0.004541472812434222,0.09988246228604701,0.004541472812434222
291,82,active,fc,40970,0.0014666386473436432,0.0027821536095871124,0.07431353065355406,0.0027821536095871124
291,46,no_need,features,14723136,-0.2206327957840699,0.15857604495647593,0.7811460708030029,0.15857604495647593
291,46,no_need,classifier,18882560,-0.004795605907474965,0.0013796626648172605,0.12167220616669797,0.0013796626648172605
291,46,no_need,fc,40970,-0.0021928052219664096,0.00027935233038078877,0.08742049530884152,0.00027935233038078877
292,73,no_support,features,14723136,0.04088469204695855,-0.029303477032556202,0.8355530607191828,-0.029303477032556202
292,73,no_support,classifier,18882560,0.0050552595089357055,-0.0037716214442298224,0.10708398883735262,-0.0037716214442298224
292,73,no_support,fc,40970,0.003082921313762199,-0.0022157619259814965,0.07290186471620068,-0.0022157619259814965
292,57,active,features,14723136,0.0125511526668447,0.010948620248271368,1.0314140877562215,0.010948620248271368
292,57,active,classifier,18882560,0.002092773055210273,0.0008846454200579501,0.23356330432562272,0.0008846454200579501
292,57,active,fc,40970,0.002088106055452954,5.25293689861428e-05,0.19455059170917177,5.25293689861428e-05
292,67,active,features,14723136,0.008805719468059081,0.018806007305258277,0.3188455298573779,0.018806007305258277
292,67,active,classifier,18882560,0.00040372576142999606,0.0018529798696818034,0.05417838268876772,0.0018529798696818034
292,67,active,fc,40970,0.00022433927983911417,0.000499936263508971,0.04087767687537456,0.000499936263508971
292,14,no_need,features,14723136,-0.10883699502443989,0.19056249065519637,0.45955530536717265,0.19056249065519637
292,14,no_need,classifier,18882560,-0.00046614688248780567,0.0027682733423262107,0.061439578342623306,0.0027682733423262107
292,14,no_need,fc,40970,4.0276899198943283e-05,0.001513937309027824,0.042989375897739754,0.001513937309027824
292,40,no_support,features,14723136,0.050964927852817254,-0.027207233757764016,1.0630971236313815,-0.027207233757764016
292,40,no_support,classifier,18882560,0.0029556318208960874,-0.0029112238187281037,0.15781075247946752,-0.0029112238187281037
292,40,no_support,fc,40970,0.002378922069510736,-0.0018905887045548297,0.11830441307948586,-0.0018905887045548297
292,24,no_support,features,14723136,0.021099229587662194,9.25998120742122e-05,1.223567975488992,9.25998120742122e-05
292,24,no_support,classifier,18882560,0.004177468259513262,-0.0011777274255564407,0.16827654434404035,-0.0011777274255564407
292,24,no_support,fc,40970,0.002726583445110009,-0.000664676088035776,0.12549959080868417,-0.000664676088035776
292,63,no_need,features,14723136,-0.2941727581522855,0.305772217574372,0.8196901447328705,0.305772217574372
292,63,no_need,classifier,18882560,-0.007311354607736575,0.004667304371878345,0.1003156325945626,0.004667304371878345
292,63,no_need,fc,40970,-0.004168754137936048,0.0022496499459521146,0.06803788954048777,0.0022496499459521146
292,35,no_support,features,14723136,0.025686368142061156,-0.002006860028938462,1.4630295280818497,-0.002006860028938462
292,35,no_support,classifier,18882560,0.003096695304975583,5.383751669896242e-05,0.16891332149078359,5.383751669896242e-05
292,35,no_support,fc,40970,0.001833830273426429,-3.810541943494172e-05,0.1104171262972694,-3.810541943494172e-05
292,72,no_support,features,14723136,0.006447305423993299,0.0006574965899623919,0.9531610235503482,0.0006574965899623919
292,72,no_support,classifier,18882560,0.002828530610031521,-0.0014587741135301258,0.14113267246093236,-0.0014587741135301258
292,72,no_support,fc,40970,0.0012900633955723606,-0.0005417553434199363,0.09556156110539872,-0.0005417553434199363
292,69,no_need,features,14723136,-0.006429135299631739,0.009556543742959889,0.5352229974367212,0.009556543742959889
292,69,no_need,classifier,18882560,-0.001448475465622323,0.0006008403768191783,0.05547165606440118,0.0006008403768191783
292,69,no_need,fc,40970,-0.0009709301102702739,0.00042075262308571837,0.03766806412687735,0.00042075262308571837
293,77,no_need,features,14723136,-0.013173139372298692,-0.02018930408408437,0.34059699426130363,-0.02018930408408437
293,77,no_need,classifier,18882560,-0.0016839921986502304,-0.002510454383354954,0.038229858760396036,-0.002510454383354954
293,77,no_need,fc,40970,-0.0008393458792852471,-0.0015431234605784994,0.0248335297636987,-0.0015431234605784994
293,55,active,features,14723136,0.004974405223940436,0.011633076824285382,0.8911238897042026,0.011633076824285382
293,55,active,classifier,18882560,0.00015045703872829108,-0.00010800356199069938,0.12091105037095277,-0.00010800356199069938
293,55,active,fc,40970,0.00035620629614641075,1.5688815892644925e-05,0.08482183874713138,1.5688815892644925e-05
293,61,no_support,features,14723136,0.018572605585873703,-0.003134866011265558,0.5117193530492294,-0.003134866011265558
293,61,no_support,classifier,18882560,0.004057174189483703,-0.000245517384513505,0.08967010379455477,-0.000245517384513505
293,61,no_support,fc,40970,0.0020790326916539925,2.366991975577548e-05,0.06369632261609093,2.366991975577548e-05
293,34,no_support,features,14723136,0.007706060275904036,-0.00890836226470526,0.4765221404059581,-0.00890836226470526
293,34,no_support,classifier,18882560,-0.0003060125824276838,-0.0009856819759193058,0.07713962290949576,-0.0009856819759193058
293,34,no_support,fc,40970,0.0009449313338336651,-0.00029502513530133,0.06304249136272069,-0.00029502513530133
293,18,no_need,features,14723136,-0.019639434529750588,0.0027407185931185296,0.547756205625705,0.0027407185931185296
293,18,no_need,classifier,18882560,-0.0013159375621398794,-0.0013951561082876651,0.0680572484258386,-0.0013951561082876651
293,18,no_need,fc,40970,-0.0007192575795897937,-0.0003182972004651674,0.04805701125738851,-0.0003182972004651674
293,35,no_need,features,14723136,-0.11616239543013762,0.06075026778251669,0.6541392778358852,0.06075026778251669
293,35,no_need,classifier,18882560,-0.003475056879779004,0.001247884296844859,0.08387966830626357,0.001247884296844859
293,35,no_need,fc,40970,-0.0010941420457584172,0.0006841728072686237,0.06346105728058,0.0006841728072686237
293,0,no_need,features,14723136,-0.05784179718924065,0.018021131873599217,0.8391918868894264,0.018021131873599217
293,0,no_need,classifier,18882560,-0.008720318372070324,-0.0006848386515478921,0.11937040423942548,-0.0006848386515478921
293,0,no_need,fc,40970,-0.0060459425949375145,-0.0005629190554827801,0.09258015489235928,-0.0005629190554827801
293,97,active,features,14723136,0.0031737322296976345,0.007049306364384833,0.4895632123266873,0.007049306364384833
293,97,active,classifier,18882560,-0.0004667137815346223,0.0011125266465796813,0.06417959091596337,0.0011125266465796813
293,97,active,fc,40970,-0.0005733486495955731,0.000844757380491501,0.04291136007888448,0.000844757380491501
293,98,no_need,features,14723136,-0.006243856879017073,-0.02350922202938932,0.6620577587547444,-0.02350922202938932
293,98,no_need,classifier,18882560,-0.00030496494999354695,-0.0031113751945213153,0.06784246650497072,-0.0031113751945213153
293,98,no_need,fc,40970,-0.00016918394203457865,-0.0014749076890439028,0.04456474906827944,-0.0014749076890439028
293,26,no_need,features,14723136,-0.028280282572936244,-0.007777252848079286,0.4996087900560731,-0.007777252848079286
293,26,no_need,classifier,18882560,-0.002896498266409253,-0.0020417441935478564,0.06355065873289899,-0.0020417441935478564
293,26,no_need,fc,40970,-0.0018914294032583712,-0.00166899250325514,0.04494778163102343,-0.00166899250325514
294,90,no_need,features,14723136,-0.011619724584692293,-0.0012616819680175695,0.6755342334490593,-0.0012616819680175695
294,90,no_need,classifier,18882560,0.000255850287359749,0.001421349148358786,0.10167645576979868,0.001421349148358786
294,90,no_need,fc,40970,0.00013600942656921688,0.000684687394368666,0.07171909397884621,0.000684687394368666
294,30,active,features,14723136,-0.0004651034760598809,0.0033327972924794835,0.6033129789258667,0.0033327972924794835
294,30,active,classifier,18882560,0.002690906532734516,0.001184219318020041,0.1429841211586517,0.001184219318020041
294,30,active,fc,40970,0.0015927720451145433,0.0005742713976815139,0.10463180862148265,0.0005742713976815139
294,53,no_need,features,14723136,-0.019179405094007507,-0.0003483753301125603,1.0166278121038321,-0.0003483753301125603
294,53,no_need,classifier,18882560,-0.0027329159304372297,0.00045257537743736975,0.1356464219257113,0.00045257537743736975
294,53,no_need,fc,40970,-0.001243576595243212,0.00011664802673294616,0.09985939700205287,0.00011664802673294616
294,77,no_need,features,14723136,-0.10994531209649949,0.12167739801788002,0.9114795491215159,0.12167739801788002
294,77,no_need,classifier,18882560,-0.0016890004638980827,0.002910762488227192,0.09154018986212993,0.002910762488227192
294,77,no_need,fc,40970,-0.0004883296099933432,0.001161015673460497,0.05585495955285306,0.001161015673460497
294,76,no_support,features,14723136,0.006113125346497661,-0.008043138005675132,0.4346740920276692,-0.008043138005675132
294,76,no_support,classifier,18882560,0.00039715802927275945,-0.0005744191364556173,0.054652309135568504,-0.0005744191364556173
294,76,no_support,fc,40970,0.00030312677881738637,-0.0003834395563444559,0.0405722854754544,-0.0003834395563444559
294,85,no_need,features,14723136,-0.019336461471283428,0.016077209800311465,0.8616556406289454,0.016077209800311465
294,85,no_need,classifier,18882560,-0.0007509623383157304,0.00013198203359365834,0.10724887806364244,0.00013198203359365834
294,85,no_need,fc,40970,-0.00013646785509990877,-0.0002971363420556372,0.07035439120306043,-0.0002971363420556372
294,8,no_support,features,14723136,0.011269199992568701,-0.0030854755327140992,2.299323874663906,-0.0030854755327140992
294,8,no_support,classifier,18882560,4.6048301669543434e-06,-0.00012998502850791738,0.28957253468959143,-0.00012998502850791738
294,8,no_support,fc,40970,-0.0006141897347333725,-6.326514926513482e-05,0.17436397063260833,-6.326514926513482e-05
294,35,no_need,features,14723136,-0.08990186672183142,0.09398588098642335,0.6365011896765942,0.09398588098642335
294,35,no_need,classifier,18882560,-0.002318860912737364,0.0017141905478865738,0.07172903661161303,0.0017141905478865738
294,35,no_need,fc,40970,-0.0019530081390257692,0.0007724845636403188,0.057467919932156136,0.0007724845636403188
294,81,no_support,features,14723136,0.004157533283176917,-0.0020501174173359615,0.6044261586732328,-0.0020501174173359615
294,81,no_support,classifier,18882560,0.00181750934871161,-1.2130521923836568e-05,0.09165293454042488,-1.2130521923836568e-05
294,81,no_support,fc,40970,0.0012911081421407289,-0.00015580802801196114,0.062050642241803525,-0.00015580802801196114
294,69,no_support,features,14723136,0.023015598185835984,-0.011368898466198374,0.48184753544298387,-0.011368898466198374
294,69,no_support,classifier,18882560,0.0025527361369768187,-0.0009381612584604682,0.05170100463320501,-0.0009381612584604682
294,69,no_support,fc,40970,0.0016260263473668601,-0.0005654815266780133,0.0365236833065764,-0.0005654815266780133
295,52,no_need,features,14723136,-0.006607079979538355,-0.007232303258106754,1.4675651027232126,-0.007232303258106754
295,52,no_need,classifier,18882560,-0.0030787530463385337,-0.0015128356620834893,0.15176743222643907,-0.0015128356620834893
295,52,no_need,fc,40970,-0.002461624997522449,-0.0010167126483793254,0.10209459950877359,-0.0010167126483793254
295,30,no_need,features,14723136,-0.2926917335083772,0.263190149079378,0.7893872367108788,0.263190149079378
295,30,no_need,classifier,18882560,-0.02509176535932056,0.011604790222918382,0.1981488917512563,0.011604790222918382
295,30,no_need,fc,40970,-0.01396232220577076,0.005440045852083131,0.14364016301530175,0.005440045852083131
295,46,no_need,features,14723136,-0.019783611151268587,0.0030791428600736026,0.7618460835243231,0.0030791428600736026
295,46,no_need,classifier,18882560,-0.004233613514998069,-3.098652328503704e-05,0.10530263799897696,-3.098652328503704e-05
295,46,no_need,fc,40970,-0.002699635935641709,-0.00010658626854365139,0.07756598492253547,-0.00010658626854365139
295,49,no_support,features,14723136,0.02541993168469503,-0.009871521416812357,0.4061334783861814,-0.009871521416812357
295,49,no_support,classifier,18882560,0.0037592091002807138,-0.0005424973822698576,0.057374574162266295,-0.0005424973822698576
295,49,no_support,fc,40970,0.002493882084309007,-0.0005458993819615898,0.04375093623900393,-0.0005458993819615898
295,35,no_need,features,14723136,-1.1959241572521933,0.5037260615312107,2.288035791163202,0.5037260615312107
295,35,no_need,classifier,18882560,-0.032456981176437694,0.013489992789345706,0.3703945049633751,0.013489992789345706
295,35,no_need,fc,40970,-0.012555705441627651,0.004980349656761973,0.22288902641273672,0.004980349656761973
295,90,no_need,features,14723136,-0.17328897628760842,0.1630723724053098,0.6971173489844465,0.1630723724053098
295,90,no_need,classifier,18882560,-0.021172096849113586,0.01560420227360737,0.18994877464988819,0.01560420227360737
295,90,no_need,fc,40970,-0.01215277908340795,0.008876331841747742,0.14061366133728487,0.008876331841747742
295,6,no_support,features,14723136,0.1499499103834694,-0.025219836569423393,5.81835814120223,-0.025219836569423393
295,6,no_support,classifier,18882560,0.012462196382330148,-0.0010591541127951132,0.6044107029882108,-0.0010591541127951132
295,6,no_support,fc,40970,0.01086027350538643,-0.0005183562398087815,0.41561886003621407,-0.0005183562398087815
295,40,no_need,features,14723136,-0.01910881157967026,0.03319965378582879,1.132662286186768,0.03319965378582879
295,40,no_need,classifier,18882560,-0.0035479325372307358,0.00270597374492354,0.16085900292297534,0.00270597374492354
295,40,no_need,fc,40970,-0.00218571785990207,0.0015116126314751455,0.11227962882288625,0.0015116126314751455
295,20,no_need,features,14723136,-0.005181813166498017,0.011486427621257178,0.6460632789505049,0.011486427621257178
295,20,no_need,classifier,18882560,0.0020817334956859668,0.00016465738116266948,0.09825323464959981,0.00016465738116266948
295,20,no_need,fc,40970,0.0019872021421178943,-0.0005344714718376053,0.06572516866230103,-0.0005344714718376053
295,97,no_support,features,14723136,0.02814561062427856,-0.006374881264278542,0.7523694184750735,-0.006374881264278542
295,97,no_support,classifier,18882560,0.002125428110048233,-1.1603542574789572e-05,0.07813453846590052,-1.1603542574789572e-05
295,97,no_support,fc,40970,0.0010406756864540512,0.00016691978783001105,0.04631314376700237,0.00016691978783001105
296,42,no_need,features,14723136,-8.55031762312386e-05,0.004311771885678439,0.24851083323679288,0.004311771885678439
296,42,no_need,classifier,18882560,-3.28992358333835e-05,-0.00017006444042522162,0.03688649070280848,-0.00017006444042522162
296,42,no_need,fc,40970,-4.925362202357064e-05,-0.00010021750927080575,0.02622417879409846,-0.00010021750927080575
296,21,no_need,features,14723136,-0.006349798883521274,0.01803637261039981,0.6719717127900826,0.01803637261039981
296,21,no_need,classifier,18882560,-0.0008349623246317606,0.0007199130889148364,0.07586947918143686,0.0007199130889148364
296,21,no_need,fc,40970,-0.00034647559959921637,0.000559943997359369,0.05260853840520961,0.000559943997359369
296,97,no_need,features,14723136,-0.10993570128999863,0.10453432180830191,0.6683904292540566,0.10453432180830191
296,97,no_need,classifier,18882560,-0.0030162884806941292,0.0025178677719850384,0.0906541904509101,0.0025178677719850384
296,97,no_need,fc,40970,-0.0015654203039048298,0.001249688698862883,0.057713114327720125,0.001249688698862883
296,18,no_support,features,14723136,0.005774694120226798,-0.004641331668246096,1.523932389036333,-0.004641331668246096
296,18,no_support,classifier,18882560,-0.0015686311792251217,0.0006514149739587083,0.1432141887609802,0.0006514149739587083
296,18,no_support,fc,40970,-0.0009905560937113478,0.0003537126531227841,0.0909325219695182,0.0003537126531227841
296,44,active,features,14723136,0.011452828732281262,0.005257960921881022,0.619410953890155,0.005257960921881022
296,44,active,classifier,18882560,0.0018634034465776494,-8.280553576156535e-05,0.08805672956411056,-8.280553576156535e-05
296,44,active,fc,40970,0.0017880178947962122,9.667099084254005e-05,0.06759740383959455,9.667099084254005e-05
296,48,no_need,features,14723136,0.0016242201104930123,-0.02294040235324246,0.8603707570714267,-0.02294040235324246
296,48,no_need,classifier,18882560,-0.0038227076411203598,-0.0016817060021594443,0.13082117179102543,-0.0016817060021594443
296,48,no_need,fc,40970,-0.0025863228729576804,-0.0009114343242799805,0.10796069198739107,-0.0009114343242799805
296,98,no_need,features,14723136,-0.0003082063843358185,-0.008552799978840397,0.5300050612060372,-0.008552799978840397
296,98,no_need,classifier,18882560,-0.0010289051144809491,-0.0003234894296610946,0.06509269323110374,-0.0003234894296610946
296,98,no_need,fc,40970,-0.0006794299924877123,-8.051523241192626e-05,0.048283548927159595,-8.051523241192626e-05
296,45,no_support,features,14723136,0.013694454622523722,-0.0016931855559612075,0.5330707895301884,-0.0016931855559612075
296,45,no_support,classifier,18882560,0.00109583413910741,-0.0004407095857672516,0.06500360111025613,-0.0004407095857672516
296,45,no_support,fc,40970,0.0007661946247026208,-0.00022349953133016243,0.04521616565114576,-0.00022349953133016243
296,7,no_support,features,14723136,0.007395807076456151,-0.006274486254397971,0.6513433098273582,-0.006274486254397971
296,7,no_support,classifier,18882560,0.00145318524346294,-0.0008410819590380925,0.0863278939755391,-0.0008410819590380925
296,7,no_support,fc,40970,0.0010117168312717695,-0.0005834435787619441,0.05896321678217616,-0.0005834435787619441
296,95,no_support,features,14723136,0.10448199889836472,-0.023489654704004437,4.749275384413178,-0.023489654704004437
296,95,no_support,classifier,18882560,0.0006760844150335288,-0.00015373531438811483,0.7409796994792941,-0.00015373531438811483
296,95,no_support,fc,40970,0.000980635410087416,-0.00013876743150831317,0.45737382570921037,-0.00013876743150831317
297,67,no_support,features,14723136,0.007262684005672426,-0.01471541844332691,0.4908344046872898,-0.01471541844332691
297,67,no_support,classifier,18882560,0.0007276956232544762,-0.0007927503298787997,0.058257245848674054,-0.0007927503298787997
297,67,no_support,fc,40970,0.0005705199373551295,-0.00046979108697087213,0.04096165531606538,-0.00046979108697087213
297,72,no_support,features,14723136,0.0026161564093616363,-0.014465152283790417,1.1441378844457768,-0.014465152283790417
297,72,no_support,classifier,18882560,-0.0014814674614171963,-0.0003147054291616769,0.11887287601393326,-0.0003147054291616769
297,72,no_support,fc,40970,-0.0008212156267290993,-0.00018967465132391226,0.07576933169974431,-0.00018967465132391226
297,49,no_support,features,14723136,0.01260776090217064,-0.007695136347734888,0.9845538351200295,-0.007695136347734888
297,49,no_support,classifier,18882560,0.0016028479981287092,-0.0008314638789101991,0.12468509962475628,-0.0008314638789101991
297,49,no_support,fc,40970,0.000902661013242323,-0.0004912057711408124,0.08497354909092653,-0.0004912057711408124
297,58,no_need,features,14723136,-0.0017750701279855008,0.012728483273605207,0.6328379539591846,0.012728483273605207
297,58,no_need,classifier,18882560,-0.0005100170807565974,0.0009912717001725468,0.07984300901009023,0.0009912717001725468
297,58,no_need,fc,40970,-0.0003204559118330508,0.0006926083951839246,0.05550669069632233,0.0006926083951839246
297,2,no_support,features,14723136,0.02135113141541467,-0.006174206104194724,1.4580431989536167,-0.006174206104194724
297,2,no_support,classifier,18882560,0.0009755923182410697,-0.00022497067769222667,0.15222677499872697,-0.00022497067769222667
297,2,no_support,fc,40970,0.0007210547373688314,-7.433537098222587e-05,0.09303712484006414,-7.433537098222587e-05
297,66,no_need,features,14723136,0.0006776272769499761,-0.0010429195548029568,1.1757504609829033,-0.0010429195548029568
297,66,no_need,classifier,18882560,-0.0004599991789859814,0.00030529192511608017,0.12895766967015215,0.00030529192511608017
297,66,no_need,fc,40970,-0.0003155838458042126,0.00023871334713021497,0.08546873563733615,0.00023871334713021497
297,55,no_support,features,14723136,0.01718459939754169,-0.006974572423942504,2.164914865173407,-0.006974572423942504
297,55,no_support,classifier,18882560,0.00045934210851328316,-3.6502496527646144e-05,0.2865329861484601,-3.6502496527646144e-05
297,55,no_support,fc,40970,0.0005228996469668346,-0.00017839783504314255,0.1994465717085835,-0.00017839783504314255
297,98,no_need,features,14723136,-0.0072276949517871,-0.011642228568781832,0.29914378100095373,-0.011642228568781832
297,98,no_need,classifier,18882560,-0.0005008004196724869,-0.0004004753068613809,0.048504398321474664,-0.0004004753068613809
297,98,no_need,fc,40970,-0.0003052808524444117,-0.0004426611635608424,0.034608040434040525,-0.0004426611635608424
297,25,no_need,features,14723136,-0.008009758093010078,-0.010221399599160463,0.5396876027228807,-0.010221399599160463
297,25,no_need,classifier,18882560,-0.0013703870240533433,-0.0004964087625864977,0.06454846878844879,-0.0004964087625864977
297,25,no_need,fc,40970,-0.0010263160220347345,-0.00037600437144647003,0.0445914808048733,-0.00037600437144647003
297,53,no_need,features,14723136,-0.022377790028656364,-0.001689186928874875,1.1370077216349517,-0.001689186928874875
297,53,no_need,classifier,18882560,-0.0020126688057189313,0.000503274454700886,0.14513436494772716,0.000503274454700886
297,53,no_need,fc,40970,-0.0012428607410583936,0.0003504691471789556,0.1112608111363044,0.0003504691471789556
298,16,no_support,features,14723136,0.0178358634969058,-0.006358480610309414,0.8993300379386434,-0.006358480610309414
298,16,no_support,classifier,18882560,-0.000411747441830812,-0.00021478716489298222,0.11698216668890916,-0.00021478716489298222
298,16,no_support,fc,40970,-0.00013969185056339484,4.1226523705972795e-05,0.07826596422644769,4.1226523705972795e-05
298,2,no_need,features,14723136,-0.22801341323145152,0.12190427419159278,0.7978339839549685,0.12190427419159278
298,2,no_need,classifier,18882560,-0.0050396085580359795,0.0023828602813864563,0.09569931220822027,0.0023828602813864563
298,2,no_need,fc,40970,-0.0029174999608585495,0.0011422428044625121,0.06519494747648635,0.0011422428044625121
298,36,active,features,14723136,0.022843817245387754,0.0009012158687298211,0.84773095097892,0.0009012158687298211
298,36,active,classifier,18882560,0.001906582808942403,6.022944515393647e-05,0.11454104759835956,6.022944515393647e-05
298,36,active,fc,40970,0.0016397652252635453,0.0002081095965422719,0.08360099864281825,0.0002081095965422719
298,77,no_support,features,14723136,0.00834794988085541,-0.007091970448286133,0.5589874410611564,-0.007091970448286133
298,77,no_support,classifier,18882560,0.0008321025644590918,0.00043633834967948815,0.05850248971281387,0.00043633834967948815
298,77,no_support,fc,40970,0.0004076110965343105,0.00027863708510267315,0.035630368850449554,0.00027863708510267315
298,86,active,features,14723136,0.009526877530312559,0.01952387936611899,1.2888910635621802,0.01952387936611899
298,86,active,classifier,18882560,0.00035834444423699097,0.0012354880124121337,0.1290273568931465,0.0012354880124121337
298,86,active,fc,40970,0.00019421255205998023,0.0008499120312990271,0.08833096026357172,0.0008499120312990271
298,40,active,features,14723136,0.032787690042065165,0.026146794108427684,0.9164010886299542,0.026146794108427684
298,40,active,classifier,18882560,0.0018565412938187364,0.002066810629230531,0.10476154310379479,0.002066810629230531
298,40,active,fc,40970,0.001059730151155236,0.0011801436676250887,0.07189793546755999,0.0011801436676250887
298,87,no_support,features,14723136,0.012368915702630545,-0.019868334798800902,0.7372341463842055,-0.019868334798800902
298,87,no_support,classifier,18882560,0.0006964313627122465,-0.0007219881143640805,0.07677225775515487,-0.0007219881143640805
298,87,no_support,fc,40970,0.0007991318766471522,-0.0005604249752195756,0.052275962623403234,-0.0005604249752195756
298,33,no_support,features,14723136,0.02372299656222765,-0.0007665195641468614,0.7187491966369495,-0.0007665195641468614
298,33,no_support,classifier,18882560,0.0020535312567062647,-0.0006386433170177952,0.12185396814902194,-0.0006386433170177952
298,33,no_support,fc,40970,0.0012635196153496508,-0.00012033437877789765,0.08558089392674917,-0.00012033437877789765
298,95,no_support,features,14723136,0.3243177790757841,-0.03683285264624914,4.106094820422792,-0.03683285264624914
298,95,no_support,classifier,18882560,0.012564157491397054,-0.00027983626391403504,0.5374475891923197,-0.00027983626391403504
298,95,no_support,fc,40970,0.007105072705599014,-0.0004974941193722771,0.3311321085290214,-0.0004974941193722771
298,75,no_need,features,14723136,-0.01289997215955907,0.0249246458789969,0.4707655276783025,0.0249246458789969
298,75,no_need,classifier,18882560,-0.0015732440737110664,0.0024551639896799315,0.05420706049772167,0.0024551639896799315
298,75,no_need,fc,40970,-0.0007972680186867365,0.0015094166928975028,0.04139460081331626,0.0015094166928975028
299,1,no_need,features,14723136,-0.005632612682276772,0.0020309566475873453,0.6857227494450314,0.0020309566475873453
299,1,no_need,classifier,18882560,-0.0009610263176682565,0.0008738584854768305,0.07523280224863862,0.0008738584854768305
299,1,no_need,fc,40970,-0.00040421428911940893,-0.00024272981806916505,0.050554056964107544,-0.00024272981806916505
299,66,no_support,features,14723136,0.012768874797103535,-0.007313013013064307,0.60512460923076,-0.007313013013064307
299,66,no_support,classifier,18882560,0.0015055899657454574,-0.000466641643413368,0.06006597309105623,-0.000466641643413368
299,66,no_support,fc,40970,0.0008181111356861948,-0.00021935931124517083,0.04150523124339047,-0.00021935931124517083
299,81,no_need,features,14723136,-0.004774171019334972,-0.01176436262725744,0.958306219136287,-0.01176436262725744
299,81,no_need,classifier,18882560,-0.00041335684036880593,0.00020686570040595598,0.12167513187142409,0.00020686570040595598
299,81,no_need,fc,40970,-0.00045533924367191503,0.00015016242400633928,0.0814043868128463,0.00015016242400633928
299,52,no_support,features,14723136,0.002266858050901987,-0.00469120053046268,0.5572455514864637,-0.00469120053046268
299,52,no_support,classifier,18882560,0.0005609029145361433,0.0002746610267934102,0.0736343731518355,0.0002746610267934102
299,52,no_support,fc,40970,-0.00021172923334233928,-9.707250251267396e-05,0.050612678005474386,-9.707250251267396e-05
299,47,active,features,14723136,0.004335063622178836,0.0009547822158282315,1.239407365460423,0.0009547822158282315
299,47,active,classifier,18882560,0.0025750473164407595,0.0007220392793101382,0.11281738147523283,0.0007220392793101382
299,47,active,fc,40970,0.0018317422809559503,0.0005011320276935294,0.08190039412682291,0.0005011320276935294
299,99,no_need,features,14723136,-0.005616251444777731,0.001717166258874414,0.7786613524229168,0.001717166258874414
299,99,no_need,classifier,18882560,-0.0005185334469501868,0.00047760008329333914,0.12382417241184251,0.00047760008329333914
299,99,no_need,fc,40970,0.00030065915643717744,0.00015681921809118649,0.08273448388091212,0.00015681921809118649
299,38,no_support,features,14723136,0.04608796550874672,-0.014888840683354942,0.6565403727553708,-0.014888840683354942
299,38,no_support,classifier,18882560,0.002481245225908424,-2.4774394262294663e-05,0.08257985819606656,-2.4774394262294663e-05
299,38,no_support,fc,40970,0.0011823391259895288,-3.4426011097821174e-05,0.05291174090736385,-3.4426011097821174e-05
299,56,no_need,features,14723136,-0.009435969792612298,-0.004771308273959107,0.5425339570796646,-0.004771308273959107
299,56,no_need,classifier,18882560,0.0006128886647047693,-0.0009887521171094704,0.06873073266508294,-0.0009887521171094704
299,56,no_need,fc,40970,0.0008628485607005132,0.00010042972644441761,0.051913886181682724,0.00010042972644441761
299,65,active,features,14723136,0.016412674501594893,0.021238067811310657,0.6232703875253726,0.021238067811310657
299,65,active,classifier,18882560,0.002112804502189647,0.0019107941785705407,0.1200806800812881,0.0019107941785705407
299,65,active,fc,40970,0.0022643640395472175,0.00100359727639443,0.0901168167470757,0.00100359727639443
299,4,no_support,features,14723136,0.004295072549822976,-0.0038059912586589917,0.6867603341008094,-0.0038059912586589917
299,4,no_support,classifier,18882560,-0.001386138529596792,0.001421317895960783,0.09901585629014176,0.001421317895960783
299,4,no_support,fc,40970,5.8644389355322346e-05,0.0005995653291392955,0.07348667414300984,0.0005995653291392955
300,73,no_need,features,14723136,-0.033980121147692444,0.000447280845598641,0.9038465328699927,0.000447280845598641
300,73,no_need,classifier,18882560,-0.004789317999438936,-0.000221215669881758,0.10365732217097064,-0.000221215669881758
300,73,no_need,fc,40970,-0.0033050918063963763,-0.0001840628439140346,0.06788552219532987,-0.0001840628439140346
300,93,no_need,features,14723136,-0.028074000931411547,-0.0016003381541906947,0.41101631826794793,-0.0016003381541906947
300,93,no_need,classifier,18882560,-0.005375941495913139,-0.0013424241452071328,0.09645371404587505,-0.0013424241452071328
300,93,no_need,fc,40970,-0.003494957709335722,-0.0009238647526217392,0.0725804754139656,-0.0009238647526217392
300,90,no_need,features,14723136,-0.018221406432019194,0.02128768648579893,0.49460614693813815,0.02128768648579893
300,90,no_need,classifier,18882560,-0.002567579451351776,0.0010451538469169463,0.07639537959825433,0.0010451538469169463
300,90,no_need,fc,40970,-0.0019323176675243303,0.000862899852108967,0.05550221049139797,0.000862899852108967
300,66,no_need,features,14723136,-0.36169411499059834,0.2777604658440964,1.1088039389434992,0.2777604658440964
300,66,no_need,classifier,18882560,-0.0055697699053780525,0.0033241755517110505,0.10576892949220713,0.0033241755517110505
300,66,no_need,fc,40970,-0.00318023557701963,0.0019102576320619846,0.06776360836592703,0.0019102576320619846
300,22,no_need,features,14723136,-0.03248377483313902,0.0038968829853089915,0.6490737028391309,0.0038968829853089915
300,22,no_need,classifier,18882560,-0.00395842987791184,0.00020148427077515407,0.10254467622133122,0.00020148427077515407
300,22,no_need,fc,40970,-0.0023478684706788044,0.0003625632804187262,0.07024754800770958,0.0003625632804187262
300,52,no_need,features,14723136,-0.21012463761258005,0.21312491677269918,0.7464246662664548,0.21312491677269918
300,52,no_need,classifier,18882560,-0.003821928079105419,0.002667966060926119,0.0972367414683028,0.002667966060926119
300,52,no_need,fc,40970,-0.0021573191461357055,0.001253294363777968,0.06732943960356517,0.001253294363777968
300,77,active,features,14723136,0.012515768703039498,0.007954999479864,0.7719225716135394,0.007954999479864
300,77,active,classifier,18882560,0.0010200679428180592,0.0006458895468597348,0.07411690592832638,0.0006458895468597348
300,77,active,fc,40970,0.0009010393446260423,0.00019746071507142915,0.04488265786653218,0.00019746071507142915
300,18,no_support,features,14723136,0.008231466653278119,-0.0024236894799667397,0.4554641189160873,-0.0024236894799667397
300,18,no_support,classifier,18882560,0.0007874803071672432,0.0003136313492859699,0.07242100182817277,0.0003136313492859699
300,18,no_support,fc,40970,0.0006703491794723959,-7.458619836597791e-05,0.05051217730759776,-7.458619836597791e-05
300,71,no_need,features,14723136,-0.05345284616007007,0.026449492065665936,1.1706846718596937,0.026449492065665936
300,71,no_need,classifier,18882560,-0.003472819112630532,0.0011990159130164102,0.15653108784803868,0.0011990159130164102
300,71,no_need,fc,40970,-0.0015688556204622728,0.0006248563180406563,0.109720787070136,0.0006248563180406563
300,39,active,features,14723136,0.007292586403178092,0.005633702360036352,0.5105303887833579,0.005633702360036352
300,39,active,classifier,18882560,0.001612536001857734,-0.00045704188647732735,0.0960272234054115,-0.00045704188647732735
300,39,active,fc,40970,0.0010405636103314464,-0.00016437623980891658,0.06718667477653063,-0.00016437623980891658
