round,algorithm,seed,test_accuracy,round_train_seconds,selected_clients,task_seeds,global_state_sha256,total_reset_slots,targeted_reset_slots,replaced_reset_slots,targeted_clients,fallback_clients,fallback_client_layers,history_memory_bytes,source_support_sha256,rng_unchanged,failed_client_updates
1,HistoryIdentitySame,1,10.0,18.01073529999121,"[80, 84, 33, 81, 93, 17, 36, 82, 69, 65]","[200001, 200998, 201995, 202992, 203989, 204986, 205983, 206980, 207977, 208974]",a54a841b1d8aaeb288f234a154b547d09329b79e22caa07bce35605dcd56155e,660,0,0,0,0,0,0,5387a7c214ea798ee57dcad4033bcfbd9e2bb3ef516f86f58e3eaed946651bf0,True,0
2,HistoryIdentitySame,1,13.229999542236328,9.679505000007339,"[44, 96, 1, 35, 26, 11, 38, 82, 87, 3]","[300004, 301001, 301998, 302995, 303992, 304989, 305986, 306983, 307980, 308977]",2194ac717a388eb692c5e8dbcfd4582c630ebbca68c3432af3aa44c25f01c179,660,0,0,0,0,0,211200,0231df7543372f105eaa768b9ad31397d74afd66f419e8f01d88df418d0f0214,True,0
3,HistoryIdentitySame,1,12.229999542236328,9.790609599993331,"[95, 67, 96, 71, 1, 80, 99, 45, 52, 27]","[400007, 401004, 402001, 402998, 403995, 404992, 405989, 406986, 407983, 408980]",464268fdecd2a7461cd6b6d423aeb6f70e76c845b2bdb10244a52cdd3f26ab5a,660,0,0,0,0,0,401280,d6386aec667f80ab21b4c5192a23a243262af294f4442a67a916b66bb5763f2c,True,0
4,HistoryIdentitySame,1,16.290000915527344,10.614166899991687,"[40, 10, 96, 66, 89, 32, 95, 55, 25, 5]","[500010, 501007, 502004, 503001, 503998, 504995, 505992, 506989, 507986, 508983]",e22f19850d9ffd368150cc18dcfce18ed881198cdbb4732274eb2ba7b4f44ea6,660,0,0,0,0,0,549120,b8a75020bb2456da62cd183eafde504fdd3cee5467d1bec47112a4a4ace09107,True,0
5,HistoryIdentitySame,1,32.41999816894531,7.5877857000159565,"[89, 99, 45, 96, 72, 9, 74, 88, 1, 38]","[600013, 601010, 602007, 603004, 604001, 604998, 605995, 606992, 607989, 608986]",dec108ab3bddc195ba215513fa42218f87170fb81aa3f55e61013047af4886ce,660,0,0,0,0,0,718080,14e298278cda38ea1287dd4adb0a5ebca1b0051b456cc8490cdeec335c7688f4,True,0
6,HistoryIdentitySame,1,17.6200008392334,11.666429300006712,"[0, 86, 4, 23, 24, 1, 62, 83, 66, 93]","[700016, 701013, 702010, 703007, 704004, 705001, 705998, 706995, 707992, 708989]",2a589299f75dc9f48b5bf8dc473cb0fb39c645bc9af3f2b430bd9e12c4cc3b78,660,0,0,0,0,0,802560,2283e5d7cb8ef22fb160ed4d20248e395067e07cdaaa2db9ccb5d98d763c9a62,True,0
7,HistoryIdentitySame,1,24.139999389648438,9.68820550001692,"[6, 59, 72, 30, 91, 43, 75, 76, 15, 61]","[800019, 801016, 802013, 803010, 804007, 805004, 806001, 806998, 807995, 808992]",8334d2af90c834b0ce15a5af328493a8d27a0f9bc380131c06d39f189d91a950,660,0,0,0,0,0,950400,8cfec96ab52ef92d59c8b1d4112dbd90b6f178f999f8cc1f3d78155f1e05060e,True,0
8,HistoryIdentitySame,1,23.68000030517578,11.689251999981934,"[44, 88, 74, 48, 59, 79, 25, 52, 45, 55]","[900022, 901019, 902016, 903013, 904010, 905007, 906004, 907001, 907998, 908995]",0ac5b8aa96c895ebcb3079902ee2ce786b998f818a103b57cd0b0ad8f66979d5,660,0,0,0,0,0,1140480,8e19e753811e1894f7e8e32e433d40f5a27f8101565b015210b3a34e0722ff5b,True,0
9,HistoryIdentitySame,1,30.1299991607666,11.019595499994466,"[3, 60, 35, 33, 22, 66, 45, 68, 67, 75]","[1000025, 1001022, 1002019, 1003016, 1004013, 1005010, 1006007, 1007004, 1008001, 1008998]",c39a40875e3ecaa80fa41e132e67e6c788407cc8faf11d2f66eeeca91e0fb7d4,660,0,0,0,0,0,1182720,0e64666c96a33e2ca2be0e601f74de75ce58a88d6ec4769029ea6524e4b7eb05,True,0
10,HistoryIdentitySame,1,29.729999542236328,12.61929400000372,"[64, 91, 12, 52, 16, 65, 50, 68, 33, 30]","[1100028, 1101025, 1102022, 1103019, 1104016, 1105013, 1106010, 1107007, 1108004, 1109001]",ef68434933199d80bb34ae08584a2e009f046e61f3635c49204e19e80e496515,660,0,0,0,0,0,1246080,d1cee68ca3c97d0d53de76c1f58330a974eb91bc17aa7f8244df6761803faaf4,True,0
11,HistoryIdentitySame,1,38.22999954223633,13.368869800004177,"[54, 27, 23, 37, 75, 33, 41, 46, 52, 24]","[1200031, 1201028, 1202025, 1203022, 1204019, 1205016, 1206013, 1207010, 1208007, 1209004]",1df4f27e7c01ea33e7dac5834f33f86fbef5b1f212635254837d7bbe815636cb,660,0,0,0,0,0,1330560,7af6f39f72d054b6896ef5d3e0857792ef2fe26cda75731231dbb41a83f9c69f,True,0
12,HistoryIdentitySame,1,36.90999984741211,11.269467099977192,"[54, 45, 28, 44, 15, 1, 93, 12, 88, 40]","[1300034, 1301031, 1302028, 1303025, 1304022, 1305019, 1306016, 1307013, 1308010, 1309007]",69f516a41de82d3c552c6771ea41db758dee008c7260acfdad1ad3dc91cfdf85,660,0,0,0,0,0,1415040,ecc891cb64c3273868d1278bf77573cac072378ba3aeed2e5c986576dd0aa296,True,0
13,HistoryIdentitySame,1,38.220001220703125,13.4428753000102,"[70, 75, 5, 68, 36, 79, 72, 78, 57, 44]","[1400037, 1401034, 1402031, 1403028, 1404025, 1405022, 1406019, 1407016, 1408013, 1409010]",7bc03e17d2d6ecd6d8aeeacde99452c651540a8cc851e6384a9187a84eebe014,660,0,0,0,0,0,1436160,c40b5953497e8499b63e2dc3763453da44b15ea4cdfb489bc9cdbf9a05999798,True,0
14,HistoryIdentitySame,1,46.650001525878906,10.66075319997617,"[41, 9, 30, 89, 40, 49, 3, 22, 8, 16]","[1500040, 1501037, 1502034, 1503031, 1504028, 1505025, 1506022, 1507019, 1508016, 1509013]",2dc67b248fee29d127c0a456fd2066ec4682a71e3ebb67b25e8debe70cc0d6b8,660,0,0,0,0,0,1499520,6eef39fc8a18cf350f754cda5cd80bef6c1e14e65dd9e248f5956ed1ebea80d1,True,0
15,HistoryIdentitySame,1,45.459999084472656,10.908360500005074,"[82, 28, 69, 81, 56, 71, 85, 27, 37, 66]","[1600043, 1601040, 1602037, 1603034, 1604031, 1605028, 1606025, 1607022, 1608019, 1609016]",bab4caa6987681d874f41e0f010ee2daf1e8f1dfa2463a4e6d9927566aa7a82b,660,0,0,0,0,0,1541760,5e74e93417fb47f3adbb466fd09d653522f759dd71a7e9f5ed559c6c51307dc9,True,0
16,HistoryIdentitySame,1,46.720001220703125,10.8360590999946,"[60, 13, 26, 12, 1, 28, 88, 86, 11, 43]","[1700046, 1701043, 1702040, 1703037, 1704034, 1705031, 1706028, 1707025, 1708022, 1709019]",5aaf6b8fbd3dc5473d11060bd5ca7c12b5cd0aab470ffafdb0b47bf02161ce73,660,0,0,0,0,0,1584000,8888a7a16176598644b49342168a30c3fea3d0080fb6d79189da1faae132fcf5,True,0
17,HistoryIdentitySame,1,45.529998779296875,8.825861699995585,"[93, 16, 72, 75, 10, 4, 38, 71, 42, 62]","[1800049, 1801046, 1802043, 1803040, 1804037, 1805034, 1806031, 1807028, 1808025, 1809022]",32c9882c326a3283c5391d8b9bf1f28bca3f0b0e7110e3d035dd9a402ba1dc1a,660,0,0,0,0,0,1605120,3f3ac76b14a98435fb043976b4d5e0d502ef5a3b6e6bdcd9768fa856af7422fc,True,0
18,HistoryIdentitySame,1,35.709999084472656,10.4722885999945,"[36, 47, 1, 64, 57, 97, 29, 6, 67, 92]","[1900052, 1901049, 1902046, 1903043, 1904040, 1905037, 1906034, 1907031, 1908028, 1909025]",1799d2b8ebbb42025925aaa2e12b4a964c6df1f280d7816b1e79255f74185d58,660,0,0,0,0,0,1626240,f0ad33992ba2d1f9521c6202e771e4f3f230906baa2cc03c5affb366233ec93c,True,0
19,HistoryIdentitySame,1,44.220001220703125,12.267588299990166,"[48, 87, 17, 57, 22, 81, 4, 51, 94, 63]","[2000055, 2001052, 2002049, 2003046, 2004043, 2005040, 2006037, 2007034, 2008031, 2009028]",38a3c3b8af9a766b0cccbf47012eab40de45ec2be9bedb936228727d23583123,660,0,0,0,0,0,1710720,2d8161a10876062a4cd1cbedc02d7529ccfa88adf80c6a4d3753b04253e1b464,True,0
20,HistoryIdentitySame,1,45.060001373291016,10.446271399996476,"[9, 17, 59, 11, 2, 95, 68, 28, 60, 14]","[2100058, 2101055, 2102052, 2103049, 2104046, 2105043, 2106040, 2107037, 2108034, 2109031]",18711ce1ba79affefda06755fcc3655af13b84372d1b823d6108fe3d26a90d9b,660,0,0,0,0,0,1774080,ecb93169efe9332bce09d3abcbb9137adb4cb84b12e3fdc116364e9db88fc4ac,True,0
21,HistoryIdentitySame,1,52.31999969482422,9.61128589999862,"[26, 25, 15, 93, 45, 54, 68, 90, 76, 10]","[2200061, 2201058, 2202055, 2203052, 2204049, 2205046, 2206043, 2207040, 2208037, 2209034]",b2d544f11c4c0e9e218a442dd5736517aba0e776497f592f1e29e278370ccacd,660,0,0,0,0,0,1816320,43057fdbd1d5b2d56a6bd110a63dfce62e924a670097b37efe7d46dfe51bae27,True,0
22,HistoryIdentitySame,1,56.310001373291016,11.338193200004753,"[84, 74, 93, 1, 48, 44, 29, 26, 94, 75]","[2300064, 2301061, 2302058, 2303055, 2304052, 2305049, 2306046, 2307043, 2308040, 2309037]",4a42252c01ff8a668303c4684b039588af7a1a3db5def862a2ab07f38f1cf84b,660,0,0,0,0,0,1837440,12cf6f4e057b3f8ac5e2e4c23b2f5191302ae4b3eb18931d00678cb1c7229b68,True,0
23,HistoryIdentitySame,1,49.59000015258789,10.039181700005429,"[71, 58, 50, 22, 59, 84, 10, 70, 43, 67]","[2400067, 2401064, 2402061, 2403058, 2404055, 2405052, 2406049, 2407046, 2408043, 2409040]",d399e4faad784888d02ca559e41a0833e071fc5d1668b43e4c938de32fd546c6,660,0,0,0,0,0,1837440,fab9c615285bd4a429c89d0aca54e3cb99663e4f8330724f0746828e7d31215a,True,0
24,HistoryIdentitySame,1,51.36000061035156,13.750912899995456,"[70, 54, 33, 75, 31, 58, 17, 6, 3, 51]","[2500070, 2501067, 2502064, 2503061, 2504058, 2505055, 2506052, 2507049, 2508046, 2509043]",d6fed7d28826e74c75d64c99b79fe17dd4732a25202bc4f80b5d9f023d916a16,660,0,0,0,0,0,1858560,f56bfc8a3ad9ac8fae2cf41751dbed81650243fd2d14c764b1fa3d2c89340dca,True,0
25,HistoryIdentitySame,1,55.150001525878906,11.246645599982003,"[42, 87, 33, 36, 30, 84, 78, 98, 71, 75]","[2600073, 2601070, 2602067, 2603064, 2604061, 2605058, 2606055, 2607052, 2608049, 2609046]",e98fe0b68ce1108c5c9fb30c0f665bd48a492c8a2fbd9caf7efabfad3e32a041,660,0,0,0,0,0,1879680,f9d419b31c3574d5ed1e58aff8445dbb20301095db5467de392e59ff2bfa7e4e,True,0
26,HistoryIdentitySame,1,51.04999923706055,11.819984000001568,"[41, 47, 34, 10, 51, 11, 50, 16, 86, 64]","[2700076, 2701073, 2702070, 2703067, 2704064, 2705061, 2706058, 2707055, 2708052, 2709049]",ae0ce974f2410426cacebe2a79574c0aa4be1f9ac02fdc86a5f10e4b467795a5,660,0,0,0,0,0,1900800,c5b0c10d80f4273b79351dafdb70199cf0468fd45e7cd71f30d3d5474ae93798,True,0
27,HistoryIdentitySame,1,51.61000061035156,12.400722199992742,"[58, 82, 63, 50, 98, 84, 4, 46, 65, 88]","[2800079, 2801076, 2802073, 2803070, 2804067, 2805064, 2806061, 2807058, 2808055, 2809052]",278d809bda834a764e535ba55f464803e3afa19876a4d671076928cb578165d0,660,0,0,0,0,0,1921920,cb722bc6789abaf89eee8d37b44493a31bd03b5f5cbe792ac8089ae441ab5d59,True,0
28,HistoryIdentitySame,1,51.5,7.99045529999421,"[99, 88, 69, 16, 46, 29, 90, 91, 4, 45]","[2900082, 2901079, 2902076, 2903073, 2904070, 2905067, 2906064, 2907061, 2908058, 2909055]",63cb20c1f8ca2140ce3da9e6311939337fd68a42b3bb199d9f4e20ab0fb3ac7f,660,0,0,0,0,0,1921920,d9e16aeeee104395a9e28ddf57bb6bcedfcb0b398241bb68c5d81fa5dedaa6cb,True,0
29,HistoryIdentitySame,1,47.15999984741211,11.035600100003649,"[80, 73, 28, 34, 1, 10, 13, 65, 5, 49]","[3000085, 3001082, 3002079, 3003076, 3004073, 3005070, 3006067, 3007064, 3008061, 3009058]",0b1e32b4eca58a1bbaaf9b362f8129a90810ab83b0b404dd8281395abea30eef,660,0,0,0,0,0,1921920,b9d63b5d25c44cd9532a096903a5c8955002aa454859f12737a6720f5c947f95,True,0
30,HistoryIdentitySame,1,56.86000061035156,8.975529199989978,"[62, 41, 74, 11, 99, 8, 75, 26, 81, 85]","[3100088, 3101085, 3102082, 3103079, 3104076, 3105073, 3106070, 3107067, 3108064, 3109061]",698df8206ea7b9aa2a1d0f9e16bf9c9ad8c3d94132d294bb1dbc7c19961a2fb1,660,0,0,0,0,0,1943040,07f43aab1d6a8052e0adc5bf8c6b7131d40d966d574bcca7d2e23fe4f5b5df34,True,0
31,HistoryIdentitySame,1,57.20000076293945,8.514984600013122,"[96, 81, 77, 83, 14, 50, 13, 67, 53, 91]","[3200091, 3201088, 3202085, 3203082, 3204079, 3205076, 3206073, 3207070, 3208067, 3209064]",041f461ee7a6a0e9880c0f8f16055b4218054cec85032e234142240362dd44d6,660,0,0,0,0,0,1943040,5d15cb2caa1c0f9b927b443ae3e29f2071ba78d0c8b553b9b3d9068d51a67ca3,True,0
32,HistoryIdentitySame,1,57.790000915527344,10.855487099994207,"[40, 73, 70, 3, 6, 94, 1, 25, 20, 10]","[3300094, 3301091, 3302088, 3303085, 3304082, 3305079, 3306076, 3307073, 3308070, 3309067]",1be4ac320530c79e2ecb7f7bda6213ff5825f1b4ac43b215cdf9743a1f4bff98,660,0,0,0,0,0,1985280,32cf352d338063f0a81c1adae283ed49a96d569bc0c6776b5784a8f9590d9330,True,0
33,HistoryIdentitySame,1,56.36000061035156,10.089407500025118,"[45, 16, 51, 88, 17, 78, 36, 44, 21, 62]","[3400097, 3401094, 3402091, 3403088, 3404085, 3405082, 3406079, 3407076, 3408073, 3409070]",2212bee3e7f00e172d34461831e3cbde0089841f35249c8438ef7f7234df0186,660,0,0,0,0,0,2006400,ca2922d220c38bb0a971c7c0d2513f6c331f65cff6d9d432cbee2de69c2be341,True,0
34,HistoryIdentitySame,1,66.2300033569336,7.773139600001741,"[92, 43, 97, 61, 58, 67, 1, 98, 30, 75]","[3500100, 3501097, 3502094, 3503091, 3504088, 3505085, 3506082, 3507079, 3508076, 3509073]",f4fd6cea7db8de192b25f1fa4eec1dca1c241878ed2f98c2564efa57818520b1,660,0,0,0,0,0,2027520,f58caa0c4fd59e99089cce88a826c5cf505ba2f2dda283256726adadf1c338be,True,0
35,HistoryIdentitySame,1,55.4900016784668,11.059424399980344,"[31, 89, 17, 66, 92, 23, 96, 9, 35, 20]","[3600103, 3601100, 3602097, 3603094, 3604091, 3605088, 3606085, 3607082, 3608079, 3609076]",8a8abf4582d937e3fa02adda914ac03d8893d6ee7c707549b87a621ae6f428ae,660,0,0,0,0,0,2027520,fbc9d81028cb493fdda17616910b7d1a6cfbb93b7f2c89f099b9a9cc0ecbf186,True,0
36,HistoryIdentitySame,1,53.540000915527344,13.626792800001567,"[72, 68, 65, 28, 23, 85, 16, 60, 73, 78]","[3700106, 3701103, 3702100, 3703097, 3704094, 3705091, 3706088, 3707085, 3708082, 3709079]",45fe513856c9de8d515df16532fefe0b161ca285457e457b50507c1c00814a5a,660,0,0,0,0,0,2027520,750408fd25a7a0931794ef53420612d7e87d08de1aab5d25444de1517506bc7b,True,0
37,HistoryIdentitySame,1,61.36000061035156,10.861671899998328,"[66, 49, 62, 9, 84, 68, 74, 3, 44, 71]","[3800109, 3801106, 3802103, 3803100, 3804097, 3805094, 3806091, 3807088, 3808085, 3809082]",56ba993dadbffa65e7e4d3fde1210f8a82c5d4dd1f3614de90bbbbe341cd6677,660,0,0,0,0,0,2027520,570a21621c15bfd49b8249318bcfb33c7c1f96052787f62a473ce917b5ff808e,True,0
38,HistoryIdentitySame,1,57.97999954223633,8.754458799987333,"[50, 73, 27, 38, 8, 53, 21, 14, 28, 64]","[3900112, 3901109, 3902106, 3903103, 3904100, 3905097, 3906094, 3907091, 3908088, 3909085]",cdbfb9e34da2236815af03d5b993498b4d1a70e26454809f0adfde4489f084f6,660,0,0,0,0,0,2027520,44495f7239d315c3e41a750ae47424078121ed836ec1f635e338558069ff67b7,True,0
39,HistoryIdentitySame,1,59.81999969482422,11.538346999994246,"[48, 87, 40, 59, 3, 10, 75, 35, 49, 89]","[4000115, 4001112, 4002109, 4003106, 4004103, 4005100, 4006097, 4007094, 4008091, 4009088]",2a0489e949b2c1b10b3b51df4f1718bf2f84be8532e041b40f53279e51070ba2,660,0,0,0,0,0,2027520,5376689da67838b4ad4874ed9ea4580c75406d8195199cd612c802cc81ffe7e3,True,0
40,HistoryIdentitySame,1,65.27999877929688,10.038293399993563,"[83, 93, 34, 60, 90, 45, 42, 41, 91, 36]","[4100118, 4101115, 4102112, 4103109, 4104106, 4105103, 4106100, 4107097, 4108094, 4109091]",c49595381a88911ea853fcaa80ae50010c208b65d62acec6a38ff97d26c7f7ee,660,0,0,0,0,0,2027520,a156cc76e04377a52703c52c8a03b8820ceb4040d86ba30b39d7cc9ae6b83323,True,0
41,HistoryIdentitySame,1,67.66999816894531,9.883212999993702,"[75, 52, 20, 80, 90, 93, 4, 51, 13, 98]","[4200121, 4201118, 4202115, 4203112, 4204109, 4205106, 4206103, 4207100, 4208097, 4209094]",48ada7c01d8faee6a6497016fee0cdf51face997e6a127458f7a9f0886414ea4,660,0,0,0,0,0,2027520,35f8981a7f5ff10a904aa688a23223e2b36cabfd50289e6adf3ce069b07be056,True,0
42,HistoryIdentitySame,1,57.77000045776367,10.122491899994202,"[98, 79, 17, 10, 3, 12, 29, 26, 54, 58]","[4300124, 4301121, 4302118, 4303115, 4304112, 4305109, 4306106, 4307103, 4308100, 4309097]",41d0dd0f5e5169ccd7d9a9b4302110a8621d61dde0fa380f14991eb7614602ca,660,0,0,0,0,0,2027520,73bf241f0a69da7bbb8946c245602e8429ad2b5bdb35bb911d45a3aef9fe5e81,True,0
43,HistoryIdentitySame,1,62.060001373291016,11.895780099992407,"[32, 15, 47, 9, 7, 16, 24, 57, 71, 28]","[4400127, 4401124, 4402121, 4403118, 4404115, 4405112, 4406109, 4407106, 4408103, 4409100]",5a9cd09c9df050e1027d0f6c8cfc782899eb76276b5fa82f3f8696334d05f14a,660,0,0,0,0,0,2027520,b3592186cd7ce0728b457bfe41b5c9734a0f9db4ada2a7b2f92a2b8152e00a48,True,0
44,HistoryIdentitySame,1,63.189998626708984,8.828975899989018,"[76, 67, 81, 35, 44, 49, 32, 99, 69, 51]","[4500130, 4501127, 4502124, 4503121, 4504118, 4505115, 4506112, 4507109, 4508106, 4509103]",4bba0b341781a4fbb0197081bc1932671f2b7cfc5b7b79908afde450d5b0f525,660,0,0,0,0,0,2048640,b05a0de3c637fd619364c794d34b2944fb6b8ad76d05d8462fb37c2a14cbc7c5,True,0
45,HistoryIdentitySame,1,55.09000015258789,9.330034999991767,"[42, 4, 95, 71, 84, 22, 61, 5, 10, 28]","[4600133, 4601130, 4602127, 4603124, 4604121, 4605118, 4606115, 4607112, 4608109, 4609106]",a1f3c8f9a001608919163a5b259013cbd313af66cd3e3c12bcbfe33ac9930f9a,660,0,0,0,0,0,2048640,f5ef0bf177b7c23a04bc57367facde03027f2189374d67fe503be2cff31d7d0d,True,0
46,HistoryIdentitySame,1,66.11000061035156,11.869224299996858,"[61, 52, 80, 26, 37, 44, 85, 1, 99, 55]","[4700136, 4701133, 4702130, 4703127, 4704124, 4705121, 4706118, 4707115, 4708112, 4709109]",86ca07e8f5c43b52257601ee4ac12df0227f41bfac2710066fa8c9a29b0409be,660,0,0,0,0,0,2048640,fd958b077af6c5058b913880b3a572814745e53f125ed66875ceec50673fbf60,True,0
47,HistoryIdentitySame,1,61.189998626708984,9.490756399987731,"[23, 10, 75, 28, 19, 22, 43, 13, 98, 85]","[4800139, 4801136, 4802133, 4803130, 4804127, 4805124, 4806121, 4807118, 4808115, 4809112]",05a1a5be7b97d084b603534e88f2c109387a1fa625e61a01c5c4b9d6ce16d950,660,0,0,0,0,0,2048640,92b37cadc11210db8b757bd81a4919e961df3fe3c8c1f520a9e2cc363561ed0d,True,0
48,HistoryIdentitySame,1,61.599998474121094,8.41675830000895,"[18, 1, 96, 63, 59, 71, 88, 39, 97, 68]","[4900142, 4901139, 4902136, 4903133, 4904130, 4905127, 4906124, 4907121, 4908118, 4909115]",df87dc8b6ca256eeb6caf2ad47e4d97dc42e389fc37c839d80c1ca6c1cda6099,660,0,0,0,0,0,2069760,73649e3c560414751a019c93764370ab110f5be0dc07e4a3904acfe0e0bba34a,True,0
49,HistoryIdentitySame,1,59.5099983215332,12.135321499983547,"[44, 11, 93, 47, 54, 9, 81, 94, 45, 65]","[5000145, 5001142, 5002139, 5003136, 5004133, 5005130, 5006127, 5007124, 5008121, 5009118]",ce52d807ab6d33c01c589aebe2c61a722b7a11a6e5af6c577df3af9403bfc290,660,0,0,0,0,0,2112000,63703815716f4b36eb57951f35b2dfca705a57e5277355989afa6ae8bb6effb7,True,0
50,HistoryIdentitySame,1,62.38999938964844,9.860819399997126,"[48, 43, 51, 76, 99, 39, 38, 73, 89, 80]","[5100148, 5101145, 5102142, 5103139, 5104136, 5105133, 5106130, 5107127, 5108124, 5109121]",6db1c3d35808857d3d6d6de97d003bcafd0320e55a87b864dd1acb2dfd274cad,660,0,0,0,0,0,2112000,a1dcdd5410f765dbc5bb9c317bfdf7e827682c379994ef5cdcebb22239f6a12d,True,0
51,HistoryIdentitySame,1,56.099998474121094,10.875512400001753,"[34, 16, 99, 17, 62, 58, 96, 29, 90, 30]","[5200151, 5201148, 5202145, 5203142, 5204139, 5205136, 5206133, 5207130, 5208127, 5209124]",cb24458f9ca27534e8303ed6963a9da047a136119a1284c54f352540d3d316ab,660,0,0,0,0,0,2112000,e348cd888538b6332605be1b14586a99c3963f4489205346420fd09370e2a783,True,0
52,HistoryIdentitySame,1,66.94999694824219,9.059604999987641,"[8, 59, 78, 95, 25, 35, 99, 86, 54, 64]","[5300154, 5301151, 5302148, 5303145, 5304142, 5305139, 5306136, 5307133, 5308130, 5309127]",25fff03acb1f79802df5a2a4e4292fcac98c6ef766588668a57a66e15364aac5,660,0,0,0,0,0,2112000,a52c59bce87111ddda9aa58f1806e5c03b03f23f15870f3b3691a697171e77ba,True,0
53,HistoryIdentitySame,1,60.72999954223633,11.30790960000013,"[87, 42, 55, 74, 37, 10, 26, 23, 57, 62]","[5400157, 5401154, 5402151, 5403148, 5404145, 5405142, 5406139, 5407136, 5408133, 5409130]",d994065182a7844f95f8088a92805c9a658fe0254bf2acf76fb38b59d78f8de4,660,0,0,0,0,0,2112000,72337b9dd0c88a94d8cbec43a18341858b429bbac2e5bbe72ee16bb92a50a343,True,0
54,HistoryIdentitySame,1,51.72999954223633,7.62936880000052,"[84, 2, 76, 48, 68, 40, 92, 8, 42, 46]","[5500160, 5501157, 5502154, 5503151, 5504148, 5505145, 5506142, 5507139, 5508136, 5509133]",3a78976a074ae83fadea238e25921d45a4ff4793b79f3ede7853b98b17bb6553,660,0,0,0,0,0,2112000,c3e4ec08df41b3afdc0c68e502abfc4402a72751eb5905fd445cbb8476f5dd82,True,0
55,HistoryIdentitySame,1,67.12000274658203,9.933643199998187,"[91, 70, 16, 58, 10, 35, 31, 86, 62, 54]","[5600163, 5601160, 5602157, 5603154, 5604151, 5605148, 5606145, 5607142, 5608139, 5609136]",a0b905a6c5e703bb5990527f3e5934849fb14c1b05603ec297eed4488febb4b9,660,0,0,0,0,0,2112000,7cd4c0df5c477f679cadc5554c806a90591e60608ae66147c35c25b3152db151,True,0
56,HistoryIdentitySame,1,65.16000366210938,10.31917390000308,"[32, 41, 20, 75, 69, 62, 74, 38, 80, 58]","[5700166, 5701163, 5702160, 5703157, 5704154, 5705151, 5706148, 5707145, 5708142, 5709139]",787d1ba923c5a57fafd3fb177737a6449a5c5e075b477af187386cc2d9b54d56,660,0,0,0,0,0,2112000,08964d1fc0e35ccb500aff86806eb932fab85b6f9477f0e9c4c5bbca5497c52f,True,0
57,HistoryIdentitySame,1,56.97999954223633,9.298927199997706,"[89, 0, 84, 16, 97, 67, 41, 38, 59, 60]","[5800169, 5801166, 5802163, 5803160, 5804157, 5805154, 5806151, 5807148, 5808145, 5809142]",21a3543c41f6cc31b21789355cd7280fa2e0b4b304a99d8b8d0454f7dea450c7,660,0,0,0,0,0,2112000,38314749fafdc46d74cffdc08b031f4edbe34577e68799e123db0ec10d28c1ff,True,0
58,HistoryIdentitySame,1,53.369998931884766,8.187739600019995,"[59, 21, 34, 35, 95, 41, 9, 12, 47, 42]","[5900172, 5901169, 5902166, 5903163, 5904160, 5905157, 5906154, 5907151, 5908148, 5909145]",c19d33980a3103e29e34c77ff4cd84c64a1ac2bd9d03ef88b2646ee1bd4a097e,660,0,0,0,0,0,2112000,d5b0f85eca1aa8b9ca90906d8a19d57a5abecbf16e934a4af6112712baaca9d3,True,0
59,HistoryIdentitySame,1,61.20000076293945,11.35975380000309,"[88, 78, 75, 43, 57, 63, 34, 79, 17, 93]","[6000175, 6001172, 6002169, 6003166, 6004163, 6005160, 6006157, 6007154, 6008151, 6009148]",ccf215cffd65a5d95ad1f493229af756bb2a21eb3d45176075d94652aabe17bb,660,0,0,0,0,0,2112000,885920600f1808b2d5b4f065f778068ec96e574e813d0ed982f6a61b3bd77224,True,0
60,HistoryIdentitySame,1,64.73999786376953,7.732921200018609,"[76, 35, 9, 75, 32, 97, 53, 72, 27, 91]","[6100178, 6101175, 6102172, 6103169, 6104166, 6105163, 6106160, 6107157, 6108154, 6109151]",f215b179699ec9d87dba400a8792aa31ce3d8c47e6bb1be57acdb574a47daade,660,0,0,0,0,0,2112000,a1ce99fbfc6891cfaad313c1a1daccd44bf40d8bc48e1400460dae9bac57e0e9,True,0
61,HistoryIdentitySame,1,66.75,12.916925600002287,"[60, 14, 9, 43, 15, 68, 7, 44, 65, 89]","[6200181, 6201178, 6202175, 6203172, 6204169, 6205166, 6206163, 6207160, 6208157, 6209154]",dc78b5d28be944c1d15b9ff146cc0ae0ef2d99152ff88973816c4d42ad4007b5,660,0,0,0,0,0,2112000,764c74647467fc6abff8cc77248a1066a7a814a56f7ed00931818f15282a5e28,True,0
62,HistoryIdentitySame,1,63.790000915527344,10.389678100007586,"[56, 67, 28, 93, 30, 71, 78, 48, 25, 19]","[6300184, 6301181, 6302178, 6303175, 6304172, 6305169, 6306166, 6307163, 6308160, 6309157]",13a2ac6663025ad9fad45c1120f16106d92c4b22cffda9c660dbdec7d4b87023,660,0,0,0,0,0,2112000,c98ad9b514f4f01e9bbd908e3ad239c8985890878e257e1cbb53cb3e1f15efbc,True,0
63,HistoryIdentitySame,1,64.2300033569336,10.433865600003628,"[61, 18, 63, 89, 0, 99, 42, 76, 81, 9]","[6400187, 6401184, 6402181, 6403178, 6404175, 6405172, 6406169, 6407166, 6408163, 6409160]",e51f912427dd2ac4a6d30a20c4fe6367c4939e6add44c04f1d0cc7141e6d7f4d,660,0,0,0,0,0,2112000,9e5ac3fba51c6411920dcdd43fa745ae9d41f0182d9b0f0f01026eac681503b1,True,0
64,HistoryIdentitySame,1,64.52999877929688,10.396114300005138,"[14, 22, 8, 93, 29, 90, 73, 28, 57, 58]","[6500190, 6501187, 6502184, 6503181, 6504178, 6505175, 6506172, 6507169, 6508166, 6509163]",66c6aacb64270ed7d20d6f7b1d21ce8059eb9f647d87fc0e8a5ae5f8d9db68d5,660,0,0,0,0,0,2112000,3b5e449ad95d60e9202560a05f2bcdb901f92bba8e808bb9861160e81df69488,True,0
65,HistoryIdentitySame,1,65.80999755859375,10.362248399993405,"[16, 90, 78, 23, 55, 61, 31, 0, 11, 82]","[6600193, 6601190, 6602187, 6603184, 6604181, 6605178, 6606175, 6607172, 6608169, 6609166]",2a57c8f85c3a108bb053d0460babb7343b3dbecda9f5db8377d74c33e2ce7c20,660,0,0,0,0,0,2112000,56f52b482533392d180434074a978b8167516dc4e95f0c33485419f0bf8a8ced,True,0
66,HistoryIdentitySame,1,64.66999816894531,12.611946299992269,"[28, 65, 16, 72, 11, 36, 19, 51, 81, 53]","[6700196, 6701193, 6702190, 6703187, 6704184, 6705181, 6706178, 6707175, 6708172, 6709169]",adecc6a10af6dd5e9c4abae3e82f074e05c451378de3c3a495936c578fde1d9b,660,0,0,0,0,0,2112000,dad90895b8a3accaa202e6db874bf31d423b90a60900c501b84fe6c31f9ce555,True,0
67,HistoryIdentitySame,1,63.15999984741211,9.189790700009326,"[53, 63, 96, 28, 78, 90, 58, 73, 34, 4]","[6800199, 6801196, 6802193, 6803190, 6804187, 6805184, 6806181, 6807178, 6808175, 6809172]",ef3d0631d24afb47917ad4df27ee99c6013847f8981941a6ca54a92ad3412c50,660,0,0,0,0,0,2112000,c75d5b9d0859ebd6d6390993a519207467b3738eadd4e5c4ce389c3a2f445cd0,True,0
68,HistoryIdentitySame,1,57.5,9.351215200003935,"[38, 57, 22, 41, 70, 39, 10, 5, 17, 32]","[6900202, 6901199, 6902196, 6903193, 6904190, 6905187, 6906184, 6907181, 6908178, 6909175]",cb796a2a7f7fea1a356e5bcc5645f8b46b7d91a2d415276a401781f67c5278a2,660,0,0,0,0,0,2112000,41ce65031c50e1da9fdf55431ff9ad7dbff20e77581016efdc7827c854298912,True,0
69,HistoryIdentitySame,1,69.98999786376953,9.639608400000725,"[60, 67, 48, 59, 46, 94, 22, 29, 53, 97]","[7000205, 7001202, 7002199, 7003196, 7004193, 7005190, 7006187, 7007184, 7008181, 7009178]",63ed900d4e9e8fc8bd0ffe135411e56cd5a4f283ee85c8c376d52d8b4f84ca80,660,0,0,0,0,0,2112000,18d5b05fdefb955cbca0e3a66176a2f8f59a1b0b1f2bb2de7e3a201b6de36a16,True,0
70,HistoryIdentitySame,1,59.650001525878906,8.46705259999726,"[61, 33, 76, 48, 37, 54, 38, 13, 8, 39]","[7100208, 7101205, 7102202, 7103199, 7104196, 7105193, 7106190, 7107187, 7108184, 7109181]",576a8b9838a5dd27e5bb25a94422efeb61e9ab9ac029299e386575b975aac0db,660,0,0,0,0,0,2112000,e5b7f2bd35fde154eec522dde2bd7f942c77bde5223388e6aa22b2d5fe3039ef,True,0
71,HistoryIdentitySame,1,58.91999816894531,8.759384700009832,"[31, 88, 91, 25, 50, 95, 67, 45, 80, 70]","[7200211, 7201208, 7202205, 7203202, 7204199, 7205196, 7206193, 7207190, 7208187, 7209184]",f44e98e0788f3b137df534f80b1caf1816aa508a4596bcab6ce58f586b434ff7,660,0,0,0,0,0,2112000,ecce21b622ae29f533ca94cec012965f98dc201c569b95cc98cb7651882ed111,True,0
72,HistoryIdentitySame,1,62.560001373291016,10.280118099995889,"[3, 23, 17, 94, 61, 43, 63, 91, 37, 84]","[7300214, 7301211, 7302208, 7303205, 7304202, 7305199, 7306196, 7307193, 7308190, 7309187]",165e1e4a46f2a580d1641607139bfec1e1d9530ebfc35ea8b120fab4285ff199,660,0,0,0,0,0,2112000,c6a604a9871d2e539dc9d9c0ac29582c9f42e40a263e45dd83b60511ee07d4dc,True,0
73,HistoryIdentitySame,1,69.18000030517578,10.121253699995577,"[11, 73, 78, 47, 45, 83, 36, 75, 91, 57]","[7400217, 7401214, 7402211, 7403208, 7404205, 7405202, 7406199, 7407196, 7408193, 7409190]",7af97bc77cc974aead1cfa5f51142637cd4ab890f500e7e2cd74209b9684a3e6,660,0,0,0,0,0,2112000,265a9d3bdbf1ec4489daf93c3071e5f7b965e1bdc6ef0179e623eab41084f10b,True,0
74,HistoryIdentitySame,1,67.22000122070312,9.573630400002003,"[46, 54, 66, 62, 96, 49, 24, 75, 60, 52]","[7500220, 7501217, 7502214, 7503211, 7504208, 7505205, 7506202, 7507199, 7508196, 7509193]",e0575019daab44ec1d9670bf0e18a96c7ad349cf2569b45c81b636b533352e3f,660,0,0,0,0,0,2112000,60deada05e2db22aeb7d65b868336bc7ea7acb832dc79dea3d66670345dba296,True,0
75,HistoryIdentitySame,1,71.70999908447266,10.953596400009701,"[75, 51, 39, 89, 14, 54, 41, 30, 24, 80]","[7600223, 7601220, 7602217, 7603214, 7604211, 7605208, 7606205, 7607202, 7608199, 7609196]",c87be577c0363f804ffeb8a8f0d46dd7375d084de02b6557c8f555c3063b2feb,660,0,0,0,0,0,2112000,49cb023d73a0bf1b0608af3f6730a66817a68abd7bcbfeb4269b5cf8e6ef7606,True,0
76,HistoryIdentitySame,1,66.94999694824219,9.238603100006003,"[67, 90, 45, 78, 32, 86, 50, 55, 33, 60]","[7700226, 7701223, 7702220, 7703217, 7704214, 7705211, 7706208, 7707205, 7708202, 7709199]",a5363c71a46a46c51d1502e7df1ea4744ac57966c2b145033c3bce1bc42cea8b,660,0,0,0,0,0,2112000,cb5dc66418acf6bc3bc4dbf74bc8a9ceb1c2ade92bc1600f7184412bb0189ef1,True,0
77,HistoryIdentitySame,1,65.30000305175781,7.698912799998652,"[4, 16, 51, 33, 89, 30, 13, 77, 43, 85]","[7800229, 7801226, 7802223, 7803220, 7804217, 7805214, 7806211, 7807208, 7808205, 7809202]",eb23959e96a471d0f91ffe814ac3cf5c40c9208946ce7e6748e4761ea8899cef,660,0,0,0,0,0,2112000,788934ae02c33e6b55415b55d81e5e2898d4d0f480f4d7f90cdbe04b0ae7ed7b,True,0
78,HistoryIdentitySame,1,64.62000274658203,10.699938300007489,"[97, 76, 96, 72, 42, 17, 33, 51, 24, 36]","[7900232, 7901229, 7902226, 7903223, 7904220, 7905217, 7906214, 7907211, 7908208, 7909205]",bc5357ade264b6d5db5a223a06bfe0d7d3e4ce334811737fbcdd6d3bac0e78f9,650,0,0,0,0,0,2112000,0a53efbebdbd5b83ec2e6a19979ccf14d137679f5aeec05ecc8549c85ce5a400,True,0
79,HistoryIdentitySame,1,69.20999908447266,8.815570000006119,"[22, 47, 61, 27, 50, 96, 89, 97, 85, 30]","[8000235, 8001232, 8002229, 8003226, 8004223, 8005220, 8006217, 8007214, 8008211, 8009208]",d0e94c1722b598387df0df72b1f33681eefa96741e6ea7d60c60365290307f9c,650,0,0,0,0,0,2112000,88c8cfdc5029eb5c97bb494e3057210f841329b31dc0b59ce32543480504d6ea,True,0
80,HistoryIdentitySame,1,66.68000030517578,9.266995500016492,"[44, 70, 23, 38, 74, 21, 82, 4, 88, 98]","[8100238, 8101235, 8102232, 8103229, 8104226, 8105223, 8106220, 8107217, 8108214, 8109211]",35c314ac5e974251308e2cfd5d95499ac0b0838cbb18032c277ea24647552805,650,0,0,0,0,0,2112000,6cd6754c106a6f920186572f7c31f460fb7e40acc89d9df891bfb012b3716d2c,True,0
81,HistoryIdentitySame,1,65.19999694824219,10.12128130000201,"[90, 72, 65, 50, 85, 56, 4, 80, 31, 17]","[8200241, 8201238, 8202235, 8203232, 8204229, 8205226, 8206223, 8207220, 8208217, 8209214]",bbd7972869dcad3276593e7c362eee7380458c383ac7863954319e4d6245e4d2,650,0,0,0,0,0,2112000,acb94b5f7ddfe1db41442560be567c728a6fe05164b82852c1bed8db81d974a8,True,0
82,HistoryIdentitySame,1,66.30999755859375,9.028727800003253,"[61, 40, 41, 34, 97, 51, 50, 13, 22, 8]","[8300244, 8301241, 8302238, 8303235, 8304232, 8305229, 8306226, 8307223, 8308220, 8309217]",61f7a7d2f587fc064be503bf94108fe390aa68aaf2d2eed40caca6c5c02a67c5,650,0,0,0,0,0,2112000,9c0f447d2ae67fb2b34e71c79e4eb5cc29f2b6c083f5c8f8551951955157cdd6,True,0
83,HistoryIdentitySame,1,69.41000366210938,8.644236300024204,"[87, 54, 63, 83, 96, 26, 0, 59, 69, 14]","[8400247, 8401244, 8402241, 8403238, 8404235, 8405232, 8406229, 8407226, 8408223, 8409220]",f8117c38bdd482e63e5319cdc488b6d430bd6942871c7c22bdda213b0b86d118,650,0,0,0,0,0,2112000,80bcd1f2b3f684a19ee43228242e1b0164097acb621f7a9d99d4ea313a3c8f74,True,0
84,HistoryIdentitySame,1,65.27999877929688,9.773234799999045,"[58, 47, 83, 36, 8, 2, 56, 49, 10, 38]","[8500250, 8501247, 8502244, 8503241, 8504238, 8505235, 8506232, 8507229, 8508226, 8509223]",7f7193b728e321443d0f1305b643f0b67a22dffb871721dfd9ceb8566d08efd7,650,0,0,0,0,0,2112000,fcc27d733dff93fab611d7dacb901d58a02c646d30d9a1acc5bf63617454a6a5,True,0
85,HistoryIdentitySame,1,68.44000244140625,11.358575599995675,"[89, 90, 81, 54, 59, 4, 53, 47, 52, 19]","[8600253, 8601250, 8602247, 8603244, 8604241, 8605238, 8606235, 8607232, 8608229, 8609226]",47a683c014fb0152ad1ad8df1726f8bd39f90a91e86d5c26e830039702d6c06d,650,0,0,0,0,0,2112000,fb833c61ee4f1ce846d3e7b3fbf8b0ae71d544f5e45189101564830e7db556fc,True,0
86,HistoryIdentitySame,1,67.23999786376953,10.879542500013486,"[24, 13, 81, 73, 19, 55, 40, 76, 57, 96]","[8700256, 8701253, 8702250, 8703247, 8704244, 8705241, 8706238, 8707235, 8708232, 8709229]",bd6de4e723548e0972a09b3b436a42e81107bfe97dcf7f73d8e0357abc33af2c,650,0,0,0,0,0,2112000,cba7f58cff5ee86b2f94ada83ee63be91a55ef46bf4fad83f80ad484a9385fd9,True,0
87,HistoryIdentitySame,1,70.0999984741211,10.238816299999598,"[31, 75, 94, 20, 87, 26, 29, 70, 2, 50]","[8800259, 8801256, 8802253, 8803250, 8804247, 8805244, 8806241, 8807238, 8808235, 8809232]",56b6b5114d7fc2da78cb3b0af197e6cca60c1e199cd4c5d49bf3082b5676c5e2,650,0,0,0,0,0,2112000,eddb6fca51a9f94db2fe99ac08e2350b7c38be3435cba36cabd69f6a3665caf3,True,0
88,HistoryIdentitySame,1,69.8499984741211,10.074395999981789,"[0, 9, 46, 37, 72, 83, 73, 16, 55, 27]","[8900262, 8901259, 8902256, 8903253, 8904250, 8905247, 8906244, 8907241, 8908238, 8909235]",686c726258daf8f6c67b271b88263a2ee08dca8b996f3e870624fa707d3714a1,650,0,0,0,0,0,2112000,5de46972170512b37c46fe8a830c3c21ce09edfc0e3077c151a142cf1333a4ad,True,0
89,HistoryIdentitySame,1,70.08000183105469,12.417635499994503,"[80, 29, 9, 50, 26, 81, 48, 82, 37, 15]","[9000265, 9001262, 9002259, 9003256, 9004253, 9005250, 9006247, 9007244, 9008241, 9009238]",c48494e06fa514724ec5a055e2930e45b2f6df7e2d44887a40771be04f49eda4,650,0,0,0,0,0,2112000,014399054203958a4a709cefe8729da4838c0a24d2049d5b35fb3e77f278a04d,True,0
90,HistoryIdentitySame,1,68.87000274658203,9.850780100008706,"[82, 6, 87, 74, 29, 50, 62, 67, 12, 83]","[9100268, 9101265, 9102262, 9103259, 9104256, 9105253, 9106250, 9107247, 9108244, 9109241]",3ea794c2b63d35ad838376c935d14d7afd557010c23ca2198f579c1f076442c4,650,0,0,0,0,0,2112000,4b127a8963cb2df70b7802025fa4b1676dc827601baf829f6cbe25439df222b8,True,0
91,HistoryIdentitySame,1,64.2300033569336,11.011194899998372,"[36, 75, 89, 43, 12, 21, 95, 72, 24, 63]","[9200271, 9201268, 9202265, 9203262, 9204259, 9205256, 9206253, 9207250, 9208247, 9209244]",b981df2e6a20fc51fd82fa3ea43d4b3699230b29292b441a8bb176e4ef9ec335,650,0,0,0,0,0,2112000,af0e27451f10b072789baa3ae996e682298e129209b3b84f0fbfd6a7653f7eea,True,0
92,HistoryIdentitySame,1,66.58999633789062,11.592545799998334,"[34, 15, 31, 94, 46, 70, 19, 80, 6, 88]","[9300274, 9301271, 9302268, 9303265, 9304262, 9305259, 9306256, 9307253, 9308250, 9309247]",741bb096d2b71f007b4137c2fb3f2c5e257a1d71c061a5a313012b7d4555415f,650,0,0,0,0,0,2112000,3fc9dcc1a0f2bd3438a038d763cf318ce545c5fb866ed94ab25261aba4be50bb,True,0
93,HistoryIdentitySame,1,67.05000305175781,10.24648870000965,"[70, 92, 72, 77, 23, 53, 1, 12, 97, 93]","[9400277, 9401274, 9402271, 9403268, 9404265, 9405262, 9406259, 9407256, 9408253, 9409250]",8eefdc169ff1f82e8898c5f7314c3536c0ee2188069e1b8417d83be26ec5b3a0,650,0,0,0,0,0,2112000,67a511e87c5987083c2b184a54d89c42b55f5b393449d67e573206173f0b0cf5,True,0
94,HistoryIdentitySame,1,68.36000061035156,12.33179380002548,"[13, 38, 36, 14, 57, 77, 66, 73, 3, 0]","[9500280, 9501277, 9502274, 9503271, 9504268, 9505265, 9506262, 9507259, 9508256, 9509253]",51250d0e67fedd670599f1fad833d11ce7d2f4cecce244fda12af3974318da52,650,0,0,0,0,0,2112000,f56840c7245be5ba008b2ed962bc3ae094fca1d3df09e79f957bbf98b686ddbc,True,0
95,HistoryIdentitySame,1,69.05000305175781,11.421734499977902,"[13, 19, 10, 24, 76, 57, 88, 23, 61, 31]","[9600283, 9601280, 9602277, 9603274, 9604271, 9605268, 9606265, 9607262, 9608259, 9609256]",290bb36369ccad2c917ad0fa77153a563a84ab600751e2734d5ec20b8ac829b9,650,0,0,0,0,0,2112000,a30bae1e5b15535df2b8b0f4431ae27456a3695c433d4f9798041b2c350c37bb,True,0
96,HistoryIdentitySame,1,67.61000061035156,9.568796800012933,"[18, 45, 94, 24, 56, 67, 10, 14, 13, 9]","[9700286, 9701283, 9702280, 9703277, 9704274, 9705271, 9706268, 9707265, 9708262, 9709259]",9a4942c58ceccb20f2b3dc10c9daf7d17615d534b616c0efccec10059483197f,650,0,0,0,0,0,2112000,9fa685729cd114d8fb8db20129667bf2010ba954467ce3c96f1d44bf55a8c199,True,0
97,HistoryIdentitySame,1,66.91000366210938,8.430711599998176,"[13, 48, 73, 93, 70, 1, 43, 77, 76, 88]","[9800289, 9801286, 9802283, 9803280, 9804277, 9805274, 9806271, 9807268, 9808265, 9809262]",77f430f0d22a250cac3be0d62a46874af70af63051e608f92f962140337533e3,650,0,0,0,0,0,2112000,3c7423351a2e9dab6c6d3876016e573c642d8d31bbbf9b76b80d75a20e9dd0c3,True,0
98,HistoryIdentitySame,1,65.58000183105469,10.860463000019081,"[21, 45, 83, 68, 75, 65, 96, 1, 77, 73]","[9900292, 9901289, 9902286, 9903283, 9904280, 9905277, 9906274, 9907271, 9908268, 9909265]",6b4fd6398f811a44c1092246a5a83bc8b93d605e6f2402542c2a646f66544ed9,650,0,0,0,0,0,2112000,dda125e65e27252b2cf35325f84d7e1be2b6ba0583f6d109b646c2a259757d1a,True,0
99,HistoryIdentitySame,1,62.150001525878906,8.882356799993431,"[81, 84, 60, 18, 45, 47, 94, 83, 76, 22]","[10000295, 10001292, 10002289, 10003286, 10004283, 10005280, 10006277, 10007274, 10008271, 10009268]",415aa444f12d0f3de7a72cc251e2e9a5f9fc6e201f49691d6806a3e789a112a5,650,0,0,0,0,0,2112000,1e33bf5d4315d429c754a78383683eec4ef95940b75a0983c724f27d64f09ec6,True,0
100,HistoryIdentitySame,1,64.0199966430664,11.551680500007933,"[21, 69, 47, 34, 65, 81, 93, 44, 30, 84]","[10100298, 10101295, 10102292, 10103289, 10104286, 10105283, 10106280, 10107277, 10108274, 10109271]",e945a9b19b1928bf5070a4ec16537ff51d0e1a88b1cbff25f5401fd90137c14a,650,0,0,0,0,0,2112000,ef5f11a94a984a70494f81a50a05dfe91cbf35ea304782ed3a1ff6b79c2b7ed7,True,0
101,HistoryIdentitySame,1,68.4800033569336,9.484094799990999,"[22, 38, 77, 15, 11, 61, 37, 34, 87, 3]","[10200301, 10201298, 10202295, 10203292, 10204289, 10205286, 10206283, 10207280, 10208277, 10209274]",e119f8a97d66c420e60a61a14e6653c37086b555b7327bd948015183277e9079,650,0,0,0,0,0,2112000,68ba2b0ca4fcfad31fe4e455526e233894243232b9e9458a3bc4fe7663f3c9ac,True,0
102,HistoryIdentitySame,1,73.33000183105469,8.643957699998282,"[96, 9, 26, 58, 69, 44, 13, 93, 61, 43]","[10300304, 10301301, 10302298, 10303295, 10304292, 10305289, 10306286, 10307283, 10308280, 10309277]",1879e5cd81abb5a918bb7f41651549869abf399f3eb466cdc59a8989a676b2f7,650,0,0,0,0,0,2112000,3af8f28849331a14549cb4746a5f6d063b120196b5416c5d2b7e6fdfacce9f94,True,0
103,HistoryIdentitySame,1,72.45999908447266,8.031943200010573,"[13, 34, 27, 16, 72, 98, 14, 19, 9, 46]","[10400307, 10401304, 10402301, 10403298, 10404295, 10405292, 10406289, 10407286, 10408283, 10409280]",2c8aac9b9d55ab22c3e52a28a4e55793191b5da9dfa3c80ca2cf940fce0be9e0,650,0,0,0,0,0,2112000,b83965a2e403b4b345d5a28a522692f15dfdabfec0f9c2c7c79881e4abe840cc,True,0
104,HistoryIdentitySame,1,72.48999786376953,10.735736500006169,"[29, 72, 81, 80, 68, 85, 14, 0, 93, 52]","[10500310, 10501307, 10502304, 10503301, 10504298, 10505295, 10506292, 10507289, 10508286, 10509283]",0d55b2ad123d765af6677f5ceeb874458dae7dc366ba9457d90f4af4f647e47a,650,0,0,0,0,0,2112000,ed281b3973ad947f21fcfb1afa306ac6ce76183b72c7e4da20a4ff7af6267b1b,True,0
105,HistoryIdentitySame,1,70.95999908447266,11.138896999997087,"[17, 69, 35, 86, 83, 84, 23, 56, 89, 60]","[10600313, 10601310, 10602307, 10603304, 10604301, 10605298, 10606295, 10607292, 10608289, 10609286]",47b9f969cff4c40c1fa11285669a79228ddb1c277b279752e0c1da22c7c5bdc0,650,0,0,0,0,0,2112000,121e10399f89eb3734f6bf3b341ddfd1d4c23963f86f90996148871983b2fe9a,True,0
106,HistoryIdentitySame,1,69.55000305175781,9.567353799997363,"[94, 79, 36, 8, 19, 16, 13, 30, 25, 3]","[10700316, 10701313, 10702310, 10703307, 10704304, 10705301, 10706298, 10707295, 10708292, 10709289]",a6d9b48ca053a4bd5fc0cfcecd10b046058db9490ef758250eb7c7871bcb081b,650,0,0,0,0,0,2112000,ceb9a527130e680a49116c8e957c82b32c0c7092a72fc7c8add6806fc841d41d,True,0
107,HistoryIdentitySame,1,45.15999984741211,9.331304599996656,"[45, 82, 32, 52, 17, 96, 6, 57, 67, 74]","[10800319, 10801316, 10802313, 10803310, 10804307, 10805304, 10806301, 10807298, 10808295, 10809292]",bdd37bc0034b4f0f6431382d27baa4269c42705574ebe94f42e8b465cfcbba1f,650,0,0,0,0,0,2112000,5042ebf4f3bf79dbcaa92627085ae3c41a36939152146d4b99dcc27133fdc30b,True,0
108,HistoryIdentitySame,1,69.4800033569336,7.785978400002932,"[61, 20, 59, 99, 39, 42, 73, 53, 45, 8]","[10900322, 10901319, 10902316, 10903313, 10904310, 10905307, 10906304, 10907301, 10908298, 10909295]",6e3650b959afe52fe96106ca62ac98cb83295e087ae0c208a250b427bb82cf46,650,0,0,0,0,0,2112000,3133d7ddc7d651ed27b0a5cd1eaec88acf43a545dee64be7be6a30d52c6df3a5,True,0
109,HistoryIdentitySame,1,72.97000122070312,8.811158500000602,"[60, 38, 5, 54, 66, 33, 80, 83, 9, 4]","[11000325, 11001322, 11002319, 11003316, 11004313, 11005310, 11006307, 11007304, 11008301, 11009298]",ff7fac178a34b8b9000b098d0ba1c8c9779d42cbde10e8f00456e325e3614eb7,650,0,0,0,0,0,2112000,43dbaf0b64b30319b3a3bc881b4798d9b1ef23ce04e36a90ceb16c146c5121e6,True,0
110,HistoryIdentitySame,1,71.6500015258789,9.51563450001413,"[39, 44, 62, 4, 42, 25, 0, 45, 29, 93]","[11100328, 11101325, 11102322, 11103319, 11104316, 11105313, 11106310, 11107307, 11108304, 11109301]",472f54122aaab4a4113b7d0240fa35698325637e5266641eb303fe4cbcbe506e,650,0,0,0,0,0,2112000,da55618e36fea57c500d4746f8cf12d1b01e752110fd18e66893e14997a0a768,True,0
111,HistoryIdentitySame,1,72.83000183105469,7.703035100013949,"[96, 54, 19, 97, 92, 31, 81, 2, 24, 9]","[11200331, 11201328, 11202325, 11203322, 11204319, 11205316, 11206313, 11207310, 11208307, 11209304]",67c917f818746cc1730c662fa81706b6776e3b1cb0c298fa0663ff82ba2b2ad1,650,0,0,0,0,0,2112000,d9a1639ab7bdb9b36157cc366516c706d6e8a9b6ddaf56699e2491203885cae0,True,0
112,HistoryIdentitySame,1,72.61000061035156,9.945064700004878,"[9, 19, 7, 49, 45, 35, 80, 85, 40, 89]","[11300334, 11301331, 11302328, 11303325, 11304322, 11305319, 11306316, 11307313, 11308310, 11309307]",6adc5888cbe7f731cdf362787848fff5b2115b2a9d40a8d1ab47dfb706867e00,650,0,0,0,0,0,2112000,fb278c8f755972886e689d692a9ec9cddfc8ff74e0d37ac001a9e704a81ab4a0,True,0
113,HistoryIdentitySame,1,67.66000366210938,9.198941299982835,"[73, 66, 18, 74, 33, 2, 87, 29, 98, 91]","[11400337, 11401334, 11402331, 11403328, 11404325, 11405322, 11406319, 11407316, 11408313, 11409310]",3734034ea9c81a318e27bba8cc3caa48bdbc12ca93acac5d3d29ba735da49fe0,650,0,0,0,0,0,2112000,d595ac84a54f4883fae042d1270affcfe7fa8e2b727af442bb8c1195806efb3c,True,0
114,HistoryIdentitySame,1,67.5,8.952156200015452,"[40, 31, 27, 50, 71, 81, 99, 97, 73, 49]","[11500340, 11501337, 11502334, 11503331, 11504328, 11505325, 11506322, 11507319, 11508316, 11509313]",a668801565d41ff8ae02fca31ce47b65c07167f0b7ea5db3c1340e6a26bc6181,650,0,0,0,0,0,2112000,073665235149a9f46b38af3ebc28a741e04d73c8d70daf2548bea5a10e9afebb,True,0
115,HistoryIdentitySame,1,64.06999969482422,6.524031700013438,"[61, 64, 42, 88, 27, 95, 92, 50, 45, 85]","[11600343, 11601340, 11602337, 11603334, 11604331, 11605328, 11606325, 11607322, 11608319, 11609316]",28d3a720c1613781b2b9c6d65a47334a094a67f2271a70d5dff1f7870b1034b9,650,0,0,0,0,0,2112000,a605a5117e7ab44e2746f2548064fe561457ffce0683e5af4c28f505cd44baca,True,0
116,HistoryIdentitySame,1,69.8499984741211,8.374276699993061,"[27, 8, 49, 32, 15, 35, 70, 59, 31, 30]","[11700346, 11701343, 11702340, 11703337, 11704334, 11705331, 11706328, 11707325, 11708322, 11709319]",bd6c1af009f80bc6bbf8412a65f9dde53e4f1268a1f5255a3cd51a85206c9153,650,0,0,0,0,0,2112000,56401e01c9e577eb189a83615d4024f65f6ed42b746e47f6931ab58cefbad1ef,True,0
117,HistoryIdentitySame,1,66.8499984741211,7.809470000007423,"[69, 35, 52, 51, 26, 15, 76, 48, 98, 12]","[11800349, 11801346, 11802343, 11803340, 11804337, 11805334, 11806331, 11807328, 11808325, 11809322]",f0d652e8d0f45847dd85cf788996e8d6e6b8bd912aba3222d3c62628816f7cc0,650,0,0,0,0,0,2112000,a3d4130eef66a160eb3af06ae85e828d90b368c25050708ac8a5e40d4f1ebdee,True,0
118,HistoryIdentitySame,1,71.13999938964844,10.669362600019667,"[46, 57, 0, 86, 26, 80, 73, 20, 63, 98]","[11900352, 11901349, 11902346, 11903343, 11904340, 11905337, 11906334, 11907331, 11908328, 11909325]",d0be59ea1ef848bcb3566a5c4f108f81c9a18947bfcd906b5ffa6a046cf16f7e,650,0,0,0,0,0,2112000,974264abcfa0ade4f2d924076bd3c4cf82c4d9bb6bf5ed2f1e860868f5b18f6d,True,0
119,HistoryIdentitySame,1,71.2300033569336,8.314712399995187,"[81, 6, 64, 84, 20, 2, 8, 4, 66, 92]","[12000355, 12001352, 12002349, 12003346, 12004343, 12005340, 12006337, 12007334, 12008331, 12009328]",030b8756a60260fccce9c983779a9402c6ee0fa55d0f249dd74df50ac0515aac,650,0,0,0,0,0,2112000,1f3da6262f83c434f32111746c96a6c7adab8adb87bb61f2acc2bf17592be91a,True,0
120,HistoryIdentitySame,1,66.44999694824219,9.501159000006737,"[61, 34, 64, 11, 96, 18, 82, 52, 72, 92]","[12100358, 12101355, 12102352, 12103349, 12104346, 12105343, 12106340, 12107337, 12108334, 12109331]",d2e89223a194d4b5c904fb0f44aa58e0eefa5ea1e3deeb58278fd1b98d583ee6,650,0,0,0,0,0,2112000,a9695ca5ee1ad5ffc2fe4fdf58bcd1d7a3e544642be057b82dff9c6fe4f06908,True,0
121,HistoryIdentitySame,1,72.16999816894531,10.250812599988421,"[93, 68, 94, 13, 36, 11, 5, 1, 40, 7]","[12200361, 12201358, 12202355, 12203352, 12204349, 12205346, 12206343, 12207340, 12208337, 12209334]",9c9b044e29bf39ef1a076f96012349b02c19c8fb9152f7a24b220c6dbd4ffee0,650,0,0,0,0,0,2112000,3d849b23349fcc907858084d734c118b5783a3ee8dd917d94ef6e2e41871564d,True,0
122,HistoryIdentitySame,1,68.86000061035156,8.308192900003633,"[73, 64, 37, 69, 31, 48, 77, 41, 53, 75]","[12300364, 12301361, 12302358, 12303355, 12304352, 12305349, 12306346, 12307343, 12308340, 12309337]",e495a2b23ec229b0ba15e602018225131667b5c0523d07464e71659e8ca8862d,650,0,0,0,0,0,2112000,ce6e351dac8202e612d2cd0a7b916e63dab9eef4bed19e74203f6c1709482150,True,0
123,HistoryIdentitySame,1,70.01000213623047,7.795193700003438,"[46, 43, 84, 11, 66, 92, 16, 19, 96, 37]","[12400367, 12401364, 12402361, 12403358, 12404355, 12405352, 12406349, 12407346, 12408343, 12409340]",11b75de230c1e05574c8e326d33ba53282009a5d980c565b712abb8b0a8d2faf,650,0,0,0,0,0,2112000,32d9c0958524ebccd3789ffcc70db866d88ed0284422c13e9c173669ec5972e4,True,0
124,HistoryIdentitySame,1,65.7300033569336,8.291700700006913,"[43, 96, 9, 0, 74, 19, 1, 23, 38, 66]","[12500370, 12501367, 12502364, 12503361, 12504358, 12505355, 12506352, 12507349, 12508346, 12509343]",23f96926ee7d073b36c610a4892857928a721ce552329175abbe2e6d959531e7,650,0,0,0,0,0,2112000,838b1b76704642e04a6d733f342b5953a6ad6fee065aa544a2d8b631c75bbd6f,True,0
125,HistoryIdentitySame,1,66.08000183105469,8.695207999990089,"[27, 62, 32, 10, 22, 72, 64, 25, 86, 60]","[12600373, 12601370, 12602367, 12603364, 12604361, 12605358, 12606355, 12607352, 12608349, 12609346]",056dd0e31b6f9d91298c2af0dd6f2121061dd7653070aa15da2ead95974e37c7,650,0,0,0,0,0,2112000,9912903538c5d5d9f3c6bacccb0b7fbf4f3610df766edabe46233ce7b5f1cc63,True,0
126,HistoryIdentitySame,1,61.970001220703125,9.036570600001141,"[84, 7, 64, 76, 15, 46, 27, 47, 40, 69]","[12700376, 12701373, 12702370, 12703367, 12704364, 12705361, 12706358, 12707355, 12708352, 12709349]",33f202e709ad174291e6c34b7a50d90968203cd02caf61cc4b4ea58061f63360,650,0,0,0,0,0,2112000,d5faa5f083343c0688f46cd731c729904085f00f7501a11549c4a38be29d62bc,True,0
127,HistoryIdentitySame,1,71.27999877929688,11.169100599974627,"[75, 97, 79, 87, 11, 7, 37, 92, 41, 12]","[12800379, 12801376, 12802373, 12803370, 12804367, 12805364, 12806361, 12807358, 12808355, 12809352]",81077ad2323f6288c11eebe18a597c795b2578daf44e8c00c258f3d147e9dc26,650,0,0,0,0,0,2112000,3f96394a58bf6c966cba521a668639cc01008921e666a046f651289ab5ebae9e,True,0
128,HistoryIdentitySame,1,67.5199966430664,9.019136799994158,"[78, 4, 17, 21, 76, 74, 19, 61, 45, 86]","[12900382, 12901379, 12902376, 12903373, 12904370, 12905367, 12906364, 12907361, 12908358, 12909355]",36d55ee184641aa2759039176ce4190d7306c00224368ddcfc498000aaf27d5f,650,0,0,0,0,0,2112000,7ca273b19f606a28eabf8f1cf5be3871cc444946261f1aab1c0b5e1591376260,True,0
129,HistoryIdentitySame,1,74.44999694824219,11.249748400005046,"[23, 41, 75, 36, 26, 49, 95, 16, 93, 72]","[13000385, 13001382, 13002379, 13003376, 13004373, 13005370, 13006367, 13007364, 13008361, 13009358]",abf660f686cf97c51dcda261b057ededdddafccfee085fdb4e07138cd9bb63c4,650,0,0,0,0,0,2112000,98ac0bc2638ca56d0e381d744f838091b3b28962b7c528901c58f28ebdf88d09,True,0
130,HistoryIdentitySame,1,65.5199966430664,11.266557599999942,"[59, 53, 65, 8, 68, 35, 13, 55, 23, 97]","[13100388, 13101385, 13102382, 13103379, 13104376, 13105373, 13106370, 13107367, 13108364, 13109361]",397223dda0b3044cc2e570d102e757970c1536dd75514321dcd8ffb129195092,650,0,0,0,0,0,2112000,70096e3ba4422a2601af75d17e7f32fe1a16d5d31bc02fdbc8f1370fe22f10e1,True,0
131,HistoryIdentitySame,1,66.22000122070312,7.524161400011508,"[74, 98, 22, 45, 97, 87, 92, 71, 47, 79]","[13200391, 13201388, 13202385, 13203382, 13204379, 13205376, 13206373, 13207370, 13208367, 13209364]",8455330c2aa86be89eb515842688e7b358ef9f8c550a4c22171fcb0591285c0e,650,0,0,0,0,0,2112000,6186dcd7c2409116dff02e57ba386fe4f7db28f6245d7d33620a69a0b5abca5a,True,0
132,HistoryIdentitySame,1,74.7699966430664,8.986262399994303,"[35, 70, 59, 49, 36, 91, 82, 50, 26, 72]","[13300394, 13301391, 13302388, 13303385, 13304382, 13305379, 13306376, 13307373, 13308370, 13309367]",044db21f4fac3e7215dd387aa55cfbb8e93759e578cefddb824d36b6b7938f28,650,0,0,0,0,0,2112000,98a91ec500dd81c927dffc21a0339e6fbc014f73db356f7b85d6dad4ac6726f6,True,0
133,HistoryIdentitySame,1,66.5999984741211,8.595480200019665,"[22, 83, 75, 29, 66, 48, 12, 10, 86, 1]","[13400397, 13401394, 13402391, 13403388, 13404385, 13405382, 13406379, 13407376, 13408373, 13409370]",37995d000af5b45de88aa3d486bae311926e86ca35816ca57683b12b1323fca3,650,0,0,0,0,0,2112000,b35ccf7634b789d14974578c42480ea011c12c5a90ebd043742052a4e45f5fa7,True,0
134,HistoryIdentitySame,1,72.9000015258789,13.288583599991398,"[76, 33, 40, 59, 65, 63, 73, 36, 99, 82]","[13500400, 13501397, 13502394, 13503391, 13504388, 13505385, 13506382, 13507379, 13508376, 13509373]",b3f33e344d41803755f028513b147058ac2604b05618edce9851436f37b8e1c3,650,0,0,0,0,0,2112000,3119a831fabead753a25ed524b2e19ba97781f4ca72e4e8ffa3a694b82d53bc3,True,0
135,HistoryIdentitySame,1,66.58000183105469,8.664675900014117,"[85, 88, 54, 40, 70, 67, 86, 38, 58, 42]","[13600403, 13601400, 13602397, 13603394, 13604391, 13605388, 13606385, 13607382, 13608379, 13609376]",b7e86ea81a100681f4eec065d72e1e5bab60d2e5d4d4142bacfe529da9b3278b,650,0,0,0,0,0,2112000,c2ba2b0a0ea9f0d5fe4de1edd074b028e4aa78d94bae3ba9543f7c3f416dba19,True,0
136,HistoryIdentitySame,1,68.69999694824219,8.14735399998608,"[89, 56, 12, 90, 94, 86, 19, 78, 92, 59]","[13700406, 13701403, 13702400, 13703397, 13704394, 13705391, 13706388, 13707385, 13708382, 13709379]",9f14cf35defac32cea6393259885a99dee8df8ff2ff0f828e7953b8b479ba9aa,650,0,0,0,0,0,2112000,eed62e04852cfacc61f55a5847eec5158f6420fed09d50bc069d3baad96d870f,True,0
137,HistoryIdentitySame,1,71.13999938964844,11.004463499994017,"[7, 94, 69, 44, 50, 26, 75, 24, 33, 18]","[13800409, 13801406, 13802403, 13803400, 13804397, 13805394, 13806391, 13807388, 13808385, 13809382]",f13ace1651a1e553031224f67963b4b6c144de71477e0d6369f22b4e506d86fd,650,0,0,0,0,0,2112000,56f38ec97d9cab31f50d3a776920e4841116f0f52a833774482baa683d0f241c,True,0
138,HistoryIdentitySame,1,74.33999633789062,10.242433900013566,"[89, 75, 84, 93, 35, 71, 19, 63, 59, 94]","[13900412, 13901409, 13902406, 13903403, 13904400, 13905397, 13906394, 13907391, 13908388, 13909385]",1b8cf9dc00928832095817069d26145dde433f2411e3b9ab2dda0204cdab8a97,650,0,0,0,0,0,2112000,f719152095db3e605bdbb019fa209e76b2b5e348e8a4c1fe30b2a038b776431d,True,0
139,HistoryIdentitySame,1,72.20999908447266,8.10302710000542,"[54, 66, 17, 43, 53, 40, 76, 1, 4, 81]","[14000415, 14001412, 14002409, 14003406, 14004403, 14005400, 14006397, 14007394, 14008391, 14009388]",07bef5ce854c83d4384d3c6aca0068890609f04b58f3dfef83087bc090d75544,650,0,0,0,0,0,2112000,2c124af2f6f0bbab43742a4d5498161b28b7b42a3db70db6f9fa36ced716399b,True,0
140,HistoryIdentitySame,1,73.44000244140625,9.548405399982585,"[52, 51, 97, 7, 41, 61, 29, 88, 49, 26]","[14100418, 14101415, 14102412, 14103409, 14104406, 14105403, 14106400, 14107397, 14108394, 14109391]",4664b0536e2cd988436e5b785d9de22bcf8247f9e8a6339f6d3ea7c6d1735c10,650,0,0,0,0,0,2112000,bc965ddecbbfc8a3258135d8b77186d2ac6c3d7daba539a13d2dc0a18cb1f6e5,True,0
141,HistoryIdentitySame,1,75.58999633789062,8.927249500004109,"[21, 47, 20, 59, 85, 2, 99, 70, 54, 50]","[14200421, 14201418, 14202415, 14203412, 14204409, 14205406, 14206403, 14207400, 14208397, 14209394]",5b3b12a6a9ddb8cd009187391cc3c719a00f79d32a55b49dbc4978d11b894d99,650,0,0,0,0,0,2112000,c85f89a3c4d80bf40cd6368bd5c811923ccf885e3de85e50bdf6a9646312ed0b,True,0
142,HistoryIdentitySame,1,67.88999938964844,11.918024699989473,"[65, 98, 79, 6, 58, 92, 19, 37, 33, 75]","[14300424, 14301421, 14302418, 14303415, 14304412, 14305409, 14306406, 14307403, 14308400, 14309397]",37eb510d7e82b0e4f5ca6a61e8892a6b8b5b1ac1cc905d330c933abb78c89152,650,0,0,0,0,0,2112000,201b379808046975a6cdcf6545df1ce7fbe98f32d3ce367842f075bac90ffdde,True,0
143,HistoryIdentitySame,1,64.80999755859375,9.599048100004438,"[44, 84, 56, 0, 69, 15, 66, 78, 42, 95]","[14400427, 14401424, 14402421, 14403418, 14404415, 14405412, 14406409, 14407406, 14408403, 14409400]",178bd0446a55cdd76bdd17b29fa299de72b5b61c61453b2f775c36fd8d8144c6,650,0,0,0,0,0,2112000,ecd20d77f946549de34f126c90f5b80a6399a6aa22565690a71aee3502536012,True,0
144,HistoryIdentitySame,1,74.97000122070312,10.686752799985697,"[36, 20, 53, 26, 80, 67, 25, 37, 39, 10]","[14500430, 14501427, 14502424, 14503421, 14504418, 14505415, 14506412, 14507409, 14508406, 14509403]",6af994f7bb1b4884a51f1475f4bbc3f1440e3ecd90975dbc21b34f2544e3e8bd,650,0,0,0,0,0,2112000,9fcca2062239199af17fce9d6dcadace2b5a1ca668855ad4f4f919a6d5221165,True,0
145,HistoryIdentitySame,1,68.2699966430664,10.41292259999318,"[54, 62, 65, 69, 82, 46, 64, 70, 59, 11]","[14600433, 14601430, 14602427, 14603424, 14604421, 14605418, 14606415, 14607412, 14608409, 14609406]",cfeeef2a5891f98e6069dc03ea48a9a998f8d7126d5a9fbb8fe7cb5a2aa8da29,650,0,0,0,0,0,2112000,844da50ca28f10c1e160fa5f0c86a033a2b1a346567713ddede9658c2086d0c0,True,0
146,HistoryIdentitySame,1,66.8499984741211,8.911760200018762,"[78, 89, 64, 25, 85, 9, 57, 41, 97, 45]","[14700436, 14701433, 14702430, 14703427, 14704424, 14705421, 14706418, 14707415, 14708412, 14709409]",9e4909cc8fd19e9e464f4d4926c9ed28c008628f2511719b51665770a1027f67,650,0,0,0,0,0,2112000,a2845c0549e534913d9d90c7dd71535d09f762a6d370da09896c137f8c807690,True,0
147,HistoryIdentitySame,1,70.13999938964844,10.032339700002922,"[32, 8, 70, 41, 12, 19, 88, 20, 98, 33]","[14800439, 14801436, 14802433, 14803430, 14804427, 14805424, 14806421, 14807418, 14808415, 14809412]",7aaeb18be70313015b30525e25bf0434c24002c7f5ba63e40cd56f5f6c17db77,650,0,0,0,0,0,2112000,54188db8bc9262b7318e399aa950fd0c42792bf9ee0dd85fb9637af9bf1ecfa1,True,0
148,HistoryIdentitySame,1,69.58999633789062,10.019726099999389,"[50, 29, 81, 33, 44, 69, 2, 68, 93, 85]","[14900442, 14901439, 14902436, 14903433, 14904430, 14905427, 14906424, 14907421, 14908418, 14909415]",919dcf7c54df64c792854dbc99be56e4ff946910a3998d69918517ea7ca0ba13,650,0,0,0,0,0,2112000,6f307b9698a5806084c8607deeccbb9949eeca28d7c4329b44c4aead82714cc1,True,0
149,HistoryIdentitySame,1,68.26000213623047,8.6384873999923,"[5, 84, 70, 73, 31, 62, 69, 13, 86, 74]","[15000445, 15001442, 15002439, 15003436, 15004433, 15005430, 15006427, 15007424, 15008421, 15009418]",90653bc7c19cdd40873095ca5ff191c2c4057c706ae06b18267b2709752dfd2d,650,0,0,0,0,0,2112000,5262450cbef07e7989ad6ccee3b4b740f79965f9b246073d0115b561fd17d527,True,0
150,HistoryIdentitySame,1,74.44999694824219,9.953882800007705,"[69, 9, 41, 83, 76, 63, 34, 67, 36, 87]","[15100448, 15101445, 15102442, 15103439, 15104436, 15105433, 15106430, 15107427, 15108424, 15109421]",fecb212c6abe0ceb0e02aaa9a1fd24654538d2e6c7fd6d5845aaf90a44b4acb3,650,0,0,0,0,0,2112000,5c30d80eeca1b3382a8be05864220c386a86f4dc202e9c3c2ad4a931689fd281,True,0
151,HistoryIdentitySame,1,63.54999923706055,9.050485699990531,"[40, 77, 95, 52, 25, 38, 46, 47, 93, 88]","[15200451, 15201448, 15202445, 15203442, 15204439, 15205436, 15206433, 15207430, 15208427, 15209424]",95023bdac0df8c6b75700437f152375e51c5fd5cba1e4eb1581bea45a06a4eb4,650,42,42,6,4,0,2112000,bb57e69cd9552c114356d559946220b059672eb426913eaacea8344b25951098,True,0
152,HistoryIdentitySame,1,66.88999938964844,10.741693299991312,"[14, 22, 87, 6, 15, 36, 37, 44, 48, 38]","[15300454, 15301451, 15302448, 15303445, 15304442, 15305439, 15306436, 15307433, 15308430, 15309427]",809f3012ca8d7a0775f00620dd0028b647c059c00f2218a9269d4015a52fc744,650,49,47,7,3,0,2112000,9de263bcde10987ac28e38681d9b046484b61afc80abc0c2673721c4ba9c84dd,True,0
153,HistoryIdentitySame,1,74.6500015258789,9.929481300001498,"[14, 66, 74, 62, 49, 45, 18, 79, 15, 68]","[15400457, 15401454, 15402451, 15403448, 15404445, 15405442, 15406439, 15407436, 15408433, 15409430]",9b7f4202b0cde56f394679174561a8ceb9e4c715c4018f49eca655e404dfc975,650,49,48,7,3,0,2112000,996dd5426679711f9e842ff4a71a5bed688548cc02576bbaac27c5e3f2127215,True,0
154,HistoryIdentitySame,1,73.33999633789062,8.031371799996123,"[92, 32, 77, 87, 27, 13, 14, 47, 22, 73]","[15500460, 15501457, 15502454, 15503451, 15504448, 15505445, 15506442, 15507439, 15508436, 15509433]",2dc8ee44eff32ea7f093ee3f8c3dabd090c55eed75457a726fd3ca2636febcb0,650,56,53,8,2,0,2112000,f11ea0a86f595264f4dd636e4c60a303fe16715a062e03fe6696f84a3adb3209,True,0
155,HistoryIdentitySame,1,69.62999725341797,9.601115400000708,"[60, 31, 44, 3, 84, 25, 98, 73, 52, 82]","[15600463, 15601460, 15602457, 15603454, 15604451, 15605448, 15606445, 15607442, 15608439, 15609436]",a5e92a85fc2dc273e0ce7c09dc0db1bbc10132641ac09ee8938e98de6bf852a1,640,56,56,8,2,0,2112000,9ee80f92e2c885a37b395c142c444e98d9f649b37464a3b95598b4f3735e67f1,True,0
156,HistoryIdentitySame,1,71.61000061035156,9.681687200005399,"[66, 38, 74, 49, 46, 45, 12, 0, 81, 23]","[15700466, 15701463, 15702460, 15703457, 15704454, 15705451, 15706448, 15707445, 15708442, 15709439]",da628a8d58b8f4669198a2ccd651b2e07de1f2dd0dbb0633b82239958c31ce4c,640,56,56,8,2,0,2112000,33fb74814c2d5eca9f825f09772cc6bcbd0be72c3d651b548e4dfeb9ae231a2e,True,0
157,HistoryIdentitySame,1,65.98999786376953,10.871635999996215,"[6, 14, 56, 8, 37, 71, 68, 53, 88, 65]","[15800469, 15801466, 15802463, 15803460, 15804457, 15805454, 15806451, 15807448, 15808445, 15809442]",ed05b45368ee54e089ec2dde6db56515cabe1c22a11d05d0a0a160620c7a977b,640,42,42,6,4,0,2112000,c55ab1b29c9292d2866ab881078af9e6a09e7a8b60370d28af7b99506b874c7d,True,0
158,HistoryIdentitySame,1,70.1500015258789,8.295618900010595,"[76, 40, 68, 38, 91, 92, 18, 11, 69, 94]","[15900472, 15901469, 15902466, 15903463, 15904460, 15905457, 15906454, 15907451, 15908448, 15909445]",b62a17bf26a6ae0c645e3e4c4fc7ff73cbc4c88a0991fab0b00d06d2fa4f2f44,640,49,49,7,3,0,2112000,afc0e9c20f790b312e46e726b47af62960fba4e7b6c30778e2df9a29bacd372f,True,0
159,HistoryIdentitySame,1,69.9000015258789,8.605374200007645,"[0, 23, 91, 83, 98, 64, 90, 32, 84, 36]","[16000475, 16001472, 16002469, 16003466, 16004463, 16005460, 16006457, 16007454, 16008451, 16009448]",b16a48e7b9c84effef41163c12cc6bce1014ad990f42eb46128957159eb176b6,640,56,55,8,2,0,2112000,9203dd8645ea6f0e830389473ac8faf28d78b10d2861c70f0049d42bf0cf0534,True,0
160,HistoryIdentitySame,1,67.58000183105469,10.503928799997084,"[15, 9, 95, 71, 80, 49, 39, 81, 30, 8]","[16100478, 16101475, 16102472, 16103469, 16104466, 16105463, 16106460, 16107457, 16108454, 16109451]",c8fe06fac4defb394f7b924d7578f07b003b25ab53c853226e4963179db6efa2,640,49,47,7,3,0,2112000,c716ece3e4e0cc12bd0163942884fb1f1f0f399747e56c5848774735a353319d,True,0
161,HistoryIdentitySame,1,75.2300033569336,8.58269609999843,"[29, 87, 67, 36, 35, 96, 15, 61, 24, 62]","[16200481, 16201478, 16202475, 16203472, 16204469, 16205466, 16206463, 16207460, 16208457, 16209454]",1135013676f10799b4df82a10b03c0696c438779382ffb5fee75f552ccb514ee,640,28,28,4,6,0,2112000,88874294630a231e7c545f9c28548f8c4e96a4c644e7e614962037ff1e3bc3d8,True,0
162,HistoryIdentitySame,1,72.4000015258789,9.705562799994368,"[13, 58, 87, 52, 50, 60, 3, 19, 35, 0]","[16300484, 16301481, 16302478, 16303475, 16304472, 16305469, 16306466, 16307463, 16308460, 16309457]",e39aecbbcb48a555c500e078af8016cb40d33accddced210c50686f63fc7348c,640,49,47,7,3,0,2112000,10bb44cc866944561c196e57aa0b2fb95cd69cb200c57508703a9ba1ef65f5bc,True,0
163,HistoryIdentitySame,1,70.88999938964844,8.468885299982503,"[55, 46, 66, 67, 73, 12, 51, 1, 57, 90]","[16400487, 16401484, 16402481, 16403478, 16404475, 16405472, 16406469, 16407466, 16408463, 16409460]",3ccb44cf07b5d516d21cbb10a11a27130ebf4a47617412c6ced992dd46e24441,640,42,41,6,4,0,2112000,084ce39dc7ffc64535751d35f9ea662dce0bfbd059a6229030d3dd3c32b927c6,True,0
164,HistoryIdentitySame,1,66.68000030517578,9.052231500012567,"[40, 72, 92, 86, 89, 90, 16, 98, 73, 58]","[16500490, 16501487, 16502484, 16503481, 16504478, 16505475, 16506472, 16507469, 16508466, 16509463]",b7ac2d51ef79fed2797006116fa927f86fb0b050fe32b3c792869840321246a9,640,42,42,6,4,0,2112000,e279cd372887b4aea71da7004d91eff2bc7bdf441403afece235139775a26ad1,True,0
165,HistoryIdentitySame,1,74.30000305175781,10.065693500015186,"[0, 58, 47, 44, 94, 66, 4, 7, 27, 2]","[16600493, 16601490, 16602487, 16603484, 16604481, 16605478, 16606475, 16607472, 16608469, 16609466]",76454c31f31f73cb4d2163e681202fa4e9be839f857f717986fd93cd5870b0ab,640,35,35,5,5,0,2112000,3ec015238e0ad0d16c52935cb19f70688eb3d33cc6263a3b23e4008ea0c6cc0e,True,0
166,HistoryIdentitySame,1,71.43000030517578,11.331513899989659,"[58, 87, 14, 78, 40, 83, 73, 18, 52, 31]","[16700496, 16701493, 16702490, 16703487, 16704484, 16705481, 16706478, 16707475, 16708472, 16709469]",127d4f4c930a1e21b087d3a0d983941e0d68b7ec9f231ff98d727cc1d3f068c8,640,56,54,8,2,0,2112000,51abb6e6d3051e1f53e7a19cd5fbc20e4adcd4222dd8803293c9281d53fcb492,True,0
167,HistoryIdentitySame,1,71.01000213623047,10.491103400010616,"[99, 22, 62, 86, 5, 20, 9, 51, 7, 54]","[16800499, 16801496, 16802493, 16803490, 16804487, 16805484, 16806481, 16807478, 16808475, 16809472]",ebfd467423d07ab37dcc48fb125efbcdb25a24be3bf298c604755975de45de37,640,35,34,5,5,0,2112000,bd7c452d858cb7e5a7bcd7881859c0abf61f3c90b5a70ba1b0db478cf4a94ee8,True,0
168,HistoryIdentitySame,1,68.44000244140625,9.52764980000211,"[97, 37, 42, 7, 22, 5, 24, 56, 69, 12]","[16900502, 16901499, 16902496, 16903493, 16904490, 16905487, 16906484, 16907481, 16908478, 16909475]",1f12332548f2652cf5c8b0db075dc35ec1d5e46f9ecd11adff4a4fab8b7897b1,640,42,42,6,4,0,2112000,b62fcde72042409a00b2f9aacd2a98e5d57100be40c3cf0b38417f9e77b8cbe8,True,0
169,HistoryIdentitySame,1,71.16999816894531,8.895185499975923,"[96, 22, 76, 44, 59, 78, 12, 68, 94, 87]","[17000505, 17001502, 17002499, 17003496, 17004493, 17005490, 17006487, 17007484, 17008481, 17009478]",c666572b0101ab5508d83b43282584e8539eb83f58814eda1f88698c0738ec2e,640,49,49,7,3,0,2112000,dd9f8ce3eca81a56728d67241a482608dfe5dbca5f8076a7f1b326ff6697c50c,True,0
170,HistoryIdentitySame,1,68.93000030517578,11.495910199999344,"[45, 7, 65, 19, 95, 16, 35, 23, 83, 88]","[17100508, 17101505, 17102502, 17103499, 17104496, 17105493, 17106490, 17107487, 17108484, 17109481]",f1bd3272b66bf11c5ac74be4a53e0f86a45fb3e5440343a8d8be09a6f9281573,640,42,41,6,4,0,2112000,bbdd3082099204512a018b38d2e3b30cf60b49074cfc903d6ab536d8bcf292ae,True,0
171,HistoryIdentitySame,1,66.9800033569336,9.31209989998024,"[12, 91, 4, 90, 47, 66, 33, 9, 61, 84]","[17200511, 17201508, 17202505, 17203502, 17204499, 17205496, 17206493, 17207490, 17208487, 17209484]",cd5744978e672c33ca713b6088bfee0942cbab01b156669f35ebf96104274ceb,640,49,49,7,3,0,2112000,489454ed74a4b32dc4fe2b98506504f1ab6319232bcb31d7e160713bb09d2b1a,True,0
172,HistoryIdentitySame,1,66.36000061035156,8.760729100002209,"[46, 60, 83, 2, 37, 70, 93, 29, 3, 43]","[17300514, 17301511, 17302508, 17303505, 17304502, 17305499, 17306496, 17307493, 17308490, 17309487]",7a3906480d5ec98684d380637f05832cf3f54c4dc40e1fc467c5756bf1b5c371,640,42,41,6,4,0,2112000,a7ff92e4671e84c44b82b0daf7430830a97b713040f9986f976c98392ff379a9,True,0
173,HistoryIdentitySame,1,64.80000305175781,8.132015300012426,"[27, 45, 49, 4, 31, 62, 9, 95, 69, 72]","[17400517, 17401514, 17402511, 17403508, 17404505, 17405502, 17406499, 17407496, 17408493, 17409490]",11ab910a6039cbf537db7e1a4b98fdf497125a76cd9e3b7e314e34fe9c036a14,640,63,62,9,1,0,2112000,9c91dd8b7d4fecfc9470053067e70437fd9fa280c76fbe1dca3524ae2ca330f1,True,0
174,HistoryIdentitySame,1,68.58999633789062,9.093020500004059,"[27, 28, 1, 92, 55, 48, 74, 7, 99, 62]","[17500520, 17501517, 17502514, 17503511, 17504508, 17505505, 17506502, 17507499, 17508496, 17509493]",126537a160b553a2753f96b93c89d27ccbf4cdf7b6235aaaff7c006cb936f578,640,35,35,5,5,0,2112000,d6493a4f83bb6c76f7950b811355f6695ee6af9170fb55c33a53f581d676a6c5,True,0
175,HistoryIdentitySame,1,73.5,10.399018199997954,"[24, 0, 9, 11, 31, 45, 58, 35, 69, 21]","[17600523, 17601520, 17602517, 17603514, 17604511, 17605508, 17606505, 17607502, 17608499, 17609496]",31cb12e9b764e749566dfb2e1be0e5f0e3204f267293b3e196b8a030b3115e5d,640,49,48,7,3,4,2112000,0e2af72cc884c8cef956b92a9f9a93694c2029d96e7deca72a2bd11cf7e2d096,True,0
176,HistoryIdentitySame,1,74.30000305175781,10.667574199993396,"[42, 98, 67, 21, 24, 81, 20, 75, 29, 36]","[17700526, 17701523, 17702520, 17703517, 17704514, 17705511, 17706508, 17707505, 17708502, 17709499]",0a7104d72f41cf82984dffcd60125b208c6c0ba64895319eca7e73dedac4a5fa,640,35,35,5,5,0,2112000,2ba9a0dbf287e51ca071d0c7ad8652ec69c417a870a936703f3ab0b9461eb193,True,0
177,HistoryIdentitySame,1,70.66999816894531,12.358695100003388,"[49, 75, 33, 60, 42, 64, 69, 11, 47, 70]","[17800529, 17801526, 17802523, 17803520, 17804517, 17805514, 17806511, 17807508, 17808505, 17809502]",ae0764b0d2b912a143dab0cb3a98124cbbee9be64c2f55ab8c5144c75496d9e7,640,63,62,9,1,0,2112000,be917403fa470187924f43256ac4ce1a2c9dc1ac0973009e8898b10b9b2cf38f,True,0
178,HistoryIdentitySame,1,66.25,11.355914099985966,"[96, 60, 16, 70, 73, 40, 11, 24, 87, 93]","[17900532, 17901529, 17902526, 17903523, 17904520, 17905517, 17906514, 17907511, 17908508, 17909505]",cbf2e4f8a588dd4a830bcb53868f24eaef1b1a52cd6687d81a1f283ac33ba121,640,56,56,8,2,0,2112000,2ecb65d117433de405e0434bb8a8999fd39d7759c128b1768b9493af0c0b92c8,True,0
179,HistoryIdentitySame,1,75.16000366210938,10.535996199992951,"[37, 16, 85, 31, 69, 36, 54, 25, 32, 38]","[18000535, 18001532, 18002529, 18003526, 18004523, 18005520, 18006517, 18007514, 18008511, 18009508]",18df63574fb433e49eb75085646c8fdd8c6ac78d5527dd1427068827d02e273b,640,35,33,5,5,0,2112000,3a87403c8fcb86266d79c16a17cc9b28dc57732224c241f1cb9c079b0f700d70,True,0
180,HistoryIdentitySame,1,68.66000366210938,11.123822299996391,"[80, 92, 61, 76, 19, 28, 7, 73, 67, 38]","[18100538, 18101535, 18102532, 18103529, 18104526, 18105523, 18106520, 18107517, 18108514, 18109511]",c9f2cea181095b71ecc2180ce1696eeb7b1135582833218272414a285bbb605f,640,56,56,8,2,0,2112000,e2f96c132e03fec4e1ed3f9082deefde3ddc4023b7fe1f211502b5066a36bef1,True,0
181,HistoryIdentitySame,1,74.44999694824219,9.778354799986118,"[78, 26, 35, 44, 29, 85, 64, 66, 97, 21]","[18200541, 18201538, 18202535, 18203532, 18204529, 18205526, 18206523, 18207520, 18208517, 18209514]",a0e5e7b06350997922adaedc54f1ad5e200e5d3762c9a33b11423348327d72ca,640,42,42,6,4,0,2112000,2e566e8b76010ad1a12fdafcfb2b3d504d80fc7350b04f55f6b2a18692cb7f44,True,0
182,HistoryIdentitySame,1,66.33999633789062,12.675903700001072,"[78, 73, 10, 52, 54, 24, 44, 70, 99, 90]","[18300544, 18301541, 18302538, 18303535, 18304532, 18305529, 18306526, 18307523, 18308520, 18309517]",1a051b47310aff2553141c22abaad8bf9dce58a1abedadb93fb2fe54f3779929,640,49,49,7,3,0,2112000,68d1530d17c71f3267683084965a4a817cbdca99ced62e8ed5ca508974655b65,True,0
183,HistoryIdentitySame,1,76.83000183105469,9.677915299980668,"[96, 38, 1, 4, 36, 19, 77, 52, 41, 49]","[18400547, 18401544, 18402541, 18403538, 18404535, 18405532, 18406529, 18407526, 18408523, 18409520]",ab6128587c042b81cf9517042dd0e892a022c1836601623f86332f285ee7fc3d,640,56,55,8,2,0,2112000,1c558736df48a8b8d4a1b03ed8c3c445912ea3be4a7d3b0ab9f46a90532e3302,True,0
184,HistoryIdentitySame,1,74.58000183105469,11.747255199996289,"[87, 55, 49, 7, 51, 67, 40, 21, 34, 0]","[18500550, 18501547, 18502544, 18503541, 18504538, 18505535, 18506532, 18507529, 18508526, 18509523]",3537a65ddf56631e863cc0ba496c8832964fc0b8e3008dc31098e5e8c25354a4,640,56,56,8,2,0,2112000,45f31e7f18e753b45bab958a554733217ce1f313ba79439696cfa257482541ed,True,0
185,HistoryIdentitySame,1,75.81999969482422,9.515201800008072,"[74, 63, 39, 14, 96, 82, 21, 45, 88, 13]","[18600553, 18601550, 18602547, 18603544, 18604541, 18605538, 18606535, 18607532, 18608529, 18609526]",e637d948fc4289030e053972ac82684f02b400ba42e01eda5653f9f80b8953be,640,21,21,3,7,0,2112000,5a11698eb9999587211e6b85a0583fabb0c0032c706f2fd282b2566e9b1bae27,True,0
186,HistoryIdentitySame,1,73.72000122070312,11.404429899994284,"[1, 26, 23, 59, 22, 57, 27, 60, 18, 69]","[18700556, 18701553, 18702550, 18703547, 18704544, 18705541, 18706538, 18707535, 18708532, 18709529]",59275b1e7c5372ca481f2ba9ac2ea11fcf9cab903487fb2b62d19ac2a83800b5,640,28,27,4,6,0,2112000,683ce4f0d46ffde7737be936e424a942d57c68944bd4955073985f305c8cd246,True,0
187,HistoryIdentitySame,1,71.62000274658203,9.76056399999652,"[34, 87, 43, 64, 27, 92, 78, 55, 68, 7]","[18800559, 18801556, 18802553, 18803550, 18804547, 18805544, 18806541, 18807538, 18808535, 18809532]",45e0e4a822ccdab3dc45fe54fe4f803933a1726eddd8f1149bf581a0c5af0f18,640,56,55,8,2,0,2112000,4f0e6a7d3a62dd6d7cb8d7dfc3f49d3223e136c4e2aff1b3f736616b39fcbefd,True,0
188,HistoryIdentitySame,1,73.48999786376953,13.06455619999906,"[67, 20, 34, 69, 85, 14, 86, 81, 36, 76]","[18900562, 18901559, 18902556, 18903553, 18904550, 18905547, 18906544, 18907541, 18908538, 18909535]",6d92f9de3a119e2cbd9aa929800e1df007fd25a74cdd440a9acb3ac889eb3d3b,640,49,48,7,3,0,2112000,32727b99b13215fa0580db883c30c6cb10fd5620c7a55977bf3c0233066ed7bf,True,0
189,HistoryIdentitySame,1,65.19999694824219,14.532226900017122,"[57, 7, 53, 49, 74, 65, 76, 29, 78, 80]","[19000565, 19001562, 19002559, 19003556, 19004553, 19005550, 19006547, 19007544, 19008541, 19009538]",793e5dbf9e0034754b9775cde737770967f16e84eab398977ab6e40835820952,640,56,56,8,2,0,2112000,b8b91c8d43ea67d8f602b1e05cc2b91ac63caf59c5c00169f991c2d494f6d7f7,True,0
190,HistoryIdentitySame,1,66.48999786376953,11.588272699998925,"[71, 25, 7, 77, 39, 51, 87, 5, 45, 11]","[19100568, 19101565, 19102562, 19103559, 19104556, 19105553, 19106550, 19107547, 19108544, 19109541]",09281f35de38955902b5ddeee940e52c3ac397608bc11d647cab05c1b556c444,640,42,39,6,4,0,2112000,aeada1a4effdb12ed45864e4e428262019f3906b020fb6278899febe0e28d892,True,0
191,HistoryIdentitySame,1,63.54999923706055,12.406507300009253,"[60, 21, 34, 0, 98, 92, 44, 65, 66, 3]","[19200571, 19201568, 19202565, 19203562, 19204559, 19205556, 19206553, 19207550, 19208547, 19209544]",d9416ab745d0641966cd1b504869126fc35cf257f2796383c150225cbdbbc82c,640,56,55,8,2,0,2112000,25d9b689724795794d26a307c7489d7eabeb8dec495da705dbdb5ec73b0e6170,True,0
192,HistoryIdentitySame,1,70.76000213623047,12.031877400004305,"[36, 59, 66, 20, 0, 16, 86, 71, 90, 56]","[19300574, 19301571, 19302568, 19303565, 19304562, 19305559, 19306556, 19307553, 19308550, 19309547]",9d7457612dc0c2303d1ed1ae38a0d71591ba4ef5facdff51248c725d6edb14fc,640,56,54,8,2,0,2112000,0cb816a925767907909e97a6e9f9d5465496aa9ba777f7fa21d52b56997c4af3,True,0
193,HistoryIdentitySame,1,75.25,9.834496099996613,"[19, 22, 51, 45, 91, 26, 14, 83, 15, 67]","[19400577, 19401574, 19402571, 19403568, 19404565, 19405562, 19406559, 19407556, 19408553, 19409550]",b75db5fd8469c95ff35d33a9b9823e0700d75de6202c711e68af0f5d98289cf6,640,49,49,7,3,0,2112000,a8eeecbcc9abd526a9ef243578ac834777197709781dc452de48711b2af0dcdc,True,0
194,HistoryIdentitySame,1,73.20999908447266,12.168571299989708,"[62, 14, 3, 92, 78, 33, 89, 48, 70, 31]","[19500580, 19501577, 19502574, 19503571, 19504568, 19505565, 19506562, 19507559, 19508556, 19509553]",64f26f9257015984f620e96d10bcd06a42e2bd4d5f681f0a892a6989e8ba3173,640,28,28,4,6,0,2112000,07502eee1b93cf2477dd5855cb4d3d71845c0b70f5e9bd76060d53735da88389,True,0
195,HistoryIdentitySame,1,73.2300033569336,10.71267780000926,"[37, 10, 88, 63, 53, 68, 2, 52, 26, 59]","[19600583, 19601580, 19602577, 19603574, 19604571, 19605568, 19606565, 19607562, 19608559, 19609556]",8c253c4671256adfedab81248d988ca8911fe9c95ddd693c7527145c2612a761,640,42,42,6,4,0,2112000,6a142568e7e9830c6595d1498eb0edd068508e60dd011a7829eccec1ce60ab2c,True,0
196,HistoryIdentitySame,1,77.02999877929688,12.577734899998177,"[59, 71, 85, 49, 20, 10, 3, 86, 88, 33]","[19700586, 19701583, 19702580, 19703577, 19704574, 19705571, 19706568, 19707565, 19708562, 19709559]",4012e7d2668e3b234c51889b3ce33f8f4c8ed12eed37ccf110fec668384aa750,640,70,70,10,0,0,2112000,e27509dbc4b80505d75b4fee06d5ef9daf119f3a3019c4577026a862c76d6757,True,0
197,HistoryIdentitySame,1,57.2400016784668,9.322941100021126,"[9, 0, 18, 66, 44, 17, 92, 95, 64, 96]","[19800589, 19801586, 19802583, 19803580, 19804577, 19805574, 19806571, 19807568, 19808565, 19809562]",8114d987dfa00f7e1466cdac4e8da98935739db52682a9b41f36c6c3f8d8f7d3,640,35,35,5,5,0,2112000,6faa670282e0f664d0b8af396a6f1a82df0c3c2e0da526c7f1f2e548d1abd536,True,0
198,HistoryIdentitySame,1,70.80999755859375,11.100466100004269,"[70, 58, 24, 57, 32, 19, 43, 65, 5, 88]","[19900592, 19901589, 19902586, 19903583, 19904580, 19905577, 19906574, 19907571, 19908568, 19909565]",ca464bce84e1cc4470979b9cfb9a53bd98d2fb2bad6471cf56bb532528029e57,640,42,42,6,4,0,2112000,b2531755c47f755e3875d6b992f1d4e756c9a117b890fb887477e597cb541733,True,0
199,HistoryIdentitySame,1,59.939998626708984,9.934073599986732,"[61, 75, 68, 2, 6, 26, 1, 56, 78, 74]","[20000595, 20001592, 20002589, 20003586, 20004583, 20005580, 20006577, 20007574, 20008571, 20009568]",af7760bc2f58316b76ac6fa21fb64b7ef2fc685bd1a386ca15af9cc20d37a0f1,640,42,42,6,4,0,2112000,a0c0101f555726ec54be56b809b34e28d2e59d874c00b64f75b1cf57ae76dfa1,True,0
200,HistoryIdentitySame,1,58.79999923706055,8.515044300002046,"[8, 57, 22, 90, 46, 9, 56, 99, 89, 4]","[20100598, 20101595, 20102592, 20103589, 20104586, 20105583, 20106580, 20107577, 20108574, 20109571]",308d2f040674e0dc6cdb8efcba62c7176d4ed7482cb84c4dc404f8bc36f63a39,640,42,41,6,4,0,2112000,b339ebb333a031b0e6c40dd8a55b146276debece3172dc2cff6b532c3d6ee3eb,True,0
201,HistoryIdentitySame,1,68.95999908447266,9.268833799986169,"[83, 41, 69, 7, 63, 51, 78, 89, 43, 81]","[20200601, 20201598, 20202595, 20203592, 20204589, 20205586, 20206583, 20207580, 20208577, 20209574]",9d479617f2aa60f6395578b0c1124935a349ec79e738a0036469b712aa0a9710,640,42,42,6,4,0,2112000,f2ca2b7f1c177a0c422d7be8d7ee4e77276d0f4166f4c62353e8aed3854e07da,True,0
202,HistoryIdentitySame,1,72.5199966430664,9.275679299986223,"[74, 76, 14, 98, 73, 37, 94, 68, 39, 11]","[20300604, 20301601, 20302598, 20303595, 20304592, 20305589, 20306586, 20307583, 20308580, 20309577]",0390f49b3a65147b5fa48ab0c3ea49d602b6d2065115bfbdafbd2d72eeae5f8c,640,28,28,4,6,0,2112000,d56f544c24a3ac6eb6b1cbb37a0c613873fba4e63ee7556d7fbee76a17b5e4d0,True,0
203,HistoryIdentitySame,1,63.38999938964844,7.967005800019251,"[38, 78, 17, 56, 90, 34, 42, 0, 1, 12]","[20400607, 20401604, 20402601, 20403598, 20404595, 20405592, 20406589, 20407586, 20408583, 20409580]",5c64c4fde9f0d09630a97fcb22f20329d28c227078783e39df9881f53bcc8ebd,640,42,41,6,4,0,2112000,8e2d1c8727d610e2ff5dd13c644868f638b07ba13c32fcc7225ece0cabb46d0c,True,0
204,HistoryIdentitySame,1,73.38999938964844,10.35153210000135,"[45, 36, 95, 8, 99, 75, 93, 4, 24, 58]","[20500610, 20501607, 20502604, 20503601, 20504598, 20505595, 20506592, 20507589, 20508586, 20509583]",cfa7b204045307240e1cb60769095c37a6888ee37523120d2d18f00a342de5b8,640,49,48,7,3,0,2112000,4ec7a0d813563071ec23ffa7a8565cfb8d41b85a2edc0e74783077e2c53e6cd1,True,0
205,HistoryIdentitySame,1,72.97000122070312,10.677482500002952,"[66, 46, 89, 23, 4, 97, 78, 26, 79, 52]","[20600613, 20601610, 20602607, 20603604, 20604601, 20605598, 20606595, 20607592, 20608589, 20609586]",0975a18a022de351ff1fbd624471b09b70330159f68606ef24496fd5b68ca2bb,640,49,49,7,3,0,2112000,c6fee99313debd63af8bb540b9c1b0b7e8172ecf3413a7f281702d7def1a3233,True,0
206,HistoryIdentitySame,1,72.05999755859375,11.946713900018949,"[71, 79, 23, 7, 97, 86, 72, 57, 70, 64]","[20700616, 20701613, 20702610, 20703607, 20704604, 20705601, 20706598, 20707595, 20708592, 20709589]",86a520ddf77515540a145ef17fadef5afec13213acfc13e67b4bcb9cfd4afe11,640,63,61,9,1,0,2112000,f2c1c0621849e4c2fd22af785121389cc776e26249efaa7bdfbddd9e60f28275,True,0
207,HistoryIdentitySame,1,75.26000213623047,8.97633340000175,"[55, 14, 21, 43, 5, 30, 35, 15, 28, 34]","[20800619, 20801616, 20802613, 20803610, 20804607, 20805604, 20806601, 20807598, 20808595, 20809592]",0e8aca5659650aaebde9d71c01a78f3f204471ef03728e2adc2ae9bff215251c,640,28,28,4,6,0,2112000,8fa2bd5aacb87476544f1f9dec70d8336a95d757a279f000638be70164d766aa,True,0
208,HistoryIdentitySame,1,74.0999984741211,9.087611800001469,"[54, 51, 22, 85, 73, 90, 4, 69, 75, 6]","[20900622, 20901619, 20902616, 20903613, 20904610, 20905607, 20906604, 20907601, 20908598, 20909595]",8e90907c9c2c0cb131aeeef6ed04179728b8849e6a292b23f7d9f39e6d5d0c26,640,56,56,8,2,0,2112000,9192a65eca654213a451fe69d259c42ca5f20008dc1be01e2fa017e6601c6576,True,0
209,HistoryIdentitySame,1,71.62000274658203,9.875756599998567,"[78, 98, 48, 28, 76, 96, 97, 69, 66, 65]","[21000625, 21001622, 21002619, 21003616, 21004613, 21005610, 21006607, 21007604, 21008601, 21009598]",cc2c2ceba29a1c5159f6643c2271b05f9d68d9a6c4b864a64b86b7669e95ed78,640,49,49,7,3,0,2112000,e227a75d45336acd2347344c7ffbd0b66c2937871f680588ddf626a47432356d,True,0
210,HistoryIdentitySame,1,75.5999984741211,8.782964800018817,"[52, 54, 70, 39, 89, 14, 77, 74, 15, 88]","[21100628, 21101625, 21102622, 21103619, 21104616, 21105613, 21106610, 21107607, 21108604, 21109601]",72abade2b8f00163d650128b4a1ffe702c3a454640120df7a492acf046276a87,640,56,55,8,2,0,2112000,35884880ca75931739983005980c042377159803043a3aba9d030c787f97adb5,True,0
211,HistoryIdentitySame,1,54.43000030517578,12.239111800008686,"[58, 12, 87, 84, 91, 62, 82, 57, 6, 21]","[21200631, 21201628, 21202625, 21203622, 21204619, 21205616, 21206613, 21207610, 21208607, 21209604]",900b514bac28ad9ca979be9ab5ff5ea4f35615fdf04a1d3a66c182172be221da,640,35,35,5,5,0,2112000,9f5f8f518fc2cdfa92beb2895aab701d94627e3a1fdf239f2ff31e5140ddd4a8,True,0
212,HistoryIdentitySame,1,76.77999877929688,10.732620399998268,"[59, 99, 54, 55, 14, 63, 7, 88, 91, 52]","[21300634, 21301631, 21302628, 21303625, 21304622, 21305619, 21306616, 21307613, 21308610, 21309607]",f9f3e224dea21321f49541870fc1a7b3228b561d5a0d418ec96c12577e94840b,640,56,55,8,2,0,2112000,e5ef709953b407fac28540f6d55b152849266eb599d286dc4bf802350bb09106,True,0
213,HistoryIdentitySame,1,73.30000305175781,9.275784299999941,"[44, 73, 39, 28, 18, 92, 52, 79, 54, 77]","[21400637, 21401634, 21402631, 21403628, 21404625, 21405622, 21406619, 21407616, 21408613, 21409610]",83b2516f183abd520652ff7c433d3cd983bc6e5ef3efc77f94315c8917dd0da9,640,49,49,7,3,0,2112000,595d5f33196ecb3326da274bda9c09737df4f64b9c2f5495bb7b3a5bb0c8cdfa,True,0
214,HistoryIdentitySame,1,74.47000122070312,10.0915383999818,"[59, 70, 54, 27, 89, 21, 42, 25, 60, 49]","[21500640, 21501637, 21502634, 21503631, 21504628, 21505625, 21506622, 21507619, 21508616, 21509613]",61ae0d374ee77fef814413019f2bf6a8dcc91317499ef5b73379d8ca000556da,640,35,34,5,5,0,2112000,470820685e5415c1ef04fb93c6d6f7cee369bbb2612f6c902a9a2e21226a1c66,True,0
215,HistoryIdentitySame,1,75.69999694824219,10.264286899997387,"[2, 56, 59, 80, 62, 19, 42, 33, 72, 35]","[21600643, 21601640, 21602637, 21603634, 21604631, 21605628, 21606625, 21607622, 21608619, 21609616]",84241fa28bbdec2a03e691cac7f4451d125e676a808d99876d849498d7db69b3,640,35,33,5,5,0,2112000,404ed841ea25948896baa3e9e172a8810592d2b10a0a4160bf2b43bd6c54bb4a,True,0
216,HistoryIdentitySame,1,71.38999938964844,10.617272800009232,"[53, 17, 11, 78, 66, 39, 94, 4, 47, 90]","[21700646, 21701643, 21702640, 21703637, 21704634, 21705631, 21706628, 21707625, 21708622, 21709619]",13cad2d7a33a2bd500b5da8aad7b3a03f7edb87fbc5b3a3bf8b7502c030e733c,640,35,34,5,5,0,2112000,895bd7173237600b9f09e53e96bcbd22d0c6853e424b85a048d3f76e098c4530,True,0
217,HistoryIdentitySame,1,66.98999786376953,8.542299900000216,"[48, 51, 34, 78, 92, 54, 96, 84, 88, 74]","[21800649, 21801646, 21802643, 21803640, 21804637, 21805634, 21806631, 21807628, 21808625, 21809622]",c08532dd07063854ef46e6ab16fea50c1180783a3098f5a79b371be02b75e13a,640,70,69,10,0,0,2112000,2eb5c4c50066535d2473330f4f9b2e08d60261b9920c4c88d0134c76f1a9b02d,True,0
218,HistoryIdentitySame,1,78.55000305175781,11.044344399997499,"[15, 25, 50, 89, 72, 20, 85, 47, 1, 3]","[21900652, 21901649, 21902646, 21903643, 21904640, 21905637, 21906634, 21907631, 21908628, 21909625]",124f29ccf48af2d4ac3e4f419a1c134b0e549e3ea6d19947faf4cb3377210e14,640,35,34,5,5,4,2112000,b3ad11b7a4a6ba242bc906eb1837be30e650b61ab746fc448948371940e3ef29,True,0
219,HistoryIdentitySame,1,71.98999786376953,10.743641399982153,"[91, 39, 11, 12, 93, 64, 30, 79, 29, 49]","[22000655, 22001652, 22002649, 22003646, 22004643, 22005640, 22006637, 22007634, 22008631, 22009628]",c0819d02f43bd068bbb623abd51a77a4e93b8efa641d71fa0e24bfdcd964382a,640,42,42,6,4,0,2112000,100527bd95179c35f9975699bd2ea302ad521479c42def5f9d267d8ec24b873b,True,0
220,HistoryIdentitySame,1,73.20999908447266,11.82980109998607,"[21, 88, 95, 65, 60, 8, 46, 31, 63, 72]","[22100658, 22101655, 22102652, 22103649, 22104646, 22105643, 22106640, 22107637, 22108634, 22109631]",a1897cefc1a99dc3bab67674682249fc6a9b0c0b864c4dc2413936cd062dafda,640,35,35,5,5,0,2112000,c413cb609617f589b0ac7e3148350dd6c83b7e1d8474a4aaf82e5a30eaae97c5,True,0
221,HistoryIdentitySame,1,71.31999969482422,10.636516300000949,"[96, 63, 58, 77, 95, 23, 61, 29, 91, 59]","[22200661, 22201658, 22202655, 22203652, 22204649, 22205646, 22206643, 22207640, 22208637, 22209634]",98b035a3e12f862950eced8040858ced9d4bf9b9fe7f83e41bde82a6bdee4c82,640,56,56,8,2,0,2112000,e7d4759fd24f4a255ee0e00b71dbe56f546292a4a1fd7bb335452462648a9212,True,0
222,HistoryIdentitySame,1,67.19999694824219,10.365284900006372,"[8, 69, 44, 89, 49, 36, 77, 19, 92, 72]","[22300664, 22301661, 22302658, 22303655, 22304652, 22305649, 22306646, 22307643, 22308640, 22309637]",ba65282c2de36fac880102843e87b0069a23184913d0ffbc5a65e43e96cb444f,640,56,55,8,2,0,2112000,704c1448c57d3a70b64f094dab0dc27bdac6f64905b2268d7cb06ab9e47e1b73,True,0
223,HistoryIdentitySame,1,72.98999786376953,9.317534700006945,"[47, 49, 1, 80, 27, 9, 83, 72, 76, 92]","[22400667, 22401664, 22402661, 22403658, 22404655, 22405652, 22406649, 22407646, 22408643, 22409640]",f0c73ea68b0b5ba088917dca09ef27444e41a5a3f01b3f4ce347f65cdd05eca0,640,49,49,7,3,0,2112000,d51049d29344cec57e2758c194eaed4a7e62dde27fe0ee45284c9595635b3fcb,True,0
224,HistoryIdentitySame,1,75.81999969482422,11.844704999995884,"[10, 57, 54, 1, 80, 76, 56, 39, 14, 20]","[22500670, 22501667, 22502664, 22503661, 22504658, 22505655, 22506652, 22507649, 22508646, 22509643]",32337d0152fce633041296476391e539a3c50de36d619b25985a64b61fb9f181,640,49,46,7,3,0,2112000,7b66d2fc559326990d127bba4c372ba76e391012f538e6afc4a66f43554218de,True,0
225,HistoryIdentitySame,1,75.62999725341797,11.748264600028051,"[6, 62, 31, 90, 3, 51, 24, 91, 23, 55]","[22600673, 22601670, 22602667, 22603664, 22604661, 22605658, 22606655, 22607652, 22608649, 22609646]",24b305fc61f904866535a2cabe4434470837ab0ba90f2f28fe6337c226966164,640,49,48,7,3,0,2112000,9e38456ac51db1cb55abed630506eacc67488f9b02a2871a7413e192ae3156a8,True,0
226,HistoryIdentitySame,1,63.68000030517578,11.520703500020318,"[98, 18, 78, 89, 27, 80, 33, 86, 88, 15]","[22700676, 22701673, 22702670, 22703667, 22704664, 22705661, 22706658, 22707655, 22708652, 22709649]",ad2cb0c1976e35b79c99cf4cfa05600fe223d4d9c80a3ffd2928623f46361dff,640,42,41,6,4,0,2112000,96c2fb64c737371dab8cabfb62546da0ed01045735d74008a05f9a8f6af5980b,True,0
227,HistoryIdentitySame,1,73.62000274658203,12.319605800003046,"[85, 12, 59, 60, 73, 80, 0, 10, 23, 13]","[22800679, 22801676, 22802673, 22803670, 22804667, 22805664, 22806661, 22807658, 22808655, 22809652]",0f16a2161edea220c4b623ccbf9b0d89b18c553f2ff0b3c063e5686accdca67d,640,49,48,7,3,0,2112000,d4060792192d47c7c691be2f2e17f1227803f539371ea96920819352d5d98c51,True,0
228,HistoryIdentitySame,1,66.62999725341797,11.330741899990244,"[35, 46, 54, 87, 84, 51, 27, 95, 21, 61]","[22900682, 22901679, 22902676, 22903673, 22904670, 22905667, 22906664, 22907661, 22908658, 22909655]",d84d0ad3837046b722613d22fd47a0b6d91dd484d893e83ffb9c72db530cdc80,640,49,48,7,3,0,2112000,4a04a407b535cfce0a82544a5fdb97c44c34d278a53aec4cfbd2b495b6e3aa19,True,0
229,HistoryIdentitySame,1,67.68000030517578,8.840379900007974,"[64, 6, 96, 98, 27, 71, 18, 3, 1, 95]","[23000685, 23001682, 23002679, 23003676, 23004673, 23005670, 23006667, 23007664, 23008661, 23009658]",565b61de6e6c8e16e1180fafdb4e55ac971ef2bf2a1fcf9490a7eb43f3844577,640,63,63,9,1,0,2112000,c0dcf37f7f657ddf057526ee0c691fc5e78b2eef3e9e595d0a48afdcdffa8a41,True,0
230,HistoryIdentitySame,1,77.0999984741211,9.955079400009708,"[88, 90, 96, 35, 69, 11, 60, 48, 23, 42]","[23100688, 23101685, 23102682, 23103679, 23104676, 23105673, 23106670, 23107667, 23108664, 23109661]",4229551b52cedb5b94d71ecb3c6da6b7045dd88a90f734878295445aeb3fa5d9,640,49,46,7,3,0,2112000,9f93cd69384ee0fe80733a2895823278da5e222e5cb36a3ad3980c75bb9bcb14,True,0
231,HistoryIdentitySame,1,73.63999938964844,9.313576499989722,"[98, 88, 43, 57, 48, 99, 63, 53, 94, 55]","[23200691, 23201688, 23202685, 23203682, 23204679, 23205676, 23206673, 23207670, 23208667, 23209664]",8d66b2594e90d38ca95bdc210b0832bc7cb565e10dd07f70d75cf46ae96377da,640,42,41,6,4,0,2112000,1b3b140f4626114f4f39e847f444f01997e5c8908eebcab49c21f1f446095623,True,0
232,HistoryIdentitySame,1,76.95999908447266,9.850452200014843,"[96, 75, 74, 76, 39, 80, 34, 12, 60, 20]","[23300694, 23301691, 23302688, 23303685, 23304682, 23305679, 23306676, 23307673, 23308670, 23309667]",1f447b5087e4e3d471c0b203436cd46743c0514a9c6714a88f9dc54df0cc253c,620,49,49,7,3,0,2112000,d452c9860cdf1738a4be8fa473e82a8f8ac979a7ef0027291d99d5c5dca2dafe,True,0
233,HistoryIdentitySame,1,72.37000274658203,9.02966309999465,"[20, 47, 38, 59, 64, 82, 60, 45, 63, 85]","[23400697, 23401694, 23402691, 23403688, 23404685, 23405682, 23406679, 23407676, 23408673, 23409670]",5332a3bc81b1e292efef30ed5a3b31a82dbdbb65420f60635e9e43ccb645e35b,620,49,49,7,3,0,2112000,c43e218c6c73769281f815d164bcf575fbd4c95ddc654f219f551bf05a2eb1a6,True,0
234,HistoryIdentitySame,1,59.56999969482422,9.351665400026832,"[32, 6, 51, 4, 8, 22, 72, 86, 55, 12]","[23500700, 23501697, 23502694, 23503691, 23504688, 23505685, 23506682, 23507679, 23508676, 23509673]",9634416af26ab850df7129873443b6076f562cd3fff78b4e1e46af97a00b6f2a,620,35,34,5,5,0,2112000,fc764480e0de53e0adb4e5dbc6d921b58043a53cdc5eb663b055d625a3c620d3,True,0
235,HistoryIdentitySame,1,62.150001525878906,9.320738400012488,"[45, 71, 84, 65, 61, 83, 87, 53, 77, 51]","[23600703, 23601700, 23602697, 23603694, 23604691, 23605688, 23606685, 23607682, 23608679, 23609676]",86c7cb830c372abb466d5b5c2b2cd24c5dadf05787e08bef307ca503f8597527,620,49,48,7,3,0,2112000,9ee44e8fc39da0779c7eb550ab2296d3cc2dac89397e972518e8c5e60d2467d1,True,0
236,HistoryIdentitySame,1,77.0199966430664,9.359613599983277,"[13, 71, 56, 63, 49, 44, 85, 76, 50, 93]","[23700706, 23701703, 23702700, 23703697, 23704694, 23705691, 23706688, 23707685, 23708682, 23709679]",2cca7785995d377a41118fe7b3dc5b95b70f2e7b86a09be82683847d4cfa5eae,620,35,34,5,5,0,2112000,072ede292113cdd630bc93cdd299733145a72a5146884ac786d0c5b6b65eae14,True,0
237,HistoryIdentitySame,1,69.70999908447266,9.228513100009877,"[45, 52, 95, 68, 64, 15, 29, 54, 43, 93]","[23800709, 23801706, 23802703, 23803700, 23804697, 23805694, 23806691, 23807688, 23808685, 23809682]",107d12ec7bab2e6d7da9c6c8876615248bc39f21010fb579e02bee894d31ce1a,620,42,42,6,4,0,2112000,0db87173c6ea00b1903ce71d52221b3d34899fba32ddc48613e54b4315419fbc,True,0
238,HistoryIdentitySame,1,69.08999633789062,10.259189499978675,"[58, 70, 25, 56, 87, 27, 94, 1, 74, 44]","[23900712, 23901709, 23902706, 23903703, 23904700, 23905697, 23906694, 23907691, 23908688, 23909685]",544c52bc04a4054d51435e6fe29cdc3502fc782f314d6930540ac786233d64e7,620,49,48,7,3,0,2112000,09aa8887ba1a06c704690cd3160444d6ea9e3ba9d2962b6bbc747672128a3598,True,0
239,HistoryIdentitySame,1,75.75,13.025313000020105,"[2, 7, 31, 45, 81, 62, 23, 97, 18, 27]","[24000715, 24001712, 24002709, 24003706, 24004703, 24005700, 24006697, 24007694, 24008691, 24009688]",6b335d79a1bd0d72d4f51dcac4aec6d272a5fe5a8b04c668be7801efe7935e05,620,28,27,4,6,0,2112000,165f1e79e54c4e82e4dc3132339ba6ee512955c3673afee753dd73dca7b7a9ed,True,0
240,HistoryIdentitySame,1,65.54000091552734,10.808276100025978,"[25, 13, 40, 64, 52, 44, 22, 48, 3, 46]","[24100718, 24101715, 24102712, 24103709, 24104706, 24105703, 24106700, 24107697, 24108694, 24109691]",7a1caeb421646ddae59821838ad152b3f2c726f2a43ea8030b19761bb36fe7eb,620,49,49,7,3,0,2112000,97e6a980f66ce52219bd4a7eb99f7a3462ee31a723faad64adf5ed2b68d89a99,True,0
241,HistoryIdentitySame,1,74.43000030517578,8.31319019998773,"[84, 9, 72, 56, 13, 98, 21, 79, 71, 32]","[24200721, 24201718, 24202715, 24203712, 24204709, 24205706, 24206703, 24207700, 24208697, 24209694]",ea8d16d530390a07c78c62f672649f36858ddba4f48046e53b45645e88dfbd0e,620,49,48,7,3,0,2112000,6358542d20091787d7fc4d8e6420e9dee0d14aec5c14bede12c32123437eb07a,True,0
242,HistoryIdentitySame,1,74.0,11.849701900006039,"[32, 2, 36, 91, 58, 81, 87, 68, 25, 5]","[24300724, 24301721, 24302718, 24303715, 24304712, 24305709, 24306706, 24307703, 24308700, 24309697]",440b77e38625b7be93af6a1c23cdb0c7abb50910bacdc6365f79942dcf95ac3f,620,49,48,7,3,0,2112000,0eb54c1eee1b0c2b3f35490a148eb0a80a077c7834b8771fd63132fea655b200,True,0
243,HistoryIdentitySame,1,73.83000183105469,10.449721699988004,"[25, 41, 74, 21, 97, 69, 4, 17, 3, 88]","[24400727, 24401724, 24402721, 24403718, 24404715, 24405712, 24406709, 24407706, 24408703, 24409700]",345c1ca087a67bc82668f94f450e115e6bb6fd6425028958cc638eed21bc57fd,620,42,41,6,4,0,2112000,7e71b8b5c21bc49f985035d39b941cf4583cdbd486ee2006daf0d3077368f8a7,True,0
244,HistoryIdentitySame,1,72.80000305175781,10.955057800019858,"[80, 19, 97, 75, 60, 93, 78, 40, 32, 87]","[24500730, 24501727, 24502724, 24503721, 24504718, 24505715, 24506712, 24507709, 24508706, 24509703]",9cb2e253916ca0b81d975be1a35b24889231566a2a78326581803c148a28ad54,620,35,34,5,5,0,2112000,06ce30de0263df07eac3da3a0bd0eadc4cdc10f064377d531cb92987493f45a4,True,0
245,HistoryIdentitySame,1,75.72000122070312,9.157753099978436,"[70, 59, 68, 16, 36, 72, 71, 45, 91, 56]","[24600733, 24601730, 24602727, 24603724, 24604721, 24605718, 24606715, 24607712, 24608709, 24609706]",130fee0fa605d9071b8f0a32e36677fdee5b243d62dde9178da03e38f8687bbd,620,56,55,8,2,0,2112000,e8dddfbf236f40b75beb4208d692377a6c2011aa636a117d84717e0e2d79746a,True,0
246,HistoryIdentitySame,1,75.3499984741211,7.6733486999874,"[83, 81, 9, 39, 2, 67, 66, 98, 80, 51]","[24700736, 24701733, 24702730, 24703727, 24704724, 24705721, 24706718, 24707715, 24708712, 24709709]",117dc0d8269ad4f2aa71eaa49942d312215f2dde76eeba4872a88cf83ee8d317,620,35,35,5,5,0,2112000,6ebc2bf9f8488f07cbe29d05c5d54b5dffa088cdbcb71a1a79407c298afc818f,True,0
247,HistoryIdentitySame,1,55.189998626708984,7.416498000005959,"[43, 64, 42, 4, 78, 0, 39, 57, 37, 98]","[24800739, 24801736, 24802733, 24803730, 24804727, 24805724, 24806721, 24807718, 24808715, 24809712]",378a1ffd942f032d109287bbbda9a1edd9a059224b8669bb30414121da5912e9,620,42,42,6,4,0,2112000,41a7d7dd3254cded18539fffdacd4d6747c7b8b26d3a9dfe8f0b31b2625ae088,True,0
248,HistoryIdentitySame,1,73.58999633789062,13.441352499998175,"[11, 6, 16, 48, 14, 19, 68, 82, 94, 39]","[24900742, 24901739, 24902736, 24903733, 24904730, 24905727, 24906724, 24907721, 24908718, 24909715]",bfd9d4a490a369a8ea57a51d5e327635e312f4e1320337c560ac0021bdf4cc23,620,42,41,6,4,0,2112000,adb57b7d474d34f9b472e5e408a0ec81032ebf5b4d5e8372dda162a98dda084d,True,0
249,HistoryIdentitySame,1,69.08999633789062,10.340593699977035,"[0, 7, 93, 77, 78, 38, 46, 99, 42, 54]","[25000745, 25001742, 25002739, 25003736, 25004733, 25005730, 25006727, 25007724, 25008721, 25009718]",d74a07dd5c6a1baa989fda29d219f367a5e00fad4c7aff6fed9db65a15a43b2a,620,42,41,6,4,0,2112000,5a71c7bedb504ec8be688f7fbce7e014407cc6b865570d44eb5908a87e18eb1d,True,0
250,HistoryIdentitySame,1,73.36000061035156,12.32914400001755,"[36, 70, 71, 57, 63, 73, 69, 17, 48, 47]","[25100748, 25101745, 25102742, 25103739, 25104736, 25105733, 25106730, 25107727, 25108724, 25109721]",93733b4485688d86dda03472899b8f4dfc51a6491baba791c11254fa057eda51,620,49,47,7,3,0,2112000,9a884ca4027dfa60308a571ae12f0323dae72901e82525316999444afd6ae894,True,0
251,HistoryIdentitySame,1,77.33999633789062,7.713139699975727,"[10, 42, 60, 43, 85, 48, 1, 91, 22, 26]","[25200751, 25201748, 25202745, 25203742, 25204739, 25205736, 25206733, 25207730, 25208727, 25209724]",4e4d1d6a394297abdecd1e886f0c4f10fe44c216bf8f3d7bd78c34dcf635c435,620,35,34,5,5,0,2112000,ac321447e1fb22d3bf32ed03a0648ad78b10a71ac94145fce220eb2cfb5cd9b0,True,0
252,HistoryIdentitySame,1,73.02999877929688,11.102391600026749,"[46, 3, 23, 96, 47, 32, 52, 50, 82, 28]","[25300754, 25301751, 25302748, 25303745, 25304742, 25305739, 25306736, 25307733, 25308730, 25309727]",62133c99c2e5fc25c30e91331b3e50588798db4f9f7e6a52e57435b1ec28ac4f,620,35,34,5,5,0,2112000,2dcfb49a57771811a40b16883ad26227d792548525ec62d994212425af9289a3,True,0
253,HistoryIdentitySame,1,72.19999694824219,9.256417199998396,"[2, 55, 26, 94, 14, 72, 5, 50, 91, 42]","[25400757, 25401754, 25402751, 25403748, 25404745, 25405742, 25406739, 25407736, 25408733, 25409730]",da0fcef2b3505112010acfc24991e19ab6f54c1cb94a6cf2d818575d3a3f4c2e,620,56,56,8,2,0,2112000,ca5ab4b63b7e2a505e95aded2b633150f0fb8601ec53d1f4986d5bd0b793aab9,True,0
254,HistoryIdentitySame,1,69.41000366210938,9.437049600004684,"[75, 69, 0, 7, 53, 77, 67, 64, 62, 73]","[25500760, 25501757, 25502754, 25503751, 25504748, 25505745, 25506742, 25507739, 25508736, 25509733]",c9894be59965c265392be6474d9e64f6e98e7a40c7dccb1738a9163925f63806,620,56,54,8,2,0,2112000,59f926d6aca2b30474eed5b48b6ef4483c3f77869c2c3364b4d23ca13a6d552f,True,0
255,HistoryIdentitySame,1,77.55999755859375,11.044949799979804,"[14, 27, 66, 5, 15, 75, 91, 28, 63, 62]","[25600763, 25601760, 25602757, 25603754, 25604751, 25605748, 25606745, 25607742, 25608739, 25609736]",2d46fa3feddf07881bde82d87c373f6a896fea670067ad203995c8a35974c8ff,620,56,53,8,2,0,2112000,319a038e0b54b0f189575db46f224a00586caf8b6651e28bae9f9c19dbc12c72,True,0
256,HistoryIdentitySame,1,71.5999984741211,11.412537900003372,"[74, 39, 76, 51, 46, 12, 95, 17, 68, 93]","[25700766, 25701763, 25702760, 25703757, 25704754, 25705751, 25706748, 25707745, 25708742, 25709739]",bc082c6a756c8ae99b3ed68444c42822c0d792d3e38f20a1de7a3c34b303cb87,620,42,41,6,4,0,2112000,7e6f4746b3d002e2c24369c4e20a120faf83152d9fe7d172523b46c9b3aa04a7,True,0
257,HistoryIdentitySame,1,76.3499984741211,12.145870199979981,"[46, 28, 88, 96, 20, 23, 19, 15, 91, 11]","[25800769, 25801766, 25802763, 25803760, 25804757, 25805754, 25806751, 25807748, 25808745, 25809742]",f09f562268ccfca269d021a22c7268a8db039fc685442e9d23f62e3142fd3b89,620,56,56,8,2,0,2112000,19102bec4bd0ba7e232664dc8721dd5eaca72560cdc42a384e425c4e60a1f314,True,0
258,HistoryIdentitySame,1,74.01000213623047,11.16182549999212,"[18, 46, 87, 61, 79, 50, 69, 97, 72, 37]","[25900772, 25901769, 25902766, 25903763, 25904760, 25905757, 25906754, 25907751, 25908748, 25909745]",0df97621a19abb58aec69dfdfbcdd117273200b21235a6b00d81cc26721336c9,620,28,28,4,6,0,2112000,fb273cd7d28284266d3bd15f62053e9f4f49ab16545c84242a00c79d2d5c12b2,True,0
259,HistoryIdentitySame,1,75.51000213623047,12.02078740001889,"[34, 57, 53, 30, 72, 9, 37, 19, 5, 14]","[26000775, 26001772, 26002769, 26003766, 26004763, 26005760, 26006757, 26007754, 26008751, 26009748]",c26cb8a9bc2b388b3a9bdc1f12d249781c605e03943f168dd14eb0c9c6d68723,620,49,49,7,3,0,2112000,b012c1b42ee5fce503ed25dee1dc32e0f19c432b3194ca5f3bff6adafdb40e20,True,0
260,HistoryIdentitySame,1,74.69999694824219,9.79871329999878,"[4, 67, 61, 35, 96, 86, 63, 9, 8, 36]","[26100778, 26101775, 26102772, 26103769, 26104766, 26105763, 26106760, 26107757, 26108754, 26109751]",175ec50701a78de3efb7937d4bb4a754f98a3ce75598b4cd6a709573a1b9db18,620,42,42,6,4,0,2112000,d060be9c0191f5ceaf32e468f17a5568da1af80940b43bd7e7301fad70b56b43,True,0
261,HistoryIdentitySame,1,75.61000061035156,11.678939899982652,"[89, 41, 20, 92, 67, 44, 61, 77, 3, 9]","[26200781, 26201778, 26202775, 26203772, 26204769, 26205766, 26206763, 26207760, 26208757, 26209754]",74fec3cb07edad649201d0ad19c2425b34eaa449c5a8badaa6b32f203e7c4fc8,620,42,39,6,4,0,2112000,74de783d6032e80c66c3be35f98af3e285b9264d2936d0941df514e4a072aa40,True,0
262,HistoryIdentitySame,1,77.30999755859375,10.890132700005779,"[87, 20, 97, 50, 35, 68, 33, 98, 53, 96]","[26300784, 26301781, 26302778, 26303775, 26304772, 26305769, 26306766, 26307763, 26308760, 26309757]",84c740028385e126174aa74bcc8a75ccda46a366defaeb8d5ce0c5b84936581e,620,56,56,8,2,0,2112000,6073207c719b727f913ade7cdb18f2c96329ec64c4e509181afcda7c228462e6,True,0
263,HistoryIdentitySame,1,69.11000061035156,12.386937500006752,"[89, 57, 26, 69, 23, 54, 68, 92, 4, 82]","[26400787, 26401784, 26402781, 26403778, 26404775, 26405772, 26406769, 26407766, 26408763, 26409760]",4c6a31f4941e7c4a55f92fb4d96e7feea495782bb39113410dc01df76f4e52b3,620,56,55,8,2,0,2112000,89b0338aec5dc33790a73bc8bee28429c4a5fec08dcf37ab7d0f2d7368739825,True,0
264,HistoryIdentitySame,1,70.26000213623047,11.475634800008265,"[45, 31, 11, 28, 39, 71, 7, 91, 4, 93]","[26500790, 26501787, 26502784, 26503781, 26504778, 26505775, 26506772, 26507769, 26508766, 26509763]",eb1a166698dcda9f8f603a2090d63f80bed438fbc0a9251f3659937b4a8f762d,620,49,46,7,3,0,2112000,c69de84ed0322a941c38591b9ef12c9c4e777bf70efe0a6b61f5719db286cdab,True,0
265,HistoryIdentitySame,1,69.5,13.081666799989762,"[2, 85, 50, 23, 46, 82, 83, 20, 49, 6]","[26600793, 26601790, 26602787, 26603784, 26604781, 26605778, 26606775, 26607772, 26608769, 26609766]",52c7cf2adc3cf5054249e01e110a91791ae4ca55cb17eae9e5ffc9527dc8533e,620,35,35,5,5,0,2112000,9965402ed5bce7a7d086639b2b2b858eaa8dffbe93678b8c0152f82c36b9e1e3,True,0
266,HistoryIdentitySame,1,75.19000244140625,12.550271899992367,"[3, 42, 84, 62, 69, 25, 23, 76, 52, 75]","[26700796, 26701793, 26702790, 26703787, 26704784, 26705781, 26706778, 26707775, 26708772, 26709769]",b96c6fb355c165aa0c5360473bd17a8796a3aaa2f605248e8852aaad89006c99,620,28,28,4,6,0,2112000,8d9618d06a830ec9a4e55a98e1f12d17e3e9ffc576bfae4a5ab91496ae41e730,True,0
267,HistoryIdentitySame,1,70.91000366210938,8.724098899983801,"[4, 95, 1, 21, 83, 23, 48, 78, 42, 31]","[26800799, 26801796, 26802793, 26803790, 26804787, 26805784, 26806781, 26807778, 26808775, 26809772]",d03bd7d59c30f589638d8836eb083f19e1214261d69223526787947cdd81cb26,620,35,34,5,5,0,2112000,7cb89e58e42853408aef83c35e3cbc38e119f34f6ffe0070b9f5b41c152a7213,True,0
268,HistoryIdentitySame,1,56.5099983215332,7.92670559999533,"[38, 6, 37, 55, 34, 97, 98, 74, 56, 45]","[26900802, 26901799, 26902796, 26903793, 26904790, 26905787, 26906784, 26907781, 26908778, 26909775]",66d4f75aec458c3a62e4e9fd266f80ed70fc25fe947b8a34aca2fd64a7c1ffaa,620,42,42,6,4,0,2112000,25673478a52729a4a8f28b121220bd6defa152addd011cfd74cbca064e3ece8f,True,0
269,HistoryIdentitySame,1,73.01000213623047,8.497160700004315,"[54, 93, 74, 85, 16, 98, 50, 59, 70, 3]","[27000805, 27001802, 27002799, 27003796, 27004793, 27005790, 27006787, 27007784, 27008781, 27009778]",3dee7a4e95506071b0f53601bc7db9e78033c6634dce386aef4c0db1fbb7aba2,620,49,48,7,3,0,2112000,32b36660c813deea7e8285e70ac68e929f568f4ff9abd1ff93c0cee83f1e9ed8,True,0
270,HistoryIdentitySame,1,67.16999816894531,9.014787899999646,"[39, 20, 43, 1, 78, 0, 60, 31, 15, 6]","[27100808, 27101805, 27102802, 27103799, 27104796, 27105793, 27106790, 27107787, 27108784, 27109781]",991a71f2ec2c2621acd2a0c2fcf8e83924811d36fbe7c3e902aa37c0c4787b34,620,42,41,6,4,0,2112000,89f03da55ee0b5b2e58ce6c640f0b12e8b225833be73b82d78092ff6ff6629b2,True,0
271,HistoryIdentitySame,1,63.84000015258789,8.141313400003128,"[42, 76, 2, 31, 19, 17, 83, 92, 44, 35]","[27200811, 27201808, 27202805, 27203802, 27204799, 27205796, 27206793, 27207790, 27208787, 27209784]",248b0ef61d4acdb627b9d62986e5b61aa58f62a0a8988e3bdc547677070b430b,620,56,56,8,2,0,2112000,00c93ccef0776781017c604fdefdee2c4d6cff035bd6e439424c339d9931fc18,True,0
272,HistoryIdentitySame,1,68.2300033569336,8.420344600017415,"[56, 91, 92, 28, 38, 82, 32, 98, 63, 85]","[27300814, 27301811, 27302808, 27303805, 27304802, 27305799, 27306796, 27307793, 27308790, 27309787]",8f900388f27e5e8d1563ce80291371a9a66c96fe6bcc42d0ab9ab436c3cbd175,620,56,56,8,2,0,2112000,8d9a09050ad36a8b9b65cf297856a1999b02254654f556f70b3ea03660d16194,True,0
273,HistoryIdentitySame,1,67.12999725341797,10.195114200003445,"[5, 84, 60, 47, 3, 13, 65, 92, 19, 74]","[27400817, 27401814, 27402811, 27403808, 27404805, 27405802, 27406799, 27407796, 27408793, 27409790]",23094a8390913db9c6f40dcb9b1caf26e8878ff8f97c886544be9d82c4a2f1aa,620,42,42,6,4,0,2112000,0509f17ba3e352d914de784761efd4e79a48997578fce006bf7aa4be3488118d,True,0
274,HistoryIdentitySame,1,53.41999816894531,9.81547520001186,"[59, 45, 39, 67, 6, 78, 84, 80, 22, 57]","[27500820, 27501817, 27502814, 27503811, 27504808, 27505805, 27506802, 27507799, 27508796, 27509793]",6e59b69243e6e6030601cdcedf261162479526f37a94ae36d35b67112148f78f,620,42,41,6,4,0,2112000,3bd7ec568bda8b79ff5868aeaf280c3a6433970e9f8d5a68dd56e06871404d99,True,0
275,HistoryIdentitySame,1,75.52999877929688,7.662170600000536,"[64, 42, 43, 38, 94, 36, 68, 8, 11, 89]","[27600823, 27601820, 27602817, 27603814, 27604811, 27605808, 27606805, 27607802, 27608799, 27609796]",b57ae419d936bd70f9769ca5d34ef1e8b06caf3a262247b1ffdbc7d1b787528c,620,21,21,3,7,0,2112000,0d667fb5b1bd5f0f743f3c9a0f29f4239b6104bea175fd459b16d9db11306556,True,0
276,HistoryIdentitySame,1,70.4000015258789,10.826318599982187,"[23, 69, 89, 9, 42, 74, 62, 68, 57, 93]","[27700826, 27701823, 27702820, 27703817, 27704814, 27705811, 27706808, 27707805, 27708802, 27709799]",7d21149294b499c47b7c50758031093d0c9c7c7230f5665e5efae57f9068c347,620,63,61,9,1,0,2112000,739cb0e3f203a9ea33282eb85aac151c6e207b2ca119791752ee29eef34f0612,True,0
277,HistoryIdentitySame,1,77.18000030517578,11.03544890001649,"[85, 66, 93, 44, 48, 13, 3, 21, 23, 39]","[27800829, 27801826, 27802823, 27803820, 27804817, 27805814, 27806811, 27807808, 27808805, 27809802]",53bbd30b28ee4b6da100ecec47cdcaa758b814a7601fd6d7140a0546d421ff1d,620,63,60,9,1,0,2112000,0ad6071244284446d0423e74a834ec484a95aaef49da7bc61b599ca8d979e68b,True,0
278,HistoryIdentitySame,1,70.68000030517578,11.358139999996638,"[28, 94, 18, 68, 65, 53, 66, 75, 12, 92]","[27900832, 27901829, 27902826, 27903823, 27904820, 27905817, 27906814, 27907811, 27908808, 27909805]",649209b054d2a3d286ef79e25944158520f09056ce5895b98657e4e9f1f12677,620,42,41,6,4,0,2112000,983442be94c8c54128994aa99641cb7fd5d21eebb8dab9d59fd41f59f39bf14d,True,0
279,HistoryIdentitySame,1,76.66999816894531,8.538498600013554,"[90, 75, 39, 64, 49, 44, 66, 50, 60, 98]","[28000835, 28001832, 28002829, 28003826, 28004823, 28005820, 28006817, 28007814, 28008811, 28009808]",e4201bf90931e6b9b8b9b9954137d5bf863bbe51ecbfef394d66a91a931e0c03,620,56,53,8,2,0,2112000,677772a44480de671af8c186f3772d9a6ccdd86a2f37d578cd9f2b47a94d0054,True,0
280,HistoryIdentitySame,1,75.11000061035156,10.195649499975843,"[61, 27, 77, 23, 66, 33, 26, 42, 37, 78]","[28100838, 28101835, 28102832, 28103829, 28104826, 28105823, 28106820, 28107817, 28108814, 28109811]",73a6d387d57939330997b0ee72fc51ff93a8ce491d770ceba6e9b64172d40ca7,620,28,28,4,6,0,2112000,bbc60d1618f1e5a41e27b0dae108974e4838c44b08964ba1df5b9f76fc1c9671,True,0
281,HistoryIdentitySame,1,60.630001068115234,8.904362500004936,"[0, 56, 5, 30, 76, 95, 53, 73, 63, 88]","[28200841, 28201838, 28202835, 28203832, 28204829, 28205826, 28206823, 28207820, 28208817, 28209814]",b86940214a5c2d0bb231a21433e9bcd2c2653add54ae8a0c42366247a3dae94d,620,35,35,5,5,0,2112000,66baff9b913287f25616b385857b6c6caf3a5a5067834e4366d41d9a9f0c85ed,True,0
282,HistoryIdentitySame,1,63.25,11.049213899997994,"[84, 89, 68, 64, 78, 62, 28, 30, 49, 41]","[28300844, 28301841, 28302838, 28303835, 28304832, 28305829, 28306826, 28307823, 28308820, 28309817]",0acbe7f6e69b87570cb7b9007028ff3c2072f7417ad874c3a21410371c1e27ce,620,63,62,9,1,0,2112000,128db84deaaadad70fd1d86fd05972b5b45958b0b462f3290284bbfa3144cb44,True,0
283,HistoryIdentitySame,1,72.81999969482422,9.125603899999987,"[67, 45, 94, 35, 39, 72, 5, 22, 7, 62]","[28400847, 28401844, 28402841, 28403838, 28404835, 28405832, 28406829, 28407826, 28408823, 28409820]",56681bd9d02d0b527a43acd3f84c7f706832084ac8d168d2a29c338504dba222,620,49,49,7,3,0,2112000,dae8d28007d43638af3b74b0eacfb682e7e7f6ae8207149d4d0529b550089c77,True,0
284,HistoryIdentitySame,1,77.62000274658203,8.434917000005953,"[90, 91, 9, 58, 98, 5, 97, 92, 55, 12]","[28500850, 28501847, 28502844, 28503841, 28504838, 28505835, 28506832, 28507829, 28508826, 28509823]",0a255e9416187498f1166cac0b913d8b7f4108011c45880cb9eff105aecf1987,620,42,41,6,4,0,2112000,91cdb1490cbb0e79454716f2ffb9af2b072f36b28651d79961aa3dd1c0b4dca0,True,0
285,HistoryIdentitySame,1,76.11000061035156,8.403715399996145,"[84, 9, 22, 95, 91, 55, 21, 15, 13, 1]","[28600853, 28601850, 28602847, 28603844, 28604841, 28605838, 28606835, 28607832, 28608829, 28609826]",7041629dcd3b827a31914fcd2522cfd764e9cf3c879477bd5f1f52682b8da3ab,620,56,55,8,2,0,2112000,f284b841c04456a268040584b67cf75861273db5f8074e990d76781f2d31044d,True,0
286,HistoryIdentitySame,1,66.93000030517578,9.79002699998091,"[1, 53, 10, 7, 6, 90, 21, 92, 78, 46]","[28700856, 28701853, 28702850, 28703847, 28704844, 28705841, 28706838, 28707835, 28708832, 28709829]",ed0d48be138759212ba0decc0d22b7d6b98427b31bbe379efae8b76df8930b2d,620,49,48,7,3,0,2112000,5bbfb76ea6d78b7bc83b7cf28d13b72b7bb76685f91968d6f00ef58e60da7e27,True,0
287,HistoryIdentitySame,1,73.97000122070312,10.545167500007665,"[85, 92, 66, 58, 24, 86, 82, 2, 7, 64]","[28800859, 28801856, 28802853, 28803850, 28804847, 28805844, 28806841, 28807838, 28808835, 28809832]",7243c26ff8c31d4393a9e6fcbe54cf6ac1caeab857ad68530bcab58562829497,620,42,41,6,4,0,2112000,d47cebaadc6ce890c76f503b84de1a208d96384f9181601b41e9141925c67733,True,0
288,HistoryIdentitySame,1,71.2699966430664,11.013080999982776,"[40, 50, 36, 99, 33, 79, 62, 74, 16, 22]","[28900862, 28901859, 28902856, 28903853, 28904850, 28905847, 28906844, 28907841, 28908838, 28909835]",e0e9c507c23e361c11604cde51f365112b5c99e723b2cd117079c698fc4b6b91,620,28,28,4,6,0,2112000,e027eb3d67b9f37a0b4c35a16c2239340a32c73ee565be6ff77b2def57278de4,True,0
289,HistoryIdentitySame,1,74.05000305175781,10.049807300005341,"[25, 33, 10, 14, 87, 8, 51, 83, 69, 57]","[29000865, 29001862, 29002859, 29003856, 29004853, 29005850, 29006847, 29007844, 29008841, 29009838]",0bf0bb5fa94ba90a088ae5d0a6537c4371e7f215e666b9f596c255d1de2e9024,620,14,14,2,8,0,2112000,822f74acd9380361b66fafecd0898edc2f874a0ab20c2df58151b28c3646e857,True,0
290,HistoryIdentitySame,1,78.01000213623047,10.164501699997345,"[35, 15, 38, 19, 52, 46, 71, 9, 47, 75]","[29100868, 29101865, 29102862, 29103859, 29104856, 29105853, 29106850, 29107847, 29108844, 29109841]",8fad3adf3027bfb8e0fa6a4ccb6d19f06b03ca5e16041035c552639c8ebf60cd,620,28,27,4,6,0,2112000,e55c998bff694183d448123563822f90f84f81318bb5816d45a6a5f597c764b3,True,0
291,HistoryIdentitySame,1,76.2699966430664,9.06272159999935,"[86, 92, 14, 8, 45, 38, 60, 63, 82, 46]","[29200871, 29201868, 29202865, 29203862, 29204859, 29205856, 29206853, 29207850, 29208847, 29209844]",af1c602957a2332874c0c7b82c122b617bc8a5b4811bad301662e17bc9453baf,620,63,61,9,1,0,2112000,9ebf29cd75cce9b6a1bfc82960a1aafcc25bae0b41fafed54333ae0125acbd12,True,0
292,HistoryIdentitySame,1,70.23999786376953,10.244007899978897,"[73, 57, 67, 14, 40, 24, 63, 35, 72, 69]","[29300874, 29301871, 29302868, 29303865, 29304862, 29305859, 29306856, 29307853, 29308850, 29309847]",d669b7c485dc4049fb33b45a41e6995e25fa67899d6380050c152a4deb9cb800,620,63,61,9,1,0,2112000,c6b28812ae355e8412e0d5af14df7132e59b7d1adcc0010404cccfa3e612e512,True,0
293,HistoryIdentitySame,1,73.41000366210938,8.432591700024204,"[77, 55, 61, 34, 18, 35, 0, 97, 98, 26]","[29400877, 29401874, 29402871, 29403868, 29404865, 29405862, 29406859, 29407856, 29408853, 29409850]",ca1270f09ac6b95bf3f772b7956d3149ecbe119cdb2bdfc31395add59241101e,620,28,28,4,6,0,2112000,c6e0c60e376fd6f95d85a958b20149834dbecfc11b5876896574301fa9d8e52d,True,0
294,HistoryIdentitySame,1,73.47000122070312,7.885873199993512,"[90, 30, 53, 77, 76, 85, 8, 35, 81, 69]","[29500880, 29501877, 29502874, 29503871, 29504868, 29505865, 29506862, 29507859, 29508856, 29509853]",f8e2438675e30866537f4fb5328d8eab453556cf2993337c47bf2a5bd2e2acc9,620,49,49,7,3,0,2112000,d6ab42bdf46e4a9998655f64b70cc6b8f9c1a47afa09bd743a4e44a6007570e9,True,0
295,HistoryIdentitySame,1,51.349998474121094,10.610288399999263,"[52, 30, 46, 49, 35, 90, 6, 40, 20, 97]","[29600883, 29601880, 29602877, 29603874, 29604871, 29605868, 29606865, 29607862, 29608859, 29609856]",2b3b7bccd27c464fda1fc7d2ea8b6f10caf3fc06ba6b15229eddf535cc18e0a2,620,56,55,8,2,0,2112000,0cf2e64bc7cb601cff2e6c5c74a7d0fac2d149b32e279c8edafc66dce87e79e1,True,0
296,HistoryIdentitySame,1,71.55999755859375,9.394985999999335,"[42, 21, 97, 18, 44, 48, 98, 45, 7, 95]","[29700886, 29701883, 29702880, 29703877, 29704874, 29705871, 29706868, 29707865, 29708862, 29709859]",08c4de4cee73bacec85e52c6c724ee4b84725bb339443ddc933dc8d7662819d9,620,42,41,6,4,0,2112000,874b63ee66f58a24e2e9b101136ba100c5e4c67b1bc3bc43ad8d2592d0ae9866,True,0
297,HistoryIdentitySame,1,74.63999938964844,9.32357179999235,"[67, 72, 49, 58, 2, 66, 55, 98, 25, 53]","[29800889, 29801886, 29802883, 29803880, 29804877, 29805874, 29806871, 29807868, 29808865, 29809862]",26f58415dfc60fa80f69aa2dd0d08d428d6aa90c69f45c743de347009c346722,620,70,69,10,0,0,2112000,04ccf0ac0fde93a6529882d8e7448ece8b928a02c7c2412477b456133beaae2e,True,0
298,HistoryIdentitySame,1,65.19999694824219,10.864357800019206,"[16, 2, 36, 77, 86, 40, 87, 33, 95, 75]","[29900892, 29901889, 29902886, 29903883, 29904880, 29905877, 29906874, 29907871, 29908868, 29909865]",7e0deab78427009b0439595fe04ff582340990341afb20de362b8209bd5d1ff2,620,70,70,10,0,0,2112000,9c4954b5b060ea1444d2f715be94bc7f3569350e484ce8bf3790dfbbc5ee54d5,True,0
299,HistoryIdentitySame,1,72.66000366210938,9.939647000021068,"[1, 66, 81, 52, 47, 99, 38, 56, 65, 4]","[30000895, 30001892, 30002889, 30003886, 30004883, 30005880, 30006877, 30007874, 30008871, 30009868]",96afa3bc9756f7b283635924cb6e7924e12055b909a544b56611c0bf32548f63,620,35,33,5,5,0,2112000,3192299b9c7fc2a9b59a59da7e9d737b7c01ca619ae949004f522e162c5a83a4,True,0
300,HistoryIdentitySame,1,73.4000015258789,9.256523399992147,"[73, 93, 90, 66, 22, 52, 77, 18, 71, 39]","[30100898, 30101895, 30102892, 30103889, 30104886, 30105883, 30106880, 30107877, 30108874, 30109871]",5cdd1dc69795ff96d664ed7fcb4d03a6810c11476036162a8d852daba42b0aed,620,49,49,7,3,0,2112000,78ae346d4f91448982f5f61f88a9c4b1ce4a31d2ad63b950d2b7be875a18358d,True,0
301,HistoryIdentitySame,1,77.73999786376953,11.752713299996685,"[58, 81, 11, 2, 36, 79, 23, 5, 64, 30]","[30200901, 30201898, 30202895, 30203892, 30204889, 30205886, 30206883, 30207880, 30208877, 30209874]",ac837aeefcd040422bad3266e669ad001456ebed2c551f5b306e41cfe524f3d6,620,35,35,5,5,0,2112000,3ec661fb9ae70e645e190c9c09482212ecb51dc042748c52d2b3f9afeb977d87,True,0
302,HistoryIdentitySame,1,65.93000030517578,10.502815899992129,"[9, 94, 15, 47, 62, 70, 17, 6, 41, 89]","[30300904, 30301901, 30302898, 30303895, 30304892, 30305889, 30306886, 30307883, 30308880, 30309877]",0a95c295a06bd7ed1b82b58882a7e844959dea9149f1a06e79a777e332141a03,620,14,14,2,8,0,2112000,0016bc1a081ec4a5c9e7d7c65f021821972a2a7975fb2cc0e0c70611cc258102,True,0
303,HistoryIdentitySame,1,76.26000213623047,10.510405500011984,"[11, 61, 88, 74, 91, 35, 80, 33, 93, 38]","[30400907, 30401904, 30402901, 30403898, 30404895, 30405892, 30406889, 30407886, 30408883, 30409880]",20e4f9cecec32d31452453ec0556fa533ca1edd9bfeefcc376f7f37882600990,620,42,41,6,4,0,2112000,2a0d82b0da04613c6464f4436146af7bcc357eedf47cf5b50967ad7dd4a120e9,True,0
304,HistoryIdentitySame,1,72.63999938964844,7.976940399996238,"[97, 89, 66, 76, 71, 39, 74, 15, 42, 56]","[30500910, 30501907, 30502904, 30503901, 30504898, 30505895, 30506892, 30507889, 30508886, 30509883]",d187f1e855ed603f07c0503b656b646498d8d60807b76b07b0a77c36fba89513,620,70,70,10,0,0,2112000,88b9fbe35b35de7b08cd0e9cf45f2215d2ba2ad76f8e4aa53614d6dc17703c07,True,0
305,HistoryIdentitySame,1,77.0,9.134626799990656,"[50, 21, 55, 36, 22, 52, 42, 38, 66, 69]","[30600913, 30601910, 30602907, 30603904, 30604901, 30605898, 30606895, 30607892, 30608889, 30609886]",f34c68fc1ea0a8809fb8902f302fd0caec91e62b6ace2e82a78e4f75f7025e6c,620,56,56,8,2,0,2112000,b91c024e70c795231cbaadb41d0ffc922ea8db809cf98238e247c531d711f3e4,True,0
306,HistoryIdentitySame,1,72.94999694824219,9.623664999991888,"[17, 80, 30, 13, 40, 72, 26, 43, 5, 78]","[30700916, 30701913, 30702910, 30703907, 30704904, 30705901, 30706898, 30707895, 30708892, 30709889]",cabf6253187aa3b11053ca3b0fb72aff55010eb6aca1c9040a2eb3d74136ed0c,620,42,42,6,4,0,2112000,8a19177787a5d71cfc0e4aa65a7c8e295e86952882f50afa539dc9b95619745c,True,0
307,HistoryIdentitySame,1,73.58000183105469,11.275922000000719,"[25, 34, 22, 83, 5, 21, 56, 97, 10, 33]","[30800919, 30801916, 30802913, 30803910, 30804907, 30805904, 30806901, 30807898, 30808895, 30809892]",3b3877b181c0a82445c7fdd41c20451739914f2da989efd234862d1f1b75f9a9,620,49,49,7,3,0,2112000,5b8214a9519e4aa67f07b5b241d59630d7fa22e55d64141ef4f44eba72446ca7,True,0
308,HistoryIdentitySame,1,73.08000183105469,11.108834100014064,"[17, 62, 3, 16, 99, 5, 53, 86, 20, 48]","[30900922, 30901919, 30902916, 30903913, 30904910, 30905907, 30906904, 30907901, 30908898, 30909895]",cbec04fe96970898c20cbe11d6f1c66b1c9344b00041bc83e4d7b54829fff73e,620,42,40,6,4,0,2112000,c4f4a7ec7b58b139e9a81e4355a565d696524473bc53df40f73530b1d80db74f,True,0
309,HistoryIdentitySame,1,75.23999786376953,8.37402319998364,"[8, 39, 75, 10, 19, 70, 99, 30, 87, 38]","[31000925, 31001922, 31002919, 31003916, 31004913, 31005910, 31006907, 31007904, 31008901, 31009898]",fd75b1824017fadc862d2d6e08bd9a642f2b3b55b2429d323925a0976ed10352,600,42,42,6,4,0,2112000,42bf750440a146afad8276bedadda2099a9bcea97e0782534fc0438b3e96f759,True,0
310,HistoryIdentitySame,1,77.18000030517578,9.380853999988176,"[55, 15, 1, 3, 7, 60, 87, 66, 51, 26]","[31100928, 31101925, 31102922, 31103919, 31104916, 31105913, 31106910, 31107907, 31108904, 31109901]",d13cefd77e79abb703e32ccc77abfd6b128fcb852ffe7c98db5117b3a2621ef9,600,42,42,6,4,0,2112000,73a1871ca9aa03ead94d48739ad0c8d913ad76173f07a1768a91680b4b0ab5b7,True,0
311,HistoryIdentitySame,1,74.87000274658203,10.080814400018426,"[88, 98, 93, 59, 71, 87, 57, 41, 11, 16]","[31200931, 31201928, 31202925, 31203922, 31204919, 31205916, 31206913, 31207910, 31208907, 31209904]",59754431fad7f718d0d6457ab87dbcefef6504f015ae4d121a0b866c865539d3,600,49,49,7,3,0,2112000,6625f0b0619507b26b277f0062753ad5ab9294adaf01abb9d04af7919c86a243,True,0
312,HistoryIdentitySame,1,76.08999633789062,8.738315800001146,"[30, 31, 13, 49, 28, 85, 8, 66, 51, 80]","[31300934, 31301931, 31302928, 31303925, 31304922, 31305919, 31306916, 31307913, 31308910, 31309907]",3cc58f90955ec58705c662c93b04db2871e122ef7ddd4bcd88355ec4f59965d3,600,42,41,6,4,0,2112000,38de826d6f8d8c54098bb7a373a5d757ccf786fe7e372d189880874d2e7648e3,True,0
313,HistoryIdentitySame,1,75.83999633789062,8.718180099996971,"[83, 21, 82, 97, 62, 68, 42, 0, 38, 55]","[31400937, 31401934, 31402931, 31403928, 31404925, 31405922, 31406919, 31407916, 31408913, 31409910]",9109568bc8586953c3771b79e26c107854dc746a3b2f502c2943d3f5cdce3acc,600,49,49,7,3,0,2112000,ef6ad76da15ca7d18e0357dedaa479026bf321b351ef6e9fd735baf53ae12f70,True,0
314,HistoryIdentitySame,1,76.48999786376953,7.989508900005603,"[19, 13, 22, 40, 66, 47, 38, 39, 81, 98]","[31500940, 31501937, 31502934, 31503931, 31504928, 31505925, 31506922, 31507919, 31508916, 31509913]",d96c3d35b55a4bc5565f3ac5d8b4f4c9e2dd14b51b695f16c70edef40c3124b3,600,56,56,8,2,0,2112000,f90af3fe9545d4789cc938e3126cac14c6d32258a55cf71aa7a4fc82fd20a11b,True,0
315,HistoryIdentitySame,1,75.11000061035156,9.258085800014669,"[54, 1, 4, 0, 97, 68, 86, 80, 75, 92]","[31600943, 31601940, 31602937, 31603934, 31604931, 31605928, 31606925, 31607922, 31608919, 31609916]",44b8b7cb24bca25bfcc0d5b2407a363df41064349c84894fcaa98f4ce6dd749e,600,49,47,7,3,0,2112000,89d004188fd4112cd22a71a6497c70414f78d87cacd07fbd567c466c3e57a260,True,0
316,HistoryIdentitySame,1,75.29000091552734,9.973027400003048,"[72, 83, 95, 58, 10, 4, 20, 79, 28, 9]","[31700946, 31701943, 31702940, 31703937, 31704934, 31705931, 31706928, 31707925, 31708922, 31709919]",aa660a0ab1cb35026dc118dc3555be7317d7cd134a6a04eebabdbf5b241e4146,600,42,41,6,4,0,2112000,ea2794f2634ff665a90e4e2bee60e8aab92b3199bec6a0689db278a5bdc0916b,True,0
317,HistoryIdentitySame,1,71.1500015258789,12.758606299990788,"[65, 17, 69, 40, 60, 57, 93, 41, 67, 36]","[31800949, 31801946, 31802943, 31803940, 31804937, 31805934, 31806931, 31807928, 31808925, 31809922]",85ff26ff5e182b0ccbd9f485d55d73724eaf53ed2ed578871b8abadfcd7c9b1e,600,42,42,6,4,0,2112000,a1237d7e31042350f33fdee6710bad5dde6cc33d06abe5d21d4c6c2b59041b05,True,0
318,HistoryIdentitySame,1,66.61000061035156,10.344870900007663,"[40, 54, 79, 28, 15, 30, 87, 4, 62, 94]","[31900952, 31901949, 31902946, 31903943, 31904940, 31905937, 31906934, 31907931, 31908928, 31909925]",7614151a644de049e8af665317f8ec673e7e3d37462c7ccf62faf2ebd29b059e,600,63,62,9,1,0,2112000,b67f1cb902a3c9ea66d5df0f541b6399d25a474b06528c18b3aee5878179d3ff,True,0
319,HistoryIdentitySame,1,58.880001068115234,8.885620599990943,"[98, 95, 8, 66, 11, 5, 65, 74, 38, 34]","[32000955, 32001952, 32002949, 32003946, 32004943, 32005940, 32006937, 32007934, 32008931, 32009928]",f8181c8f1916e0d5e360cf3f566088d2614fef8dbbedaf10f205d4e0b4c949ac,600,49,49,7,3,0,2112000,f13342728f6f6ffbea7761d3c3b219109649ad02d8724c6e185b5ea3e5526ebe,True,0
320,HistoryIdentitySame,1,74.69999694824219,9.961846399994101,"[23, 30, 92, 34, 68, 66, 16, 29, 2, 55]","[32100958, 32101955, 32102952, 32103949, 32104946, 32105943, 32106940, 32107937, 32108934, 32109931]",41b20143774fe051a93d5ed1884e05f090349a96000173e10ca9b75275ec189a,600,49,49,7,3,0,2112000,52ae335497dcf1390fc437c23ce4de7d0a4c06586b8e2420e1f2e8268bde8b0b,True,0
321,HistoryIdentitySame,1,69.12000274658203,9.929355900007067,"[29, 76, 47, 99, 54, 42, 94, 65, 2, 53]","[32200961, 32201958, 32202955, 32203952, 32204949, 32205946, 32206943, 32207940, 32208937, 32209934]",5ebd717bec9469605fac357d81b8da39560f0a9e82307c0d02e2f4a8003b83fe,600,49,49,7,3,0,2112000,1593ad9078d1ec21896fd7ba0480d6a4ab3c29b1863b0ab1e958f79499876eb7,True,0
322,HistoryIdentitySame,1,74.88999938964844,7.7884685000171885,"[98, 84, 92, 26, 13, 81, 18, 54, 4, 21]","[32300964, 32301961, 32302958, 32303955, 32304952, 32305949, 32306946, 32307943, 32308940, 32309937]",f5390d9e62e9910d73bb3894208f40993976de243d2289eda97a357a35efd473,600,49,49,7,3,0,2112000,29169fed2c7adfe18fd0b2ae7711bb80ecd47be0ceae9e259460f81d3b4b171a,True,0
323,HistoryIdentitySame,1,73.68000030517578,7.867984799988335,"[45, 99, 5, 27, 74, 42, 43, 58, 68, 55]","[32400967, 32401964, 32402961, 32403958, 32404955, 32405952, 32406949, 32407946, 32408943, 32409940]",25d790fccbe2520f18f29d55ebf440c167631f8cf902b44926a0b4ac89f89a51,600,49,49,7,3,0,2112000,a23b171a4f84d8d19bedd399c69aa4282d167c72d277a21ed49b80a6f8268559,True,0
324,HistoryIdentitySame,1,74.7300033569336,8.64497590000974,"[53, 32, 69, 2, 21, 92, 46, 0, 60, 94]","[32500970, 32501967, 32502964, 32503961, 32504958, 32505955, 32506952, 32507949, 32508946, 32509943]",7ab358e6b61f01a7e3db69fe7660903f2870d36686f9421efcc5b9aee8a0327b,600,56,56,8,2,0,2112000,3df4164a14a5dba903094d31150492cd4e6f7a58422a7a6fd7a75017961adc97,True,0
325,HistoryIdentitySame,1,75.66999816894531,7.764516099996399,"[5, 78, 42, 67, 16, 88, 27, 26, 55, 50]","[32600973, 32601970, 32602967, 32603964, 32604961, 32605958, 32606955, 32607952, 32608949, 32609946]",781e4f005dd6b9b655e100a18d7b26907db6a7c3150a923b05b6db576cf0e762,600,49,49,7,3,0,2112000,c1babb685d17e3c166bca58513880e7f1de61b3cd574b3368bd1a60780aad2d5,True,0
326,HistoryIdentitySame,1,75.08999633789062,8.83959170000162,"[92, 38, 23, 87, 14, 63, 3, 27, 77, 95]","[32700976, 32701973, 32702970, 32703967, 32704964, 32705961, 32706958, 32707955, 32708952, 32709949]",b4d170b6232378f85ecc70f239b358c7a521de21efcf92f8ab2eeb659c0a91c4,600,42,41,6,4,0,2112000,a34f916181fed3b84c69b85de5805b3a7239a7bda18a39335465d601035f2b12,True,0
327,HistoryIdentitySame,1,76.75,8.672573699994246,"[29, 67, 66, 87, 18, 85, 35, 74, 80, 52]","[32800979, 32801976, 32802973, 32803970, 32804967, 32805964, 32806961, 32807958, 32808955, 32809952]",4e1852121811c543df064a501fec355830548da26825749b3675ce59452ec4e5,600,42,42,6,4,0,2112000,40d3cda21ddfba1128c98535824c13f7c0a0ccd3d28c7c03a780d12bcc65650f,True,0
328,HistoryIdentitySame,1,75.48999786376953,9.79982309998013,"[47, 62, 71, 91, 96, 12, 35, 86, 45, 40]","[32900982, 32901979, 32902976, 32903973, 32904970, 32905967, 32906964, 32907961, 32908958, 32909955]",b3b47fcce3b3cb93f5511ad054e6752cb0bef9575e4fd3087718dbf8ad13e81f,600,35,35,5,5,0,2112000,02e6b77c5cbf53b08463c56bb5940fd4812c605e25ed2538347f589832f04669,True,0
329,HistoryIdentitySame,1,76.54000091552734,8.242932299996028,"[39, 12, 80, 50, 91, 85, 21, 32, 56, 92]","[33000985, 33001982, 33002979, 33003976, 33004973, 33005970, 33006967, 33007964, 33008961, 33009958]",7586619b424dbfded9ec3b6b7f3d2431c80a2607aac22a652b2ef2cb3a4c077e,600,56,54,8,2,0,2112000,a43ccd0ffd783bc7ed6ca886a9a87f8cd83415acf8c451fefe910e7300de76f2,True,0
330,HistoryIdentitySame,1,73.33999633789062,10.934732699999586,"[87, 43, 52, 25, 81, 93, 23, 13, 20, 16]","[33100988, 33101985, 33102982, 33103979, 33104976, 33105973, 33106970, 33107967, 33108964, 33109961]",44fd1ad0a2800d18fff8dfb8a44adf5110419ca78019b00f2723c05d9d6a7eea,600,49,48,7,3,0,2112000,dc2e02330ff83183460875ee60954a410c7f8131e63829f562af5aa58c0175f4,True,0
331,HistoryIdentitySame,1,67.3499984741211,9.07577389999642,"[64, 78, 70, 54, 6, 83, 13, 48, 14, 77]","[33200991, 33201988, 33202985, 33203982, 33204979, 33205976, 33206973, 33207970, 33208967, 33209964]",1aa17aa6878a609c3ebef9a598c13c93f7a36fe1b4bc69e8fbb448377ecda46d,600,35,33,5,5,0,2112000,a11a17350af680cc631ffaa19d20a239ca11d5f43cabb5a3d7d74b93af8d031f,True,0
332,HistoryIdentitySame,1,70.7699966430664,9.48225289999391,"[98, 49, 37, 78, 75, 62, 24, 13, 30, 32]","[33300994, 33301991, 33302988, 33303985, 33304982, 33305979, 33306976, 33307973, 33308970, 33309967]",0ee78a97f8c923d70be4a52abee95c86dbd7a4416031f078364963b2208e3f3c,600,35,33,5,5,0,2112000,a439401f7915b498787f05dfaa05a1b710baec2a008db830fdb0519e53551806,True,0
333,HistoryIdentitySame,1,76.91999816894531,9.530575199984014,"[43, 17, 81, 55, 86, 96, 97, 93, 71, 88]","[33400997, 33401994, 33402991, 33403988, 33404985, 33405982, 33406979, 33407976, 33408973, 33409970]",1ed8391a3f5b54d2fa07ac381256f28cea08acb5aa29cb5457a7d53813fa49a1,600,56,55,8,2,0,2112000,e1b19189ee834f9477bb6ff9dec11bb7a583e072973a5dd4efe5da655509e558,True,0
334,HistoryIdentitySame,1,76.2300033569336,9.911257100000512,"[62, 58, 77, 68, 49, 22, 25, 78, 66, 38]","[33501000, 33501997, 33502994, 33503991, 33504988, 33505985, 33506982, 33507979, 33508976, 33509973]",caeb52192016e80f905e4c6cf7f51322f95e3cbb0e6ab40f64b1c6fa2109b006,600,49,49,7,3,0,2112000,79a15f96201a8f02ee5e79c61436a4125b539483c890c6934c5926a4715f87d4,True,0
335,HistoryIdentitySame,1,77.5999984741211,7.952364800003124,"[59, 19, 35, 71, 64, 99, 76, 48, 15, 32]","[33601003, 33602000, 33602997, 33603994, 33604991, 33605988, 33606985, 33607982, 33608979, 33609976]",292633c8ef0939ad4647798aceefb8a15f7a0c85ce7c9c1502d688d3a01db05d,600,35,35,5,5,0,2112000,ab40d288865f3bf18895f29c4b3c035f4ea009cbe0da3b4758d33f2ff5223287,True,0
336,HistoryIdentitySame,1,77.8499984741211,9.586400500003947,"[35, 56, 94, 97, 47, 16, 78, 1, 53, 49]","[33701006, 33702003, 33703000, 33703997, 33704994, 33705991, 33706988, 33707985, 33708982, 33709979]",b6111a5b0a7e8dca11cc0516d4161b36a8c5224c68b7047a5b3b29f0cbc2d990,600,49,49,7,3,0,2112000,9785258580c6261ccb629c02de4e584908a6b1722f59b43bfe9cbf94ff1a8241,True,0
337,HistoryIdentitySame,1,75.5999984741211,9.19633390000672,"[7, 46, 61, 24, 34, 8, 76, 42, 36, 98]","[33801009, 33802006, 33803003, 33804000, 33804997, 33805994, 33806991, 33807988, 33808985, 33809982]",9c58378525cd4d80e285521d30373f6bb3c96517709bdb34a4f39c763e562ae3,600,21,21,3,7,0,2112000,b532855e871df59bb2e4e3b65ee622dda2a0203487a84aabbb66e88f8678b1af,True,0
338,HistoryIdentitySame,1,78.45999908447266,8.031671499978984,"[21, 72, 12, 24, 31, 74, 77, 56, 73, 44]","[33901012, 33902009, 33903006, 33904003, 33905000, 33905997, 33906994, 33907991, 33908988, 33909985]",ec42cd403b3066301e12b1b48824beef75cea6cfe20fc12ceeb235564ebfe297,600,35,35,5,5,0,2112000,ae0cc505c82fccc4c5de8f1c0bf825c1bdf59bab39dd462c2c6bbad6f24e0782,True,0
339,HistoryIdentitySame,1,73.88999938964844,10.682459400006337,"[25, 46, 31, 75, 77, 90, 65, 69, 52, 99]","[34001015, 34002012, 34003009, 34004006, 34005003, 34006000, 34006997, 34007994, 34008991, 34009988]",e50f71c05cac7f92754184b1b8521c089ff74957a418c10d7ffa9f61a5c1582d,600,49,48,7,3,0,2112000,efe05767364dd2bd3e0647d1a33b099a68b31ba7fe35ecf516938ada7c13e13b,True,0
340,HistoryIdentitySame,1,75.11000061035156,9.24821369998972,"[83, 19, 96, 66, 7, 59, 18, 62, 72, 22]","[34101018, 34102015, 34103012, 34104009, 34105006, 34106003, 34107000, 34107997, 34108994, 34109991]",03ab8a60e30f0bb43ed38e5be85e32590938b3b3dd9f941fd39fd4aeaf505c1a,600,63,61,9,1,0,2112000,4bf28a8a608e2bee946b1394b01df31c1124934f08e6e5f6743f3feb13790248,True,0
341,HistoryIdentitySame,1,72.66000366210938,10.533086200011894,"[87, 11, 77, 20, 41, 17, 86, 95, 44, 24]","[34201021, 34202018, 34203015, 34204012, 34205009, 34206006, 34207003, 34208000, 34208997, 34209994]",b44fc10ca1ec3d131baa32dc1a9fc343c7b8caca481941ee9a1f3fef805f517a,600,35,34,5,5,0,2112000,adac41a31a91d3887caf965c7434f39ba724ae1706cd689a9c57f74b45953c54,True,0
342,HistoryIdentitySame,1,76.94999694824219,11.253831500012893,"[56, 20, 94, 49, 25, 97, 23, 41, 26, 81]","[34301024, 34302021, 34303018, 34304015, 34305012, 34306009, 34307006, 34308003, 34309000, 34309997]",c369ac25030cc0e03edc7320bf9d11055475d24fde46ff707d3d596b3e2059b5,600,56,54,8,2,0,2112000,2cf2509719325943b23193f1a409e1620eeffc4b76543f50610965db79162117,True,0
343,HistoryIdentitySame,1,66.29000091552734,9.977181800000835,"[15, 46, 44, 59, 57, 86, 27, 87, 43, 79]","[34401027, 34402024, 34403021, 34404018, 34405015, 34406012, 34407009, 34408006, 34409003, 34410000]",f4894de5e8334c240da08ba06d8542fa39db3c526fcb6ddd668ed64ef3e27417,600,49,49,7,3,0,2112000,41eeca16200b6e38b133b7e6ffceca227894b5ea352803d361e3537898c6d463,True,0
344,HistoryIdentitySame,1,75.05999755859375,9.709444399981294,"[96, 20, 73, 29, 69, 22, 0, 31, 14, 3]","[34501030, 34502027, 34503024, 34504021, 34505018, 34506015, 34507012, 34508009, 34509006, 34510003]",9292bbb784e345dc63eafaa377d345c21f1bda4e47fa5179f65dc651e34d5323,600,42,42,6,4,0,2112000,8c9611262be5848737bc05ac39d8083b3711515ba7070eded89ec3ca7ccc1ef7,True,0
345,HistoryIdentitySame,1,75.05999755859375,8.843284800008405,"[45, 89, 10, 75, 81, 25, 42, 26, 64, 50]","[34601033, 34602030, 34603027, 34604024, 34605021, 34606018, 34607015, 34608012, 34609009, 34610006]",1e608d7a58c2ba48954b4fb9d2badc5cf2feebf127355fbfae2d84c50f662b64,600,42,41,6,4,0,2112000,8ca8e63ede06adabab6c415c36dfab73406b2e15043b123787cfe6f28d525600,True,0
346,HistoryIdentitySame,1,78.2699966430664,10.389696600002935,"[53, 97, 35, 42, 14, 45, 7, 16, 6, 75]","[34701036, 34702033, 34703030, 34704027, 34705024, 34706021, 34707018, 34708015, 34709012, 34710009]",5be3436a9ea6296c5f7a82c1c26e2c747dc16b80d18de512bc0822ff4fd4a7f0,600,63,62,9,1,0,2112000,9d6e9b498f4d69937f274298b4333381d5926f52f111695d1308656735ed7edc,True,0
347,HistoryIdentitySame,1,69.41999816894531,11.484291999979177,"[65, 14, 48, 6, 52, 10, 22, 90, 72, 64]","[34801039, 34802036, 34803033, 34804030, 34805027, 34806024, 34807021, 34808018, 34809015, 34810012]",ff3fe4a2eae31b87ee29fe839b18ecc9b88148bb74481f8ac438b8eaa4f002e4,600,63,62,9,1,0,2112000,82e185ed38cca9cc053fef8e393eacd3e49153e8e0d2baa1549206cc7fa55bcf,True,0
348,HistoryIdentitySame,1,68.2699966430664,9.525901300017722,"[92, 46, 33, 99, 32, 67, 94, 49, 62, 16]","[34901042, 34902039, 34903036, 34904033, 34905030, 34906027, 34907024, 34908021, 34909018, 34910015]",2c984d14937435a3e3c3cb30da66ba5ee0e98900baabd0f82a1edff4f5e7d5ef,600,35,35,5,5,4,2112000,5c238a13fdc8bae68e5924ecd22ab32f853dc762719b8921e9eb2439bb2ecf90,True,0
349,HistoryIdentitySame,1,79.30999755859375,10.226101699983701,"[75, 49, 60, 86, 73, 87, 21, 50, 20, 88]","[35001045, 35002042, 35003039, 35004036, 35005033, 35006030, 35007027, 35008024, 35009021, 35010018]",53abfc531051946c75d1185c343a26d14750f99dad27b91afa367b4bb0de0a01,600,49,49,7,3,0,2112000,7df644316c828f36e79dc53b0bdddfc60e5b7f94ff75ae345e7f67899e884382,True,0
350,HistoryIdentitySame,1,76.91999816894531,10.734392700018361,"[36, 94, 56, 7, 62, 71, 47, 61, 0, 9]","[35101048, 35102045, 35103042, 35104039, 35105036, 35106033, 35107030, 35108027, 35109024, 35110021]",dee4824fc16fcf748ee588ce37fc891bc38db4aa4f49bb0a8325af4221887256,600,35,35,5,5,0,2112000,1d0096b1fd1d3c2ec7c8482f11c18fec4a5eee2735ea7efacc2213c6fc2f0a42,True,0
351,HistoryIdentitySame,1,73.27999877929688,10.25668350001797,"[38, 32, 33, 88, 56, 14, 11, 28, 40, 90]","[35201051, 35202048, 35203045, 35204042, 35205039, 35206036, 35207033, 35208030, 35209027, 35210024]",7221925e51eba3e0284d6d9ef4a3759fe477eee2ab324ca8345164f95d1df215,600,49,49,7,3,0,2112000,d7fbf8c24a91c39f5fd2dc8fcd029f963911bd45a7a01d56f5f8d1b40577df23,True,0
352,HistoryIdentitySame,1,78.29000091552734,9.064132999978028,"[10, 72, 91, 66, 52, 12, 3, 53, 77, 25]","[35301054, 35302051, 35303048, 35304045, 35305042, 35306039, 35307036, 35308033, 35309030, 35310027]",7beed707aa920e096cd18272a60ab240d8beae9ce27c74aeb0e980893bf5bea8,600,42,42,6,4,0,2112000,4608e25ebaf13c42f16f30b50392f259049709c0f719ee20d7b1eee278167670,True,0
353,HistoryIdentitySame,1,70.04000091552734,12.907898600009503,"[49, 23, 19, 11, 60, 10, 65, 47, 54, 57]","[35401057, 35402054, 35403051, 35404048, 35405045, 35406042, 35407039, 35408036, 35409033, 35410030]",df3f02bf777f267f2f751d9e6a1f96807df6f60987b93537854a2db324f6f8a3,600,49,46,7,3,0,2112000,d2681903f8eeb1d6c7b8d7c3460e43c95fac806bbec69febe020019fdf6db43e,True,0
354,HistoryIdentitySame,1,71.38999938964844,8.269663899991428,"[67, 12, 18, 90, 39, 34, 86, 35, 56, 54]","[35501060, 35502057, 35503054, 35504051, 35505048, 35506045, 35507042, 35508039, 35509036, 35510033]",efa69d816b271466aad951e429f77ec6263251cbf5bdae4ae75d442726d5036f,600,49,47,7,3,0,2112000,51d68e66a000ec243cb0f4a2bca34d778d9029808a8d75a1cd6d1cecfb13c95b,True,0
355,HistoryIdentitySame,1,70.16999816894531,9.73766000001342,"[64, 58, 53, 22, 48, 57, 6, 2, 56, 83]","[35601063, 35602060, 35603057, 35604054, 35605051, 35606048, 35607045, 35608042, 35609039, 35610036]",a57a014ccc8f81d53a40986c67a30333beb064dfd508a8e542f5855a6851cfc3,600,49,48,7,3,0,2112000,6f2ffe29b7a62627a09a75b7bc6ee92b83acd0051019c7db849d965b2a263574,True,0
356,HistoryIdentitySame,1,69.98999786376953,9.104701600008411,"[31, 95, 5, 51, 80, 74, 19, 39, 6, 0]","[35701066, 35702063, 35703060, 35704057, 35705054, 35706051, 35707048, 35708045, 35709042, 35710039]",1e1871ebed55b56fc9192ec1577dfaac496969b255cf906a47a8f906edab005a,600,28,27,4,6,0,2112000,a5eb2c076915de4e8cfd07afbc0b0a3b396451b13de418d37b641e9fcc9f145c,True,0
357,HistoryIdentitySame,1,77.9000015258789,7.27954150000005,"[34, 15, 99, 59, 12, 98, 72, 45, 51, 26]","[35801069, 35802066, 35803063, 35804060, 35805057, 35806054, 35807051, 35808048, 35809045, 35810042]",9d365ef9b83e70f1be257f0d907688bac00b2091b2ce8199a7d4eb8595aabed3,600,35,34,5,5,0,2112000,59db55e6ca6b981593a40ae5c50b2f08038a3896d578e7732109bb517d6ce4fc,True,0
358,HistoryIdentitySame,1,78.77999877929688,10.223204900015844,"[56, 82, 46, 23, 12, 66, 62, 41, 72, 53]","[35901072, 35902069, 35903066, 35904063, 35905060, 35906057, 35907054, 35908051, 35909048, 35910045]",65ab9e8498e8d1682b2750c35b0561f46f76257f0f506d5428039940bbb30689,600,56,55,8,2,0,2112000,583b5abe6f7d9222d15b39331b184e28bcaa39f2dff4302c3654b5eeb3371988,True,0
359,HistoryIdentitySame,1,71.47000122070312,9.797785700007807,"[73, 12, 6, 9, 3, 28, 32, 19, 16, 91]","[36001075, 36002072, 36003069, 36004066, 36005063, 36006060, 36007057, 36008054, 36009051, 36010048]",e4f5476c492524087a24b1f83333e40d1e54b40481a5417d0a99b926154b8058,600,63,63,9,1,0,2112000,893b557601d6e190659ac1680a0f148a2723c0cc8f6685b3ae036bf0fa4eedd7,True,0
360,HistoryIdentitySame,1,73.58999633789062,8.99230099999113,"[86, 31, 87, 43, 22, 54, 49, 25, 26, 3]","[36101078, 36102075, 36103072, 36104069, 36105066, 36106063, 36107060, 36108057, 36109054, 36110051]",68c46d711bc9778c578ed6446eb42c8419a555b2338beedea2c6022dcd025d56,600,56,54,8,2,0,2112000,95d76c6c1d2819810f01e961d513b2ce8647a3315d60bc8e2c2de0a4f0b0deb0,True,0
361,HistoryIdentitySame,1,70.52999877929688,9.61853819998214,"[42, 81, 7, 82, 70, 13, 16, 2, 41, 50]","[36201081, 36202078, 36203075, 36204072, 36205069, 36206066, 36207063, 36208060, 36209057, 36210054]",528cd1a018c0607e96f388fd3ec18f445d29faee6c087cbd3ffc50a92fce8cb0,600,28,27,4,6,0,2112000,bb3f8860106792b86637f2d94b1183d3e7f00a2ae807300af97ea3ff5dd6a65f,True,0
362,HistoryIdentitySame,1,68.4800033569336,10.565566899982514,"[76, 47, 70, 78, 12, 43, 13, 91, 68, 23]","[36301084, 36302081, 36303078, 36304075, 36305072, 36306069, 36307066, 36308063, 36309060, 36310057]",70b0673cac40f674ea63b0357934118feeb3e3ebd55cb67fc895832919605937,600,49,48,7,3,0,2112000,51b0d08f0028cdc1d44d1a32f2e20485c2e9ecdbb1f2c55f6f5195abf98215c6,True,0
363,HistoryIdentitySame,1,66.48999786376953,9.091236000007484,"[81, 66, 89, 67, 24, 96, 37, 48, 56, 26]","[36401087, 36402084, 36403081, 36404078, 36405075, 36406072, 36407069, 36408066, 36409063, 36410060]",62a6ad6e0cbc48a6711ed8b269492bc8e635aa2b22617214c52b89704586bdfb,600,42,42,6,4,0,2112000,b196c08fd0a77b9166e3adcac08c21492fd6e6feb5eace292244f33b240a387e,True,0
364,HistoryIdentitySame,1,64.37000274658203,10.562138500012225,"[32, 65, 11, 40, 84, 60, 8, 33, 54, 31]","[36501090, 36502087, 36503084, 36504081, 36505078, 36506075, 36507072, 36508069, 36509066, 36510063]",492eefd25c1f7b2c014a00ab125bb4ed6147908752a49106ad261b1e93ef9cc6,600,21,20,3,7,0,2112000,a71ca83745835d241bccfc32082ca3966b4501bdf7ec28fc5fe89fc30865ef58,True,0
365,HistoryIdentitySame,1,68.0999984741211,8.705607300013071,"[28, 36, 74, 56, 27, 70, 94, 4, 76, 71]","[36601093, 36602090, 36603087, 36604084, 36605081, 36606078, 36607075, 36608072, 36609069, 36610066]",9cfc2fc0658a5ab65355f6dcb32b8b784ed6e14fb2b142f6bb47d756a4ac1b0d,600,35,33,5,5,0,2112000,e3876b43f59ea3cafea4d7642d0e29c1a6cfaf40f8b3ceccbbd71c1f88020bb1,True,0
366,HistoryIdentitySame,1,76.06999969482422,9.128362899995409,"[21, 13, 24, 12, 56, 94, 63, 26, 97, 82]","[36701096, 36702093, 36703090, 36704087, 36705084, 36706081, 36707078, 36708075, 36709072, 36710069]",8f6298b273404156c83e1d282fbc6b2ef3cf1c5879f95524ffe4286c10e9a8f4,600,49,49,7,3,0,2112000,8c3968a7335668a24e4f33ad7fbe7f0f344c8b02eafc8fe8a92660b03480f7e3,True,0
367,HistoryIdentitySame,1,71.9800033569336,9.653965000004973,"[53, 79, 31, 11, 93, 82, 34, 67, 49, 19]","[36801099, 36802096, 36803093, 36804090, 36805087, 36806084, 36807081, 36808078, 36809075, 36810072]",7168d93fa0ea3d4ce64cd398105db21b49375e0117bffd024a810303190502c4,600,56,55,8,2,0,2112000,9c9ed56a4f94782e2a36ae4c87ba3d7c874cf919b1ab2da02571a61e74449814,True,0
368,HistoryIdentitySame,1,73.5199966430664,8.372755899996264,"[74, 50, 98, 96, 62, 16, 10, 78, 70, 25]","[36901102, 36902099, 36903096, 36904093, 36905090, 36906087, 36907084, 36908081, 36909078, 36910075]",00ce928ce55eb5efa1ce104eabca446cbf8338727a6dce91eeb8ae759a7e327c,600,56,54,8,2,0,2112000,37867217f81e1f7427361ae5c2684b6aa7d92004702c857bcc47b6de37705ba9,True,0
369,HistoryIdentitySame,1,74.7300033569336,9.360755400004564,"[22, 5, 87, 67, 61, 52, 79, 95, 36, 96]","[37001105, 37002102, 37003099, 37004096, 37005093, 37006090, 37007087, 37008084, 37009081, 37010078]",e6840c1712dd34b7cd2b2bd967c9ce0bea62f6b8c79d5974bb0534d0b26e886b,600,42,41,6,4,0,2112000,28734289d067a38d329f867876f57fdcb9b05deb0b409ab142ac884e1d37410e,True,0
370,HistoryIdentitySame,1,66.48999786376953,10.972019999986514,"[45, 91, 50, 81, 37, 4, 95, 82, 58, 63]","[37101108, 37102105, 37103102, 37104099, 37105096, 37106093, 37107090, 37108087, 37109084, 37110081]",36054a66d246190e318ed94b19f101af0adf2d66fb66f47daf15070a019688a3,600,56,54,8,2,0,2112000,b9de9d2a16d7cc384d8fbffcf5909225536e23008dbad786281b13e184f77021,True,0
371,HistoryIdentitySame,1,77.58000183105469,9.623220000008587,"[25, 57, 47, 59, 66, 15, 19, 5, 71, 72]","[37201111, 37202108, 37203105, 37204102, 37205099, 37206096, 37207093, 37208090, 37209087, 37210084]",94fc643754369a99d4a31523d709e73aa7fe13d08a4c4097ddc1c7f8711d943e,600,42,42,6,4,0,2112000,9a81f7fdeff9a1d9547bc85ddca83261458e738e6713c2f64fe964b864f31b43,True,0
372,HistoryIdentitySame,1,67.52999877929688,11.038648800022202,"[21, 30, 85, 19, 65, 47, 78, 90, 0, 3]","[37301114, 37302111, 37303108, 37304105, 37305102, 37306099, 37307096, 37308093, 37309090, 37310087]",3c4e44a18619e7c4942154023c9cbfa728c9950011ed613ba13e4637b25c4a7a,600,35,34,5,5,0,2112000,16617671790409ef46932265f12aa293ab95cee089c1ec406c181a3245caea27,True,0
373,HistoryIdentitySame,1,68.77999877929688,8.919180900003994,"[5, 35, 81, 17, 75, 79, 1, 42, 18, 32]","[37401117, 37402114, 37403111, 37404108, 37405105, 37406102, 37407099, 37408096, 37409093, 37410090]",56c6c0c22d0c432154dac58c330d19ebc1b233bbc430e48e17af8cdabd48eee3,600,28,28,4,6,0,2112000,8ff7f2279b0d34084f072fcce9bbd80fcc479b8187516f88fbf34818a61822f1,True,0
374,HistoryIdentitySame,1,76.1500015258789,6.6515278999868315,"[60, 98, 96, 4, 29, 31, 94, 12, 34, 43]","[37501120, 37502117, 37503114, 37504111, 37505108, 37506105, 37507102, 37508099, 37509096, 37510093]",68d4dc86813c5493099c11017e400c506b8ef44e0d056b6ec1590f164d03b51a,600,56,55,8,2,0,2112000,3bd9af813ad63ff3a0abb87557bb64ebba0ed210eb6017b3ca3c73500145c03d,True,0
375,HistoryIdentitySame,1,72.56999969482422,9.58281980000902,"[73, 9, 92, 88, 57, 64, 44, 58, 80, 13]","[37601123, 37602120, 37603117, 37604114, 37605111, 37606108, 37607105, 37608102, 37609099, 37610096]",dced85d028b72cf1b21878c905341d5b24c525a9a1bce244d3168567769d7b6b,600,21,19,3,7,0,2112000,341874eccfbbbba5ec09a87c735af729b21521c59e5277554cc8b13966fa64f9,True,0
376,HistoryIdentitySame,1,76.30000305175781,10.397082399984356,"[23, 89, 29, 26, 54, 53, 25, 59, 51, 97]","[37701126, 37702123, 37703120, 37704117, 37705114, 37706111, 37707108, 37708105, 37709102, 37710099]",86d6a562bf5bb496fd0e5322f3e7cf083b29f96502c4e7fddefe0065c70dc552,600,42,41,6,4,0,2112000,fe8162af9ce561d2b5749edc56db7180901b4c6601f4505a941bed47afe0cc3c,True,0
377,HistoryIdentitySame,1,46.650001525878906,8.851750400004676,"[62, 5, 91, 55, 57, 51, 74, 68, 64, 95]","[37801129, 37802126, 37803123, 37804120, 37805117, 37806114, 37807111, 37808108, 37809105, 37810102]",a3fbec5802e562a0c5ef4a0afed694b0c722788c8e17e10dec7db7953d985a94,600,56,52,8,2,0,2112000,0936ce8d836ae5f84faf6b92b7d3f074889e41d8e6e9fe8ff79a8d0403a55ef9,True,0
378,HistoryIdentitySame,1,73.58999633789062,10.377316400001291,"[39, 78, 70, 52, 80, 73, 44, 40, 91, 55]","[37901132, 37902129, 37903126, 37904123, 37905120, 37906117, 37907114, 37908111, 37909108, 37910105]",3f0d1fd86bb963594e24a990d8513463fd13e5598165c808ec80cbf57f1310d9,600,56,55,8,2,0,2112000,89ab3c5d83d5922d41c81785cc9ba86ab52cf4f44835ddea1ffbf4d5d22b2ea5,True,0
379,HistoryIdentitySame,1,77.16000366210938,9.141171099996427,"[15, 30, 88, 35, 91, 83, 29, 75, 58, 40]","[38001135, 38002132, 38003129, 38004126, 38005123, 38006120, 38007117, 38008114, 38009111, 38010108]",4542fa421908a3729305185a5970c83f64ecc2548a8e3a346232d28232b21e9e,600,63,62,9,1,0,2112000,80d510c07899a85546a728ab0e3059b27a40fe32fe7a19912597e07ce3e776c6,True,0
380,HistoryIdentitySame,1,79.5199966430664,10.31753369999933,"[50, 29, 41, 49, 80, 54, 39, 37, 86, 14]","[38101138, 38102135, 38103132, 38104129, 38105126, 38106123, 38107120, 38108117, 38109114, 38110111]",c6b66bcf04b35f1f96e882a384fbd9ad05f51bbcf55f018b3dc88475315ed508,600,42,41,6,4,0,2112000,80ce2d4ca195eaaf8ef49e7a07338f9ff2f4896694066fbe3914c0efdc0f5888,True,0
381,HistoryIdentitySame,1,65.83000183105469,7.767886899993755,"[90, 13, 95, 2, 99, 92, 45, 26, 69, 73]","[38201141, 38202138, 38203135, 38204132, 38205129, 38206126, 38207123, 38208120, 38209117, 38210114]",d9d17b16b00a05161eb400ab95890b6b8bcef8c9ea4226fe11eec1a92e751621,600,42,42,6,4,0,2112000,70471bd351b77463916bb6c707e8b7b3249a94cfda4e7a81dd12e4327df1c3fc,True,0
382,HistoryIdentitySame,1,72.62999725341797,8.823324299999513,"[3, 42, 61, 25, 77, 11, 84, 5, 94, 28]","[38301144, 38302141, 38303138, 38304135, 38305132, 38306129, 38307126, 38308123, 38309120, 38310117]",feebfb6271f3963f73c5d4fa05d84a9bd57779a2ecae24a52aedfc5c3c2fd07c,600,35,34,5,5,0,2112000,005ac5f2ed88adad83733a9cad895d9868ab84f87b4ef49e49d8cc6086cbd528,True,0
383,HistoryIdentitySame,1,68.94999694824219,9.811074500001268,"[68, 69, 13, 11, 15, 58, 84, 24, 42, 6]","[38401147, 38402144, 38403141, 38404138, 38405135, 38406132, 38407129, 38408126, 38409123, 38410120]",c5ae4430b3663bd8c599ae9b50603cabfd99b8ba9894870970b0b245efc6bbcc,600,56,55,8,2,0,2112000,23621d81c4ec10bda20e416d27a6af24ecad036429cb7414b4e5c1f2d26a4c9a,True,0
384,HistoryIdentitySame,1,64.94000244140625,11.066439300018828,"[46, 88, 94, 6, 96, 60, 62, 95, 14, 79]","[38501150, 38502147, 38503144, 38504141, 38505138, 38506135, 38507132, 38508129, 38509126, 38510123]",f10e7e33e62626be9c6c73dc4f9886492d619221d0a0c326c5f64bf10d7bbb06,600,56,55,8,2,0,2112000,5ea672110f480fa1b5976844e20df48508f17608747a328f7cfb419ac74f20cc,True,0
385,HistoryIdentitySame,1,74.06999969482422,8.739609700016445,"[21, 44, 24, 8, 40, 50, 30, 87, 11, 67]","[38601153, 38602150, 38603147, 38604144, 38605141, 38606138, 38607135, 38608132, 38609129, 38610126]",464d797459c38e4063998c1d73d298c63874e1cf6daf06a931042d888bac1cdd,600,42,41,6,4,0,2112000,c4b0bf54319628583b9f0ab8b8137e99b9b00d58881da46f571ff05ecab14ca4,True,0
386,HistoryIdentitySame,1,77.95999908447266,10.391006200021366,"[60, 55, 52, 20, 34, 45, 25, 53, 69, 10]","[38701156, 38702153, 38703150, 38704147, 38705144, 38706141, 38707138, 38708135, 38709132, 38710129]",2da2248319ac112ac151d7687f67b525dcc42a2cfb5e766648ed7338cb8bffe2,560,49,49,7,3,0,2112000,cd82db2c9d80dc33aa6e5cf83f697256eba7b283cd20114379c8f30ada35ec1a,True,0
387,HistoryIdentitySame,1,76.76000213623047,9.619997799978592,"[20, 81, 86, 24, 55, 2, 59, 25, 41, 1]","[38801159, 38802156, 38803153, 38804150, 38805147, 38806144, 38807141, 38808138, 38809135, 38810132]",98926d0790000208e7ca354a25611ee2681fcc75c44e2172f8f661b668170406,560,49,49,7,3,0,2112000,0498ce367b08df7fff7129d80901cdff6c84037bbe474c336a40a79224fa8aa8,True,0
388,HistoryIdentitySame,1,76.37999725341797,8.455568800010951,"[11, 87, 38, 42, 86, 51, 46, 73, 72, 25]","[38901162, 38902159, 38903156, 38904153, 38905150, 38906147, 38907144, 38908141, 38909138, 38910135]",c9b0a5b5706f6508ef2befb956057c164665aef87f4a90a4655fbb672c8f4e53,560,49,46,7,3,0,2112000,2a6969380ed168e3330d092979d06e281a207da99c13c78cf25e35957db9c9f1,True,0
389,HistoryIdentitySame,1,79.38999938964844,9.450807200017152,"[20, 70, 50, 27, 3, 15, 75, 74, 57, 9]","[39001165, 39002162, 39003159, 39004156, 39005153, 39006150, 39007147, 39008144, 39009141, 39010138]",05de392b14eba5c1a2365d09e36550452acd23b6a5b72f09de2162493e15ed4f,560,35,33,5,5,0,2112000,57398e2e5e7949ef99552b7545c45c561fc34d25c30310901f9cd6081b3fca11,True,0
390,HistoryIdentitySame,1,66.2300033569336,12.72704190001241,"[7, 9, 89, 49, 6, 15, 44, 10, 75, 47]","[39101168, 39102165, 39103162, 39104159, 39105156, 39106153, 39107150, 39108147, 39109144, 39110141]",bde5b341d25729d92e6d55e731f51ef0b2aac7dfbf47b3c93ad23fa14c11b729,560,49,49,7,3,0,2112000,ed5aa7d690bbb5cb961c31344a2c038472e8bc3a24f7aaa40f1d1d8734bc6a91,True,0
391,HistoryIdentitySame,1,68.54000091552734,9.511460900015663,"[17, 48, 84, 73, 96, 30, 98, 60, 88, 83]","[39201171, 39202168, 39203165, 39204162, 39205159, 39206156, 39207153, 39208150, 39209147, 39210144]",c8522594e48458cf3ed64e86b5a46938f138a08eaae4cd01f515d012bdcacb89,560,42,41,6,4,0,2112000,cdeee05ef118b3a9f0e0eb624a143d3640f9978393b7cca7cedc4f3af38706cf,True,0
392,HistoryIdentitySame,1,71.4800033569336,11.082708800007822,"[62, 66, 80, 78, 64, 52, 83, 33, 6, 18]","[39301174, 39302171, 39303168, 39304165, 39305162, 39306159, 39307156, 39308153, 39309150, 39310147]",a48d46029c0140705c0fcfc42140964951ea73794a42328be24d51d21194c4a0,560,28,27,4,6,0,2112000,3412766047c72513f9484f7c6f9437ceccf20c30d0825b6aa6cf167f8c2710a3,True,0
393,HistoryIdentitySame,1,78.9800033569336,10.395519000012428,"[64, 45, 24, 20, 10, 88, 23, 82, 22, 31]","[39401177, 39402174, 39403171, 39404168, 39405165, 39406162, 39407159, 39408156, 39409153, 39410150]",ac004cbc3dd736ff398cf68402b510cdbe827ae4a8a0b2ad8ffd780d0b51ed71,560,42,42,6,4,0,2112000,24439b2de7bcbf5723a41422baec0211aba620ec1c84f475d2d5a9b2b44d83ba,True,0
394,HistoryIdentitySame,1,69.20999908447266,9.306765599991195,"[45, 71, 30, 95, 90, 73, 9, 78, 18, 49]","[39501180, 39502177, 39503174, 39504171, 39505168, 39506165, 39507162, 39508159, 39509156, 39510153]",fa841680fe279d91bd96ff87f38157ef126c10e983f2076909c8aff82f93c917,560,56,56,8,2,0,2112000,98179433f01b0cc715bbccffd360d2bdb0ae2c286ae5ff652ec1f32e4ee4ca69,True,0
395,HistoryIdentitySame,1,67.94999694824219,8.784353000024566,"[0, 97, 59, 50, 12, 3, 93, 67, 61, 38]","[39601183, 39602180, 39603177, 39604174, 39605171, 39606168, 39607165, 39608162, 39609159, 39610156]",b062ce052d8c3e7fcc34b2fbab69b5311cc77fad7266d98728717a1b42be447a,560,35,33,5,5,0,2112000,24cbb12c85d448d1073578cb3299b41487f03792faae39acd6aac5cb2cd86962,True,0
396,HistoryIdentitySame,1,67.9000015258789,11.290231199993286,"[46, 0, 97, 70, 60, 75, 31, 95, 78, 94]","[39701186, 39702183, 39703180, 39704177, 39705174, 39706171, 39707168, 39708165, 39709162, 39710159]",a39ee426f2b3b5d032f79734e0a3d891e5c77e1c5a90d9edad7284b5608d474c,560,63,61,9,1,0,2112000,3f4070b5e80f8b8dda47a7f7cfe3142b764f983ca4ea4bee958a34bec4bce0a5,True,0
397,HistoryIdentitySame,1,79.86000061035156,11.203990800015163,"[20, 11, 14, 39, 31, 60, 78, 0, 81, 45]","[39801189, 39802186, 39803183, 39804180, 39805177, 39806174, 39807171, 39808168, 39809165, 39810162]",1b4524869ca3fb2200fcb5a47ad6c2805416a6b20b77dc935ec5fc5ebfedcf12,560,56,55,8,2,0,2112000,572eec03d45e83e913bd593122af87bc6d05fe44aa7f1a00c81b34647987a4ff,True,0
398,HistoryIdentitySame,1,74.05000305175781,9.635647299990524,"[76, 80, 37, 5, 75, 62, 79, 61, 42, 53]","[39901192, 39902189, 39903186, 39904183, 39905180, 39906177, 39907174, 39908171, 39909168, 39910165]",5e434ad1dfdc43e7f9737c7043b24adfb56ff13c3b38f639b8f24948403d3111,560,35,34,5,5,0,2112000,5c081be4bc99119a0c6192f116fe508e5e3f56f81a972697bb7088fd8221848a,True,0
399,HistoryIdentitySame,1,69.41999816894531,11.336454200005392,"[89, 97, 49, 44, 55, 22, 95, 36, 79, 17]","[40001195, 40002192, 40003189, 40004186, 40005183, 40006180, 40007177, 40008174, 40009171, 40010168]",6950410b6855ee298466583460b2d6798df817c2692fa273c9366eb2a172d0a1,560,56,55,8,2,0,2112000,ce3f17ca92e45c4addc81f1e191255890a8765fa3222289f413b08c7cb19be2f,True,0
400,HistoryIdentitySame,1,74.80000305175781,9.194016599998577,"[75, 63, 1, 29, 88, 12, 86, 82, 61, 40]","[40101198, 40102195, 40103192, 40104189, 40105186, 40106183, 40107180, 40108177, 40109174, 40110171]",740ae40f048607ba6f2246bdd03522e4e81e571be136e0d758084076e36e4bfb,560,35,35,5,5,0,2112000,94f39a79711f90e53cbb180c09bd8c11d7429e424a0b400a633b04492b5754e9,True,0
401,HistoryIdentitySame,1,78.31999969482422,9.58718139998382,"[79, 49, 42, 13, 97, 81, 91, 22, 3, 76]","[40201201, 40202198, 40203195, 40204192, 40205189, 40206186, 40207183, 40208180, 40209177, 40210174]",0e1339a137329f13aaaa01cc06f0fb03ab2d48f2a9d9fed2259c095b2be60657,560,56,56,8,2,0,2112000,f9faaab5c7b0657e4f7d80c43b594e3c0f16dd7e47ee7421278a4a5d92cdc40e,True,0
402,HistoryIdentitySame,1,66.33000183105469,9.654135000018869,"[99, 58, 63, 28, 3, 56, 8, 24, 84, 27]","[40301204, 40302201, 40303198, 40304195, 40305192, 40306189, 40307186, 40308183, 40309180, 40310177]",b53e09a41c4ec4a9eec1dcb63ab1f937a0584bd34bd032885d510294896a1b58,560,21,21,3,7,0,2112000,ab888ba9b209e82c76cd5554ddec4955994d43f5c9c32961d2bf4833c46870f8,True,0
403,HistoryIdentitySame,1,73.0999984741211,11.62308199997642,"[26, 36, 57, 95, 99, 46, 23, 30, 40, 67]","[40401207, 40402204, 40403201, 40404198, 40405195, 40406192, 40407189, 40408186, 40409183, 40410180]",6ce3f159c3949353f91ff6a9561fe5ea53c9da7b686481741e3977c9dbea42e8,560,56,54,8,2,0,2112000,a621eb122698106610e2ecb0169a04def51a34928bbe9bd3449a330e6f55b65e,True,0
404,HistoryIdentitySame,1,75.58999633789062,8.672272900003009,"[87, 93, 29, 50, 14, 84, 52, 8, 43, 70]","[40501210, 40502207, 40503204, 40504201, 40505198, 40506195, 40507192, 40508189, 40509186, 40510183]",eb3a7c942c1b7a530c118387d3af347240895756556b963e36401cabc6ead1f4,560,49,49,7,3,0,2112000,a2136d20b03bfcdc03c466d7871dcb58a1cd3a0c39ea1c0a1d190896017f9984,True,0
405,HistoryIdentitySame,1,74.43000030517578,7.447624799999176,"[85, 76, 96, 0, 77, 17, 42, 90, 39, 45]","[40601213, 40602210, 40603207, 40604204, 40605201, 40606198, 40607195, 40608192, 40609189, 40610186]",bdf77b3a1b4876c18ea5f59eebbac17eb22f69cd79eec0b6ec2ea2a045cede0f,560,42,41,6,4,0,2112000,96101683ceda9268db003ba235a2f05c57a0ccf93302d774a016f2b7aa09ba0b,True,0
406,HistoryIdentitySame,1,71.43000030517578,10.0550597999827,"[27, 44, 42, 58, 72, 52, 6, 1, 62, 13]","[40701216, 40702213, 40703210, 40704207, 40705204, 40706201, 40707198, 40708195, 40709192, 40710189]",ae1e5ac105de2b4dc902fa9f21f2c4c51b30314bc16ae5d43cd21c77100b6f55,560,56,55,8,2,0,2112000,b25cbdbd9b2d88937699284a3a3551293d8ea6151daadaeea1468171ff3c8e81,True,0
407,HistoryIdentitySame,1,71.69999694824219,13.10914290000801,"[33, 87, 58, 67, 57, 85, 72, 27, 99, 79]","[40801219, 40802216, 40803213, 40804210, 40805207, 40806204, 40807201, 40808198, 40809195, 40810192]",21051d672a2edccb558dec105f79afa8a9959a1b9ced725ef8cba3b895a88b0c,560,63,63,9,1,0,2112000,0519a9658a77f35036aed974d41c3a537953e7189c74656ed24a149527d72c7f,True,0
408,HistoryIdentitySame,1,73.87000274658203,11.484262899990426,"[3, 11, 87, 22, 62, 52, 56, 95, 26, 20]","[40901222, 40902219, 40903216, 40904213, 40905210, 40906207, 40907204, 40908201, 40909198, 40910195]",bb049dca3e386e80b0148fb9702865ed2ee838550348f77517d35acda00cdb20,560,56,56,8,2,0,2112000,c2c9e120c42998275f4c0a1df338f9f98aacffba3d737530f466ebab3ce12c9b,True,0
409,HistoryIdentitySame,1,77.72000122070312,11.127732299995841,"[41, 57, 20, 29, 56, 74, 83, 14, 0, 87]","[41001225, 41002222, 41003219, 41004216, 41005213, 41006210, 41007207, 41008204, 41009201, 41010198]",b5862676381028dc38b30423ffb8c3ace189c0169b253318c61bf89d476ef965,560,49,49,7,3,0,2112000,973cc10707168497b3a60995170bfa79e3f2e46d42ab23ab0a809afb246bed55,True,0
410,HistoryIdentitySame,1,69.12999725341797,12.8712922000268,"[28, 34, 77, 85, 62, 58, 30, 86, 93, 46]","[41101228, 41102225, 41103222, 41104219, 41105216, 41106213, 41107210, 41108207, 41109204, 41110201]",62907aa433c46b4a082ef3600361ad626e0ef38a8c4aa6f8bceb9fdc062230f0,560,63,63,9,1,0,2112000,d02b993bde12a502757b80dbe18c53e623fcb232f5993cb1ab5df691b4786ec9,True,0
411,HistoryIdentitySame,1,68.37000274658203,11.85548800000106,"[79, 62, 87, 68, 32, 92, 29, 81, 7, 90]","[41201231, 41202228, 41203225, 41204222, 41205219, 41206216, 41207213, 41208210, 41209207, 41210204]",42c7e212f51f828c3c8d0a0d652b22933cb11061029fd8b31cb83fdde9c12f97,560,42,41,6,4,0,2112000,caf2dc0db22ed32d588b363a8b0cf2e29845ca3078dca5782175e1c8c06dddb3,True,0
412,HistoryIdentitySame,1,61.439998626708984,8.17843709999579,"[8, 38, 48, 12, 1, 77, 68, 92, 59, 19]","[41301234, 41302231, 41303228, 41304225, 41305222, 41306219, 41307216, 41308213, 41309210, 41310207]",e334a235509e789283e44b066b1806f89e42c612a882035cbf7bc95930478dc0,560,35,35,5,5,0,2112000,bbdf371d3a33d747449f97d1e9c8f32d96bc2108bcee42513b8145a364fa033c,True,0
413,HistoryIdentitySame,1,75.62999725341797,13.48145430002478,"[99, 14, 24, 70, 44, 31, 86, 3, 75, 60]","[41401237, 41402234, 41403231, 41404228, 41405225, 41406222, 41407219, 41408216, 41409213, 41410210]",5ac751bab08bda602d678aabba30f6d34d4fd75fc3a50c615bddd7102d4afa93,560,42,42,6,4,0,2112000,0d7fb889ab2beac6a80ca045de258532b71d408fc8b8775341305c2c3dd89443,True,0
414,HistoryIdentitySame,1,76.6500015258789,11.209512300003553,"[11, 85, 83, 96, 82, 76, 7, 19, 87, 51]","[41501240, 41502237, 41503234, 41504231, 41505228, 41506225, 41507222, 41508219, 41509216, 41510213]",cf848ad53360a963cdb56226f2928c5c2941a1f2120537026a4395aa4bc68367,560,56,56,8,2,0,2112000,5f3014956758d8c8500360e71c5d788cf4d58391afa5dd6deacc60021c75f0cb,True,0
415,HistoryIdentitySame,1,77.27999877929688,12.936475399998017,"[12, 18, 62, 10, 75, 42, 8, 7, 31, 23]","[41601243, 41602240, 41603237, 41604234, 41605231, 41606228, 41607225, 41608222, 41609219, 41610216]",90e8ba146fd58df21706270a1c7787da0e03fae014384ef8181d082a7d102cda,560,49,49,7,3,0,2112000,ecd6761e3c670c6f869da197804c2e2d569e44b466a47e5ba97646ead1e5c567,True,0
416,HistoryIdentitySame,1,71.61000061035156,10.53597479997552,"[97, 5, 1, 84, 30, 40, 72, 21, 52, 39]","[41701246, 41702243, 41703240, 41704237, 41705234, 41706231, 41707228, 41708225, 41709222, 41710219]",e07919952c06a71700b4e62a8c41ec9463e6b81cfcf2e33caafea423388617aa,560,28,26,4,6,0,2112000,2c3f5bfcedd02e194f3c686f96b7c2c506532c7dd2b0a9c43b50fb1059235e95,True,0
417,HistoryIdentitySame,1,78.23999786376953,12.329255000018748,"[72, 62, 14, 55, 67, 32, 39, 29, 38, 7]","[41801249, 41802246, 41803243, 41804240, 41805237, 41806234, 41807231, 41808228, 41809225, 41810222]",1c0c222640f5e927a2b5ff0df9ee4508fbb90a328df63591e56a54bf27373cb0,560,63,61,9,1,0,2112000,48210caa5b4566578e0cfc1a00416c621898d2800849508c4322307371db2f09,True,0
418,HistoryIdentitySame,1,67.12999725341797,13.02928710001288,"[9, 65, 98, 93, 0, 31, 12, 91, 28, 81]","[41901252, 41902249, 41903246, 41904243, 41905240, 41906237, 41907234, 41908231, 41909228, 41910225]",1ad3cf2a3ba12e2a8c0a9c675932adb399aa7e48c7281fa96fd0a357a85233ff,560,42,42,6,4,0,2112000,d3cc4662bb01225ec75cfc26889b7818d457a28fdaba0e2871c5cf3b341f0199,True,0
419,HistoryIdentitySame,1,69.58000183105469,13.504024499998195,"[49, 67, 58, 34, 22, 47, 19, 33, 9, 26]","[42001255, 42002252, 42003249, 42004246, 42005243, 42006240, 42007237, 42008234, 42009231, 42010228]",3dc8567c4daa2fe836cad8d9903312d975e8e74542cddf74713e125d6012cfbc,560,35,32,5,5,0,2112000,e9c47db4302774e46685f381c20ef9f733117a923f4435a57264ba68673c7c61,True,0
420,HistoryIdentitySame,1,77.86000061035156,11.724310000019614,"[78, 18, 25, 81, 52, 5, 97, 88, 53, 51]","[42101258, 42102255, 42103252, 42104249, 42105246, 42106243, 42107240, 42108237, 42109234, 42110231]",51288a1f06dc7059b7c1119701e90c85c5597bf421adde8c5aac095ff45484f6,560,42,41,6,4,0,2112000,947f623f1d339512467f6a7413400e93fc465e50ba46b7a0b9220ab5a067b8aa,True,0
421,HistoryIdentitySame,1,77.76000213623047,14.020433400000911,"[7, 68, 34, 80, 72, 25, 89, 12, 66, 69]","[42201261, 42202258, 42203255, 42204252, 42205249, 42206246, 42207243, 42208240, 42209237, 42210234]",92b9072b151bc8c982ecc46f9ecb59175de48c51b7480d6133575a50b71a3fc2,560,42,41,6,4,0,2112000,c985988b2e722e0c394906c50f109638945a106b6efe4061451e33919cae3454,True,0
422,HistoryIdentitySame,1,69.33000183105469,10.940437799989013,"[54, 28, 10, 85, 87, 89, 40, 86, 50, 96]","[42301264, 42302261, 42303258, 42304255, 42305252, 42306249, 42307246, 42308243, 42309240, 42310237]",db9f8b7d5affa46871a957afc42082d84a833847e76be55a0b2e74edf427ba66,560,56,56,8,2,0,2112000,f6466baec0d83879e11e644a3950e0f02cbaa7776cdefe09ee9a1bbe361f7c98,True,0
423,HistoryIdentitySame,1,76.66999816894531,14.580765100021381,"[58, 7, 9, 0, 50, 24, 38, 86, 81, 30]","[42401267, 42402264, 42403261, 42404258, 42405255, 42406252, 42407249, 42408246, 42409243, 42410240]",3c75453c9b33513a3a0e5abfa3a2fdf4756bab3372820244a908cb1cc62da00e,560,70,68,10,0,0,2112000,49724951e4f5a219b3dd84f32080a54e9bcef83d78a02c7e6446b3920817ce0f,True,0
424,HistoryIdentitySame,1,75.41999816894531,13.50733239998226,"[49, 75, 87, 68, 65, 47, 2, 70, 43, 25]","[42501270, 42502267, 42503264, 42504261, 42505258, 42506255, 42507252, 42508249, 42509246, 42510243]",babc95d8f0c1c0b138095aea81aff75b0cdfde33ae9603f8129fc1c41a7d9917,560,49,49,7,3,0,2112000,9e47f5f0e8f69c5dc3853f0f4e85d335eebdd01eaf97749c3fd8c68806eda9c0,True,0
425,HistoryIdentitySame,1,78.22000122070312,11.372806200000923,"[75, 54, 77, 98, 27, 69, 42, 25, 78, 65]","[42601273, 42602270, 42603267, 42604264, 42605261, 42606258, 42607255, 42608252, 42609249, 42610246]",2950fd8591c671a6291507a8350bbce360681d2506d9f060ef1524c10f6038ed,560,56,56,8,2,0,2112000,cfef5b7897f6e3b40f25f0538382fb0cc233be2739c7ef76c98380c2ca179780,True,0
426,HistoryIdentitySame,1,66.66999816894531,11.760348999989219,"[84, 26, 59, 68, 11, 37, 6, 56, 15, 24]","[42701276, 42702273, 42703270, 42704267, 42705264, 42706261, 42707258, 42708255, 42709252, 42710249]",b8f0019cdbfc49c6b38a5915457d6755fda0e5de4ec7f4e3b5e5d578c9d106e0,560,28,26,4,6,0,2112000,eae5a7112bc89b26c00578f54b14d4529d19606be69b5cc6f529f2b5b3d8a1b3,True,0
427,HistoryIdentitySame,1,69.38999938964844,11.700921899988316,"[71, 44, 26, 24, 99, 43, 87, 62, 46, 6]","[42801279, 42802276, 42803273, 42804270, 42805267, 42806264, 42807261, 42808258, 42809255, 42810252]",4a5a79d8a148e7149676dda123f2498329ec345ed4db29cdfc74221396799d68,560,42,42,6,4,0,2112000,f1fc514e4c962d2a42e5cad1431bdc5e5934fee3e001fd1b68125101641db665,True,0
428,HistoryIdentitySame,1,71.95999908447266,13.144038900005398,"[3, 14, 23, 71, 39, 58, 91, 9, 13, 67]","[42901282, 42902279, 42903276, 42904273, 42905270, 42906267, 42907264, 42908261, 42909258, 42910255]",cd8f83cff0b0c80fb57f4fb827a1d3a1a41405ac27d740205c663832eb200ea9,560,35,35,5,5,0,2112000,3e3f74bb04679ea86f1814bf94f46b9e78e0020be3a8f43b58a4caac06109bb5,True,0
429,HistoryIdentitySame,1,70.83000183105469,8.472983499988914,"[2, 90, 64, 67, 74, 51, 27, 54, 30, 94]","[43001285, 43002282, 43003279, 43004276, 43005273, 43006270, 43007267, 43008264, 43009261, 43010258]",73059811e6e7bfd3511bc5de3c2172334986d7902ef2b3611e088577c3809424,560,42,41,6,4,0,2112000,9418c76960044f9cac793b26bbde574813c8a202c67f097b67c67ec436227b3c,True,0
430,HistoryIdentitySame,1,74.98999786376953,11.413807099976111,"[8, 80, 21, 38, 52, 63, 93, 66, 1, 44]","[43101288, 43102285, 43103282, 43104279, 43105276, 43106273, 43107270, 43108267, 43109264, 43110261]",555581493d3ce25514c1ee6ea2e1bf54ad13e27bb6cfb432992270db638b72f6,560,35,35,5,5,0,2112000,b598b0c38a6bac24da03de8d18df0637846868630f071b5a29cb723a72d2dd14,True,0
431,HistoryIdentitySame,1,76.22000122070312,13.57210849999683,"[68, 83, 93, 49, 33, 94, 99, 45, 4, 79]","[43201291, 43202288, 43203285, 43204282, 43205279, 43206276, 43207273, 43208270, 43209267, 43210264]",3802d885d3820a7ff096f04d7cbc0661c7c432b0163f4e5113f7635a555affda,560,35,34,5,5,0,2112000,51f8e2a79a5c089353887bdbb9bd3dcfc375c6de27870cf8e7ea3518eab3f331,True,0
432,HistoryIdentitySame,1,76.37000274658203,12.241308199998457,"[66, 81, 5, 45, 93, 34, 31, 51, 65, 27]","[43301294, 43302291, 43303288, 43304285, 43305282, 43306279, 43307276, 43308273, 43309270, 43310267]",6d61306cd183aaa6f16069aa3faaf3be448ec4ae559c4679fc8a4374285de2e3,560,49,48,7,3,0,2112000,6717ce7b9058565ce831b0294b74dd8ad41647b120c7b20371129dc5e3e0ce3a,True,0
433,HistoryIdentitySame,1,77.04000091552734,7.66498080000747,"[13, 82, 43, 34, 96, 22, 29, 21, 15, 98]","[43401297, 43402294, 43403291, 43404288, 43405285, 43406282, 43407279, 43408276, 43409273, 43410270]",8319d695d1c7c9d47f47d4ceda0923693d1d6bee844eaf615599d1a711aca767,560,42,42,6,4,0,2112000,bd97e4950bf72bfd44587800262260976ab521e9ad0781f17817657fb30d0b83,True,0
434,HistoryIdentitySame,1,80.43000030517578,8.28088539998862,"[15, 77, 88, 1, 83, 22, 74, 87, 75, 86]","[43501300, 43502297, 43503294, 43504291, 43505288, 43506285, 43507282, 43508279, 43509276, 43510273]",71d794ec0c5761d128a150e61db8fbdf8f6204737ab455f25e4702704716a339,560,56,55,8,2,0,2112000,97bbcc8079154e377152f0fdb3c02c93bc8892bea17b12c048610cdb504d35c8,True,0
435,HistoryIdentitySame,1,75.80999755859375,10.863065199984703,"[57, 20, 56, 70, 71, 28, 72, 2, 63, 75]","[43601303, 43602300, 43603297, 43604294, 43605291, 43606288, 43607285, 43608282, 43609279, 43610276]",9aabcdc4dec66a89950470c67934cf0aaffa2106c3e449b38a4ec457b00de0e7,560,35,33,5,5,0,2112000,71b215a903ba7e69e082cdf6cac67c1f19341658ae97e0c184e6f77743bce15a,True,0
436,HistoryIdentitySame,1,66.87000274658203,10.7379774999863,"[40, 2, 35, 47, 85, 52, 75, 80, 37, 21]","[43701306, 43702303, 43703300, 43704297, 43705294, 43706291, 43707288, 43708285, 43709282, 43710279]",35e03be89e512f84fe69d3002e675fbccb22af778103f9f95512ecf948e45f28,560,42,41,6,4,0,2112000,0fdadb7545b3f3085c6333bd00880214bdcd23bca14c3dc7cbb4e46de560afac,True,0
437,HistoryIdentitySame,1,69.94000244140625,12.744811800017487,"[84, 63, 70, 4, 65, 79, 93, 9, 58, 78]","[43801309, 43802306, 43803303, 43804300, 43805297, 43806294, 43807291, 43808288, 43809285, 43810282]",5f68a9e0d6bd5a9226cb986609fb5b81951572eb7905bf476f627c172cf7403c,560,56,55,8,2,0,2112000,c26d7913be59e6baf97b199de70caca96538f7b835f02a98e083c9ac17331caf,True,0
438,HistoryIdentitySame,1,73.37999725341797,12.361315799993463,"[45, 59, 24, 34, 53, 44, 62, 36, 81, 20]","[43901312, 43902309, 43903306, 43904303, 43905300, 43906297, 43907294, 43908291, 43909288, 43910285]",656bc4b6f01504ad72b05bdc09a92447f6657dcf14d1c0d33a38ba996f1d2a5a,560,35,33,5,5,0,2112000,b50b4c43ddcb3979fd8983776d86938f33abefa49bca08fb9943e1dea8ee02e6,True,0
439,HistoryIdentitySame,1,75.13999938964844,11.867653900000732,"[63, 71, 68, 40, 19, 20, 49, 3, 79, 46]","[44001315, 44002312, 44003309, 44004306, 44005303, 44006300, 44007297, 44008294, 44009291, 44010288]",fdf0dad1dab613050c146c99fae22da8c92da89385191822adadb8ec6be23b91,560,49,49,7,3,0,2112000,7c9560ae1c9f864892fc08b3f380859a15c5ecfdadc79a6ff2395614c4ff2149,True,0
440,HistoryIdentitySame,1,68.63999938964844,9.954974699998274,"[95, 6, 49, 55, 74, 53, 26, 27, 16, 21]","[44101318, 44102315, 44103312, 44104309, 44105306, 44106303, 44107300, 44108297, 44109294, 44110291]",1f4ca446b7460306bc29f2e79faa2b4163f1ed4292e49d62d20bb79a57d535c3,560,35,34,5,5,0,2112000,bc35dd35c79ece18c6e5740abe6a9d3d4718f866a9e299f2db38228050fa156d,True,0
441,HistoryIdentitySame,1,78.80000305175781,10.421162600017851,"[72, 86, 40, 12, 89, 0, 66, 52, 54, 29]","[44201321, 44202318, 44203315, 44204312, 44205309, 44206306, 44207303, 44208300, 44209297, 44210294]",3bf8b137d35ff5667ae4583e8bd1eb260d9fdc7b7553064f9a954aa37405edf4,560,42,40,6,4,0,2112000,21e260fa6b3cc47a23035aa34df366dcd8b9cd27a0d82192e3d44a79580653f0,True,0
442,HistoryIdentitySame,1,76.12999725341797,9.905155399988871,"[32, 76, 58, 59, 44, 71, 93, 96, 45, 47]","[44301324, 44302321, 44303318, 44304315, 44305312, 44306309, 44307306, 44308303, 44309300, 44310297]",5c5696988a6ad53232a1243c0d23d5602bbab921f05e68718c64fb9f6536c01a,560,56,56,8,2,0,2112000,4b944f6a6f8d9e85511c64fd7c56f3a7b2aa3ceaa3d63454b40ed35473bbe579,True,0
443,HistoryIdentitySame,1,71.79000091552734,11.231811200006632,"[17, 14, 46, 7, 68, 84, 43, 35, 61, 99]","[44401327, 44402324, 44403321, 44404318, 44405315, 44406312, 44407309, 44408306, 44409303, 44410300]",918d3aed5b1dbc2f10fdbfe4680fe2b88c105d6b9f31629064e4824fcb28c2de,560,35,34,5,5,0,2112000,b179602fda10d7c6f8e537e7886525ae08219ec12ab9f20083a894a96ea8207c,True,0
444,HistoryIdentitySame,1,72.44999694824219,8.42754319999949,"[69, 5, 99, 15, 89, 98, 56, 54, 48, 90]","[44501330, 44502327, 44503324, 44504321, 44505318, 44506315, 44507312, 44508309, 44509306, 44510303]",6a84227415f11b47ea537ff42518473efba0977b57db39c5e73a7ee1f9f88a43,560,35,33,5,5,0,2112000,9aa4792aea646fc6435b4207052a1e1470014dcf1d90f3c23ff7855fa2c0cd2e,True,0
445,HistoryIdentitySame,1,75.95999908447266,10.486276700015878,"[40, 55, 60, 58, 38, 33, 13, 46, 15, 64]","[44601333, 44602330, 44603327, 44604324, 44605321, 44606318, 44607315, 44608312, 44609309, 44610306]",1e68db582449f25a07de3b2767060847878437d168e63f9c4ba20d327c6fe8a0,560,35,35,5,5,0,2112000,d00216cd46c6f74cb2b2371830a634e09605f7a27c25d908fcf6cfef1fdaf5c3,True,0
446,HistoryIdentitySame,1,77.31999969482422,9.579790699994192,"[45, 76, 62, 4, 1, 70, 16, 87, 35, 7]","[44701336, 44702333, 44703330, 44704327, 44705324, 44706321, 44707318, 44708315, 44709312, 44710309]",efd84aa20ceaccf3cae8ec400c08dc62eaf2d83969402320360cbde3f1a5d357,560,56,55,8,2,0,2112000,4290aabec477afaf72eb5fb93b2ec041c4b2d01569bdc8491eb0fc9c8ad53e6e,True,0
447,HistoryIdentitySame,1,73.33000183105469,9.207309300021734,"[25, 85, 89, 47, 0, 21, 39, 83, 87, 27]","[44801339, 44802336, 44803333, 44804330, 44805327, 44806324, 44807321, 44808318, 44809315, 44810312]",73c373a1482509aae02116478d9e038f2065b980b4cb7f794be9464ac60d6a5e,560,42,41,6,4,0,2112000,081b91e01c3e99f45e3d99a28677c37b4c7dad9d5f85700784f80e4acce48067,True,0
448,HistoryIdentitySame,1,78.69999694824219,12.74620490000234,"[30, 22, 23, 63, 42, 80, 78, 86, 60, 5]","[44901342, 44902339, 44903336, 44904333, 44905330, 44906327, 44907324, 44908321, 44909318, 44910315]",0eadef0d023d42ddd5d754d5483f39e882c94254d2de1956dd422d24a206276b,560,28,28,4,6,0,2112000,c2684fcb82384e4f4ed6985069261f94efadcec3b5f629f91c8b2d4ea1797cc5,True,0
449,HistoryIdentitySame,1,68.83999633789062,8.891090899996925,"[30, 98, 87, 67, 44, 90, 46, 19, 31, 70]","[45001345, 45002342, 45003339, 45004336, 45005333, 45006330, 45007327, 45008324, 45009321, 45010318]",b2a65b01c68f7b9d05e1eb9869c77a05224ebdca6725ad017471e934aba133fe,560,56,56,8,2,0,2112000,3b47c53bd1c119d820f47cbf6e773c3f7611a040b018fc64d86ef01eae3abe2e,True,0
450,HistoryIdentitySame,1,77.2300033569336,11.658966799994232,"[63, 60, 88, 55, 7, 49, 73, 18, 11, 3]","[45101348, 45102345, 45103342, 45104339, 45105336, 45106333, 45107330, 45108327, 45109324, 45110321]",0eb580b311345ab0198c26d34e6e3adc534e6834748cb9b6914455cd75edf615,560,35,34,5,5,0,2112000,65d3a4a95c3931827063c770b821b5ca643ae19dac6117d35dec2382ab19dfbe,True,0
451,HistoryIdentitySame,1,71.58000183105469,12.414118299988331,"[46, 57, 61, 67, 52, 49, 17, 15, 58, 63]","[45201351, 45202348, 45203345, 45204342, 45205339, 45206336, 45207333, 45208330, 45209327, 45210324]",ca9fc52c4e1da3ca571be107a2a1360d3fc1a5b2bb14566212fdffb66a71b747,560,63,61,9,1,0,2112000,c70bde97c059e480ef217ecc87caeba2c6d445e4c3dbcaaa44034da304b033d3,True,0
452,HistoryIdentitySame,1,79.62999725341797,10.11451839999063,"[96, 35, 60, 56, 85, 26, 52, 58, 81, 0]","[45301354, 45302351, 45303348, 45304345, 45305342, 45306339, 45307336, 45308333, 45309330, 45310327]",623cc5d976785237136b737eeef73688ea4b6d7ab4b3f3afee5651187ba697e5,560,56,55,8,2,0,2112000,b85932ec57e83a0148dc3900b4635322723b0f57d11ad0b1b4701857aff912f2,True,0
453,HistoryIdentitySame,1,78.23999786376953,9.226437100005569,"[12, 87, 25, 67, 50, 83, 22, 43, 88, 48]","[45401357, 45402354, 45403351, 45404348, 45405345, 45406342, 45407339, 45408336, 45409333, 45410330]",ea2a2582f15141e8e6b486c9068d962cf918ab4f9c3d91fad1194335185677e8,560,56,55,8,2,0,2112000,e20215f6c0f6cae1018ef34f256965a09576c8ebc6e3bcb0fea749d91eb1c6be,True,0
454,HistoryIdentitySame,1,76.75,10.149049600004219,"[20, 94, 6, 43, 53, 13, 28, 97, 61, 25]","[45501360, 45502357, 45503354, 45504351, 45505348, 45506345, 45507342, 45508339, 45509336, 45510333]",3accf6dcdf63e9774c4e3d5c99d0c66a97c3dd22e28df352efefcbe3824ae249,560,28,28,4,6,0,2112000,92a8bb0bcb68b0420b937d471e2e6e472e35b30d00f53530f781924d195fe98d,True,0
455,HistoryIdentitySame,1,77.80000305175781,8.5284052999923,"[64, 21, 54, 42, 31, 83, 91, 58, 8, 30]","[45601363, 45602360, 45603357, 45604354, 45605351, 45606348, 45607345, 45608342, 45609339, 45610336]",1741ae5216ba479848716597ffe81b0912a68e77c673105760cd981ff0d3de1d,560,49,49,7,3,0,2112000,624840eeafe20b299936ab4e3dd4384838db8e4ddb5bf6789d6bcda2c8c069ab,True,0
456,HistoryIdentitySame,1,77.58999633789062,9.945100899989484,"[21, 55, 76, 1, 80, 84, 16, 28, 86, 96]","[45701366, 45702363, 45703360, 45704357, 45705354, 45706351, 45707348, 45708345, 45709342, 45710339]",e72c0b4292076a41f143dae01ad136b8dd3fabdaea1e7b91d38bb932f3ca63dd,560,63,61,9,1,0,2112000,b436b710c0bb26dab921510518a467639c8ce9f8f33806ca97c940540430a9e5,True,0
457,HistoryIdentitySame,1,77.61000061035156,9.203029800002696,"[27, 46, 72, 31, 53, 66, 14, 75, 77, 99]","[45801369, 45802366, 45803363, 45804360, 45805357, 45806354, 45807351, 45808348, 45809345, 45810342]",7a6512caf66b850135b7792548d6c4e0c1cab9cdad8777e22ab51ac9ae7791f9,560,28,28,4,6,0,2112000,86e2a5ce73f06d239b19a974bf815f010401037d078421297116b0f4fd9eafdb,True,0
458,HistoryIdentitySame,1,71.69999694824219,11.66944080000394,"[94, 60, 27, 1, 47, 24, 79, 33, 3, 10]","[45901372, 45902369, 45903366, 45904363, 45905360, 45906357, 45907354, 45908351, 45909348, 45910345]",211f4e45d17c5549db77c229a06db9bb1f15763c9057c2a1ef34a469bde6b837,560,35,35,5,5,0,2112000,348be306fbf20639005b2d5c980b3ccfe935850ba280efd2677d65589a6846e3,True,0
459,HistoryIdentitySame,1,79.58000183105469,8.635048000025563,"[96, 93, 54, 84, 35, 20, 27, 47, 77, 59]","[46001375, 46002372, 46003369, 46004366, 46005363, 46006360, 46007357, 46008354, 46009351, 46010348]",52c10a3beb41584a8ad73f11925dbe11b10f538a4d2f17a80342c3e9cf2cd1b3,560,56,56,8,2,0,2112000,2d82ebf671b9a7023e510a039bbf16c3c2527217f0f974a6a42b845a189244e7,True,0
460,HistoryIdentitySame,1,69.3499984741211,9.897802199993748,"[43, 77, 80, 81, 46, 17, 41, 62, 39, 35]","[46101378, 46102375, 46103372, 46104369, 46105366, 46106363, 46107360, 46108357, 46109354, 46110351]",103eaf683819ab6798e615b417a60988bf6a5f39f14e8dce1453f1d32a275d45,560,49,48,7,3,0,2112000,ef2fbc9ca166f473061f397c80d790fe6bb0a7950a96232e91e294bb361d1b42,True,0
461,HistoryIdentitySame,1,80.44000244140625,13.126470300019719,"[19, 97, 29, 20, 55, 7, 63, 81, 76, 38]","[46201381, 46202378, 46203375, 46204372, 46205369, 46206366, 46207363, 46208360, 46209357, 46210354]",f89880c4651cff68590f27fcea1a16ec1bf7f747784454461b5a6665b2758908,560,42,42,6,4,0,2112000,8202a7a181a7b583ed21c966d69969f427c258d735def38ef4c234fb55d2e9db,True,0
462,HistoryIdentitySame,1,77.36000061035156,9.811737500014715,"[72, 66, 67, 15, 71, 2, 98, 78, 73, 52]","[46301384, 46302381, 46303378, 46304375, 46305372, 46306369, 46307366, 46308363, 46309360, 46310357]",ddc443c9c6a149998567444d1b8f6e33b42ae19e377c77e520a8831296a27e15,560,28,27,4,6,0,2112000,7264b546480409577ce1639fc466dfd848edc274d954f67630441bb5d14d5441,True,0
463,HistoryIdentitySame,1,80.75,10.945950599998469,"[50, 46, 14, 85, 68, 21, 61, 3, 73, 30]","[46401387, 46402384, 46403381, 46404378, 46405375, 46406372, 46407369, 46408366, 46409363, 46410360]",66caa7fe163f601453474a993de745b49c30637fec6b41c92a87d1f2a77be45c,520,56,54,8,2,0,2112000,4aa3931219fbf932d37943eb7aae8ede9e93ba192cc8a2de984fcca2fc5f88d5,True,0
464,HistoryIdentitySame,1,70.69000244140625,9.2246293000062,"[44, 94, 92, 97, 84, 46, 51, 5, 88, 6]","[46501390, 46502387, 46503384, 46504381, 46505378, 46506375, 46507372, 46508369, 46509366, 46510363]",5f6039b20cf68399a198e5c41731ff7c08a436f5804ba8be31838e99338db088,520,35,35,5,5,0,2112000,64b3d378d864e22e644d4daccaa59cb039b04eb496921d4694a46d9102e43302,True,0
465,HistoryIdentitySame,1,77.48999786376953,10.327469999989262,"[86, 9, 5, 40, 57, 0, 35, 3, 48, 88]","[46601393, 46602390, 46603387, 46604384, 46605381, 46606378, 46607375, 46608372, 46609369, 46610366]",193c12028b13a89ad5ac6949a08b9b330f54965c14a7a00529dde5deff08c3f8,520,35,34,5,5,0,2112000,1d391188a71d3567044c1823cd727b1ac631bd9e4ff03d358da47fe94f274008,True,0
466,HistoryIdentitySame,1,78.04000091552734,9.279047399992123,"[3, 32, 55, 9, 60, 90, 19, 71, 83, 97]","[46701396, 46702393, 46703390, 46704387, 46705384, 46706381, 46707378, 46708375, 46709372, 46710369]",fc86f0bcc4d868d638c96902204d8767ce2db6c80167feb2bb64aea668e179f5,520,49,48,7,3,0,2112000,44f3f9e62c73d643fb9cd139c11c0d57741819e019eff467cb57994d268c73a9,True,0
467,HistoryIdentitySame,1,73.5999984741211,8.787198000005446,"[79, 35, 38, 48, 52, 29, 91, 13, 70, 89]","[46801399, 46802396, 46803393, 46804390, 46805387, 46806384, 46807381, 46808378, 46809375, 46810372]",250f69be125b5f6934dccb4a53d6ec1b6c8b70031b937a0ff25acd139c19ef86,520,42,42,6,4,0,2112000,ad27293a1ed399205912b4f95f05dba829c0aa5ec3748fbe9f5feadb465a8e8e,True,0
468,HistoryIdentitySame,1,71.58000183105469,10.683322900003986,"[59, 64, 79, 90, 95, 86, 14, 20, 68, 48]","[46901402, 46902399, 46903396, 46904393, 46905390, 46906387, 46907384, 46908381, 46909378, 46910375]",28ee490d683715d141daa908f562317942901eb9816dc6fe3d9de60ae68d2096,520,56,56,8,2,0,2112000,98f500d41d6643466a26362f0d67934febfd8ffa86c63d60f0160a18e54e391a,True,0
469,HistoryIdentitySame,1,77.37999725341797,11.348715200001607,"[67, 12, 17, 24, 45, 9, 32, 20, 78, 3]","[47001405, 47002402, 47003399, 47004396, 47005393, 47006390, 47007387, 47008384, 47009381, 47010378]",18cd2a30e9c73e1c9e77a296708d43c480712d88f723218a2b846c12c146f614,520,49,48,7,3,0,2112000,e8ec07bef166d08e8b1c5d2cf24b327031e360c6774ab9153be838cf462eb3e3,True,0
470,HistoryIdentitySame,1,73.4800033569336,8.188170400011586,"[46, 56, 96, 43, 41, 73, 83, 35, 17, 67]","[47101408, 47102405, 47103402, 47104399, 47105396, 47106393, 47107390, 47108387, 47109384, 47110381]",22957732d975a6b5749bc768d12dff5ddb83a259bb09af0bf0d2467ed6141a33,520,56,54,8,2,0,2112000,8f98ffba697d72065aaef1d21f477fdda9e3ca07ad16778875743b68e1967aed,True,0
471,HistoryIdentitySame,1,73.19999694824219,8.355011299980106,"[87, 47, 32, 29, 43, 30, 27, 95, 22, 18]","[47201411, 47202408, 47203405, 47204402, 47205399, 47206396, 47207393, 47208390, 47209387, 47210384]",abb555d99c030f93e7bfb0f188ee63220f88154844048c8dec93e340af9ecb07,520,35,35,5,5,0,2112000,98deb2946cffcb2da10b189ff88d260ed066d8e1505bae8fdbccbd923e94734d,True,0
472,HistoryIdentitySame,1,78.91999816894531,9.25830709998263,"[27, 59, 81, 74, 47, 93, 4, 56, 14, 10]","[47301414, 47302411, 47303408, 47304405, 47305402, 47306399, 47307396, 47308393, 47309390, 47310387]",f45a401111b1637dcf47a20f675858770bf3edb07a2d1f15e19b0f8e4ebee517,520,35,34,5,5,0,2112000,667e10c3ac8535b5758b01d20caf7cdb3d4c08f4b4379b97f6fe24e1262c7365,True,0
473,HistoryIdentitySame,1,76.16000366210938,11.427522599988151,"[91, 33, 84, 87, 36, 39, 90, 58, 41, 62]","[47401417, 47402414, 47403411, 47404408, 47405405, 47406402, 47407399, 47408396, 47409393, 47410390]",10a12b3a48fa07ada2bb77a376a130fbdaa4da162ed9657ad75de8eeb524b52b,520,35,33,5,5,0,2112000,7e7956d7587878f9893ba93f2c3e839adf90861750143defa59df910230803c3,True,0
474,HistoryIdentitySame,1,71.2699966430664,7.474774800008163,"[52, 51, 38, 79, 77, 42, 30, 59, 97, 2]","[47501420, 47502417, 47503414, 47504411, 47505408, 47506405, 47507402, 47508399, 47509396, 47510393]",706a978dfa5db526bf3e7a5f00b784d8d801d16cf5fe7c0e03b24019ab443a3c,520,49,49,7,3,0,2112000,dca9cc46e96398390fb3143bb11ef3fd1376eb38d697a4246de717703d24ed2f,True,0
475,HistoryIdentitySame,1,66.48999786376953,11.93533129998832,"[65, 38, 67, 29, 18, 6, 62, 36, 22, 85]","[47601423, 47602420, 47603417, 47604414, 47605411, 47606408, 47607405, 47608402, 47609399, 47610396]",d1a458112160cb4adc8c67523229efd4f777d7a7b0f55c49532a0df36a32dc16,520,49,48,7,3,0,2112000,88e5079c3a33395a53ecb8d8859c7d6cd15b970f2b2b2a5747a1e59be4340005,True,0
476,HistoryIdentitySame,1,69.08000183105469,11.022441300010541,"[11, 62, 16, 24, 59, 91, 93, 31, 23, 0]","[47701426, 47702423, 47703420, 47704417, 47705414, 47706411, 47707408, 47708405, 47709402, 47710399]",8abb1f3b9646c0c0610b03b23f6e3abcf3c389d16c9106fc544c70f7ee613ff2,520,35,35,5,5,0,2112000,d917ee629887022f9596ccb815fb6dba2f02eb82d03d278135dac3286537adb5,True,0
477,HistoryIdentitySame,1,71.87999725341797,8.987477199989371,"[80, 46, 69, 71, 96, 45, 0, 31, 27, 21]","[47801429, 47802426, 47803423, 47804420, 47805417, 47806414, 47807411, 47808408, 47809405, 47810402]",699ea2a1ec68c8585643e0611039804ec0ec678e6c2a6b3236df464ac00627e4,520,42,42,6,4,0,2112000,ad6eb395b87edbde42e800bc6f1ede06013a8a799a803613465afeabd04a848a,True,0
478,HistoryIdentitySame,1,70.83999633789062,12.81393649999518,"[16, 76, 19, 50, 17, 63, 93, 47, 57, 49]","[47901432, 47902429, 47903426, 47904423, 47905420, 47906417, 47907414, 47908411, 47909408, 47910405]",8c64f16a5f0f6cc9f88ea2c9c3865434f9bb76141c1bfcb89c9bede1ce5bc204,520,28,27,4,6,0,2112000,f6283caaa6a1e6038d1fdcc620c80b5721dab8200a60b123a193279ed173c6df,True,0
479,HistoryIdentitySame,1,80.12999725341797,10.958419400005369,"[82, 57, 66, 24, 11, 30, 5, 14, 91, 72]","[48001435, 48002432, 48003429, 48004426, 48005423, 48006420, 48007417, 48008414, 48009411, 48010408]",39612f7fe9749983173564354bc2fc7799e060fee92f3b40df2d6a10825eee2c,520,42,42,6,4,0,2112000,59ae950dc6cddafd26d7c1cd8c32d7811bc20f79bc5cc59d3a500ae731577ee4,True,0
480,HistoryIdentitySame,1,78.95999908447266,10.635298700013664,"[5, 66, 73, 93, 9, 23, 13, 12, 30, 74]","[48101438, 48102435, 48103432, 48104429, 48105426, 48106423, 48107420, 48108417, 48109414, 48110411]",ff5af3318aec5c99e8becc54ddc700c48bfa587c7f2a160c39f0997bee9b2f1a,520,49,49,7,3,0,2112000,3a9576b077f302e05b65e2b4814f0aafa73fc988627a6c2deb5c2475fc25f09e,True,0
481,HistoryIdentitySame,1,78.47000122070312,7.830391399998916,"[11, 85, 77, 4, 94, 43, 18, 48, 38, 10]","[48201441, 48202438, 48203435, 48204432, 48205429, 48206426, 48207423, 48208420, 48209417, 48210414]",dfb9cfa727b3188aae136d570b9d5668d33fd705a158358693af128647b11347,520,56,56,8,2,0,2112000,9fa95ea6849ec07df52a3b054f1461c678b0de4aed12baffcca07d3ab9bb37dc,True,0
482,HistoryIdentitySame,1,76.37999725341797,8.2250579999818,"[20, 95, 47, 0, 45, 5, 64, 98, 13, 96]","[48301444, 48302441, 48303438, 48304435, 48305432, 48306429, 48307426, 48308423, 48309420, 48310417]",c19ea207e47baa65a6bbe7d24ac3309f60cdb29171999e77666a65c19ee550eb,520,42,42,6,4,0,2112000,8df0405d93283f2c4aa25a74bbbe4ac4179617121a9c9254901b54e32474566d,True,0
483,HistoryIdentitySame,1,73.0999984741211,10.375595099991187,"[51, 4, 98, 99, 17, 69, 48, 24, 63, 23]","[48401447, 48402444, 48403441, 48404438, 48405435, 48406432, 48407429, 48408426, 48409423, 48410420]",8ecea8ff4348d46c16890a12f5e4cc83324b7a926a31452013ce1df976445f4d,520,63,62,9,1,0,2112000,839ef3c8acffba7a47b3678fe646b0a1ea62864c8df32a6ed3cc114ceb576896,True,0
484,HistoryIdentitySame,1,73.9000015258789,12.25033139999141,"[30, 73, 58, 26, 65, 50, 70, 48, 3, 83]","[48501450, 48502447, 48503444, 48504441, 48505438, 48506435, 48507432, 48508429, 48509426, 48510423]",cda8c847ea66f8860d9fdd12be284ec2c643022c3a1e2cbafaab8f13cc64ba43,520,35,34,5,5,0,2112000,b878cea9c18a900f7a81205a74e2c505b803df044f5a6f1bcc033af7317ca0e2,True,0
485,HistoryIdentitySame,1,71.56999969482422,12.435222500003874,"[2, 23, 38, 5, 46, 86, 14, 91, 80, 22]","[48601453, 48602450, 48603447, 48604444, 48605441, 48606438, 48607435, 48608432, 48609429, 48610426]",7f42315c86a83d2bb47b2cc03b88bf1fa3b09d22ccb4b90c5ed955aa85ee621b,520,56,54,8,2,0,2112000,fe66083f166dcaf0ebca15ea8bf2746dcaf6e2f79dc383e4555b0281060f6753,True,0
486,HistoryIdentitySame,1,69.48999786376953,11.134734100021888,"[18, 10, 17, 49, 41, 78, 51, 92, 57, 44]","[48701456, 48702453, 48703450, 48704447, 48705444, 48706441, 48707438, 48708435, 48709432, 48710429]",e3503384316df3d827423aeb41c9c048ef42906dd6719415c5116c0ce11caefb,520,42,42,6,4,0,2112000,104605fc3589e568e3f1b3d0b3e5ac32120f2060ef3e8863e37a8e0f93deffee,True,0
487,HistoryIdentitySame,1,76.33999633789062,9.494866199995158,"[59, 54, 5, 83, 49, 17, 24, 99, 48, 8]","[48801459, 48802456, 48803453, 48804450, 48805447, 48806444, 48807441, 48808438, 48809435, 48810432]",c1f41cb9a0e022ebcb96ecd42fd37dbc95fcac28779c2b8f25a4178524d78a47,520,49,47,7,3,0,2112000,763d412bb00832600f62edeb484f12fe78be4c8a7cecf9c71828a4dd560672a5,True,0
488,HistoryIdentitySame,1,79.31999969482422,9.629746199992951,"[81, 69, 41, 51, 29, 3, 35, 96, 20, 54]","[48901462, 48902459, 48903456, 48904453, 48905450, 48906447, 48907444, 48908441, 48909438, 48910435]",4d6c0bae94001af5b0be8e457d103e2974aeb6172dbb9553ce164fde52dce5f8,520,49,47,7,3,0,2112000,44fc72bd1a25d1856ee16feb59ff6ab868b802a83aaba26f6d9f9e3918e85910,True,0
489,HistoryIdentitySame,1,79.69000244140625,8.870426800014684,"[20, 53, 42, 59, 83, 44, 4, 39, 15, 61]","[49001465, 49002462, 49003459, 49004456, 49005453, 49006450, 49007447, 49008444, 49009441, 49010438]",3a01dc1525091e4af7cbe7424785abdfe3f6d3e48aee4c73e996c0212251f6ea,520,35,35,5,5,0,2112000,deb494595c4a3342cac72fde721adb18dce8327947add5634d997adfe5e4071f,True,0
490,HistoryIdentitySame,1,77.79000091552734,11.573442499997327,"[7, 25, 37, 24, 96, 88, 54, 70, 27, 23]","[49101468, 49102465, 49103462, 49104459, 49105456, 49106453, 49107450, 49108447, 49109444, 49110441]",d5e9dbae207a3327fe1555b628c9162a6894c1c69cc2df921c455f5ec9a28b75,520,35,34,5,5,0,2112000,0c89398a411cc153a1ca17378fd6de7edc6164d2acf81cc7db165ec255175f62,True,0
491,HistoryIdentitySame,1,69.02999877929688,9.702308499981882,"[39, 34, 92, 2, 10, 49, 17, 89, 54, 84]","[49201471, 49202468, 49203465, 49204462, 49205459, 49206456, 49207453, 49208450, 49209447, 49210444]",9f25a731816a32223cb24f2e39b6063d9d0034e5843abef5748d42d4de8938ef,520,49,48,7,3,0,2112000,b7ba9d9013975782db237ee796fcc9731d5b1ccc6af7a2bb97243546e47135e2,True,0
492,HistoryIdentitySame,1,76.16999816894531,9.784046799992211,"[71, 20, 64, 53, 77, 52, 49, 16, 11, 96]","[49301474, 49302471, 49303468, 49304465, 49305462, 49306459, 49307456, 49308453, 49309450, 49310447]",da6ef1799638718ca8f7623fd9e80156088dcdc7f9b911b881432e43f7c921a8,520,35,35,5,5,0,2112000,33a893f88c9c95c81e66fdc79a5da067c9d222c35ad9c63908a8c78d29ee5f75,True,0
493,HistoryIdentitySame,1,75.97000122070312,10.222218899987638,"[71, 78, 59, 54, 34, 25, 10, 60, 9, 93]","[49401477, 49402474, 49403471, 49404468, 49405465, 49406462, 49407459, 49408456, 49409453, 49410450]",797751af61b38afa5d75756ecc11f357c1188043f833768768ba2cb72d0dadba,520,49,49,7,3,0,2112000,9052394c1f6988a7254bf83c70f68e452af58f390f038663d5cfa95ce6c14b6f,True,0
494,HistoryIdentitySame,1,72.77999877929688,10.225307899992913,"[77, 84, 40, 10, 60, 28, 53, 19, 81, 75]","[49501480, 49502477, 49503474, 49504471, 49505468, 49506465, 49507462, 49508459, 49509456, 49510453]",ec0a892f7b81f71f062e5f34c6904ba305a5553adcd3f7abddb04fd5ec6a3ddf,520,42,41,6,4,0,2112000,1b8ebba9b552c1e16a61b73e250a910b7ff966b24a7f315a697c292528dd5da2,True,0
495,HistoryIdentitySame,1,73.02999877929688,8.829089400009252,"[63, 91, 87, 18, 32, 92, 76, 9, 50, 52]","[49601483, 49602480, 49603477, 49604474, 49605471, 49606468, 49607465, 49608462, 49609459, 49610456]",e9c8673244b6a7597cf660a1ace64e77aed7b99aa3cad209df4258926b1fc19f,520,35,34,5,5,0,2112000,db08a537c368f565a47cba6a17815e23ac337f52bbd290006f6bd71348121de6,True,0
496,HistoryIdentitySame,1,68.61000061035156,9.881530399987241,"[46, 1, 66, 58, 29, 99, 57, 97, 76, 8]","[49701486, 49702483, 49703480, 49704477, 49705474, 49706471, 49707468, 49708465, 49709462, 49710459]",4e843d46c591e87182a84502d4b75a8888df38fb12a248d35246d94e7b1e7cf4,520,28,28,4,6,4,2112000,c4e1bee5c2665ea0de4c0a7231e63e327eb3e256fc1760a7c00daa29249a1b25,True,0
497,HistoryIdentitySame,1,75.01000213623047,11.174121300020488,"[97, 46, 45, 20, 58, 25, 69, 61, 37, 92]","[49801489, 49802486, 49803483, 49804480, 49805477, 49806474, 49807471, 49808468, 49809465, 49810462]",b2b731a634d0cd3f00deb8bffb6f3829218d12b61aedc36a6b7b2d8a505de1d6,520,63,60,9,1,0,2112000,be0c01a21147afcc11bd90598e2596bcc33c58f84fca3a92c400750750fb9af7,True,0
498,HistoryIdentitySame,1,79.62999725341797,11.673734700016212,"[58, 27, 66, 23, 64, 71, 81, 24, 82, 73]","[49901492, 49902489, 49903486, 49904483, 49905480, 49906477, 49907474, 49908471, 49909468, 49910465]",a65af9bbe2db42a345a06c41943596815763465289cd6064124874578a7e9d0a,520,56,56,8,2,0,2112000,77ca47e91523593efe288510d0961df8ae5ca47e7e073294c0f279f76684fde9,True,0
499,HistoryIdentitySame,1,72.23999786376953,7.749521099991398,"[77, 50, 22, 1, 95, 15, 31, 32, 4, 68]","[50001495, 50002492, 50003489, 50004486, 50005483, 50006480, 50007477, 50008474, 50009471, 50010468]",9ede7e373b8daa068912679fd0a883b26920fb531a39566da20f4a07ae5df16c,520,42,40,6,4,0,2112000,812d09d1da3429ec208314da29710d08fc653a459981d6f0afa4ec312e8c7698,True,0
500,HistoryIdentitySame,1,78.95999908447266,10.957825999998022,"[18, 68, 36, 13, 21, 16, 45, 31, 2, 61]","[50101498, 50102495, 50103492, 50104489, 50105486, 50106483, 50107480, 50108477, 50109474, 50110471]",356d933d94761997d93f82e02405d173895ce237d064f8024d7597e3311adaea,520,49,49,7,3,0,2112000,9f9989221eee7eae266dfa7ec03a738f4c4943c41b7efa4e7c2bf35ca6f28c6b,True,0
501,HistoryIdentitySame,1,77.54000091552734,11.039667799981544,"[3, 56, 6, 10, 33, 20, 71, 77, 79, 13]","[50201501, 50202498, 50203495, 50204492, 50205489, 50206486, 50207483, 50208480, 50209477, 50210474]",b8d8d3923bf79df889220ca9594f2cf97120810118db2009ed18c2d90c668491,520,35,35,5,5,0,2112000,8642862a68294ba5b0be14702a9fcdc031fe7a4448267dd6e006ae98414aac86,True,0
502,HistoryIdentitySame,1,76.56999969482422,8.349317999993218,"[55, 2, 52, 15, 10, 22, 98, 27, 1, 99]","[50301504, 50302501, 50303498, 50304495, 50305492, 50306489, 50307486, 50308483, 50309480, 50310477]",1de2e249a4037e03e1358913c94cfcb7061ca9d0c27026777dedea724d3898b1,520,56,56,8,2,0,2112000,15bd0700b28a4a379c24c2d8a7cce6173fc2bb28f262029e2307ebed2a6811dd,True,0
503,HistoryIdentitySame,1,77.77999877929688,8.619141000002855,"[74, 52, 66, 96, 15, 59, 16, 35, 30, 34]","[50401507, 50402504, 50403501, 50404498, 50405495, 50406492, 50407489, 50408486, 50409483, 50410480]",46c51cb345a7cc6c6c1484ae1c2e10528aae18e57011c6ef95f636e97ec93a9d,520,42,41,6,4,0,2112000,bc63f93f5ba80bef64f2d4bcc5dc2811c6c0ca0276764a4ee3966766bff8c9e0,True,0
504,HistoryIdentitySame,1,77.77999877929688,9.189894500013907,"[71, 96, 87, 18, 46, 24, 29, 3, 51, 66]","[50501510, 50502507, 50503504, 50504501, 50505498, 50506495, 50507492, 50508489, 50509486, 50510483]",23f471c1e66dc2857287a7b3ca6974f38f624adf11dddda711f28098c574442b,520,63,63,9,1,0,2112000,50ece84416f3fb79e6c9b106be91434ba7770b50603aa1099fed960ec1947bb8,True,0
505,HistoryIdentitySame,1,79.43000030517578,9.88212530000601,"[27, 7, 32, 83, 12, 71, 14, 97, 30, 96]","[50601513, 50602510, 50603507, 50604504, 50605501, 50606498, 50607495, 50608492, 50609489, 50610486]",9abab33a534f523490fd2bc2c9b99883015e5d9205055c971e499dbea52a9c1a,520,42,42,6,4,0,2112000,76ed4a69166df6127696065e620dd7cf72e793cd0cbfa8ae51aaf514f31c7888,True,0
506,HistoryIdentitySame,1,69.08999633789062,9.18453130000853,"[34, 56, 77, 51, 11, 83, 57, 12, 46, 89]","[50701516, 50702513, 50703510, 50704507, 50705504, 50706501, 50707498, 50708495, 50709492, 50710489]",b9ed54ad88ba6dcf84e7b13c1722706f6f643e2d5ade6ae5a808f1fc9b60e5cc,520,56,56,8,2,0,2112000,907e89108f89750501d58ccbf7e95ac9790c41ac273536a8368bc5a1458a1a02,True,0
507,HistoryIdentitySame,1,72.11000061035156,10.49165740000899,"[53, 62, 22, 12, 1, 26, 30, 93, 6, 46]","[50801519, 50802516, 50803513, 50804510, 50805507, 50806504, 50807501, 50808498, 50809495, 50810492]",fcc8af9fe537de769791624cc0406bdb14298e2f786112bd1b1b1a96bf2e7fbf,520,42,42,6,4,0,2112000,e75ad1d1d3fbae4cbf2225b375b641ed052c07912283d831b1a5aeffb1e82335,True,0
508,HistoryIdentitySame,1,74.56999969482422,8.85579649999272,"[49, 15, 1, 95, 74, 37, 39, 84, 0, 91]","[50901522, 50902519, 50903516, 50904513, 50905510, 50906507, 50907504, 50908501, 50909498, 50910495]",f5a71106af65af8c8eb1eb10abfcaf907449e9a06c3c5451f1932d8c15eb9639,520,28,28,4,6,0,2112000,0b8c78821a0685deb0a654e0bab19c8ac85b6b9c73776d34ad95d382a76dd9f8,True,0
509,HistoryIdentitySame,1,72.08000183105469,10.555280800006585,"[65, 99, 47, 19, 4, 87, 64, 28, 26, 27]","[51001525, 51002522, 51003519, 51004516, 51005513, 51006510, 51007507, 51008504, 51009501, 51010498]",449a47d8bcf285a2f5745c0066cb9f570e5acedc78336d89c04fa7e8fec05070,520,35,35,5,5,0,2112000,8b8957b857a40f94d903672369998830e4491e8ddfad83947f16b92acb54a04c,True,0
510,HistoryIdentitySame,1,72.20999908447266,9.865832799987402,"[38, 58, 15, 96, 8, 17, 18, 44, 27, 77]","[51101528, 51102525, 51103522, 51104519, 51105516, 51106513, 51107510, 51108507, 51109504, 51110501]",a722f9f4bafc4c3498ff8eec36764fda9f23a20d5d51242ff8be7a6d3ed1ed7b,520,35,33,5,5,0,2112000,755f1fd0af85d9cf27a9d6c9c18c3af000ed1fb554efd5f4afe1e25ac98208f8,True,0
511,HistoryIdentitySame,1,69.75,9.522212299983948,"[83, 66, 23, 74, 21, 5, 53, 54, 94, 67]","[51201531, 51202528, 51203525, 51204522, 51205519, 51206516, 51207513, 51208510, 51209507, 51210504]",178e81138efebfb84f0dcb8c1bb9160da492bdcf8b0bcc143529e78c7fb1c154,520,28,26,4,6,0,2112000,89eac2ec6a294b9eba71ade0afdbe61cd2177a7510d93d07851d0cfc3121ad27,True,0
512,HistoryIdentitySame,1,70.01000213623047,11.10205849999329,"[28, 58, 95, 24, 99, 80, 43, 26, 10, 62]","[51301534, 51302531, 51303528, 51304525, 51305522, 51306519, 51307516, 51308513, 51309510, 51310507]",dd5635260a0074bab333bf1579cbf62e8ff706a94e017a49ee09fb62182052d6,520,56,55,8,2,0,2112000,106765fee4b34e65f8a94a3d03cc3b5920076c8292dd4899f0a2353f2944c2b7,True,0
513,HistoryIdentitySame,1,70.88999938964844,10.029792300018016,"[89, 4, 75, 15, 16, 92, 70, 7, 21, 77]","[51401537, 51402534, 51403531, 51404528, 51405525, 51406522, 51407519, 51408516, 51409513, 51410510]",08a9b0d98df57d0ee4c5ef13ae2fcbf5bca496a99fda1f4a96f4a1ee1d493570,520,49,48,7,3,0,2112000,abb803119e8391a1ebca16b540cd8624d68b61aca0b0b1787c0c6c087af2edfb,True,0
514,HistoryIdentitySame,1,72.97000122070312,9.334192499984056,"[59, 45, 90, 0, 50, 15, 12, 80, 52, 87]","[51501540, 51502537, 51503534, 51504531, 51505528, 51506525, 51507522, 51508519, 51509516, 51510513]",9358c71f23f56dc20b187631d7ed4a65e3669090bbd50d49b46f33283216f4d1,520,35,35,5,5,0,2112000,9d87a743e4e014f6b0badd3d7b3de5710d3cf0d21efbbecd9caa2789d6aedd26,True,0
515,HistoryIdentitySame,1,78.93000030517578,13.182536200009054,"[64, 34, 14, 30, 92, 17, 73, 20, 7, 55]","[51601543, 51602540, 51603537, 51604534, 51605531, 51606528, 51607525, 51608522, 51609519, 51610516]",079c2913b575521306602769c11c3fda3be32c4515297ac5f9c6e0f057c16815,520,49,49,7,3,0,2112000,45165913a43072f4253a9062959ec0c8c90ee85e2779bac760a5606aef7b6956,True,0
516,HistoryIdentitySame,1,79.5199966430664,9.710750300000655,"[76, 47, 49, 39, 13, 12, 30, 31, 79, 63]","[51701546, 51702543, 51703540, 51704537, 51705534, 51706531, 51707528, 51708525, 51709522, 51710519]",ad3bb6a8fbd86ab77437424eebf9e180b15f0727cd5845eac96ba4d249839cad,520,35,33,5,5,0,2112000,d02919f011f8654feb29aca2eed2ea1b7456a649e2ab9c77cfcdd0348e96252d,True,0
517,HistoryIdentitySame,1,78.0,10.693068699998548,"[71, 38, 14, 10, 83, 23, 8, 12, 81, 60]","[51801549, 51802546, 51803543, 51804540, 51805537, 51806534, 51807531, 51808528, 51809525, 51810522]",ed0d7159ca78d28708499df6e33524267b7e16e0f295cd91a0126a1c9272f7e6,520,49,47,7,3,0,2112000,3f3228ef4192bd53653e54fab8cf4b59abe772e0491bc08221a53dbfb1174aa2,True,0
518,HistoryIdentitySame,1,70.80000305175781,10.462979100004304,"[76, 78, 89, 17, 44, 5, 13, 41, 80, 27]","[51901552, 51902549, 51903546, 51904543, 51905540, 51906537, 51907534, 51908531, 51909528, 51910525]",378e6a2dc4f1083d7cbb0c05046000540aa1fec468c86b1f6ddcd9268ba4f30a,520,56,56,8,2,0,2112000,997145ab9e6264658a507a9ff0923cfa0fcfc6804eea1b028f23b649c650f53f,True,0
519,HistoryIdentitySame,1,75.33000183105469,9.24007959998562,"[28, 17, 48, 27, 44, 43, 38, 89, 10, 61]","[52001555, 52002552, 52003549, 52004546, 52005543, 52006540, 52007537, 52008534, 52009531, 52010528]",aa40507ddbf5a0d541f9732b0e1ba0aedc09a83ca8639124057e1c01e736a678,520,56,55,8,2,0,2112000,e435c9fb768bec5b2e5d49f8e42fd9d8daa1db6c754ef0eb7d8f2223aca0548c,True,0
520,HistoryIdentitySame,1,77.6500015258789,8.8146376000077,"[33, 35, 76, 73, 27, 64, 2, 67, 4, 62]","[52101558, 52102555, 52103552, 52104549, 52105546, 52106543, 52107540, 52108537, 52109534, 52110531]",4acc1b44c4326d4a04f6690f389c4a92c0467f8ff0bbf30408bbc181c7732120,520,49,48,7,3,0,2112000,18883d9f22a6d0ec9c9dd3a547b1ffcf9ef4f91d541fbd1b557e2e162bc1ced4,True,0
521,HistoryIdentitySame,1,73.29000091552734,10.764075699989917,"[21, 65, 85, 55, 26, 2, 87, 32, 95, 76]","[52201561, 52202558, 52203555, 52204552, 52205549, 52206546, 52207543, 52208540, 52209537, 52210534]",430f5cb8cdbdeb61da4f6770b07fc57e5420518f1bd8c3fc8b2daf89f8ee0236,520,49,47,7,3,0,2112000,eb3971985a3e0b6397738cda58084971c096915b9906e345ab1385f36c5d26ac,True,0
522,HistoryIdentitySame,1,69.97000122070312,10.61641220000456,"[1, 25, 27, 86, 15, 34, 49, 47, 54, 33]","[52301564, 52302561, 52303558, 52304555, 52305552, 52306549, 52307546, 52308543, 52309540, 52310537]",f48d1bb3b4f23396d95d7b1ae61a6e9674f3cfff2ddd1517914982d0f2962cbf,520,42,42,6,4,0,2112000,3fe883ac7f0a1018dface6f048b94c8efd024327c7706a6b342081ec489b426c,True,0
523,HistoryIdentitySame,1,65.54000091552734,11.388056399999186,"[20, 93, 27, 92, 31, 0, 6, 46, 95, 26]","[52401567, 52402564, 52403561, 52404558, 52405555, 52406552, 52407549, 52408546, 52409543, 52410540]",cace6c4266318205a30c2a3b749d231fda04ecf1a4f122cab947224be16be34a,520,49,49,7,3,0,2112000,2bb576549d92e9eca4629a278c4945720a3b1c836194bf922bd5b9d2923a2470,True,0
524,HistoryIdentitySame,1,76.9800033569336,8.352179499983322,"[67, 96, 90, 44, 94, 97, 74, 4, 45, 57]","[52501570, 52502567, 52503564, 52504561, 52505558, 52506555, 52507552, 52508549, 52509546, 52510543]",3cca3eca093d0cf7b0f27efdd850b0232609022ecd5f7cff1d6971cf5b07471c,520,35,35,5,5,0,2112000,45f0dee88c1f825a6b38756442e4506937512f754fdf2f4d4635d007fb560b23,True,0
525,HistoryIdentitySame,1,73.62000274658203,10.660965100018075,"[41, 10, 32, 22, 79, 97, 44, 24, 61, 25]","[52601573, 52602570, 52603567, 52604564, 52605561, 52606558, 52607555, 52608552, 52609549, 52610546]",060c53bcc1763b05ad908cd4f84a4906698f69e3b0377d76b0b53aba4bb8aac2,520,56,54,8,2,0,2112000,abdc61333cad01e5c6b1c1440293de0418cecc19dfd1b657daf0a198037f1c1d,True,0
526,HistoryIdentitySame,1,71.37999725341797,11.575971299986122,"[39, 46, 12, 21, 27, 65, 33, 94, 56, 60]","[52701576, 52702573, 52703570, 52704567, 52705564, 52706561, 52707558, 52708555, 52709552, 52710549]",8adc9efc67de127c0c62cf5f5912b1e1bb65f1cc4f08e1e51d04f951ceb697f7,520,63,63,9,1,0,2112000,08375bf6181008aad6abcf833682b8366b008d7875a6293bf53f3bba4415254b,True,0
527,HistoryIdentitySame,1,73.79000091552734,9.023064599983627,"[56, 66, 5, 2, 79, 70, 99, 82, 85, 96]","[52801579, 52802576, 52803573, 52804570, 52805567, 52806564, 52807561, 52808558, 52809555, 52810552]",c455b6a186c7dfe4a47d0707c7e7052a176e153bd3bc76ecee54ae9d2f3b60d9,520,42,41,6,4,0,2112000,f9c1c788c1bdea96fbde10d9d836c9d745f39e11da452fc58a38a268e049924a,True,0
528,HistoryIdentitySame,1,74.66000366210938,8.268110400007572,"[68, 8, 43, 91, 90, 21, 6, 75, 79, 38]","[52901582, 52902579, 52903576, 52904573, 52905570, 52906567, 52907564, 52908561, 52909558, 52910555]",0c3375f372844b23b1ba527919dea003b42ec7361028287786fb6b4697112de9,520,42,42,6,4,0,2112000,e8a4b2cdc0226ad9ab9ff9ce7b8b264fd90f669199188f8d3b5e9554a59350fe,True,0
529,HistoryIdentitySame,1,79.70999908447266,12.09171609999612,"[28, 7, 49, 94, 71, 59, 6, 57, 76, 27]","[53001585, 53002582, 53003579, 53004576, 53005573, 53006570, 53007567, 53008564, 53009561, 53010558]",3fffdfdc8b42e8db5a0451d63fff280e2a3d05ca0ce51d8b66a853d5517fe1af,520,49,49,7,3,0,2112000,2e1658d860c7c4445723af137bddc2d14f1c18675b3fbb234d89545655593e71,True,0
530,HistoryIdentitySame,1,75.5,9.846640900010243,"[30, 3, 31, 76, 90, 95, 29, 15, 33, 71]","[53101588, 53102585, 53103582, 53104579, 53105576, 53106573, 53107570, 53108567, 53109564, 53110561]",02342dece7a98159626f3751bcce9048b93c2d0e1110b77cf2e24a7af56e9b82,520,49,47,7,3,0,2112000,7c6f99053cbabc02b1cda898cb1ad974b968f892be37f4045cb68dad0fe28ec6,True,0
531,HistoryIdentitySame,1,69.87000274658203,9.995582600007765,"[37, 4, 86, 80, 81, 95, 5, 54, 55, 38]","[53201591, 53202588, 53203585, 53204582, 53205579, 53206576, 53207573, 53208570, 53209567, 53210564]",2e4bbef2bfc9c46092f47008bdc763d676e68a7bdffc3a6ae3de6578c22187fb,520,49,49,7,3,0,2112000,87e95da8148fcc78b1cb1964836c0f644856b9c90117683301d9f52445003b2a,True,0
532,HistoryIdentitySame,1,77.47000122070312,12.384316700015916,"[57, 0, 58, 14, 99, 1, 91, 29, 65, 61]","[53301594, 53302591, 53303588, 53304585, 53305582, 53306579, 53307576, 53308573, 53309570, 53310567]",3c9b7a81af0f0abe4590f5a69d973a6c8f903ca70db4605167598b6b771de6fd,520,56,53,8,2,0,2112000,34888fb7eefcf98ffffc254c966fbb42d41f7a26701666004b9188ccd66e60a2,True,0
533,HistoryIdentitySame,1,70.7300033569336,9.970675899996422,"[20, 17, 2, 97, 27, 0, 11, 44, 3, 98]","[53401597, 53402594, 53403591, 53404588, 53405585, 53406582, 53407579, 53408576, 53409573, 53410570]",39e618047026cdf357e4c4d6f8960fe1c1bc1562fc3bf45ff159761460daddb1,520,49,49,7,3,0,2112000,b3f4391353c908994e4334c00dac82b757879699374208d7fb9541ec37f331b8,True,0
534,HistoryIdentitySame,1,75.43000030517578,12.299083999998402,"[30, 7, 13, 25, 81, 20, 4, 17, 58, 88]","[53501600, 53502597, 53503594, 53504591, 53505588, 53506585, 53507582, 53508579, 53509576, 53510573]",0c2fd5a06e1a249b143cab0cd80072449c2a148862c346e036b4f8ad07926553,520,56,56,8,2,0,2112000,a1e248da1a4946818841c50dbffc7896824c5ea935a75a441158390dca39a433,True,0
535,HistoryIdentitySame,1,76.45999908447266,9.786114499991527,"[61, 9, 73, 10, 91, 71, 60, 64, 99, 86]","[53601603, 53602600, 53603597, 53604594, 53605591, 53606588, 53607585, 53608582, 53609579, 53610576]",6a783d1a2e860d74951407ee8eeef3ca9798a30c4b875a407c4222958d68cc08,520,49,49,7,3,0,2112000,898722657a5d55775c3fa8f6a7c325bf3734dbbf3bbce16a1c9ae95bd68807b0,True,0
536,HistoryIdentitySame,1,79.7699966430664,9.196891500003403,"[9, 88, 62, 2, 74, 7, 66, 15, 8, 22]","[53701606, 53702603, 53703600, 53704597, 53705594, 53706591, 53707588, 53708585, 53709582, 53710579]",919e75b3cffcc9ca0db1b84f722996dd19fcdffff0e26e907c90453ff307fc39,520,49,48,7,3,0,2112000,093597cff894245d65be064661567e80cf561699005454dcde900226c6341e64,True,0
537,HistoryIdentitySame,1,77.52999877929688,9.67664310001419,"[0, 85, 36, 35, 61, 39, 10, 80, 27, 67]","[53801609, 53802606, 53803603, 53804600, 53805597, 53806594, 53807591, 53808588, 53809585, 53810582]",599a8d9f5e6d59236378b39060b25583a9590747326d85447bf47194b8fc4847,520,42,40,6,4,0,2112000,94ad4856ed6ae9095d5d78afa4e1000374c2094456782cdc740a2926f08218f0,True,0
538,HistoryIdentitySame,1,79.48999786376953,9.526138199988054,"[61, 73, 82, 39, 27, 62, 53, 2, 36, 67]","[53901612, 53902609, 53903606, 53904603, 53905600, 53906597, 53907594, 53908591, 53909588, 53910585]",48d1966dcdba01ee0de763ec9f653ed0217eed349170ff67b44366148bc3d0b0,520,56,55,8,2,0,2112000,b382090edc29a106f73c3682026012d6be8bf38bf3d738d309fb8ec6313dc11d,True,0
539,HistoryIdentitySame,1,80.47000122070312,11.701401300000725,"[41, 98, 14, 33, 80, 20, 52, 1, 50, 74]","[54001615, 54002612, 54003609, 54004606, 54005603, 54006600, 54007597, 54008594, 54009591, 54010588]",4c95c7bdfdaeee2c7bbc0ac31a48df097d7d6f7b8f647b13c7ad76fbd4e7ac87,520,49,48,7,3,0,2112000,dde6d2e085a4c086e7490a908a0c9b74a971c6f242dcdc2b3c8a589305877fac,True,0
540,HistoryIdentitySame,1,65.75,8.995377000013832,"[38, 45, 85, 42, 59, 31, 65, 93, 13, 94]","[54101618, 54102615, 54103612, 54104609, 54105606, 54106603, 54107600, 54108597, 54109594, 54110591]",2c41e7c5fa9a6c22c0b3490e522dbc26a3def4e4f906b0115c49b2039b8e59b4,480,30,30,5,5,0,2112000,b9ebf7d995bcb5f33ddce06e9ac6d7ae79933d854943edcf6fb1e68d9b44b03e,True,0
541,HistoryIdentitySame,1,62.83000183105469,8.547093000001041,"[53, 35, 92, 25, 2, 90, 64, 30, 26, 86]","[54201621, 54202618, 54203615, 54204612, 54205609, 54206606, 54207603, 54208600, 54209597, 54210594]",b87b0914eb9eacb76da1feab8d7f0dcfed89cdec784088c9a1cd6686162ff38c,480,42,41,7,3,0,2112000,05f47d395608f4980c3318ce105e3051f1b256b7edba16c68d1f153e1d73019b,True,0
542,HistoryIdentitySame,1,69.22000122070312,9.905236899998272,"[21, 5, 76, 83, 43, 82, 89, 56, 30, 65]","[54301624, 54302621, 54303618, 54304615, 54305612, 54306609, 54307606, 54308603, 54309600, 54310597]",1ef89b3abd41a911b729fdb55f617db5dd1ba28ff72396f7c749fa808db39e32,480,18,18,3,7,0,2112000,c85660c145974f131166f7381d54adb9f71e8aec29f4f513b4eef87628018cf1,True,0
543,HistoryIdentitySame,1,65.38999938964844,10.79058790000272,"[4, 6, 67, 89, 65, 68, 79, 51, 15, 2]","[54401627, 54402624, 54403621, 54404618, 54405615, 54406612, 54407609, 54408606, 54409603, 54410600]",7c8941f9d1f84fdc624c9e8d4bf1faaccff1a78b8d80a9dd41393a996cc9dac9,480,36,34,6,4,0,2112000,af97604c41e2dad87370ddaab1c0c0eb8c41d471cbacd87299bfbf4d557be386,True,0
544,HistoryIdentitySame,1,71.43000030517578,8.659919500001706,"[64, 1, 44, 74, 52, 95, 92, 70, 93, 45]","[54501630, 54502627, 54503624, 54504621, 54505618, 54506615, 54507612, 54508609, 54509606, 54510603]",3f891fa66788ab5f2bd51c3c342f726f2e8eb0eb451e2bc9166a2a8c28d993f6,480,42,42,7,3,0,2112000,54e701f37d60e64adfcaaacf22ed229af34e0407bc6f934b58359e232c8b5184,True,0
545,HistoryIdentitySame,1,75.19999694824219,11.039913799992064,"[79, 55, 88, 63, 65, 96, 89, 20, 61, 77]","[54601633, 54602630, 54603627, 54604624, 54605621, 54606618, 54607615, 54608612, 54609609, 54610606]",221c853c95cd2312c7b46831d24cb021888618c439f53ce1935aa6380b2d1b4f,480,36,35,6,4,0,2112000,6b45bc3068d89029af1d41c994feec5757b58df811c634908fff55dd51b9345c,True,0
546,HistoryIdentitySame,1,75.80000305175781,9.922496200015303,"[37, 29, 20, 53, 15, 75, 87, 40, 69, 85]","[54701636, 54702633, 54703630, 54704627, 54705624, 54706621, 54707618, 54708615, 54709612, 54710609]",7127f863d7cf8208c5d2d19795effed1e3289bd69b76f8837a1d9fc55d8ee790,480,24,24,4,6,0,2112000,311cc0b81c68635a3a77452da59eb183f9559f810e27338c82b7d263582e665c,True,0
547,HistoryIdentitySame,1,70.94000244140625,8.604208800010383,"[92, 99, 47, 16, 62, 28, 76, 32, 50, 27]","[54801639, 54802636, 54803633, 54804630, 54805627, 54806624, 54807621, 54808618, 54809615, 54810612]",69d94c478a734a8a25c1dfadac2977005dac94ca11c21a995503c917b77d6177,480,30,30,5,5,0,2112000,9dfc0607c2b636e9909b4609212ce42c3d34c587b01e8f5b6274749e76f6ae51,True,0
548,HistoryIdentitySame,1,58.93000030517578,12.103606299991952,"[6, 58, 68, 13, 45, 44, 55, 38, 78, 33]","[54901642, 54902639, 54903636, 54904633, 54905630, 54906627, 54907624, 54908621, 54909618, 54910615]",1349b0a8f196122200310df67c47f6f992e6caddbcb0985ee07aa7c34c0f8129,480,48,47,8,2,0,2112000,477d12d68afa8dbef0ff36c3ef49cf7fecef59237a6cc5644019045ad99763e5,True,0
549,HistoryIdentitySame,1,54.66999816894531,9.545215699996334,"[45, 44, 40, 92, 73, 0, 95, 99, 55, 28]","[55001645, 55002642, 55003639, 55004636, 55005633, 55006630, 55007627, 55008624, 55009621, 55010618]",889955975658d21521c98f817144094a56f41a9b56979ebc74f38354478843c4,480,48,47,8,2,0,2112000,1cac00fd2605b5627fb7cb15b8a60237216cc5cc67feee24e7418327efac7e76,True,0
550,HistoryIdentitySame,1,76.62999725341797,7.779496100003598,"[4, 28, 96, 46, 32, 51, 3, 92, 69, 97]","[55101648, 55102645, 55103642, 55104639, 55105636, 55106633, 55107630, 55108627, 55109624, 55110621]",7bfca94b7405ee25c13d9217bc206fb9acf0919e7d56d89370fbb742e57b4943,480,42,40,7,3,0,2112000,c484dd9ec5bfd3ee5e9b191935c9ef2db66596282fb4295e49cb6082f5d7b02d,True,0
551,HistoryIdentitySame,1,77.43000030517578,9.853999599989038,"[26, 36, 55, 47, 22, 92, 0, 97, 51, 46]","[55201651, 55202648, 55203645, 55204642, 55205639, 55206636, 55207633, 55208630, 55209627, 55210624]",a4cfd8eb50a64ce295cf3f85619ef7f2e50d419fd9ec957f8bdcff62de07dff7,480,48,48,8,2,0,2112000,d1f9b3303a704ba8625cb6b4e2b1113f38b645a1aa463adba3c0c0bbd1684265,True,0
552,HistoryIdentitySame,1,75.6500015258789,11.576249799982179,"[65, 99, 46, 16, 57, 71, 35, 44, 9, 72]","[55301654, 55302651, 55303648, 55304645, 55305642, 55306639, 55307636, 55308633, 55309630, 55310627]",702cf0fcb39dd11773c93425a7331279c9a55cdc4814a671ccf035a3226d2adf,480,30,30,5,5,0,2112000,5477239b377af7e9101caeca9119d77b4dd9dde58a063affbc089a9d782e2659,True,0
553,HistoryIdentitySame,1,75.6500015258789,11.244233199977316,"[84, 81, 23, 58, 48, 35, 99, 45, 62, 87]","[55401657, 55402654, 55403651, 55404648, 55405645, 55406642, 55407639, 55408636, 55409633, 55410630]",7d67b7fb42fff23ca69d46c305a9e83897f9b8abdc8b5ab8b1270ba4c0f818b7,480,36,35,6,4,0,2112000,f397c1c3658c404364bbc8f6d5da3637a7d863f1630f0ff0d5172b697a86e96b,True,0
554,HistoryIdentitySame,1,72.26000213623047,9.552329400001327,"[78, 24, 26, 56, 25, 21, 10, 41, 4, 79]","[55501660, 55502657, 55503654, 55504651, 55505648, 55506645, 55507642, 55508639, 55509636, 55510633]",656d7e43ccc3dadc817492fae5c0ca0e018f71da17e43ddcd364fa0df7c083aa,480,24,24,4,6,0,2112000,28a5f9e1df5e239a76f5f5c8f4767d66115cfdacfa4f4cdb20e29c215e6a52d2,True,0
555,HistoryIdentitySame,1,76.62000274658203,10.037961699999869,"[66, 0, 36, 98, 57, 85, 24, 12, 22, 67]","[55601663, 55602660, 55603657, 55604654, 55605651, 55606648, 55607645, 55608642, 55609639, 55610636]",fb8176bd0333ffa758b62e65835cdf4116895e42f7835058856e2069db20caa2,480,36,35,6,4,0,2112000,7cb4cb48abbca43dde508098aee52a0f923f05cc8225bdda8f60c2ba232d8b7d,True,0
556,HistoryIdentitySame,1,75.41000366210938,7.561278300010599,"[51, 39, 67, 62, 8, 42, 99, 10, 50, 66]","[55701666, 55702663, 55703660, 55704657, 55705654, 55706651, 55707648, 55708645, 55709642, 55710639]",9b658e6b136b24d8631a62a59178799bef1475d3dc3c1a066d81c3f925c37cca,480,42,41,7,3,0,2112000,032ae706c9364d9e8221614bbd4b07c36ffb74b225adb57e155c9788f2fc0d00,True,0
557,HistoryIdentitySame,1,76.81999969482422,11.095803300006082,"[81, 77, 0, 66, 48, 91, 68, 47, 40, 76]","[55801669, 55802666, 55803663, 55804660, 55805657, 55806654, 55807651, 55808648, 55809645, 55810642]",58bca9d54a931ba7584ef03fd7a73e5f2eb45485416ecea615b4739f798f0b5d,480,48,47,8,2,0,2112000,0d282d852a1b30c5a69c9800851df209a057e39306ee299a9c45d6a2140634df,True,0
558,HistoryIdentitySame,1,79.05000305175781,9.01262290001614,"[3, 59, 67, 70, 82, 53, 66, 9, 40, 56]","[55901672, 55902669, 55903666, 55904663, 55905660, 55906657, 55907654, 55908651, 55909648, 55910645]",43cd4d641cc8ae933f02303953c75c3ccc9dadb536acef4dbea2bb8eccbb71f7,480,36,36,6,4,0,2112000,cedb99f9d7b443006f2a51742e00b0aa40b6cbbc310d17cd02b9c91200c61aa2,True,0
559,HistoryIdentitySame,1,78.48999786376953,9.88693370000692,"[1, 4, 80, 62, 93, 71, 42, 81, 28, 34]","[56001675, 56002672, 56003669, 56004666, 56005663, 56006660, 56007657, 56008654, 56009651, 56010648]",9e341ebc6c5dec5290c944dda8c4f79d96e7c8492c1d4b57da7c6e88876e8f86,480,36,35,6,4,0,2112000,8f6ff849b0239547cca5fe18869e54aec64034228bf61c645f496291efab08ec,True,0
560,HistoryIdentitySame,1,77.7300033569336,9.239108000008855,"[54, 64, 96, 71, 63, 10, 73, 8, 6, 93]","[56101678, 56102675, 56103672, 56104669, 56105666, 56106663, 56107660, 56108657, 56109654, 56110651]",2a3427a7b400d22fa983c06107b0de48189724aa3e255d64b7357f986f072175,480,30,29,5,5,0,2112000,7470c23d11f3b5d0adb0d6f5d504071f2374f4bfe495fd5e6c94b6aa41386b99,True,0
561,HistoryIdentitySame,1,79.83000183105469,7.734181499981787,"[13, 90, 42, 9, 19, 35, 59, 73, 56, 25]","[56201681, 56202678, 56203675, 56204672, 56205669, 56206666, 56207663, 56208660, 56209657, 56210654]",72037d8e9a97d5e1f0e8ee0db00d70ce3a2442b937dcca317fa8639328d19d81,480,42,42,7,3,0,2112000,88f939335d982909cfb31598675e9bdea6ba8a4cbbf82cc670364d38a965a02b,True,0
562,HistoryIdentitySame,1,77.48999786376953,11.39970410001115,"[39, 94, 36, 90, 47, 75, 55, 65, 59, 62]","[56301684, 56302681, 56303678, 56304675, 56305672, 56306669, 56307666, 56308663, 56309660, 56310657]",475a77f4c5ca25be101575c18687d601d74f96ecb64ada528c84898ab132ca4f,480,42,42,7,3,0,2112000,96f7d118ec485fffc7c21a253b4c3953ff0de321f5894c63fd9b4188a567c545,True,0
563,HistoryIdentitySame,1,72.79000091552734,11.599890799989225,"[59, 36, 17, 70, 48, 14, 89, 86, 31, 95]","[56401687, 56402684, 56403681, 56404678, 56405675, 56406672, 56407669, 56408666, 56409663, 56410660]",a1057f6dd28b83ebee4582f7d87a8e1f03d08ef5bd3451d95c464bac4c19df92,480,24,22,4,6,0,2112000,7e4cd9d54a61a8d7b57c0dfba66a60bac2008ed97bae9560e1d5cf0c8399abe3,True,0
564,HistoryIdentitySame,1,77.68000030517578,11.010192999994615,"[91, 82, 92, 81, 77, 18, 21, 68, 57, 31]","[56501690, 56502687, 56503684, 56504681, 56505678, 56506675, 56507672, 56508669, 56509666, 56510663]",0236edb82ac47fee8ae435c101230dcd5df1f9b483ef4c7491c2c83edd3bded9,480,48,48,8,2,0,2112000,5c56c17a837821974265f422799854e54f9cd6428aef6e3a16502771ebbf26fb,True,0
565,HistoryIdentitySame,1,74.7699966430664,8.312661899981322,"[2, 71, 39, 10, 29, 64, 95, 87, 59, 66]","[56601693, 56602690, 56603687, 56604684, 56605681, 56606678, 56607675, 56608672, 56609669, 56610666]",6c92762cbb0b5ca857a6765bd85c0388b8f861b0ef56ec4d29b1b97217068ac8,480,42,41,7,3,0,2112000,51ec31716a95c949a624884ad83dcf31fd1bc452e1e593596307e485780c5ab3,True,0
566,HistoryIdentitySame,1,68.93000030517578,11.812497799983248,"[85, 42, 17, 81, 65, 5, 22, 54, 35, 93]","[56701696, 56702693, 56703690, 56704687, 56705684, 56706681, 56707678, 56708675, 56709672, 56710669]",3194d4eac3b3acf71e9ffe4441ba81d49daeefbdd953b9eb4a48a1f105b3459c,480,42,42,7,3,0,2112000,de6d7c8d4d8656c6f7258549a3fcda5b6a66e93cfdbf73c19b7286d3846d4697,True,0
567,HistoryIdentitySame,1,74.80999755859375,12.210220800014213,"[47, 58, 62, 14, 75, 91, 70, 82, 17, 67]","[56801699, 56802696, 56803693, 56804690, 56805687, 56806684, 56807681, 56808678, 56809675, 56810672]",1d71fc7a735a076de27d2c22f6c92f68ed1da440e167171d136484b03075ec52,480,54,53,9,1,0,2112000,a536f038c33566010cf2f610cf202c6f035ccecd903fac5229f9dce2baa59151,True,0
568,HistoryIdentitySame,1,71.0999984741211,9.456851000024471,"[28, 98, 46, 71, 99, 4, 80, 35, 37, 29]","[56901702, 56902699, 56903696, 56904693, 56905690, 56906687, 56907684, 56908681, 56909678, 56910675]",4988026b226fef226e8673744208628a24c3f4f22f99bf21034a2583028604ab,480,36,36,6,4,0,2112000,ed258970bf2134e73e235ffd55e6e7fc25b7ddccfe5b6e8465bf8945a6d0ef3e,True,0
569,HistoryIdentitySame,1,64.73999786376953,10.866580999980215,"[3, 32, 41, 62, 97, 14, 64, 98, 65, 26]","[57001705, 57002702, 57003699, 57004696, 57005693, 57006690, 57007687, 57008684, 57009681, 57010678]",8206d1c04999f54ee28e6afe0575e47493f76d59f1ad0fa59ad16d9b31fee2bd,480,30,30,5,5,0,2112000,6d57b5d8f7732998a89603f8f6643891e066eb594dc4e85ef19085b1d473bb9a,True,0
570,HistoryIdentitySame,1,76.4800033569336,9.88011070000357,"[3, 85, 40, 49, 66, 20, 16, 64, 91, 45]","[57101708, 57102705, 57103702, 57104699, 57105696, 57106693, 57107690, 57108687, 57109684, 57110681]",8e16900ec3f8b767687b8626ad26a8cc91d130392fade3b351a97f83aa4749d5,480,30,29,5,5,0,2112000,34e2e5dc539105f3f4a0aa4accd91b0bf29cf9b9792b9d34c1d09c22d7f68940,True,0
571,HistoryIdentitySame,1,74.93000030517578,7.87250870000571,"[35, 64, 30, 71, 90, 66, 45, 13, 92, 3]","[57201711, 57202708, 57203705, 57204702, 57205699, 57206696, 57207693, 57208690, 57209687, 57210684]",3926a62aeb442409b5a9b75516606ec969a8bdc62ab6989202f5f0ee75756956,480,54,53,9,1,0,2112000,9e87abd54346dc01f67b0517b89a2287d59d51becec8a9f4c402ca629e66b930,True,0
572,HistoryIdentitySame,1,77.12999725341797,9.811368200025754,"[64, 67, 2, 84, 26, 66, 10, 11, 28, 58]","[57301714, 57302711, 57303708, 57304705, 57305702, 57306699, 57307696, 57308693, 57309690, 57310687]",3e8344dc1e0ebdd2715e9228c180921276eee28ae3b161a1e76370fc5bda6a8d,480,48,47,8,2,0,2112000,47cd2ea35e1e569ee41ce117fc3eff20ef24b203ec939fbca771a1b5ab8c6359,True,0
573,HistoryIdentitySame,1,80.29000091552734,11.375582599983318,"[36, 88, 60, 38, 2, 68, 81, 93, 58, 37]","[57401717, 57402714, 57403711, 57404708, 57405705, 57406702, 57407699, 57408696, 57409693, 57410690]",9beb11b3ae85c53f78ad692e38e4c6f37e710eab46da11bc86f65597f0cd9476,480,42,42,7,3,0,2112000,0dc0a3c9326276ec3820781ab7dcb13a072c91c75a75fbc17b57b7d6c4d737b2,True,0
574,HistoryIdentitySame,1,81.12000274658203,10.65057440000237,"[21, 87, 22, 18, 35, 1, 11, 73, 36, 77]","[57501720, 57502717, 57503714, 57504711, 57505708, 57506705, 57507702, 57508699, 57509696, 57510693]",d4ac93d5f28669f73375e513736ed09fcd861e3bf96c1bb6e484408dee01b357,480,48,47,8,2,0,2112000,265c3719023d5cff2b589680b2150d433deed7c43071f7e5cbc94a71df2ef29e,True,0
575,HistoryIdentitySame,1,67.43000030517578,9.93362719999277,"[83, 10, 70, 81, 32, 37, 41, 31, 46, 99]","[57601723, 57602720, 57603717, 57604714, 57605711, 57606708, 57607705, 57608702, 57609699, 57610696]",d32f651dc0ea3b2199e536b597ad3cab711df78da0b8bc7031ec7d5823e46dc3,480,48,48,8,2,0,2112000,d858fb71bb468aeb996183a959aa3813970aae66ba184038d24bd07435674709,True,0
576,HistoryIdentitySame,1,71.83999633789062,10.11848779997672,"[57, 48, 46, 49, 94, 15, 41, 4, 1, 44]","[57701726, 57702723, 57703720, 57704717, 57705714, 57706711, 57707708, 57708705, 57709702, 57710699]",38cd5f743a5eb38d777099072a875eb412d72e3938713333fd0e4b4f88d2ffdb,480,30,30,5,5,0,2112000,db5fd11ecaeab4926cd560bbafa43b9fab98fa7845f4b1abacc372e2046cfb0d,True,0
577,HistoryIdentitySame,1,81.11000061035156,9.363613900000928,"[16, 40, 22, 29, 66, 42, 12, 39, 71, 63]","[57801729, 57802726, 57803723, 57804720, 57805717, 57806714, 57807711, 57808708, 57809705, 57810702]",3d9d7a6fdd94ca631b2ba9aec113e711fe3bb1ca961c4015e678aabecb48b0e1,480,36,36,6,4,0,2112000,ec9335faca6f2ac29b4af4292b454dfa5269f465374001095d78e1a44ac09bb7,True,0
578,HistoryIdentitySame,1,72.7300033569336,9.870673299999908,"[53, 17, 4, 63, 86, 43, 33, 48, 59, 76]","[57901732, 57902729, 57903726, 57904723, 57905720, 57906717, 57907714, 57908711, 57909708, 57910705]",ba12c12d071635b7268ab5aa8c020a2987874a24e14479f895cc70763ed2e109,480,18,18,3,7,0,2112000,1fea84640b9cb809660797c719ff84f5becc20fa1a17afd3d2ef1ac2d10a66cd,True,0
579,HistoryIdentitySame,1,59.0099983215332,8.809273699996993,"[3, 17, 95, 38, 2, 71, 92, 73, 1, 99]","[58001735, 58002732, 58003729, 58004726, 58005723, 58006720, 58007717, 58008714, 58009711, 58010708]",deac6ed2138baf3ac22aae4d0d35efc7523ea433d9e1ed764220c6611b95ab38,480,54,53,9,1,0,2112000,a58c80f9ac1bd7792421e1e3ca08e1501445c1e3d305fa98b2412b130f069885,True,0
580,HistoryIdentitySame,1,78.88999938964844,9.972386700013885,"[28, 2, 19, 81, 17, 32, 85, 43, 83, 29]","[58101738, 58102735, 58103732, 58104729, 58105726, 58106723, 58107720, 58108717, 58109714, 58110711]",53ff02bc31327e956d9516e38b8b469993b45461760065fb661315f2aa375b15,480,54,54,9,1,0,2112000,51730c5d79b7d8861f146f35c15bc42fc09dce55a77a8cc2802f045ab0a851f3,True,0
581,HistoryIdentitySame,1,80.08999633789062,9.290327499998966,"[47, 49, 73, 35, 54, 27, 30, 26, 62, 59]","[58201741, 58202738, 58203735, 58204732, 58205729, 58206726, 58207723, 58208720, 58209717, 58210714]",1977aa9f80670e323bc7d02fa79a5adfa2735076d662e64020c1da13dca7715a,480,36,36,6,4,0,2112000,07bc0bec34e317657d04794fa7bab8f83a974d9b7834e9952e85803f2f032f6c,True,0
582,HistoryIdentitySame,1,78.0999984741211,10.69995900001959,"[66, 80, 47, 72, 46, 92, 3, 52, 95, 86]","[58301744, 58302741, 58303738, 58304735, 58305732, 58306729, 58307726, 58308723, 58309720, 58310717]",c0c69e58702defe11273780af57fd7a93fa6d14651df0886bf9a9ba692fbb936,480,42,40,7,3,0,2112000,199fca9ddef4d1e7d8848547336eef6bb22b0e15cec2d88ed52fb97984de1a95,True,0
583,HistoryIdentitySame,1,72.94999694824219,8.236185200017644,"[90, 84, 29, 18, 96, 97, 42, 62, 0, 72]","[58401747, 58402744, 58403741, 58404738, 58405735, 58406732, 58407729, 58408726, 58409723, 58410720]",4b8fa1652771389ca466c634386e10cf1e0b088c198bdedfca5c3b81e144b331,480,30,30,5,5,0,2112000,b14186345956e802cf59ca2b421120e8e419071ef7070c05b4f756a2f4acc031,True,0
584,HistoryIdentitySame,1,75.7300033569336,10.268202899984317,"[75, 53, 21, 58, 94, 2, 61, 66, 83, 97]","[58501750, 58502747, 58503744, 58504741, 58505738, 58506735, 58507732, 58508729, 58509726, 58510723]",b7c5c9ae1c04a98894dceb49f9442b0790c18be5d280b8c1e7dcd542b643531d,480,42,41,7,3,0,2112000,7885a8cff1cbcfb8d7c4ccd43d68ae8f9d982216ec77e45afe4e977cfa53736c,True,0
585,HistoryIdentitySame,1,76.1500015258789,10.554117199993925,"[24, 90, 68, 75, 15, 96, 83, 87, 30, 65]","[58601753, 58602750, 58603747, 58604744, 58605741, 58606738, 58607735, 58608732, 58609729, 58610726]",414a383895fd5a1de74d1c253e612c0011f99b625880b55bfb838d0d7818536f,480,36,35,6,4,0,2112000,e15ae089d152194ffa50f52236d8cffbc7970cf7018cf34d486d10e219f1924b,True,0
586,HistoryIdentitySame,1,77.23999786376953,13.073438100022031,"[62, 41, 29, 20, 36, 25, 70, 35, 58, 94]","[58701756, 58702753, 58703750, 58704747, 58705744, 58706741, 58707738, 58708735, 58709732, 58710729]",46eb17ceb1854730a01958440225e5ccd18d3b54d1a413b7b95c1ce7e319aa93,480,36,36,6,4,0,2112000,35aa54e25bf049edad9b24c2267b7ba5e58593dbd78dbdf0d8d7cea57dea0064,True,0
587,HistoryIdentitySame,1,65.94999694824219,10.792072700016433,"[33, 18, 49, 60, 15, 6, 24, 54, 56, 64]","[58801759, 58802756, 58803753, 58804750, 58805747, 58806744, 58807741, 58808738, 58809735, 58810732]",ae4f7d832907d3e0f509bdd2383a27983fd2edeab0d0865271ddd9396540cbd1,480,36,35,6,4,0,2112000,66fce4c6482ba0b391eaf39de81b1c1a3015d81a49a1bf4b67c6bd34c54d8a4c,True,0
588,HistoryIdentitySame,1,72.13999938964844,11.256420599995181,"[85, 9, 47, 95, 17, 33, 93, 34, 11, 91]","[58901762, 58902759, 58903756, 58904753, 58905750, 58906747, 58907744, 58908741, 58909738, 58910735]",294610103be4aef3389d4f5165c78ee649c29aabec88375d599949ddca2f2a4d,480,30,30,5,5,0,2112000,26ce4f90a3110bec79f0e0762439d74e12800f5ec4e1d26d4ac3f37c4e1ad2b4,True,0
589,HistoryIdentitySame,1,70.01000213623047,8.78370879997965,"[70, 55, 88, 1, 59, 2, 31, 48, 34, 81]","[59001765, 59002762, 59003759, 59004756, 59005753, 59006750, 59007747, 59008744, 59009741, 59010738]",720ae300fdb8aa4a28a0c8c2e280cc488223971aac2ad938249a85d4900c47f8,480,36,36,6,4,0,2112000,ab32d9556ed5578fe4c38ffb41d1ada1b336f5150a56cd0f4e995eba818c0b1f,True,0
590,HistoryIdentitySame,1,73.5199966430664,10.312342299992451,"[13, 11, 16, 30, 72, 29, 55, 81, 35, 7]","[59101768, 59102765, 59103762, 59104759, 59105756, 59106753, 59107750, 59108747, 59109744, 59110741]",0fa32a16bb74d57a8279aea26894b777a87b11d7af46a31222481b1b982cc151,480,42,42,7,3,0,2112000,ae06aef341fc8e6a08780d52ea889b852a3fabd2199e26982b2f63757fbe65db,True,0
591,HistoryIdentitySame,1,62.709999084472656,10.188375500001712,"[25, 65, 60, 38, 43, 86, 15, 32, 61, 56]","[59201771, 59202768, 59203765, 59204762, 59205759, 59206756, 59207753, 59208750, 59209747, 59210744]",f11c6453b4855dea323e8dd253c69607f5ef9d479462001cee93927242bcc38f,480,42,39,7,3,0,2112000,e160b217ad5218707200811a268fa148a244132e3a2cc5f2181dedb0382321f4,True,0
592,HistoryIdentitySame,1,65.55000305175781,9.382068300008541,"[10, 38, 75, 44, 84, 96, 22, 62, 89, 34]","[59301774, 59302771, 59303768, 59304765, 59305762, 59306759, 59307756, 59308753, 59309750, 59310747]",11bd8dc4cb815dce4862e2daa53310e57e8cbc35e76ad8d8f20634c24994f106,480,36,36,6,4,0,2112000,7dbd04f58a8c952d6e5904bc3bdcf7fd3826849ec2b71478f3e452904aff9b52,True,0
593,HistoryIdentitySame,1,79.4800033569336,9.297648500010837,"[30, 10, 3, 9, 56, 27, 16, 53, 21, 18]","[59401777, 59402774, 59403771, 59404768, 59405765, 59406762, 59407759, 59408756, 59409753, 59410750]",1e09c6999d1aa05d4b21f1a007af0d5127a1eecdfc4788dd22dba2917c22d265,480,48,48,8,2,0,2112000,b629653f11ede910a28d807b3f3a3cbfb2d08e7b45394ac8b6e88c8b231a7e16,True,0
594,HistoryIdentitySame,1,73.33000183105469,9.062434400024358,"[22, 45, 76, 17, 32, 64, 8, 29, 67, 7]","[59501780, 59502777, 59503774, 59504771, 59505768, 59506765, 59507762, 59508759, 59509756, 59510753]",b8f8d46aaad1aaef8e6b25b44d0758e4c9e8ebc58efa667ed63267e8fe54a8c2,480,36,35,6,4,0,2112000,d5a42c05b65de6c3ae3efdde9d3edc011a5a9cd717e23b728e893e24ebed2851,True,0
595,HistoryIdentitySame,1,78.52999877929688,10.987329900002806,"[36, 60, 83, 50, 22, 89, 98, 0, 79, 55]","[59601783, 59602780, 59603777, 59604774, 59605771, 59606768, 59607765, 59608762, 59609759, 59610756]",9b1eafaac804b30297718abc7f3b2dc4c6bbc875a2f23e4d9661ac89b6ad55f2,480,36,36,6,4,0,2112000,945be76cd5fe1af59ae8eacbc56f202107cec6d8ed9a019e665808c689a4b2a3,True,0
596,HistoryIdentitySame,1,77.05999755859375,9.152949800016358,"[64, 79, 13, 25, 16, 97, 32, 42, 82, 54]","[59701786, 59702783, 59703780, 59704777, 59705774, 59706771, 59707768, 59708765, 59709762, 59710759]",5cdc02793d6f51f0ed25a7f521e19561bac8a58e8db3812e80fb8bb0c937c940,480,42,39,7,3,0,2112000,c0006884c9b1960444dc389be0ecb67da2126e63523b3d0dde3044984e6c6e10,True,0
597,HistoryIdentitySame,1,76.3499984741211,7.9634738000168,"[88, 31, 98, 83, 87, 81, 55, 2, 40, 56]","[59801789, 59802786, 59803783, 59804780, 59805777, 59806774, 59807771, 59808768, 59809765, 59810762]",696df622c5ae1110c86c2197213d53a9b3a72216e8a8b2fe6903fa0ac91f6fa1,480,48,47,8,2,0,2112000,fe000cedabcb09cb85862df3d25509e459d7b19b03ac4d5ccbdbae258b3999ad,True,0
598,HistoryIdentitySame,1,65.83000183105469,8.407523200003197,"[6, 56, 71, 1, 8, 51, 66, 30, 62, 67]","[59901792, 59902789, 59903786, 59904783, 59905780, 59906777, 59907774, 59908771, 59909768, 59910765]",af0c3d3858ce180a1fb3a6e4fb98753d53550358007e290f6b23d5a03e530089,480,36,36,6,4,0,2112000,daa063cc939c7a2b0d37bb761f0eb8d08a097ce37e79d831f156a52125df1de5,True,0
599,HistoryIdentitySame,1,75.58000183105469,13.45872700001928,"[88, 34, 69, 14, 65, 6, 97, 89, 3, 23]","[60001795, 60002792, 60003789, 60004786, 60005783, 60006780, 60007777, 60008774, 60009771, 60010768]",a2d0b485e1914502cc0c13295f88b6ad3fdf893eb3bdf326206d96d7c0cef19e,480,42,39,7,3,0,2112000,70f1be11cacc9b6257681fba5852f9fe082ca29984f47681963af597ca86ea07,True,0
600,HistoryIdentitySame,1,76.83000183105469,9.939285900007235,"[58, 94, 98, 53, 84, 91, 62, 71, 26, 49]","[60101798, 60102795, 60103792, 60104789, 60105786, 60106783, 60107780, 60108777, 60109774, 60110771]",3ec1218f57d62ed0eb64cc8460ea3894ff299edf447ca8f2ddf5b776be967d50,480,30,30,5,5,0,2112000,3f9d28d0a32fc65dd8a2fadce64242adc5dbf92f3810b85df4e0b3014afef54a,True,0
601,HistoryIdentitySame,1,77.30000305175781,8.1613526000001,"[13, 89, 47, 2, 96, 93, 87, 90, 83, 9]","[60201801, 60202798, 60203795, 60204792, 60205789, 60206786, 60207783, 60208780, 60209777, 60210774]",e9f429605c81e56eb6981f0e41ab0dbdfd6db87b0eb7f593f309396b576b99ec,480,42,41,7,3,0,2112000,82e565350f730f0d0b35e9f9bffe26bb457cb58dc5caa5e679c71ac44cfbb8bb,True,0
602,HistoryIdentitySame,1,79.22000122070312,7.962441600015154,"[74, 15, 67, 11, 40, 56, 92, 19, 1, 78]","[60301804, 60302801, 60303798, 60304795, 60305792, 60306789, 60307786, 60308783, 60309780, 60310777]",64d16f374593df2e47cf20819d5c9b881a47f8d7368b34364c77dc103288a601,480,24,23,4,6,0,2112000,81674ced5d07892954fe9f9e7d081ccd394a48e3024a71fe85869ccef3ccffeb,True,0
603,HistoryIdentitySame,1,81.23999786376953,11.294600799999898,"[63, 72, 18, 0, 57, 45, 21, 3, 99, 74]","[60401807, 60402804, 60403801, 60404798, 60405795, 60406792, 60407789, 60408786, 60409783, 60410780]",574da71ff32ab1b78159f14f721ef40c430209c5fb9f21bae8e684e95cd3cf24,480,36,35,6,4,0,2112000,fe533ddba3b234839379e79bd3de6f8636370cbff8a53b72e518f8c56b765419,True,0
604,HistoryIdentitySame,1,80.44000244140625,8.251442700013286,"[55, 53, 52, 35, 94, 91, 12, 56, 42, 96]","[60501810, 60502807, 60503804, 60504801, 60505798, 60506795, 60507792, 60508789, 60509786, 60510783]",cc7e51922f098f1f97e10673f77e6ecb3a3e8f3968777c282063efa1979db630,480,42,42,7,3,0,2112000,e56d1c0f1c0fa9bc428d5df2513687c1b1ead0cd51302d1ad0c84f3ba7ee72af,True,0
605,HistoryIdentitySame,1,73.70999908447266,10.742020999983652,"[0, 30, 55, 78, 75, 20, 72, 41, 29, 82]","[60601813, 60602810, 60603807, 60604804, 60605801, 60606798, 60607795, 60608792, 60609789, 60610786]",5ad4c287962ce102a3821e5e66bc9ce9a0bbc08f44eb7204b8dca9cb962e84aa,480,36,36,6,4,0,2112000,bf49db4ed18afbef62997746d70fff9d7a0717b49f7e2c71733ffc1ad1a31641,True,0
606,HistoryIdentitySame,1,78.05000305175781,9.145473400014453,"[86, 98, 2, 18, 77, 82, 76, 94, 75, 48]","[60701816, 60702813, 60703810, 60704807, 60705804, 60706801, 60707798, 60708795, 60709792, 60710789]",1f62c07cda5be22a043c8ea40fa1cdd36aa0a1ec6d6b50029266d4fb1a9c6b50,480,36,34,6,4,0,2112000,7479b1f557ff555d047ee5e8e7cbc2f4b0825a086eabc4687135012287d94a3b,True,0
607,HistoryIdentitySame,1,70.12999725341797,12.6768220999802,"[93, 36, 90, 16, 77, 24, 17, 65, 48, 66]","[60801819, 60802816, 60803813, 60804810, 60805807, 60806804, 60807801, 60808798, 60809795, 60810792]",04bdbae5403431debec715686ba082e02907e337f7390ebf64af099a7bd19d46,480,36,35,6,4,0,2112000,d95fb574708e35a7e4a20cbbf17ab7f6f68d597068277de41b3b440e1b9c8fc8,True,0
608,HistoryIdentitySame,1,75.05000305175781,11.162260999990394,"[23, 62, 78, 41, 5, 89, 67, 93, 9, 16]","[60901822, 60902819, 60903816, 60904813, 60905810, 60906807, 60907804, 60908801, 60909798, 60910795]",0ecc5fdd0aa3e1dbcdf8f3fbcb58213dd674f89bdc14518f1eaac04ceb622862,480,54,51,9,1,0,2112000,243c89681d6ad6203296ae5f47ed954d24f16c6d461b7c6532f27ae55ab912af,True,0
609,HistoryIdentitySame,1,80.63999938964844,10.53048369998578,"[75, 57, 23, 77, 44, 99, 5, 63, 64, 96]","[61001825, 61002822, 61003819, 61004816, 61005813, 61006810, 61007807, 61008804, 61009801, 61010798]",1821b4604965ad96d794a1dae2e2c6d230281ec64f4ef493f91ee52a786f8eb1,480,48,48,8,2,0,2112000,52b19cb02f01adb675d9902ea8e91e976cffd87fa949596dc48b81b48ef91e4e,True,0
610,HistoryIdentitySame,1,71.9800033569336,9.899374499975238,"[56, 75, 3, 5, 84, 62, 13, 46, 30, 86]","[61101828, 61102825, 61103822, 61104819, 61105816, 61106813, 61107810, 61108807, 61109804, 61110801]",d69ea8f4ad1ac97a6acdd3ccb6de1c04c03144baf51ad1d770a9d279b2190ea1,480,54,52,9,1,0,2112000,7e7aa458047d04b44eb62443f3c92fb9f9def548b107f66321913780a1f9e2a3,True,0
611,HistoryIdentitySame,1,79.9000015258789,11.487406300002476,"[90, 84, 31, 44, 7, 19, 3, 14, 62, 49]","[61201831, 61202828, 61203825, 61204822, 61205819, 61206816, 61207813, 61208810, 61209807, 61210804]",7b5a455af362c8d6f16ffe8b4738fb28dd8b03f2c2e7fa6b3efa71f3d9b49ba3,480,36,36,6,4,0,2112000,ac97e322fa84756ef4e4ea95a234ed6110ad113ae21513ec6c76fa19a1d70f32,True,0
612,HistoryIdentitySame,1,79.75,8.924965899990639,"[50, 55, 98, 90, 47, 20, 1, 18, 26, 15]","[61301834, 61302831, 61303828, 61304825, 61305822, 61306819, 61307816, 61308813, 61309810, 61310807]",4f59c5c5cad3d07a21543042aeae634b2aa94c996fd1ea024e1ea2ae3ca6d05f,480,42,42,7,3,0,2112000,6bab1226c954d7ff1fdb9536d4ad0ef5dc3554e5020450c74ded65f5b4045cad,True,0
613,HistoryIdentitySame,1,77.19000244140625,9.367337800009409,"[98, 66, 83, 0, 93, 9, 22, 1, 24, 36]","[61401837, 61402834, 61403831, 61404828, 61405825, 61406822, 61407819, 61408816, 61409813, 61410810]",c7f1e808cb52ac0ec5d7d12754a5a60e5e2d48517b779281fbb4b6b218f63b15,480,48,47,8,2,0,2112000,0b864278b4431d759121419c03f1115da6b8658adfb0f72bde7d6038d8a84b1a,True,0
614,HistoryIdentitySame,1,72.44999694824219,8.933469199982937,"[87, 43, 34, 84, 33, 54, 29, 8, 32, 77]","[61501840, 61502837, 61503834, 61504831, 61505828, 61506825, 61507822, 61508819, 61509816, 61510813]",2df67a2062207f9feb03cc0f2ae64950716f4b01e56f7c6fdb1b161a8e378723,480,18,17,3,7,0,2112000,8eba6205f06e84084335467ba7b9148b40d091d50ff9be10078c9f1f233a338e,True,0
615,HistoryIdentitySame,1,77.16000366210938,9.964220800000476,"[95, 82, 52, 88, 91, 0, 9, 2, 92, 7]","[61601843, 61602840, 61603837, 61604834, 61605831, 61606828, 61607825, 61608822, 61609819, 61610816]",dfe73883a21d86365735d851e4822afb47a8849ad7f7399ef8ca85af8aaabcb1,480,30,29,5,5,0,2112000,ad3ef5d6a86e5786b66de30b6884f385901cb5513fc94a034cd21940d6fff89a,True,0
616,HistoryIdentitySame,1,78.37999725341797,11.619987500016578,"[49, 13, 47, 26, 91, 72, 41, 79, 28, 48]","[61701846, 61702843, 61703840, 61704837, 61705834, 61706831, 61707828, 61708825, 61709822, 61710819]",cb90b92d7da86e9dad5607c6818784b847a9f2698316486cb8cf09428032f00e,480,42,42,7,3,0,2112000,d02f1960a9c86e7624fb02945540d664fc83fa6caa5830d8b729e8d56710cf98,True,0
617,HistoryIdentitySame,1,78.41999816894531,12.970898900006432,"[49, 58, 25, 44, 7, 34, 71, 38, 99, 19]","[61801849, 61802846, 61803843, 61804840, 61805837, 61806834, 61807831, 61808828, 61809825, 61810822]",b4bf78b0ba1fa5e11be8c4393aebfb4c3589c03015f0499c325355018adc7dbb,400,24,24,6,4,0,2112000,dd96dceaaddc3a1ccacd9b17012b0d712a815e6ec497762f07bc8f513da25838,True,0
618,HistoryIdentitySame,1,75.43000030517578,9.711431200004881,"[47, 62, 46, 93, 16, 76, 84, 91, 1, 53]","[61901852, 61902849, 61903846, 61904843, 61905840, 61906837, 61907834, 61908831, 61909828, 61910825]",6ffa4facc529ef723d0c2729eb0f99452fa938d561aaed885a9531007fccfb22,400,32,31,8,2,0,2112000,f4f6ee8bce997d875170f152359397087faef18421f4be3a629ecc497ff9dbc9,True,0
619,HistoryIdentitySame,1,77.91999816894531,7.833323800005019,"[59, 98, 1, 75, 20, 43, 29, 91, 12, 46]","[62001855, 62002852, 62003849, 62004846, 62005843, 62006840, 62007837, 62008834, 62009831, 62010828]",f644f912d15148101f888f229a433b3f8f7835c0cf0920825814d895604518df,400,32,32,8,2,0,2112000,e06cbdf1a12557b3363d3dedaf407f843e7aa373bccbf7d5cd7f356815e6aa44,True,0
620,HistoryIdentitySame,1,71.19999694824219,8.873729199985974,"[99, 91, 81, 9, 35, 96, 79, 2, 53, 55]","[62101858, 62102855, 62103852, 62104849, 62105846, 62106843, 62107840, 62108837, 62109834, 62110831]",e91505dd4bb61684c8a364f7221f7452262c5521c20b33c45324457087b8985a,400,28,28,7,3,0,2112000,4649195bd3dc6fb0a5f3092ae1a57aa28cb01910dfa29e9060822b55e70c2f9f,True,0
621,HistoryIdentitySame,1,72.33000183105469,9.111417699983576,"[90, 28, 37, 52, 56, 93, 2, 45, 31, 54]","[62201861, 62202858, 62203855, 62204852, 62205849, 62206846, 62207843, 62208840, 62209837, 62210834]",95fa5b122b21fb6781b4a1891e5d8c290e2e7a4264e5cd0a4f3c9c91da290937,400,28,26,7,3,0,2112000,f4e0aab06656216ae9411fee3f9699350581eeacd5160f9d5502fe28e6b78a44,True,0
622,HistoryIdentitySame,1,80.41000366210938,8.698459599982016,"[43, 4, 21, 3, 66, 13, 75, 68, 39, 79]","[62301864, 62302861, 62303858, 62304855, 62305852, 62306849, 62307846, 62308843, 62309840, 62310837]",799e00cba56d47f9ca3b735dc513cc67558c8c130416b3ac716e6a85ecb9a67f,400,20,20,5,5,0,2112000,a264f33909c188a95145f1958e633e88a47f52cc29acf31a3bb08a31bab3c683,True,0
623,HistoryIdentitySame,1,48.22999954223633,9.589926499989815,"[72, 95, 59, 80, 78, 12, 6, 27, 4, 66]","[62401867, 62402864, 62403861, 62404858, 62405855, 62406852, 62407849, 62408846, 62409843, 62410840]",47c92fa9e674324bc1310527e856d77035d16cae5cafa49dcb7d2d5559dca11e,400,24,23,6,4,0,2112000,a975d9c1bc1135401649c147df0d84f5f11a6174b1cf6e35f7da0490480e1134,True,0
624,HistoryIdentitySame,1,67.33000183105469,10.096807800000533,"[33, 35, 17, 95, 53, 69, 45, 80, 51, 42]","[62501870, 62502867, 62503864, 62504861, 62505858, 62506855, 62507852, 62508849, 62509846, 62510843]",23f7df57571266730ed200a9d1029a6b8b8f0f855f7ae2923ff329e3cddb597f,400,24,24,6,4,0,2112000,db751f8f273e7e80287e47dd16f5de7c63c0be1b410697727fc353bf84082211,True,0
625,HistoryIdentitySame,1,75.77999877929688,9.762480200006394,"[88, 77, 95, 94, 56, 15, 14, 47, 53, 80]","[62601873, 62602870, 62603867, 62604864, 62605861, 62606858, 62607855, 62608852, 62609849, 62610846]",b2bcd24ec188148f5971c2fb50e353dc8eb46caca9458982405dd30d1bed412e,400,24,24,6,4,0,2112000,2dfd96e042bb3b0fc4ad13358ef0af3e5a6887e172081d4f0c509e761b0e161a,True,0
626,HistoryIdentitySame,1,71.63999938964844,13.234452200005762,"[57, 86, 17, 58, 10, 30, 52, 42, 46, 11]","[62701876, 62702873, 62703870, 62704867, 62705864, 62706861, 62707858, 62708855, 62709852, 62710849]",b57f20723bc4755bd0779e9d31640fe32554ff2367c642bf45caa1829eebe981,400,20,20,5,5,0,2112000,a6abe7da46910ba0118964f697a39de441773d5601b7f304f09076c4230c6859,True,0
627,HistoryIdentitySame,1,76.4000015258789,9.470080900005996,"[39, 9, 22, 23, 66, 54, 92, 8, 82, 69]","[62801879, 62802876, 62803873, 62804870, 62805867, 62806864, 62807861, 62808858, 62809855, 62810852]",390810db3bde23aba4f059e7a71fb744fedfeb086df10c5a89fc560ed7d2091d,400,20,20,5,5,0,2112000,4ef37e9bc0081c29b316a612e8f75dec74ba3482be2a4a5bf28fd614b7ca5d00,True,0
628,HistoryIdentitySame,1,72.91999816894531,11.242077300004894,"[84, 30, 6, 72, 23, 12, 50, 43, 98, 65]","[62901882, 62902879, 62903876, 62904873, 62905870, 62906867, 62907864, 62908861, 62909858, 62910855]",c9958d4ceb9b521481b5c20aad49f64cfcddf0739204d6fd0dac87c008320b5f,400,32,32,8,2,0,2112000,d692902e345f51ece5f2be90346dfd8f33ee1868bf72606d25114c4346e61538,True,0
629,HistoryIdentitySame,1,78.9000015258789,8.873297599988291,"[41, 13, 86, 43, 34, 85, 63, 45, 80, 83]","[63001885, 63002882, 63003879, 63004876, 63005873, 63006870, 63007867, 63008864, 63009861, 63010858]",c9a9855c83eaa7e14990493dccf684875fcb07a0fa516f16454116a5f29d0235,400,20,20,5,5,0,2112000,6dc753cf684d9619e200dbfec66ff64d60f80a9c5b83eabbebebc6992983f0e3,True,0
630,HistoryIdentitySame,1,79.25,8.573381599999266,"[69, 91, 13, 32, 10, 44, 90, 31, 28, 29]","[63101888, 63102885, 63103882, 63104879, 63105876, 63106873, 63107870, 63108867, 63109864, 63110861]",f9756e85fccff74861b868b304d6dce0d9bd09a92923c0b8b861b3db329f2dce,400,28,28,7,3,0,2112000,0ee7834a4ffa92e0402df6d95bdeb292bc831088c79d77912a0a0781be9af11a,True,0
631,HistoryIdentitySame,1,79.68000030517578,7.671480299992254,"[62, 96, 87, 74, 35, 85, 88, 59, 90, 70]","[63201891, 63202888, 63203885, 63204882, 63205879, 63206876, 63207873, 63208870, 63209867, 63210864]",33f909052c0137799cefae246e8bebf5f925a2777e83775c80aa94a16e843a0e,400,20,20,5,5,0,2112000,0eba826bdee691b04827ac00e530c0ee180b1294dc741b6be89f1ea13faf48c0,True,0
632,HistoryIdentitySame,1,71.44999694824219,10.517077700002119,"[4, 70, 12, 9, 21, 86, 58, 84, 11, 56]","[63301894, 63302891, 63303888, 63304885, 63305882, 63306879, 63307876, 63308873, 63309870, 63310867]",c06d5e87404ce82404e52cec13a02cf24079acda2aaefb75f72243605898d2a5,400,40,40,10,0,0,2112000,0a753a4a0339b9f69152e24a2c08216f12bbe08fa051df261ac3cb622bcbc135,True,0
633,HistoryIdentitySame,1,68.41999816894531,10.545625699975062,"[50, 4, 56, 48, 57, 61, 52, 7, 47, 2]","[63401897, 63402894, 63403891, 63404888, 63405885, 63406882, 63407879, 63408876, 63409873, 63410870]",6967d4e3fe3e578ce76eb851dbc3fa8e0f6c439c4f3b4ae7a39c803280c641b7,400,24,24,6,4,0,2112000,9712cf807832c02f744e300613f0619b73392e5565e4c4bcf1327fb8a055301d,True,0
634,HistoryIdentitySame,1,78.43000030517578,10.630253699986497,"[14, 92, 80, 75, 44, 87, 88, 39, 86, 37]","[63501900, 63502897, 63503894, 63504891, 63505888, 63506885, 63507882, 63508879, 63509876, 63510873]",c9013da47d6fd72f232974eb70c9a01052155a5701453f7f9bd53542770fa6f7,400,32,32,8,2,0,2112000,39e1e77f3d6a941e1cbebc80a27c1cc51d4476dd229d738f920402d8411848b1,True,0
635,HistoryIdentitySame,1,72.5999984741211,10.737949300004402,"[48, 79, 53, 97, 4, 68, 5, 34, 90, 37]","[63601903, 63602900, 63603897, 63604894, 63605891, 63606888, 63607885, 63608882, 63609879, 63610876]",0a640b4dd9e4237dcd813ff7e9b29b4c5ffdf273351b136383362076a817e937,400,24,24,6,4,0,2112000,dbe985f224bf0f270519f11564e985cef6245ea2424888feab886aafbe7b0710,True,0
636,HistoryIdentitySame,1,77.43000030517578,11.410679900000105,"[46, 34, 42, 6, 80, 10, 32, 93, 17, 63]","[63701906, 63702903, 63703900, 63704897, 63705894, 63706891, 63707888, 63708885, 63709882, 63710879]",773e6160ea81703081ebd4284da182712afc742c686e36854e5448eca2849e58,400,36,34,9,1,0,2112000,b87cd2a4938d19dbf0a082936cf4b8075c2d59e210dd182fb0fd43c46ca9a364,True,0
637,HistoryIdentitySame,1,78.81999969482422,8.610770500003127,"[75, 27, 96, 93, 84, 83, 97, 92, 12, 62]","[63801909, 63802906, 63803903, 63804900, 63805897, 63806894, 63807891, 63808888, 63809885, 63810882]",ef5b11a718610a9b00ae5a4852fa188de81af1a4254a631bc3aadd1eb08c78d3,400,36,36,9,1,0,2112000,775d4b8bc123beb135d0492106d3ab0e370d890a0724a71d09e6eb5b0a706965,True,0
638,HistoryIdentitySame,1,79.08000183105469,8.834465800027829,"[4, 11, 26, 2, 74, 96, 51, 25, 17, 94]","[63901912, 63902909, 63903906, 63904903, 63905900, 63906897, 63907894, 63908891, 63909888, 63910885]",9929dbdfe67d8ca9b2505dcb458ace63a102701545723fab41180513d6ec7904,400,24,23,6,4,0,2112000,4375ed64c3b15d26105a736c118ab83632cc6935fe1ca37179eb238d15bdafc6,True,0
639,HistoryIdentitySame,1,65.44999694824219,9.063060599990422,"[48, 63, 27, 10, 81, 83, 40, 38, 60, 85]","[64001915, 64002912, 64003909, 64004906, 64005903, 64006900, 64007897, 64008894, 64009891, 64010888]",ecfe71b7185c520c9017083d11ea95812a1fe84e8c015ffa7787a23d4faa9daf,400,24,24,6,4,0,2112000,4a6f166b091cd6ade608628d7dcd02d97d054293638a7543393400728cbab81d,True,0
640,HistoryIdentitySame,1,77.5199966430664,9.54421849999926,"[5, 66, 17, 16, 94, 39, 68, 13, 96, 28]","[64101918, 64102915, 64103912, 64104909, 64105906, 64106903, 64107900, 64108897, 64109894, 64110891]",93239af9c93e7b0c237ddfff4ffe050d21f994a2805b96035fe8c1236c3c4c45,400,32,31,8,2,0,2112000,9fca9d6261ed7e4da2cefe368e73ef526737f3aa73afe57fee0fdc0a98907e5e,True,0
641,HistoryIdentitySame,1,77.22000122070312,11.702998599997954,"[26, 34, 65, 62, 7, 39, 97, 64, 87, 84]","[64201921, 64202918, 64203915, 64204912, 64205909, 64206906, 64207903, 64208900, 64209897, 64210894]",73c4b1ed79149f53d05c38176d3bbf9acff5338404bd1776be19c6e4c848a3f9,400,32,32,8,2,0,2112000,0a7f07ca49845e979b3b1d26ba3e9fe8272a3efd9edd7b476869169ee242fc55,True,0
642,HistoryIdentitySame,1,74.66999816894531,11.701060899998993,"[61, 84, 33, 74, 23, 13, 49, 31, 40, 36]","[64301924, 64302921, 64303918, 64304915, 64305912, 64306909, 64307906, 64308903, 64309900, 64310897]",ac2ff152bfe6420ad5698f5ea7b6e90e43a3a041b1fcdced17102fc0dd882a4a,400,20,20,5,5,0,2112000,91041b2db4fc90dd0925fbffe20127c1323b8b7ae7bb640f405c53ea4a57cd44,True,0
643,HistoryIdentitySame,1,69.38999938964844,11.296617799991509,"[70, 18, 5, 56, 26, 23, 4, 13, 6, 83]","[64401927, 64402924, 64403921, 64404918, 64405915, 64406912, 64407909, 64408906, 64409903, 64410900]",d02a69423fdbd7535b2a30b901697a52faa77b351290645248fd2dbd0a7439c3,400,32,32,8,2,0,2112000,10a1a9991f65f83a55bdc7a2c83e72d62d156b88643bc6929664d33d38185daf,True,0
644,HistoryIdentitySame,1,75.01000213623047,10.998378499993123,"[69, 76, 9, 7, 6, 73, 62, 24, 78, 64]","[64501930, 64502927, 64503924, 64504921, 64505918, 64506915, 64507912, 64508909, 64509906, 64510903]",ced12072fed2f976de52f5e102149575ae3bd7e43fba9a6655608f3d87a1d513,400,16,16,4,6,0,2112000,e97901d9898fc6756cf1d6e90aa2ddacd06dd586e851f2d18277db196e4b8428,True,0
645,HistoryIdentitySame,1,75.08999633789062,10.15170990000479,"[68, 70, 30, 17, 38, 65, 1, 60, 43, 92]","[64601933, 64602930, 64603927, 64604924, 64605921, 64606918, 64607915, 64608912, 64609909, 64610906]",ef889c95153773535ee5673723537180e1bdfeefc0b5a238496e0e09e1b73c4b,400,28,28,7,3,0,2112000,9bd9bdb613d00d874e76863fc7ef75f09063258c4bd757d707f1ac767c31afeb,True,0
646,HistoryIdentitySame,1,74.01000213623047,10.510661200009054,"[78, 45, 48, 53, 65, 97, 10, 77, 89, 39]","[64701936, 64702933, 64703930, 64704927, 64705924, 64706921, 64707918, 64708915, 64709912, 64710909]",e0a8ec9110dabb8ce890c5b6793e14274947c940cfa7d7d5d9d9d93c6cda88c8,400,24,23,6,4,0,2112000,d3fab46eddafec373d68b086cf8f62c5c736347d5009cff614366858b757edc3,True,0
647,HistoryIdentitySame,1,79.5,9.368926600000123,"[26, 71, 97, 3, 77, 83, 89, 47, 78, 49]","[64801939, 64802936, 64803933, 64804930, 64805927, 64806924, 64807921, 64808918, 64809915, 64810912]",4c463f06814629a769283bd49382aa108657ec89c039d2a168760c49276a0972,400,28,27,7,3,0,2112000,4660d506518af85c081f7e88bb5f1dd5082387efcda9f2e871b038ca8bbb0c21,True,0
648,HistoryIdentitySame,1,80.16000366210938,10.820850299991434,"[83, 57, 71, 14, 3, 24, 98, 18, 22, 80]","[64901942, 64902939, 64903936, 64904933, 64905930, 64906927, 64907924, 64908921, 64909918, 64910915]",075c6b612d6fb9d1bd83ed60fc4aace2338622279e10db69442876f405075bcf,400,20,20,5,5,0,2112000,e2160f1f57748e6628202d048591af32ab838dacd6776c9118156692e403a015,True,0
649,HistoryIdentitySame,1,78.51000213623047,9.708228400006192,"[64, 60, 37, 31, 27, 23, 21, 39, 99, 29]","[65001945, 65002942, 65003939, 65004936, 65005933, 65006930, 65007927, 65008924, 65009921, 65010918]",09231d8d54eb2bfb20281616d81346099a57700f7c71ed8cc2f2147874b687ae,400,24,22,6,4,0,2112000,7c48476112cdbb78f08b34e3f1c0d528955deefd4f5616c505003012d0c5535b,True,0
650,HistoryIdentitySame,1,80.0199966430664,10.834334400016814,"[5, 20, 36, 42, 50, 79, 96, 62, 66, 31]","[65101948, 65102945, 65103942, 65104939, 65105936, 65106933, 65107930, 65108927, 65109924, 65110921]",d0300380b5b40414ac63cc02a96c5772f30835b46e8c58656adc13b804374df1,400,24,24,6,4,0,2112000,834015c0b41c5e5652f839ea2b03041a9cef3adf583ed53287fc525dd5f5b9be,True,0
651,HistoryIdentitySame,1,78.16999816894531,9.071168000024045,"[43, 16, 79, 45, 26, 62, 4, 41, 11, 18]","[65201951, 65202948, 65203945, 65204942, 65205939, 65206936, 65207933, 65208930, 65209927, 65210924]",539ea5e0514d39053d48dd00f8629dbcc349c05f551563246992d8ab1992ce84,400,28,28,7,3,0,2112000,56312fd7236e261fc8958d52d2cc0712a97491d56450610be1d8e37fb108043c,True,0
652,HistoryIdentitySame,1,73.83999633789062,8.31939560000319,"[75, 27, 14, 42, 43, 71, 72, 39, 49, 88]","[65301954, 65302951, 65303948, 65304945, 65305942, 65306939, 65307936, 65308933, 65309930, 65310927]",621d26f12734edca1c2e645d417c33582853cf6959c49c5f1bee2bdc2433edfa,400,28,28,7,3,0,2112000,7ea31faa5aba5b7d86af49e46a28c87130c2cb99674ba156e964409df2e4e6d5,True,0
653,HistoryIdentitySame,1,73.4800033569336,8.231885399989551,"[3, 50, 15, 29, 1, 10, 51, 74, 82, 85]","[65401957, 65402954, 65403951, 65404948, 65405945, 65406942, 65407939, 65408936, 65409933, 65410930]",6b8fd6dbdfa61f67f1b1a161dffab33f46be5debe9e55d5335236211f3f2aad1,400,20,19,5,5,0,2112000,03e4fedbe0753a4359f654161433ace61fb86cba35e1fb7404827174dcb90fcb,True,0
654,HistoryIdentitySame,1,80.12999725341797,8.938372199976584,"[52, 67, 50, 84, 44, 38, 9, 93, 63, 29]","[65501960, 65502957, 65503954, 65504951, 65505948, 65506945, 65507942, 65508939, 65509936, 65510933]",da63f4dde8dd0ef0cd14129680253a3868827306a9de251784fe0c69455127c6,400,16,16,4,6,0,2112000,562cbb0a2a497d41138c86f1d3dec26e280dc52360bd8e2d5058432c80f21f8c,True,0
655,HistoryIdentitySame,1,80.37999725341797,8.860812700004317,"[5, 15, 36, 55, 35, 77, 59, 51, 82, 50]","[65601963, 65602960, 65603957, 65604954, 65605951, 65606948, 65607945, 65608942, 65609939, 65610936]",5d9fff168922cbc4cc4d9d1bf5dffb086d9a6c1ce6c3b7bf29af2107d146d55b,400,28,27,7,3,0,2112000,a2a612ec6ea5a1bd0d5ed9b05b740c5dd2a1fb19b8536b5af5fecd1be7512896,True,0
656,HistoryIdentitySame,1,73.87000274658203,11.615528800000902,"[3, 56, 48, 26, 99, 7, 16, 2, 30, 97]","[65701966, 65702963, 65703960, 65704957, 65705954, 65706951, 65707948, 65708945, 65709942, 65710939]",d5a73dd3840aa32028179b200dba0985e576518a712a231f51f96a48cdd68aa3,400,24,24,6,4,0,2112000,b5f6e9d09cd3feecedd3f653f9fc16ba7b9f26a5e37764499e73a18703bdfc3a,True,0
657,HistoryIdentitySame,1,81.12000274658203,9.010088200011523,"[77, 76, 88, 69, 91, 19, 42, 45, 7, 63]","[65801969, 65802966, 65803963, 65804960, 65805957, 65806954, 65807951, 65808948, 65809945, 65810942]",32d8cf2817da72dc4e4977cd990c5df50b50c9485a25c33b7bcd86fb809b5f36,400,24,23,6,4,0,2112000,1ffad9d0629be2f12196f8eaa1f62a5740724fbfc9474a9a270a8b80c9146699,True,0
658,HistoryIdentitySame,1,77.37000274658203,12.428330900002038,"[75, 49, 70, 91, 86, 65, 35, 7, 54, 56]","[65901972, 65902969, 65903966, 65904963, 65905960, 65906957, 65907954, 65908951, 65909948, 65910945]",a9fa1a91df7c290f4dc1a19e55048f8c4879de09ec347de51007c188830e0425,400,24,24,6,4,0,2112000,de11db99e5153287904edff0f8b5fdca17e2e8538feac950c9c5bf7e3b9a2414,True,0
659,HistoryIdentitySame,1,77.55000305175781,9.34328239999013,"[23, 32, 35, 25, 95, 60, 90, 59, 51, 29]","[66001975, 66002972, 66003969, 66004966, 66005963, 66006960, 66007957, 66008954, 66009951, 66010948]",ce1c65d9ea5651dea1818f8cb98eaf204d9de3d1c07b2fd54d4e918ae707d9fc,400,24,23,6,4,0,2112000,6564b80f765d6debdd64898fa6f4563c2c7718b5e7cc8e9f1d31c80c125ba022,True,0
660,HistoryIdentitySame,1,71.66000366210938,8.8555680999998,"[8, 40, 27, 59, 68, 67, 82, 3, 41, 22]","[66101978, 66102975, 66103972, 66104969, 66105966, 66106963, 66107960, 66108957, 66109954, 66110951]",60fded4bf8ca00d4010dad85f9f4ff6ffae569989b5c13075ccc2519f3ef895a,400,24,24,6,4,0,2112000,6528632c6cd5bfb5240e45f76645af1612512cb55256420522f3692d507d6e4d,True,0
661,HistoryIdentitySame,1,78.44999694824219,9.986596200003987,"[48, 63, 54, 9, 96, 58, 41, 40, 69, 97]","[66201981, 66202978, 66203975, 66204972, 66205969, 66206966, 66207963, 66208960, 66209957, 66210954]",4bb5b18b366a94b199cc987ec1cb40319ad67c91d75c8830c42928422acab6fe,400,32,31,8,2,0,2112000,bbfa99019030f2dd7e518f9bdf41e6baa84f8291a1b20fb3820ee9c2b2d2404e,True,0
662,HistoryIdentitySame,1,77.29000091552734,12.773963500017999,"[37, 3, 95, 65, 76, 52, 18, 66, 22, 14]","[66301984, 66302981, 66303978, 66304975, 66305972, 66306969, 66307966, 66308963, 66309960, 66310957]",f56d4d00c6576a3c25c077d98458d3b215be4794e0973b459e2ca60e6357af19,400,28,27,7,3,0,2112000,ef82659945c941453a038f3de18ba5e677d0ddac4b96213827f83e69fc46bbe2,True,0
663,HistoryIdentitySame,1,80.62999725341797,11.163509600010002,"[79, 31, 78, 7, 59, 49, 96, 32, 61, 52]","[66401987, 66402984, 66403981, 66404978, 66405975, 66406972, 66407969, 66408966, 66409963, 66410960]",ff6348c71737705e281ce501c7bd20bb664b355161c13458dd13ee2052c490b2,400,24,24,6,4,0,2112000,fed07bf303f32dac3c59cef56954ed99a482bbe67f6c051d22cc69305500b11b,True,0
664,HistoryIdentitySame,1,81.5199966430664,11.277934699988691,"[97, 18, 80, 69, 95, 60, 27, 79, 20, 52]","[66501990, 66502987, 66503984, 66504981, 66505978, 66506975, 66507972, 66508969, 66509966, 66510963]",ec47f83e606e9959c9dfe3500adf332993bbb7b32620cc43a83ed6e8f4971e06,400,32,31,8,2,0,2112000,f98f1908987265b2ba9d460ae9f96d7d221ad23f93c628223d878579ddf29526,True,0
665,HistoryIdentitySame,1,78.05000305175781,9.50505589999375,"[13, 58, 4, 56, 75, 74, 44, 21, 84, 71]","[66601993, 66602990, 66603987, 66604984, 66605981, 66606978, 66607975, 66608972, 66609969, 66610966]",3cd8fd1eb4a63747b6a9a4909f0988ea4a4a074dfb35fd788d805d41a81d3639,400,12,12,3,7,0,2112000,2fd622d4c27d5f10cc80722259c74f448350275696eedcff9540431aa0ad4fd5,True,0
666,HistoryIdentitySame,1,79.88999938964844,9.044965299981413,"[43, 52, 33, 2, 66, 73, 55, 88, 64, 29]","[66701996, 66702993, 66703990, 66704987, 66705984, 66706981, 66707978, 66708975, 66709972, 66710969]",8f93df02897154eea772919e821a673248cdc2f6234c161a0135d18d58b8e37a,400,20,20,5,5,0,2112000,1918483f175c0e89be7f4c2103ec427d688afd25e3db7d8c3887c86768e28632,True,0
667,HistoryIdentitySame,1,80.22000122070312,12.648414900002535,"[36, 21, 65, 13, 83, 18, 51, 23, 8, 33]","[66801999, 66802996, 66803993, 66804990, 66805987, 66806984, 66807981, 66808978, 66809975, 66810972]",235abb338e28dbcdb9144589db79bfd5a0b030942131559e27105261b856160b,400,32,30,8,2,0,2112000,2d6a1f47b69516691043c1e6c1764203299c6eb8ad93837cb8c1cd18dab22563,True,0
668,HistoryIdentitySame,1,71.80999755859375,9.691946199978702,"[79, 59, 38, 87, 91, 49, 57, 45, 76, 33]","[66902002, 66902999, 66903996, 66904993, 66905990, 66906987, 66907984, 66908981, 66909978, 66910975]",4237107cac20d4f8fd4695a8e2a1a553c115a4b245c65a822e9a85a88c16ab0f,400,24,24,6,4,0,2112000,bf65748f29effaf3ef7658e0df44d3748d5b5f7a9887db52a1d2738ea5a20ff4,True,0
669,HistoryIdentitySame,1,81.55000305175781,11.805688499996904,"[14, 36, 71, 0, 3, 15, 27, 91, 69, 26]","[67002005, 67003002, 67003999, 67004996, 67005993, 67006990, 67007987, 67008984, 67009981, 67010978]",01aa43d20a77d33b25e6e900be9d1beb26093e7db0256c5f38935c6f634cc071,400,28,27,7,3,0,2112000,2b8ba9224014a294049e20a4e3927b97a855f677d33d536fb5a84398765bac4a,True,0
670,HistoryIdentitySame,1,70.36000061035156,9.32840299999225,"[89, 92, 69, 36, 41, 88, 48, 98, 21, 73]","[67102008, 67103005, 67104002, 67104999, 67105996, 67106993, 67107990, 67108987, 67109984, 67110981]",ba97ee9f83e78a09dddf3954e6b91940c1a4d3051f22f9928c01f2f53a4bc866,400,28,28,7,3,0,2112000,37459ce54541a579258109e1434c48a07ffaa368cbf122434dc85a78426aef0c,True,0
671,HistoryIdentitySame,1,70.68000030517578,12.052807500003837,"[45, 36, 95, 46, 3, 80, 23, 14, 8, 66]","[67202011, 67203008, 67204005, 67205002, 67205999, 67206996, 67207993, 67208990, 67209987, 67210984]",1b088f5e2e2b0571aad2f7faf1166f320cd81f401832919f76bef5c4bf24acc2,400,36,36,9,1,0,2112000,75102d96082673a81365ab2c49308a3402cc220df3f43217e16f7681c8f720b0,True,0
672,HistoryIdentitySame,1,72.1500015258789,9.407330200017896,"[53, 98, 71, 83, 70, 82, 47, 94, 99, 97]","[67302014, 67303011, 67304008, 67305005, 67306002, 67306999, 67307996, 67308993, 67309990, 67310987]",10be6f605e003fb304c016bd4f3108e6cdcad74fe0e96752dec5a62487d489ae,400,16,16,4,6,0,2112000,a8af615fd24faed3391d54257f0e1c49259ef7049b3773614c518a23ca2f4974,True,0
673,HistoryIdentitySame,1,79.08000183105469,9.914845699997386,"[54, 8, 35, 73, 91, 97, 87, 79, 33, 49]","[67402017, 67403014, 67404011, 67405008, 67406005, 67407002, 67407999, 67408996, 67409993, 67410990]",792db20756a446af9eb6c84c333326dae782632af1c421fe68985e768527d143,400,32,32,8,2,0,2112000,68955abdafba6ec4ccee5a29e5fb7100d8632c51cbdacfe4825c481fd06cd586,True,0
674,HistoryIdentitySame,1,76.23999786376953,10.896054600016214,"[38, 24, 74, 58, 36, 13, 85, 34, 7, 40]","[67502020, 67503017, 67504014, 67505011, 67506008, 67507005, 67508002, 67508999, 67509996, 67510993]",9084b347094b2a6bc80a259f66f3d3e69d04aa1cfb90a5a20a5a64ce4e89db7b,400,20,19,5,5,0,2112000,a9b4b305748add5238969a30e03637590d0e73aa250b90cf405d1135b37a3b84,True,0
675,HistoryIdentitySame,1,78.75,9.106906900007743,"[40, 29, 57, 49, 69, 98, 74, 87, 18, 91]","[67602023, 67603020, 67604017, 67605014, 67606011, 67607008, 67608005, 67609002, 67609999, 67610996]",77bd3e6ad6fa0899e0e3eb8c9061256474a60b79b00e138f60382daaaccea9ec,400,40,39,10,0,0,2112000,521c522ae172a940e0d1925e5d392eaa218ce83c04e716fdfe9ba0bbc8708947,True,0
676,HistoryIdentitySame,1,79.19999694824219,13.10557080002036,"[33, 3, 19, 15, 47, 70, 16, 84, 80, 85]","[67702026, 67703023, 67704020, 67705017, 67706014, 67707011, 67708008, 67709005, 67710002, 67710999]",a2d9ffa35c8ce226b74ebb005bfd4dedec548bea5e2298e7fb01c6dd1b6f68df,400,28,27,7,3,0,2112000,087af023f6a72304c2a866bb534f6489a84201bbe35895ffbd573c8298ce87ad,True,0
677,HistoryIdentitySame,1,76.83000183105469,8.20557029999327,"[0, 96, 2, 52, 77, 18, 38, 99, 51, 61]","[67802029, 67803026, 67804023, 67805020, 67806017, 67807014, 67808011, 67809008, 67810005, 67811002]",8cb2bf7f5abcb8a8faef1e125f2ce81196b713fb13ab1988d04b77421d16fa9b,400,20,20,5,5,0,2112000,f8df495dd6ea9c9e520d0005a6d489dc3ec23a93e82dc8a7a30b1a411d49bd80,True,0
678,HistoryIdentitySame,1,75.13999938964844,9.217210100003285,"[38, 90, 47, 64, 94, 41, 82, 48, 36, 96]","[67902032, 67903029, 67904026, 67905023, 67906020, 67907017, 67908014, 67909011, 67910008, 67911005]",9bbab82d25ee69624917c68e69e3e2c0d78ba4f51ce5c0d7b8c688dd907a343d,400,32,32,8,2,0,2112000,060e683f60620d011bbf00b2955388a09f49ab57983e17ada69bacbb3d1c406a,True,0
679,HistoryIdentitySame,1,63.880001068115234,11.708768999989843,"[85, 22, 12, 65, 36, 61, 21, 98, 34, 15]","[68002035, 68003032, 68004029, 68005026, 68006023, 68007020, 68008017, 68009014, 68010011, 68011008]",354ea22556e5d3d78308d8deca60b93b9345c330ad8fccd51d95683a26f2cf65,400,28,27,7,3,0,2112000,fb1cefd2a65300c3292e25fbff48b02d2b12f6e61ab3108cafba2fa24214bf33,True,0
680,HistoryIdentitySame,1,70.95999908447266,8.03155909999623,"[29, 54, 84, 75, 1, 31, 89, 57, 43, 13]","[68102038, 68103035, 68104032, 68105029, 68106026, 68107023, 68108020, 68109017, 68110014, 68111011]",45553f96d9da189e6940dccecd1b3841c913859b3bdd5d777bbccac187d3993c,400,24,24,6,4,0,2112000,fe0b386a4fdb4fe0eb6876ecb725d00526d58f0e822278c40c65091813281f1b,True,0
681,HistoryIdentitySame,1,72.05999755859375,10.411569599993527,"[68, 10, 11, 55, 81, 70, 71, 74, 56, 44]","[68202041, 68203038, 68204035, 68205032, 68206029, 68207026, 68208023, 68209020, 68210017, 68211014]",1d8d11d1684453264d5eccd392b8c7a5ca33ae8e76af64a18de1dc9ae954818d,400,12,12,3,7,0,2112000,bb4516d8f7710bb7a9db04709c86949de37f36027506917c14d67aa284566400,True,0
682,HistoryIdentitySame,1,77.86000061035156,10.979995600006077,"[60, 25, 15, 70, 10, 61, 95, 3, 0, 24]","[68302044, 68303041, 68304038, 68305035, 68306032, 68307029, 68308026, 68309023, 68310020, 68311017]",ae86c16f33803056a8492d411e3b6b638523b19c7240276611c52ca13b46405f,400,28,27,7,3,0,2112000,968bf75c72524636794a0664133c899bf68ead6c0723ab46de8f91d10db6abd0,True,0
683,HistoryIdentitySame,1,79.4800033569336,11.615979399997741,"[65, 84, 82, 2, 52, 9, 81, 85, 91, 3]","[68402047, 68403044, 68404041, 68405038, 68406035, 68407032, 68408029, 68409026, 68410023, 68411020]",4403292f6f891cd93ad2e004c05f1b5a52ec69d35e74f69052d13306d3416f21,400,36,35,9,1,0,2112000,36b2f62ce99e1c67b8200890003346e6e48f8caf3542531f53e745f112589925,True,0
684,HistoryIdentitySame,1,78.58000183105469,10.141563400015002,"[84, 44, 73, 99, 45, 79, 14, 27, 80, 2]","[68502050, 68503047, 68504044, 68505041, 68506038, 68507035, 68508032, 68509029, 68510026, 68511023]",d976bf722b0b088988b7b66efe0b264ce48cb5bcf4c232036330fc1120c49196,400,20,20,5,5,0,2112000,20ea9e28e96554748e81acf1d21bc25d3ff6ad7af39d2806dee9ec1e8c963137,True,0
685,HistoryIdentitySame,1,72.94000244140625,10.601446600019699,"[37, 14, 27, 86, 92, 24, 17, 1, 31, 9]","[68602053, 68603050, 68604047, 68605044, 68606041, 68607038, 68608035, 68609032, 68610029, 68611026]",8dd37def8093b923d30f4560e93a31369f3d5a7daec348233deb5fb1eb092f23,400,24,23,6,4,0,2112000,5b1d7f1b3717f50931c38c850ed955bb615771f840aa18d69b27e62ea4341b89,True,0
686,HistoryIdentitySame,1,78.27999877929688,12.398851799982367,"[20, 11, 54, 55, 91, 26, 86, 65, 75, 94]","[68702056, 68703053, 68704050, 68705047, 68706044, 68707041, 68708038, 68709035, 68710032, 68711029]",977016549d627c39043daa375b1419fb454887492f7f0262c647f7f4e7cda3e8,400,32,32,8,2,0,2112000,83e269d394203ba4b17990fe9ad9057bd0bd9e9f7990eb372d396696cca87c8f,True,0
687,HistoryIdentitySame,1,75.41999816894531,9.870853599975817,"[4, 8, 23, 24, 85, 25, 43, 12, 11, 0]","[68802059, 68803056, 68804053, 68805050, 68806047, 68807044, 68808041, 68809038, 68810035, 68811032]",36d44c807188d8d24d723c1e77512c79b7cf66b4f75b4bedbcb76e1fd9e19720,400,28,28,7,3,0,2112000,e29a1cab6310668e674252f52452aa051a9d3214c5fe27f52f9f98bb1aa8a831,True,0
688,HistoryIdentitySame,1,74.30000305175781,11.253542699996615,"[70, 37, 27, 29, 30, 21, 8, 7, 23, 26]","[68902062, 68903059, 68904056, 68905053, 68906050, 68907047, 68908044, 68909041, 68910038, 68911035]",147dcee1978b3578012b509561f77c99fb81c9bf230b8a2d51ea9507ea9bae10,400,32,32,8,2,0,2112000,dbb65fd988cc07e7e5f470677b7d3947bbb3d45bc8b418e1b05e709881d1e0e0,True,0
689,HistoryIdentitySame,1,76.83000183105469,10.720115100004477,"[80, 63, 49, 68, 48, 61, 89, 70, 97, 98]","[69002065, 69003062, 69004059, 69005056, 69006053, 69007050, 69008047, 69009044, 69010041, 69011038]",794eb89d71e32cc5dc140a9cd413d047668b2deabecbadd69d6307d0b00a8c11,400,24,24,6,4,0,2112000,e1b6c22953e3ffa9d1d2a87fc204cd83bc2c309a7f094e24c04781236c4c62a0,True,0
690,HistoryIdentitySame,1,76.16999816894531,10.304303299984895,"[26, 2, 99, 23, 55, 40, 17, 30, 43, 59]","[69102068, 69103065, 69104062, 69105059, 69106056, 69107053, 69108050, 69109047, 69110044, 69111041]",cbfd4f33e9806106614ecd7ff012206f9000cbc4f3b874e8fd8d3b67744504cf,400,32,32,8,2,0,2112000,d331045a0d819d863cacca58aac13904f720d8126d898da1ee2d9f5c19f6c3ae,True,0
691,HistoryIdentitySame,1,73.76000213623047,9.15300799999386,"[5, 60, 13, 84, 29, 34, 3, 64, 21, 25]","[69202071, 69203068, 69204065, 69205062, 69206059, 69207056, 69208053, 69209050, 69210047, 69211044]",7ba86ebd366c31cdee1c1ae4e9cfbd73af0aa0d39c0f35a4af8d6eb5c0aceb1c,400,24,24,6,4,0,2112000,c2c6dc7e0dac3e2b1d5e0c19151f8a5be518b3191bccb963a7c509150357350c,True,0
692,HistoryIdentitySame,1,66.62000274658203,10.86238500001491,"[98, 68, 67, 37, 72, 59, 0, 58, 4, 6]","[69302074, 69303071, 69304068, 69305065, 69306062, 69307059, 69308056, 69309053, 69310050, 69311047]",5e5fc6134485ea630bdbad290c5cf630341ba20eccd803afe8ebf1c4dd82fcfb,400,24,23,6,4,0,2112000,1f75c3bca2884e03290b5a6cfdba43cb7828463d18d20b2c71d20905550d7c4d,True,0
693,HistoryIdentitySame,1,79.37000274658203,9.25241630000528,"[81, 15, 37, 21, 41, 38, 11, 35, 2, 94]","[69402077, 69403074, 69404071, 69405068, 69406065, 69407062, 69408059, 69409056, 69410053, 69411050]",e6ca365f2f1e549718649292b17595d72963b7abf6e8716a7bc26b24106decf0,400,24,23,6,4,0,2112000,30dc1b34a155b5ae75e43d6b4c04bfdc2227a99b7023787115ab4bfc99632763,True,0
694,HistoryIdentitySame,1,77.37000274658203,9.84021950000897,"[42, 6, 81, 53, 12, 9, 45, 17, 50, 5]","[69502080, 69503077, 69504074, 69505071, 69506068, 69507065, 69508062, 69509059, 69510056, 69511053]",6a66066d4c296d4275411ad99c0799c41d79fe7c4b3c2c0c83eca3f1c92b4e92,320,14,14,7,3,0,2112000,f258f90dd7b9b5543882ac85c9717fa05b49f3917bd2974e58430c27661c9aa9,True,0
695,HistoryIdentitySame,1,79.04000091552734,9.223724899988156,"[5, 75, 98, 66, 35, 14, 62, 47, 30, 27]","[69602083, 69603080, 69604077, 69605074, 69606071, 69607068, 69608065, 69609062, 69610059, 69611056]",9db7a62ea6022c8f2ca53fb3ac6864ab01a8275cd0be43e4750362c4aa7c5998,320,14,14,7,3,0,2112000,17960420d3be275ec07dc71e8f1afda58947e78444099f198f8a8df21ae0e1f1,True,0
696,HistoryIdentitySame,1,78.45999908447266,11.60190199999488,"[44, 58, 33, 77, 21, 87, 29, 20, 3, 69]","[69702086, 69703083, 69704080, 69705077, 69706074, 69707071, 69708068, 69709065, 69710062, 69711059]",325ce61fd602c3f08a8a373fa51f7119d973534daef1485430e64390a611be4f,320,10,10,5,5,0,2112000,0d4aae9659f170ab2d2f6199ff6347660b14b30726ca67b88c4509b5b0972e94,True,0
697,HistoryIdentitySame,1,72.94000244140625,9.514526800019667,"[27, 66, 11, 62, 46, 38, 91, 57, 28, 63]","[69802089, 69803086, 69804083, 69805080, 69806077, 69807074, 69808071, 69809068, 69810065, 69811062]",cc4a54dfb4f0c0a1a2ef89d25d19d653aad86c4575b1738090f280f09eb857ba,320,12,12,6,4,0,2112000,b35456af9184b74116015fb6b2f1b6f4b022dfe9d3325c6dc1249c42b9ac9052,True,0
698,HistoryIdentitySame,1,81.0199966430664,11.858667200023774,"[88, 87, 20, 18, 33, 97, 16, 0, 28, 77]","[69902092, 69903089, 69904086, 69905083, 69906080, 69907077, 69908074, 69909071, 69910068, 69911065]",b1cc0df43069eb3c27b2d9950fde58ae1084a5e082f2bbf1154a1623c6fc2e8f,320,14,14,7,3,0,2112000,26b239422774517089a97a2d92b7b276ac9919d5b0d5baa9fc5d9494c01e3b4e,True,0
699,HistoryIdentitySame,1,74.2300033569336,11.833006400003796,"[88, 62, 49, 33, 28, 60, 67, 80, 54, 36]","[70002095, 70003092, 70004089, 70005086, 70006083, 70007080, 70008077, 70009074, 70010071, 70011068]",2f2b40b240d2d23101564fa0b4ec3a55b6032451474d6cc69a758ccffef4d663,320,16,16,8,2,0,2112000,f0154f0582b0e7d582414aa4a5b31bad1b259182df614cf9e04a30ad4adbf70d,True,0
700,HistoryIdentitySame,1,77.33000183105469,9.388493100006599,"[0, 74, 86, 14, 71, 85, 1, 46, 38, 28]","[70102098, 70103095, 70104092, 70105089, 70106086, 70107083, 70108080, 70109077, 70110074, 70111071]",81c8d47772b0a1a08244236cdf215b9c92757c63b91911bd236b7d50f1f13903,320,10,10,5,5,0,2112000,87ca5b6060466180c4e8fb67a082f7007e625c7a812caac79969c9cd1565fc69,True,0
701,HistoryIdentitySame,1,73.91000366210938,9.588254899979802,"[25, 97, 49, 41, 92, 35, 61, 94, 3, 72]","[70202101, 70203098, 70204095, 70205092, 70206089, 70207086, 70208083, 70209080, 70210077, 70211074]",8417ee8a811bdc3da07bf8c11f019b94c1d35b8ee45dc73b7cd512cebd04328f,320,16,15,8,2,0,2112000,e41809cf81cf9517ec6137a7d65f843882b821e6e84a0b020a46b0bf762a263c,True,0
702,HistoryIdentitySame,1,70.41999816894531,8.84791270000278,"[77, 72, 71, 91, 83, 55, 37, 58, 43, 89]","[70302104, 70303101, 70304098, 70305095, 70306092, 70307089, 70308086, 70309083, 70310080, 70311077]",a2654c90cd145f1663b8cecbaa3362bdc2772cb438adf512965412ef97f1a3e6,320,12,11,6,4,0,2112000,f4dee433d5d7b4ca45df821092c513baaa4aa8e991ae4ebfdbd1af4e67775435,True,0
703,HistoryIdentitySame,1,60.86000061035156,10.81820300000254,"[22, 25, 64, 70, 63, 35, 58, 78, 99, 95]","[70402107, 70403104, 70404101, 70405098, 70406095, 70407092, 70408089, 70409086, 70410083, 70411080]",db12ac9b22e829f7ac58be241e5585a3e3d15eea828eec093ec4c3a9efc4d247,320,8,8,4,6,0,2112000,b3b9177cf002961842e5ea6f43f3a0af7da8f32047db2ce0714d2e4d8243cfe9,True,0
704,HistoryIdentitySame,1,80.05000305175781,11.553032499999972,"[16, 36, 7, 59, 4, 9, 47, 55, 74, 53]","[70502110, 70503107, 70504104, 70505101, 70506098, 70507095, 70508092, 70509089, 70510086, 70511083]",f0bdd9847812d1871a2f30a5efdd47f3b4b0d606f0a5a34fa08af863ebc60ecb,320,14,14,7,3,0,2112000,2cf9bdb4f67306a6dbdb60f4bea7a9f8d3feb7ece9ba7a66dd888461af799427,True,0
705,HistoryIdentitySame,1,79.61000061035156,10.101302199997008,"[82, 93, 84, 70, 86, 23, 56, 91, 42, 98]","[70602113, 70603110, 70604107, 70605104, 70606101, 70607098, 70608095, 70609092, 70610089, 70611086]",9ed5abfe98a073602c57b677b586d7b72e11cb5f3952139dd2dc5b30b5dc825a,320,8,8,4,6,0,2112000,94d60fff8c20c42f00235b6a87893787a7ad79c609d50438ffad8383170a71fb,True,0
706,HistoryIdentitySame,1,80.93000030517578,10.695117800001753,"[88, 70, 29, 7, 22, 49, 91, 64, 39, 36]","[70702116, 70703113, 70704110, 70705107, 70706104, 70707101, 70708098, 70709095, 70710092, 70711089]",89dfc8a71c49933d42c201e08965533dc5f60ae3a8a3f9b309fdfcb76e77db97,320,18,18,9,1,0,2112000,30e39f0319d3139e1dca682a7f562a9e6eb07ba7177dee656458acd36e273ca8,True,0
707,HistoryIdentitySame,1,80.16000366210938,8.973513500008266,"[14, 44, 19, 83, 56, 74, 68, 50, 77, 9]","[70802119, 70803116, 70804113, 70805110, 70806107, 70807104, 70808101, 70809098, 70810095, 70811092]",aa3c229cc2fde6366aa5a3dbe7100013b213a4e3056bdb0a1b2debeecdef3023,320,12,12,6,4,0,2112000,2133d923fda688451b2596b802cedceded4e4cb095253962dd629e2b98716bef,True,0
708,HistoryIdentitySame,1,81.0199966430664,8.010300900001312,"[31, 27, 98, 97, 38, 78, 11, 87, 76, 81]","[70902122, 70903119, 70904116, 70905113, 70906110, 70907107, 70908104, 70909101, 70910098, 70911095]",9018f30c9f3d1b78994fc9df35f11d0cdc68bb1e47d71b6ba862e20b3de9a5df,320,10,10,5,5,0,2112000,bbdd856938f82693a0f0d91607cac98046b010148bf6583e87794a6b21fb57c0,True,0
709,HistoryIdentitySame,1,76.44000244140625,10.577117200009525,"[90, 88, 61, 75, 57, 74, 93, 30, 12, 17]","[71002125, 71003122, 71004119, 71005116, 71006113, 71007110, 71008107, 71009104, 71010101, 71011098]",325280bbb53612ebb30b79a2f9f26058c070bd3f948dbe173d198134127a4c76,320,8,8,4,6,0,2112000,c8e3660450491cd0d7acb0c6273908fb6d960457aee658d535c7e00404963c49,True,0
710,HistoryIdentitySame,1,80.98999786376953,10.290061400010018,"[75, 67, 93, 58, 70, 66, 10, 21, 39, 77]","[71102128, 71103125, 71104122, 71105119, 71106116, 71107113, 71108110, 71109107, 71110104, 71111101]",52a3ea325833855bb3eaa44c6f84fa4be4f7aa195d1c1b090fb48f3fb8ded214,320,12,12,6,4,0,2112000,e2061ecb18931c568ef95f1180d32340c56df88f8356cc27195f4b50123ef7d1,True,0
711,HistoryIdentitySame,1,80.83000183105469,9.905215100006899,"[3, 54, 41, 58, 73, 16, 43, 26, 4, 70]","[71202131, 71203128, 71204125, 71205122, 71206119, 71207116, 71208113, 71209110, 71210107, 71211104]",cd26ab1ebac68aa4ea72b55fecbe445d2c9ea911c5abe1f9a07bbb174d094122,320,14,14,7,3,0,2112000,eff4ab70afdfc05bcbada5d600b72dc12761b863c4f93aeddd20df2bf9c38e02,True,0
712,HistoryIdentitySame,1,74.2300033569336,13.585558300022967,"[90, 95, 30, 85, 73, 6, 87, 86, 25, 65]","[71302134, 71303131, 71304128, 71305125, 71306122, 71307119, 71308116, 71309113, 71310110, 71311107]",569bc6cc3395b050218c0dd5a4d3e8e7661efd5da5f91783f96fbc0f5b47683d,320,14,14,7,3,0,2112000,54bce7c38611bcb2cf3cbb838a1851cc7b0298ca92500cc4370838dd59dd4ef9,True,0
713,HistoryIdentitySame,1,80.62999725341797,10.746808399999281,"[25, 0, 63, 65, 35, 91, 72, 27, 95, 83]","[71402137, 71403134, 71404131, 71405128, 71406125, 71407122, 71408119, 71409116, 71410113, 71411110]",c52e62b1824dab0a19bcceb4ccb6d3729ff629cc436738b08aa965b0c81e196d,320,16,16,8,2,0,2112000,a289866b3896965b9934a64e4de7caabee00f950fe0d4a8fae60251613263453,True,0
714,HistoryIdentitySame,1,76.13999938964844,10.029066899995087,"[98, 10, 6, 2, 17, 93, 9, 41, 72, 3]","[71502140, 71503137, 71504134, 71505131, 71506128, 71507125, 71508122, 71509119, 71510116, 71511113]",963ab3387a550d398cc50c2afc01403131d8b30cd2dc7e3a162698bbc695e429,320,18,18,9,1,0,2112000,d5f12ed4200a1a606ec0ac005669740390c8c5e58844138a3a1643e174c25165,True,0
715,HistoryIdentitySame,1,77.41000366210938,9.393825000006473,"[48, 89, 52, 35, 22, 27, 55, 50, 44, 85]","[71602143, 71603140, 71604137, 71605134, 71606131, 71607128, 71608125, 71609122, 71610119, 71611116]",ca7498eab4dc9471039a88cf57e61b956d22d3e4e703050dac300d5611edcf5d,320,12,12,6,4,0,2112000,f6cdf0849a6e60c8720e6149a81305b1b3ae39d3680533ef1c2dedc3a3e94643,True,0
716,HistoryIdentitySame,1,78.80999755859375,9.413592900004005,"[16, 5, 45, 69, 78, 46, 90, 66, 61, 10]","[71702146, 71703143, 71704140, 71705137, 71706134, 71707131, 71708128, 71709125, 71710122, 71711119]",68e785e843990b9e2663ff8cee681501f2115a270d28ff1a03d8fc623dbde4b1,320,12,12,6,4,0,2112000,b17635bfda37aea355f325fcc44759e7d2296d1af46ce48cc517ee8012cfdcc7,True,0
717,HistoryIdentitySame,1,76.87999725341797,9.424910700006876,"[77, 63, 18, 4, 91, 15, 21, 33, 99, 92]","[71802149, 71803146, 71804143, 71805140, 71806137, 71807134, 71808131, 71809128, 71810125, 71811122]",db819f86dbdb0337ee07da4f0fd50c3baed0f8728b14ead29b90429a7761a664,320,10,10,5,5,0,2112000,473a776e143b323f1af25b4c2cdc5840519349bbb1979d1b906d70a72bcc6a1c,True,0
718,HistoryIdentitySame,1,76.36000061035156,12.635809600003995,"[65, 37, 58, 85, 77, 35, 31, 99, 14, 83]","[71902152, 71903149, 71904146, 71905143, 71906140, 71907137, 71908134, 71909131, 71910128, 71911125]",8a825e3340dcdf486bb0248d55ef49b16a3717568cb1f66a4c8f41e69d2e6969,320,16,16,8,2,0,2112000,d7f4f4eed20bec932f54dcda8bb18c6ce8adb0b4b1dd1adc293bb350ae46c702,True,0
719,HistoryIdentitySame,1,78.93000030517578,9.879041900014272,"[25, 62, 18, 35, 12, 16, 51, 37, 5, 88]","[72002155, 72003152, 72004149, 72005146, 72006143, 72007140, 72008137, 72009134, 72010131, 72011128]",d5d24ff6c47844a42dd2f2de3c712514dc6951de3ce212827b89e9bf5f411078,320,16,16,8,2,0,2112000,2df83d703dd7fc69f67b7d077527b381c0f857dadb52f36c6ee66232203a62c6,True,0
720,HistoryIdentitySame,1,78.04000091552734,11.707280600006925,"[33, 49, 87, 85, 34, 79, 45, 26, 58, 82]","[72102158, 72103155, 72104152, 72105149, 72106146, 72107143, 72108140, 72109137, 72110134, 72111131]",ef16f35c06ede4c6fdf9adc728d406b81f34462c36f3258dea6f482dff4745fd,320,12,12,6,4,0,2112000,2934fcef3194d2050492266392e7389e96daa938a4effa3272346118b68ccfb9,True,0
721,HistoryIdentitySame,1,78.08999633789062,11.471554699994158,"[90, 51, 26, 20, 37, 65, 78, 35, 48, 54]","[72202161, 72203158, 72204155, 72205152, 72206149, 72207146, 72208143, 72209140, 72210137, 72211134]",87ac09789358f1d00dd15f12ee30bf58d759dd90ad8609e58349cd3fccfdf556,320,18,18,9,1,0,2112000,2f6f4967bc154bca5c91fb98763b40cbb7df0f33e733909316da80b82b38f7d1,True,0
722,HistoryIdentitySame,1,76.94000244140625,10.295154899999034,"[56, 42, 19, 30, 97, 7, 57, 83, 47, 69]","[72302164, 72303161, 72304158, 72305155, 72306152, 72307149, 72308146, 72309143, 72310140, 72311137]",ec9a0e2a105c295aa4748d5f4c4ad9b9a7cb78a1cad69095286ef4d90e7da5d2,320,6,6,3,7,0,2112000,d3e24d5a6ca58317a5146e55175f0d7d72fd4ee6c1bd0d43772fe4e59c4523b2,True,0
723,HistoryIdentitySame,1,79.8499984741211,10.018799100012984,"[30, 75, 48, 84, 49, 40, 67, 33, 64, 39]","[72402167, 72403164, 72404161, 72405158, 72406155, 72407152, 72408149, 72409146, 72410143, 72411140]",a52935dc351aaafa48efd6c7ad5443fa6a11ae95667ee3128767000e380d385d,320,8,8,4,6,0,2112000,960ef7a981dd31c7d69ddcf060b99ea7925af49dc5b01b4bce43c2ba7695d53b,True,0
724,HistoryIdentitySame,1,76.12000274658203,8.154104699991876,"[28, 77, 64, 82, 26, 8, 89, 94, 59, 54]","[72502170, 72503167, 72504164, 72505161, 72506158, 72507155, 72508152, 72509149, 72510146, 72511143]",47846b658bfef3af6daffddf5d53621622d21327ca3e22d19de2b5ac087df2f6,320,12,11,6,4,0,2112000,be40d9082945ae2f27bb9a35300511d7eca1dc69bfbad3b0b93d8491029b585a,True,0
725,HistoryIdentitySame,1,77.4000015258789,10.587510199984536,"[19, 73, 85, 79, 70, 38, 78, 58, 0, 40]","[72602173, 72603170, 72604167, 72605164, 72606161, 72607158, 72608155, 72609152, 72610149, 72611146]",587568305cd7487e3ad81b55386012dfb8d5d12189731444c725f0d3118e6503,320,12,12,6,4,0,2112000,7df972b0d99f8e6f9cbdc5717cb9711d015b333c984006f595c630e77e8f2bcf,True,0
726,HistoryIdentitySame,1,75.43000030517578,11.611916099995142,"[62, 15, 99, 34, 81, 13, 73, 21, 45, 57]","[72702176, 72703173, 72704170, 72705167, 72706164, 72707161, 72708158, 72709155, 72710152, 72711149]",f8f0501280b09104d1990e47692f4f75f8a62648572562445844f2c3c2b6975f,320,16,16,8,2,0,2112000,9bb3da6f49cfb1ebd461e36edfa26ac4a9ba001ad9b9c25d128b46c90e1d4f02,True,0
727,HistoryIdentitySame,1,80.62000274658203,10.082666999980574,"[64, 53, 8, 52, 50, 11, 14, 81, 80, 90]","[72802179, 72803176, 72804173, 72805170, 72806167, 72807164, 72808161, 72809158, 72810155, 72811152]",4632ff85897b6fb832de964f69730fe2dac27f2a9d480b91c9406a4a07336b16,320,10,10,5,5,0,2112000,06af95fc3f9bc94504d04df2d3d9d26e109e7465167b9b5de662adbafdf71c86,True,0
728,HistoryIdentitySame,1,81.70999908447266,9.870975700003328,"[39, 79, 75, 56, 97, 88, 53, 60, 9, 20]","[72902182, 72903179, 72904176, 72905173, 72906170, 72907167, 72908164, 72909161, 72910158, 72911155]",ce4c50f99d87d23009478793992f9de3019aa05df975925ff1617baf71349bb0,320,16,16,8,2,0,2112000,1bc0aa01b2238711601e9c183a9f30fdcab92724e00934996460b31571cf1ba7,True,0
729,HistoryIdentitySame,1,77.87000274658203,10.98981410000124,"[0, 74, 95, 17, 20, 4, 26, 3, 79, 86]","[73002185, 73003182, 73004179, 73005176, 73006173, 73007170, 73008167, 73009164, 73010161, 73011158]",17043445c4188a4f06d7c3d4d3c9e914d95cf1b15a0815ff66ff75b4da994a7e,320,8,8,4,6,0,2112000,5ab7bf55b64ee01be4e856f49d01009c11847be7d3078a12d89b7a6ad11dc9ee,True,0
730,HistoryIdentitySame,1,71.23999786376953,10.576731300010579,"[82, 28, 18, 11, 78, 94, 27, 66, 60, 52]","[73102188, 73103185, 73104182, 73105179, 73106176, 73107173, 73108170, 73109167, 73110164, 73111161]",4acf5acd7f91917ea682b567062b9675b066c265f2a439a6e8b896f73bdc74ad,320,14,14,7,3,0,2112000,03fc02e732bd0dc7bdbdeddb5331653b4ecb23dee60fc9b81606277108576f26,True,0
731,HistoryIdentitySame,1,71.94999694824219,8.68655869999202,"[38, 68, 9, 61, 10, 31, 67, 63, 36, 43]","[73202191, 73203188, 73204185, 73205182, 73206179, 73207176, 73208173, 73209170, 73210167, 73211164]",78c5e9b73b7e4d673eedd813bac77cec270bf62cd698199c7fc7970f0f4f79f1,320,6,6,3,7,0,2112000,b6a052fc4e6d5f63be897e1e80e7e18b3754fa349ab0e146067830c467aae8cd,True,0
732,HistoryIdentitySame,1,75.0199966430664,9.43499680000241,"[42, 59, 37, 10, 74, 24, 55, 18, 25, 22]","[73302194, 73303191, 73304188, 73305185, 73306182, 73307179, 73308176, 73309173, 73310170, 73311167]",9d05b7ea4f16f81c2cc8c7806fcc0781425d563c19540b57895493bf0647bd32,320,10,10,5,5,0,2112000,b75766d19b948a4ab6902062e3cdc9e306a2af3c86a571a4d178d6338d897655,True,0
733,HistoryIdentitySame,1,59.08000183105469,9.383491799992044,"[78, 45, 48, 32, 30, 17, 42, 6, 74, 53]","[73402197, 73403194, 73404191, 73405188, 73406185, 73407182, 73408179, 73409176, 73410173, 73411170]",29d2cf5d7afd3e573ac8f55f96c39d19aba7952b112bb3d6ee1e2797a942f752,320,16,15,8,2,0,2112000,684f3413028e6a18fa14603e69e44bb89e5b2204b19f7e8483c19e9c51d11f6b,True,0
734,HistoryIdentitySame,1,73.19999694824219,13.131515000015497,"[7, 89, 17, 4, 79, 44, 0, 81, 83, 6]","[73502200, 73503197, 73504194, 73505191, 73506188, 73507185, 73508182, 73509179, 73510176, 73511173]",872aeba9fb0ddaa187e1063c501505f0fa9db4063c52f5238499e9de05113c3c,320,14,14,7,3,0,2112000,8d1b5b60a07e0fa89335760978e2071ea7dc01f91115797e3922d72891e9997c,True,0
735,HistoryIdentitySame,1,74.4000015258789,10.334530899999663,"[41, 2, 45, 94, 7, 6, 59, 33, 31, 92]","[73602203, 73603200, 73604197, 73605194, 73606191, 73607188, 73608185, 73609182, 73610179, 73611176]",ede39a7a0e125e104936a0dbed51de1adfb86ec600919cbcfd3dbeb05238561a,320,12,11,6,4,0,2112000,83c5d4e53e95a4feb055f5166fba51dbd6c1acd493fc42b0cb627fe0a199ca02,True,0
736,HistoryIdentitySame,1,69.0199966430664,8.975166100019123,"[48, 31, 40, 41, 5, 77, 67, 56, 24, 57]","[73702206, 73703203, 73704200, 73705197, 73706194, 73707191, 73708188, 73709185, 73710182, 73711179]",7c275f34df949d44bb1b2202bcb6bd32943a207d0c697ba0adec574afb289e25,320,14,14,7,3,0,2112000,29641fd64d28299765f4b1ce6896ba1509a434d9e107399dca2078cd9d5e542c,True,0
737,HistoryIdentitySame,1,76.18000030517578,9.771383899991633,"[12, 97, 2, 38, 71, 5, 51, 70, 7, 73]","[73802209, 73803206, 73804203, 73805200, 73806197, 73807194, 73808191, 73809188, 73810185, 73811182]",9a634934fb2e03565fc3e2c34d7f4bf66d882b2dc685f23f67430056cc5a0fc7,320,10,9,5,5,0,2112000,0e6eb4f6b339343a44b108d3ffd43fbcb5576d71ea6732afb4492e6050cc808a,True,0
738,HistoryIdentitySame,1,75.26000213623047,8.023613400000613,"[50, 35, 67, 5, 48, 42, 75, 2, 27, 68]","[73902212, 73903209, 73904206, 73905203, 73906200, 73907197, 73908194, 73909191, 73910188, 73911185]",54060cf7516026cf7c60574014ecad7d0574eef6b640a6bb2a9c9eace5ce577d,320,16,16,8,2,0,2112000,889aa1694270636648a6b14eb03458ff46ee1d4dcfc843ec1e0888cb4f1dbd31,True,0
739,HistoryIdentitySame,1,80.86000061035156,8.664322500000708,"[39, 29, 93, 7, 63, 77, 43, 42, 45, 37]","[74002215, 74003212, 74004209, 74005206, 74006203, 74007200, 74008197, 74009194, 74010191, 74011188]",494f7ba514103f014a5ec32590a718a89eed0eceb33751953f769fb97d8a9225,320,14,13,7,3,0,2112000,9b5583c016d6bb4bb9b556a15623e4c22f4d12a028fcdddd1b02984a353882a5,True,0
740,HistoryIdentitySame,1,64.05000305175781,10.116028499993263,"[37, 8, 54, 46, 22, 48, 59, 10, 40, 56]","[74102218, 74103215, 74104212, 74105209, 74106206, 74107203, 74108200, 74109197, 74110194, 74111191]",bab62bd78351dfd6dad01064a62deb24f1a73bc93d3ca7587a630028f7552732,320,14,14,7,3,0,2112000,dc4fdeb9d293afd8f9ba5bd34e2cd51c77b4ede087ab5c4b10e386f233478084,True,0
741,HistoryIdentitySame,1,72.12000274658203,10.86127910000505,"[65, 60, 78, 11, 88, 69, 32, 40, 22, 45]","[74202221, 74203218, 74204215, 74205212, 74206209, 74207206, 74208203, 74209200, 74210197, 74211194]",db21e7a7b0296b4dbbc5feef172b19a204a744d71ea32783890cb71761389eaa,320,10,10,5,5,0,2112000,9c9e82f180f1c9ba97ae34b09a2753fc08931aadba97a629589fc162ad1e1dd5,True,0
742,HistoryIdentitySame,1,54.619998931884766,9.663132400019094,"[32, 19, 39, 99, 92, 82, 78, 81, 70, 84]","[74302224, 74303221, 74304218, 74305215, 74306212, 74307209, 74308206, 74309203, 74310200, 74311197]",1150e7fd5748a81096182e80f7728aef89705b548c2076229160498836f22168,320,12,12,6,4,0,2112000,1a7f01de879412fcae406ab397cbb83199b77d1c1384020383cff8882d1438f5,True,0
743,HistoryIdentitySame,1,76.55000305175781,11.222067199996673,"[39, 94, 25, 87, 26, 88, 0, 78, 65, 54]","[74402227, 74403224, 74404221, 74405218, 74406215, 74407212, 74408209, 74409206, 74410203, 74411200]",b5a6d48d50727aaefcf9a2ca5929fb8269c0d1090e5099b7fd91abbea9216d54,320,14,14,7,3,0,2112000,72d93205668edfe7627f320ccb823efc8aba576bf6440a62f2bfa08d1465728a,True,0
744,HistoryIdentitySame,1,80.73999786376953,10.889268599974457,"[97, 93, 69, 19, 36, 45, 21, 0, 15, 22]","[74502230, 74503227, 74504224, 74505221, 74506218, 74507215, 74508212, 74509209, 74510206, 74511203]",ac2b5b28f1dc61b49fa0279934fb954322380cc0f1e596c850c5b0704ae51cb5,320,14,14,7,3,0,2112000,4c52627d1b330e3d91a9740a790e7dc79aef6d4c666c5d9d5465b56e2b57e508,True,0
745,HistoryIdentitySame,1,80.0,12.043597799987765,"[82, 23, 33, 70, 45, 53, 20, 50, 9, 47]","[74602233, 74603230, 74604227, 74605224, 74606221, 74607218, 74608215, 74609212, 74610209, 74611206]",fbf462828da8d69d457c2f536eddda7dc3ec0c678108da242969d3af7895bc2e,320,10,10,5,5,0,2112000,1a1eaf291971036ef19c50c400076972b867f351a9751ba5fe8c566d48f6c16e,True,0
746,HistoryIdentitySame,1,74.02999877929688,9.195942499994999,"[25, 83, 48, 64, 8, 13, 53, 19, 0, 17]","[74702236, 74703233, 74704230, 74705227, 74706224, 74707221, 74708218, 74709215, 74710212, 74711209]",4901227e08a76e958bc33db2b820d4c9db56e173f10a57ff25c812018310c980,320,12,12,6,4,0,2112000,93794f05f13f1660a92aa9ef38b9267d3f26505c64e33c35bcde0954989bd920,True,0
747,HistoryIdentitySame,1,79.05999755859375,10.551318700017873,"[49, 59, 53, 66, 82, 0, 73, 93, 61, 19]","[74802239, 74803236, 74804233, 74805230, 74806227, 74807224, 74808221, 74809218, 74810215, 74811212]",9653f2ab55f49d48c2b8c00907728a4d34181e74e78b6c762ca1762b881ec8fc,320,14,14,7,3,0,2112000,d49d038857bd7a2cc58e79cd3250d16fd9bb2e68aa1003c8f8a4ece8275e3bdf,True,0
748,HistoryIdentitySame,1,77.94000244140625,8.286513500002911,"[88, 38, 53, 45, 0, 89, 1, 83, 94, 92]","[74902242, 74903239, 74904236, 74905233, 74906230, 74907227, 74908224, 74909221, 74910218, 74911215]",c4bdccb51f89e3f04f98cf11492cee949a458b15e6eeb899a719fc1dbee0d627,320,14,14,7,3,0,2112000,e3aba3c90c6965201f732a1d40bd8c66db52405805d57aa773c23d18f73d05dd,True,0
749,HistoryIdentitySame,1,79.61000061035156,10.72928959998535,"[13, 16, 19, 41, 49, 94, 34, 10, 36, 89]","[75002245, 75003242, 75004239, 75005236, 75006233, 75007230, 75008227, 75009224, 75010221, 75011218]",3e5808807af09f18260a20d05c4f2cc27c1b716cb4fff2aeaa60cb25d8c190c5,320,14,14,7,3,0,2112000,975d614fd570a82b84e176b07c3852ad126e81c521979d839b23dbb23cba7a6e,True,0
750,HistoryIdentitySame,1,80.62999725341797,10.29432050001924,"[22, 61, 87, 34, 20, 94, 16, 55, 82, 1]","[75102248, 75103245, 75104242, 75105239, 75106236, 75107233, 75108230, 75109227, 75110224, 75111221]",82128d060fbc80395076a984139c49a17ebd29eda67af0e7dc54741946926dc8,320,18,18,9,1,0,2112000,f01ef3cc7dd4c40415c202da986b72548c1c74587b0c756a90010b46487957d0,True,0
751,HistoryIdentitySame,1,81.44999694824219,11.637081599998055,"[60, 23, 8, 2, 86, 76, 57, 73, 20, 48]","[75202251, 75203248, 75204245, 75205242, 75206239, 75207236, 75208233, 75209230, 75210227, 75211224]",30fe45e411a1367c695ff94bdf5c4bc0a0fc528744e7e8ce5c10e34db567a4e8,320,12,12,6,4,0,2112000,ca8bb03266dcadba0d61bc3ef02df27ed8d949bcceca7782b36ac7fe9a18ef08,True,0
752,HistoryIdentitySame,1,79.31999969482422,9.54928559999098,"[47, 93, 80, 0, 43, 24, 32, 82, 83, 13]","[75302254, 75303251, 75304248, 75305245, 75306242, 75307239, 75308236, 75309233, 75310230, 75311227]",8523b7e13dccda2e3bba1fe9519d5a9e19dc14f2da2df7a2704ed3a2e7db1fea,320,14,13,7,3,0,2112000,937e94409ee5d26fe0be385b8bf01c89432baff83ce1fc0ff1fa616d97b296bb,True,0
753,HistoryIdentitySame,1,81.0,9.286160000017844,"[85, 81, 56, 25, 42, 93, 0, 61, 98, 63]","[75402257, 75403254, 75404251, 75405248, 75406245, 75407242, 75408239, 75409236, 75410233, 75411230]",c5eb40bebd26ec62c235c4c05d1dcac9ef5df9e99f11c401c319dcbcb6577269,320,8,8,4,6,0,2112000,09f0aca1917fa14ac788cbb6d1f1d7bd90ebe5e05dbec97cafcf12d76fa4cfb6,True,0
754,HistoryIdentitySame,1,77.9800033569336,12.201461700024083,"[35, 25, 23, 52, 67, 20, 36, 78, 51, 38]","[75502260, 75503257, 75504254, 75505251, 75506248, 75507245, 75508242, 75509239, 75510236, 75511233]",e7dd16613d3fbb74e08dd2336f7b78161c7d598125f0a516e7ed9b5f8813c5e9,320,10,10,5,5,0,2112000,26aa8de13796e817744d5e15101e458024ef9c4e295662d94b2cd5328f710a08,True,0
755,HistoryIdentitySame,1,78.25,7.7859915000153705,"[13, 73, 97, 32, 55, 26, 9, 88, 74, 8]","[75602263, 75603260, 75604257, 75605254, 75606251, 75607248, 75608245, 75609242, 75610239, 75611236]",6c5cbd4c0fe5bfe677cc876c6066a2763982409ed15e1bca831ef0e70efda816,320,14,14,7,3,0,2112000,f688c7c7746146dccd25a28608d10d12d16a86c25e566ad647c22ca83383c4d3,True,0
756,HistoryIdentitySame,1,80.7300033569336,9.435817400022643,"[89, 14, 1, 70, 90, 0, 93, 13, 53, 67]","[75702266, 75703263, 75704260, 75705257, 75706254, 75707251, 75708248, 75709245, 75710242, 75711239]",e9d049de3817c881f04fb7e876327d3b724848e2cc3901a1e65b55b76c5d49ea,320,14,14,7,3,0,2112000,c86c7c5591e0618cc5e17acc7829ad676bb7db31014eaa76449c3febdc8c85a8,True,0
757,HistoryIdentitySame,1,78.7699966430664,9.713637399981963,"[87, 56, 53, 94, 82, 85, 19, 6, 47, 74]","[75802269, 75803266, 75804263, 75805260, 75806257, 75807254, 75808251, 75809248, 75810245, 75811242]",7cf29f1747227002ec3111403ed1673f70c7eb679a533343b10f11cf44001d13,320,18,17,9,1,0,2112000,bc12b9997c93874e478545cda8db602f26db88507b5fc4bf19a0abb6bb770c90,True,0
758,HistoryIdentitySame,1,76.16999816894531,9.466041600011522,"[26, 40, 14, 71, 69, 79, 90, 8, 86, 77]","[75902272, 75903269, 75904266, 75905263, 75906260, 75907257, 75908254, 75909251, 75910248, 75911245]",45e097b3685375cfb983bef944a38f1cf9afa57d957eb1c991562d355b6e3075,320,10,10,5,5,0,2112000,b4b83599250608136d85bcd9dfaf3517eac49dd2a8a331e91f5c9251c453cecd,True,0
759,HistoryIdentitySame,1,78.05000305175781,12.1075589999964,"[25, 86, 33, 35, 80, 11, 89, 46, 55, 62]","[76002275, 76003272, 76004269, 76005266, 76006263, 76007260, 76008257, 76009254, 76010251, 76011248]",41e0bcf8528010356f4c38f4c4bb930d003d12859c4cbce49b3e40eb9aa767a9,320,12,11,6,4,0,2112000,5d4be39455951504525d160d0960e4dbedb0584548874fb406567a4d497d4741,True,0
760,HistoryIdentitySame,1,79.95999908447266,11.182436000002781,"[27, 51, 36, 46, 60, 15, 54, 63, 28, 66]","[76102278, 76103275, 76104272, 76105269, 76106266, 76107263, 76108260, 76109257, 76110254, 76111251]",ed3a0aa0257e97a848490c26bbf907464be1809ea312a98f572b2e06fc80c3b8,320,10,10,5,5,0,2112000,2cd4f7598c43ab8a066bfa43fb65d912c6ee8f67411b3a5df9cd70f66ac34ffa,True,0
761,HistoryIdentitySame,1,81.5,8.707583700015675,"[8, 81, 61, 97, 39, 28, 74, 75, 31, 50]","[76202281, 76203278, 76204275, 76205272, 76206269, 76207266, 76208263, 76209260, 76210257, 76211254]",cc1f181cb87b9189bc8beb08a234128e55970b4d424159fab6c5c6eb34495d46,320,12,12,6,4,0,2112000,2c1ef70d2d275f1316f61c8bc42c9f1fa4adfc8ee9ac982b418f2b824ac85ff7,True,0
762,HistoryIdentitySame,1,80.55000305175781,8.946495900017908,"[57, 32, 67, 5, 82, 85, 88, 68, 29, 35]","[76302284, 76303281, 76304278, 76305275, 76306272, 76307269, 76308266, 76309263, 76310260, 76311257]",20b80147876cb21717751cc5a28484871460706d66c5adc4e7507cd7d60e1451,320,12,12,6,4,0,2112000,f76164a85c7ace77ef7c67b61ba82578d7ba055d2d3697d17674023ba5589da9,True,0
763,HistoryIdentitySame,1,78.51000213623047,9.225386699981755,"[96, 53, 23, 34, 27, 55, 22, 64, 21, 90]","[76402287, 76403284, 76404281, 76405278, 76406275, 76407272, 76408269, 76409266, 76410263, 76411260]",fa629d305e70f733b577d5df90a8810e3b502b26efe521ca42efd79e09d3bd9a,320,10,10,5,5,0,2112000,8bbd053acc01f3232f62db45c27a88db3f2da1230049d8e1390d74693706657d,True,0
764,HistoryIdentitySame,1,76.95999908447266,10.215734600002179,"[19, 26, 69, 40, 57, 66, 41, 21, 75, 51]","[76502290, 76503287, 76504284, 76505281, 76506278, 76507275, 76508272, 76509269, 76510266, 76511263]",5a1f3a4ecda1dc7afe466cc6ca0e4f494a82ddee423dde16b2c6a79c08fca6eb,320,18,18,9,1,0,2112000,a400f239a7d791df6c4146a14c03eea61ebbfae8dec0d1e1c4835a10a12b7432,True,0
765,HistoryIdentitySame,1,81.12999725341797,10.502019100007601,"[1, 87, 37, 81, 36, 5, 73, 59, 67, 33]","[76602293, 76603290, 76604287, 76605284, 76606281, 76607278, 76608275, 76609272, 76610269, 76611266]",dff6d0e7b3c257713e9edf9965a46c239b1d4cec50a5d450de045e9775524cb8,320,16,16,8,2,0,2112000,c03afb6ace271085ead8a77daee94ce5ba163e25568359abc073e02f0b966ee2,True,0
766,HistoryIdentitySame,1,78.58000183105469,11.10269640001934,"[61, 77, 42, 24, 56, 2, 60, 59, 33, 23]","[76702296, 76703293, 76704290, 76705287, 76706284, 76707281, 76708278, 76709275, 76710272, 76711269]",b4ec50e9bb92ebd45cc91ab84fcea37016db7724e9851369598128ba1a1a7f69,320,14,13,7,3,0,2112000,81551825d558f955bfe617deba09e16b90050d5459c1f5fdc17deeb1f8c73c5a,True,0
767,HistoryIdentitySame,1,80.30999755859375,11.437378600006923,"[74, 35, 26, 69, 20, 89, 50, 65, 15, 75]","[76802299, 76803296, 76804293, 76805290, 76806287, 76807284, 76808281, 76809278, 76810275, 76811272]",b7e6c9a6fbc1777e77be8e5754062dc521e52a55523669a8394c490738ea3e53,320,16,16,8,2,0,2112000,11ea2df07367d7cbe5691349eda91a2a876bdfe1c8a32b01800784460eb460d1,True,0
768,HistoryIdentitySame,1,75.98999786376953,8.530999500013422,"[70, 3, 2, 49, 90, 8, 39, 1, 35, 25]","[76902302, 76903299, 76904296, 76905293, 76906290, 76907287, 76908284, 76909281, 76910278, 76911275]",f3b4f8656f39be50463acccb6413c3351cd3d792921f6d6a077daa7c75ce7a77,320,14,14,7,3,0,2112000,a0381875fc00a72183c83a1f8a07f0d99118b66826faaf28c2c4fabea3570905,True,0
769,HistoryIdentitySame,1,81.66000366210938,9.06036890001269,"[53, 54, 67, 42, 39, 66, 93, 30, 21, 95]","[77002305, 77003302, 77004299, 77005296, 77006293, 77007290, 77008287, 77009284, 77010281, 77011278]",48d9068383036c1666d38e8a749c9b4c52b20d8a1575741698643b3d8cc8f2be,320,14,14,7,3,0,2112000,6c2f6269e8b058e51e67c788a6aa8551dae8d0a541c0163b1c4ad5b08386cfc6,True,0
770,HistoryIdentitySame,1,81.31999969482422,11.994747499993537,"[14, 39, 26, 3, 53, 72, 41, 24, 48, 47]","[77102308, 77103305, 77104302, 77105299, 77106296, 77107293, 77108290, 77109287, 77110284, 77111281]",20d8f558645fc01ec19c94bf51ee4f7b5846f07d56c462a1d8edc2b76474445e,320,12,12,6,4,0,2112000,4be59bb5c908f732a1ed8f4f4069eae0e054c74f74b7675ffda573b6a36aa712,True,0
771,HistoryIdentitySame,1,79.95999908447266,11.610521299997345,"[85, 86, 82, 41, 16, 97, 18, 70, 10, 49]","[77202311, 77203308, 77204305, 77205302, 77206299, 77207296, 77208293, 77209290, 77210287, 77211284]",14e0d7cb24260ab0585208546f09fbf85b8393e5f42de018c8f4cddfa6387262,240,0,0,0,4,0,2112000,1ab55eb8f319d558643d8b8ba56e113dd4915166edbb48badf48bca059282c3e,True,0
772,HistoryIdentitySame,1,76.4800033569336,10.668474000005517,"[0, 6, 67, 24, 60, 3, 63, 96, 73, 14]","[77302314, 77303311, 77304308, 77305305, 77306302, 77307299, 77308296, 77309293, 77310290, 77311287]",d8821d3534e86ae1c8ccb5cb2bf13abaab1cd55417a570c4cb4926d6effb8325,240,0,0,0,3,0,2112000,9abdae78e4c8112dc2dc06c0eba204fa1ed775c80ac3ffe1d447a6b7089e4d94,True,0
773,HistoryIdentitySame,1,76.44999694824219,9.837939699995331,"[7, 16, 85, 95, 8, 99, 67, 35, 5, 25]","[77402317, 77403314, 77404311, 77405308, 77406305, 77407302, 77408299, 77409296, 77410293, 77411290]",1d4197c6cc277628ab9a0ff09748358819c1a93077f26f336ed09a0d547a31e0,240,0,0,0,2,0,2112000,b643704a9cb884da51cb7f3f9011023f7ddc177e087dfdc5c2377399bf6938ad,True,0
774,HistoryIdentitySame,1,74.98999786376953,9.889651100005722,"[39, 31, 16, 97, 22, 0, 70, 47, 30, 84]","[77502320, 77503317, 77504314, 77505311, 77506308, 77507305, 77508302, 77509299, 77510296, 77511293]",9528d21f9d6303ec689bb3ff2083bcc9df249f225cb71641ebe8653f2ff6b4e3,240,0,0,0,3,0,2112000,385c61f1dc80ac3e7956d10d0d87ad1ca25962b40ea9d9763967e5352ce83da3,True,0
775,HistoryIdentitySame,1,77.08999633789062,12.131743000005372,"[53, 80, 28, 48, 50, 82, 79, 69, 0, 52]","[77602323, 77603320, 77604317, 77605314, 77606311, 77607308, 77608305, 77609302, 77610299, 77611296]",79679ada4bf8bff52848a4c378269844c043e21f8b30cb4e2ea8747a93086744,240,0,0,0,4,0,2112000,1683759de32c437a7db6bf0ed1310558ff7b0d8afb2e53efe0cb6f6587d8d364,True,0
776,HistoryIdentitySame,1,73.0999984741211,9.660476700024446,"[67, 37, 1, 71, 48, 60, 81, 34, 86, 38]","[77702326, 77703323, 77704320, 77705317, 77706314, 77707311, 77708308, 77709305, 77710302, 77711299]",50b28828dc7fa3b8c78bac9d5c667dd27781715753f6076d1c2e16d3f2a9b77b,240,0,0,0,5,0,2112000,48642884942ec7e5b9ef71fa33a1159911dc0d6ab0ddb9ae02c3ac7c9cea925c,True,0
777,HistoryIdentitySame,1,80.83999633789062,9.902092399977846,"[45, 94, 88, 15, 19, 20, 57, 32, 97, 87]","[77802329, 77803326, 77804323, 77805320, 77806317, 77807314, 77808311, 77809308, 77810305, 77811302]",f3ec1675d228627e398d62014403d3ce841c8cb0aa7c1fffa88bcecfa6bc25e8,240,0,0,0,7,0,2112000,a169b01f0ca66e821fd650f5d552c55aee7fabfac2c544e18b4cc58f30243bef,True,0
778,HistoryIdentitySame,1,70.62999725341797,8.841276899998775,"[48, 38, 2, 78, 83, 17, 49, 76, 53, 29]","[77902332, 77903329, 77904326, 77905323, 77906320, 77907317, 77908314, 77909311, 77910308, 77911305]",a7f546629d2d25ab599591bc23b7d3f32bd80c1f10da4f39b745e27828515592,240,0,0,0,5,0,2112000,1115398469098433ad60f6408f72191fe44060c797d89055e187b29fc87e0c60,True,0
779,HistoryIdentitySame,1,65.01000213623047,9.749078799999552,"[95, 35, 2, 46, 30, 11, 83, 36, 94, 24]","[78002335, 78003332, 78004329, 78005326, 78006323, 78007320, 78008317, 78009314, 78010311, 78011308]",c9504bcb64cc669a5e5665fda497fab773d09e6dc3e8a0e8f9478217f8c2cc02,240,0,0,0,3,0,2112000,ea9f15a240328db9a2208c03f8ccfaecb8ff73a59dc2136dabd3cb5764e623f8,True,0
780,HistoryIdentitySame,1,76.86000061035156,10.755451200006064,"[77, 54, 53, 99, 47, 33, 93, 80, 94, 91]","[78102338, 78103335, 78104332, 78105329, 78106326, 78107323, 78108320, 78109317, 78110314, 78111311]",fb9e4b531f2c7e76a4358cf0c6aea67d439c57615d7d0505846fc73436ac0d60,240,0,0,0,5,0,2112000,e43801d6c4cb880a834ec5a4bd9abca6d4b16e64ba754f58fbc37eadea2781c3,True,0
781,HistoryIdentitySame,1,70.79000091552734,10.054559499985771,"[64, 23, 95, 34, 83, 26, 52, 67, 76, 89]","[78202341, 78203338, 78204335, 78205332, 78206329, 78207326, 78208323, 78209320, 78210317, 78211314]",1a5d891c3d28e42a59c6e0942eb54549a78480f1184ec41d4f9008bd1aaa953e,240,0,0,0,4,0,2112000,060bf90a1e8b1d837ec73e9da0f98a9335106f9b9074d2d3e23534026ff74fe1,True,0
782,HistoryIdentitySame,1,79.68000030517578,10.685812699986855,"[3, 24, 22, 10, 87, 26, 18, 5, 41, 27]","[78302344, 78303341, 78304338, 78305335, 78306332, 78307329, 78308326, 78309323, 78310320, 78311317]",fb1874829aff21b84a240a407a20c9744d00638c6540089cfadd492527d38893,240,0,0,0,4,0,2112000,9a7b92a523fb9801dd678d8ca1f8fcac1239080396a7ef185a1ba841e05b644f,True,0
783,HistoryIdentitySame,1,81.44000244140625,7.467080099973828,"[11, 12, 98, 76, 85, 28, 41, 43, 74, 8]","[78402347, 78403344, 78404341, 78405338, 78406335, 78407332, 78408329, 78409326, 78410323, 78411320]",60257b81b3928391f1a3588482f23b294237f00d07355e60850ac30ec69ee1e7,240,0,0,0,4,0,2112000,ca0b2301be97dd9f45ba5b3af01235414c8a33b1f060d4ef4418068576d080cf,True,0
784,HistoryIdentitySame,1,76.22000122070312,10.453095500008203,"[25, 17, 5, 71, 4, 82, 30, 26, 90, 89]","[78502350, 78503347, 78504344, 78505341, 78506338, 78507335, 78508332, 78509329, 78510326, 78511323]",a8c7e96f87edf2b18b167bbc06416af93e5ee134b6ec311992168a42e136a23c,240,0,0,0,3,0,2112000,c4c756fc560970c0d63a912606b1867e03c16221d49453a22b8beb6dd5fdbdf6,True,0
785,HistoryIdentitySame,1,72.79000091552734,10.254660200007493,"[55, 20, 69, 4, 96, 23, 86, 54, 39, 31]","[78602353, 78603350, 78604347, 78605344, 78606341, 78607338, 78608335, 78609332, 78610329, 78611326]",2941a6901dae31d16bb23e7550a98399544a99cbf3fe1bdb55c80e82d8ff27ab,240,0,0,0,4,0,2112000,d1bc2d7c2eb1dc118b1431d25dced9e510ac8588aa49f4248f14f6220c9a66de,True,0
786,HistoryIdentitySame,1,69.26000213623047,7.906553499982692,"[53, 63, 43, 92, 56, 59, 25, 90, 41, 44]","[78702356, 78703353, 78704350, 78705347, 78706344, 78707341, 78708338, 78709335, 78710332, 78711329]",aa5ca0dfc26f40d68d115419f332ea52f170d850fcdf9928dee72869bb8b2361,240,0,0,0,5,0,2112000,fa9ad2c822efb1576ae23031eec12791fbca2fe75cb0b94c7925b3eae947ab2d,True,0
787,HistoryIdentitySame,1,78.83999633789062,9.004862000001594,"[37, 5, 39, 73, 29, 44, 88, 89, 54, 27]","[78802359, 78803356, 78804353, 78805350, 78806347, 78807344, 78808341, 78809338, 78810335, 78811332]",c6fede681e16dd6bbbacf5db4813d80d0dc44ad9b4d9d5f46d4cc818f3053c97,240,0,0,0,2,0,2112000,eb209a8688e4128ae4e28b9ff66e20f7ffa4d8999444353ec06237979fde252a,True,0
788,HistoryIdentitySame,1,81.61000061035156,10.087493099999847,"[36, 5, 63, 12, 68, 70, 11, 9, 83, 51]","[78902362, 78903359, 78904356, 78905353, 78906350, 78907347, 78908344, 78909341, 78910338, 78911335]",fa17f7c16fc2acafe01df78adaa079e441a35ab11940b79c346a450d2ce6839b,240,0,0,0,4,0,2112000,4be9ddb0d33fa99ce07a95cc3a92fd396ee46d576f3c9e6ed91749f2917c0dfa,True,0
789,HistoryIdentitySame,1,80.02999877929688,12.229477999993833,"[48, 23, 60, 97, 8, 33, 54, 20, 98, 19]","[79002365, 79003362, 79004359, 79005356, 79006353, 79007350, 79008347, 79009344, 79010341, 79011338]",5b53c079176f9d6837fe4cdbcac61163aeb1d1168872830a3d124ae417ee9de3,240,0,0,0,4,0,2112000,d29002c260b712666f974069ebb0eee41c5592cfde96579396b3ea68c9c3d64b,True,0
790,HistoryIdentitySame,1,80.77999877929688,10.373386499995831,"[7, 57, 83, 27, 88, 21, 24, 61, 66, 55]","[79102368, 79103365, 79104362, 79105359, 79106356, 79107353, 79108350, 79109347, 79110344, 79111341]",813b4c04c73d42d0c16fa4ef2ab0b6ee1893e3db9eb63a330cc2ede7633c8c8c,240,0,0,0,5,0,2112000,5b8071831ba8e08ff73ccda619f8877b5d44b86f35a3c2a5cae61c07a7217fe5,True,0
791,HistoryIdentitySame,1,81.69000244140625,8.663169600011315,"[32, 92, 4, 90, 54, 60, 85, 7, 77, 5]","[79202371, 79203368, 79204365, 79205362, 79206359, 79207356, 79208353, 79209350, 79210347, 79211344]",4903562bb509f6fdd82185c0b03d38a9737360b3dd778a99f13def605baa89db,240,0,0,0,2,0,2112000,565f9d89f78641c736b9c18d11e4f7bd3298dccd2fd85298b6075c500b0e159a,True,0
792,HistoryIdentitySame,1,79.27999877929688,11.57587249999051,"[37, 86, 39, 65, 38, 45, 80, 40, 11, 95]","[79302374, 79303371, 79304368, 79305365, 79306362, 79307359, 79308356, 79309353, 79310350, 79311347]",ef38d1963275e2cc7cc5ab8403a7c4a8de1215f1f101d42adea8190b042c7cf9,240,0,0,0,6,0,2112000,d9353e86dd6076ff9a54d62855b31287190af761b35e450bb9b6b007d08a44b6,True,0
793,HistoryIdentitySame,1,78.0999984741211,9.663868000003276,"[46, 79, 68, 37, 10, 66, 80, 39, 1, 38]","[79402377, 79403374, 79404371, 79405368, 79406365, 79407362, 79408359, 79409356, 79410353, 79411350]",b2fc0d8788410df4a8b96472f033907f935b705b35112b2b2cc06cabab12343c,240,0,0,0,4,0,2112000,f8540f6205f61f803f8e07737fddab5f320116672284de43e73755fba4acf0a0,True,0
794,HistoryIdentitySame,1,77.1500015258789,8.846007800020743,"[97, 98, 91, 79, 71, 61, 16, 76, 46, 56]","[79502380, 79503377, 79504374, 79505371, 79506368, 79507365, 79508362, 79509359, 79510356, 79511353]",aea22e7912cd4741178ef91e42b8d68b5a4eb53b180abc9aa8646d12bded8a5d,240,0,0,0,3,0,2112000,67f35c292f781eb2c4d270befe87613f6901d8d4c06764b43b6536e9c03cf28f,True,0
795,HistoryIdentitySame,1,77.83000183105469,12.042549600009806,"[81, 79, 24, 60, 25, 55, 30, 61, 80, 14]","[79602383, 79603380, 79604377, 79605374, 79606371, 79607368, 79608365, 79609362, 79610359, 79611356]",db87a46fab9e3fa237c07d9129f4651377f9d917fe9312c0ca9be15ff6be3cef,240,0,0,0,3,0,2112000,bc5e0c524d200fde5d1e412f4b79f400a26e3b4851b26d485e02621cda931bbc,True,0
796,HistoryIdentitySame,1,78.16000366210938,12.663453499990283,"[29, 50, 81, 45, 76, 97, 33, 65, 21, 34]","[79702386, 79703383, 79704380, 79705377, 79706374, 79707371, 79708368, 79709365, 79710362, 79711359]",dafef3e868ed91a7a220fc428bac9952a4b646f236477d105ad2a8a68e7200c1,240,0,0,0,2,0,2112000,f5a8ebeb4c8f8ba8b7e733d60d820bd0fec9b3fe1c68c4c1e045f36080490af3,True,0
797,HistoryIdentitySame,1,75.31999969482422,9.03257740000845,"[72, 84, 11, 74, 68, 22, 2, 46, 9, 16]","[79802389, 79803386, 79804383, 79805380, 79806377, 79807374, 79808371, 79809368, 79810365, 79811362]",9e6aa8ea42ead4bbea8ecbcd43d57cd029c33d360f656898a378b9aa455c05d7,240,0,0,0,5,0,2112000,98324adf4123556c87b60f5b1728b22efef85fa0ee7ac98aa75a4f4561313c1d,True,0
798,HistoryIdentitySame,1,81.29000091552734,10.05652069998905,"[87, 24, 44, 32, 63, 15, 97, 73, 3, 95]","[79902392, 79903389, 79904386, 79905383, 79906380, 79907377, 79908374, 79909371, 79910368, 79911365]",80677975b495793f226209f9cba7f185e9c3231854b05725c12d7887b0ad7ad7,240,0,0,0,5,0,2112000,81a600226342af6fa60d40792d846e0beb037e9f9ddf2dc2e05b313de32dc79f,True,0
799,HistoryIdentitySame,1,82.05999755859375,9.374915100022918,"[93, 87, 76, 11, 9, 56, 47, 32, 72, 37]","[80002395, 80003392, 80004389, 80005386, 80006383, 80007380, 80008377, 80009374, 80010371, 80011368]",c06d684a3af10a792717a6ab8dcb9cb73217ba289d3259e57505ca4a200e89fa,240,0,0,0,2,0,2112000,a0ddb242617e13d1eed5efe74c3ba1eb4a85c9d2440fda1704f10463d0660d60,True,0
800,HistoryIdentitySame,1,74.41000366210938,8.860385500011034,"[13, 99, 88, 85, 63, 61, 52, 51, 14, 43]","[80102398, 80103395, 80104392, 80105389, 80106386, 80107383, 80108380, 80109377, 80110374, 80111371]",3fb0d20934328cfc741b086e1fbed38149644b03a573323adca019a7b19f5037,240,0,0,0,5,0,2112000,165b48aa751960502dd74d12e5d426fc6909909f5bde73983d4bfe6161ae7c2a,True,0
801,HistoryIdentitySame,1,77.77999877929688,9.410600100003649,"[50, 48, 49, 70, 96, 77, 37, 55, 63, 12]","[80202401, 80203398, 80204395, 80205392, 80206389, 80207386, 80208383, 80209380, 80210377, 80211374]",3f98db4d41ae2d8afec350fee0f0f03ba145cea1612212b7798fce1465d6b92a,240,0,0,0,5,0,2112000,4dea386f0138e2c2c5892773050a5392db11c9a4f4fa9c9a745a51558a09cab0,True,0
802,HistoryIdentitySame,1,78.80000305175781,10.73806199998944,"[25, 72, 79, 28, 32, 81, 5, 46, 83, 91]","[80302404, 80303401, 80304398, 80305395, 80306392, 80307389, 80308386, 80309383, 80310380, 80311377]",8984c13896d1c21cd1b86e8e690e84f49623c1bef24839610387e06dff8cd51d,240,0,0,0,3,0,2112000,c1931192654f9ba4de6911eef61fefa138b04580f3200f4ac5699cc00778e9f5,True,0
803,HistoryIdentitySame,1,81.7699966430664,9.939445600000909,"[80, 64, 77, 59, 67, 60, 53, 3, 36, 52]","[80402407, 80403404, 80404401, 80405398, 80406395, 80407392, 80408389, 80409386, 80410383, 80411380]",6b9c12c914fe46b54c953a609dff6088edb4c52289f01a42ee5e6b48c5a7a349,240,0,0,0,5,0,2112000,cc5d701ae55760450b62c728e219a6f9a1b32d7f7e11ed7b431a868f0c63924e,True,0
804,HistoryIdentitySame,1,77.38999938964844,10.36016589999781,"[50, 24, 22, 80, 96, 91, 85, 17, 41, 37]","[80502410, 80503407, 80504404, 80505401, 80506398, 80507395, 80508392, 80509389, 80510386, 80511383]",c046435964b8ccee0d1959771644cdfb29762b8b0aaa78b808e18657390ebc37,240,0,0,0,2,0,2112000,dafb7b32b46022bb5d59d3547e67d95f63d83268e0fbfc7c40519e25fe97476f,True,0
805,HistoryIdentitySame,1,72.6500015258789,8.787708299991209,"[67, 55, 4, 98, 79, 77, 33, 41, 21, 10]","[80602413, 80603410, 80604407, 80605404, 80606401, 80607398, 80608395, 80609392, 80610389, 80611386]",0d3deeb79b0bbae4baab3d4bd938aca39a2f8874081574cbadeb7dd4375fe56b,240,0,0,0,3,0,2112000,946ab8e2605ba576199abc87d7f00c54b4326a2de9dec636837cbda4dca4258a,True,0
806,HistoryIdentitySame,1,79.62000274658203,8.787180700019235,"[47, 2, 84, 28, 79, 26, 5, 97, 43, 12]","[80702416, 80703413, 80704410, 80705407, 80706404, 80707401, 80708398, 80709395, 80710392, 80711389]",9d7bb640f4c16a6dde8cae50720bf92573a95b7a54bb623fc7c288e094c3b250,240,0,0,0,1,0,2112000,f7f886a4bde80ba68c02b741a522b6561f5cc4873ddfb9a869344aa78649c216,True,0
807,HistoryIdentitySame,1,81.68000030517578,9.884075899986783,"[64, 66, 31, 0, 51, 95, 92, 62, 35, 65]","[80802419, 80803416, 80804413, 80805410, 80806407, 80807404, 80808401, 80809398, 80810395, 80811392]",eacf52ff75b8d3307bc8fbe0dcdb0a6a10d37b570fff54dec5bff73f6882de29,240,0,0,0,7,0,2112000,66d4beba94a0a75162514b9b899fe054431ee4d6fe379091353f300120453d10,True,0
808,HistoryIdentitySame,1,80.2300033569336,9.185368899983587,"[82, 95, 21, 19, 39, 60, 67, 51, 47, 45]","[80902422, 80903419, 80904416, 80905413, 80906410, 80907407, 80908404, 80909401, 80910398, 80911395]",f6e710061748a084b4be9e36d34d62472b42ef494b9f336515277d740cf9a7c4,240,0,0,0,4,0,2112000,df4c40aff51eba3a2285bf494fc063a7291792886294fe2bcd226b2b9733307d,True,0
809,HistoryIdentitySame,1,78.8499984741211,12.662865399994189,"[22, 7, 13, 15, 65, 24, 55, 3, 47, 68]","[81002425, 81003422, 81004419, 81005416, 81006413, 81007410, 81008407, 81009404, 81010401, 81011398]",6fdc4bd6baa049c9f57ef8b08dbab579398da63e711b466db421a6fe3e29af4a,240,0,0,0,3,0,2112000,fa6e30335f5fe97bfffaa9218aca35bdb5c720b3f589dc214db7e9bfa20dd12b,True,0
810,HistoryIdentitySame,1,80.76000213623047,12.639165100001264,"[21, 53, 68, 14, 52, 4, 71, 41, 16, 7]","[81102428, 81103425, 81104422, 81105419, 81106416, 81107413, 81108410, 81109407, 81110404, 81111401]",8dcbcd1a7f3745841759b29a0b97748aa171b419c88035778b8fc6090c2f50c1,240,0,0,0,2,0,2112000,a694cfcdd87f4f0de35f4b757eb0386de126af64e76be4e0e2ee2ef3adfa5cf2,True,0
811,HistoryIdentitySame,1,69.66000366210938,9.8278774000064,"[6, 67, 83, 20, 47, 42, 48, 66, 56, 70]","[81202431, 81203428, 81204425, 81205422, 81206419, 81207416, 81208413, 81209410, 81210407, 81211404]",6b91bec50f14723e965faef37eb82fe4443d03c0cddc55850698db20fc0a4d9f,240,0,0,0,4,0,2112000,6af0ad682ebbb4da6bfcddfaf5758788dd2780873f706bdc5dd14a38c6fc7af8,True,0
812,HistoryIdentitySame,1,78.7300033569336,10.005628600018099,"[12, 5, 4, 48, 96, 21, 20, 75, 89, 11]","[81302434, 81303431, 81304428, 81305425, 81306422, 81307419, 81308416, 81309413, 81310410, 81311407]",9d5431abbc3babacc70b3844594afc2afc74f98ba872d0717a769c8ab64ef4e0,240,0,0,0,3,0,2112000,726446363982ccc6c3cc29f187d3017660b6a220c5d7f75f2c95eca120bd32cd,True,0
813,HistoryIdentitySame,1,79.12000274658203,9.186225699988427,"[43, 26, 80, 74, 50, 62, 58, 1, 94, 76]","[81402437, 81403434, 81404431, 81405428, 81406425, 81407422, 81408419, 81409416, 81410413, 81411410]",0cb43c86054a685c8d5f2dbe42c156a258c27d8a9c5fdbbcc4d6a4700b6aa508,240,0,0,0,5,0,2112000,12d18af360ef8111d3c544ad9ad6123963c12510e1135ef045581bee2fac094a,True,0
814,HistoryIdentitySame,1,67.25,9.265027800021926,"[37, 0, 63, 16, 35, 60, 29, 46, 62, 43]","[81502440, 81503437, 81504434, 81505431, 81506428, 81507425, 81508422, 81509419, 81510416, 81511413]",8eaccd3cf26324a37a9b7b4e74d88287212768c4d15d2c87c52cd044d268961b,240,0,0,0,3,0,2112000,3b558858579ba03d90ff0138fb4f6f59783e7ea2bc121416eabd05cb068815a5,True,0
815,HistoryIdentitySame,1,78.08999633789062,10.483651500020642,"[26, 87, 30, 12, 57, 90, 50, 89, 25, 81]","[81602443, 81603440, 81604437, 81605434, 81606431, 81607428, 81608425, 81609422, 81610419, 81611416]",ce5ef493782401bf4828f71ae2c2ee955b65349c737da461bd93e22924ab6184,240,0,0,0,6,0,2112000,0e5ad147eceb1f23e735d1c4286f47eae0e74aa7d54ad254a5ed6fb04de27dd6,True,0
816,HistoryIdentitySame,1,79.81999969482422,9.545870200003264,"[63, 86, 1, 50, 94, 72, 75, 67, 80, 76]","[81702446, 81703443, 81704440, 81705437, 81706434, 81707431, 81708428, 81709425, 81710422, 81711419]",bd7e60e193b1d0426b7869a1552e59a0f67dfb738d59144be76e11b313253145,240,0,0,0,2,0,2112000,e4cbab911cf25a6822c77b4cfd1ba97531537c3abdcc61b8f3d0606f1aea03c0,True,0
817,HistoryIdentitySame,1,79.3499984741211,12.109811200003605,"[17, 12, 4, 58, 76, 26, 20, 45, 89, 84]","[81802449, 81803446, 81804443, 81805440, 81806437, 81807434, 81808431, 81809428, 81810425, 81811422]",fb580c612a3cf615e28728f158a6458632c6034df1de4f7da928bbd30f142ec2,240,0,0,0,2,0,2112000,017a79cabb9f88879db66e3f5921420da5bcb9aeffc939784650c63be881ec6b,True,0
818,HistoryIdentitySame,1,80.29000091552734,9.033005000004778,"[8, 56, 0, 34, 70, 82, 18, 50, 4, 85]","[81902452, 81903449, 81904446, 81905443, 81906440, 81907437, 81908434, 81909431, 81910428, 81911425]",5bfac266588ba575a152e0b762fd77b9bb256b8de3138da01a8986f66cbd171e,240,0,0,0,4,0,2112000,0c68ad9cb96dda2984d95ef863a13d84867e47b1b0abcc570bd00971cb2dbc08,True,0
819,HistoryIdentitySame,1,80.19999694824219,10.733638799982145,"[62, 36, 79, 5, 90, 68, 51, 20, 50, 89]","[82002455, 82003452, 82004449, 82005446, 82006443, 82007440, 82008437, 82009434, 82010431, 82011428]",ac918ea1e128d9bac795b8233f1671f50a79298c4b878a4e6b6d93effba9d8af,240,0,0,0,3,0,2112000,01883a7b0bb1cd8d254cbfc25bb8c8ae90a6ef2e4bb7119b277ccf345fbf5173,True,0
820,HistoryIdentitySame,1,51.47999954223633,8.360710300010396,"[52, 83, 45, 55, 59, 95, 31, 54, 41, 84]","[82102458, 82103455, 82104452, 82105449, 82106446, 82107443, 82108440, 82109437, 82110434, 82111431]",0d495e23f700d37a8d40c4b6847e14835d9c1df0ec1fa9524892cc9265e1af39,240,0,0,0,5,0,2112000,3eca0023e9b2fd1e7b0d16ac707f4671ccb175c60bac493ff8731d2891c92c11,True,0
821,HistoryIdentitySame,1,77.5199966430664,10.834619000001112,"[49, 48, 44, 69, 87, 63, 92, 33, 36, 27]","[82202461, 82203458, 82204455, 82205452, 82206449, 82207446, 82208443, 82209440, 82210437, 82211434]",32c69530fb86b37089b56a899431db75529ab43102e899f83379d55eb449daf5,240,0,0,0,6,0,2112000,a294f8cc1b777a03d50f143e92778b1cdcd1d227ae001234474daa62fd81804c,True,0
822,HistoryIdentitySame,1,75.88999938964844,11.783252900000662,"[17, 83, 35, 44, 54, 9, 10, 60, 49, 62]","[82302464, 82303461, 82304458, 82305455, 82306452, 82307449, 82308446, 82309443, 82310440, 82311437]",0a5267d767df5c591620cd66ec3498c90ea828bd70cc853f009b1c7a7ec7b902,240,0,0,0,2,0,2112000,7c2a0540cb60e7dff7094dd40dca66ce44e5d8bef482052f5e177ec341653840,True,0
823,HistoryIdentitySame,1,54.5,13.499227899999823,"[12, 80, 56, 90, 89, 75, 22, 57, 33, 6]","[82402467, 82403464, 82404461, 82405458, 82406455, 82407452, 82408449, 82409446, 82410443, 82411440]",cf6ef0b6238f7fced852d12dab85dca55c88c79a6fd98059b32b82806a5290af,240,0,0,0,2,0,2112000,33ce2b296168817bf4c366d9bfbe73e93d2567dbc16b18abc3598768b82ae165,True,0
824,HistoryIdentitySame,1,76.0,11.26741560001392,"[13, 61, 67, 95, 43, 22, 50, 46, 6, 51]","[82502470, 82503467, 82504464, 82505461, 82506458, 82507455, 82508452, 82509449, 82510446, 82511443]",5dc9c1243576754868732cfa6a9f28139f2f4ce6d7a2681dd834b39475379355,240,0,0,0,2,0,2112000,d534028fe30982925658a95c3180fe9b52954a1e86ba500a2025388d39ac4cb7,True,0
825,HistoryIdentitySame,1,78.48999786376953,10.456389900005888,"[29, 79, 15, 64, 49, 53, 85, 58, 98, 67]","[82602473, 82603470, 82604467, 82605464, 82606461, 82607458, 82608455, 82609452, 82610449, 82611446]",ade5287b12d4d0de9b6c4fec2e413ef13885c4c8954404ede2f56229c95c3d04,240,0,0,0,5,0,2112000,7d587bfa4929eaccc65c772b1501923c7a294dc53dd8108772c340158435f5be,True,0
826,HistoryIdentitySame,1,76.73999786376953,11.283950599987293,"[89, 45, 21, 8, 63, 23, 4, 66, 44, 32]","[82702476, 82703473, 82704470, 82705467, 82706464, 82707461, 82708458, 82709455, 82710452, 82711449]",5b6416aa40aeeb37fdbad0082368ae28120be73f6a449522e37b728baa85bda7,240,0,0,0,4,0,2112000,4ef0ce1dc3a5f9b55659fa90c2566cb51cc3ebbacf448bf689a1f310792b848d,True,0
827,HistoryIdentitySame,1,70.41999816894531,9.728132800024468,"[29, 43, 73, 11, 60, 22, 6, 31, 91, 98]","[82802479, 82803476, 82804473, 82805470, 82806467, 82807464, 82808461, 82809458, 82810455, 82811452]",8f8a21607de94d61a3ae6844c03fb3e1665bf44bfceb1ea46315e2921781d6c6,240,0,0,0,3,0,2112000,4352423edf5d114d79ff66a3d1b008c0160aba36af4b3b2964d2e95f340024f4,True,0
828,HistoryIdentitySame,1,72.63999938964844,10.265221200010274,"[91, 78, 44, 34, 3, 27, 2, 28, 92, 97]","[82902482, 82903479, 82904476, 82905473, 82906470, 82907467, 82908464, 82909461, 82910458, 82911455]",6751ea74d08012be34e61cabe89d6c39e022d1a82d8e76bb6525146dfb37a117,240,0,0,0,5,0,2112000,2c05ccd1c830d47dd0f73a675cc83a7799aadecbdeb4e065062b82d4113fc1c3,True,0
829,HistoryIdentitySame,1,79.43000030517578,10.709863700001733,"[8, 64, 39, 16, 74, 41, 29, 75, 76, 52]","[83002485, 83003482, 83004479, 83005476, 83006473, 83007470, 83008467, 83009464, 83010461, 83011458]",aebb9017b958ed18dc4e257a33e2dd3b9c4ade75cffb28693320abe3904ececa,240,0,0,0,4,0,2112000,81ae5a386a606ccb2065d9049c68e2161b171c276081f946df969d9b3995ed1c,True,0
830,HistoryIdentitySame,1,70.04000091552734,10.195821500004968,"[24, 51, 90, 38, 26, 8, 67, 28, 68, 33]","[83102488, 83103485, 83104482, 83105479, 83106476, 83107473, 83108470, 83109467, 83110464, 83111461]",b38f4977f2089ef6c1bed66e3b13b8c8955d42edafa9ef9f6e421ed9606c2961,240,0,0,0,4,0,2112000,94e8f90815d950bebc668fa9a0b0f577ce9ea1471d5281b77a72224417156491,True,0
831,HistoryIdentitySame,1,72.69999694824219,10.58586550000473,"[56, 44, 64, 43, 99, 22, 23, 98, 97, 82]","[83202491, 83203488, 83204485, 83205482, 83206479, 83207476, 83208473, 83209470, 83210467, 83211464]",ec99bc5dc2074b3ef8086e8b0056c97f11d9b9ffc1defed4c8f0fa74223e1797,240,0,0,0,2,0,2112000,dedd94c4035643ccb4764e149d69934849c192342ac8bc304d6790eafbdb0bcf,True,0
832,HistoryIdentitySame,1,80.36000061035156,10.177520099998219,"[72, 56, 36, 73, 67, 87, 96, 1, 70, 12]","[83302494, 83303491, 83304488, 83305485, 83306482, 83307479, 83308476, 83309473, 83310470, 83311467]",11c47bb4111c2f5a5dfd2b53fee7306b8d5fd81f0fa8d5613cfc6b59d0edd50a,240,0,0,0,6,0,2112000,4665555b824db15f0955ac6df4f70fdbaf9a285ff3962560d70908413182e0af,True,0
833,HistoryIdentitySame,1,76.1500015258789,9.819677199993748,"[86, 9, 32, 37, 62, 39, 91, 1, 84, 45]","[83402497, 83403494, 83404491, 83405488, 83406485, 83407482, 83408479, 83409476, 83410473, 83411470]",1bf06ba3ae816305cf467f90c493c624ebc84eec7c370fc4cfb02145de11292a,240,0,0,0,5,0,2112000,4112d7cdaaa3104c50c00e389a40a7fc716199d61567a9682b997cd823873187,True,0
834,HistoryIdentitySame,1,78.63999938964844,10.483847999974387,"[30, 67, 68, 48, 9, 43, 84, 14, 41, 15]","[83502500, 83503497, 83504494, 83505491, 83506488, 83507485, 83508482, 83509479, 83510476, 83511473]",c106b496d882fd58b0ba7c0fc533f70dc764274bf61b7b63b7ac7be44f083a7c,240,0,0,0,3,0,2112000,3afa63c639d3a33ce973b25b7687729cbc0bd5e1e70ffa0bd59a0c95afde5e09,True,0
835,HistoryIdentitySame,1,80.93000030517578,12.017671199981123,"[56, 7, 1, 75, 42, 67, 6, 66, 27, 25]","[83602503, 83603500, 83604497, 83605494, 83606491, 83607488, 83608485, 83609482, 83610479, 83611476]",45cf63e68205ef23948b851f38ba7bee7ef7706cedb25788cc15451d1636cd09,240,0,0,0,3,0,2112000,929274175cc2c44a53c280321c2b09bd2e4e522f68429c20b04520f83b020fc3,True,0
836,HistoryIdentitySame,1,78.41000366210938,12.892591999989236,"[64, 51, 80, 31, 33, 34, 6, 11, 69, 93]","[83702506, 83703503, 83704500, 83705497, 83706494, 83707491, 83708488, 83709485, 83710482, 83711479]",70c565c275fe1d293eea5a519da0233bfc0a4a788bd7f72ee148c9592d38a8c0,240,0,0,0,3,0,2112000,627936ed00bc4210ca2768059563bb4c3eaaecd42bb5b4767058035395b01187,True,0
837,HistoryIdentitySame,1,80.33000183105469,9.944232399982866,"[77, 92, 14, 82, 26, 10, 56, 50, 21, 59]","[83802509, 83803506, 83804503, 83805500, 83806497, 83807494, 83808491, 83809488, 83810485, 83811482]",63e5978adc3d7e940a6072598b49adc987001f69c14090baf02a37ebae1ee1f6,240,0,0,0,5,0,2112000,d40a6da933a90aed14d5238663651500b3d64ccbb87e071d1d4c0dbd522dff90,True,0
838,HistoryIdentitySame,1,81.62999725341797,9.383020499983104,"[21, 69, 31, 67, 3, 77, 96, 22, 66, 87]","[83902512, 83903509, 83904506, 83905503, 83906500, 83907497, 83908494, 83909491, 83910488, 83911485]",9bed2b4aa26528e37de551e951fec024e0021017e77f38b629af9640137ef818,240,0,0,0,0,0,2112000,355160581ff951c228a48e97978543c526cd283f039c213d7fcf5a1a5d5b18f6,True,0
839,HistoryIdentitySame,1,78.75,11.00924370001303,"[14, 72, 92, 53, 65, 48, 96, 3, 25, 75]","[84002515, 84003512, 84004509, 84005506, 84006503, 84007500, 84008497, 84009494, 84010491, 84011488]",b8abd61bc35323e5f604d585f60926a6d0522de979ea7b6612ac95e898bad82b,240,0,0,0,2,0,2112000,f188e3e39d38e4cd3fd17329908d0fb570edb6f99f95bd4964086c0344945ba0,True,0
840,HistoryIdentitySame,1,66.37000274658203,10.117266599991126,"[58, 77, 32, 46, 37, 18, 70, 27, 49, 48]","[84102518, 84103515, 84104512, 84105509, 84106506, 84107503, 84108500, 84109497, 84110494, 84111491]",b4ff1e8ea67f99590b2a80fadb020c340513783ae775f7b4f478053bf1f18bde,240,0,0,0,4,0,2112000,72763bf9f3cf44195aadfe0b0a1c9c1cea1498ad7089ae53210ed8e8fdb7e60a,True,0
841,HistoryIdentitySame,1,76.98999786376953,12.66447909999988,"[63, 25, 70, 90, 22, 58, 86, 93, 35, 17]","[84202521, 84203518, 84204515, 84205512, 84206509, 84207506, 84208503, 84209500, 84210497, 84211494]",86762c8c49343e7f097dc21c328927c42a5ea7b53c0ded755df80128f13a057c,240,0,0,0,4,0,2112000,916afdc511bbb14bed48f1b643bf382001b2ea71d084cc976f90753a1fe07cde,True,0
842,HistoryIdentitySame,1,77.68000030517578,8.013199800014263,"[75, 28, 59, 81, 2, 42, 99, 88, 98, 72]","[84302524, 84303521, 84304518, 84305515, 84306512, 84307509, 84308506, 84309503, 84310500, 84311497]",cb3caba66923c4b73d871ff632a0536a48e77367b0f170e853ae40a0cea48af4,240,0,0,0,6,0,2112000,fb6490c576a3bfe1e897cecc13222f22bd141d46ddbe245c780c273882ee863e,True,0
843,HistoryIdentitySame,1,80.95999908447266,8.438927799987141,"[94, 53, 19, 78, 21, 59, 37, 82, 1, 43]","[84402527, 84403524, 84404521, 84405518, 84406515, 84407512, 84408509, 84409506, 84410503, 84411500]",de0fa781dfca8b459cfc90a45dc3caed3e0b2d75688dd1caa95192989e6c6350,240,0,0,0,3,0,2112000,7be9e9159e0156e2a6ff39d461003a888d094d6b5835c148509a8900851d3d39,True,0
844,HistoryIdentitySame,1,78.93000030517578,13.044687199988402,"[58, 37, 76, 34, 47, 82, 21, 65, 52, 73]","[84502530, 84503527, 84504524, 84505521, 84506518, 84507515, 84508512, 84509509, 84510506, 84511503]",cdd9f0666ff075df8d286600b87ba85243fd32351f39d03288f08af1a1804df9,240,0,0,0,4,0,2112000,cdbd2078b0ce13a627ce1de01b8d9b0ade6fae14a8d8a927d0e8aa764f5b2b47,True,0
845,HistoryIdentitySame,1,79.05000305175781,10.60277340002358,"[39, 32, 69, 10, 3, 86, 84, 70, 34, 23]","[84602533, 84603530, 84604527, 84605524, 84606521, 84607518, 84608515, 84609512, 84610509, 84611506]",3d0a52f7a8c1f3150767656dc5d9c13fcd9d8a561e8e269f8ea64e740cd81492,240,0,0,0,3,0,2112000,c47a80a3b5c2a2e6f57626be21d0c6f4f32068c656d80eb9667d9c5230edd368,True,0
846,HistoryIdentitySame,1,71.79000091552734,10.436435300012818,"[78, 94, 75, 7, 45, 96, 28, 80, 89, 87]","[84702536, 84703533, 84704530, 84705527, 84706524, 84707521, 84708518, 84709515, 84710512, 84711509]",73e78befc3b9ca4f0558e69b0bb5dcca3542c1dc9c3e6168697b4d57f9dbca0f,240,0,0,0,3,0,2112000,f294853607b065a1c962d9bd16af9e162becfc3383f3e79ce8fea11d541577d5,True,0
847,HistoryIdentitySame,1,75.91000366210938,11.13617549999617,"[63, 52, 90, 48, 69, 57, 17, 76, 93, 3]","[84802539, 84803536, 84804533, 84805530, 84806527, 84807524, 84808521, 84809518, 84810515, 84811512]",97ff3238590d3ca3bda8c88ecf7169a81b58017e3835d1c423c21cf144aef1d8,240,0,0,0,1,0,2112000,59799b6dde9730cd490cb7cff3791fedf05f81a832548dc1f0c289009cdd3967,True,0
848,HistoryIdentitySame,1,81.27999877929688,10.467650799982948,"[25, 12, 63, 14, 69, 17, 16, 13, 56, 87]","[84902542, 84903539, 84904536, 84905533, 84906530, 84907527, 84908524, 84909521, 84910518, 84911515]",c9046e2763e6a20d01798e21cb5da845f597b99d5a439b76238a68d3a28c6dea,160,0,0,0,4,0,2112000,40ef31b6479aa35376f9a5fef0a5394e609a60a2c9d039c398949e5a2f96b713,True,0
849,HistoryIdentitySame,1,80.73999786376953,9.159093499998562,"[59, 89, 79, 9, 66, 35, 0, 92, 93, 86]","[85002545, 85003542, 85004539, 85005536, 85006533, 85007530, 85008527, 85009524, 85010521, 85011518]",e1c14f675c4c135583280c5f9c77cb2bd2950ea72262b4ce1d2c554e6dc16025,160,0,0,0,5,0,2112000,bea3fa0957998b8253dd1987aeea2fb4d0f811f96794f24093971267c45fd5ba,True,0
850,HistoryIdentitySame,1,80.43000030517578,10.606613499985542,"[11, 92, 39, 30, 36, 19, 26, 28, 35, 97]","[85102548, 85103545, 85104542, 85105539, 85106536, 85107533, 85108530, 85109527, 85110524, 85111521]",28f2d1372dd49f4b4aa5a3f655d32a586cc5bd519ef6c0935416abd556e8e187,160,0,0,0,5,0,2112000,9c80c2ec2029e9ffa13ee3f9d1cff7123ab9d6e25b74fae78d77472ed1e33572,True,0
851,HistoryIdentitySame,1,74.36000061035156,9.965227999986382,"[68, 42, 1, 26, 33, 19, 0, 14, 92, 18]","[85202551, 85203548, 85204545, 85205542, 85206539, 85207536, 85208533, 85209530, 85210527, 85211524]",a4e02fb31726a1db5bfa1e993ccee1924234263ff7c92bff0a74f97ca5242ca8,160,0,0,0,3,0,2112000,3f2b0e2a6367092d0f34216b3d4e64ceec026842640687b2e36ec52d476138ec,True,0
852,HistoryIdentitySame,1,76.37000274658203,9.353143799991813,"[74, 88, 59, 36, 45, 71, 20, 15, 89, 53]","[85302554, 85303551, 85304548, 85305545, 85306542, 85307539, 85308536, 85309533, 85310530, 85311527]",f349919710b1969c7a7f7ed5efa2325b8f41b66e60aada0264e4bf04265c4666,160,0,0,0,4,0,2112000,ff521a30d26b18697c5df635590d30dc66ec53bc68b11388d7d9f20c58b27aa6,True,0
853,HistoryIdentitySame,1,80.05000305175781,9.202331300009973,"[96, 71, 17, 89, 81, 21, 52, 64, 4, 42]","[85402557, 85403554, 85404551, 85405548, 85406545, 85407542, 85408539, 85409536, 85410533, 85411530]",db1ee76a206529efaa205e09b21b9a6851a48ca83f4ebbfda2a7a62b2afb36d4,160,0,0,0,3,0,2112000,51902baa0572bcb57fa260ef1b77332e944bdd306dc478f895f4e84870652186,True,0
854,HistoryIdentitySame,1,73.69000244140625,9.455768899992108,"[23, 83, 90, 60, 72, 74, 46, 76, 59, 86]","[85502560, 85503557, 85504554, 85505551, 85506548, 85507545, 85508542, 85509539, 85510536, 85511533]",1ef7c2b49a31ee0432340505b71a2709d51cc099afee7e5bfde6b3eb57c3d476,160,0,0,0,4,0,2112000,a8686b56b63707ee84d255c2263380cbcc9c923a11063c8ac93ad0175488fa79,True,0
855,HistoryIdentitySame,1,69.83999633789062,7.8031849000253715,"[21, 77, 83, 4, 60, 62, 94, 13, 27, 95]","[85602563, 85603560, 85604557, 85605554, 85606551, 85607548, 85608545, 85609542, 85610539, 85611536]",9039ece6b52b79ddabcbd63db5d57597beeb3c512d3436c6464def7a9aa9aa32,160,0,0,0,4,0,2112000,a9ae0a2d2beda1488f8274a5a33f76d8566d4e1cc44b755d97cefc3f93805e7d,True,0
856,HistoryIdentitySame,1,80.29000091552734,10.586074899998493,"[21, 66, 47, 58, 76, 95, 52, 62, 88, 46]","[85702566, 85703563, 85704560, 85705557, 85706554, 85707551, 85708548, 85709545, 85710542, 85711539]",a8b70e89cf6707353acc231b017d4949b580c7bc52054d1b2daf573f356c1b8f,160,0,0,0,2,0,2112000,89fd7a33aa00f95a0571dcf3fe121ed620484beff3570d43ead0eb746039d3fc,True,0
857,HistoryIdentitySame,1,75.16999816894531,9.999993600009475,"[67, 8, 71, 13, 68, 86, 47, 78, 83, 79]","[85802569, 85803566, 85804563, 85805560, 85806557, 85807554, 85808551, 85809548, 85810545, 85811542]",3821adb26ff674b9edce5866776f0d512914d66a39e417fc00e24d9e3c9b5f65,160,0,0,0,3,0,2112000,6089fb78496d069450f34498c34b57e063b19b432bcb92f3bdd9e24a9d735339,True,0
858,HistoryIdentitySame,1,78.9000015258789,9.906032200000482,"[14, 56, 17, 73, 87, 72, 0, 59, 60, 50]","[85902572, 85903569, 85904566, 85905563, 85906560, 85907557, 85908554, 85909551, 85910548, 85911545]",995cca24a34a3a2e64e39b0341123fab0d0c2e9eba22b531099645b739eeca16,160,0,0,0,2,0,2112000,cd00e2a67843da2bfbbd0ddd4809cab2c45493a10cd4624bff85c50ace363725,True,0
859,HistoryIdentitySame,1,78.91999816894531,9.0094121999864,"[72, 37, 70, 1, 81, 27, 64, 44, 53, 26]","[86002575, 86003572, 86004569, 86005566, 86006563, 86007560, 86008557, 86009554, 86010551, 86011548]",5c9df1b32c85dfd68d03e39eac72124bec633a5edf5431e763159036830848ae,160,0,0,0,3,0,2112000,50e746a394b059dcb158a6386111b64d84e605c93394b0d5edec98b21cdc5647,True,0
860,HistoryIdentitySame,1,76.68000030517578,9.382319199998165,"[64, 47, 6, 75, 3, 92, 78, 8, 99, 52]","[86102578, 86103575, 86104572, 86105569, 86106566, 86107563, 86108560, 86109557, 86110554, 86111551]",104de618b960ff3896547c47e159dc3b8652341ea0902c1609e4fa20e6ced5bb,160,0,0,0,4,0,2112000,c39bebd72458ebbe370ccbc5a8b682fd44ebb12a5a8320cbdde30f8674bec5c8,True,0
861,HistoryIdentitySame,1,76.43000030517578,9.530937400006223,"[64, 13, 26, 58, 41, 28, 30, 3, 56, 99]","[86202581, 86203578, 86204575, 86205572, 86206569, 86207566, 86208563, 86209560, 86210557, 86211554]",05174acfbc3d772899b288f5f9343f6fd84f586004fe8dbeeafa6b62d9f1f345,160,0,0,0,3,0,2112000,3247fe9cf327ca941ce117bc527f8dea42acf238f0f319dba57b2918ee706e6f,True,0
862,HistoryIdentitySame,1,69.22000122070312,10.833226599992486,"[27, 94, 55, 65, 68, 97, 70, 71, 4, 15]","[86302584, 86303581, 86304578, 86305575, 86306572, 86307569, 86308566, 86309563, 86310560, 86311557]",57393a37824221019f295793a9a492bc7b65d9f2d559f0dbd49e0a4b7d8680b8,160,0,0,0,3,0,2112000,1df91ea07f54d0e9180d46b886508baf2f1004707a7c1e4e06e2291de015ac94,True,0
863,HistoryIdentitySame,1,71.19999694824219,9.534003599983407,"[59, 89, 61, 43, 90, 4, 14, 40, 11, 85]","[86402587, 86403584, 86404581, 86405578, 86406575, 86407572, 86408569, 86409566, 86410563, 86411560]",860154b208e740ae7a3b9c538b252bc23278a80f9e00afeb6c891c1c905bb6a2,160,0,0,0,5,0,2112000,3e0eb64ae76601b57e338245666b186d6cc4c85604fd27338c2d16ca6d102c8b,True,0
864,HistoryIdentitySame,1,73.29000091552734,8.567303300020285,"[36, 61, 77, 95, 32, 31, 27, 79, 94, 59]","[86502590, 86503587, 86504584, 86505581, 86506578, 86507575, 86508572, 86509569, 86510566, 86511563]",892ad4bc4f4cade9a0bb8a417c6646a63cfa2e19096f7b11940e5e15f9a653c6,160,0,0,0,4,0,2112000,8371a453e30735cf21125073b5e46f287628c02be35ce0e63e0b6c93368e643f,True,0
865,HistoryIdentitySame,1,80.51000213623047,9.356793499988271,"[20, 66, 76, 37, 92, 74, 80, 22, 32, 51]","[86602593, 86603590, 86604587, 86605584, 86606581, 86607578, 86608575, 86609572, 86610569, 86611566]",cad0f73bf28ef2ba8a0eac1bd40a25bb4b69bf8b491a977329735bd09c11ff8a,160,0,0,0,5,0,2112000,219ce282b2428656249fd681c732ae0568e5eb914db2159f92b13b6b3d48e589,True,0
866,HistoryIdentitySame,1,73.43000030517578,8.42908480000915,"[32, 70, 73, 74, 4, 67, 28, 30, 64, 12]","[86702596, 86703593, 86704590, 86705587, 86706584, 86707581, 86708578, 86709575, 86710572, 86711569]",7231f3f3d3463c7a8e4fa6d7b776b119751a61f2eb6538b57f338ac926e388f2,160,0,0,0,1,0,2112000,562aed4c21af72342ef3a0bb6b6ae5a871f4edbf65d215ef75b7e4ec231ac88a,True,0
867,HistoryIdentitySame,1,81.05999755859375,11.404766399995424,"[26, 57, 14, 20, 93, 43, 18, 36, 44, 56]","[86802599, 86803596, 86804593, 86805590, 86806587, 86807584, 86808581, 86809578, 86810575, 86811572]",a6d3ed7b0ae86375dd47caeea9acd15d7a564ba7e357d40840dd2de6abef912a,160,0,0,0,3,0,2112000,0385279ebebfdc5506f7cf69837312244bc2359cbe53a2c8b88f811b82057c64,True,0
868,HistoryIdentitySame,1,74.7699966430664,10.781997100013541,"[93, 73, 2, 3, 28, 0, 19, 39, 60, 33]","[86902602, 86903599, 86904596, 86905593, 86906590, 86907587, 86908584, 86909581, 86910578, 86911575]",cfd63a0d3d983feaf0447ce380bd555f8328f2874ef6ffc0013688eb6cb8479c,160,0,0,0,4,0,2112000,cd221412b62be057a759913005b2904958a0c11acb36e4f4a3a13fecef18a6af,True,0
869,HistoryIdentitySame,1,81.87000274658203,9.643800199992256,"[79, 20, 47, 76, 89, 19, 2, 3, 64, 83]","[87002605, 87003602, 87004599, 87005596, 87006593, 87007590, 87008587, 87009584, 87010581, 87011578]",1d7d882e76708c160750cc07c9586d6cdc59885eac3ddff6bdc9dc20dd3aca30,160,0,0,0,1,0,2112000,46af504ede1136ae3e50a701b37a49d387718c71237acc0a7f51b80a6fbbf6a4,True,0
870,HistoryIdentitySame,1,80.12000274658203,10.240212300006533,"[71, 9, 88, 17, 50, 86, 47, 91, 67, 83]","[87102608, 87103605, 87104602, 87105599, 87106596, 87107593, 87108590, 87109587, 87110584, 87111581]",20e738a82a9404c7a7b386334d47f45264cc02d3a6f17d7157c68f4bdd5af946,160,0,0,0,6,0,2112000,fd96d9749aa15c82b3fbba91333ac15e07f96ab6266fab51b8d7b3c5a4ab571e,True,0
871,HistoryIdentitySame,1,81.19000244140625,9.082098199985921,"[51, 46, 27, 21, 71, 42, 18, 90, 20, 49]","[87202611, 87203608, 87204605, 87205602, 87206599, 87207596, 87208593, 87209590, 87210587, 87211584]",2c3e8f225b5c0b6743d9bf39499415bb46b9d59c6a2c6ca3f907adaaeb04ce30,160,0,0,0,4,0,2112000,b68dee88450f9cb52dd5d25f56ae661d810b7879d8885c1dc98644b957e2fd83,True,0
872,HistoryIdentitySame,1,81.37999725341797,9.509925000020303,"[33, 70, 27, 35, 61, 18, 77, 39, 24, 55]","[87302614, 87303611, 87304608, 87305605, 87306602, 87307599, 87308596, 87309593, 87310590, 87311587]",5ce7855d40446362f5fa6adc7b343beabefbb984ced3c1146fc157dee2912721,160,0,0,0,2,0,2112000,484e2a359d52eb63e880057e8444f6c90f95a45416647c40cf56ed7442962234,True,0
873,HistoryIdentitySame,1,78.16999816894531,12.17957189999288,"[7, 36, 95, 50, 30, 88, 16, 76, 25, 23]","[87402617, 87403614, 87404611, 87405608, 87406605, 87407602, 87408599, 87409596, 87410593, 87411590]",2d0d134a1fdbb29e6512426df73452391c57e87f18ac01b15ee9917e507bb647,160,0,0,0,4,0,2112000,65698c7dc93196365c516bbce25c1976b2381607ccbab9874e65d17f7c5bab0a,True,0
874,HistoryIdentitySame,1,74.8499984741211,11.40857810000307,"[51, 97, 79, 73, 60, 89, 65, 54, 61, 11]","[87502620, 87503617, 87504614, 87505611, 87506608, 87507605, 87508602, 87509599, 87510596, 87511593]",576f7c9b901cdfd3e8ace6ec5ea370cb97ac67fbae00f094c9c578e4a6583e31,160,0,0,0,4,0,2112000,8a1dcfb1cafba900e1082b92a0826ebbaab9c582104cb173c3f853d51f2d9ac5,True,0
875,HistoryIdentitySame,1,78.69999694824219,11.973118200025056,"[18, 41, 80, 33, 2, 66, 25, 81, 46, 14]","[87602623, 87603620, 87604617, 87605614, 87606611, 87607608, 87608605, 87609602, 87610599, 87611596]",4361705e3a5823338971f5f7807cdd0acbc8b70a8ec3ed0a507fbe968d6ee65b,160,0,0,0,2,0,2112000,70c580a40cbab74c39dbfeec4bff3187a62f3ef14f1a188484ee27b679a3253f,True,0
876,HistoryIdentitySame,1,81.4800033569336,10.452024400001392,"[56, 74, 71, 25, 33, 38, 99, 10, 3, 50]","[87702626, 87703623, 87704620, 87705617, 87706614, 87707611, 87708608, 87709605, 87710602, 87711599]",b85bc54947f906a5aff00433bea025e279cf5c6a58194da005aaecd29ab15dfd,160,0,0,0,3,0,2112000,3e3dc52e83a5c0dc7cd2b30b52148eec17ddc077f62885919c70fec42b8ceed2,True,0
877,HistoryIdentitySame,1,75.5199966430664,8.607558899995638,"[17, 66, 96, 84, 28, 64, 1, 24, 71, 31]","[87802629, 87803626, 87804623, 87805620, 87806617, 87807614, 87808611, 87809608, 87810605, 87811602]",b83b778e78fc3faf1829705447a56117f6a6c8c83c061ce346d0bf540f2bcec7,160,0,0,0,4,0,2112000,9aac9e3c7311b5700e2d76e17de427727eac63f9e26b2cdf5d62f01456968b67,True,0
878,HistoryIdentitySame,1,70.19999694824219,10.33627499997965,"[8, 7, 49, 26, 70, 38, 65, 72, 43, 71]","[87902632, 87903629, 87904626, 87905623, 87906620, 87907617, 87908614, 87909611, 87910608, 87911605]",1facebe12fc246e9114d7fcd28332a9d1bed647cb44303d97f9aa611123f602c,160,0,0,0,4,0,2112000,83987ec7ad70f7a0260022712892b0153d2ecbf2ba09c3cf2b4bf478f06d48ab,True,0
879,HistoryIdentitySame,1,65.02999877929688,8.791672999999719,"[77, 41, 28, 68, 93, 45, 12, 30, 43, 18]","[88002635, 88003632, 88004629, 88005626, 88006623, 88007620, 88008617, 88009614, 88010611, 88011608]",6ae0576c97a4f1cf3f0c611e8ee30b3a93cfde064535f282a87a4550a6b31909,160,0,0,0,4,0,2112000,d3d46bceb1f323e23323a9ede6f6079d9f9a2796f4f5e444391fae2b17073a1b,True,0
880,HistoryIdentitySame,1,81.02999877929688,9.480897700006608,"[90, 19, 7, 53, 29, 45, 84, 44, 24, 35]","[88102638, 88103635, 88104632, 88105629, 88106626, 88107623, 88108620, 88109617, 88110614, 88111611]",9e23e9387c6b40e98a60f7bb758aaf57b24df2552c4cd49c4917e451fa8dd6a3,160,0,0,0,4,0,2112000,cd67867d67716d33613ef2c90c4dc9dea448cd77e25e30b6642d33c109769910,True,0
881,HistoryIdentitySame,1,78.16999816894531,9.96179289999418,"[3, 59, 25, 94, 57, 95, 5, 89, 72, 34]","[88202641, 88203638, 88204635, 88205632, 88206629, 88207626, 88208623, 88209620, 88210617, 88211614]",21cd3089758b02bd2935ceb7a05eb1260df39500211caf4314de187bd2787564,160,0,0,0,5,0,2112000,45b49cec36ce526978f2050bc1ff1ed80c5d6cd277914d1b121a6b45d0e16af9,True,0
882,HistoryIdentitySame,1,81.02999877929688,9.546004500007257,"[51, 93, 91, 92, 60, 34, 47, 48, 80, 31]","[88302644, 88303641, 88304638, 88305635, 88306632, 88307629, 88308626, 88309623, 88310620, 88311617]",bfb1b7af3bfc0abc64f4f60bd1e168498c9cff868fc0a4258cdfb6ee29e78d6f,160,0,0,0,4,0,2112000,4f5efb91cbe0525ea10e93c803dea63e8c2ac7c4ba50e394f14dd54e7afe61a1,True,0
883,HistoryIdentitySame,1,80.55000305175781,11.006557000015164,"[7, 91, 89, 90, 56, 95, 16, 50, 52, 53]","[88402647, 88403644, 88404641, 88405638, 88406635, 88407632, 88408629, 88409626, 88410623, 88411620]",f9966aa33b10ab9e64248f82c04cb56c00f740cc67bec18e850323e8f77662ae,160,0,0,0,1,0,2112000,c87c3b9aa063e3c02f9767f747896eeab2424e10606c9c5ddd5f8259eefed1c6,True,0
884,HistoryIdentitySame,1,80.94000244140625,9.78637090002303,"[33, 16, 91, 85, 9, 83, 56, 7, 5, 51]","[88502650, 88503647, 88504644, 88505641, 88506638, 88507635, 88508632, 88509629, 88510626, 88511623]",2124ff311e235a277bb02e2db5e06473c7598dc7c9bdc3920e9d1df0036a6c68,160,0,0,0,3,0,2112000,4d21131cfc183324e812b692ecc710e7b8037586bc92b75f4e7e0fc859678b79,True,0
885,HistoryIdentitySame,1,76.33000183105469,10.690278599999147,"[9, 71, 80, 20, 23, 61, 95, 43, 46, 90]","[88602653, 88603650, 88604647, 88605644, 88606641, 88607638, 88608635, 88609632, 88610629, 88611626]",34fa717296a9786579673f09e3ae9995a01bb3309d1c18d5e643366a4526c2cd,160,0,0,0,3,0,2112000,57cd9530dfec64ee3e5bf8db0397eff5aebc7929193b9843772a8614fe92ec7c,True,0
886,HistoryIdentitySame,1,78.11000061035156,9.768041000002995,"[90, 20, 83, 26, 92, 3, 0, 42, 77, 65]","[88702656, 88703653, 88704650, 88705647, 88706644, 88707641, 88708638, 88709635, 88710632, 88711629]",5d17d2fa3b93737bb9cdac7f09ce246701cbc1c41414e5028753aceef5b7f088,160,0,0,0,2,0,2112000,5774092e2560eadbc64b3db4e2ec34c94fd8cb2e3fdedbbdb9ecc2490e8166a0,True,0
887,HistoryIdentitySame,1,73.19999694824219,9.896118300006492,"[34, 69, 35, 83, 79, 66, 41, 52, 46, 57]","[88802659, 88803656, 88804653, 88805650, 88806647, 88807644, 88808641, 88809638, 88810635, 88811632]",159a6ec1254163971ebe9b85d31661168f319a98523670dedecd7b4a38291d6e,160,0,0,0,2,0,2112000,080a9fb0b2e61d6ece1e0e11b27fb2e071a62ebab3519d7fd012f582623b6d93,True,0
888,HistoryIdentitySame,1,79.23999786376953,9.783162899984745,"[79, 59, 90, 11, 25, 70, 31, 61, 54, 6]","[88902662, 88903659, 88904656, 88905653, 88906650, 88907647, 88908644, 88909641, 88910638, 88911635]",47fe56bac00dd7752f52832cfd57aa874518929008c8519983387e281b9ac941,160,0,0,0,3,0,2112000,011deda2e3c77e6e381d6e94326fab4ecadbb56838250462afc1fa5958058172,True,0
889,HistoryIdentitySame,1,81.44999694824219,9.893653399980394,"[7, 45, 66, 18, 43, 98, 16, 49, 41, 67]","[89002665, 89003662, 89004659, 89005656, 89006653, 89007650, 89008647, 89009644, 89010641, 89011638]",56584d72ecdef4565c8bcf63f189249a9349f8db06363d48ea654217ed532c20,160,0,0,0,3,0,2112000,b3dd5ab916abd8a1cb2cabc4751ff60b75535f1a473c876ea64c88c756087617,True,0
890,HistoryIdentitySame,1,81.25,10.652122600004077,"[29, 41, 94, 75, 83, 37, 62, 48, 95, 7]","[89102668, 89103665, 89104662, 89105659, 89106656, 89107653, 89108650, 89109647, 89110644, 89111641]",367931fe885679d40c78e4c787758d25d6ec06c3620aad35540d88c297f5edfc,160,0,0,0,3,0,2112000,a0cc58b060bff3a5b8a4e8aacebf77166a85b719f8f92f992b18fb9b13160616,True,0
891,HistoryIdentitySame,1,80.98999786376953,9.521445999998832,"[45, 82, 86, 54, 4, 75, 96, 22, 16, 20]","[89202671, 89203668, 89204665, 89205662, 89206659, 89207656, 89208653, 89209650, 89210647, 89211644]",9850bf575d7186fa5301f78d98d3d53db3c310fd82f75a3aa11efdb67fffc71c,160,0,0,0,5,0,2112000,45310b91b19241ea0b3158b0c389b5fb099d9600af708b6c54846a4316172025,True,0
892,HistoryIdentitySame,1,78.51000213623047,9.133660299994517,"[65, 27, 93, 59, 43, 80, 32, 98, 41, 90]","[89302674, 89303671, 89304668, 89305665, 89306662, 89307659, 89308656, 89309653, 89310650, 89311647]",c0688934ae5798b62f242f850555075afd921ed44a1dbe731b253008880a0a5d,160,0,0,0,2,0,2112000,f50293d62a07aec76dc014be17d6aceec538e25cb4275c3336a082852d32de68,True,0
893,HistoryIdentitySame,1,78.87000274658203,8.300086200004444,"[27, 75, 97, 51, 86, 99, 85, 4, 76, 74]","[89402677, 89403674, 89404671, 89405668, 89406665, 89407662, 89408659, 89409656, 89410653, 89411650]",2bdb0cb2dfa247bc7aca21234534cb3a1287c8414818594c896753243ebcedba,160,0,0,0,4,0,2112000,2bb07097a0623efa549b69de6cbfb23506064ab91bfeaa513e3e63581ba2eaa3,True,0
894,HistoryIdentitySame,1,78.3499984741211,11.360551499994472,"[94, 20, 83, 84, 73, 79, 39, 78, 16, 65]","[89502680, 89503677, 89504674, 89505671, 89506668, 89507665, 89508662, 89509659, 89510656, 89511653]",341b615804d48479d82f048ab6e9d144489a102b2d94a5fe174dc57d4321efe9,160,0,0,0,4,0,2112000,8ee3aa5402ceb200ba930e2d9a282f1fb0c5c42477195030c5717efd2786c061,True,0
895,HistoryIdentitySame,1,77.80999755859375,12.097225800011074,"[23, 49, 72, 27, 67, 12, 69, 93, 58, 89]","[89602683, 89603680, 89604677, 89605674, 89606671, 89607668, 89608665, 89609662, 89610659, 89611656]",80b19aa33f3a537d629ef7095535647806bbd0594d94a0d9f1ca22d1bc476b33,160,0,0,0,4,0,2112000,b0fca372af411677b806c16381a35e6759fecc2bb110d5a8e131d2d0c53fafc7,True,0
896,HistoryIdentitySame,1,71.1500015258789,10.58388510000077,"[86, 30, 10, 17, 83, 73, 93, 71, 41, 91]","[89702686, 89703683, 89704680, 89705677, 89706674, 89707671, 89708668, 89709665, 89710662, 89711659]",0f37aaeaeb927a160838b38709c58a95f0596e891f53492fa8726f425075fb26,160,0,0,0,5,0,2112000,15bd286834ae5bb923b0595abfff2763d5506a031472d2ffe1f6d4138f9e31b7,True,0
897,HistoryIdentitySame,1,72.43000030517578,12.61666860000696,"[16, 65, 88, 18, 49, 44, 23, 46, 9, 48]","[89802689, 89803686, 89804683, 89805680, 89806677, 89807674, 89808671, 89809668, 89810665, 89811662]",1da9cbb8dc9939b97fd1115f710c24db11964909bc5e1a710b329639b2d5242a,160,0,0,0,3,0,2112000,c0e6f1448cb6383476ca1bba085c641bf865c3fb41a007cad9a1a39f92c623de,True,0
898,HistoryIdentitySame,1,71.2300033569336,11.262430799979484,"[84, 46, 14, 70, 79, 54, 89, 73, 6, 95]","[89902692, 89903689, 89904686, 89905683, 89906680, 89907677, 89908674, 89909671, 89910668, 89911665]",027ebd140e5737caf4afd0e96142840bc60bf26ab381fc3132a1c50cda55f859,160,0,0,0,1,0,2112000,6c8fc556a2012e6527d6d29562a19f8fb4361d4fa14a86f16df6d700969ae98f,True,0
899,HistoryIdentitySame,1,78.73999786376953,9.930360199999996,"[67, 5, 24, 68, 69, 54, 88, 33, 85, 82]","[90002695, 90003692, 90004689, 90005686, 90006683, 90007680, 90008677, 90009674, 90010671, 90011668]",6a8a6526671bb0590bc21c43e6e0613827c838e9b54731120c2d898b05f145c5,160,0,0,0,4,0,2112000,c986755e8776d315096aaabb268c941bae8a4ee934669181e54d86e51bfbd353,True,0
900,HistoryIdentitySame,1,79.2300033569336,8.992577299999539,"[6, 82, 35, 78, 83, 50, 97, 10, 29, 32]","[90102698, 90103695, 90104692, 90105689, 90106686, 90107683, 90108680, 90109677, 90110674, 90111671]",5d0ec9b3fdfb37419e0b81aacd87ab49fe921be2e978e6174cbb94f5a7740ade,160,0,0,0,2,0,2112000,adc9997422116a44222e5fec2297c15a29831ab67b599f88032b5825c6e4e188,True,0
901,HistoryIdentitySame,1,79.2699966430664,9.397952500003157,"[72, 91, 9, 85, 95, 54, 82, 5, 49, 63]","[90202701, 90203698, 90204695, 90205692, 90206689, 90207686, 90208683, 90209680, 90210677, 90211674]",09a5d465770a5242d3901c3cad8d925b38b950a342bbf6f2125d03e92b650c78,160,0,0,0,1,0,2112000,fd32502bf4411d25e340fb634507d9bb8d1a2afd60bd19d691a0443b2f1e836c,True,0
902,HistoryIdentitySame,1,82.04000091552734,8.539161699998658,"[91, 90, 0, 14, 85, 77, 56, 97, 67, 52]","[90302704, 90303701, 90304698, 90305695, 90306692, 90307689, 90308686, 90309683, 90310680, 90311677]",ca62279b54f62d478d231ba63af3519300c043f3fbf380e49c42b7a9c211fd4f,160,0,0,0,4,0,2112000,8344d7db299afa8c77a4862e5de9a3693f5279710f71756f4aa830c1da88bec7,True,0
903,HistoryIdentitySame,1,80.97000122070312,10.716940999991493,"[92, 66, 94, 44, 7, 42, 95, 90, 69, 89]","[90402707, 90403704, 90404701, 90405698, 90406695, 90407692, 90408689, 90409686, 90410683, 90411680]",ae9c8ccd4b9bc795885e23824bf6770467f9a2735c738f27ad1c7174d57f32b0,160,0,0,0,4,0,2112000,90de9af0063e9c9eebc399be55b4605dff633bc31cb27bf456bd69b267c2d432,True,0
904,HistoryIdentitySame,1,81.26000213623047,9.832517200004077,"[26, 85, 52, 38, 73, 42, 12, 81, 20, 60]","[90502710, 90503707, 90504704, 90505701, 90506698, 90507695, 90508692, 90509689, 90510686, 90511683]",34d4b279462ae7568d3d1069b131b2f371c2b48fcb2febccc1a071ef189431f7,160,0,0,0,4,0,2112000,eaf8fc8b956c935e5eaae08d6ade30eac9d1ab7e1d1c1490ad013d767ee84f50,True,0
905,HistoryIdentitySame,1,81.9800033569336,10.690701899991836,"[93, 10, 12, 59, 99, 52, 75, 0, 87, 20]","[90602713, 90603710, 90604707, 90605704, 90606701, 90607698, 90608695, 90609692, 90610689, 90611686]",0fb2bbf69a8eed2e54ce9deae88902e9763ae90e31f175c163cf2931d97980ba,160,0,0,0,4,0,2112000,2f1b4c6a9fadd8acfb50e8045a4b3f39d06257365d2c70f9c066ee0d628242bb,True,0
906,HistoryIdentitySame,1,79.76000213623047,9.794551800005138,"[96, 44, 9, 11, 14, 95, 29, 17, 12, 51]","[90702716, 90703713, 90704710, 90705707, 90706704, 90707701, 90708698, 90709695, 90710692, 90711689]",9db9c52ec1ff2786b215f6a9f58b933c1482ccb7032b9ad4cfce5d7e0faf13c7,160,0,0,0,3,0,2112000,f692bfa551daa355fc5d872b8c0a4a9ab234a316d0045688538d201f76a7c708,True,0
907,HistoryIdentitySame,1,79.75,8.248679900018033,"[49, 9, 88, 2, 90, 87, 84, 44, 38, 78]","[90802719, 90803716, 90804713, 90805710, 90806707, 90807704, 90808701, 90809698, 90810695, 90811692]",a72eae57e2f3cfc278401ee5cbe5b20d69e3b708d7ae3edd9443e3f539182cf8,160,0,0,0,1,0,2112000,d890031accdf8200006dc7efdaa90d2290cdd59a2bceaa39a9f250bcca01b45b,True,0
908,HistoryIdentitySame,1,81.19999694824219,9.447054799995385,"[25, 58, 85, 83, 15, 53, 67, 97, 12, 90]","[90902722, 90903719, 90904716, 90905713, 90906710, 90907707, 90908704, 90909701, 90910698, 90911695]",fab50faccc687426588214eb213d9a606e3ff5f27a3a157b75b9a7df2ce96ce3,160,0,0,0,4,0,2112000,6ec19876b5fa6d5855289449cfb9b37ea8af393fca14e2c6a3279cc4a94a23eb,True,0
909,HistoryIdentitySame,1,80.04000091552734,10.29537970002275,"[3, 62, 33, 23, 92, 77, 69, 54, 85, 46]","[91002725, 91003722, 91004719, 91005716, 91006713, 91007710, 91008707, 91009704, 91010701, 91011698]",a99a0394ccc4480fc1d6f357ea1e1f3515c7bdd7d66bf33bea7fe4d9f8748abd,160,0,0,0,4,0,2112000,eed6c85d4f5b7f862a39bae67c4ffbe30c7279268d4dcd21fc884ab8aa5736d2,True,0
910,HistoryIdentitySame,1,79.9000015258789,12.615067300008377,"[20, 19, 33, 50, 89, 63, 17, 72, 62, 15]","[91102728, 91103725, 91104722, 91105719, 91106716, 91107713, 91108710, 91109707, 91110704, 91111701]",f2e4addc339ec5674ec8832548a2c0eb1f3b6305f90a4e84dffb8c09541fd8d2,160,0,0,0,1,0,2112000,fbb2ed316b30ac8970b1becabba5bb8bac1a8c95fbaac2940e46e92cf23eb435,True,0
911,HistoryIdentitySame,1,80.30000305175781,8.42781880000257,"[39, 48, 94, 90, 66, 1, 27, 20, 13, 3]","[91202731, 91203728, 91204725, 91205722, 91206719, 91207716, 91208713, 91209710, 91210707, 91211704]",2cb0b97a4e8b63e87bd854f01757acbbe949422a37e26991771bff691f8e877d,160,0,0,0,5,0,2112000,c3adb578e7681780ef0558b93a9762c3da77d05d920722d914c409bd746c5987,True,0
912,HistoryIdentitySame,1,79.58999633789062,10.74991990000126,"[7, 13, 80, 32, 1, 62, 58, 44, 46, 56]","[91302734, 91303731, 91304728, 91305725, 91306722, 91307719, 91308716, 91309713, 91310710, 91311707]",97ef1a23978454427d86ecf0e7019686b21ec4ef1d2852ba2f7dcd0abe1073e8,160,0,0,0,3,0,2112000,73b57752abaa572f3258c7f3bd8355fc466002869a78ffe862e9fbc0bfaba499,True,0
913,HistoryIdentitySame,1,76.73999786376953,9.179605000012089,"[96, 28, 70, 59, 79, 48, 23, 74, 43, 25]","[91402737, 91403734, 91404731, 91405728, 91406725, 91407722, 91408719, 91409716, 91410713, 91411710]",9ee2be43ef49182ab615fe794f8d2e50a13c3e0c2bf928f320f6aaf1b7bc1ab2,160,0,0,0,5,0,2112000,dc494c6bd6ba90a1bf071be22d63ee3041fbe39b6b0e5048c2cc69ae324abf43,True,0
914,HistoryIdentitySame,1,71.62000274658203,9.231483699986711,"[1, 59, 78, 71, 82, 16, 89, 19, 85, 60]","[91502740, 91503737, 91504734, 91505731, 91506728, 91507725, 91508722, 91509719, 91510716, 91511713]",54d314992f0cad49a80a96c7443ff5d40ae72cb54fd01ca933dea6ddd5ba54d3,160,0,0,0,3,0,2112000,76bcbaca7bb4fd8d4e5426c23c582d314d2eb2f19a38376ca488052493e498aa,True,0
915,HistoryIdentitySame,1,81.37999725341797,8.961698500002967,"[31, 42, 37, 89, 3, 72, 88, 97, 60, 55]","[91602743, 91603740, 91604737, 91605734, 91606731, 91607728, 91608725, 91609722, 91610719, 91611716]",069f8f01a7fbb5f4b02afcc85af774043fd84ee7d563653f4605f49d552b6ad6,160,0,0,0,4,0,2112000,926a6746b45a2e33f9e7176d0083e16407c12d7b9b027443365b7607658f4922,True,0
916,HistoryIdentitySame,1,80.44000244140625,9.551373599999351,"[35, 64, 83, 67, 48, 42, 61, 86, 81, 54]","[91702746, 91703743, 91704740, 91705737, 91706734, 91707731, 91708728, 91709725, 91710722, 91711719]",bec345f8d679e3ddb6bf38f726570e570edc38187e986cb33d5b3d40871124e4,160,0,0,0,5,0,2112000,4b7742b23926b72a1890800c18362be5c35aae58989da08d500c9396a05d9069,True,0
917,HistoryIdentitySame,1,81.30999755859375,9.600933699985035,"[96, 33, 21, 0, 47, 75, 89, 83, 76, 39]","[91802749, 91803746, 91804743, 91805740, 91806737, 91807734, 91808731, 91809728, 91810725, 91811722]",16ba18ddc5ae70f833e510cdefdb1b85af675aca2f0b79f946dc022866917bc1,160,0,0,0,5,0,2112000,46a880c76921e75f704ed4ad7cb1b3cfc06ce6be715135b9727704a82655d282,True,0
918,HistoryIdentitySame,1,81.80999755859375,7.57117740000831,"[43, 73, 29, 22, 72, 19, 77, 38, 75, 69]","[91902752, 91903749, 91904746, 91905743, 91906740, 91907737, 91908734, 91909731, 91910728, 91911725]",98c7175afaa3045330f9601b1f71355bd3117e1a589e73d44d2ad369210dad14,160,0,0,0,4,0,2112000,8413b0f7cca68059e9610b7a2cb1c3732eed45c0e77b1af6ff29b6a26de9bcf8,True,0
919,HistoryIdentitySame,1,78.12000274658203,10.565387800015742,"[83, 51, 70, 65, 66, 19, 12, 45, 26, 46]","[92002755, 92003752, 92004749, 92005746, 92006743, 92007740, 92008737, 92009734, 92010731, 92011728]",1b46aff9447378473f8152d60375b0417674f9650e1d47da1254e56b0c8d094e,160,0,0,0,5,0,2112000,1a93058053459a90a0a380f9c21540d47610beff80fd961cf394af498d92b62f,True,0
920,HistoryIdentitySame,1,65.23999786376953,11.632469400006812,"[8, 93, 65, 40, 97, 99, 77, 37, 57, 6]","[92102758, 92103755, 92104752, 92105749, 92106746, 92107743, 92108740, 92109737, 92110734, 92111731]",ca1119fcd3caf19c832427494df1b273cafef631bf4791eea22ef9539945787d,160,0,0,0,6,0,2112000,968756c6559efa0e2795688c12025d859c4115055eaff99b3df6236597c1823c,True,0
921,HistoryIdentitySame,1,75.29000091552734,11.571964500006288,"[49, 87, 96, 8, 66, 23, 6, 24, 79, 50]","[92202761, 92203758, 92204755, 92205752, 92206749, 92207746, 92208743, 92209740, 92210737, 92211734]",eb0a3b66ada6af03ff10c80a3af5208515f3f6e271130a29542c298b54e78966,160,0,0,0,4,0,2112000,a59d7e54e17d3043a55569f8c5a9c875370985d3a92dfa79dd53adb231778be3,True,0
922,HistoryIdentitySame,1,79.4800033569336,11.156050899997354,"[98, 81, 80, 29, 44, 54, 56, 70, 24, 74]","[92302764, 92303761, 92304758, 92305755, 92306752, 92307749, 92308746, 92309743, 92310740, 92311737]",f356a43cdc5d373e8b2759166d5b3b69883140779dc1ca571b24a9a0cd4d19af,160,0,0,0,1,0,2112000,a295f28b42809d694e19e5fc89f1813b5a5a59a8197fc33982cf011704629eef,True,0
923,HistoryIdentitySame,1,80.4000015258789,8.999970799981384,"[3, 50, 49, 19, 29, 92, 31, 4, 33, 35]","[92402767, 92403764, 92404761, 92405758, 92406755, 92407752, 92408749, 92409746, 92410743, 92411740]",bd11b369be15e76be0126996d3a0d2570a0cd7144a7a34eb3c563ff85c310838,160,0,0,0,2,0,2112000,901ebcaa121b3f2a9469640b09830806d3034ced920a5bea79d4209ebaee2723,True,0
924,HistoryIdentitySame,1,74.54000091552734,11.433158300002106,"[6, 48, 89, 63, 97, 62, 57, 16, 36, 83]","[92502770, 92503767, 92504764, 92505761, 92506758, 92507755, 92508752, 92509749, 92510746, 92511743]",0864a0aca00f2137707c5af196629f4e6ebeba66f784494526af4d9965e02a76,160,0,0,0,3,0,2112000,2957a7f450f57d50518fb72a1eff81970807dbafa948132e117bc7d14ff9d7e7,True,0
925,HistoryIdentitySame,1,78.95999908447266,11.809902399982093,"[37, 70, 67, 81, 11, 22, 52, 71, 58, 6]","[92602773, 92603770, 92604767, 92605764, 92606761, 92607758, 92608755, 92609752, 92610749, 92611746]",c9a8d216f36f4b6eda27f19eaa65c260f20de13cd11658c92b2c429affd0e51a,80,0,0,0,4,0,2112000,0ba45715df102c9671deb5a5302fe84603654759db28f20065259b05a3bc1718,True,0
926,HistoryIdentitySame,1,80.69000244140625,10.752465900004609,"[10, 35, 48, 81, 73, 95, 9, 36, 11, 37]","[92702776, 92703773, 92704770, 92705767, 92706764, 92707761, 92708758, 92709755, 92710752, 92711749]",4143ac28e688178495ff00900386b65281f77ae56b300687e634873b9ce44f95,80,0,0,0,3,0,2112000,184362fa501c6fa52b7f887534fa8b14ca3f2f164ced191e534cefaafe738657,True,0
927,HistoryIdentitySame,1,81.62999725341797,10.213206699991133,"[3, 94, 44, 76, 25, 74, 93, 6, 42, 75]","[92802779, 92803776, 92804773, 92805770, 92806767, 92807764, 92808761, 92809758, 92810755, 92811752]",fc565b514c259d65888e8330595cca8eaa3e996950b75fa26bc7134de3bb51c7,80,0,0,0,3,0,2112000,223d7bf7b1ee47dde7d151d6023d41c56c9e6e318e699b6d172d814b17dc0c2f,True,0
928,HistoryIdentitySame,1,81.43000030517578,8.282349899993278,"[77, 38, 52, 92, 67, 59, 18, 36, 6, 51]","[92902782, 92903779, 92904776, 92905773, 92906770, 92907767, 92908764, 92909761, 92910758, 92911755]",2abed9a79425e8a78acac106494dbd66142c4686d0837dbf040608f32da064e3,80,0,0,0,2,0,2112000,8d3966a375d4280f55b2492396ca67002dcfc6f779815a025556118f3883f43f,True,0
929,HistoryIdentitySame,1,78.9000015258789,10.159214099985547,"[32, 4, 52, 75, 53, 6, 10, 71, 79, 3]","[93002785, 93003782, 93004779, 93005776, 93006773, 93007770, 93008767, 93009764, 93010761, 93011758]",8afacc4dde5da5f1be5ba195c11bbbb342fa09e6582c93cafb1154d638f57353,80,0,0,0,2,0,2112000,702d5111fd0ccddf882a7300dc4d19c8d05f9e2928b4ecfbc5696fe6cc198fe4,True,0
930,HistoryIdentitySame,1,81.69999694824219,10.20946479999111,"[52, 77, 92, 47, 7, 66, 69, 41, 43, 21]","[93102788, 93103785, 93104782, 93105779, 93106776, 93107773, 93108770, 93109767, 93110764, 93111761]",eaeb0c45074e8021e2082c6ed16d54b3afcb803071aa39744bb98748697a754c,80,0,0,0,6,0,2112000,f1fc932fac2a7995a49ee96d78bf63d5c115f6f0b075a6390af4654f9682f490,True,0
931,HistoryIdentitySame,1,81.98999786376953,10.251531199988676,"[71, 77, 6, 20, 62, 87, 69, 61, 54, 15]","[93202791, 93203788, 93204785, 93205782, 93206779, 93207776, 93208773, 93209770, 93210767, 93211764]",ebf8cabbf5686f1ed7cc340535deb6876eb61e59b2673f04ada1d48e04dfd702,80,0,0,0,3,0,2112000,2e973c6d7b8df9601cd51d638f3cc0745195db786777b4e29a4369d37308ecff,True,0
932,HistoryIdentitySame,1,82.2699966430664,9.263212799996836,"[62, 12, 52, 59, 87, 54, 85, 79, 88, 75]","[93302794, 93303791, 93304788, 93305785, 93306782, 93307779, 93308776, 93309773, 93310770, 93311767]",ab9b9fd43e324b1bcda541f70a2a94ce21d6c76dcff4a2df263973c26b662758,80,0,0,0,3,0,2112000,34bef4c3ecd5c26ba7f1fab53969996668b5cb9330499058d1b9b748b85a0b0f,True,0
933,HistoryIdentitySame,1,80.68000030517578,11.198720299988054,"[81, 20, 17, 90, 9, 88, 80, 86, 79, 72]","[93402797, 93403794, 93404791, 93405788, 93406785, 93407782, 93408779, 93409776, 93410773, 93411770]",6eb7127e301e644807e69a2d16a141efbe6f200e559620a469a606569743f0f4,80,0,0,0,5,0,2112000,4d9def412b86b3553be49b7c67893337cb867315b2ab3cd88c21fade487d1b0c,True,0
934,HistoryIdentitySame,1,82.01000213623047,7.3432144000253174,"[67, 27, 5, 74, 72, 19, 47, 70, 92, 43]","[93502800, 93503797, 93504794, 93505791, 93506788, 93507785, 93508782, 93509779, 93510776, 93511773]",ffce5aee44699e36eb8ee09cf679a65b5799b42f0208e5582adc33ac95eba566,80,0,0,0,3,0,2112000,28838d61f9a2d80c327d56a53dc1befcd9b238b6cc05986acd16150a5052aacc,True,0
935,HistoryIdentitySame,1,74.08999633789062,9.836280599993188,"[82, 99, 23, 53, 93, 43, 92, 62, 2, 75]","[93602803, 93603800, 93604797, 93605794, 93606791, 93607788, 93608785, 93609782, 93610779, 93611776]",ee71ae59ec94ab5a7ce412fecf2ad829b7929e35e7103b3059c5e49b7b3357da,80,0,0,0,4,0,2112000,0c399695f3dc3baa179413a8b2fb13a19cb966d24d0d1d7df6b20b31c89d4fec,True,0
936,HistoryIdentitySame,1,73.41999816894531,11.51674260001164,"[54, 5, 64, 67, 34, 33, 10, 23, 17, 68]","[93702806, 93703803, 93704800, 93705797, 93706794, 93707791, 93708788, 93709785, 93710782, 93711779]",f0b5c5a7f96d3683c966ae369791e777fed4dedbd219c16566fd1cbda3696087,80,0,0,0,4,0,2112000,d317cf523270943b7c4913c288d8b2a0bf3ef122bf8fc235fe8c2bc0e1cd68d1,True,0
937,HistoryIdentitySame,1,81.4000015258789,10.97027610000805,"[25, 82, 30, 33, 98, 51, 2, 36, 70, 14]","[93802809, 93803806, 93804803, 93805800, 93806797, 93807794, 93808791, 93809788, 93810785, 93811782]",57b73e5ea1aba78ee27af5006de3c54e375123d913bd8d8cf0da456546ba83df,80,0,0,0,3,0,2112000,b615a86dd8df08f9efbdc60e09d914b35e4f995976482823f1fd3d59d523bd1f,True,0
938,HistoryIdentitySame,1,81.83000183105469,7.708016799995676,"[83, 22, 41, 88, 72, 96, 42, 94, 2, 93]","[93902812, 93903809, 93904806, 93905803, 93906800, 93907797, 93908794, 93909791, 93910788, 93911785]",46592359ed20b058114428451803566fdf9eb05b18a672dda9ce4007e4d2fb1a,80,0,0,0,5,0,2112000,b64bc2d59242d233115ce968f829820658a07b04e7cd04934694b091a59bb8b4,True,0
939,HistoryIdentitySame,1,81.01000213623047,10.558897100010654,"[11, 76, 81, 79, 67, 31, 17, 23, 59, 32]","[94002815, 94003812, 94004809, 94005806, 94006803, 94007800, 94008797, 94009794, 94010791, 94011788]",d21f19e7fe5a728ef64617c86e22fa14808ea89978aaa40d283927c935090e64,80,0,0,0,3,0,2112000,28164ea36fd870f02738c7c4e505f9fac8ea4aaf041b3c33a02d7d1c1cfb0397,True,0
940,HistoryIdentitySame,1,80.87999725341797,10.767462699994212,"[61, 30, 17, 84, 92, 62, 94, 89, 0, 96]","[94102818, 94103815, 94104812, 94105809, 94106806, 94107803, 94108800, 94109797, 94110794, 94111791]",4acc376b7e9fd6213e19ee1645e2f4174ff764efabe704bf55820ad53fdd9959,80,0,0,0,3,0,2112000,d8ffe25d2700b697a9e7d68295f94d7ee12878afc1ac70736dd8bef65dc37e35,True,0
941,HistoryIdentitySame,1,81.12000274658203,8.678232899983414,"[52, 2, 54, 25, 88, 43, 51, 34, 11, 15]","[94202821, 94203818, 94204815, 94205812, 94206809, 94207806, 94208803, 94209800, 94210797, 94211794]",d1a02a9518aaa4eca50196881ca77bb5b6db37d406de8139f5b398364df8ffad,80,0,0,0,0,0,2112000,21026d81f0e63230d76daa438f624047544ee3726a5dede384bb628dad14d594,True,0
942,HistoryIdentitySame,1,80.29000091552734,9.340926299977582,"[2, 49, 44, 0, 43, 94, 31, 35, 23, 74]","[94302824, 94303821, 94304818, 94305815, 94306812, 94307809, 94308806, 94309803, 94310800, 94311797]",75778cdbda7a0964d706aab24dba22a4fc6aaf8f7e287d0279a86e5edc37d26b,80,0,0,0,3,0,2112000,7696a9ef945f0256e74ac6d6f98e875abdfc312cb84da5e0c357f2d1e283aa75,True,0
943,HistoryIdentitySame,1,79.7699966430664,9.117918000003556,"[64, 98, 25, 82, 52, 34, 39, 51, 68, 12]","[94402827, 94403824, 94404821, 94405818, 94406815, 94407812, 94408809, 94409806, 94410803, 94411800]",3d75658ecc3915c4cdf78631dd87e194920e43602d74f31480cf83841838c6d5,80,0,0,0,2,0,2112000,3c52b329cc5563391799279aa08ca98ab2f144aae9666d83417fa766781dc9c8,True,0
944,HistoryIdentitySame,1,80.7699966430664,9.397556199983228,"[99, 88, 15, 64, 59, 18, 28, 86, 89, 22]","[94502830, 94503827, 94504824, 94505821, 94506818, 94507815, 94508812, 94509809, 94510806, 94511803]",37349ebb843a7dbb2c7db473dbeddde0eb9eb22063277cc3e9c90ec711dcc6a1,80,0,0,0,3,0,2112000,93904eef2b8e2aec89a1a4de4526549a0ae943b3bcc50cc18cd1eafeb3c2f9b2,True,0
945,HistoryIdentitySame,1,81.94000244140625,10.117030800000066,"[41, 17, 75, 70, 67, 12, 21, 16, 59, 84]","[94602833, 94603830, 94604827, 94605824, 94606821, 94607818, 94608815, 94609812, 94610809, 94611806]",037d128171debb9f35231cd59e34e093f0a4970a488bcf01dc039d6831e92b52,80,0,0,0,2,0,2112000,48e54236381b02e1d3ea0794038ed8baa2d530d8b4f8a929e3d469f4e2a23fce,True,0
946,HistoryIdentitySame,1,79.87999725341797,9.522011199995177,"[86, 68, 92, 62, 4, 45, 37, 99, 66, 69]","[94702836, 94703833, 94704830, 94705827, 94706824, 94707821, 94708818, 94709815, 94710812, 94711809]",0f0d2a1c52a5018ce3ebaf053b3cf54ba3734c7ee052605f739b78da39f4bc6d,80,0,0,0,5,0,2112000,0d31f1238e3e3d964f0b835ce4639e38661c3ce44e495006c2c0a01a8d6bd881,True,0
947,HistoryIdentitySame,1,80.2699966430664,10.893184699991252,"[24, 32, 37, 58, 69, 28, 27, 31, 54, 84]","[94802839, 94803836, 94804833, 94805830, 94806827, 94807824, 94808821, 94809818, 94810815, 94811812]",e4926ef6536a2d0f920881628d93dd730aed2ad8f558db368ee005e7b236c5c6,80,0,0,0,3,0,2112000,ddf38c52ef40b89ea13c48cc39096e538876c36b04c2bd84cb98cd581c82b47d,True,0
948,HistoryIdentitySame,1,81.2699966430664,9.265057499986142,"[17, 90, 42, 88, 76, 30, 69, 32, 19, 0]","[94902842, 94903839, 94904836, 94905833, 94906830, 94907827, 94908824, 94909821, 94910818, 94911815]",b3c3a0423a8a77ff2d8723e9e64e086cb8c5998a00688fadcfa0c2057df2fb37,80,0,0,0,2,0,2112000,15a2aa9d8237aeac3243dcfc71552dc1ebd389c707d83f14ab4f12baedd7ca53,True,0
949,HistoryIdentitySame,1,79.12000274658203,13.224680900020758,"[0, 38, 65, 82, 44, 6, 80, 12, 57, 79]","[95002845, 95003842, 95004839, 95005836, 95006833, 95007830, 95008827, 95009824, 95010821, 95011818]",bc5b8459da5566768665701201bc75e88bc8924e43f8c61e3c622bb24086a491,80,0,0,0,5,0,2112000,4c973c15b5d6da1d78b6d424340a54598ac94214f3d462066bea995a93e0f53c,True,0
950,HistoryIdentitySame,1,81.37999725341797,9.841628900001524,"[99, 18, 52, 49, 97, 64, 31, 23, 38, 56]","[95102848, 95103845, 95104842, 95105839, 95106836, 95107833, 95108830, 95109827, 95110824, 95111821]",70bfc78181190f1521db87ec128b85028ad132a15819e1f1da48f236fe4ce22d,80,0,0,0,2,0,2112000,c080aad3c02508396b7d4bba518a4dbbee28a81e4e23cb130ed19216e5482aa8,True,0
951,HistoryIdentitySame,1,81.69000244140625,9.848536300007254,"[12, 46, 24, 8, 50, 73, 14, 89, 18, 53]","[95202851, 95203848, 95204845, 95205842, 95206839, 95207836, 95208833, 95209830, 95210827, 95211824]",fbda2a5ab0c25f77364c6af3b3cb6dc53acff81bc71184931fa96d2ec096dc85,80,0,0,0,6,0,2112000,b4c9d242e3a389dad247c7559094ed809b8134dd34d0845ae8dbf8385cc13f1e,True,0
952,HistoryIdentitySame,1,81.26000213623047,12.247278399998322,"[22, 2, 79, 3, 33, 91, 46, 58, 44, 20]","[95302854, 95303851, 95304848, 95305845, 95306842, 95307839, 95308836, 95309833, 95310830, 95311827]",a8486c87cbb2af1633104d4037d7dcd4dee6f54eecb5d9f8154b572b3038606a,80,0,0,0,4,0,2112000,ce405f7591f0e86aec1ad2d29eb078a28f7f891331b468fa1e2cad2dee84ff7b,True,0
953,HistoryIdentitySame,1,81.54000091552734,7.361502699990524,"[38, 95, 15, 87, 67, 66, 69, 1, 71, 98]","[95402857, 95403854, 95404851, 95405848, 95406845, 95407842, 95408839, 95409836, 95410833, 95411830]",3141c33909255a385afe67973dc8e23b019c5c390b574d15b57ca140baa0aac7,80,0,0,0,5,0,2112000,ed86c261cf4143fa85b9ffe760f40d158a0af59c5159a209f41c489b6236a478,True,0
954,HistoryIdentitySame,1,80.44000244140625,12.419524700002512,"[73, 31, 46, 24, 90, 65, 21, 57, 38, 49]","[95502860, 95503857, 95504854, 95505851, 95506848, 95507845, 95508842, 95509839, 95510836, 95511833]",fd09a21fe31b1bb2ccc2420ae6a4b70d063afe0c3e7feb42761d37f294de0ef8,80,0,0,0,0,0,2112000,0d38dc9f0b85a635ae7b030eae216b73e2028eb8303fe698ca971f774cd5dbbb,True,0
955,HistoryIdentitySame,1,76.06999969482422,10.921637199993711,"[90, 84, 34, 23, 69, 42, 70, 29, 7, 55]","[95602863, 95603860, 95604857, 95605854, 95606851, 95607848, 95608845, 95609842, 95610839, 95611836]",0faf444abf128418bf4f47c767de78efe74c24948db5a7beb87c12888b92206c,80,0,0,0,4,0,2112000,b54365bb373d912ca5ce97be84d382ba89190f81405a5edbdbf3439e61d88596,True,0
956,HistoryIdentitySame,1,73.93000030517578,10.523765999998432,"[38, 18, 6, 42, 14, 90, 22, 58, 21, 12]","[95702866, 95703863, 95704860, 95705857, 95706854, 95707851, 95708848, 95709845, 95710842, 95711839]",f8b36c81ba822be19c1edff52f4b42fa62ba0a62d83b4435148b1ab2169e2268,80,0,0,0,0,0,2112000,b71d2a437282dcfa0c7323b30748d18fa31e3bc3df0ba86a021c5fe467eae26d,True,0
957,HistoryIdentitySame,1,72.63999938964844,13.574383200000739,"[56, 49, 55, 12, 0, 22, 57, 14, 65, 33]","[95802869, 95803866, 95804863, 95805860, 95806857, 95807854, 95808851, 95809848, 95810845, 95811842]",65dd619da9f028f60618e8e6823467c3f429f9477507d823cfdbdfba6628f196,80,0,0,0,0,0,2112000,7ee55dea93aafbca9bc4aacb665d5f9f2c77041b8300856092320f8ce700ae93,True,0
958,HistoryIdentitySame,1,81.72000122070312,10.101979300001403,"[85, 45, 1, 7, 53, 41, 21, 44, 35, 80]","[95902872, 95903869, 95904866, 95905863, 95906860, 95907857, 95908854, 95909851, 95910848, 95911845]",1797269407c122a7a5e6b38aa6485d350dcb1772a947533edd25c7a9b0f2eaa6,80,0,0,0,4,0,2112000,e7cdbfaedac5a7d16dd888140dbcf78be6c513543b57c04626abd39d420574ee,True,0
959,HistoryIdentitySame,1,80.80000305175781,10.269948100001784,"[78, 87, 62, 74, 79, 76, 30, 61, 23, 59]","[96002875, 96003872, 96004869, 96005866, 96006863, 96007860, 96008857, 96009854, 96010851, 96011848]",0260300a4d7fe9b20d35737f89d349d7124137616bbe208ba3bd735f1d633d04,80,0,0,0,7,0,2112000,958ea6c1f0283ce58cadc1bff5b619dd03ac85b8f2a98433b519e2b45c0abb50,True,0
960,HistoryIdentitySame,1,73.66999816894531,9.713181099999929,"[80, 16, 50, 48, 79, 83, 2, 30, 49, 90]","[96102878, 96103875, 96104872, 96105869, 96106866, 96107863, 96108860, 96109857, 96110854, 96111851]",7ddb9caedded62190a6b295ac52cbb875b25273cfbf158f8f0ad6d8f4db448d9,80,0,0,0,3,0,2112000,55b82e3aa84c52df733800bc10f98ca86768055ba94bf85f116726cb89e654c2,True,0
961,HistoryIdentitySame,1,81.91999816894531,10.784927800006699,"[72, 63, 31, 7, 26, 91, 94, 64, 15, 60]","[96202881, 96203878, 96204875, 96205872, 96206869, 96207866, 96208863, 96209860, 96210857, 96211854]",8c8b88e2c183fb30147c7d842764def34db68e0875c6f19b6ac330ea187aaa6a,80,0,0,0,6,0,2112000,65656472a70af6ec36c11eedc37be4cf08f0c81afa5c9b4ba0a70aa688202b43,True,0
962,HistoryIdentitySame,1,81.16999816894531,8.691083100013202,"[81, 98, 27, 53, 77, 30, 4, 93, 60, 52]","[96302884, 96303881, 96304878, 96305875, 96306872, 96307869, 96308866, 96309863, 96310860, 96311857]",90d025709b8277e60a090ca4dd1fb876e6bac7da3b43a7687984c79f0f4ca2a3,80,0,0,0,6,0,2112000,6fdfea32e59b03192740ac768351f26bfc6b5375aed5f08c434b1cfdcc017626,True,0
963,HistoryIdentitySame,1,82.01000213623047,10.319948999996996,"[20, 88, 45, 95, 61, 68, 66, 6, 67, 12]","[96402887, 96403884, 96404881, 96405878, 96406875, 96407872, 96408869, 96409866, 96410863, 96411860]",99ef061c08ccac0b0d854b9cd1fe8db0ffbbd5391dbdd372507bcf4d3212d4a2,80,0,0,0,3,0,2112000,94b1d06d23b919e733f074b9975a5f5cffc595684e92897dd7b2a11dbaa7f8d8,True,0
964,HistoryIdentitySame,1,73.47000122070312,8.486195899982704,"[75, 45, 28, 47, 5, 60, 59, 41, 50, 43]","[96502890, 96503887, 96504884, 96505881, 96506878, 96507875, 96508872, 96509869, 96510866, 96511863]",b9c0dbc39ef4dca93471c6fb69323702e6a2313eceee0f477bd5e3b3a7bf2b78,80,0,0,0,5,0,2112000,067d5d1771db083ffe5cab451f7ce959800ca154ce66e7e11b141539fc5bb069,True,0
965,HistoryIdentitySame,1,81.44000244140625,10.871214399987366,"[22, 80, 45, 97, 48, 98, 65, 74, 75, 30]","[96602893, 96603890, 96604887, 96605884, 96606881, 96607878, 96608875, 96609872, 96610869, 96611866]",eb70cbe74eee9c5a6dbe5125ee20f758344be9b3918a104a7e14e78dcf12b542,80,0,0,0,1,0,2112000,3c8a5f40211802dabc90c78f959046ce5091de33f40b885786c4a3a8494df07f,True,0
966,HistoryIdentitySame,1,81.79000091552734,11.938082800013945,"[43, 70, 90, 97, 36, 81, 38, 47, 65, 23]","[96702896, 96703893, 96704890, 96705887, 96706884, 96707881, 96708878, 96709875, 96710872, 96711869]",9d749fb28c4e9270f700b97d02109629991fe6f81839e3269f3f834eb7d40b54,80,0,0,0,2,0,2112000,8a454b20d6212bd9c17230aeacd4c1159161297d90dbb9a1a61eeb95286e3ca4,True,0
967,HistoryIdentitySame,1,81.5199966430664,10.082776700000977,"[43, 64, 36, 98, 75, 12, 79, 0, 51, 73]","[96802899, 96803896, 96804893, 96805890, 96806887, 96807884, 96808881, 96809878, 96810875, 96811872]",b7e9de66f57ef8fa173c1dd72bc16f1f4e07e499bb2e9407c806e503bd92296f,80,0,0,0,2,0,2112000,844657bc603785f5f5f4275e0b863934e324cafa33e478d4a4acd9544fe9e4d8,True,0
968,HistoryIdentitySame,1,80.83000183105469,9.985293099976843,"[61, 75, 62, 52, 11, 83, 15, 79, 31, 53]","[96902902, 96903899, 96904896, 96905893, 96906890, 96907887, 96908884, 96909881, 96910878, 96911875]",c81ba3272fd1fdb968e9a2a6f0ff5c49f3e7f1a4f649e7a81f01c52110934338,80,0,0,0,1,0,2112000,6ab9e084c396575121885ab400ff8ab0293e0a8a660f3ba20aea8cf2f64cd997,True,0
969,HistoryIdentitySame,1,81.13999938964844,11.467189499991946,"[18, 65, 47, 59, 58, 67, 0, 30, 88, 31]","[97002905, 97003902, 97004899, 97005896, 97006893, 97007890, 97008887, 97009884, 97010881, 97011878]",2aaec59b86e456ea8735265cc892d80b9022969eb9fcc4bea4819bece0d4496e,80,0,0,0,2,0,2112000,c2dada634223932fbef4f7b1f74f748f8611760cf21ffc08405737ddec6fb1f5,True,0
970,HistoryIdentitySame,1,80.26000213623047,8.252591399999801,"[44, 90, 97, 27, 9, 22, 11, 77, 34, 4]","[97102908, 97103905, 97104902, 97105899, 97106896, 97107893, 97108890, 97109887, 97110884, 97111881]",b7d01ced0ae1bc1b9e22b7e706d0692a19c5a586ffb917da87a3be445075b0f7,80,0,0,0,3,0,2112000,651e105c810ec0b2ce84903ceb595fd417e62cf835b1739c5e3fac1dc66f1a2f,True,0
971,HistoryIdentitySame,1,81.66999816894531,10.557152900000801,"[95, 26, 76, 97, 16, 23, 32, 55, 22, 40]","[97202911, 97203908, 97204905, 97205902, 97206899, 97207896, 97208893, 97209890, 97210887, 97211884]",e417a19fd90775d8d02b8b63c163a173147b50d99f7c43a91318a67208a9ed68,80,0,0,0,5,0,2112000,57da2371a79039f8e463bb6028aad26a6018c500c23e468b758b357052824210,True,0
972,HistoryIdentitySame,1,82.0999984741211,8.507036099996185,"[36, 43, 38, 66, 78, 91, 52, 19, 34, 77]","[97302914, 97303911, 97304908, 97305905, 97306902, 97307899, 97308896, 97309893, 97310890, 97311887]",8064f38cd2738ebb6649831d8cc2063d707d6d2fcda4316f3af28107a9c82b6c,80,0,0,0,3,0,2112000,7e9988d727313648d1d2900b9cd33190334e846357b88aae0fcdd45ca279bac0,True,0
973,HistoryIdentitySame,1,81.52999877929688,10.680595799989533,"[3, 18, 20, 74, 78, 0, 33, 93, 29, 32]","[97402917, 97403914, 97404911, 97405908, 97406905, 97407902, 97408899, 97409896, 97410893, 97411890]",6abf9eac612abaad02c6ea7fd58fdc5f2ca0a2c3a9a0fa652d0614a85f017b7f,80,0,0,0,4,0,2112000,d2e91a316344c62df0e1be5de9ef7eb4ae79523ce32602c32dcffc23834e4c8c,True,0
974,HistoryIdentitySame,1,81.01000213623047,9.929348600009689,"[14, 5, 98, 90, 89, 13, 33, 62, 57, 66]","[97502920, 97503917, 97504914, 97505911, 97506908, 97507905, 97508902, 97509899, 97510896, 97511893]",c40777ad536cda252f7dd641d040704a23065c403e58d36484bdbf9fb7c460f5,80,0,0,0,4,0,2112000,137cb5ae416052bff22151aeb4c22511c6406ad89fbee85253d33c5a80ff1acc,True,0
975,HistoryIdentitySame,1,79.48999786376953,9.697941499995068,"[30, 42, 82, 59, 45, 92, 39, 34, 47, 14]","[97602923, 97603920, 97604917, 97605914, 97606911, 97607908, 97608905, 97609902, 97610899, 97611896]",46122fd0ba96620da397bf31a6be2c70f16900bf25c5a2dcaf337dbbed545941,80,0,0,0,4,0,2112000,635cfc6b351ca1dbcfeca6fbe98f64860a7518fc5d63bc9833c0ab060ffac370,True,0
976,HistoryIdentitySame,1,80.80000305175781,9.852038399985759,"[62, 1, 98, 57, 10, 25, 24, 73, 92, 33]","[97702926, 97703923, 97704920, 97705917, 97706914, 97707911, 97708908, 97709905, 97710902, 97711899]",cd544140f0bfd2ae2eab5e4ad880f4c85001ca18a0b81f547e59741b186d5a53,80,0,0,0,4,0,2112000,f5fd5a2406faa3390de77055c0a9be3130880419253cfdad456bdd224afa6476,True,0
977,HistoryIdentitySame,1,81.11000061035156,10.042742499994347,"[4, 54, 0, 34, 90, 69, 33, 22, 46, 3]","[97802929, 97803926, 97804923, 97805920, 97806917, 97807914, 97808911, 97809908, 97810905, 97811902]",5ae93d42fdfc7c079f6301e3d89c5f05bd94c15d853e33ba4479e7ad6997db99,80,0,0,0,3,0,2112000,4c32b5ee361a44bdd0bba187bbaefd8987e099d1e8192c299c4ca526d3c42164,True,0
978,HistoryIdentitySame,1,79.2300033569336,11.196761699975468,"[20, 28, 23, 66, 39, 46, 73, 62, 75, 45]","[97902932, 97903929, 97904926, 97905923, 97906920, 97907917, 97908914, 97909911, 97910908, 97911905]",dea1da8b04d11301fb2a42de33d305620c6d1116c990a217b850b22eec0da38a,80,0,0,0,1,0,2112000,04ef37bcea5c07faff37cf7a9b38b2814b8d3bc63ba5187b3f6066c905d1c1f2,True,0
979,HistoryIdentitySame,1,81.94999694824219,9.142492099985247,"[99, 55, 68, 63, 88, 69, 41, 48, 98, 11]","[98002935, 98003932, 98004929, 98005926, 98006923, 98007920, 98008917, 98009914, 98010911, 98011908]",717dc9aa63ca2ae4d7ccb7ff437cc9cd1065c4d107040ee38a9a581df6df61d9,80,0,0,0,5,0,2112000,a46accc0d9429ae18163f347b128723a9ee74e1371e2872da2cf4f461b741eae,True,0
980,HistoryIdentitySame,1,79.55000305175781,8.933133699989412,"[97, 17, 18, 42, 36, 24, 59, 9, 38, 96]","[98102938, 98103935, 98104932, 98105929, 98106926, 98107923, 98108920, 98109917, 98110914, 98111911]",85e46be0d8a1f84a25af74b421d061342482b8a813fc4aeb1c1fb265cde49753,80,0,0,0,2,0,2112000,08dad0b1622981a6d2f8547f730eba4cdd3529d05f1756c88d1e9343607541b6,True,0
981,HistoryIdentitySame,1,80.16999816894531,10.17478190001566,"[23, 85, 52, 2, 92, 36, 15, 37, 64, 87]","[98202941, 98203938, 98204935, 98205932, 98206929, 98207926, 98208923, 98209920, 98210917, 98211914]",90d571063d035b81ed1f91cab0690a92c722f921d0c538c3cd2176cae32e933b,80,0,0,0,6,0,2112000,bf7dbb8e18818472c602e790cfe12ac3c5a49eb6a5f23009dbebe0f73d1a6b12,True,0
982,HistoryIdentitySame,1,69.61000061035156,7.50697770001716,"[18, 1, 28, 42, 32, 27, 4, 44, 46, 92]","[98302944, 98303941, 98304938, 98305935, 98306932, 98307929, 98308926, 98309923, 98310920, 98311917]",99821c66b2d2617f632ba49e2f1d2f263bec3a3aae03ecb9e30b25aa2866a03c,80,0,0,0,2,0,2112000,c9ed9e412fa8807f7675564db1ab3006f0ff7473aeb4b8faf60325df68a79d6a,True,0
983,HistoryIdentitySame,1,80.83999633789062,9.477693100023316,"[0, 8, 72, 81, 59, 83, 10, 76, 85, 28]","[98402947, 98403944, 98404941, 98405938, 98406935, 98407932, 98408929, 98409926, 98410923, 98411920]",c853d3d4d9f0dd8fc08207ce49db93e0af75bd1595b4ab4338c0182f24c408c2,80,0,0,0,5,0,2112000,1c7df2c021ffc92589dcec5fe15063df961c8dd9f5d90fd8443c7da60afcc823,True,0
984,HistoryIdentitySame,1,81.79000091552734,8.731990600004792,"[77, 83, 80, 90, 74, 89, 50, 24, 26, 52]","[98502950, 98503947, 98504944, 98505941, 98506938, 98507935, 98508932, 98509929, 98510926, 98511923]",1f0df6e2349ce9d77797f9b40c44f60f65b9de3ce6245191b6f3c8e6a551bd1a,80,0,0,0,5,0,2112000,ad792a476d73d6e0d0569087dd2f979667569d0d8e447963ffc49bd60c2e373b,True,0
985,HistoryIdentitySame,1,81.94000244140625,10.195204199990258,"[0, 79, 66, 70, 58, 56, 10, 15, 47, 13]","[98602953, 98603950, 98604947, 98605944, 98606941, 98607938, 98608935, 98609932, 98610929, 98611926]",7f7a9a524a051017e49f5e991bd784c846d0fe39fe385812731ff69a65c1a397,80,0,0,0,5,0,2112000,1efdf4f21088018bd4efcc89b8b92486fd7cd9a69165180dcb9885ddb3e50f38,True,0
986,HistoryIdentitySame,1,78.69999694824219,9.963665799994487,"[81, 26, 99, 76, 49, 77, 10, 70, 48, 19]","[98702956, 98703953, 98704950, 98705947, 98706944, 98707941, 98708938, 98709935, 98710932, 98711929]",9732557a28bd474d94acd11e9ac59e565d2a7271eff0d8594d65c43a72b74937,80,0,0,0,2,0,2112000,0f145f2bd7607f9d2f43bb9c9a1fbee3ce45bea38af7e424445a4b6a44add2fb,True,0
987,HistoryIdentitySame,1,81.47000122070312,9.191660500015132,"[12, 69, 56, 94, 72, 93, 79, 84, 97, 66]","[98802959, 98803956, 98804953, 98805950, 98806947, 98807944, 98808941, 98809938, 98810935, 98811932]",151d62bc16503e354b0dc0b9f25b6127f71cf61c99676c3710a4d901fd8b4b08,80,0,0,0,4,0,2112000,cbc47aa4801ff65a686849b400ed08f5d787043e1df4421878555746fbb478da,True,0
988,HistoryIdentitySame,1,80.83999633789062,11.069139300001552,"[96, 31, 23, 10, 51, 30, 52, 46, 79, 94]","[98902962, 98903959, 98904956, 98905953, 98906950, 98907947, 98908944, 98909941, 98910938, 98911935]",e733b530f0919e95bd2c755b3677d6caff22b3372c04f9db17cfab44fad21b3d,80,0,0,0,3,0,2112000,c7ca7c68cec45ca92eb222e5c51bc6a3a2203a5b3abfb6984d7ca97fdf5b38cc,True,0
989,HistoryIdentitySame,1,81.47000122070312,9.08029880002141,"[49, 5, 53, 0, 85, 52, 77, 66, 95, 87]","[99002965, 99003962, 99004959, 99005956, 99006953, 99007950, 99008947, 99009944, 99010941, 99011938]",c2a14f9467f788393188eed7df9c949de60bbad718c290775bf77a3bd45fd4bb,80,0,0,0,3,0,2112000,5fb91878f77ff6f8a88c2a8601d9f8c56f03b53956cc83b568f03fdacb0ca97a,True,0
990,HistoryIdentitySame,1,82.0999984741211,9.972389200003818,"[85, 72, 26, 62, 70, 11, 5, 48, 14, 75]","[99102968, 99103965, 99104962, 99105959, 99106956, 99107953, 99108950, 99109947, 99110944, 99111941]",55b60387775aaaa3cc59ff934b900fad65071030661d78cf83b76d7ab5f06f1d,80,0,0,0,4,0,2112000,9534d1191e6a570aa0404a1f41e6368cc35776285339c883689c434be7e4fa0a,True,0
991,HistoryIdentitySame,1,81.8499984741211,10.090512099995976,"[6, 64, 25, 1, 80, 82, 76, 89, 66, 0]","[99202971, 99203968, 99204965, 99205962, 99206959, 99207956, 99208953, 99209950, 99210947, 99211944]",e8465208c7015fd41f713194e4211b551335d39336710611bcfab07fa510fb1e,80,0,0,0,3,0,2112000,91c2503fade59600b793113637a1e4cd80c45e0a6bd2d1041fc5abb0a9c6e498,True,0
992,HistoryIdentitySame,1,81.83000183105469,9.778521000000183,"[11, 42, 21, 83, 23, 81, 73, 84, 3, 32]","[99302974, 99303971, 99304968, 99305965, 99306962, 99307959, 99308956, 99309953, 99310950, 99311947]",9756cbebd9c5e80e95bcd518e68aa5a663966f61740083f6300faf216ee579d9,80,0,0,0,3,0,2112000,c02dfcebaced1e12dcf2bc49adf8c46e2f555649edec42cfe27cb6296b792676,True,0
993,HistoryIdentitySame,1,82.37999725341797,10.14919130000635,"[14, 25, 32, 21, 26, 53, 59, 77, 63, 18]","[99402977, 99403974, 99404971, 99405968, 99406965, 99407962, 99408959, 99409956, 99410953, 99411950]",7040dee70d9fc9068dba459e7fde93a91ca5bd8e326e13335cd59f36884fb87b,80,0,0,0,2,0,2112000,1136bd0eb39cefb5e525c95d38cc15687e2a80d4f68667a0c3471504b24b95cc,True,0
994,HistoryIdentitySame,1,82.29000091552734,9.637305999989621,"[49, 41, 83, 62, 80, 61, 85, 55, 54, 76]","[99502980, 99503977, 99504974, 99505971, 99506968, 99507965, 99508962, 99509959, 99510956, 99511953]",18f839f5261df8ca70acbf8418aa7edd1095e298b9fcf064244920d629712505,80,0,0,0,4,0,2112000,ddac1cf46ff35ff21635e7ff5ddddcd79da0b44a4379487cdb7a28d28ff9c731,True,0
995,HistoryIdentitySame,1,81.30999755859375,8.418220000021392,"[44, 69, 83, 64, 46, 72, 55, 37, 42, 84]","[99602983, 99603980, 99604977, 99605974, 99606971, 99607968, 99608965, 99609962, 99610959, 99611956]",9306152da464dbce4d9d93caf183755622ae4a7751d7210257130eaf8e43d156,80,0,0,0,2,0,2112000,8f4f0fabe1d98fd0b66f5fc6120f44b61df0bbe0067c6d54f558422cb9717d8a,True,0
996,HistoryIdentitySame,1,76.4800033569336,10.285879999981262,"[93, 31, 61, 25, 9, 42, 36, 78, 96, 23]","[99702986, 99703983, 99704980, 99705977, 99706974, 99707971, 99708968, 99709965, 99710962, 99711959]",2d07e217ccc0600b0e6e890ae1be4e6397b2b9b1d501faa4cc22edc84fab737e,80,0,0,0,3,0,2112000,32ea85b0c287b93e7c3edaab85ee780298e5d18e2274b79b0f3860f54270959b,True,0
997,HistoryIdentitySame,1,81.7699966430664,7.974379899998894,"[49, 12, 77, 15, 31, 96, 43, 81, 41, 9]","[99802989, 99803986, 99804983, 99805980, 99806977, 99807974, 99808971, 99809968, 99810965, 99811962]",c02f0cf8b7dd4526c56d8f0f7a2c92fcada8503336bdaf371e798930d4f55e8b,80,0,0,0,2,0,2112000,d09001c460dc9aef668403cf3987d0bbc88e45070f0d7dc3404e822cb7703616,True,0
998,HistoryIdentitySame,1,81.79000091552734,8.708964999997988,"[93, 3, 51, 39, 68, 59, 77, 61, 41, 99]","[99902992, 99903989, 99904986, 99905983, 99906980, 99907977, 99908974, 99909971, 99910968, 99911965]",084d7f031c728c450c3ecfef80d286fea64bdbb1fedc95aa3363fd1fb5f919be,80,0,0,0,3,0,2112000,3ea810ab5d428f8a09105295b410ac50784129f80dd8a240dfd8e6c25e8cf3ac,True,0
999,HistoryIdentitySame,1,81.23999786376953,11.101983900007326,"[66, 38, 56, 62, 20, 54, 65, 3, 98, 14]","[100002995, 100003992, 100004989, 100005986, 100006983, 100007980, 100008977, 100009974, 100010971, 100011968]",60c70c2e6f4cfbef8a3c8199aee82f27c5fd608ccea4f7d489ce7902602ee304,80,0,0,0,5,0,2112000,88e5734cdf675a7b81d8665d138b64fa6c49e37acc79a1f81e8a33620a3681c9,True,0
1000,HistoryIdentitySame,1,75.54000091552734,11.15235209997627,"[20, 87, 6, 84, 13, 30, 42, 81, 69, 96]","[100102998, 100103995, 100104992, 100105989, 100106986, 100107983, 100108980, 100109977, 100110974, 100111971]",454ba97481751accec1aa010dac5274eccb32c78367a81f020cf99c6a6651678,80,0,0,0,3,0,2112000,bb919b28680af2c622f70dc0ca3a630882f58683be132e3c38c23f1647fa9420,True,0
