round,stage,target_client_id,donor_client_id,target_local_seed,target_num_samples,donor_num_samples,target_dominant_class,donor_dominant_class,target_donor_label_cosine,target_baseline_loss,donor_baseline_loss,shadow_loss,norm_WA_minus_Wt_all,norm_WB_minus_Wt_all,norm_WBA_minus_WB_all,norm_WB_minus_WA_all,norm_WBA_minus_WA_all,recovery_pull_score_all,cos_WBA_minus_WB__WA_minus_Wt_all,cos_WBA_minus_WB__WB_minus_Wt_all,cos_WBA_minus_Wt__WA_minus_Wt_all,cos_WBA_minus_Wt__WB_minus_Wt_all,norm_WA_minus_Wt_conv,norm_WB_minus_Wt_conv,norm_WBA_minus_WB_conv,norm_WB_minus_WA_conv,norm_WBA_minus_WA_conv,recovery_pull_score_conv,cos_WBA_minus_WB__WA_minus_Wt_conv,cos_WBA_minus_WB__WB_minus_Wt_conv,cos_WBA_minus_Wt__WA_minus_Wt_conv,cos_WBA_minus_Wt__WB_minus_Wt_conv,norm_WA_minus_Wt_classifier,norm_WB_minus_Wt_classifier,norm_WBA_minus_WB_classifier,norm_WB_minus_WA_classifier,norm_WBA_minus_WA_classifier,recovery_pull_score_classifier,cos_WBA_minus_WB__WA_minus_Wt_classifier,cos_WBA_minus_WB__WB_minus_Wt_classifier,cos_WBA_minus_Wt__WA_minus_Wt_classifier,cos_WBA_minus_Wt__WB_minus_Wt_classifier
1,rounds_1_150,81,36,10180796,689,884,6,9,0.09014451244843609,0.8874662867614201,0.8666182067659166,0.8037182718515397,1.7919614722920703,2.127113246482132,1.651167636359738,2.751968957644212,3.0755164362449396,-0.1175694506662226,0.1239889256839783,-0.015255640839356658,0.0935505678042471,0.7864157405797243,1.5869364358255984,1.949099733127195,1.3979599161991232,2.4961084212210936,2.858825049138029,-0.14531284972769543,0.018179131650387873,0.012605008504555103,0.021866811777062282,0.8150939452949144,0.8316982772408882,0.8509496175989729,0.8782002740788604,1.1577933015310955,1.132622914754727,0.021739965797938576,0.44694406618911975,-0.11775163979021763,0.3811542490883855,0.6508083263633399
1,rounds_1_150,93,36,10192760,668,884,8,9,0.027156162527291396,0.8861415982246399,0.8666182067659166,0.8843203331742968,1.732630051291492,2.127113246482132,1.578381745962937,2.744249286786851,2.9667223694442533,-0.08106883136622334,0.14725374293466412,-0.06185545962630575,0.08998511430180349,0.789941590343218,1.5583762730349042,1.949099733127195,1.2586498913362927,2.477483659017971,2.758750888306182,-0.11352939837338827,0.021651364394149265,-0.005397410385919469,0.024195624177456476,0.8392063572396913,0.7566106090924526,0.8509496175989729,0.9520626658816159,1.1792866831243771,1.0899404834923594,0.07576291745727659,0.49995173295958356,-0.2400144619662498,0.37133303807774287,0.5585991622163264
2,rounds_1_150,1,38,10201039,189,121,6,7,0.20873557641447532,1.303469106554985,1.1176516592502594,1.4156353324651718,1.237557264536773,1.1657486469550986,1.125591353425346,1.6703820171005477,1.8189966087072074,-0.08897042118821719,0.14567973247154672,-0.13051960207270333,0.13534318602170012,0.6742384733785085,1.1179455841883115,1.0066231430431947,0.9039570920768029,1.4928311904381004,1.716437011768135,-0.1497864077079023,0.03179441848401568,-0.01937816408826676,0.032983221315482286,0.7382288352357942,0.5303774398405379,0.5876403408737455,0.6704384210962583,0.7488833696553122,0.6013014969505585,0.19706923492329798,0.4802328772186379,-0.3898998406360222,0.5499180628855287,0.4672044362450307
2,rounds_1_150,35,87,10234937,307,421,2,2,0.6637871831337683,1.347961940084185,1.0888064199023777,1.0836020716599055,1.9975746259381701,1.854693352744354,2.093990935439122,2.673947323916751,3.2912586978917497,-0.23086145656406276,0.08589228148237639,0.0020791555464436044,0.08927813494276428,0.6639100273639237,1.84662466183374,1.6989703251636845,1.9635720332416071,2.4874104576683154,3.161770247694423,-0.2711091721702612,0.016951717831143975,0.011525362105848178,0.024081158574077534,0.6592828474104296,0.7609094172949401,0.7431775688838337,0.7263553699669378,0.9800672574359809,0.9120522557798513,0.0693983001065337,0.538657892372186,-0.05637369512641738,0.4987413505079704,0.6956380411359365
3,rounds_1_150,45,80,10344910,288,812,1,7,0.24850368425334513,0.49092239836851753,0.9658798393081216,0.615690354257822,1.0225318454345707,2.6174205484631803,1.0518375723110553,2.784526908193433,2.8724237532678916,-0.031566168319588916,0.15371976190298914,-0.05057413892368367,0.08356000710580372,0.9253583448312149,0.9143547890884984,2.460855845009525,0.8888592349026269,2.6141949790533094,2.7285539847399845,-0.04374540024864104,0.04636532169297787,-0.0237076471036148,0.02805299802786977,0.9396182106411245,0.45733841807382214,0.8901637824813677,0.5620668719933708,0.9574383881345379,0.8959673186286194,0.06420368168617929,0.49643211858493,-0.17451377972008145,0.3847839298771241,0.8197231420329232
3,rounds_1_150,95,99,10394760,502,533,2,1,0.09288263567720431,0.9160126176747408,0.230800938335332,0.9181761440905658,2.651096431707871,1.3298065247158846,2.384668519581256,2.9571655420889438,3.451939912902443,-0.1673137211195792,0.1593442764937679,-0.07896796874781974,0.14780209578191034,0.43286289277070944,2.3667746533259195,1.2244872935810343,2.0535148186470065,2.662331675607718,3.3121747316565777,-0.24408794065845418,0.022725122887257147,-0.022575837703272327,0.020873892719001804,0.49772716419532875,1.1935757145645538,0.5180544830109743,1.211623063902699,1.2861683526010277,0.9705723265107609,0.24537691776666304,0.619972629822928,-0.30834234103818586,0.6606515311487831,0.12436223649129617
4,rounds_1_150,66,25,10465850,490,675,9,7,0.4039332939540289,0.6942640343308448,0.5148526651518686,0.8212838825583458,1.614159574965802,2.1107449903075213,1.668945639173128,2.598133590265125,2.917486972787491,-0.12291645961506448,0.14656981792285315,-0.033247833952494914,0.1287455799135375,0.7764601360462138,1.4742888659293683,1.9987664463870483,1.5023774314809082,2.447498108556534,2.822824946431467,-0.15335122693773617,0.05114809872143903,-0.008735632975299518,0.055154148774307396,0.7974697814439607,0.6565907972244034,0.6771468701941642,0.7261712069125876,0.8705407292898458,0.7351589475635617,0.15551458670603902,0.5902659849113885,-0.18489274962452276,0.5899592866652704,0.6054425065855751
4,rounds_1_150,89,32,10488781,533,318,0,1,0.011923152696707726,0.17524632335725157,0.43218021712132865,0.32411867017773066,1.1103713841385277,1.4779541822965216,1.274031863170322,1.8473110810865288,2.000346309675039,-0.08284215374191328,0.2074826322361237,-0.11877572802901218,0.1453628294810795,0.7237139131046665,1.0060164162617502,1.3743012774433576,1.0185766073662044,1.6887455306364267,1.9266784761053135,-0.140893308762285,0.061414048956140756,-0.018361958401056182,0.05123167766515182,0.7995167126189302,0.46952326951479845,0.5430683689193894,0.7649740552441838,0.7480441350765198,0.5365489902828143,0.2827308374953985,0.6418078271321445,-0.47640663161519564,0.6378823297632125,0.25668829479478544
5,rounds_1_150,38,96,10537937,121,181,7,9,0.7437479202371511,0.5158259173234304,0.4779629945755005,0.4567277953028679,0.9545022223937368,0.9906865714654891,1.0112603963397941,1.3196078170345693,1.5217040084971105,-0.1531486770946029,0.2239258559785722,-0.008055307901121897,0.21676965554245164,0.6968605531431248,0.8636699008337518,0.917937400960982,0.9591734117313778,1.2469439270578462,1.4767535121404352,-0.1842982511850575,0.16321910137685944,-0.013434688869633721,0.13349928513201537,0.6863216475192154,0.4060212278483425,0.3722386277368229,0.3198203685821155,0.4312115844676112,0.36608736381129936,0.15102613891209915,0.6226874376548504,0.031533910817688825,0.6898932481020746,0.7671760253101624
5,rounds_1_150,9,88,10509024,387,338,4,0,0.35711158278179683,0.6144362324848771,0.5247220405510493,0.7627644021064043,1.4962560008227683,1.3227256103957645,1.6608744953408272,1.9532458710552163,2.3665237340647143,-0.21158517170510116,0.16302907157154453,-0.037087573442190866,0.15766531926164506,0.6050016476933555,1.382321628717719,1.2282794970177402,1.546884498912554,1.8325819606956633,2.299550876784181,-0.2548147510473433,0.0852797965067134,-0.02593882260488745,0.07898412772926477,0.6092739291957067,0.5720556421094013,0.4902644412301026,0.603931531594898,0.6750332847924858,0.5574248304503222,0.17422615594180368,0.6444822071705976,-0.10869508178811145,0.6623602213200469,0.5774465017737862
6,rounds_1_150,23,0,10622985,1077,574,9,4,0.06515454240091338,0.1518343867310746,0.43683822751045226,0.2290568367578089,1.5948957047121408,1.7356677830947467,1.451302944859921,2.3442479353802126,2.5369904985683736,-0.08221935925770585,0.16211552137508353,-0.08236821758448923,0.11726082964122779,0.7451580446415264,1.491961287031017,1.6265713919813554,1.2577853730978812,2.196966883883709,2.4487049258871387,-0.11458435894054864,0.07195599898270082,-0.03481909026186089,0.05224226395495407,0.7830838650616615,0.5628673900968924,0.6048360539150974,0.723537772993676,0.816621480469765,0.6618073087498294,0.18957886294012016,0.5894223205494298,-0.31111034827700473,0.5607558593610062,0.48342197466955183
6,rounds_1_150,83,4,10682805,292,287,2,0,0.06694791312208849,0.378143664325277,0.25110799822335444,0.6009285924956203,1.2287902035281189,1.0791025957963913,1.3308021948269684,1.6417289875034204,1.871184178764573,-0.13976435392670106,0.20490327308599762,-0.10265195675628062,0.16257536570044004,0.5799913158660643,1.15785503847637,1.011599629257359,1.1906743976621326,1.5350457273151858,1.826611253317115,-0.18993930982882246,0.11974773751115676,-0.044577937514530694,0.0954819627639942,0.6274569364769137,0.41079623624480255,0.3751769930310512,0.5939252543895823,0.5813864075324606,0.40453664791965804,0.30418626462801934,0.6963743200842311,-0.4202844069573651,0.6847429232580511,0.22690518072323657
7,rounds_1_150,59,75,10758880,272,599,3,0,0.8484521051506936,0.5229944169521332,0.5811319398072858,0.5225863013416528,1.3006275995461822,1.876644123072899,1.5263254209565,2.2123401612865763,2.593456347395684,-0.17226834859223072,0.11899332524384834,-0.004478452240431557,0.12605138418556355,0.7746742319879051,1.2253608648879832,1.7726995874551732,1.4712137383163175,2.1149972856041006,2.5135863862628343,-0.18845844548915625,0.08388806592565573,-0.0032793964802708994,0.08395550572511871,0.7686537379507757,0.43541216974851,0.6149017191098666,0.4054711031280372,0.6478192058339391,0.6369054307763747,0.016846945813400294,0.48080708995608124,-0.01736261135717256,0.4994551316248637,0.8319436132260951
7,rounds_1_150,15,76,10715012,464,421,1,2,0.323577045250022,0.5196843326836824,0.49763809761239425,0.6587819641083479,1.6791245984471932,1.7293003770078827,1.698776286466433,2.404073022090392,2.7416731251157818,-0.14042838962180904,0.15732127460903053,-0.042743056930975507,0.11649537942115172,0.6985099110627143,1.5982939128130955,1.6484770309143006,1.5819654921936495,2.286594536171993,2.67106671083673,-0.16814182338963568,0.09542126007249975,-0.02185665492326899,0.07282625928159038,0.7142205735512958,0.5138892386606174,0.5214989058350408,0.6182511769022326,0.7410959906756839,0.6161851968132075,0.16854873786132718,0.6524847867643755,-0.21271853612563005,0.543185871995595,0.5423649466131822
8,rounds_1_150,74,55,10873838,285,508,9,3,0.19226194190801357,0.2265489905917396,0.42474132200533693,0.3054757955018431,0.9890405482721887,1.8861773595210274,1.0891776735143734,2.113171916376053,2.2650304063112707,-0.07186281852337162,0.18428037297163072,-0.030279687759086727,0.10993695445343232,0.862226432210634,0.9128630232303443,1.804481312085088,1.0086081005888172,2.018371286024181,2.1975648018053526,-0.0887812450672294,0.10088810506083935,-0.020890572505572642,0.05385120519813338,0.8704848119294949,0.3802086039397174,0.5480401198483015,0.4105431258284085,0.6246338351752567,0.547206499030496,0.12395635936538174,0.6760981196267013,-0.10713853930226802,0.5389343821715049,0.777142729701036
8,rounds_1_150,59,25,10858883,272,675,3,7,0.07415150115879698,0.47294756062328813,0.353923926169851,0.9184886152545612,1.5058064524774388,2.0127565880016145,1.510931561041711,2.5244828974015068,2.746284484784626,-0.08786020598967936,0.11795580944329645,-0.09488398070368992,0.06675456428310876,0.779117319206653,1.449643171610265,1.9290651805336525,1.3354147390496773,2.4108910242720176,2.675033159144794,-0.10956203835573008,0.06449311552864731,-0.03692098489443271,0.03890998791304479,0.8154087049826604,0.40653797395566527,0.5731495559061706,0.7062631161792434,0.7473903428228311,0.6195685270806216,0.17102417360577227,0.49952615211386525,-0.4776302373518082,0.4113866518150195,0.35525562042575415
9,rounds_1_150,60,22,10959883,576,516,8,6,0.04910406766423622,0.34903577909183997,0.31263941743157125,0.5156468143220991,1.6180580101073798,1.8544886258494278,1.5422136038029297,2.449855483181344,2.6929057909967233,-0.09921005932144111,0.16114411061654915,-0.056684605620151624,0.11334362829357972,0.7539391627702833,1.5244595554124307,1.7916995183533555,1.3646333246534754,2.341603814113566,2.625283392415701,-0.12114755561650137,0.07386238282039786,-0.029836986065345794,0.05295637046079626,0.7888825367443141,0.5415229907022758,0.4771791628250752,0.7178140988699193,0.7188097395606402,0.5977241450867065,0.16845291293346298,0.6386072989720775,-0.26012725188318697,0.6152131367567925,0.38650045595840515
9,rounds_1_150,68,66,10967859,611,490,4,9,0.19388889453236216,0.5400688085418481,0.39251677457243206,0.6462518036365509,2.486446697674986,1.5705959050212768,2.3794399035421745,2.940307291022944,3.519935672076334,-0.19713190618649068,0.1382036704823332,-0.03771219247865364,0.11766729334133247,0.5286556565804813,2.3898113106135295,1.5028250620632344,2.249433295439315,2.8157446521480103,3.457580431718447,-0.22794530714310612,0.0846906094999716,-0.01818655308233006,0.07423808088124485,0.5449951126379288,0.6848581990470481,0.4555203137280408,0.7744395361786574,0.8450405389902134,0.6566066051046939,0.22298804044441434,0.6823343390960638,-0.22524852981497526,0.6222153169705684,0.3490836665511029
10,rounds_1_150,12,16,11012030,528,561,3,8,0.4609810513657026,0.5202148657292127,0.2956126172794029,0.6179539466446097,1.9319633631638378,1.6756468439540138,1.7655531458680762,2.5511658956672836,2.91549507749253,-0.1428088947269157,0.11687996266451049,-0.05546200576404631,0.09070872599825977,0.6669009086627682,1.8653238037865438,1.6038812879925708,1.6682920903195793,2.457271780349996,2.8551160506862896,-0.16190487088881444,0.07862841598723802,-0.0336966518036437,0.05927348059695752,0.6803134258520304,0.501837388092175,0.4842118756424943,0.576920100517849,0.6842902740824989,0.58806201622459,0.14062490949024875,0.5312105729001828,-0.26432784768805395,0.500863547593949,0.5120820818922248
10,rounds_1_150,50,64,11049916,359,267,5,5,0.8239736520174968,0.6643590502440929,0.32760781270141404,0.7217773847281933,2.2285727876723214,1.449374423645178,1.9019884191644094,2.6277082716542206,3.0245288530754437,-0.1510139408174913,0.14020994639849796,-0.03373872142256519,0.12886834317244558,0.588929744265148,2.144928587303907,1.3956045116154623,1.8038729500804158,2.5448404811437113,2.9725679440079196,-0.16807633564205848,0.09638110013156,-0.02942989471001452,0.08482829043074144,0.5972057473938694,0.6035828734091557,0.3902028901363216,0.602032464175144,0.6530510014739296,0.5557859827710722,0.14893939138494738,0.6086223915067785,-0.0802471970446911,0.6385915273790844,0.4950278029368767
11,rounds_1_150,33,46,11132970,964,538,5,0,0.11752603066753732,0.27528527858667073,0.14505935796769337,0.39466377809643743,2.4950908452831424,1.1840012303723855,2.329701342258843,2.7663664643704564,3.298455384502306,-0.19234216687662808,0.13309994768310626,-0.11838746619836019,0.12271970123152545,0.36543987586577137,2.4278021744235403,1.0656943221133932,2.186593311557145,2.6594180719720795,3.2335741598203493,-0.2158953847457714,0.10551324862196176,-0.059529124959892536,0.09346059457996676,0.3939473383885829,0.5735125099257051,0.5154343140824909,0.8026101750608653,0.7598809293838832,0.6483555488615501,0.14676691598611202,0.4628475178274543,-0.45339597064966763,0.5284880895803438,0.20722693720434263
11,rounds_1_150,41,75,11140946,485,599,1,0,0.5312022988001043,0.31518261168152095,0.3763708422426134,0.40555071763694284,1.5436579024245414,1.833157976793235,1.5819780629712157,2.3708120306777234,2.693802934699284,-0.13623640332600728,0.15129259356821875,-0.02205281703735478,0.11652256377105488,0.7508967734701455,1.4905852351237063,1.7678355437757773,1.5155895877587526,2.2928559108698257,2.6391083614908073,-0.15101361100777866,0.11280849952167611,-0.014856835901236314,0.08701458392028688,0.7550864836262272,0.4003050875043532,0.4839408011642899,0.45253915530671307,0.6016056608193323,0.5379386553796294,0.10582846802504198,0.6321430615727665,-0.11030237978663865,0.522653502648359,0.6943928159629188
12,rounds_1_150,54,40,11253910,435,541,5,0,0.07374091880142915,0.32087535831249425,0.19780086012218487,0.5611085801902744,1.4874445275907875,1.4631901595687251,1.4523265977938329,2.105867088942124,2.3014645707176022,-0.09288215899405894,0.17398616003416434,-0.11658201164599936,0.11630752754753564,0.6677360886686037,1.4338191236527793,1.4028253060722093,1.2846185090901978,2.0122020506082636,2.241833922977604,-0.11411968907393044,0.12211536118763092,-0.06201983574711434,0.08037307437550488,0.7181478370317335,0.3948300097841891,0.41502993998025345,0.6769266078033176,0.6198682390476067,0.5188236393637857,0.1630098032431383,0.5642158206272041,-0.48353146851505696,0.519031777669357,0.14643771507855516
12,rounds_1_150,28,12,11227988,556,528,1,3,0.00024219639933509073,0.08778637281866394,0.46591162243011325,0.19336371353432089,1.1319791664601022,1.9975401870097504,1.3960869918906929,2.323510285378315,2.499751508644194,-0.07585127742922104,0.25263607476613087,-0.053877172639478756,0.12487844926579379,0.8095353656236198,1.0231598747657198,1.9362540976812903,1.1824160363134808,2.1985130097359695,2.438393008597729,-0.10911011115215907,0.08215337020429431,-0.019006305465316415,0.0350314097202993,0.8507659160596207,0.4837904087662027,0.48971570614817894,0.7417180876923745,0.7505542282092571,0.5487096865556302,0.2689273260577141,0.8348932910150815,-0.2934982870078158,0.6936688855919787,0.35818770965628377
13,rounds_1_150,72,36,11371859,399,884,7,9,0.21909443931222755,0.3393573593115434,0.2911585823736257,0.5258756076451391,1.390648235289769,1.8733407024565498,1.5683884886290673,2.3016069891056414,2.5889310263110317,-0.12483627246762863,0.15645541261644907,-0.06333813124814985,0.12589563490414596,0.7498496905600194,1.3116649724647023,1.789506547411621,1.4591674938862444,2.2047410635418556,2.5309523520749164,-0.1479590025002806,0.09840047973906203,-0.03976503647281694,0.07385822306630331,0.7649280269927679,0.46129746977160613,0.553087823584352,0.5742413027933725,0.6593586038994456,0.5429025903020386,0.17662014707730567,0.5765053672847639,-0.2587099819931819,0.6147495470751948,0.5892325173891
13,rounds_1_150,70,5,11369865,605,407,7,9,0.08364008260508159,0.418853952191197,0.39431843171930975,0.5662653203193958,2.306952730615452,1.8282828500544142,2.3823908912088383,2.9170072436275127,3.519387009165975,-0.20650609176731383,0.13049490533479127,-0.0418092976457978,0.11715260370454196,0.5876254849016395,2.221179437796802,1.7308248367444157,2.2616144461635552,2.7970730728595514,3.4376257472440384,-0.22900820168048952,0.09356391524430431,-0.023147431645934004,0.0836016627354691,0.5960649172202911,0.6216986751633788,0.5880431518667412,0.7474872501891927,0.8262410278021363,0.751480053992766,0.0904832503999955,0.531082551897261,-0.2082658164794137,0.5143668968651856,0.5090395122690387
14,rounds_1_150,30,41,11429988,516,485,1,1,0.8027992926760781,0.1171431829740124,0.2510613662749529,0.11352242400488731,1.1484005033286804,1.5346484711281112,1.1308937153015288,1.8750388903121378,2.052283498321319,-0.09452849694209564,0.20356996012697512,-0.015575570906723483,0.15807596092368256,0.8017771333132144,1.0637767090155452,1.489519724751174,1.077846850942017,1.814045842529995,2.0156513051921356,-0.11113581472724388,0.14257039791762935,-0.01953530273951093,0.09972712773657838,0.8062039267237413,0.43206261534325074,0.3683530586659269,0.3416269419683508,0.47306286925846014,0.38416432616481805,0.18792120217127406,0.6828371925662315,0.03442524652475982,0.6798266346112811,0.7439534441205133
14,rounds_1_150,9,22,11409051,387,516,4,6,0.6660157506651035,0.3670680490322411,0.2530611619480293,0.5127216369379312,1.6299635688598004,1.6013763566751338,1.5474066477383512,2.2634523773838535,2.5610119583521676,-0.13146270888731482,0.1340806348313556,-0.05701033307182522,0.10984148104652472,0.6997318406123948,1.5849743033418622,1.541929654340609,1.477308421350024,2.200724430289241,2.516167877530431,-0.1433361864391769,0.11298177808118794,-0.03631288759045626,0.0866179101253821,0.7099513252842785,0.3791946552207382,0.4312653007451226,0.4595886770631038,0.5276225527250852,0.4749572674901839,0.09981621324352719,0.42185834097852726,-0.2951126185642122,0.49426685549384985,0.5584719501171207
15,rounds_1_150,66,81,11565883,490,689,9,6,0.2356350376719987,0.3501448526978493,0.23239417017237948,0.5635923847556115,1.590952702746737,1.5523458691485823,1.622107585523525,2.2178261221002935,2.5032828324519576,-0.12871013985593027,0.1788336978595798,-0.07158846295806381,0.13730457000312296,0.663859599016157,1.5293162387468715,1.497995455220997,1.5141844635274757,2.1336501407766724,2.451815976505937,-0.14911809094130524,0.13184392893814648,-0.04920170401321473,0.10089718591784554,0.6853918185041026,0.4375480534029347,0.4061868241609675,0.5810272163316141,0.6039074645103204,0.5029549405032789,0.1671655509158163,0.6137853086163665,-0.2907795032413585,0.5743935753958717,0.3924989018750209
15,rounds_1_150,82,66,11581835,609,490,5,9,0.1983804910055782,0.2819487409952741,0.3501448526978493,0.4574414224292223,2.043957797922506,1.590952702746737,2.2959273420363333,2.5902573834382427,3.1943685110248845,-0.23322436274064762,0.1491770424535121,-0.05155290707884756,0.12563807401521382,0.5403940974044157,1.9865146043856035,1.5293162387468715,2.184523598506509,2.498345186135862,3.13931846440552,-0.2565591343528626,0.11483840440922338,-0.024222872089111197,0.09930168337595897,0.5600669037721699,0.47963159101606917,0.4375480534029347,0.7051271009105315,0.6822783279543243,0.5876420440108869,0.1387062728889329,0.595340229897945,-0.3479358041932861,0.5431259251999493,0.27919284582022336
16,rounds_1_150,26,13,11626006,500,282,6,3,0.13057851129025996,0.23791492599993944,0.37132255813727777,0.3211730894446373,1.328725803205145,1.4080232450305838,1.381666047363961,1.9184939991257555,2.136245547118272,-0.11350129220719207,0.20834648116082607,-0.06710312904619078,0.1643964186355943,0.6903161080509085,1.27191339804699,1.3544988516723468,1.2898942954655228,1.8483549455252075,2.0943279253102176,-0.13307670173442654,0.16397357295341083,-0.04464176856791822,0.12343289279701597,0.7093750681000485,0.3836580037374256,0.38364597633555203,0.49443119033239397,0.512840020606751,0.4193683737504228,0.1822627780603786,0.5975178625990906,-0.2765298029772793,0.6280684730567532,0.4611211796209379
16,rounds_1_150,60,12,11659904,576,528,8,3,0.41730125907743376,0.2507324134387697,0.3739062282764776,0.2897325955098495,1.4425496598376744,1.8702508657224446,1.5188461301987095,2.336770849227464,2.6112839700878654,-0.1174754131117115,0.16315635581087623,-0.04112352154013441,0.12236050918957826,0.765909889325082,1.365179646466126,1.814804503540566,1.4422591505227365,2.2594630324841494,2.5619718736998034,-0.13388528020441348,0.11309657734653086,-0.03366358601758919,0.07991152109150211,0.7747465827030228,0.4652927721050421,0.4507444943665939,0.47533694472850796,0.5945321505274725,0.5030476190349417,0.15387650846361334,0.6085287009070943,-0.13343686716548792,0.5909389532861558,0.6350853586487365
17,rounds_1_150,75,38,11774862,599,121,0,7,0.36578354829969745,0.2609663653963556,0.3155835742130876,0.3034668407170102,1.8068055138489683,0.9124343077824154,1.5757599130876314,2.016335024433761,2.247175824300129,-0.11448533952396822,0.21010651512664053,-0.10517692703710305,0.19574916366225925,0.4301687077729392,1.7619143459381608,0.8478175736254498,1.5059773717079012,1.9540538674060068,2.2117337532122607,-0.1318693870749439,0.19071512568496482,-0.07144454346067161,0.17232522004796832,0.44202721491375957,0.3989481041357255,0.3368266513978117,0.46283699005434104,0.495899907350267,0.39564880357939125,0.20215995664638386,0.4977680966122383,-0.38414469475221324,0.5786555864707771,0.34878318517361806
17,rounds_1_150,16,71,11716039,561,547,8,6,0.060294384220504316,0.22609712812118232,0.18455885804935612,0.3343556639815991,2.0650125523914244,1.3445732284830794,1.556873037603287,2.4754904717597723,2.685656242499482,-0.08489863852730051,0.14009203556576966,-0.10470782793344324,0.10503444016126941,0.6066563358775382,2.020815710834693,1.2800971833061576,1.4289336022260808,2.3955954506777144,2.63387372037035,-0.09946515369497244,0.11105131797386444,-0.055241306130975394,0.08289024531845614,0.6440372145418268,0.4233051417949715,0.41066015282374796,0.6173658879344028,0.6222919930253582,0.5228295109236645,0.15983249538234157,0.4954437432920985,-0.46559930951737305,0.4629811384979539,0.21999249597850518
18,rounds_1_150,64,47,11863898,267,572,5,3,0.1051509565651658,0.21016490493590634,0.3048633586304883,0.49567639337231717,1.2161755032345751,1.832311830977009,1.4340893521189946,2.208437551993307,2.430390355433404,-0.10050218682423928,0.16818618678760452,-0.08378868999621689,0.1006391656135639,0.7677240681923241,1.1685744562519318,1.7753477693783577,1.290424378015904,2.1249587623396535,2.3779244299016686,-0.11904497726981345,0.10750356317557493,-0.044064372650782155,0.06496827462979564,0.7999315214850735,0.33616540718891397,0.4520432597129264,0.6249804012126486,0.6000435631589942,0.5002552659902985,0.16630175423155857,0.6239221439331387,-0.4216177692644733,0.5465428157837907,0.31567794336901683
18,rounds_1_150,57,97,11856919,783,481,4,8,0.4076366265923517,0.17754066143097588,0.3202892787475139,0.1977007722511189,1.4291002018612387,1.625861687909887,1.3088518212326627,2.1443252406164652,2.332525036696216,-0.08776644163627223,0.20260980868224526,-0.02645554316725869,0.14360756677425973,0.7724148448792503,1.3339375372390243,1.5785037205616468,1.2016594117066817,2.0562458921857654,2.2841002390489815,-0.1108108459835071,0.11722104924300691,-0.020882888231086555,0.07992033249723005,0.7910298345305947,0.5120736929291924,0.3883490693747003,0.5180907602284482,0.606897270561619,0.470934542386857,0.2240292299369594,0.7193043499520337,-0.08275138516476746,0.6701496549437822,0.5561114869087348
19,rounds_1_150,81,87,11980850,689,421,6,2,0.27797450907752985,0.21476890841565494,0.3274712197896507,0.28232157588271156,1.552842172107571,1.640628846980788,1.430034022251552,2.2229450881809707,2.4221714444452243,-0.08962270697711205,0.19571175654365078,-0.05335663982652596,0.15668612448958086,0.7385563999270413,1.481494624058642,1.5832347098383113,1.3431855795617609,2.149570535536472,2.3777145676433147,-0.10613470380952372,0.14753919818160507,-0.043283473298373405,0.11097822551372218,0.7507522227006233,0.46434888794901025,0.42908158009731506,0.4899871135997636,0.5648867167405759,0.4598953902561096,0.1858626223152695,0.6187023116755506,-0.15729346035748532,0.6517281022438512,0.5882716828594005
19,rounds_1_150,87,81,11986832,421,689,2,6,0.27797450907752985,0.3274712197896507,0.21476890841565494,0.42902332873394095,1.640628846980788,1.552842172107571,1.5536674710362706,2.2229450881809707,2.4560206538434066,-0.10484989795819066,0.1882952889501833,-0.07531371160143509,0.16179841573183257,0.6797480962248607,1.5832347098383113,1.481494624058642,1.458832470471441,2.149570535536472,2.4103771094485458,-0.12132961891710337,0.16045961786169982,-0.04573944459068615,0.12781471489401622,0.6965576922370875,0.42908158009731506,0.46434888794901025,0.5336010998076183,0.5648867167405759,0.4691462824849624,0.16948607821412498,0.47665853633698707,-0.3338867125551009,0.6018799076974284,0.4945354896119802
20,rounds_1_150,95,11,12094811,502,564,2,7,0.22521695883961623,0.5400763563134453,0.2686784231802449,0.5167171004820954,4.768838216977629,1.7389349332052764,3.0513974937604695,5.087661711131327,5.593470657079448,-0.09941874571602471,0.1239513186511328,-0.0283658908274171,0.1054459621111172,0.47632863840662404,4.669900206079071,1.6824979168777725,2.9381533707296734,4.973570098014188,5.534215384540362,-0.11272491901743265,0.09607105836282503,-0.010644954131282315,0.08065323341697582,0.48994649982634375,0.96193140701432,0.438316591138681,0.8214575295192562,1.066895798481803,0.8053586064226548,0.24513845909911425,0.6130963182161493,-0.2715345505751765,0.6014377613400729,0.26271510236344486
20,rounds_1_150,14,68,12014054,778,611,9,4,0.22255144454474562,0.24250977099873125,0.3261182449471492,0.398793165065581,1.581349877326432,2.4726610881856477,1.5533081238703343,2.938991586534431,3.102808950568379,-0.05573931030783141,0.1734851660862328,-0.07429991061324308,0.0929639986952298,0.8357112713723489,1.5203365334823773,2.416030194627877,1.4044051586431106,2.8493756972089983,3.0446180082637264,-0.068521083845128,0.11749375013621889,-0.047133945998077416,0.06386118322411148,0.8586284176355318,0.4340563568946913,0.524082042053513,0.6629135698679003,0.7180382390766868,0.5953775502948208,0.17082751601028012,0.6083323120379079,-0.36047545720769003,0.5034149459882561,0.41872878392939494
21,rounds_1_150,10,54,12110069,512,435,3,5,0.290896928036515,0.35611616952175446,0.24763636358289254,0.4148338616317646,1.9874455931782793,1.3515285019424599,1.7756543188676002,2.376934071379519,2.714435730390311,-0.14199033245163317,0.1765664505915143,-0.0392505625587531,0.1578021153819618,0.5856119346874554,1.9198419993997904,1.3029456267959034,1.6911159463341412,2.3012190572188156,2.670963732023235,-0.1606733933671145,0.13922305543393926,-0.026642729279928733,0.1225925004472532,0.5969593153712174,0.5126082840985109,0.35825574552353134,0.5403158736217465,0.593614778230842,0.48156039899620195,0.18876615499465355,0.6164956268979455,-0.18318126407302124,0.6274749192815892,0.4386574311194518
21,rounds_1_150,15,45,12115054,464,288,1,1,0.8247654752215309,0.23924082989804446,0.21406556063642104,0.2896127199009061,1.5463423733708828,1.0757667501065118,1.547193150439688,1.8320586941158326,2.139226283487501,-0.16766252651087155,0.21712448987329358,-0.040560739604191515,0.2153479079268787,0.5480896114341471,1.497869322939311,1.0304801669497239,1.5009392898438778,1.78538423125942,2.1056768031327637,-0.17939699828501765,0.19906814327364053,-0.03602744930107942,0.18893353375516844,0.5455491133584598,0.38315919883429367,0.3082008930658043,0.37444036171152384,0.4096327449727416,0.37542219848123703,0.08351516550216476,0.5002151358803077,-0.10195043745539875,0.6170088003666648,0.586927348292893
22,rounds_1_150,44,94,12243970,631,500,2,9,0.004264512059123169,0.23672859917681377,0.16975460060406478,0.3416076766971785,1.6978448414011404,1.0909220264793191,1.5005824785560251,2.0407336047583766,2.161428130075898,-0.059142714676770236,0.21633434921408012,-0.19616012284155834,0.17785696088136382,0.4760722204105723,1.645540626180065,0.9978945479093938,1.25582450172534,1.935459339902951,2.0891015459607902,-0.0793828125914251,0.18289184259724245,-0.08093688364458677,0.14082262223715133,0.582174361666967,0.4170732074707071,0.4402628356672681,0.8206698782794534,0.6458395522414466,0.5531888373467052,0.1434577900551126,0.5052302869651089,-0.6071372030622201,0.5430049814405883,-0.08858793890642518
22,rounds_1_150,74,84,12273880,285,417,9,0,0.023676405341868653,0.26350265201957274,0.2771726154929234,0.42813041678940256,1.1120926349171187,1.4943255133464413,1.256829092912147,1.8677996430187471,1.996742000932937,-0.06903436265026408,0.30904461958861185,-0.05787901309716354,0.20036382877813338,0.7497369701505509,1.0183606313891223,1.4499746511802014,1.0957508283712036,1.7674391129132039,1.9526786863128172,-0.10480676366513686,0.19441968797041656,-0.02444055492638434,0.12289681217499507,0.7924466313316403,0.4463416437503628,0.36032464135448034,0.6150695045546991,0.6029960880872144,0.41568055610754145,0.3106413717771591,0.7823105161795334,-0.31491812000557895,0.7288425116098611,0.2744706364747646
23,rounds_1_150,70,22,12369895,605,516,7,6,0.231361658797899,0.21751102652544013,0.17560788930224425,0.38659407717104144,1.6742200001602563,1.4269575368476004,2.123686536759155,2.1640359791767576,2.7651584054713245,-0.27777838819632095,0.15968363917529663,-0.06789162037728833,0.15574525345099036,0.5179071522447333,1.6062742680745152,1.3595130751609241,2.0200474910726163,2.0806608397653656,2.7109959631157032,-0.3029494818681837,0.12820349499970735,-0.04155904422248217,0.12140657675510899,0.5342458454028123,0.4710052102707553,0.4326341564832414,0.6537572205949711,0.5935304122526126,0.5420912381371443,0.08666645053661592,0.4917025029407659,-0.32350861448880097,0.5810072439963503,0.3366184408740655
23,rounds_1_150,22,84,12322039,516,417,6,0,0.1512744251187142,0.17560788930224425,0.1983232303832968,0.26794754278592087,1.4269575368476004,1.413067305189121,1.5455011883923648,1.995818289107007,2.2717560629275124,-0.1382579643279893,0.21764614614434194,-0.0574685379967988,0.17399212959493796,0.6512799152850001,1.3595130751609241,1.368483054176913,1.4616113314016843,1.9225152987890806,2.2374978093087226,-0.16383875369836454,0.1669651868881137,-0.04060364552858569,0.12910781425108753,0.6674904031852212,0.4326341564832414,0.3511530800887039,0.5013252048783691,0.5346427696241586,0.3911001739286265,0.2684831888710273,0.6819677573708856,-0.25103677676179526,0.6922356885337516,0.4211072644623133
24,rounds_1_150,6,33,12406090,753,964,3,5,0.11926683105789256,0.3177518394339131,0.1938559469557367,0.3425345916635706,2.6741580173366986,1.9551168822110598,2.3318655946161653,3.296094551043729,3.6911686480483428,-0.11986127548419723,0.17495540407002882,-0.054303254736567566,0.14470920957910066,0.6176152512596288,2.5607462081882115,1.886825197439142,2.1553152138560514,3.169163941231002,3.6133209521343774,-0.14014958491887008,0.12320948257086149,-0.03354758603946769,0.09941104804535393,0.6442476913270828,0.7689189649116172,0.5109335064819619,0.8888460504101279,0.903942903364162,0.7512239293442491,0.16894758889255712,0.6004390991804794,-0.2445073912283592,0.6112786622402759,0.3224630461422828
24,rounds_1_150,33,75,12433009,964,599,5,0,0.4339310904640321,0.1938559469557367,0.17282118546621253,0.24639668410643936,1.9551168822110598,1.649183585451389,2.093765910001166,2.5347484872211505,3.029261300881866,-0.19509344463712486,0.1699461442246879,-0.03489903870563286,0.14728425377585208,0.6016466463592792,1.886825197439142,1.6084920231617037,2.0258813951495185,2.463998773620125,2.9873001453408223,-0.21237890916311586,0.1364816025347093,-0.031934699697790864,0.1165063655146954,0.6063052618264413,0.5109335064819619,0.36284995358906863,0.5273554486473453,0.5928886783224898,0.49954194054217776,0.15744395397197652,0.6444433884405804,-0.08569688243461748,0.6191851653612401,0.5173766132427732
25,rounds_1_150,87,98,12586850,421,97,2,9,0.3248044120223779,0.2503272869210276,0.43022628631442783,0.30642394699777165,1.5367862078502608,0.9793366381915397,1.3561316650607729,1.800743758766495,1.9725972222375385,-0.09543471281486648,0.22324459117231582,-0.09792499560778797,0.2059901002352286,0.5313653797552625,1.4989561192303285,0.9261603517426791,1.2929829642472226,1.7491964191371725,1.940512493184284,-0.10937369408833009,0.21052914982316934,-0.062563517613538,0.18617816213164715,0.547935341436196,0.3376833155011399,0.31776066395563995,0.4082251666366049,0.426497570823371,0.35261386779734705,0.1732335846213342,0.41372036262988393,-0.42456760367261615,0.5491159287280435,0.36399115690298667
25,rounds_1_150,78,42,12577877,510,216,4,9,0.3018341709611178,0.17395973805846138,0.3685687040537596,0.2301446247888221,1.4309412223480635,1.353303623320462,1.4608137003276296,1.9762216010084994,2.212659592037464,-0.11964143642003822,0.2221158672940786,-0.05437013383633062,0.16277734634110774,0.6577900357911952,1.3552705046524882,1.3146236892436862,1.3350818363978632,1.8899077478638537,2.17205348298624,-0.14929074471560488,0.14469148160091036,-0.032125763732144416,0.10344356210071574,0.6899063073817573,0.45827095609342017,0.3202978366489042,0.5921458727331291,0.5763860070642558,0.420129967352851,0.2710961713093518,0.7450308451949609,-0.2688989436595607,0.7082880164785045,0.27178272917201923
26,rounds_1_150,64,86,12663922,267,659,5,5,0.7739752139341216,0.2359639775007963,0.14680770930800854,0.380451713129878,1.3085643782697969,1.427942688384004,1.3056420137352667,1.9175007640315962,2.093672775996321,-0.09187584968379281,0.22015976419439762,-0.06590691250816134,0.16892387225489625,0.7174794589171711,1.2552908201724298,1.3808847846900911,1.2316859659138442,1.8592855029080269,2.0523579835699697,-0.10384229875399265,0.1873483910990652,-0.05364832033426797,0.1338450781864998,0.7302903792833372,0.36877027103869103,0.3625364203366205,0.43243625081685183,0.46754127217308983,0.41212532866336543,0.11852631373516198,0.5411854783522502,-0.20138355255515564,0.5942133362743648,0.545163672577805
26,rounds_1_150,10,47,12610084,512,572,3,3,0.8615659792510663,0.24891245497221295,0.26066217734478414,0.2655993458010595,1.8511035797641344,1.718059709590027,1.4746617851857775,2.473064152416769,2.6847700056091672,-0.08560467506898739,0.1525954065930549,-0.049256550121383705,0.1339772605651404,0.7450947527777926,1.80378433778772,1.6684194933589085,1.4294329619536887,2.424158452575426,2.6444799785135435,-0.0908857775794516,0.13555521529105927,-0.04770030887778918,0.11112340424241793,0.7461635984392132,0.4144748942154125,0.4087918500710872,0.3613076772260086,0.48740820490814457,0.46078436009176693,0.05462330044566055,0.44645363238140356,-0.07472009757852338,0.5401381927313739,0.7272854516022034
27,rounds_1_150,58,84,12757943,949,417,7,0,0.40604520107367204,0.09512767515047209,0.26933572381320925,0.14884619767728605,1.3470851073020893,1.8649875175172912,1.239197324329604,2.2798133831453917,2.402933080749049,-0.05400428759383491,0.20477120459787232,-0.05958683655586137,0.13281668625361676,0.8228430675163763,1.2934955667160661,1.8220310282908332,1.166421095152184,2.2197740508347223,2.363311323736705,-0.06466301056542534,0.15823641366421426,-0.052984899110238556,0.09944552477679698,0.8339484143572171,0.3752534381365604,0.3964876692796994,0.41770129030427305,0.5180014169401093,0.4323343951158792,0.16537989863092362,0.656444044971819,-0.15125489716060306,0.5912883202054278,0.6281269399574709
27,rounds_1_150,82,98,12781871,609,97,5,9,0.14257708444142286,0.1891915748755519,0.3903314433991909,0.2543608459070898,1.7046754126733912,0.8502805275212484,1.7480688376116207,1.9191844470270205,2.19467480516806,-0.14354553496293554,0.2646407268950669,-0.11612872635611311,0.2410515389814972,0.34931960368092224,1.6614703248269251,0.7918413629700912,1.6499628693761044,1.8449434170423658,2.1594706349612083,-0.17048068521421755,0.23969288441852823,-0.05691090620123394,0.2183137706461254,0.39011908033061493,0.3800447954265578,0.3093625436274336,0.5764421862896572,0.5274241381807271,0.38968243481331144,0.2611592708717042,0.5986720306769999,-0.5503926876398811,0.612990976627064,-0.016427102720592522
28,rounds_1_150,69,99,12868913,500,533,0,1,0.2409525646101308,0.24257402859162538,0.12003472824369303,0.3637967236712575,1.4574692923764136,1.0479779331337373,1.3808845412513595,1.7990305851546797,1.9237670750252525,-0.06933539146020018,0.25411405792003733,-0.14498117765320748,0.21523556181202216,0.527241948841574,1.4132336509640597,0.9844937319215153,1.239637495386104,1.7290104237278114,1.8701871607811502,-0.08165175589222673,0.2342298606541725,-0.0851696805881538,0.18616672356850616,0.5797854175580026,0.3553677635453592,0.35856765701624604,0.6076156145519209,0.49580998892738376,0.4494931634829784,0.09341648308579942,0.4670400723976993,-0.4848895736433791,0.5539308861497304,0.11946292890119384
28,rounds_1_150,16,46,12816072,561,538,8,0,0.09657077938311068,0.10810582787380554,0.0783577811576172,0.2418160597832563,1.3838817366154554,1.0263494842704657,1.323330645918985,1.7218039589614293,1.8150800746370368,-0.05417348194034255,0.2522975765406403,-0.18304207111018123,0.22072771119657844,0.5162085279946902,1.341439576340395,0.9593897744886136,1.15445392314262,1.635504346585671,1.7626944564156901,-0.07776812705850955,0.2196271158524436,-0.0994537431774549,0.18959807060309655,0.5923541842977864,0.3389982223708196,0.3640392948312672,0.6461966391019293,0.5372056642206106,0.4315447566141832,0.1966861383707159,0.5555865467801052,-0.5877294898593827,0.5703712939539796,-0.030111087312210405
29,rounds_1_150,49,73,12948976,624,564,8,7,0.06948617159249071,0.198634520602914,0.23639960034828011,0.31329102782675855,1.4390701354101574,1.5222184141548767,1.4900376263762243,2.075507193270191,2.28196729176706,-0.09947452804129697,0.1888298236244044,-0.1125941653007181,0.15412741443040798,0.6749840633590259,1.3854513589207251,1.4440062392267685,1.382418482445162,1.9889762911627173,2.232833353692997,-0.1226043083639401,0.15744551238668927,-0.06974686626877753,0.12197994079581662,0.6989003344811747,0.38817914814089194,0.48069523124141406,0.5551158596887164,0.5917186850477927,0.4691696645360986,0.2071068965851499,0.47872630902059754,-0.4344307403030038,0.5527962377509136,0.4320534837750092
29,rounds_1_150,5,65,12905108,407,1447,9,8,0.03166065424334107,0.4752584021124575,0.09756677220013507,0.6642119093901582,2.3519182382468973,1.8175191634412051,2.187945982304552,2.9582320848199446,3.3033812746112936,-0.11667414181682001,0.19724521010678833,-0.07492774523302201,0.16414558500460863,0.6040214927576899,2.2564582092479273,1.7425553856022302,2.0171874463230135,2.84004026432807,3.2361888557356324,-0.13948696304884534,0.15325577991718917,-0.03795199927626338,0.12349240786158212,0.6370694789725065,0.6617230070489183,0.5154973221554449,0.8462007739397834,0.8259598804921414,0.6601870870369927,0.20070320286788546,0.5658354989170664,-0.37680879527403277,0.6125148427978442,0.24333260164415293
30,rounds_1_150,99,62,13098829,533,558,1,6,0.050561587390626085,0.11882013853597032,0.19793640919572983,0.22929272582669827,1.0392221203369982,1.577382098583819,1.209961606971343,1.8564329478861488,1.9537597859898803,-0.0524267995860308,0.2775998287407417,-0.10349481188460866,0.20915637651187344,0.7699569517155128,0.9420031543874141,1.4999065771541509,0.9710217843938417,1.7451389887717952,1.883097176367755,-0.07905283675602992,0.1725081483778075,-0.04351360720972028,0.12342852697860938,0.8324894968443799,0.43829968745852926,0.48730481674941145,0.7212546315318805,0.6319911079001928,0.5194762677299462,0.17803231527114383,0.603975167854849,-0.38111451584650446,0.671620469547346,0.3035334885408502
30,rounds_1_150,8,11,13008102,157,564,2,7,0.7871170880400805,0.5559738194569945,0.17420653908047826,0.7152488805353642,2.149689862690536,1.581113961647401,2.232895271654737,2.639531129169618,3.110500251466904,-0.178429084276589,0.22523529846940799,-0.01635205758154552,0.1984426799964942,0.5689504003599656,2.0740573132832125,1.5444926296134243,2.1518858948489,2.5658895195484313,3.0649520048959626,-0.1944988206021283,0.19326761280861493,-0.01433884559031348,0.16756260867455694,0.575366965016586,0.5638331575108076,0.33705484930803103,0.5946541510263778,0.6172977419715956,0.5274912788984429,0.14548321979328582,0.6506385388971158,-0.05020025298430706,0.6455517620840697,0.4594360531715791
31,rounds_1_150,91,13,13190856,378,282,0,3,0.13195701991091482,0.18939962313161232,0.31042541498318316,0.2954166046110913,1.2078449586108388,1.2786126911775284,1.2152183573123203,1.7380400693347524,1.8611935328829416,-0.07085766647217007,0.25411743286556476,-0.09251962031114866,0.20173074773422983,0.6939473132453695,1.1570914887906845,1.2261772014737418,1.1290728914694574,1.6728959349567132,1.8235068750463987,-0.09003007117330508,0.2185050528352924,-0.06402620579617868,0.16470443363985365,0.7154679424617538,0.3456598557521524,0.3615925464128024,0.4486451243989025,0.47027321108953335,0.37115237261782985,0.210772878689091,0.563113617417203,-0.33912876697718214,0.625449935426546,0.4445201867050451
31,rounds_1_150,83,14,13182880,292,778,2,9,0.5571776350900804,0.21274611713985603,0.19774941919895356,0.2700421253684908,1.0640740258329444,1.6213569056652155,1.200236116845992,1.8858070370428757,2.0639966420660936,-0.09448983990569682,0.23462066993646366,-0.035319905527172936,0.1905421680752343,0.7962899476497984,1.0171923176934627,1.564772518865402,1.158250119780967,1.8325600105917899,2.0272735102693553,-0.10625218194883912,0.21658262884227375,-0.021971530364017597,0.16210812582406814,0.7991326032107569,0.31166019330627787,0.4235257716932635,0.31385953185914045,0.44361716917458244,0.38586011749191346,0.13019570858840923,0.4532869673347788,-0.2171751840682002,0.575768188209118,0.7573879445971341
32,rounds_1_150,10,20,13210102,512,807,3,7,0.03385668125301576,0.2642309613314203,0.18362047357128605,0.3701295232696628,2.220317674634633,1.611405131886463,1.8149860814532808,2.7547107730945704,2.952206020198387,-0.07169364168201064,0.19436876302776698,-0.10266657019380342,0.14730753472450447,0.619578557463374,2.1672816986949734,1.551696780805727,1.6584806439146458,2.6679095026521127,2.898411971219547,-0.08639815868502909,0.15658872680518668,-0.06641329842895666,0.11698010680831193,0.6568474867967615,0.4805889244271323,0.43347126180893647,0.7363169857830363,0.6840631620101822,0.5585760204275919,0.1834437937190403,0.6215724311192236,-0.4044704758471001,0.5919300413696502,0.19747775931458386
32,rounds_1_150,20,10,13220072,807,512,7,3,0.03385668125301576,0.18362047357128605,0.2642309613314203,0.3368413707844036,1.611405131886463,2.220317674634633,1.7924374092336204,2.7547107730945704,3.023512068544838,-0.0975787723617545,0.18899451443710955,-0.07134516353270835,0.11609669066811168,0.7602694710573058,1.551696780805727,2.1672816986949734,1.639068957649354,2.6679095026521127,2.966659953820159,-0.11197922975688068,0.14151252141509923,-0.03988776285865293,0.0854910523588563,0.7888151895356321,0.43347126180893647,0.4805889244271323,0.7243963924630218,0.6840631620101822,0.5809439892155903,0.15074510443095168,0.5910475969751977,-0.40790392408602305,0.5409686472800659,0.26951523796642496
33,rounds_1_150,51,16,13350982,260,561,5,8,0.11602687875322261,0.22457578474034864,0.12721440372988582,0.4132883777841926,1.392160382457426,1.3619499845419054,1.5823166369213113,1.9223333662842812,2.2187189318431293,-0.15418010775713586,0.2093822337102959,-0.08211168786112379,0.18308254633816787,0.615648030345698,1.3279857088630789,1.2997502035589625,1.4781792651485781,1.8453442239831805,2.171465257863665,-0.17672639588973338,0.17647052471143596,-0.047423021012081616,0.14508367460459026,0.6399449067149406,0.4168437739268416,0.40597808137863356,0.5635009263472874,0.537187779896781,0.4535910136283733,0.15561926275476812,0.48763307743714923,-0.3743450915161068,0.6002141009477097,0.3496864656349604
33,rounds_1_150,62,44,13361949,558,631,6,2,0.2997374843841833,0.18239755475660785,0.2256110278208955,0.2904324371445303,1.8300260644551254,1.6065642657938406,1.4583951459984363,2.424294803978124,2.564432959611185,-0.05780574021076257,0.20101896425457125,-0.07571595717508785,0.14743020679306107,0.7170840990220189,1.770398839230566,1.548980992920806,1.3374914149675519,2.349791982216879,2.5149799834765836,-0.07029898923387257,0.16320586959798714,-0.05125456714806529,0.11119251021570994,0.7424587077145832,0.4619254182157069,0.42512706911383397,0.5806264593997982,0.594483894604769,0.49883068841599754,0.16090125747202055,0.5582890667501287,-0.2881077358074552,0.600780526225021,0.4207060411599668
34,rounds_1_150,97,1,13496847,481,189,8,6,0.15767716150484215,0.2715220972523093,0.1741316906409338,0.3539322076458484,1.4440552443692638,1.0193789984622637,1.549542950011402,1.7794419088092088,1.973768954508637,-0.10920673765038535,0.3234401882663768,-0.0709866135257139,0.2713683271230844,0.5070970969036216,1.3977598608191413,0.9975215373643799,1.4725253242971705,1.7215103609702898,1.9473364701898463,-0.13117905900506743,0.2890093996339852,-0.05109685709932639,0.24211026363679444,0.5313048873978581,0.3616879205567165,0.20905762671579997,0.481428954769699,0.4490450252553418,0.32002112695273716,0.2873295350042847,0.7381604556843215,-0.3672976304793704,0.7080800329177808,0.07179159120759972
34,rounds_1_150,1,92,13401135,189,201,6,0,0.44736402081267507,0.1741316906409338,1.2096130669116973,0.6299892565235495,1.0193789984622637,3.9795887625469666,0.8537407137535157,4.1032272308672235,4.095309071609271,0.0019297394008275237,0.13659882442684496,-0.08182848614339445,0.034023169749830655,0.9771277450372734,0.9975215373643799,3.586530167419841,0.665526695922127,3.7177960906867376,3.721281628650962,-0.0009375280083154802,0.11265637059394892,-0.05601681340323473,0.025794261163477668,0.9829224418716636,0.20905762671579997,1.7234978961570044,0.5344071429112783,1.7350800414651413,1.70869135269276,0.015208917249776022,0.39382987561818755,-0.15659785043144273,0.12723835379999426,0.9519047249279191
35,rounds_1_150,20,96,13520081,807,181,7,9,0.7435368600219877,0.21849797740030816,0.21651106195058673,0.18392666114001152,2.2071802290576286,0.9976574338621352,1.7875503489639832,2.387330347253046,2.544483859943549,-0.06582813847749636,0.29095956665269945,-0.034865009791088884,0.2767537937963066,0.4638388167783379,2.145825738612209,0.955791042880529,1.7305097657429935,2.3330800116051655,2.5153649163344634,-0.0781305843874105,0.26858816021996196,-0.035105684597673485,0.24763906063085014,0.45962579237834794,0.5150384676152543,0.28536929264086813,0.44663270068774963,0.5039837991839244,0.3810290739915005,0.24396563022763496,0.6523635580251615,-0.03203854825045726,0.7302205553751446,0.5190189643964164
35,rounds_1_150,96,9,13595853,181,387,9,4,0.3907723703345368,0.21651106195058673,0.2596524387947284,0.35352542414329946,0.9976574338621352,1.505389989649983,1.104025206773929,1.7874217706488853,1.9204127405584872,-0.07440379886461956,0.2279068894611591,-0.06730254087946069,0.15782209764187435,0.7924402837135572,0.955791042880529,1.466002532381187,1.0412732268793803,1.7398005015248248,1.8891919413527039,-0.0858669943461603,0.19899816822873648,-0.04782408257862617,0.1285846923386736,0.8059890816518721,0.28536929264086813,0.3408982790194088,0.3662220425817611,0.4084305145047256,0.3430985487705011,0.15995858148220854,0.505771451609645,-0.3103966166714646,0.5754892436125117,0.5465727774711543
36,rounds_1_150,16,60,13616096,561,576,8,8,0.9697594960740648,0.12335944183481236,0.18053174472879618,0.12411887556469689,1.4838032876765248,1.346536404536581,1.6087092189590542,1.8662644756571654,2.270618839605135,-0.2166650918035531,0.15436132313925433,-0.04114492780687367,0.2080598974995574,0.6230523728981677,1.4125777219164675,1.2622071654791145,1.579996288725337,1.8289097052558005,2.232213931206228,-0.22051620415783146,0.15186062623926902,-0.04529306282158716,0.16497743808945625,0.6022193517358966,0.4532794872788522,0.4682797799599304,0.30111367256056454,0.37010974633680727,0.4139316723495682,-0.11840251829759185,0.2150304651899745,0.008464912824539298,0.6838301970275888,0.8424561484563939
36,rounds_1_150,28,68,13628060,556,611,1,4,0.08528364124910907,0.09302748945192434,0.21975974156163058,0.17352519289415796,0.8661830820587261,1.9359212736265627,1.2234207981375804,2.085895908967376,2.2237406590560003,-0.06608419408467259,0.2983486874212074,-0.05707827155058028,0.20173207366089588,0.8367045596735849,0.6549865893074882,1.8736816239800282,0.9929058027144514,1.9792024333739333,2.1579360910657073,-0.09030590033536279,0.10981568302532649,-0.027838519981923854,0.06019869765020485,0.8807698416034638,0.5664223445302468,0.4854364590329603,0.7140574171108549,0.6571749163589955,0.5354437074534718,0.18523410719928557,0.604225980752938,-0.23986525111680623,0.7114185815614051,0.4127821553419178
37,rounds_1_150,68,71,13767943,611,547,4,6,0.06271440692701084,0.16519815830263093,0.1086903444702991,0.2474487614370166,1.8074417927558561,1.1501701758855034,1.7061919297389663,2.145936077636283,2.366056896399572,-0.10257566432535525,0.2289233736865152,-0.1289179459869035,0.20009984978267564,0.4817742435130123,1.7662328776438947,1.0951867437199585,1.581716172774235,2.0774484078756954,2.324864012112836,-0.11909590789315261,0.20434877378063987,-0.07817913687053042,0.1750053188652368,0.5245457069651596,0.38214820066471056,0.35066239857014253,0.6387574252856959,0.5362412990158912,0.43756045505443225,0.18402320772860625,0.551629873314321,-0.5241367867150519,0.6028503734363866,0.02915395532835005
37,rounds_1_150,44,74,13744015,631,285,2,9,0.015908066449457983,0.21184043742787953,0.15479438092249134,0.2771747849810009,1.6578341231948641,0.9359324411851071,1.4907673801247934,1.9042422036883602,1.9692736661641577,-0.03415083561840859,0.30496027967998424,-0.1659556838463909,0.27972800073349824,0.42414294318299106,1.5945332261684753,0.848113933309719,1.2877354321279366,1.8068505278011182,1.9129957574234937,-0.05874599364428379,0.2674301715976212,-0.07561720388393055,0.23092326990935264,0.504728878971684,0.45265335214283997,0.39535274646450586,0.7502446017041127,0.6000467487352371,0.46611525695841016,0.22320176229456168,0.6009995956340017,-0.5014304223932481,0.6962796975117876,0.029500296643743002
38,rounds_1_150,28,64,13828066,556,267,1,5,0.018511546287281872,0.06993357994797407,0.25018795697639384,0.14368191551232787,0.8201596534685044,1.4753088949872555,0.9872403224172884,1.6868986598718456,1.7135664258157124,-0.015808754004163372,0.3902613326516404,-0.08650130118092254,0.22755486762452462,0.816296041945838,0.6857566364778883,1.4282907499667714,0.7137802474448441,1.5807976964077726,1.6597899644844385,-0.04996987802814301,0.18171550226665892,-0.03708184868810946,0.08772829852463013,0.8912571097649296,0.44943932959672817,0.3683999711270383,0.6814919073722376,0.5877511768164696,0.42474540368095715,0.27733806339346967,0.7401559276017563,-0.35065174559836265,0.7613516237733939,0.19875753380983435
38,rounds_1_150,50,27,13850000,359,244,5,3,0.4054047423191011,0.1556379603105597,0.2771405979990959,0.2349143574712798,1.579368843279318,1.2626744188970456,1.5072003817651738,2.021449301507888,2.2279497361798333,-0.1021546444513386,0.2423381459991794,-0.06316381109379815,0.1922392303675167,0.6131378472562455,1.5513601556156733,1.2405175881495782,1.4599195000257075,1.9834653228571415,2.2026760836031243,-0.11051907901783431,0.22351974103827177,-0.05555749285598282,0.1771874860182947,0.6224913913239811,0.2946193759097496,0.23436488253965493,0.3734319277448406,0.3882072073395806,0.33219929223844613,0.1442732490335813,0.639740357327601,-0.22298526725171203,0.5674716805015663,0.38335265740253593
39,rounds_1_150,89,40,13988886,533,541,0,0,0.9180375774571018,0.12563535495322536,0.17998778829774395,0.09247748583174226,1.0971039234716637,1.3613296410937643,0.8195161080546173,1.5870370287134392,1.6610485951161387,-0.04663505958818015,0.17903568134753076,-0.04897262431108343,0.2522128667970221,0.8500780138085582,0.97352656795684,1.2775630630709196,0.7606758424062109,1.534765144278423,1.6200742281394673,-0.05558445484579533,0.15103360643210054,-0.044143848913197156,0.1578800937664657,0.8533666946668645,0.5052984531125434,0.4693292736753454,0.30451286230443875,0.40285525999497346,0.36537938664226477,0.09302565232281268,0.3186377071820949,-0.08207872339783254,0.7564733439111683,0.8257690183018856
39,rounds_1_150,48,59,13948009,527,272,3,3,0.6524806995218461,0.18178814338435503,0.25088538620620965,0.18579965878532015,1.3903230407112261,1.286027687779802,1.2618405302190583,1.8569918197121473,2.0111683723121327,-0.08302489594374429,0.2588289574981529,-0.027021985067735194,0.21178942752308844,0.7044432330190051,1.3159661171194397,1.2469700938682071,1.1965299399494835,1.7962269056252462,1.9809933809345213,-0.10286366089420085,0.2074571889286527,-0.02696280281777567,0.15904322328980788,0.712544984558827,0.4476401348970356,0.31358359389994733,0.39989751133560225,0.46975267129714543,0.3450868818500968,0.2653860149486844,0.7103099102204004,-0.0286888238966817,0.7408931578426416,0.6029481696298716
40,rounds_1_150,36,91,14036048,884,378,9,0,0.3353892182687671,0.13001337550942682,0.1526311320834793,0.16598403123595443,1.6486838819370018,1.1866079089972048,1.5988897251658418,2.018049393380399,2.213527073119222,-0.09686466564199492,0.2704872649957033,-0.07991183085762739,0.23452865959082977,0.5533680591453819,1.5991761850141204,1.1468396785738115,1.5297175686409772,1.9614287095597178,2.1819954940717694,-0.11245210363091007,0.24289259409967268,-0.06776438613958365,0.20528454332409496,0.5642919414878345,0.3997670637339838,0.3038085874608322,0.46417870237553893,0.47321479035360603,0.3702088107039711,0.21767278147131564,0.6387626953424042,-0.23144574809302143,0.6736984173644537,0.3987933022818631
40,rounds_1_150,60,34,14059976,576,515,8,2,0.08313032997178406,0.12806573587004094,0.15886206993071192,0.2647928979014978,1.3146235889234221,1.4655766839372348,1.4362553573712842,1.9828446317163868,2.1355035422927964,-0.07698984990279611,0.23782124052093984,-0.12733118409820618,0.16716910923711178,0.6691343095077121,1.266433394165836,1.4181474692953746,1.3007287776770318,1.9063367828285085,2.0919908478489084,-0.09738786278096012,0.1926470499911549,-0.08535605363485128,0.13203268175287142,0.7101265110189183,0.35179121094581584,0.3688036205603627,0.6081232873486715,0.5441631039834557,0.42716664963894274,0.21500254884621872,0.6141545887771643,-0.49198056891155867,0.6026875936976819,0.13037381476825888
41,rounds_1_150,93,75,14192880,668,599,8,0,0.20509764407005415,0.06951354333099775,0.03160571508730451,0.1443406554072031,1.5044294925552684,0.7155727458164511,1.9595759447000471,1.6718712478437114,2.263010797168761,-0.3535795893897149,0.2257435513004938,-0.0652072508653747,0.21342545241914454,0.2878746858830818,1.468709119389692,0.6942947320020935,1.913378625691614,1.6260664699019,2.239833893167549,-0.3774553098697604,0.20552366798817523,-0.050107399507325436,0.1955387066380925,0.2988393464251148,0.324705184999292,0.17262520443323748,0.4214425406429097,0.38744150232186997,0.3206796914880939,0.1723145569942407,0.640424950050339,-0.3409677639150507,0.6217675277968326,0.07281926021866486
41,rounds_1_150,20,75,14120099,807,599,7,0,0.33625270483613173,0.18823979751973907,0.03160571508730451,0.17857196603572983,2.256614155888129,0.7155727458164511,2.049696199636147,2.3611086838011652,2.5958145452768218,-0.09940493764048242,0.31293768858157217,-0.04872419684111041,0.3030940876330132,0.2880020105220653,2.1924866884605243,0.6942947320020935,1.9863587167016228,2.296571197346139,2.5710632812063405,-0.11952256658857241,0.2849975700789455,-0.04609028128949335,0.27461211313074924,0.29065024777377557,0.5321614540774943,0.17262520443323748,0.5038703321016158,0.5461422874921946,0.35425025365415597,0.35135904732662027,0.7663437445085839,-0.09018136062467665,0.7726179112946133,0.24568172753163303
42,rounds_1_150,17,26,14217111,828,500,6,6,0.7253502720334837,0.06437632695237613,0.12668924368917941,0.07245350238826016,1.2363008053640372,1.2248552323484783,1.2138930362222535,1.6903630958982485,1.8691484199039008,-0.10576740845767629,0.25086726394990116,-0.028307067754181424,0.21991918286535841,0.7003350785253182,1.1622041668801053,1.1907754040429643,1.1630067182244048,1.6359695646395347,1.8424443955660776,-0.12620945730860034,0.19951605218940308,-0.03430891562154661,0.16612729545010957,0.7035986573639222,0.42078418506141985,0.28595402169729695,0.34692205536804865,0.42417312780874444,0.31301479746345084,0.26205886949871515,0.730134219368224,0.054783681497119555,0.7520062436825554,0.6607826628011315
42,rounds_1_150,26,98,14226084,500,97,6,9,0.5082645902532101,0.12668924368917941,0.20830635537859052,0.14983113179448992,1.2248552323484783,0.7496911503225797,1.2127403152167857,1.426962139060156,1.5197931653702654,-0.06505500305092271,0.33001183270828605,-0.11921113818361646,0.3048897842306535,0.44903690134535135,1.1907754040429643,0.7169525046106061,1.1628052988549598,1.385240394870746,1.4987619100839804,-0.08195076871392204,0.31161255368586294,-0.09702656479248394,0.28175572966120094,0.46275319911124113,0.28595402169729695,0.21862239465341574,0.3435562239483438,0.3414443080573322,0.25046747560352134,0.26644706122479833,0.5956343111575503,-0.36513145932333857,0.6824071750117001,0.2797061647372784
43,rounds_1_150,47,71,14347024,572,547,3,6,0.0049487396164212185,0.20924909298385805,0.07610017108434641,0.312533269628572,1.647272418786665,1.16165691632285,1.764840296614897,2.0432052121498203,2.260812399613114,-0.1065028545196065,0.30575154074531874,-0.09763509347344711,0.25085192853671,0.4907762244479227,1.5984872702660147,1.1328279550272204,1.6371096723274254,1.9697469445556761,2.2282777588443383,-0.13125077564061405,0.26377869489966604,-0.05776155185482651,0.2163279914617638,0.5362167003770416,0.3966523453667464,0.2562447533119519,0.6581813213855576,0.5414946770810062,0.37993217641026805,0.29836396830650436,0.7589573987121471,-0.5507970940271998,0.7345683795247142,-0.1899443447536182
43,rounds_1_150,15,28,14315120,464,556,1,1,0.6909064179730061,0.17390064902137964,0.06811674862995763,0.2510209250031039,1.3443938271424791,0.8628310378087289,1.147004607925527,1.544050998912573,1.5371864040246752,0.004445834297398421,0.29229616160345034,-0.2199288590406022,0.3119745199631703,0.4790038502760924,1.3062665128134963,0.7278935458606384,1.0535236542303053,1.4712938851306754,1.491041179194064,-0.013421719659790998,0.31004890309719735,-0.12912912653123404,0.29482229129428694,0.4929207830576961,0.3169280038010255,0.46283030476921916,0.452847470639207,0.4674012321218106,0.3727612225595123,0.20248130098560368,0.1664943560777963,-0.5648922364845448,0.5317388272432568,0.4846118211379566
44,rounds_1_150,99,76,14498871,533,421,1,2,0.007633962857465999,0.07400178768862546,0.2169980630226847,0.19661381304242903,0.9708607317792199,1.4809981472477134,1.296350825027503,1.8065239249240141,1.9445935968932897,-0.07642836613696269,0.32141801765265016,-0.09207590929280474,0.18705051443223317,0.7257202117589937,0.9230084830483762,1.4412877669312336,1.134176814820216,1.7282200267609171,1.897573155617983,-0.09799280544993594,0.24573944300081751,-0.048269707888285406,0.13826913166761348,0.7743918445882916,0.3003220315635921,0.33945651893457485,0.6271165422151991,0.5247751234096243,0.4234069942747255,0.1931648902796289,0.7804185634189788,-0.45901085209035575,0.6665013355856919,0.09222531835974301
44,rounds_1_150,44,32,14444036,631,318,2,1,0.04290933222824642,0.1939180569902349,0.14057216166651676,0.2640986829602088,1.7165089533652973,1.2120903456855436,1.6703447501256392,2.107062950101468,2.307271249186439,-0.09501771130061853,0.26881656192785874,-0.09008756174479061,0.2239663688350929,0.5379529282445785,1.664545427717163,1.1789043744635899,1.5682885703513385,2.0407588709545323,2.2722923850443197,-0.11345461601815376,0.23225723172427012,-0.06715045766716769,0.1912869048285749,0.5657514686020709,0.4178358326084399,0.2806645907030156,0.5738739532202013,0.5227597268202512,0.3980317969138841,0.23859513942483623,0.6839583419916873,-0.3606398110007032,0.6823373620092674,0.13640944164879196
45,rounds_1_150,95,5,14594886,502,407,2,9,0.1610532211025183,0.3935901466249065,0.263783361369537,0.4399374690668827,3.495553008659692,1.7954693756169773,2.6523103502606227,3.9281423729549125,4.3023572132077055,-0.09526509090639013,0.19546081801816523,-0.03469307446980001,0.1650910915278653,0.5406278621358972,3.402742786902281,1.741392507577131,2.5353899537955997,3.8237610722715134,4.240168265017902,-0.10889989852295368,0.16506881456887065,-0.025156152731283896,0.13720650932289963,0.5519381112887204,0.7972723280003139,0.4359487020856848,0.7768619450962324,0.8963297703859135,0.7245029807960365,0.19170041570291396,0.6247358142506089,-0.15963982352104744,0.6030979809867999,0.3767688050531014
45,rounds_1_150,42,95,14542045,216,502,9,2,0.2044032498063547,0.2974040720798075,0.3935901466249065,0.8349907255172729,1.4279891741892656,3.495553008659692,1.1228319059233594,3.7893268643173834,3.8334300153260745,-0.011638782450781315,0.11286308254520758,-0.07167491688754934,0.02542495925664434,0.9502091438253539,1.390010365955314,3.402742786902281,0.9614469598245524,3.6867367575933985,3.7392369316327376,-0.014240282800557225,0.0701294512527739,-0.05304361190434854,0.010957197313735616,0.961337938516091,0.32605653098363596,0.7972723280003139,0.5794466157105383,0.8727387544821249,0.8413886844575231,0.03592148264712347,0.4610759117039445,-0.2329901667880442,0.2724760433524563,0.761614161548747
46,rounds_1_150,80,61,14679934,812,531,7,8,0.045286181192408015,0.18125144528663334,0.08138007352721285,0.2710487659527537,1.765143528561963,1.0302927769555728,1.8359386313245734,2.0590664340620526,2.2629581721198826,-0.09902144713980876,0.2945580396832274,-0.15339234478983912,0.2665218871389103,0.3814666957091207,1.7151565447688109,0.9627447270521748,1.6763930184286104,1.975029243590026,2.2115817522771666,-0.11977164867551893,0.27067372035106924,-0.08160678387884124,0.23843610499356108,0.4431479912297971,0.4157419496092171,0.3662801661840906,0.7474334739681395,0.580789871305237,0.4777247214295181,0.1774568651551991,0.5656994858501959,-0.5774599174907972,0.6295594010341391,-0.10645597132119347
46,rounds_1_150,99,61,14698877,533,531,1,8,0.0026682172260177836,0.05462083026597446,0.08138007352721285,0.19869645890060134,0.8089732202889541,1.0302927769555728,1.1962716323540479,1.3273313830592297,1.4561616993713302,-0.09705964761804453,0.31504951178402457,-0.1877015622196592,0.24463110381297204,0.5655427299387509,0.7530454899981306,0.9627447270521748,0.9752804087110957,1.2274618279731306,1.391185834858217,-0.1333841942404339,0.2583271071073756,-0.07614375960199331,0.1848624483021016,0.674515659631386,0.2950330257398884,0.3662801661840906,0.6920584804624408,0.5043142042524942,0.429193523905927,0.14895610655645264,0.5629205324347749,-0.6296101069390095,0.6150364731840193,-0.128098936285938
47,rounds_1_150,23,22,14723108,1077,516,9,6,0.017917703369827676,0.05196703511279669,0.12111976930702274,0.12288570281816646,1.1899654353626787,1.4741240188673026,1.3405094807929014,1.9127067291778665,2.0104104837760217,-0.05108140893097124,0.301507485487671,-0.11430652903468587,0.19993513127640217,0.7042144697439378,1.1065951865340076,1.4313143307294853,1.1141386555884165,1.8163025081562985,1.9584565758037575,-0.07826563417112586,0.20395239067250012,-0.0632732760398722,0.12268725759305572,0.7743730361547339,0.4368586478387688,0.35135525302286363,0.7446917708895001,0.5982679401492883,0.4525341185160236,0.24359289852118626,0.7043993316926881,-0.4765611506512289,0.7249531503311906,-0.005400825456332832
47,rounds_1_150,28,85,14728093,556,450,1,9,0.11216626534713321,0.04429016978247091,0.1537354967246453,0.07996339133205765,0.7065097559403672,1.3139541362429852,1.084540137687797,1.4970301953409406,1.6096220685010934,-0.07521015508609064,0.44597820085377105,-0.05017152399730137,0.2845677006369296,0.7581944407130916,0.5994436725155903,1.2862105679527078,0.9487851531155166,1.4213930248560345,1.5821528703001404,-0.11310020707354207,0.30863925192739644,-0.02715261428948442,0.1821034628379876,0.799056032935723,0.37350455289204737,0.2674337931205478,0.52483550721643,0.468882998144438,0.29458722226900763,0.37172551908512386,0.8463953539783167,-0.2731814111443554,0.8317226081750321,0.2386241736106762
48,rounds_1_150,71,96,14870967,547,181,6,9,0.39068872313454134,0.03720194712408226,0.1574702493613586,0.09448377375744961,0.8600319474138232,1.039877823822761,1.2811606291594868,1.3346248768428104,1.6206013951346971,-0.21427482976969014,0.28627761732558527,-0.062069222832539656,0.24381011436912534,0.600535909418091,0.8261223243440943,1.0175038197779127,1.246961741907112,1.3016284345911642,1.6010197956052359,-0.23001292308746257,0.25951802254707573,-0.05958616720449629,0.21633968198329037,0.6039442086229889,0.23851415956873398,0.21363523846994564,0.2929364953362041,0.29376428064803717,0.24932136708296332,0.1512876700565291,0.6861703748367007,-0.11236004981934329,0.6859808528500431,0.5274673798968309
48,rounds_1_150,68,59,14867976,611,272,4,3,0.4119510265567577,0.1559762908109965,0.20288083938260873,0.2292499442656453,1.7565192437412158,1.3426729964946404,1.9277842171955453,2.1951580055983024,2.5877123615605186,-0.17882738051706815,0.22995125090829055,-0.054377195387231035,0.20233228246027543,0.5408779226928144,1.7137600075496886,1.316251982547414,1.8811138268255139,2.1496337205431737,2.5562427784676287,-0.18915271659476574,0.21007264623981967,-0.054660753780132375,0.18305480181633849,0.5426387617113315,0.3837450129062626,0.26384983776049564,0.4199731338153043,0.44277252972111786,0.3995430717532348,0.09763355914404026,0.6271715544374263,-0.047997039522987534,0.5988729502809886,0.5023174877294047
49,rounds_1_150,45,65,14945048,288,1447,1,8,0.19056251430616972,0.15331612643009673,0.07240252937792382,0.43703506312643486,1.058283590314804,1.8061615101898603,1.375202891012801,2.0745901889862814,2.2935300907080953,-0.10553404854806314,0.19006602617063326,-0.07681663090262933,0.13658106436796147,0.7784689757747335,1.0106069633506443,1.7573098151200561,1.2792616157259051,2.0166060444841882,2.2481863689616,-0.11483667080678894,0.15966871527447452,-0.05249395991258518,0.10639652875215777,0.7977558790483605,0.3133510600808703,0.41589214411447084,0.5037552477252175,0.4854614179225908,0.4518930433964758,0.06914735813561113,0.4435426043778054,-0.3465417335035228,0.5278139525855355,0.4548115280347284
49,rounds_1_150,65,44,14964988,1447,631,8,2,0.05034185257646015,0.07240252937792382,0.10611545555651761,0.13054039983102925,1.8061615101898603,1.6593808405113477,1.798537937819775,2.4600803075733406,2.723060107015776,-0.10689886774543655,0.19064637369231988,-0.10606059224257348,0.14383562453916188,0.6346334337061735,1.7573098151200561,1.62568373740216,1.668986653127767,2.3960094213200787,2.679950193126583,-0.11850569921802201,0.1566870813018217,-0.07834552656114142,0.11565632558075449,0.6683359104683597,0.41589214411447084,0.33119710210369296,0.669228762038077,0.555866470604242,0.4800951602566367,0.1363120719716011,0.5729382754814197,-0.4679406665095086,0.5944985623432864,0.030483973579819697
50,rounds_1_150,51,76,15051033,260,421,5,2,0.06662618692750377,0.15970897651277483,0.2374964141804311,0.37964797439053655,1.3591145924700543,1.688768493038121,1.452249197183373,2.1759525889625517,2.3499104416241248,-0.07994560798060046,0.24019652124529994,-0.0761528094125068,0.1567418598063929,0.7368351901452287,1.3159318882595883,1.650748881225049,1.3559599180287827,2.1138278621044293,2.3104113785660663,-0.09299882927360392,0.20244328609624204,-0.05504839471439513,0.12998978589489857,0.7585531156749529,0.3388333668125794,0.35477015639971354,0.5190648094431057,0.5144211586673747,0.4267227805966281,0.1704797257910856,0.6401308955976184,-0.3442792083490081,0.5730125659624706,0.3397905676197008
50,rounds_1_150,89,76,15088919,533,421,0,2,0.02096213611973086,0.1278888975905085,0.2374964141804311,0.18497345391449266,1.1749483500872882,1.688768493038121,1.251202573073903,2.06238891065727,2.163865905673997,-0.04920361746145496,0.29288658245062316,-0.0651909982189245,0.17567089381611173,0.7897103269958494,1.0632079035271398,1.650748881225049,1.081565935810868,1.965521921192113,2.11988155730341,-0.07853366296605624,0.1693469351123025,-0.041920562876091444,0.09272742966631582,0.8295754409739599,0.499478002099185,0.35477015639971354,0.6284072045695345,0.6232244407288655,0.43214849597727195,0.3065925086765353,0.7503554669622131,-0.281500448083803,0.7292176605729257,0.2829300612164363
51,rounds_1_150,34,90,15134087,515,323,2,1,0.18689149272225627,0.1644110704708675,0.11529603379645519,0.2434229805642231,1.3808548584050768,0.9643622383888037,1.4660375032850301,1.6933138270921522,1.8641814608739398,-0.10090724533633,0.3047443590315637,-0.10877325196783526,0.2617079648836865,0.48346756832304605,1.3267248777254026,0.9228521610995265,1.3225927111637377,1.6211323539223987,1.8188348404531516,-0.12195332851904617,0.26477563639053625,-0.05732993721489602,0.21933426757333352,0.5399401384864176,0.3818947386153187,0.2791798455799968,0.6315459456226182,0.4879199998409387,0.4071206061138074,0.16559967567115874,0.6300268516975024,-0.4743335210588698,0.6815710546335161,-0.036637896414546615
51,rounds_1_150,17,34,15117138,828,515,6,2,0.00593148345884605,0.06220737406881252,0.1644110704708675,0.1656355917782468,1.1172451970997341,1.3808548584050768,1.2202802615674242,1.7960429642370956,1.8699638835429815,-0.041157656458004066,0.2917130157322779,-0.1254203601688904,0.18807672253100988,0.7120659061955559,1.0349017829503813,1.3267248777254026,0.9839670058242699,1.6904863316288015,1.8069807245454033,-0.06891176269041943,0.18394276296768083,-0.07129114430084108,0.10547815756959644,0.7880965506141426,0.4202350023889285,0.3818947386153187,0.7210634721144396,0.6055393893012446,0.4800007996978705,0.20731696702379332,0.6931811017798984,-0.42873104547924107,0.6822370820764797,0.11099077642067688
52,rounds_1_150,59,8,15259015,272,157,3,2,0.22847013620426607,0.174459301509584,0.5508023204281927,0.35408009667880835,1.0347639440358967,2.2917032062523375,1.0829388456416078,2.518017427137463,2.594054449417053,-0.03019717872486316,0.20956800648971663,-0.06333610316884312,0.0883377199060968,0.8993544723964159,0.9941851993056583,2.216138234829303,0.9935742226361304,2.429665363702159,2.5223028330853317,-0.03812766596055761,0.15800190699364658,-0.0491177154643565,0.06509791180859124,0.9092216563689787,0.28613268054528646,0.5822326110175194,0.430213475558982,0.6596128791379102,0.6042233316176404,0.08397281082907582,0.6386309332673542,-0.19533837197962825,0.3827720774312513,0.7631023382934794
52,rounds_1_150,99,78,15298895,533,510,1,4,0.112189626729258,0.0178186241611415,0.16322428051128307,0.19305525529198347,0.46934365913785026,1.5344935008003189,1.1006544789037456,1.6109985375679055,1.7262356014075575,-0.07153145155154728,0.20757956061960559,-0.18129701764266598,0.12031685380183439,0.77674877893444,0.42248624093902326,1.4526138025433282,0.8428692426292992,1.5142453012947201,1.6400614588998386,-0.08308835926222935,0.12524790475424513,-0.09162478377222298,0.06231828282801572,0.8536102575648258,0.20412374686600063,0.4935732561249426,0.7070561996972632,0.5488709742911791,0.5374543502400041,0.020800196377515956,0.4330422158113196,-0.554941300362715,0.4474378610272935,0.16955877395480248
53,rounds_1_150,62,57,15362009,558,783,6,4,0.0407678337806132,0.10430331006646157,0.12101556774432538,0.2555869282960581,1.5172561928658828,1.2763675805242995,1.7931096577052705,1.9845049387669966,2.367027965605186,-0.19275488781391314,0.20154584473268541,-0.09919021316046943,0.17136397005370171,0.5242698871487508,1.4652901515903083,1.2052626697016997,1.6654849137382663,1.8966957174674035,2.3107853725092005,-0.2183216059530717,0.1663778999248499,-0.05467469500953092,0.13881737655105775,0.5566148511012077,0.39250552774235575,0.41928170295649253,0.6631830287569057,0.5824474883678815,0.5110061407590691,0.12265714770099423,0.5452712690848287,-0.42087607360868945,0.5660636952748622,0.22691319889271433
53,rounds_1_150,74,57,15373973,285,783,9,4,0.0032965921690007835,0.1963002693063269,0.12101556774432538,0.5047169527504594,0.9257226108108129,1.2763675805242995,1.2182247905168258,1.597326943284431,1.637878223335896,-0.02538696302717036,0.3735564698574564,-0.16410419953769245,0.2601841557493925,0.6672209841087111,0.8193791492833009,1.2052626697016997,0.8813270009702013,1.4671074807064197,1.549518253092795,-0.05617228012953346,0.2519895593510907,-0.07728588653921824,0.1424949602439856,0.791289968979726,0.4302790521836301,0.41928170295649253,0.8401466841604021,0.6307184286493136,0.5297124484885024,0.1601443299779839,0.660718288989163,-0.4902099238346646,0.6995062360275374,0.010150656948702094
54,rounds_1_150,84,92,15483946,417,201,0,0,0.6970436187799391,0.11872270807313422,0.9597188872098923,0.42687752540740703,1.2145536436063034,5.0466294651369665,1.1926422962134153,5.179148553773462,5.1928041065012485,-0.0026366404798017218,0.1206165197796044,-0.07736794749080282,0.037932007559824024,0.9723863329170243,1.1695312008467047,4.8331734176878065,0.9892718013877323,4.963833727605537,4.989915182717755,-0.005254296687491777,0.09163259987392651,-0.05302042814172674,0.026251626160727314,0.9793105636701009,0.3267217948842387,1.4503292072934297,0.6655290269955191,1.4758057786107266,1.4351659558518548,0.027537378798671464,0.31528759044567933,-0.21969555759846487,0.17786189578180261,0.89519155158528
54,rounds_1_150,48,76,15448054,527,421,3,2,0.38687687807854687,0.09848033229989761,0.13608491293465097,0.1650526110104031,1.227473051191201,1.3533657201962044,1.3707198372617795,1.8276225190786766,1.9868129583213106,-0.0871024719715554,0.3104899989593104,-0.06113975533159253,0.2276057935569135,0.6802007919416688,1.1815703761286913,1.3290354836236655,1.29816067471561,1.7759338614463342,1.9626503881911619,-0.10513709479741795,0.2683523110300365,-0.047508076299193645,0.1941132891045125,0.698971831911256,0.3316472106466669,0.25411196071827125,0.43918154201594123,0.4301014386629907,0.3067804934131774,0.2867252563329423,0.758771811463741,-0.2809919143742276,0.7195352331211392,0.29619084319930905
55,rounds_1_150,62,58,15562015,558,949,6,7,0.03729195506884182,0.11090584926423616,0.03798694922098596,0.2252221892044569,1.5027189887745385,0.9306264450036379,1.927033379877422,1.7705080652587037,2.2377091043410733,-0.2638796446341536,0.24626180084189014,-0.11558537994623105,0.23082436928104266,0.34686495649373983,1.4505585632556077,0.882411032431946,1.8194612004773596,1.6991236334870876,2.1966948310170653,-0.2928399015372527,0.21481215573457643,-0.07415465486921088,0.1984196626556608,0.38090766262527453,0.3913386741796956,0.29502223864863925,0.6335846626271966,0.4963804871337254,0.42456646570324613,0.14467535145299237,0.587888221840744,-0.4708850704600053,0.6521873820756251,-0.005945596696378085
55,rounds_1_150,31,86,15531108,339,659,0,5,0.42186944736628224,0.19969985469111373,0.13098707560982023,0.3850121242659433,1.221309475539758,1.4741236372769653,1.4030553296486656,1.892311466869375,2.104621633969849,-0.11219620597222191,0.20048346022456945,-0.10465037564318434,0.16387700088351578,0.6892159544120356,1.1928848537295476,1.4153793593252633,1.3341150742754022,1.8370491533560387,2.0679777179844754,-0.12570625244651823,0.1927297821559753,-0.07007514174729149,0.14858944048524347,0.7047185738246117,0.26091164912299974,0.41090918938255805,0.4334476306561528,0.4524890009868317,0.38905630920673806,0.14018615179983052,0.32451959555679094,-0.471224922289708,0.46554784825495166,0.4755272058670934
56,rounds_1_150,20,41,15620144,807,485,7,1,0.19990383233912648,0.0805037782421363,0.12026164700277149,0.1485449587659198,1.292516179843285,1.2004714584015452,1.4701738201191876,1.770569161300556,1.9279804864837966,-0.0889043639885918,0.3544357250907826,-0.06578363722133584,0.27895170208672904,0.6012250554198643,1.2461712212647393,1.1775936094100468,1.3963147081910643,1.716311277054918,1.9021431315598731,-0.10827398094349805,0.31605271292700515,-0.053937338842050285,0.24692642578966717,0.6201748178015147,0.34202432069918187,0.23214126480537603,0.4592376661389164,0.4335972260428888,0.31257372967677854,0.2791150152656635,0.7845782346113854,-0.2567130582375685,0.7314965813432772,0.24927993836993895
56,rounds_1_150,41,74,15641081,485,285,1,9,0.021933032564949557,0.12026164700277149,0.162962879112456,0.2834962931741029,1.2004714584015452,0.961750025940064,1.2875583367948131,1.5486858172281683,1.5823282030617487,-0.021723183268891333,0.2962305559919391,-0.2570917351625046,0.26375975766744586,0.45213271411463973,1.1775936094100468,0.8797005577269817,1.0823546040379601,1.467259179889036,1.5173876093408483,-0.0341646725669853,0.3038404898189513,-0.1298860846039745,0.25489865474633866,0.5672073481023135,0.23214126480537603,0.38814568131497956,0.6967372585609706,0.49458862852551344,0.44765015722639406,0.09490406489743641,0.43552001492012166,-0.7188159082386445,0.43662278529658827,-0.2265811712151292
57,rounds_1_150,97,89,15796916,481,533,8,0,0.5582269187459578,0.18149079440627247,0.09849327897166156,0.28742831291630866,1.5511276342458298,1.1427288747989883,1.3323297557881975,1.89410330752189,1.9936637850619159,-0.05256338297106078,0.22767515133254493,-0.14679933923548913,0.2115750821565291,0.5835979478185028,1.5172612974364301,1.0666804230895874,1.2568245775933682,1.8366876244079198,1.9559626106645034,-0.06494026783407625,0.22560633084734674,-0.09950849120850301,0.19512155318567873,0.6015017029466148,0.32098662215669016,0.40922212684064674,0.44133712406834746,0.4614377330389393,0.38414390942220294,0.1675065086413594,0.28326982955215546,-0.49798979419506306,0.5027518918839917,0.44361451103625127
57,rounds_1_150,16,38,15716159,561,121,8,7,0.10121215679656716,0.06634360626339912,0.09467363289246956,0.12118207520397846,0.9871540815729778,0.6910733826665655,1.2646645860011876,1.2209630198653434,1.3653191488407814,-0.11823136870382744,0.4079388945504048,-0.11869527763825306,0.36298525679124255,0.39564626807494485,0.9340159499230762,0.6689425502845513,1.1688154649017997,1.156793554570073,1.3437621876825985,-0.1616266207344259,0.3488146814459221,-0.08761522856626251,0.30729925100941136,0.4375345683873626,0.31883274326504735,0.17293926211031801,0.48214341606845484,0.38973385702728697,0.24037984793321357,0.3832205142075108,0.8336843221620294,-0.4213114969100524,0.8443285181471684,-0.06888654706444401
58,rounds_1_150,41,34,15841087,485,515,1,2,0.22225989416886585,0.07083765032934025,0.1708287035601891,0.2599468846898526,1.13317699048516,1.6895358853525426,1.3155025281706167,2.0183305864755794,2.166001642047036,-0.07316494956820763,0.16275924427119787,-0.14114006742133947,0.12203439312814718,0.7559419035500207,1.1080180356806975,1.632276311799675,1.2202867620699396,1.961237799419124,2.1240704007345093,-0.08302542474125918,0.15436344669269159,-0.1020282279737733,0.10793668452188555,0.7789244658229757,0.2363992832708213,0.4348231812426149,0.49045819334262775,0.47503067679194544,0.4222734240773361,0.1110607278479323,0.29126515020878263,-0.5166111496100328,0.4015134033810949,0.3966372074320666
58,rounds_1_150,59,41,15859033,272,485,3,1,0.4325653179788512,0.15623124381527304,0.07083765032934025,0.3160515455684314,1.2941541369343985,1.13317699048516,1.5614503377141062,1.7177273621746734,2.0356872792417207,-0.18510499632753374,0.23605114094892557,-0.08214299451359025,0.2007102363050106,0.5424820283761342,1.2709539459394308,1.1080180356806975,1.5195564624295068,1.6850568314184506,2.0137643409554538,-0.19507206131457488,0.2242530259713487,-0.06741952392828553,0.1880900961293911,0.552734126599573,0.24273273182668037,0.2363992832708213,0.3579604424287459,0.331867269885972,0.2955717217514749,0.10936766420794697,0.5029377071123421,-0.3752570447170766,0.5463031167859735,0.29403189591027756
59,rounds_1_150,34,43,15934111,515,30,2,9,0.034676920992462106,0.10630549950398166,0.6609205840155482,0.17643892496866598,1.4183126097159193,1.0120994646839963,1.1852161687658544,1.7651889805648024,1.8059940484808896,-0.02311654353463677,0.24537165956205262,-0.18093019089878332,0.18594550248949468,0.5647342871161202,1.3916417624845006,0.9706133469707708,1.0279255203675595,1.7059321799197869,1.7612419670223667,-0.03242203163386037,0.22198792390918323,-0.11513919534491789,0.16307079144115494,0.6407837605034393,0.27233505618260795,0.2859790790928557,0.5893577097231475,0.45212367807818066,0.39817456820853686,0.11932378790458964,0.5898786334214582,-0.6047710692304141,0.544999227518263,-0.1484286393911889
59,rounds_1_150,17,93,15917162,828,668,6,8,0.020911094979700506,0.0638017155627227,0.11558112130899514,0.12305986583575278,1.058608111561829,1.6383316664613425,1.3343708226225075,1.9383498463219777,2.079884792197603,-0.073018266616931,0.2865352945001177,-0.09201580755025045,0.20084952222025484,0.7519358458122288,0.9641502250913312,1.5952182561882464,1.1789312822977593,1.8540792663879184,2.038355811006772,-0.09938978767496698,0.19759644067585236,-0.059392100886844296,0.13080195231136393,0.7917149641656699,0.4364538628004924,0.37196151708081215,0.6242634447791982,0.5639415611559133,0.41175212157139257,0.2698673941898828,0.6599910973176145,-0.3844710606268257,0.7178701680105359,0.22319287729465656
60,rounds_1_150,32,75,16032120,318,599,1,0,0.31797893953111017,0.10094625014878278,0.027846076355005304,0.18147883634748205,1.032351203292082,0.7012216209975572,1.4707388154288243,1.2197987770775882,1.5665828366764285,-0.28429612007783,0.36536525093208017,-0.042333350009138807,0.3563824962895669,0.3987690992446647,0.9947783906697821,0.6732155505149944,1.4365511151933779,1.1804109178262392,1.5485554185541024,-0.3118782579593655,0.34913962509969,-0.0316144397412556,0.33591284197260995,0.4006168123648592,0.2751983491800737,0.19564415539179797,0.31392555292193314,0.30653257854889976,0.23519581325487973,0.23272164293832143,0.6429770791215034,-0.212467394553544,0.7160552635460342,0.3875053679320308
60,rounds_1_150,35,27,16035111,307,244,2,3,0.6563323223784752,0.4390375058565821,0.2265735618211329,0.48766387456229754,2.330896189212673,1.2060552584452777,2.475258882015923,2.6049104120671105,3.239485816117094,-0.24360738131735604,0.19583270848363268,-0.026539185767639382,0.18595390697926045,0.41855556137136884,2.259091368097156,1.1843303655319524,2.402554477930838,2.53961438458995,3.1975569190204998,-0.2590718254010764,0.16813590661991726,-0.030293162339014457,0.15737835048183227,0.42005078795720346,0.5724370937025715,0.2267937983202064,0.5937856430640057,0.5775655628397823,0.5164100601046812,0.10588495344911308,0.6375582961386816,0.051736521770479785,0.6471055721869308,0.3983257582670719
61,rounds_1_150,65,68,16165024,1447,611,8,4,0.06512293644059486,0.05698618682960434,0.1280410543585626,0.12823633797233924,1.8514513564955752,2.0611637145763253,1.7001331312441506,2.778559693413029,2.9917614357348463,-0.07673102824720379,0.15490907210357893,-0.09773714319148394,0.09897853405376429,0.7459315530079106,1.8104418191949443,2.0287601886045024,1.5913578116507092,2.721975383549666,2.952827208558787,-0.08481040144752261,0.12398492203196546,-0.07866928688934591,0.07788676407464099,0.7681978286012286,0.3859009654352497,0.3619893805419599,0.5972634240529979,0.5553867051923402,0.47812703827925107,0.13910968013959346,0.5642820798275926,-0.40807927984112224,0.5378661653097074,0.2119533240208471
61,rounds_1_150,15,7,16115174,464,1017,1,7,0.27002631134872873,0.15445709745399655,0.12247367600378181,0.25752090477384626,1.3403199650830673,1.5579747188168465,1.5908381790772694,2.047520719198431,2.3216989442390585,-0.13390742397369415,0.22132821099291358,-0.07847028544608253,0.17020110587303555,0.6704629289310209,1.3076051669301663,1.5176992086925354,1.5242006445791678,1.9967780169163887,2.2855932938459653,-0.1446406533339104,0.20435677613302194,-0.058744714565815176,0.15404707952009733,0.6843720529071057,0.2932661146075603,0.35065725495765304,0.45447594246202916,0.45131465669613874,0.40568430528837024,0.10110540557624859,0.48320380710275096,-0.36660564088900904,0.4957323751821645,0.39909642315059396
62,rounds_1_150,93,30,16292943,668,516,8,1,0.07210130487267324,0.05113741554419643,0.09327452554769644,0.21055901069526695,1.4552798822363844,1.0481276023533803,1.2998064548595076,1.8079092745242347,1.9134809025850603,-0.058394317429787845,0.16644816850253913,-0.244766926410875,0.1362533758945812,0.5012155397895329,1.4351257289834536,0.9538343118178184,1.1005963306375748,1.7289337975347798,1.841528070464456,-0.06512353051934094,0.16483469000434584,-0.13745074280004707,0.1289118358438978,0.5928581044958179,0.23984421247571158,0.4338281939252584,0.6906773283045015,0.527192157320732,0.5184761583397353,0.01653286920141739,0.32806832336589936,-0.6298605808952646,0.29725386706928886,-0.0022410584101980814
62,rounds_1_150,30,67,16230132,516,311,1,0,0.007192381251968709,0.09327452554769644,0.07691090402326413,0.18939562893938272,1.0481276023533803,1.230395369496288,1.4729884779516802,1.6178604060623136,1.893693170148411,-0.17049231383160102,0.29091177034186605,-0.08354525817555691,0.2317485148798744,0.6022444649314274,0.9538343118178184,1.202988132379024,1.3489273763685885,1.5381698410506792,1.8612737921424078,-0.2100573957886378,0.2052552891435943,-0.05948155905927417,0.15523767225934273,0.6403984712019031,0.4338281939252584,0.2571694397374433,0.5907446070796255,0.500437785083195,0.3470778572116832,0.30645153592072705,0.720678535846696,-0.36058347973950533,0.7783304268249454,0.07988259260509989
63,rounds_1_150,0,9,16300225,574,387,4,4,0.75187345276114,0.1679160698549822,0.0627348355250433,0.17543818903892922,1.4626902576527496,0.8853771960615946,1.6160721100169113,1.6798315919170002,1.9622257190701475,-0.16810859404714673,0.30952244305805615,-0.04189417277186769,0.29555101329011096,0.45178109262576216,1.4087803620771202,0.8556097229397718,1.5746398622912496,1.630708351198174,1.9388126778629027,-0.1889389518599982,0.2895378103204459,-0.03530446461073497,0.2698247707583252,0.45318037662778465,0.3923829101307275,0.2269554893738199,0.3622603600889487,0.40196578254289045,0.300170157738512,0.2532445029534738,0.6261157100857833,-0.1502656953565297,0.7112687680308424,0.4339768851640901
63,rounds_1_150,63,89,16363036,560,533,5,0,0.11314623804731513,0.19658227799227462,0.08072674997648309,0.3378252410252268,2.1238542209300224,1.1498631916433935,2.1193110509943356,2.4027283113438265,2.819476223208951,-0.17344778845679842,0.19966393583216593,-0.10622408676922492,0.18999642270210362,0.40183567107055157,2.0770880244403815,1.0826209687046924,2.0079254716883033,2.3310745399739132,2.772049637281352,-0.1891724566269657,0.18263547444354755,-0.05934274084938056,0.17057487005141078,0.43322783276703547,0.4412851392531735,0.38669095129370556,0.6764082187609208,0.5804298863308747,0.5123205747139096,0.1173428750326948,0.45706545375938046,-0.49528923902258776,0.5382533226492214,0.08759921070446365
64,rounds_1_150,22,29,16422162,516,342,6,9,0.012050717735741824,0.11553619651293212,0.12398952371108213,0.25552510274362494,1.4944865738514377,1.0238912959515383,1.544789576839312,1.837453298303979,1.9828765029965072,-0.07914389161714097,0.2853397126405414,-0.16226288775675068,0.23941356881051468,0.45238768894315073,1.4583468699675277,0.9674588486602369,1.368292803194315,1.7636870173664052,1.9314662629393364,-0.09512982968115558,0.25512572515244863,-0.08841291363144724,0.20735662743217884,0.5275989629434736,0.32524545963551926,0.33453204966106515,0.7161042862753314,0.5139445130067092,0.44702657907254983,0.13020458870680807,0.6406928429473235,-0.5816176053713615,0.6585608580722089,-0.13933716618668568
64,rounds_1_150,57,73,16457057,783,564,4,7,0.031332437460059856,0.06454658388029202,0.09762910201097838,0.15313359906722326,1.256828986478262,1.5819373915721968,1.4874583315383163,2.0358530526016976,2.2310876081453057,-0.0958981569392301,0.24417495553090537,-0.09912966253511245,0.1641350415279903,0.6959474627059019,1.199413933640794,1.5489750277126526,1.348102333187289,1.9658335155898907,2.1940927264088903,-0.11611319524710906,0.1808248196037363,-0.06778048610812419,0.11732156932649936,0.7349227664071509,0.3746219418129663,0.31975715777563174,0.6278189845836548,0.5277827786240082,0.4025227662287123,0.23733251153412682,0.6963968662329781,-0.4560630531580105,0.6953498713471021,0.059729510030874663
65,rounds_1_150,61,16,16561048,531,561,8,8,0.9144299448887543,0.07536910533566367,0.13565806376670178,0.07315815872279927,1.119019945826462,1.772763330492815,1.0413103543876554,2.025120378854375,2.1530709282437406,-0.0631817005672266,0.184661411572879,-0.03233295085657834,0.15964505270091592,0.8580781231617818,1.0519441497643436,1.728151611684958,1.0148872286375958,1.9829197414330362,2.1179047935476953,-0.06807388584325991,0.15666022366994853,-0.040465646842996805,0.11967965501483374,0.8570879165119112,0.380853003747484,0.3937150360206787,0.23216734246697535,0.40944320089597674,0.3855221930792671,0.058423263017590155,0.5402898967043285,0.12377819300663435,0.6219609509456795,0.8779362523263051
65,rounds_1_150,31,0,16531138,339,574,0,4,0.061869241135109686,0.19603660259661929,0.12551136988331563,0.3982636352468814,1.4065566186774991,1.4723411107438131,1.4161613956687258,2.0447305026076057,2.1775538975743554,-0.06495887589947058,0.26305566610246606,-0.09513527129407284,0.18534189711827886,0.6883065484160353,1.3783716064786853,1.4335690819418978,1.3054393528547983,1.988660240565603,2.1390040681808054,-0.07560055988872305,0.24285651608296432,-0.05600520346822736,0.16832207212028472,0.7220893534033024,0.2788776896185419,0.33445058344835193,0.5481184529059121,0.4739626923909844,0.40602551110777024,0.14333866857851962,0.5674679607302288,-0.5093148686788971,0.5227499844250975,0.116408420298073
66,rounds_1_150,53,51,16653075,434,260,5,5,0.7971132499590139,0.0975178896346026,0.19250029420945794,0.11375042810104788,1.0017999540334348,1.4618861364331712,0.8558366806233151,1.7188335713934255,1.7855302864572173,-0.03880347473648782,0.1988289990145855,-0.06305630007220912,0.15980601271535802,0.8549693479197417,0.96121083389927,1.4203972428416505,0.8215517423920174,1.6880728434453018,1.7611737879919527,-0.043304378025212475,0.1850499661907457,-0.0559339213182131,0.12483663226276227,0.858703649754777,0.2815363435871211,0.34453760916884824,0.23923592458293014,0.3220495870567291,0.2920286138969795,0.09321848052691772,0.3602234715187392,-0.16465937146377668,0.6573560104418477,0.7910635995565369
66,rounds_1_150,28,53,16628150,556,434,1,5,0.010317470132282696,0.04596072862429234,0.0975178896346026,0.12631284738575535,0.7441831103270112,1.0017999540334348,1.008139262636905,1.27407114844397,1.2901973497421035,-0.012657221943867647,0.4823904845530541,-0.12434992921689558,0.3324003764532993,0.6589996141364898,0.6304922616997128,0.96121083389927,0.7924603255474152,1.1637715647817757,1.2446244918442082,-0.06947491200955191,0.3290150105659202,-0.06858761111358351,0.19501978725553612,0.7537726824864589,0.39487974716357865,0.2815363435871211,0.6225662456562222,0.5177267356396941,0.33900579071623965,0.345203236805281,0.8019749810519368,-0.417605533354107,0.8085083043318306,0.038066685581109955
67,rounds_1_150,96,28,16795949,181,556,9,1,0.027357638778401795,0.16878104322822765,0.044035089595369455,0.6040295909158886,0.9764542572136211,0.763796570403971,1.0974218949450525,1.2294260592932946,1.235248055185945,-0.0047355396842629904,0.3256589732799702,-0.293510239685514,0.3253784225269312,0.38803549242285074,0.9318902118502669,0.6654323006475718,0.819229333916359,1.1271574999148752,1.1433502146480385,-0.014365973463678516,0.31360246709441203,-0.14266275970257686,0.2847554112907668,0.5603393540212596,0.29095975307730376,0.3744723379878608,0.7295548809384954,0.49018297987227416,0.46683562444799764,0.047629877786372954,0.5152558270147263,-0.614657093254616,0.6023023403928752,-0.12746222208621935
67,rounds_1_150,4,73,16704225,287,564,0,7,0.0447192323002,0.1616660227960286,0.16587590284955997,0.39607871004069845,1.1879932476923705,2.240157736497139,1.3253917652604548,2.531456270837382,2.6672871535677762,-0.05365721079016028,0.22846524287846515,-0.05574956439141554,0.1228280544861726,0.8533694226914602,1.1222593141030124,2.206959368078776,1.1808420084205404,2.4724125059282653,2.6215763446882536,-0.06033129115886937,0.16695061259543945,-0.036848460546950415,0.08312768187318406,0.8778993306819043,0.38888754649395313,0.38174505957590477,0.6010823233904999,0.5412292094074835,0.4890275363737726,0.09645021393220676,0.5911894041915022,-0.30222230002913836,0.5940632876762887,0.3296804100582405
68,rounds_1_150,70,38,16870030,605,121,7,7,0.7341493242913637,0.17938422740866933,0.19319614375320573,0.20500516487428774,2.2829971302646817,0.9915881921781792,2.1540448996704686,2.4730657540808116,2.828109651287529,-0.14356427710054143,0.2565243076075877,-0.054953087379826356,0.24552064599431403,0.37617674801853396,2.2370584167875247,0.9578105027918314,2.093131545380769,2.427619847444485,2.7923823866394692,-0.15025521379674167,0.241764768420027,-0.053129835109797734,0.227222403560058,0.3754135289515504,0.453363112529392,0.25583229870958646,0.5068541416504949,0.4693861511830404,0.4449414000332745,0.05207812605496642,0.5606069483926897,-0.08332343273116509,0.6200271448722561,0.3894959592724105
68,rounds_1_150,22,57,16822174,516,783,6,4,0.2851213598690754,0.1117461734620685,0.055093588032468686,0.19047456278084693,1.4625372088662756,1.1629381792623321,1.3112724122963861,1.8410684925096947,1.9888636322907478,-0.08027682858207119,0.21682155190070818,-0.10549865952146067,0.19245179334998622,0.6178457098400834,1.4184663473487134,1.1085540659069861,1.2153126980803126,1.785038482357582,1.9551283569741957,-0.09528639090848512,0.19539918337462178,-0.062027149433696145,0.16111330241209434,0.6484296326239722,0.3550452158673512,0.3506784979997988,0.49147905305301753,0.44924426669219125,0.3628451983988295,0.19232091469863943,0.4510775647375889,-0.44760891660507646,0.6285140901544422,0.28502518722690506
69,rounds_1_150,67,60,16967042,311,576,0,8,0.0821575106606332,0.056673003703222743,0.10039367992624951,0.19577540621893214,0.8817633982975628,1.3155074701935483,1.4166526054573416,1.567429403961683,1.877810276714525,-0.1980190444101364,0.19058574761614416,-0.12379871787047447,0.16521951526633208,0.6299107928693073,0.8576354147043982,1.2660618142675972,1.3224254760402232,1.5163522016023039,1.8427951970275915,-0.21528177627884926,0.17453251859729205,-0.07655378390375513,0.14415241733475795,0.6620699822424697,0.20412585988029375,0.3562151233930751,0.5071140338181424,0.39564234925141234,0.3593142972584469,0.09182043343363289,0.3863811907762318,-0.5663094260107681,0.5320568538224512,0.16295577448119797
69,rounds_1_150,46,94,16946105,538,500,0,9,0.04747993865497051,0.09388303594684906,0.1387600137386471,0.1684256420513107,1.0472626892228007,1.0220353016000283,1.084288703693196,1.3890182079509512,1.4203071310770072,-0.02252592726787417,0.32587445686053584,-0.1568775108749132,0.3321606854694551,0.6225736288658732,0.9515213092487542,0.9334874449312186,0.8041331557022999,1.279057986486536,1.3330665026442576,-0.04222522882334556,0.27546561879563264,-0.05595711770478668,0.24676202598830682,0.7419507205965388,0.4367466942746419,0.4154455313951704,0.7267244308703977,0.5408235756175883,0.4893813756898346,0.09511826452648597,0.5008064516523895,-0.4359149031587964,0.6728667414742769,0.1491522078402432
70,rounds_1_150,37,13,17037135,628,282,3,3,0.6818882682578842,0.07463946242709286,0.15994662834176174,0.1042847313076401,1.2038002326263908,1.1751594344253862,1.2802758744731375,1.6474899994156182,1.8201540553395783,-0.10480431200505369,0.2804993768665611,-0.058410191955453175,0.24147995273357617,0.6524552968672676,1.162044967922961,1.1415772742540866,1.2353114641815246,1.6122648162671986,1.7987922933725065,-0.11569282863665431,0.25939561512047393,-0.051418191096337704,0.2098054021170427,0.6580177496545836,0.3133825111550331,0.2779806954325008,0.3352766851869432,0.33741284183675835,0.27602611345077754,0.1819335863205821,0.5684436407248081,-0.1642421886652681,0.7244193000065493,0.5589140541717902
70,rounds_1_150,39,33,17039129,332,964,9,5,0.5206790730747121,0.1866362541581371,0.1516627792478539,0.47622636866622736,1.275626825013146,2.059288256964652,1.4713757913363612,2.399338278067986,2.60558940903538,-0.08596167237138097,0.15324789625519186,-0.0919813666283834,0.11124302619736162,0.7955767674347751,1.253403497168353,2.004900493617653,1.4004153695456798,2.3484401989047528,2.56341306033823,-0.09153857165864165,0.1520600349152223,-0.06614513054824439,0.10262385643351397,0.8074071081288102,0.23589477565187073,0.46837454977989873,0.45038169422766566,0.48940964195703807,0.4642745626419833,0.05135795693469647,0.1944477998607005,-0.43967679085997874,0.3346479453221939,0.5556628636480361
71,rounds_1_150,45,91,17145114,288,378,1,0,0.04113853202376056,0.11853285522665828,0.15004373468109405,0.2852601844429349,0.8794509207653569,1.269836419859522,1.2599435858846706,1.554542803904956,1.7461854314619525,-0.12327909342579502,0.28222758751358795,-0.10295757376400148,0.19958371737107614,0.6729310809423948,0.8502608173342887,1.2337675868233156,1.156400704053376,1.5002663640799523,1.7115970874337731,-0.1408621351605257,0.2446183291114309,-0.062190837178683595,0.17069338101938844,0.7094500598474215,0.2240047192234943,0.2994008104923039,0.49937768115634146,0.40594534811960237,0.3442628459270067,0.15194779907767875,0.6438485472260636,-0.5069996733158683,0.6139422512661218,0.10675754169625992
71,rounds_1_150,95,80,17194964,502,812,2,7,0.053988836005532705,0.31114381837065924,0.1236904764547944,0.35430078997530723,3.231761753182357,2.226338173814235,2.416588292354011,3.9148083679010126,4.192261770270885,-0.07087279281530523,0.19778794948068526,-0.046576946792231746,0.1525877478643519,0.6587801013991166,3.1674846365326887,2.1965085088950604,2.30470097293543,3.8398654010257096,4.149631137713678,-0.08067098826048014,0.1717231079409919,-0.03255251459768967,0.13207908659282683,0.6774513603230635,0.638481924154185,0.36059356851633373,0.7251027611440679,0.7587144428931815,0.5913773724171648,0.22055342697565572,0.6269258683221564,-0.3273925379770839,0.6103147937761763,0.17697895372198807
72,rounds_1_150,94,37,17293970,500,628,9,3,0.0328712447678499,0.1434139259182848,0.07370995505390546,0.24480756332166492,1.0816247200443974,1.1349408748180596,1.1722745670377472,1.5415166754669154,1.573215667269236,-0.02056350885255198,0.3645225839830856,-0.1319439228185384,0.30593303598990357,0.6447968876525242,0.9926961024710312,1.0658182589527025,1.0149827566795135,1.435989884889488,1.522576275813568,-0.06029735434434724,0.2931697992600434,-0.08469345214862141,0.23254027942652597,0.6958406904290684,0.42882461077861883,0.3892958737366428,0.5858279819149554,0.5595918986365324,0.3948609547620005,0.2943769276787339,0.6625765646543441,-0.3672727353010479,0.7240031449412566,0.3044166617192962
72,rounds_1_150,23,61,17223183,1077,531,9,8,0.007866347768288807,0.03875948110508034,0.08955291328443722,0.09675306862442415,1.100032587255677,1.0701154514546936,1.2222181098150573,1.4815059065428844,1.621176435582374,-0.0942760527802502,0.23727612428188566,-0.1614929494384563,0.24374759169703858,0.5862007549666532,1.0262585438918885,0.9954099893314025,1.044345361773803,1.3796151059330244,1.5641154843766585,-0.1337332257744872,0.16367652732615984,-0.0946038389991156,0.1744428454173781,0.6530862858624218,0.395380907210512,0.39212263890512705,0.6342265910594945,0.5389924963225698,0.42524864936298656,0.21103048323609908,0.5716065082695628,-0.45285769295378875,0.6733969339075078,0.1824127160170056
73,rounds_1_150,91,47,17390982,378,572,0,3,0.10941301433773365,0.06568908320041374,0.13038704501814208,0.2725482058944181,0.8061953658560662,1.5650661090745,1.3787454252083753,1.7633336561696171,2.011938177426932,-0.14098552499550387,0.22678050675412084,-0.10618060758325382,0.15535593640783332,0.7190972573539077,0.7775159831801484,1.5301977614003581,1.294949949715268,1.7148649154755042,1.9789357606339393,-0.15398929838459763,0.19729953851467713,-0.07675143839513432,0.13432983291794814,0.7424156309456965,0.2124855456544426,0.32703366975658593,0.47240417080858854,0.40906891401274803,0.3609334105641484,0.11767089064875647,0.5306744019958908,-0.49741374235793256,0.5114902293140795,0.21915986429183226
73,rounds_1_150,83,73,17383006,292,564,2,7,0.6355422143189967,0.18043135039818783,0.05151300999568775,0.24581149357060592,0.9920171989489392,1.087129473243413,1.3067611259265823,1.4082140120447966,1.6730229034734143,-0.18804591430254414,0.28007201865997317,-0.05826844351618153,0.27760273740245617,0.6125593091958565,0.947044913669011,1.0469820211013598,1.2709898416912464,1.3716420873065442,1.6510380762968346,-0.20369452904360252,0.27599822926494844,-0.04000173624002751,0.25386266838042487,0.6171718939461188,0.2945651912346957,0.29184681002264873,0.3025857733339348,0.3176782496441634,0.26861641353880517,0.15443876362424314,0.3441516098032033,-0.3339055546818327,0.6547730396475703,0.5560421268907597
74,rounds_1_150,24,46,17424186,542,538,4,0,0.08787021732117359,0.14748722991313445,0.06056166907894129,0.31547982670705427,1.3660090733512311,1.0944914548425442,1.3186806972308793,1.7716743554329446,1.8683586281193512,-0.054572259506900034,0.24670596950435048,-0.1725879836422043,0.1907620444922079,0.5551321604811391,1.332511700829781,1.0385310883391803,1.152950288577487,1.700191856959166,1.8170804748274219,-0.06875025156120551,0.22266195788370838,-0.0977160014789914,0.16482401593682727,0.6279663259024044,0.29946141076316785,0.3446607785291415,0.6391515214660934,0.4967640840957325,0.4332798555639586,0.12779552822812312,0.5331041729391505,-0.5980381848953118,0.5388559271219038,-0.07315738846315588
74,rounds_1_150,96,60,17495970,181,576,9,8,0.03842790226187276,0.13501216183649375,0.0723970987154947,0.42579262184444816,0.9147130227756302,1.175533228009712,1.340995271851972,1.4923290091393806,1.7287036900899158,-0.15839314219781286,0.2684963313150475,-0.11996079223384672,0.21233285406466157,0.6061693948113431,0.8819328974642331,1.1362318463488206,1.225336453540216,1.4358273165494437,1.6934216375116098,-0.1794048058517319,0.23905509415005582,-0.06417448423060426,0.1837184896083276,0.6541627380912863,0.24196221759716297,0.30049391508290135,0.5439790234529173,0.4056549687333328,0.3459476499333341,0.14718744598750066,0.5382396159787728,-0.6090104595050055,0.6018103323637913,-0.07119224308587092
75,rounds_1_150,54,24,17554099,435,542,5,4,0.3203983450188395,0.04785678259924882,0.12135945198083804,0.22146176063559123,0.8948866047761901,1.3178123624986666,1.3619665796135447,1.6013470346895464,1.85669280394229,-0.1594568595821253,0.2334059272457462,-0.11226891995842672,0.16961978389320487,0.6523674578567825,0.8708519889919742,1.2818959216920716,1.2966681009618046,1.5551670635740509,1.8254008000101813,-0.17376508464311557,0.21090247549980048,-0.08768533599396809,0.15145140373722313,0.6707680909892505,0.20524731113133918,0.30449953100194566,0.41566999092994183,0.38052161362912457,0.33772031904214267,0.1124805873148067,0.5412686639894294,-0.439145281865998,0.5110012073077316,0.3104453079860085
75,rounds_1_150,39,51,17539144,332,260,9,5,0.472165989640365,0.1409474059074585,0.13543216914792236,0.32108867799064944,1.3831634995518927,1.1990509927786523,1.3521822168817834,1.799841754383856,1.9727105809177412,-0.09604668083337353,0.21127259956033267,-0.11902483916044201,0.19206921990038328,0.6116936745171552,1.3630299327103406,1.149340533151041,1.3000212787088472,1.7611388457310408,1.942791527277375,-0.10314500868949428,0.2117625364476473,-0.08926497933675412,0.1832826646080431,0.6237482476159266,0.23361595825169562,0.3407296371948428,0.37090725631638843,0.3695283124906665,0.34025072721680194,0.07922961322376088,0.22811273022883868,-0.4700972884808553,0.4292798315968613,0.4530492321502624
76,rounds_1_150,33,90,17633165,964,323,5,1,0.06096544919914129,0.13882736919331365,0.08521796106693467,0.17814929828513415,2.2167732325760987,0.9756525644805158,2.1205786365230463,2.4225954872854807,2.7785283900699955,-0.14692213564029122,0.23900830331271947,-0.09631032674389446,0.2252340516927772,0.34326912193213494,2.1709080201388793,0.9464629187304172,2.0327198652024925,2.3657142231630317,2.741243094786448,-0.15873805379642292,0.21947289125749347,-0.07202558425054996,0.20595528005139768,0.3670671521571614,0.4465647058143606,0.23597688332143998,0.6024256196589507,0.5196628842759625,0.45068484574815776,0.132736126852528,0.5739452064189664,-0.4257272548383768,0.603175507920663,-0.03756639401794771
76,rounds_1_150,60,90,17660084,576,323,8,1,0.1753205233752324,0.0514610775319549,0.08521796106693467,0.13022182995725112,0.8949785836548549,0.9756525644805158,1.1232812477053358,1.316204800411829,1.462196500642931,-0.11091868088113821,0.29112091303630244,-0.12354876742610989,0.24281968707926022,0.6003976130939697,0.8532388920656158,0.9464629187304172,1.033667184396595,1.2675255990365086,1.4334321581546736,-0.1308901052919771,0.2482884927699007,-0.0932191254438823,0.19981029591946833,0.6368478692648706,0.26949294516701056,0.23597688332143998,0.43883368736160167,0.35357304285277813,0.28724687048607506,0.1875883179089538,0.6211969723432562,-0.42561805662230445,0.6965601049377564,0.12296083561195868
77,rounds_1_150,77,33,17777036,190,964,2,5,0.31075838045207443,0.28730772810522465,0.019800588246434925,0.5068783753085881,1.2869169422941487,1.0332066755923648,1.5405550277136637,1.6627221088106812,1.8919972106328966,-0.13789141348833822,0.3204716311928166,-0.09033941195610529,0.2690630791872173,0.5034723623447881,1.2599442772288783,1.011656935426778,1.4753343463997044,1.621171932068055,1.871095352960564,-0.15416219337926296,0.300942246150464,-0.06197710044175168,0.2517458580673395,0.5299611140855143,0.26095034811703216,0.20880687093088574,0.4423594041479253,0.36785743480581296,0.2782611885656516,0.24356241783575217,0.6553604826322375,-0.5536032052596879,0.660919104558195,-0.09748636052041493
77,rounds_1_150,51,43,17751114,260,30,5,9,0.10001766154015192,0.11609807922116791,0.4250820042565465,0.3292540680073823,1.293907212051417,1.005716809895296,1.2290412734582843,1.6645669397122091,1.7655543266338598,-0.06066886498365198,0.2442711816211423,-0.15663848344228273,0.18296395580139335,0.5565727813296271,1.2628229068155319,0.9723600534682524,1.1116376604935385,1.6111840286761003,1.7223204497899753,-0.06897810500591617,0.22314959894198938,-0.11043870094504135,0.1621584274005527,0.6095832195114942,0.2808322984660578,0.2559229431381562,0.5234869816283545,0.4167055695121474,0.38680106663499725,0.07176410651808762,0.510203500499113,-0.5525579807754423,0.4912280247159684,-0.07617720634790255
78,rounds_1_150,42,72,17842144,216,399,9,7,0.3147358983070644,0.26261293459683654,0.163511947367806,0.404946905951947,1.7708533108835618,1.2231402155192777,1.6030521149308243,2.118803161987634,2.2866509267161996,-0.07921819626279425,0.2736219473832089,-0.07059282686194268,0.2460325328341823,0.5702304305530342,1.744758319871406,1.1774021540809583,1.557027938138819,2.082498987299873,2.258676699740157,-0.08459918276777278,0.2712243586454644,-0.050697203356209815,0.23591021102188078,0.5769636127937438,0.3009887682741279,0.3304218384238589,0.38000463431780984,0.38836560113059126,0.3539497617538755,0.08861711561612573,0.3466828690434727,-0.3609606018880594,0.5277991098517323,0.4787646027907217
78,rounds_1_150,97,72,17896979,481,399,8,7,0.17684447265630632,0.08956405295524746,0.163511947367806,0.24433192705735565,1.355398410742775,1.2231402155192777,1.519283369692883,1.8154882376586106,2.060278033471751,-0.13483414033507568,0.23133034462844515,-0.10944086678340448,0.19811359809331416,0.5733743267906506,1.3332436416706297,1.1774021540809583,1.455756555597072,1.7727229077967792,2.0267259083680433,-0.14328409671591058,0.2244126382383101,-0.0825667346498606,0.18643090036352025,0.5889322196505514,0.2427135754822091,0.3304218384238589,0.4335127660303176,0.390093174655971,0.3682113684775362,0.05609379399609504,0.38557690824329366,-0.43069054586132555,0.479696716250725,0.3447948190449241
79,rounds_1_150,30,61,17930183,516,531,1,8,0.0032988393711218815,0.05788415220185098,0.08907724152509632,0.17835030007832262,0.8324741344841712,1.2699977864466023,1.179756176769414,1.494808552440328,1.6319750444908665,-0.09176191280589685,0.2732902225632384,-0.14220533703375454,0.22750859901311082,0.6864061163096106,0.7499389047022945,1.2087046062727578,0.945131384849383,1.3990713654565838,1.5644098167197042,-0.1181772819781517,0.17569117687823632,-0.06750763247809541,0.14160744972392342,0.7718919738579854,0.36088151561588194,0.3888499479696978,0.7053245396606909,0.5253360349808962,0.4636245512408426,0.11747049437089863,0.5641244304088842,-0.4946487016246799,0.6600393461964008,0.0650536879125464
79,rounds_1_150,61,97,17961090,531,481,8,8,0.7302461824131127,0.08907724152509632,0.053287670966237786,0.11210905733539468,1.2699977864466023,1.113599071231136,1.547446525986123,1.6359460290371886,2.0111890205237777,-0.22937369865889323,0.22429192300435577,-0.04191182183091989,0.22301340331395259,0.5613593648634165,1.2087046062727578,1.0912652414834463,1.505222266749602,1.5963008940467345,1.9867653256901157,-0.2446057839719218,0.19751189896045937,-0.04503237670099581,0.18701671220729874,0.562674143895742,0.3888499479696978,0.2207849190776177,0.3576290807287538,0.3565062852183116,0.31023473061824236,0.12979169377542454,0.5836939471485655,0.022745857304422648,0.7123526524333738,0.5392142787114715
80,rounds_1_150,88,70,18088012,338,605,0,7,0.15382845495044276,0.1430342638665544,0.21813657550284496,0.37217845506966113,1.3344192468719103,2.812833877387392,1.2842065581251978,3.105503964631375,3.216116931406307,-0.035618362763243816,0.13862283364043437,-0.0657241880393406,0.06509278067297039,0.9051427455517905,1.31285492808859,2.752862800898097,1.2086720761560301,3.0426345043462386,3.160539845193001,-0.038751069403288874,0.12555200448592882,-0.049746842671973844,0.057131193211942266,0.9124982707126834,0.23751884262514308,0.575243623114463,0.4330279069101506,0.6188339096827635,0.5921602666732674,0.043103072718122415,0.3711353873534312,-0.2879818129393517,0.27746608081946333,0.7357790257129617
80,rounds_1_150,4,44,18004264,287,631,0,2,0.14787399178778288,0.0792743217626897,0.1339461047327719,0.2748872061027214,0.9614842714962795,1.7285658109208453,1.3614237350004705,1.977601800089725,2.2053157232488925,-0.11514649872832639,0.19160145537245127,-0.08485029908802356,0.12413152658628909,0.7653417952127626,0.9267187228071692,1.6947045569290995,1.2588902434520237,1.929879813312878,2.1690170272297755,-0.12391300860668042,0.15617984861029618,-0.056292807148032184,0.0974283397352063,0.7907875743325309,0.25542087670549735,0.3388562323524146,0.5174234385881685,0.43007253274094565,0.3962933857686908,0.078542907069589,0.5177327409645512,-0.45283495182410693,0.5460476184731347,0.22101935612291382
81,rounds_1_150,65,31,18165084,1447,339,8,0,0.18110679322364176,0.05342487268298383,0.11728492117087756,0.07172252627406751,1.8151455960354261,1.2741804601079123,1.6830790808434486,2.213062118725489,2.4048390709932965,-0.08665683201800634,0.27070046203859655,-0.06834782432428002,0.22608426543547233,0.5681034974321268,1.7674044032240002,1.2585437804277855,1.6209280321537554,2.1639803505211637,2.3805033239705313,-0.10005773545828234,0.24079486650088744,-0.06464365932322416,0.19998356586695282,0.5806971579562131,0.4119434447928324,0.19751898280354505,0.4518342775315142,0.461463541870351,0.33850467592497546,0.2664541286338955,0.7342689869622161,-0.16347079039277673,0.7060776137049044,0.2673148930820891
81,rounds_1_150,80,4,18180039,812,287,7,0,0.14782120327695814,0.1452281692339217,0.09063390516676009,0.17289525541641257,2.502623627920795,0.9370301134021402,2.081344009110242,2.674130446727166,2.987300664669495,-0.11711104756524282,0.19849102163926635,-0.1259287074617267,0.18927782520704806,0.3106999877169159,2.4716694189895905,0.8989154044229143,2.018570949220761,2.629348919080739,2.95380803860204,-0.12339903508688277,0.1906976222317705,-0.0992684418941132,0.18136452187749624,0.3284750367118287,0.389306373193906,0.2638036570956625,0.5055375356591465,0.48454014964418995,0.44265581974265045,0.08644140208462858,0.4162434280758789,-0.4895009518128643,0.43733891614836234,0.03704677245663891
82,rounds_1_150,51,41,18251129,260,485,5,1,0.599308054935421,0.09879409160542613,0.06365608068415896,0.09474746483610944,1.33210363515028,0.9982907475247714,1.3931913735297692,1.6137663639239266,1.8657226187470433,-0.15612932606333207,0.26847122119501143,-0.024376074086946687,0.2577603155534385,0.5692497645604147,1.2912058516021696,0.9708668732011048,1.3678079160500605,1.58040468571426,1.8483358481376782,-0.16953326248987133,0.2512994057007937,-0.024316048124116054,0.2335036866117708,0.565511570833327,0.32639114930157986,0.2315010347605801,0.2632435888294664,0.3248922422142176,0.25163875375345945,0.22547010652368382,0.6303652482185279,-0.02631762612741108,0.7212981935240673,0.6491466435133431
82,rounds_1_150,40,22,18240162,541,516,0,6,0.07110026679063051,0.14188322128770364,0.04813244169768454,0.22388595097952269,1.4444589334191957,1.0806322179865417,1.5825881698428264,1.801599355888647,2.0450768613271295,-0.1351452000927178,0.2628537626547728,-0.10707762270071827,0.2303950209168912,0.5011206795698376,1.3886862681599488,1.0459876945361088,1.4642708249553822,1.7320405512886536,2.0130172974690197,-0.16222296064102926,0.22007663899581706,-0.06424666540984356,0.1894430648615856,0.5458359773857099,0.39639088986043847,0.27043428111577084,0.59932907990948,0.49427214008778936,0.3585656764565077,0.27455818895068285,0.643838503284991,-0.5214099553806657,0.7174592197802782,-0.0819698796284976
83,rounds_1_150,59,87,18359108,272,421,3,2,0.2761203749341119,0.11742329047216724,0.1302913845465001,0.28535606471511227,1.1104370591378847,1.4584173724294989,1.289001216663516,1.8381270392931348,1.9966781657165518,-0.08625689249660828,0.2649286081914273,-0.07848756486273528,0.17821281654247847,0.7261631414565409,1.087310540007647,1.4362595712813546,1.2322630810028237,1.8028684100883254,1.9720669735083478,-0.09384964674805807,0.24217915309150312,-0.06520042652271281,0.1617175138037462,0.7407578447375881,0.22442160646706147,0.2517233356799255,0.37730588307845436,0.35650136612077427,0.31025918834484884,0.12971108155658417,0.64404642316937,-0.33756788640359886,0.566645897905743,0.33047239202629497
83,rounds_1_150,87,63,18387024,421,560,2,5,0.5086138731442719,0.1302913845465001,0.07136295094290593,0.2812719232506222,1.4584173724294989,1.4943183373638647,1.7066528571792827,2.074063112268019,2.4230488480659553,-0.1682618690500286,0.19567189331724025,-0.07237954533718481,0.16193332466627547,0.6272168088010268,1.4362595712813546,1.467026256425089,1.6575391168686684,2.0414959415387033,2.3971147122504735,-0.17419518867313322,0.18760655292311681,-0.0566958204934615,0.15227146020791385,0.6385334312213341,0.2517233356799255,0.2826519032602079,0.405060441848373,0.36384581857046183,0.3506593680712404,0.03624186352073688,0.39431535186843203,-0.4065139640112257,0.4667928503626019,0.30375542340503797
84,rounds_1_150,8,56,18408264,157,284,2,3,0.14361035233451608,0.24430388100445272,0.23372610223013907,0.4792257053311914,1.7456272056018396,1.405033197588852,1.5660060100824817,2.242475679046363,2.437797919912454,-0.08710116354490594,0.20367852642767115,-0.09649556053398066,0.1583894312452263,0.62681483423599,1.7176625284201048,1.3628170559298916,1.4807070513924154,2.1909328086125983,2.3976231068303044,-0.09433894887383243,0.1933644826458522,-0.06454484607816142,0.1481987207889877,0.6510028092438984,0.30956233800719246,0.3406578634574947,0.5086779948251784,0.47611985075445984,0.43851337824077447,0.07898530685938454,0.41112970569449464,-0.47225699580658415,0.4030691199741352,0.21857097568721567
84,rounds_1_150,10,8,18410258,512,157,3,2,0.20020476689982025,0.1506913706871935,0.24430388100445272,0.21720084259709851,2.0951737404398214,1.7456272056018396,1.8613405671359362,2.729005821596469,2.990084130651019,-0.095667919426357,0.18542158237644596,-0.08082470899929554,0.14003313970400078,0.6519615325697695,2.063667220583561,1.7176625284201048,1.8023333118929714,2.6833188548507545,2.958207393988491,-0.10244348659526925,0.1694080809067192,-0.07064669708904044,0.12810286533658516,0.6625611567287962,0.3595189535296241,0.30956233800719246,0.46336604066295134,0.49442060834187285,0.4318853833185517,0.12648183341920982,0.5559933546059513,-0.3046215012385363,0.4883548114471951,0.3565130426067965
85,rounds_1_150,89,90,18589024,533,323,0,1,0.05958510806210274,0.0639490546150641,0.07771416794774788,0.14992154201714913,1.075223072700618,1.1186706066492218,1.3048282852033033,1.5600582797751592,1.7080228946808478,-0.09484556879952821,0.34089283430657535,-0.08991185259240429,0.26368551769214477,0.6103624519323199,1.0156749068724888,1.0923196742849868,1.1748550357337186,1.4973402893223504,1.673238203473092,-0.117473573245229,0.27791494915025466,-0.06207764802949669,0.20467223479639787,0.656085153973955,0.35212776876320184,0.2402996850719231,0.5668951187853913,0.43671112056571965,0.3413970340461867,0.21825431510894933,0.7329903311208722,-0.3776715358419622,0.7663754811723655,0.04985031342875576
85,rounds_1_150,90,54,18590021,323,435,1,5,0.07271641934223562,0.07771416794774788,0.05983167376834899,0.23732060192685042,1.1186706066492218,1.0510744414886364,1.2790263723884283,1.547479622256777,1.7254368275311338,-0.11499809284391849,0.2666195809857117,-0.1080468168547071,0.20686165912729298,0.5831984065975384,1.0923196742849868,1.0249121210352186,1.1998702445163094,1.504564209968102,1.6982388015659713,-0.1287247099955775,0.2405720921146541,-0.07675444132300854,0.1842108351714605,0.6149001643922724,0.2402996850719231,0.23211797324182276,0.4421285322829471,0.36058724100388073,0.30353222782120615,0.1582280421898249,0.6208093295259308,-0.4942961965200365,0.6141544972991918,0.03529967999368912
86,rounds_1_150,13,24,18613255,282,542,3,4,0.09335754558884492,0.09101500972562158,0.13587686510079286,0.3333337514816473,1.1288855541092053,1.401484039424112,1.194789071551123,1.8006992864402187,1.9093789372612413,-0.06035413666202438,0.24313625797982039,-0.110015257386139,0.16605904124390683,0.7304333422307604,1.1030793446657081,1.3593424834150243,1.0912476841646137,1.7492892755375893,1.8715375154987792,-0.06988451919915928,0.22276822461160672,-0.07141631665512306,0.14582358086624078,0.7621555494136154,0.23893092922813852,0.33991372648677953,0.48572798460004135,0.42562837264671444,0.3764904376220627,0.1154479780544091,0.5135085211813083,-0.4728949673857983,0.523986704411072,0.24938561776209664
86,rounds_1_150,96,76,18696006,181,421,9,2,0.4583187626498613,0.18124624913325532,0.09451581495296624,0.2861333322362043,0.9858789551023669,1.525204254444531,1.3388771750520734,1.7877591412568947,2.030667833658475,-0.1358732766600772,0.2473239192974481,-0.051943171941398934,0.19373735084594526,0.7364693159625623,0.9518040667029228,1.5047766599659906,1.3033667641999767,1.759957772450976,2.0127342263215398,-0.14362643117200413,0.22871941190142767,-0.045287249804080866,0.17288254821489032,0.7430758962643506,0.2561967764065183,0.24694364027319674,0.305059291139873,0.31207864458081874,0.2663898831818402,0.14640143499837122,0.5444065776326812,-0.22828318482476076,0.6450161696392811,0.5125839871337151
87,rounds_1_150,75,26,18775072,599,500,0,6,0.47878962565867156,0.03495543992418485,0.06486123316688464,0.12317581400469256,1.0046333122299997,1.0624525593543162,1.5590919035742716,1.4411782536419973,1.8885604111478507,-0.3104280517522904,0.22194937399288442,-0.07419924376076013,0.20679719733075014,0.5200963148187507,0.9872723461015622,1.0411739951411816,1.5305480184612292,1.418230574192224,1.8683146447336412,-0.3173560623580334,0.2139408699739763,-0.0680226572910527,0.1961590397413058,0.5230314366091068,0.18489906296260672,0.21059430844529886,0.29544526209157196,0.25471387178166505,0.2736061728954677,-0.07417068015045802,0.44318905120767277,-0.2321317718791317,0.5237043912416928,0.4430273483400695
87,rounds_1_150,31,20,18731204,339,807,0,7,0.3700149346659341,0.12413637107903404,0.10103188341839568,0.31605135040091614,1.3707816288012062,1.6931682756543582,1.3210307860351285,2.147908257421945,2.306763313311723,-0.07395802653156425,0.17507085990750473,-0.09018151787700018,0.13626822470063982,0.7672731084687509,1.3477643527491328,1.6506635538071452,1.262038326498579,2.111246207707083,2.2719512398590944,-0.07611856521771809,0.17458808391361957,-0.07066398893783594,0.12535225750925658,0.7785048641812162,0.24874501035009397,0.37544016679806824,0.3893698198504918,0.3928936745033404,0.3967678925379716,-0.009860728960649823,0.2060775795289442,-0.37155210867771526,0.41424074329176347,0.5380803209870185
88,rounds_1_150,73,0,18873081,564,574,7,4,0.04675485415933022,0.06659545591295075,0.10582515176308031,0.17381970830999005,1.5588955643923574,1.372201556607534,1.4099527810787977,2.0604378933070007,2.2466862311922755,-0.09039259979166192,0.1273660668244776,-0.16174756336352922,0.11174140120775698,0.6351438249745753,1.5369198957279413,1.3076777694088317,1.2875811611961825,1.9993474915380585,2.2011338230815882,-0.1009260933367313,0.12126937376835244,-0.0980861499878522,0.10354404330327405,0.6778396476709221,0.25898272664942207,0.4148592043252469,0.5735853383632916,0.4963400710482954,0.44805114296255294,0.09729000518486008,0.26801668479793894,-0.6198105701560405,0.30809746912256003,0.13071080728278883
88,rounds_1_150,55,37,18855135,508,628,3,3,0.8070261792649202,0.13962337021207946,0.08830245200078934,0.1581433161415837,1.8099503114427073,1.3835045299759463,1.4417045944330888,2.2065452312690645,2.341115527139811,-0.060986873943821296,0.1972754602660387,-0.10954187668787531,0.19788287037772298,0.6499555174461842,1.7714398256407011,1.3199689263078993,1.4008508121446284,2.1704261290395155,2.3121522589518118,-0.06529875770294691,0.20071319512136618,-0.08948661098775293,0.17913440789036467,0.65038313929392,0.3696794413383291,0.41337872862403907,0.3395877849736859,0.3952314943067921,0.36458041992746465,0.07755220629137172,0.13095570306238996,-0.37658551065530965,0.5865002669889863,0.6720356565621229
89,rounds_1_150,80,82,18980063,812,609,7,5,0.2582904429502157,0.02348977917777922,0.12295293784521233,0.13536184459157727,1.1477963105629025,1.7034579114768924,1.737969396618405,2.0549722776400965,2.455958675795256,-0.19512983338911383,0.14072422560045092,-0.10982263268522847,0.10581465132849367,0.658767235411044,1.127703013008394,1.667622829766548,1.6905044001469116,2.013437559611322,2.4248654341088898,-0.20434101496397572,0.12896717076726685,-0.09578169666782073,0.09630710365594733,0.6668197170874217,0.21266192469974693,0.34595812047660907,0.4018738673452746,0.4090576871887342,0.3868134681926504,0.05437917362941669,0.40610557819649185,-0.3948453916033807,0.38048762532435204,0.45236507593868297
89,rounds_1_150,50,9,18950153,359,387,5,4,0.6572896958861665,0.033131580625195056,0.05039046913734637,0.19194238173076883,0.6868849325368642,0.9830257783366422,2.0571944109282594,1.1680405125737938,2.204838785106667,-0.8876389657480914,0.1982860088686762,-0.043187745408692454,0.20597139657944905,0.39894461870363596,0.6633557937727333,0.965093339479281,2.02973216810676,1.1500106049185699,2.182025974157048,-0.8973963934111313,0.1929258799794815,-0.0412417998481762,0.19376441366840944,0.3985899901350663,0.17769694631194394,0.18585171666679032,0.33269218312133536,0.20316272650685943,0.3136253600313301,-0.5437150574996892,0.3432230268062118,-0.10525987446953601,0.5062848708238864,0.41482596813141653
90,rounds_1_150,74,82,19074084,285,609,9,5,0.009066871277108535,0.13706565182462024,0.06632785896340815,0.37928288034939517,1.0227917991963873,1.6658683478992382,1.4598510041938202,1.981695920582965,2.2029551313427103,-0.1116514438272933,0.3005445952039389,-0.06327756281464067,0.1804600847911616,0.7337634908996723,0.9567807701940295,1.6433411970852556,1.333446693503628,1.9190178486636442,2.1726218043084486,-0.13215299473186648,0.2207945074620647,-0.04039543817313543,0.12516577240608223,0.7663697103664944,0.3607642550743804,0.27120589849006965,0.5933084855633557,0.4928055680373773,0.36195975399471164,0.26551204476801193,0.7789368933320953,-0.4052082568727883,0.7507673979149981,0.05667760752004221
90,rounds_1_150,67,29,19067105,311,342,0,9,0.06797384108149351,0.1212852645332792,0.07871038706341227,0.2535567549123828,1.7093036343138615,0.9531549638360504,1.6605323096942368,1.956334240466986,2.12044826003074,-0.08388853814907393,0.30338281346305873,-0.11565188535794887,0.27780926936560585,0.41899211373346823,1.6833456430945775,0.9075787986903653,1.580044112218877,1.9113477361019262,2.0904018582833244,-0.09367951147736608,0.29384188131965583,-0.07563091109645396,0.26424529202393987,0.44735858463087236,0.294931750780385,0.2905093002346697,0.5094339217012512,0.4153452502540658,0.3534233505511791,0.14908536853379017,0.5268229485951593,-0.5027798204627469,0.60326582919365,0.07782672449553772
91,rounds_1_150,43,24,19143180,30,542,9,4,0.1269519112788673,0.26660732077434657,0.09325145813213154,1.2736708298325539,0.7855419679069983,1.2656945264815231,1.2477184266441008,1.5039057703998573,1.7218972686143945,-0.14495023724563394,0.2871363929936688,-0.0920507459279599,0.19551074404689328,0.679551492106319,0.7683667557558366,1.2305465516106338,1.1614167973976075,1.460660875752021,1.687656810713329,-0.15540632239118413,0.26357964551057556,-0.05730563545433362,0.17487960403459096,0.7084696464404399,0.16253430729028942,0.2951266912734881,0.45500743370945756,0.3567300040985628,0.34010513303954054,0.04660351209041813,0.622034788106502,-0.4714316353144683,0.588248969668123,0.1969790521470478
91,rounds_1_150,63,75,19163120,560,599,5,0,0.39354774988261443,0.06917201705897848,0.01926071459505086,0.14525506765348836,1.581899702835725,0.6524367790566896,2.1323040635394226,1.7041437401329962,2.459078075188558,-0.44299921261139885,0.1923009050200817,-0.03826374677827827,0.1893216179762595,0.25878355720337676,1.5589557591246472,0.640008579841053,2.1030620037313583,1.6797374873261297,2.4385133160791135,-0.4517228641249367,0.183384319884645,-0.03549838444115232,0.17991780507425206,0.25975974894080806,0.26645013005406315,0.12605378710058288,0.34936092506172833,0.28524408466639795,0.3135715186404161,-0.09930945283983017,0.5063088539733586,-0.12294233155129375,0.5251856083819252,0.23308650575179135
92,rounds_1_150,70,34,19270102,605,515,7,2,0.051774777959847314,0.1333062663423614,0.10494884982578118,0.21615213031450717,2.284958593766348,1.5450677981267416,1.66889494831201,2.764300566909017,2.9766920693607664,-0.07683372242304354,0.128177001220354,-0.11407611401111634,0.09652864283344428,0.632717535295321,2.2374878384988683,1.510604430890208,1.5556080265288443,2.7010695475226933,2.929695234931306,-0.08464265113732394,0.10331634168796756,-0.08795278627081982,0.0768007432915338,0.6633868699819576,0.46123773052871525,0.3229977124071895,0.6031907912540442,0.5853629983108832,0.5238465141005304,0.10509117314873695,0.46308220494637437,-0.4475754361540738,0.46419644784330333,0.09783068839938365
92,rounds_1_150,34,19,19234210,515,549,2,8,0.5586730699075385,0.10494884982578118,0.05792265046303245,0.13130359716967427,1.5450677981267416,1.1957439154256961,1.7090607317787716,1.9277149586363918,2.2675998965287643,-0.1763149351358444,0.2469570164566586,-0.04666463481550198,0.2229526357593332,0.5471620473461564,1.510604430890208,1.1753826586967404,1.6767129609090894,1.8983370059879479,2.2501803634787914,-0.185342937729718,0.23152601150806545,-0.045387309649813384,0.203636630089626,0.5486816405054119,0.3229977124071895,0.2185459876388362,0.32910423020878266,0.33323580236731115,0.27731833335687345,0.16780150455983223,0.615011874589585,-0.0813271757500207,0.699903841462634,0.5047334716980783
93,rounds_1_150,72,92,19372099,399,201,7,0,0.1922322970170037,0.06431758203834761,0.76271484375,0.44474151071626694,1.011673705377995,4.041155159821551,0.9542398766268462,4.161605626315332,4.153775425234007,0.001881533663788848,0.1115680577591858,-0.09857731043262455,0.030540806772850856,0.9722591020863083,0.9885907565877255,3.784999007580661,0.7502745213139407,3.9062931223485293,3.9095919870936644,-0.0008445000520471702,0.08314034061134572,-0.07285675496025046,0.022297976022274395,0.9804686430570813,0.2139506878925225,1.414476712889854,0.5891800532593618,1.4336909422075945,1.4016628011945467,0.022339641041276947,0.36437428491493673,-0.20763690497347467,0.13695104913845374,0.9132718284056424
93,rounds_1_150,23,53,19323246,1077,434,9,5,0.01200094991983333,0.02738507817980876,0.08936796751287249,0.08640062041496012,0.9150674280067005,1.1236849970413703,1.312621496614474,1.4333967231291909,1.6741126269187956,-0.1679339012748038,0.2646727000066471,-0.11496204102750639,0.2288015189767899,0.597969798598542,0.8419401645032842,1.080708541496583,1.1938329870749893,1.3537137760371574,1.6367658407873091,-0.20909299274382387,0.18759157003148896,-0.07815376587556001,0.16181174118327338,0.6384991840772144,0.35783369006067683,0.3069366873783734,0.5447765897215068,0.4702894983630926,0.3502292102790261,0.2552901744605246,0.6621707232404463,-0.41003922967828155,0.7189604751238109,0.16583690228722897
94,rounds_1_150,13,14,19413279,282,778,3,9,0.26459826228081645,0.12055898856682082,0.03021437395218527,0.22983018367085606,1.1733059070655696,1.0761394653269185,1.5939193086109162,1.587154506106877,1.929661215897485,-0.2157992233728656,0.3153510344490177,-0.04562964608526214,0.2706190027971711,0.5331465298001264,1.1455612042152508,1.0615874439056459,1.559991535213624,1.5565551511011875,1.9141419425555048,-0.22972959949497573,0.29818879609033766,-0.03826298440334856,0.25489615963673495,0.5406736570332884,0.2525351010357138,0.17513191454189406,0.32554534119359735,0.30859366192601245,0.24147942273182652,0.21748417895334826,0.6882182833650069,-0.2608021008842258,0.6804568047280865,0.2759509224069161
94,rounds_1_150,66,0,19466120,490,574,9,4,0.13635004895234343,0.14920392352622003,0.06938069922907744,0.3072643693909049,1.4113155984309798,1.2686317396144493,1.5657772489753266,1.9053181492524491,2.1397903690402797,-0.12306197780135864,0.24247384589706986,-0.10862709401101918,0.19389000177108365,0.5766242154438358,1.3901015154883571,1.2301169950198743,1.4877679059715851,1.858512695416777,2.1077523005144694,-0.1341070231655317,0.23415561268851015,-0.07004040629766405,0.18536589192783298,0.6043978628522331,0.2423327308327983,0.30910491682116953,0.4868901446362929,0.41798884810860926,0.36670009892446076,0.12270363053040534,0.4348609106322421,-0.5803641058986041,0.4266561003488338,0.06676416722620616
95,rounds_1_150,61,19,19561138,531,549,8,8,0.7794246006558376,0.05820936820395714,0.04197069212413308,0.05294611154028892,1.0590125116257905,1.0599727504439604,1.2988455111120614,1.4344409567762857,1.731431610943289,-0.2070427874803924,0.2570073836221366,-0.014433017669887369,0.2537019139778075,0.6255219485170289,1.0077882292144296,1.0410615165847203,1.2760308991751101,1.4065692961387144,1.715378590291331,-0.21954787083747207,0.23532514702416835,-0.02217912494730181,0.22121134935441825,0.6217657509363987,0.32454898917778296,0.19828017580277177,0.24098011465317906,0.2800098927385161,0.23295791940666905,0.16803682495527394,0.6482234002827693,0.20078186937729656,0.7564108118404435,0.7224476550958832
95,rounds_1_150,76,13,19576093,421,282,2,3,0.09893172646974323,0.026543852194057155,0.07926358754048124,0.17327517830611516,0.7747133769315943,0.9915103367942477,1.5337344157356925,1.2839324440804645,1.7474480808622115,-0.3610124807724684,0.2626736171294627,-0.10620968179189598,0.20787039627541143,0.4774138411497427,0.7611200089982176,0.9710881446545804,1.4813835212493827,1.2506834413917285,1.7260912706576168,-0.38011843247630006,0.24342338834745322,-0.08007701357801503,0.1953532167742629,0.4999704270495621,0.14364537145230855,0.19922655994295366,0.3959679586534002,0.2891409767032805,0.27032165641297173,0.06508700532481537,0.6588677517600446,-0.5854418883030237,0.5574387850136264,-0.10100095978896205
96,rounds_1_150,24,45,19624252,542,288,4,1,0.11027462339945286,0.031884464897765696,0.14668662720747913,0.15038838563486934,0.8981048548946684,1.1465306356289664,1.3077016188082222,1.447132561918486,1.727959958727354,-0.1940578245551816,0.19501832181369444,-0.12017140789034692,0.16542710538336036,0.6061434315306395,0.8763911100113367,1.1035961660492637,1.2342212427384016,1.4009970730532058,1.6881432565498327,-0.20495844639478555,0.17195656763468564,-0.09700957441517351,0.14325809113413043,0.6251385225676814,0.19538974371759998,0.3098677995766241,0.43120123891138196,0.36125591319964995,0.36739582158618395,-0.01699600798822276,0.5088024749303629,-0.3582113714543757,0.5302796627364962,0.3601203200382751
96,rounds_1_150,14,9,19614282,778,387,9,4,0.5837629799059476,0.01239923179964535,0.046393578211427665,0.08278395265224389,0.6010162318795569,1.0097797483671587,1.7047284545215236,1.163185770391754,1.9024916538000296,-0.635587111041843,0.19983968059051813,-0.06684281364706607,0.18927464616470632,0.4659957207230882,0.5860756224434506,0.9979296333596872,1.6841682871803942,1.147893801427319,1.8862405000812126,-0.643218647697039,0.19181806256955403,-0.06470939123418133,0.1796478882613393,0.467558339310772,0.1325724122379148,0.15293185973506665,0.26196326662663627,0.1865627856936723,0.24553197176923533,-0.3160822553989293,0.4412863634522279,-0.1559252328471749,0.4923035599807023,0.3974766895844634
97,rounds_1_150,76,73,19776099,421,564,2,7,0.40208434215768485,0.10280730480121242,0.028560513307456858,0.21754440422066385,1.7016361069623738,1.036604743777763,1.9819702241541515,1.9867279819207844,2.500867644331281,-0.25878714503906197,0.19975099380977235,-0.06658437446954461,0.1851627843699319,0.4159893515772584,1.685441971769712,1.015500129227397,1.950000524950304,1.9636304501818183,2.478276176126745,-0.2620888904514971,0.1974798962464645,-0.05514873774616353,0.18147349503699461,0.4226349705321227,0.23193164341357528,0.20704158910990847,0.3524424995928728,0.29954461651495007,0.33209863866676875,-0.10867837496319654,0.29766386035442055,-0.3767944221849147,0.3579800798225645,0.2217526354505015
97,rounds_1_150,77,1,19777096,190,189,2,6,0.41040154217764957,0.17573613547720016,0.1461737152421847,0.3336623859591782,1.227836303015143,1.145202417791882,1.4617733650810094,1.6744886547830893,1.9318941899030444,-0.15372187466585086,0.2843343098735728,-0.056098745299783356,0.23360017038685085,0.5888108429456619,1.210702223381132,1.131550008860848,1.4313097203796161,1.6529682468803077,1.915539424197935,-0.15884828871527645,0.27326525317457884,-0.050809839486258904,0.22309807796614592,0.5952149982176993,0.20295555706978813,0.17491416815198688,0.2953287408471569,0.2656371533075548,0.24824342569741073,0.0654792727356387,0.6095367950687801,-0.22347123978301126,0.5946731146277819,0.3538826506865969
98,rounds_1_150,21,1,19821267,526,189,5,6,0.6461656285636871,0.18477057441645725,0.12052799849770963,0.21142281680156222,1.9277425682580436,1.0813958437868612,1.8972044842387636,2.1962142038260852,2.536146927293536,-0.1547812243793183,0.23438507752970997,-0.0673262838658603,0.2174140537375282,0.4499344404041163,1.9005925683011615,1.0619820507123097,1.8676453558221142,2.1697967780952685,2.514819379540947,-0.15901148205619164,0.22674064849761183,-0.0660753819952364,0.20698991874890163,0.44981682346610324,0.3203043742319609,0.2028337970551785,0.33158929259213654,0.33708616980127126,0.32497556655175946,0.03592732165977497,0.48978531410695453,-0.10355510740613727,0.5654260745058582,0.45495739837744653
98,rounds_1_150,73,65,19873111,564,1447,7,8,0.16728544264188877,0.007230959082759606,0.016360474445010084,0.1748338498796026,0.47249558543956327,1.0729372745829269,1.9661465722962062,1.1828036559164017,2.1099067413191364,-0.7838182446979691,0.1626421557254343,-0.12108322103112222,0.13839109972032054,0.39329654451551216,0.46235431837351276,1.044442568723882,1.9061402820000655,1.1501331052948953,2.077538750908262,-0.8063463622982827,0.14963971772246698,-0.09449488712570367,0.1273655068964332,0.41450696060990927,0.09689719601931564,0.24459829544157405,0.4803175894046383,0.27494308311036936,0.3659485083726317,-0.33099732582008756,0.41098570359508796,-0.5708167332361453,0.4159477309353573,-0.07478158686776679
99,rounds_1_150,83,94,19983084,292,500,2,9,0.22060420840195993,0.08175015942542814,0.07747918264591135,0.29647408636131634,1.0845363984464063,1.0897196752702878,1.1651941019784013,1.5009601999856872,1.6181114763814408,-0.0780508879561701,0.24872250852310004,-0.14320117880185654,0.2308093510387406,0.624824830147198,1.0603406213872597,1.030566519293307,1.0708858285469787,1.4540639134545625,1.5765305524151907,-0.08422369734056057,0.2522849373394789,-0.09183818976147545,0.21474417728242512,0.6581659005374627,0.22676587904274065,0.35336543260007985,0.45832015477857696,0.37099284289993,0.36313895742212426,0.021169911032284272,0.2661425863764703,-0.49551578629484794,0.49614080638380464,0.3023197334407431
99,rounds_1_150,60,81,19960153,576,689,8,6,0.08841298902822328,0.051192187839963786,0.04597403165202455,0.19337257087463514,1.2828834273409324,1.29649645796942,1.6478488064319858,1.8259139731044092,2.175595907361384,-0.19151062942053487,0.2098237083265032,-0.10040492262183284,0.17216770143414542,0.5678485381473412,1.2623658051841884,1.2709025853828635,1.566883611674933,1.7901182008382246,2.1418496963080096,-0.19648506746933614,0.1964138673647155,-0.07410069373552547,0.15925800189369854,0.5943404796377526,0.2271687800651178,0.2550194848111048,0.5089188755480065,0.357903300610945,0.3794106066278407,-0.060092505378359196,0.47413075117597364,-0.5143607164884525,0.4950502503837452,-0.015460669644506297
100,rounds_1_150,21,69,20021273,526,500,5,0,0.5135960763753855,0.12497824351091615,0.13520837826654314,0.20535761750387874,1.7889767874200713,1.5926849952056135,1.714449978243247,2.3748530290528875,2.657628927364111,-0.11907090453677349,0.1830416937761694,-0.07204620230783157,0.15124335875851388,0.6516745690137339,1.7610388851108634,1.5724872145188187,1.6762361394513503,2.3445909823372286,2.6315233901408472,-0.12238058150235953,0.17181092263953435,-0.06973358923598225,0.13975057303187421,0.6565764650534407,0.3129517879745025,0.2510066889950389,0.3583957197126974,0.37527223092882883,0.3682893153889079,0.018607599935219432,0.48142726540109443,-0.14253820839951017,0.5026538002225905,0.4909745871118333
100,rounds_1_150,81,93,20081093,689,668,6,8,0.053535106029401966,0.008965158263786828,0.03173702272095917,0.10789125084161892,0.5650804483692003,0.840831317700069,1.6587565049544908,1.0251339386495015,1.7457246758834952,-0.7029235010824935,0.1876706504655473,-0.14447162757077345,0.16564456734068014,0.3439309371496854,0.5515893316393369,0.7982332893182468,1.6019871560063095,0.9772195198130459,1.7177949487565243,-0.757839373782832,0.16827643967353073,-0.10678712402223706,0.15031191599634458,0.3663649417267044,0.12214582801346774,0.26362305649769846,0.4287962757684157,0.30895478542376603,0.3091633999645595,-0.0006752267666199074,0.5178272177823641,-0.572777452000879,0.5025293966141507,0.05119531688436089
101,rounds_1_150,77,34,20177108,190,515,2,2,0.543186281194153,0.10556403415976093,0.09774407305416058,0.4805687175597996,1.143218871692609,1.6864729434779797,1.3449708251752253,2.042632952518592,2.235146488024397,-0.09424773808159403,0.18966949158181304,-0.08864647590289322,0.11922821374160832,0.7601373190573736,1.1313797197882294,1.6646029976200203,1.2740737629592311,2.0143805146811364,2.2064670335489707,-0.09535761365237416,0.17957531430208498,-0.06949985516579534,0.11151555692970609,0.7784176582945549,0.16254660322138947,0.2685005123854132,0.42990654882621526,0.3359800791864982,0.35410213604047636,-0.053937890894771856,0.46723753884390795,-0.4635399584053125,0.4046556525314089,0.1787896045172485
101,rounds_1_150,3,15,20103330,566,464,1,1,0.7456929630752995,0.036165550896839704,0.13143703407840804,0.12574137912985558,1.0835963541493612,1.9570435628689622,1.5109519218508176,2.221549084585281,2.5273737659836275,-0.1376628063365244,0.16900927606231084,-0.04687404164407628,0.11887327980507674,0.7808050397282909,1.066378632406572,1.9375347125741338,1.4816588010589584,2.198830320275362,2.5022961820739953,-0.138012405505046,0.15795776146741358,-0.046944264571582496,0.1092884765312514,0.7837990227320949,0.1912156494003482,0.27309766449571826,0.29452214525514864,0.3140223216927069,0.35187198110137874,-0.12053174820390766,0.4795107871098709,-0.04680878004372192,0.4437018245026103,0.6612255748501392
102,rounds_1_150,13,96,20213303,282,181,3,9,0.2760696520621255,0.0685056995600462,0.12486803487408907,0.16667838617771244,0.9708634163922074,0.812003370093152,1.2775289543637212,1.24343273351755,1.5140452472858572,-0.21763341632705036,0.27862021142537846,-0.09385549920288305,0.2656648036902395,0.4779695331668303,0.9514057923688728,0.7710295843503528,1.2432369804453491,1.2090192795957317,1.4917298391172966,-0.23383461644722225,0.27311044444342786,-0.07095203524561482,0.2539276011107059,0.4823321474877012,0.192446459821756,0.2541194616865705,0.2929112082536331,0.28945749771797524,0.25737204669242764,0.11084684721764981,0.3971270905430535,-0.393435886558578,0.536778884207162,0.4583563647640488
102,rounds_1_150,9,26,20209315,387,500,4,6,0.729268845561445,0.04768645693402505,0.06629614994861185,0.12281760279438458,1.0174254233699003,1.2015703803696298,1.477243198950611,1.5167374634519852,1.9234728013167095,-0.2681646281348018,0.1905526178536141,-0.05921003678278309,0.1997523928200147,0.6028061069166991,0.9979695011214458,1.1787529451566447,1.4589640489924474,1.4982937346093959,1.905473670797305,-0.27176242333687695,0.18660197433162584,-0.057928128901814493,0.18808640780857272,0.6006505387774167,0.1970394054960054,0.23182275845680914,0.22982887088007803,0.23401054760561438,0.2599902218721397,-0.11101924478340064,0.32223502457581726,-0.10137360646893198,0.5493330870026931,0.6738488494785112
103,rounds_1_150,27,13,20327264,244,282,3,3,0.6321341504881135,0.11851873459294439,0.03421936962986365,0.22437177686020732,1.2040435984307414,0.764465845204892,1.489384417717639,1.409683894418532,1.7605213027109312,-0.2488766521923791,0.26529203584856353,-0.06787010336953818,0.2547809050352135,0.4076562565750242,1.1921875789938987,0.7441998602790869,1.4664956966605522,1.3932537258720175,1.7459405273693296,-0.2531389616608206,0.26640389684300825,-0.05127939239509199,0.2514923037336826,0.4154940659538704,0.16712069367127141,0.17409625515452895,0.2583411462160785,0.21288141523649418,0.22339979397493967,-0.04940956788905426,0.22768346371397616,-0.4723728487608343,0.41731592739009044,0.2228933000526018
103,rounds_1_150,34,14,20334243,515,778,2,9,0.3235703341752861,0.10730830664873461,0.018243751958652864,0.1351389497052878,1.818999662842287,0.709613094638909,1.8551505924077274,1.9407906209242303,2.3830093494023648,-0.22785493896685471,0.20301231683477705,-0.06053482897037041,0.20001240698591724,0.30699052553881184,1.7938628769425695,0.6873032743678509,1.8195548828008632,1.911855629587583,2.3655734407104276,-0.23731802972001526,0.19158748487591457,-0.04771317903412913,0.18723969591782944,0.31371536814726086,0.2991459194503871,0.17594611174218985,0.35961709729451957,0.33165777971195065,0.28391155314725397,0.14396232950170784,0.5522393706139368,-0.31528317375906156,0.6227128377489893,0.18032136144415942
104,rounds_1_150,68,80,20468144,611,812,4,7,0.21923407261309033,0.14071854846552015,0.12552567498059944,0.2257729968145633,2.2951613469168013,2.407526853180076,2.016868863471822,3.326015592360352,3.658692220366043,-0.1000225701797155,0.12087400289786285,-0.06436294410879488,0.08031745950371055,0.7493580821804621,2.26875562693683,2.382960103304447,1.9484723525095238,3.289322897070305,3.6196637858546326,-0.10042823374942955,0.11139742845024889,-0.05700194181721691,0.07302072632209496,0.7595923509734042,0.34432994907213016,0.3396864647835566,0.5190830508954687,0.48858604345098083,0.5285649604636938,-0.08182574502196971,0.373367809201562,-0.2702791342521299,0.34732947408888826,0.37056320948000004
104,rounds_1_150,52,14,20452192,633,778,2,9,0.45005280625275346,0.10859378868928896,0.006615492505079601,0.13315533176601793,1.6795242041105762,0.4013516192414009,1.836003367472222,1.728004786897656,1.9431576843438,-0.12450943369920586,0.40505738304728156,-0.056296210036996405,0.3997843367419007,0.1604559746094067,1.6523582158075758,0.38412666825859737,1.8000788963610705,1.6974294250305846,1.9297498433443299,-0.13686602511297896,0.3937016555134607,-0.04019286717734204,0.3876627122967423,0.1707945874746038,0.29891866438208653,0.1160360831855771,0.3594350811707526,0.3217274985260008,0.22482779642452663,0.30118563860851666,0.7205004520439428,-0.32764914455299615,0.7591785621157411,-0.005101652978287681
105,rounds_1_150,35,83,20535246,307,292,2,2,0.9418466936754399,0.24721190546240127,0.05142474084471663,0.15863814634670104,2.433581607547927,0.9257364492946619,1.6973377328688246,2.573760269528096,2.8264687144402596,-0.09818647366038413,0.1694088314739905,-0.03715053075637655,0.1678470622013772,0.4533394314853391,2.4006930108641336,0.9064777946293818,1.6745556421781727,2.545141061072638,2.7993468503491457,-0.0998788606119041,0.16587038283634153,-0.03686153854674652,0.1600940261619089,0.450642513244316,0.39607777242655506,0.18694024207929555,0.2752675833395848,0.37968004324667515,0.38718068797860317,-0.019755172454652525,0.2993088054551108,-0.046198197328435345,0.43795621233116033,0.5352129593310864
105,rounds_1_150,56,17,20556183,284,828,3,6,0.030318402095376697,0.20486593626750013,0.040978247898302095,0.44017747341034313,1.650682247470002,1.1682237253070675,1.4068115384832065,2.0461642716392427,2.1424133983936144,-0.04703880723968634,0.23590299351770125,-0.1461372186221712,0.17870380036211808,0.568868660266685,1.6202033770696276,1.121706653777433,1.2011175691294698,1.9849329277100196,2.088413918343766,-0.0521332429872734,0.21470258790978855,-0.0688500159929797,0.15157237229436563,0.6551146306336917,0.3141042807758185,0.3254283707015195,0.7313936880847581,0.49506914841748006,0.4762371483220815,0.03803913080747656,0.5640618735026535,-0.6177311522557581,0.5910149023639667,-0.21460431388058052
106,rounds_1_150,19,36,20619297,549,884,8,9,0.2204066483775998,0.03843302588740533,0.016833132626359455,0.1268535535951907,1.06418912396591,0.7886081465009362,1.5625170927293106,1.3103957952783307,1.7463599548311661,-0.33269654948811533,0.25573701252648134,-0.10482666175501935,0.24904257814797798,0.3730636069822293,1.047342868285887,0.7670064653481605,1.5060944823332225,1.2821621394253115,1.7228332453022046,-0.343693743814967,0.24393991440621643,-0.07554016815195401,0.2363706439834899,0.3988715057285136,0.18748046098630475,0.18257645504690218,0.41485807203275044,0.26930728505394047,0.2837916872524321,-0.05378392268738841,0.517616964590464,-0.5517167495419866,0.5842458262614193,-0.13265267442014916
106,rounds_1_150,79,8,20679117,580,157,6,2,0.1135245997647355,0.130176046944689,0.29808929255232214,0.18622287253965625,1.4918779233485517,2.10878068228104,1.3946424705474292,2.584505194411066,2.7299667952617566,-0.05628218552829689,0.218575823300404,-0.044614563747362494,0.12217702339171051,0.8266271118565153,1.4550826872059714,2.0734235835206962,1.3074135583283402,2.533194771098838,2.6902403856134853,-0.06199508079930416,0.1807142703436317,-0.037153459641946385,0.09794271590757163,0.8402669829150099,0.32766514798293195,0.38239582377742914,0.48447981263839773,0.5099319021559618,0.4612371829308196,0.09549259228391838,0.6968998411739916,-0.16395542969499455,0.579308563704096,0.5354023128871116
107,rounds_1_150,57,96,20757186,783,181,4,9,0.025366963803942103,0.08527969506176306,0.10523009028984234,0.11908187779408763,1.3652136589581942,0.8065336019836767,1.4092630944776237,1.5730921839948817,1.6135098022942478,-0.025693102229219056,0.4398856408496374,-0.07240596390783954,0.403533322049634,0.44808474815610566,1.2835657090103672,0.7720267885568006,1.2884363781409736,1.486949873252384,1.5847541095772564,-0.06577507290877693,0.3834554310714981,-0.04590848123287075,0.3444107071400006,0.48451724055078943,0.46412929264234837,0.2328174328699253,0.5699791471014443,0.512367023200547,0.3018351043732105,0.41090060307205134,0.799877957126711,-0.27537796014704485,0.838014670022256,0.13713339723932563
107,rounds_1_150,32,67,20732261,318,311,1,0,0.052871921649977026,0.036119944299571216,0.07325527774436133,0.21590407815695342,0.7830589955971378,1.0899950889638128,1.362499901360101,1.3480971064000034,1.6785625681008292,-0.2451347607913128,0.22782141261198677,-0.12459144713331642,0.1835241541020169,0.5627107349374825,0.7700270091354333,1.0608046687102421,1.2751055519694507,1.3126597837676448,1.6406324074801506,-0.24985348661413753,0.21799380638336874,-0.08472847286396717,0.17305869480312872,0.5999502859154883,0.14139502893782946,0.24952169407918043,0.4791847968767863,0.30579789826027853,0.3533485551476267,-0.15549700360228003,0.4266994977720611,-0.5873431937512509,0.42313141227920126,-0.08203914234114439
108,rounds_1_150,45,8,20845225,288,157,1,2,0.3749627225414473,0.06607864971350258,0.2923530723899603,0.1921696849555398,0.8997836128865698,1.9135617230364756,0.989759203968503,2.084291979992938,2.1721986821053383,-0.04217580979834623,0.22031417474145837,-0.05624158571343538,0.13717354935348486,0.8828822404385106,0.8681421835945783,1.8839938457301901,0.944401799060256,2.052168709602339,2.1441209283471667,-0.044807338848201095,0.19701977998046624,-0.05141877343178333,0.11576201106514943,0.8894424466563989,0.23576670101252512,0.33309626849106017,0.2954953400948653,0.36240159890378165,0.3457696628738706,0.04589366073499812,0.49595198003976665,-0.15235353662288662,0.5392507431117077,0.7022522698886463
108,rounds_1_150,53,39,20853201,434,332,5,9,0.3446087329132342,0.10316053803803192,0.16597862638799207,0.10612187055198269,1.2366306216314258,1.5000068850976458,1.1347831105407782,1.9161352726030076,2.0109878655988833,-0.049502033782313104,0.2807851518499266,-0.03735764335927021,0.19611312457325167,0.7892758074252202,1.1889548553804932,1.4823373434644656,1.091281926211006,1.8814637065720263,1.9908757837249444,-0.05815263763565426,0.24259056343785812,-0.04256189602565376,0.16340510145354092,0.7964249387884432,0.3390401784730078,0.22775506694404693,0.3102955725689772,0.3609078382333634,0.2811866366163209,0.22089074597901837,0.7510981169301635,0.0747343718475165,0.7203607600364768,0.6298888640943967
109,rounds_1_150,83,80,20983114,292,812,2,7,0.3911815763004714,0.07170435432732726,0.012350060749689445,0.15079164499572167,0.8967474172562832,0.6690362487463033,1.3192836388176832,1.095476954162689,1.4019987642606313,-0.27980671700412674,0.35332460156538337,-0.07872168726463125,0.3457661600796774,0.3948205472315352,0.8722856626903254,0.6511743229170286,1.2893368946140367,1.0663822333922417,1.389154811288984,-0.30268000327610345,0.3391061805538847,-0.06374857515447727,0.330219554611111,0.4044211619942866,0.2071954643655626,0.15287885028290887,0.2782338452040018,0.2498070059255855,0.18744018426681758,0.24966001825163475,0.6321272611611007,-0.37381268968889925,0.7054510646815919,0.1860709190003633
109,rounds_1_150,80,38,20980123,812,121,7,7,0.687463476480007,0.012350060749689445,0.053814243820185466,0.026765128441483658,0.6690362487463033,0.5460837582528362,1.2950070529110922,0.848413514349579,1.3080695057635787,-0.5417829674323218,0.36002624386319876,-0.04379680695984519,0.35111909920720236,0.3537871743814688,0.6511743229170286,0.5315978757476828,1.2763795982495472,0.8290876306556368,1.2981828946004974,-0.5657969635536635,0.34710331652127446,-0.039988130580244356,0.33590867046540407,0.3526014595861768,0.15287885028290887,0.12443593079542917,0.2172317350113524,0.1792154549245315,0.15850018019522522,0.11558866247349919,0.7008418727804261,-0.1412316603715351,0.7428822701729265,0.3996366474353049
110,rounds_1_150,42,29,21042240,216,342,9,9,0.7336546816899296,0.09226083704270423,0.06314189285039902,0.2816758441738784,1.056171724910597,0.9534271081165409,1.6564713632376462,1.399789142047549,1.887433785472618,-0.3483700714464495,0.26524473050828606,-0.06737048712104655,0.25350769188042466,0.45387624884279826,1.0450731661957893,0.92939669386679,1.631539644668891,1.380347199278705,1.8686352706002973,-0.35374293625310016,0.26584823378177846,-0.05569241621261411,0.2499510248895821,0.4576747541761783,0.1513660823678614,0.211765999110454,0.28435214336204734,0.23080758975643068,0.26316478504632856,-0.1401912100206244,0.24579374963189385,-0.3629761737817664,0.411189997462614,0.37911350115921943
110,rounds_1_150,93,39,21093087,668,332,8,9,0.1925539041418483,0.017736278674731563,0.08811275003078793,0.0980539165162814,0.8223920218607138,1.223841971409982,1.7511976217495293,1.4840120514968584,2.0814554637867193,-0.4025866310770494,0.2360630511505835,-0.05986072972823131,0.19092013925698917,0.5391416566197524,0.8008139077205226,1.2123520718525933,1.7141705207988593,1.4602511859009402,2.06139372994483,-0.4116706425908494,0.21449783488582352,-0.05593218209699478,0.17344588931159807,0.5463664962191408,0.18634709756435697,0.16561606931629932,0.35648793164639225,0.2628319863241051,0.2855692823075021,-0.08650886180709771,0.6825419650925901,-0.20266966834167452,0.6219073011817073,0.25837608370075954
111,rounds_1_150,2,19,21102363,315,549,6,8,0.453131239234288,0.13464805247661257,0.01840812013145875,0.2022021535717483,1.3935339558377187,0.6535649252634762,1.8306775104671247,1.5330572258446824,2.0355597615802146,-0.32777806807483256,0.2827297180049854,-0.048305200937453496,0.2739667190760856,0.2952816895091544,1.3711052766160756,0.6415805117951809,1.8038381939672279,1.5077473052224903,2.019886078926241,-0.3396714899969111,0.27357356107407116,-0.040594936779948014,0.2646461028818062,0.30074172498503,0.24747149321088832,0.12388993214538412,0.3102379825359146,0.27574119070620173,0.2490347833357137,0.09685316619577278,0.5777719204761703,-0.2802828074247976,0.6010754342303579,0.12308381394884632
111,rounds_1_150,92,96,21192093,201,181,0,9,0.5382008487322247,0.960986135005951,0.08475234164507128,1.056886630654335,5.229423324862677,0.8425363455178754,7.0796530573771,5.29991677410833,8.47921194357875,-0.5998764329663107,0.08311300450265027,-0.013367204949087875,0.08222543630317518,0.10506563063102567,5.013494618760472,0.8182982002126459,6.906777256022318,5.082253831886686,8.399059531558128,-0.6526249591984947,0.04163724387306559,-0.009299847840932041,0.04104044611666359,0.10853743542007438,1.4851384195411597,0.19989365473277626,1.5515436139866288,1.5010931200767599,1.1567899442877194,0.22936829913085888,0.7091733072338798,-0.08733049106723903,0.7096031529537553,0.0416279191767397
112,rounds_1_150,19,9,21219315,549,387,8,4,0.26029219669963044,0.01001061138019643,0.00972281263093464,0.036416150026277384,0.5236975131077941,0.39905916940622094,1.1299251694814327,0.6684392211371405,1.060936574312012,-0.5871848041878212,0.43357906895688036,-0.09405950198225234,0.41054158469904256,0.2518762993106721,0.5126924875048143,0.3905020351442957,1.112371072806794,0.651411411089985,1.0535384691581253,-0.6173165701768633,0.42223453539534783,-0.08075656854775635,0.40121818557432204,0.2617297897616364,0.10625021517198179,0.08181847929007366,0.1971067736389379,0.14930344651875396,0.12335934962768043,0.17376756863958065,0.7474447444760989,-0.4532201728677967,0.7224603626886825,-0.04272848053811907
112,rounds_1_150,89,40,21289105,533,541,0,0,0.9180375774571018,0.057048078440129754,0.09341178636955605,0.05773642662785609,1.1995227730341962,1.4892373661374432,1.029163450739384,1.81348100689362,1.9631939016716948,-0.08255553502295765,0.14696001464877625,-0.04270809909353164,0.1717447474833481,0.8148309317459635,1.1500777489887248,1.4585271524866341,1.0009593401051922,1.791635094302656,1.9420571976793024,-0.08395800230470152,0.12880518532212457,-0.04922630838756808,0.1350111948015949,0.8156081024094809,0.3398751566370847,0.29933936443210757,0.23838655804034226,0.27843982181208393,0.2850382640184552,-0.02369791132399346,0.4072097165509889,0.09021736411370325,0.7134832495157877,0.8038557687232938
113,rounds_1_150,91,66,21391102,378,490,0,9,0.3250141479190039,0.09756157688098029,0.09178494873223826,0.19385146334243472,1.2575923101630397,1.426089604292311,1.2939646223082277,1.9016624387072116,2.0505613368577587,-0.07829933174247872,0.25531050987521536,-0.06907766059386804,0.17755587163337083,0.7193311521993342,1.2377630372774113,1.4085341959670512,1.2539996970540301,1.8742590993064514,2.031594592195884,-0.08394543366370888,0.24039913856539577,-0.059931057275841075,0.16553623669876005,0.7290728857838229,0.22102075485316594,0.22135729871573337,0.3179712659205436,0.3194441195887728,0.2755366519990479,0.13744960353706892,0.5987732957137857,-0.30594720263853004,0.5529391943952183,0.3792434151134189
113,rounds_1_150,74,2,21374153,285,315,9,6,0.026699450642267426,0.1555854884364332,0.08315371635170388,0.2606782703194767,1.1135522320977689,1.3804324514056905,1.2608613899599215,1.776850069708516,1.9177296570145583,-0.07928614220622054,0.31622605248883584,-0.05208047608670397,0.2161581356842994,0.7222170218639978,1.0561413128166264,1.3655251711189633,1.1717817080107986,1.7261727125140576,1.8967909423295517,-0.09884192269903269,0.2500394771389679,-0.04251224869318602,0.16647615046134948,0.7470702466848188,0.3521121822354031,0.20048190493051585,0.46467772724272016,0.4197720584964187,0.28018611822984063,0.33252794568214206,0.8205555436263807,-0.24212924174402456,0.7928708953896177,0.19150816878639082
114,rounds_1_150,50,97,21450228,359,481,5,8,0.4793628594188838,0.11038420267868787,0.053155084890313446,0.21372776093194262,1.8796202079634685,1.1241774962901356,1.989399379101647,2.1714544168191976,2.605044361344526,-0.19967720306119174,0.21853983797615426,-0.05640427744214463,0.20476313103885094,0.4539659144102119,1.8618480008476173,1.1041156331083803,1.9634595916934026,2.1502133278541833,2.583707552355477,-0.2016052169734719,0.2161685756516525,-0.051332749691548545,0.2002693735541891,0.4555080214530804,0.25518140419413504,0.21023628933613928,0.3177422747426473,0.2999650155027698,0.32894317271804446,-0.09660512298977442,0.3280090323642366,-0.22113716714739187,0.4179512491002198,0.4116544731145
114,rounds_1_150,71,73,21471165,547,564,6,7,0.679263426920457,0.05242015563205562,0.012075274556991644,0.09979728053599088,1.1256114178414234,0.6077882960654187,1.5404200728643318,1.2600895491118818,1.67396151949591,-0.3284464748364333,0.29689509013729887,-0.06888717978878431,0.2962583934575227,0.3103311672339632,1.1038965281549125,0.589482499752757,1.5172276700234633,1.2397249773105932,1.6597146670509748,-0.3387765007780108,0.2897743233375093,-0.06349702598951938,0.28438051074710097,0.3096762053199939,0.2188740639968615,0.1475210485963191,0.26463943619332186,0.22425901779121035,0.21573348314243884,0.038016462984373556,0.5046688060000659,-0.1962305082723286,0.6430103297790095,0.3456657771290835
115,rounds_1_150,95,50,21595096,502,359,2,5,0.10588227071749942,0.336352944560349,0.030748294180375522,0.22681692175736481,3.59838066748172,0.982808664581044,2.1562894637269503,3.7293036809381213,3.953851116633669,-0.060211625254144474,0.175835346139593,-0.04616929373982154,0.16325348532975056,0.37939681171865236,3.5091429347706504,0.9735588067782993,2.0574074817335606,3.638743697800229,3.9069947753544763,-0.0737207948216898,0.14192121346654124,-0.039816486747852355,0.13166897892617896,0.3979094210581009,0.7932043333356779,0.1331244391262605,0.6440830439371926,0.8135151147876557,0.6018704285680266,0.26016073011117036,0.6639000461602583,-0.21017833067820374,0.6641369170577563,-0.003569730112075256
115,rounds_1_150,50,27,21550231,359,244,5,3,0.4054047423191011,0.030748294180375522,0.11689663657918573,0.15362062210624572,0.982808664581044,1.2213480733250048,2.0440555720490097,1.5588354066244376,2.3072345247788855,-0.48010143660712723,0.25641923808211764,-0.05098144134780961,0.23127475033044237,0.4800603920890561,0.9735588067782993,1.208840842273499,2.022105042417383,1.5433087594467632,2.2896436032586895,-0.48359399196274144,0.2523407760761634,-0.04800916944554005,0.22740303030869308,0.48221373788905725,0.1331244391262605,0.17269076191652172,0.29596592151634804,0.21731659070117398,0.2808456484980267,-0.292334136072518,0.460961070897576,-0.19197632243722895,0.44008061177642993,0.3705303860527923
116,rounds_1_150,8,70,21608360,157,605,2,7,0.5855697413672233,0.0602872975403443,0.2061763939483521,0.3820460767718032,0.7985994982788505,2.947215365741636,1.2360098561290849,3.0321464330685957,3.197654618619457,-0.05458449623205164,0.08598589626523194,-0.044867830487462124,0.05967109512159631,0.919669278872951,0.7839756943551323,2.9045126177425233,1.1883538251803163,2.99155143030139,3.149734427801821,-0.052876576313613644,0.0820408827382132,-0.04170146192309352,0.052452680838046946,0.9233345047872864,0.15124663717078096,0.4965298053918541,0.3389208013769783,0.4909150424420161,0.5480467879660805,-0.11637807071436912,0.16372545372556732,-0.11505610223245241,0.26307702190939014,0.8054431840938533
116,rounds_1_150,49,27,21649237,624,244,8,3,0.41785462470999096,0.017474065927000574,0.04329125452786684,0.05415052144268814,0.8230708536241582,0.7516725970412761,1.2909375132691359,1.1116130356398155,1.4955631309492756,-0.3453990579450774,0.2565654666293034,-0.06197455726093476,0.23077853646137803,0.4622573099672974,0.8105779664693198,0.7426589213159673,1.2692497075932097,1.0951037254560294,1.484121729016452,-0.3552339331129801,0.2446913012116862,-0.05523978634626791,0.22048162466065066,0.4687673252871903,0.14196021727492186,0.115123743605574,0.23415412771751848,0.18971701033986818,0.1824561115221691,0.03827226037713527,0.623858340681002,-0.29780448441002283,0.6005011632191518,0.19900560274772108
117,rounds_1_150,76,26,21776159,421,500,2,6,0.6630269204626207,0.07589381327852607,0.06185775010148063,0.08958381113544521,1.445092610767586,1.0623300486459546,1.4215608059116602,1.7322222564100105,1.9983284208102288,-0.15362125929020043,0.21573448224455166,-0.04693240015484227,0.2199794644709789,0.5740878452517787,1.425144679388195,1.0393466314301263,1.405882475089689,1.7135079755601468,1.9809543053096499,-0.1560811700698823,0.21367990785098093,-0.04523101352253246,0.21160045130891214,0.570572952570628,0.23751219366789217,0.21875531565136794,0.20849151505143085,0.2516270129473875,0.26008318049748186,-0.03360596086661993,0.299698845155077,-0.10370696281393695,0.5196841847755501,0.6889962401837838
117,rounds_1_150,52,26,21752231,633,500,2,6,0.4713504241241156,0.09398938861962121,0.06185775010148063,0.11829894965944382,1.5512779377775563,1.0623300486459546,1.6579726566504747,1.8500740484275269,2.150904035790243,-0.162604295551525,0.26759768984367627,-0.04790435969924125,0.2491675280809978,0.5103908806038937,1.5233366187364363,1.0393466314301263,1.6264372808193799,1.8198306669052107,2.132779001242226,-0.17196563396154474,0.2545020122205268,-0.04354549561057935,0.2342659011711973,0.5120003811338995,0.29136003369439817,0.21875531565136794,0.3200125678086884,0.33109477264390647,0.2754511855818624,0.16805939464918385,0.6150858504570665,-0.15326606980690005,0.6590080743419764,0.4728674527745269
118,rounds_1_150,26,57,21826312,500,783,6,4,0.32008216671647305,0.027799283049535006,0.07770795610558708,0.1910571015626192,0.9087929496876835,1.2233761264832086,1.219022344285958,1.4998798586329591,1.6902444686662743,-0.12691990557618382,0.1740471203231735,-0.16532180230670812,0.1598918927772072,0.6476242026328906,0.890861021865363,1.156524569073942,1.1177746836385531,1.4449672556606803,1.6452400157525189,-0.1386002065495029,0.17521521715726412,-0.10891012627269699,0.1449775169835926,0.6815212673478434,0.17865254733316874,0.39800121149048445,0.48547535312451406,0.40093284769559445,0.38604462856333915,0.03713394703833062,0.21037153455794433,-0.5457810116491946,0.43201727883911306,0.3108398767841652
118,rounds_1_150,57,98,21857219,783,97,4,9,0.07329153064732245,0.07770795610558708,0.14725527465343474,0.1075206637106021,1.2233761264832086,0.9071127364794934,1.2510197136773242,1.514483592583131,1.6357371598479218,-0.0800626483235638,0.3197918768400328,-0.08997607974579272,0.2778770438153328,0.5376827432364656,1.156524569073942,0.8905534787123287,1.135583702252535,1.4495661447374948,1.607134508393147,-0.10870036129616323,0.25414114798252674,-0.06940011991171435,0.21619867013578983,0.5824578243889011,0.39800121149048445,0.1715651691797533,0.52403743642423,0.4375019702355953,0.30299924087575725,0.3074334254709943,0.7445380131566209,-0.35393271153849926,0.786603423251376,-0.028367156328897133
119,rounds_1_150,66,92,21966195,490,201,9,0,0.5033965340702627,0.06512091491371393,1.1397334456443786,0.39801125300116835,1.071442500286481,6.326805014695522,1.040556661313422,6.413384369381013,6.411415396092174,0.00030701002394917243,0.09131962270922712,-0.06868685643674491,0.018294036828005806,0.9865076515733089,1.0528958480961674,6.1249702451968915,0.8769202009742608,6.210991880901373,6.214280274377786,-0.000529447395757332,0.07707514351563605,-0.054532677079299846,0.014676502857115546,0.9897788813882398,0.1972722594608735,1.582634657568207,0.5595809873938765,1.5956166394225884,1.574766957087407,0.01306684940483338,0.2766192492510132,-0.1796274142431736,0.0941470527450337,0.9374298010237967
119,rounds_1_150,8,81,21908369,157,689,2,6,0.3168476615142582,0.05605475577758625,0.025098735172235008,0.24398599148262293,0.7861382141883065,0.869615885008577,1.8155225750392703,1.1506083823111568,1.8805587666073156,-0.6344038471455875,0.2968356180387952,-0.07480404148299066,0.29226172542539297,0.37563781687407605,0.7724665475072827,0.8427558312571773,1.7850367996865213,1.1264829534452985,1.8595281793685348,-0.65073796605732,0.2951985372710857,-0.06095247615025107,0.2862126374680127,0.3808850913776604,0.14512229249695732,0.21362362101079088,0.32934645201579377,0.23318637811944173,0.2780363231993645,-0.19233518459191434,0.34415355864953895,-0.3741162678673745,0.48909519728228223,0.28383436175838367
120,rounds_1_150,82,18,22082150,609,569,5,9,0.12801057469753505,0.1545222797932533,0.07077205695871575,0.26412941502550474,2.212739726656542,1.4841916296625965,2.330431638220265,2.672746066173407,3.200994614242119,-0.19764262484726425,0.1806005563557678,-0.06729675759606554,0.15344095227397805,0.4957742175047175,2.173380133272999,1.4620540357997354,2.2470788664250025,2.622112830480484,3.1589389185599557,-0.2047303540256511,0.164427043268632,-0.05172974826034037,0.1399449323824036,0.5143190036654145,0.4130017797141602,0.25365156073056855,0.6157334029813313,0.5148796569920528,0.5133784245391982,0.0029156957989462384,0.5023328956088512,-0.4007695835772233,0.48346208266097374,0.012202731665350047
120,rounds_1_150,11,52,22011363,564,633,7,2,0.21607767255595328,0.07419170215919925,0.0573352939189555,0.21226023869239724,1.3966774534500472,1.2141702868370234,1.8915969271725153,1.8476369898126581,2.3502582643768144,-0.2720346460562688,0.19011490892718858,-0.10093499635876384,0.16974442332268352,0.47767560452749125,1.3777983392364086,1.1845169309828223,1.8450019584240265,1.8146444996215345,2.3244835150596805,-0.2809580694976228,0.18277070746070279,-0.08339803470959421,0.16144620916806784,0.4889809841971217,0.2272209410041627,0.26551057940477596,0.4154794914102285,0.3457064804652729,0.34434151118008316,0.003948347405442587,0.39623652517999836,-0.4475904973059218,0.4484088351051486,0.20935460570397416
121,rounds_1_150,13,7,22113360,282,1017,3,7,0.60457800573444,0.06806768473082532,0.08373021689254702,0.21861061562473574,0.8922395240797377,1.622805102839682,1.1515823901801416,1.8323935782130276,2.0021389354022454,-0.09263586120769718,0.20755609880841125,-0.06654704008861682,0.14499886049127145,0.8026330761619475,0.8658827673612262,1.5945054682127677,1.1117665960044418,1.7996793219992746,1.97690208079581,-0.09847463191367756,0.1900778740484959,-0.056627236223903234,0.12801169452489009,0.8097085471175286,0.214446928019046,0.29999693261966304,0.2992669370820113,0.3427888385359849,0.31462475336824025,0.08216161672016653,0.4700240570700311,-0.2659124886348257,0.5061256889770699,0.6071132579333417
121,rounds_1_150,7,11,22107378,1017,564,7,7,0.933947211979831,0.08373021689254702,0.027910038774522642,0.10962992444457043,1.622805102839682,1.0336522458056059,1.7800152788329358,1.8970196219132316,2.185413849353344,-0.15202490480791853,0.3206859205525891,-0.03761745628582413,0.29767741631498124,0.4775048181924729,1.5945054682127677,1.0188005300742258,1.754912552132653,1.8753487654886856,2.1689677286756868,-0.15656765748875978,0.31166928195108207,-0.04138726661272857,0.28450775876723594,0.47488802635949523,0.29999693261966304,0.1733490175199997,0.29573615473937354,0.2835130481825628,0.26461645400046413,0.0666515855380686,0.6057093662899106,0.09420886273978295,0.6877158819745837,0.5642333245147355
122,rounds_1_150,48,37,22248258,527,628,3,3,0.6708556023378726,0.07684496728364718,0.06356924777814689,0.11398844928269021,1.4194459816309934,1.213704228969288,1.2821108675983712,1.8210851705641895,1.9710922722119095,-0.08237237009691656,0.21457166484126655,-0.0944546213527512,0.19970435564021943,0.6502985337910264,1.389076107357646,1.1749058735993518,1.2390147653179329,1.7943312317171252,1.951800351887238,-0.08775922604848119,0.20285826978248703,-0.0848321086802209,0.17376104823916586,0.6548800778874208,0.29045710128796765,0.30337495135713416,0.3284502448995804,0.30876623954671145,0.27247117321104924,0.11754868792956663,0.43086647990307925,-0.23466480433857576,0.7182058432698464,0.5782614587710875
122,rounds_1_150,53,69,22253243,434,500,5,0,0.3860796937822862,0.09047614805426242,0.03689064114354551,0.1538180312115906,1.120124993237717,0.9789643039343877,1.2718523132699984,1.4691082876460548,1.6872435393220524,-0.14848139753231848,0.2712871701219035,-0.0626967068257592,0.237522003731258,0.5780603014521905,1.0795190790107327,0.9627945274114315,1.2201363129441138,1.4345392201395748,1.665178116156903,-0.16077559454588353,0.24488119455579926,-0.054787245354034585,0.20812065993277842,0.5924484141267765,0.29794177356086426,0.17608666945652682,0.3579968678066278,0.3154072263158978,0.2700647950096377,0.14375837813191739,0.5973090563399587,-0.21643813312920476,0.6826093467538135,0.27151745801422605
123,rounds_1_150,92,11,22392129,201,564,0,7,0.2800936311514998,0.7887747962772846,0.02148874175812428,0.8523661847412586,4.252703356766049,0.8290645010824687,4.423246711332565,4.331311369733499,5.383702326558122,-0.24297282439183676,0.24275727736356115,-0.028390252809285962,0.24016861682569599,0.15713089007041392,3.981332647470098,0.8140991737349468,4.164662004625363,4.062711918942233,5.288813972314908,-0.3017939932329494,0.17213193792134154,-0.02511142559411981,0.16998102955162778,0.16799803906717428,1.4933107481188546,0.1559283965522381,1.4884817248408857,1.499968578514731,1.003100555029373,0.331252287949496,0.7696400386469678,-0.0814613752454775,0.7729850114091819,0.023366598370368856
123,rounds_1_150,96,16,22396117,181,561,9,8,0.052609873765545684,0.06398434961447493,0.042769127201366545,0.31364548558485694,0.7213849007835134,1.243217365872335,1.290973565828988,1.4342738878503742,1.7180905696766837,-0.19788178829057634,0.24519187051986732,-0.09820496292216141,0.18957506010688993,0.6559371286816899,0.6930503059675286,1.2205194420565129,1.2138128655484284,1.3961490082109687,1.6927810518105069,-0.21246445891878252,0.20632099244586558,-0.07085398163941053,0.15995791459435274,0.6837571219519466,0.19958636191498608,0.23509663343798165,0.4386454099764903,0.3271702690051984,0.29185977656125645,0.10792695971827715,0.6240152237095069,-0.5091243014895495,0.6455042109028089,0.031164664824628985
124,rounds_1_150,96,19,22496120,181,549,9,8,0.1486792054015627,0.09629863319569268,0.009621219913771545,0.21294372893171384,0.862903746018271,0.4819011405984612,1.279334546417275,0.9928192167529556,1.270810748856558,-0.2800021669733408,0.40265840956307536,-0.0960267189002548,0.38546769555350474,0.2713764384599666,0.8323119931979358,0.4718772815407536,1.2330125391414424,0.9592815006710771,1.2560734500316146,-0.3093898393254879,0.37551038795616093,-0.07913342042905869,0.3581046827186053,0.2913161207404232,0.22703750330638645,0.0972708023074268,0.34008838865733254,0.255036791251611,0.19140761424322084,0.24949018804747936,0.7630743518552775,-0.39643632821876496,0.7969664576406547,-0.11941453729328366
124,rounds_1_150,74,38,22474186,285,121,9,7,0.6732500490347418,0.13612234638227771,0.132290189464887,0.10680515821635102,1.0549231808204047,0.9846010151515914,0.9369384477004158,1.370417978344445,1.4930489772664026,-0.08948437692717959,0.22423855225454467,-0.04521895672721637,0.23108780268017556,0.7094571871655893,0.9930366452912601,0.964221838521647,0.8961526797854873,1.333095389758317,1.4743904295894807,-0.1059901946377444,0.1732125630297386,-0.056775204796811286,0.17602904343943912,0.7143569266285997,0.3552551385563919,0.19823425656018076,0.27267419103814666,0.3164500891541584,0.23361291265968304,0.26177011583688103,0.6950697435688467,0.13638755809651762,0.785672015251057,0.6570225874216519
125,rounds_1_150,62,60,22562225,558,576,6,8,0.05910501578369123,0.0757003915059613,0.09729296350366591,0.12539405702555087,1.3712852000100073,1.332977717105983,1.529373875354307,1.8442053816104602,2.0797838924559073,-0.12773984567799457,0.26424918602765535,-0.07510124957183156,0.25490900995195587,0.6240937963816193,1.3129123287306055,1.2694513549498323,1.4436056477501809,1.7852916596090027,2.042061548803275,-0.14382517714248877,0.24119898850807947,-0.05100602773280126,0.21597801233865854,0.6384119863047376,0.39468433968455097,0.40553922285878347,0.503742937783168,0.4607667527773366,0.39232786604212355,0.14853260640592658,0.4858726117433949,-0.29110917790199914,0.697334596148198,0.4732444667000015
125,rounds_1_150,60,32,22560231,576,318,8,1,0.7750413063287339,0.09729296350366591,0.186314196226054,0.1103468958560067,1.332977717105983,1.5935110509604675,1.1320572497834536,1.980529244797847,2.0888572814093482,-0.0546965094789893,0.20023342167987443,-0.0655279296264798,0.19771200713050788,0.8024961821489827,1.2694513549498323,1.5426565995779336,1.0961875991626209,1.9407974714698886,2.0577827153349575,-0.06027689420703375,0.18502431063589744,-0.06472601261326962,0.15884987583489815,0.8025812894379692,0.40553922285878347,0.3978993189689123,0.2816715031672847,0.39271781399148786,0.35676127689496395,0.09155820239237544,0.3893227118806401,-0.07737429880757485,0.6763827233711966,0.801278301737678
126,rounds_1_150,47,84,22647273,572,417,3,0,0.5239987652485096,0.05763973700328885,0.044665477973305515,0.1238361136522144,1.407264419927033,0.9601022808093373,1.8901800928013504,1.6751057503073263,2.235349847493361,-0.3344529723471181,0.21949806035832703,-0.05902931534077084,0.2170599292006683,0.4101349086454559,1.3900398789185184,0.9402853789845633,1.86991546637296,1.655676431736272,2.21906748656588,-0.34027847714108717,0.21617050343483063,-0.05398035527908813,0.21064612481029654,0.41000374758103914,0.2175241158295537,0.19305011151876805,0.2734021998060958,0.25204111752467373,0.2658249398537949,-0.05468878437174762,0.3644802482438432,-0.22980308050214696,0.4997916446556849,0.43957886888163045
126,rounds_1_150,27,76,22627333,244,421,3,2,0.7593809060199374,0.13107176818884908,0.0489995835426574,0.12280928064137697,1.1375765325098603,0.8613271150528149,1.1713524905311192,1.3595206007103615,1.5225751457669396,-0.11993532497512782,0.28424389400515093,-0.07166893256407013,0.2960357915066366,0.553952070576695,1.1175328202733201,0.833446851875972,1.1567426426509693,1.3430493312283383,1.5091233662173538,-0.12365445641309836,0.28880621463856804,-0.06104417060452623,0.28659054700195624,0.5512489114430585,0.21141075025566966,0.21666163538168343,0.18301787904723216,0.20939348369716945,0.19987976437460234,0.045434648464639515,0.13663501537326986,-0.338132513055365,0.5961019003019015,0.6683997322185392
127,rounds_1_150,11,97,22711384,564,481,7,8,0.4344232302046211,0.016741911639110187,0.05413134341361001,0.07201640781907676,0.8022481131482323,1.156875492806643,1.5870161686973514,1.3914076307188719,1.9429510721697136,-0.396392422518113,0.17495794079623656,-0.06374537701045675,0.160921944304707,0.5546462029285282,0.791034975797632,1.1429766874472789,1.569070583328191,1.3753175875509172,1.928062147728181,-0.40190321506871585,0.16864672205346853,-0.06061414590003442,0.15405556405826545,0.5560753654866061,0.13268865061081583,0.17721492444080586,0.23587655489320036,0.20911715045516308,0.23701754197635558,-0.13341991061213632,0.4258585083164009,-0.1977622255873009,0.4532394475890281,0.49171191891795624
127,rounds_1_150,79,75,22779180,580,599,6,0,0.3251270532081538,0.13249078064691275,0.027556089472879346,0.13203661695006302,1.5821293041039708,0.756431800835882,1.5809423742825826,1.7446199254264114,1.8101692571619525,-0.037572270487235215,0.43762368790325634,-0.032255724263230805,0.40559169007734686,0.4076637377425295,1.5408611695118561,0.740349333470224,1.5448536435060278,1.7020301502432014,1.7961867201057053,-0.05532015390505873,0.4191819008366755,-0.02690636193530215,0.3869168496634563,0.4122528845104373,0.3573902507703963,0.15443338709501692,0.33407593365320404,0.3813187250971412,0.22172119409288538,0.4185410274924166,0.8055122495755366,-0.15022892960263617,0.8019141593029839,0.3009872834546375
128,rounds_1_150,74,86,22874198,285,659,9,5,0.012742551710043175,0.13698570430278778,0.08529665939609653,0.36907271402111896,1.0769820825356782,1.9016514636299713,1.2033155307229353,2.203303513891201,2.303065448339842,-0.045278344004659354,0.25426747583793574,-0.07415344359366359,0.12401851030698213,0.8338038675610864,1.0039195982455644,1.8759090681635933,0.9921687029665504,2.140243533380252,2.2592372801610563,-0.055598227456325144,0.1521677757770467,-0.04237877174688203,0.05958110401773471,0.8797064127132085,0.38916034594093346,0.30949538792436565,0.6799542066287032,0.5213321786074057,0.44483879899081,0.14672675648168598,0.671103559056517,-0.4302367309473138,0.691766643160569,0.02761077579643738
128,rounds_1_150,4,21,22804408,287,526,0,5,0.41644396824247587,0.08633510541015615,0.17711935541592538,0.18408458119956778,1.2120708539412366,1.9308029255931725,1.2367914785237213,2.273482091683448,2.3899637093020067,-0.05123489560118211,0.25929166075921584,-0.043770954903668335,0.147937896704026,0.8352215601171254,1.187555066914905,1.9071349709484262,1.1878230428379022,2.2418584341306174,2.363721601255177,-0.05435810097073235,0.2348042088457666,-0.04132734929851356,0.13061317960660887,0.8427531169665011,0.24129155760611098,0.2990107204348061,0.3434749788442273,0.3752066234638848,0.3501087582762915,0.0668907839522962,0.6909666752150642,-0.10538959382959562,0.5836191578249162,0.6098155704242365
129,rounds_1_150,75,16,22975198,599,561,0,8,0.2806374909647963,0.01223502578213811,0.021620851100306027,0.09270602471660823,0.4901582048725134,0.7468590027675,1.2805581773620274,0.8911311074180639,1.3854597011863217,-0.5547203881149547,0.23035441325155204,-0.11776988778760052,0.21290135947633265,0.4244125319645184,0.47814664701145293,0.72915776982756,1.2500362314640447,0.8676019538309893,1.3697524787858477,-0.5787798456856386,0.21675814780833377,-0.09873511792340273,0.2015530728645886,0.43780525962517497,0.10733963100550534,0.16088009917798263,0.276565132593391,0.20258563211957537,0.20618627894137168,-0.017773456015237166,0.5035895561886127,-0.5070018931265067,0.5112680423907243,0.08634762793920346
129,rounds_1_150,36,41,22936315,884,485,9,1,0.2451807925709387,0.03059433374308153,0.033343108945991844,0.079862788967633,0.979921244011989,0.8500259512696361,1.6138799914032993,1.2750131264068827,1.7855338515586698,-0.40040428963306973,0.26512064006441105,-0.07419688188071011,0.2585904818858418,0.41320324072428605,0.9429775446304584,0.8334658253774795,1.5791864638519193,1.238425741315086,1.7692055392975055,-0.4285923493634616,0.24234724903424051,-0.06673132714447516,0.23581452250900933,0.41946372074305893,0.2657173935253225,0.16602588603075186,0.3311854601569079,0.3020872130250319,0.23822897459552975,0.21139007437633794,0.66117732638216,-0.25295771848789167,0.701268980853435,0.2486374938757138
130,rounds_1_150,55,97,23055261,508,481,3,8,0.09868479335720723,0.1378767669687725,0.04390226087067276,0.23683256946334785,1.8757734554330956,1.0157540923610184,2.259313457095672,2.138788804218697,2.5915826889261067,-0.21170574851256352,0.31984611463419266,-0.054822223647878365,0.2952393822413982,0.367665961619549,1.8430087893093194,0.9997156667558671,2.1998907574844573,2.1000661891173835,2.561617797998803,-0.2197795532698903,0.3067066058502326,-0.045669350557121846,0.28253890824161315,0.37871646296824385,0.3469537173655444,0.17864240464070552,0.5128357773767352,0.4026990086892842,0.38993302114487266,0.031701065234708725,0.6257145694162892,-0.2753509811577418,0.6202199358928835,0.07570845750467173
130,rounds_1_150,97,65,23097135,481,1447,8,8,0.7282349848994152,0.04390226087067276,0.028615457709007575,0.19253114079590886,1.0157540923610184,1.5389794564257684,1.5679991827624042,1.8281554992911648,2.2327840805912667,-0.22133159977747496,0.12384014628805816,-0.08722497790716846,0.10612385108628695,0.6680140391534884,0.9997156667558671,1.512180705785392,1.5335710720970097,1.8050777945963743,2.2091268704255325,-0.22384025610348046,0.12274202324281822,-0.07622655883856139,0.09765389519274771,0.6740424150864293,0.17864240464070552,0.2842714548637782,0.3252026783218529,0.28738680053747495,0.3213956886599629,-0.11833837900308586,0.15401974673572313,-0.363224655246501,0.38900718644522897,0.4808170420555986
131,rounds_1_150,71,47,23171216,547,572,6,3,0.0049487396164212185,0.0677292163811878,0.02077042225088614,0.15740200687750158,1.201395877767495,0.8417825559459345,1.669226000817303,1.479912017794133,1.8358303839888666,-0.2404996796534189,0.3268387111008703,-0.1050782824550588,0.2961143807617288,0.37254180317054225,1.169729585159722,0.8248638682558088,1.6059198425593701,1.439505099241817,1.8156898437328015,-0.2613292198055568,0.3019281571817117,-0.08307179334783023,0.2723620118515457,0.39662395598898686,0.2728633119743157,0.16701888449463323,0.4538497811667507,0.34204510347294476,0.26879436349893987,0.21415520710647717,0.7097605033448414,-0.4942651874024095,0.7406723549199485,-0.1437337763846698
131,rounds_1_150,47,74,23147288,572,285,3,9,0.038166531919574136,0.02077042225088614,0.06879381081477429,0.13001447092392482,0.8417825559459345,0.8069793446050559,1.7313979416237097,1.1651538262806977,1.7749310361754056,-0.5233448117672028,0.28197138309197334,-0.13706594716697218,0.27087866751937334,0.3152206203519123,0.8248638682558088,0.7555871294904174,1.6508346987243925,1.1127171709511727,1.7420730033080036,-0.5656026965224641,0.2654831351513851,-0.08239559789835091,0.25383955316468626,0.3524235011192783,0.16701888449463323,0.28277691330714533,0.5204013897594626,0.34465912468766996,0.33795244248802525,0.019458884791523468,0.5660585579136357,-0.6013815219394064,0.6281291478519482,-0.0724026734071134
132,rounds_1_150,50,49,23250282,359,624,5,8,0.5277521416629892,0.1825059270951897,0.040324508948609804,0.16015575341880323,2.301060789820738,1.1644287380682523,1.5452872970892548,2.559420650430222,2.72948658595356,-0.06644704358963072,0.16241116545508313,-0.09265613543243183,0.1476846644295429,0.5530077788162576,2.280287372318345,1.141414717187028,1.5161135422319236,2.5321342413062395,2.7052187130965093,-0.06835517207846831,0.16166711197689923,-0.07924607914896492,0.145293778855957,0.5598910138231535,0.30509792427734733,0.22916838448187463,0.2973074172624833,0.3692858659831339,0.359434612793416,0.026676496712083275,0.20213194271601911,-0.4322442416102046,0.2626752679533492,0.3514965152862101
132,rounds_1_150,49,82,23249285,624,609,8,5,0.09709592625365182,0.040324508948609804,0.051972452046958585,0.13654570144225056,1.1644287380682523,1.4672513685422939,1.613372821253331,1.871657145706635,2.2067459611707703,-0.1790332253066702,0.2372585137121149,-0.07284684777793071,0.18340958012958755,0.6426586555201286,1.141414717187028,1.447170206411843,1.5651120209385194,1.8410453036590024,2.184300193977628,-0.18644565108551125,0.22127959228976563,-0.06120350193583108,0.1692947817846608,0.6542369765765307,0.22916838448187463,0.2400316286515763,0.39021741143731237,0.33487876112447873,0.3109634336827305,0.07141488269200391,0.561472974136736,-0.3592350614929054,0.5686021670353443,0.26443085219547585
133,rounds_1_150,1,83,23301432,189,292,6,2,0.2615933982176689,0.07453072342323139,0.07915033400834849,0.29641028626356275,0.9334272374021797,1.031566965076978,1.3938003831947374,1.3947163770639042,1.7167435921708674,-0.230890825118782,0.2629022775868845,-0.08924306648909454,0.2177893220758793,0.5470319057980877,0.9202781855529987,1.0127056744069076,1.3467560014623576,1.3698369184834733,1.6954493480045527,-0.2377016016487279,0.2562794654713319,-0.06613396304969978,0.2103428975722381,0.5664337157248464,0.15494601035602046,0.19521566092103126,0.3577892237815808,0.26065425585213586,0.2674092110993486,-0.025915384443385925,0.43722578583088084,-0.5438261397053833,0.4584196406235761,0.0021332696362848782
133,rounds_1_150,22,29,23322369,516,342,6,9,0.012050717735741824,0.026661067503631453,0.03145711609727836,0.11720275587444617,0.7888234643829499,0.7528350672619569,1.3260738337390279,1.1194401328436787,1.3727603625995861,-0.2262918956750335,0.4014778945383841,-0.14385472074957625,0.3444494012072777,0.3937221662285514,0.7500361195176686,0.7315364563418619,1.2194849890687973,1.06516154433703,1.3435684420003484,-0.26137528072007377,0.3488474149940648,-0.09998040544892389,0.29518703513219535,0.4489357322350875,0.2436543079923369,0.177086019710533,0.5198811304891661,0.3433858530775618,0.2802700662724483,0.18380427218956308,0.7938462740415368,-0.5893957370704731,0.8121963174059756,-0.29430231885026736
134,rounds_1_150,63,65,23463249,560,1447,5,8,0.33862147942053794,0.07094067334740733,0.020600245870019566,0.19581279562359366,1.5006366182882618,1.1258762380090628,1.9454611027396966,1.8570060618499908,2.3815720759075623,-0.2824794301075071,0.21048398138687213,-0.07588251433165111,0.19937673071463566,0.4502760480102135,1.4810076833280326,1.0972036748869765,1.900567976723941,1.8281152314136075,2.3550850679967392,-0.2882585449362769,0.2045052829406555,-0.061495265029744325,0.19075642186156666,0.459103627479151,0.24005864512744976,0.251365189748878,0.4133352134202726,0.32407308227882675,0.35097374681556,-0.0830080188936777,0.3883327074788136,-0.36392588357407074,0.4859179430956446,0.25361938603935463
134,rounds_1_150,73,59,23473219,564,272,7,3,0.15765865421676242,0.01073553278692998,0.03243941420999666,0.10711609561209721,0.5868657226350942,0.6547397821270429,1.6360467310500326,0.8872403578670821,1.6578255992632198,-0.8685191499275549,0.2858410596812175,-0.07774751053985023,0.26578821705971184,0.30773271103912064,0.571511650154104,0.6451930558781529,1.608708814938983,0.8678953783373062,1.6398947085207756,-0.8895073639664353,0.2751977491800512,-0.07028449578881948,0.256506624687095,0.3147451470620209,0.13279072188356006,0.1105581273535909,0.2959861392902491,0.1833332411717073,0.24104172425531592,-0.3147737023290811,0.5414392908760988,-0.31408559187708973,0.5189741025456261,0.062485010850831135
135,rounds_1_150,88,54,23588177,338,435,0,5,0.2505310189690633,0.08175478182134352,0.0429068454929317,0.24259095909739178,1.1635715569834946,1.1541688596514144,1.7847645539544188,1.6398999677165147,2.1310731563637044,-0.2995141156878769,0.25819303908429075,-0.06330440888222079,0.22267137462024347,0.504652286936239,1.1461022904012772,1.1439695338690374,1.750920860669037,1.6182101946551097,2.114582880841334,-0.30674178658973084,0.24637658687942718,-0.05592675280191633,0.21252374238364793,0.5134623907054705,0.19951702644308533,0.15126872676802555,0.3441113556066951,0.2637333918935991,0.2613923015198007,0.00887673099333175,0.604822943811194,-0.3514903282284097,0.5900280917255153,0.09369289670746679
135,rounds_1_150,58,85,23558267,949,450,7,9,0.15906524153044593,0.030687808711694454,0.08381871696975496,0.08650431236662706,1.355068640331652,1.4281296255223281,1.672948434761421,1.9667556493431881,2.3176673454973877,-0.1784216032486745,0.22161544367623093,-0.06079800854719979,0.17517444836155147,0.6219849324445631,1.3357376955314444,1.414829225738183,1.6365086504248776,1.9438565833759902,2.2988144445014567,-0.18260496384408875,0.208382426088313,-0.05639798122374607,0.16354004453950563,0.6291549208098948,0.2263802995914911,0.19259077336114017,0.34554849376708985,0.29679123084095854,0.29169903414276743,0.017157503891750303,0.5958261306998073,-0.21925822154618804,0.5785977329737813,0.3274209932596911
136,rounds_1_150,86,90,23686186,659,323,5,1,0.3572861837671896,0.03160214570151376,0.0896597804202299,0.07541555373297472,1.3813621394646587,1.2544990807890217,1.3513268305380821,1.869888003894833,2.0638109960453788,-0.10370834603282075,0.19378385238868,-0.100218315743386,0.1466858356083428,0.6397238076532747,1.3592923255482352,1.2262257616369805,1.3075503585318575,1.8338993860356347,2.0435469226494405,-0.1143179054479122,0.17603921340496528,-0.08451877621942393,0.1316435457346698,0.6504437891472091,0.2441893894389412,0.263511341561191,0.33970762053915354,0.3629498901697885,0.2855988022272421,0.21311781608850044,0.5856322066118079,-0.38209203967019945,0.5670361413780081,0.39186196932252804
136,rounds_1_150,94,89,23694162,500,533,9,0,0.018740291637501846,0.0729985914286226,0.04761137833226133,0.20494574756361544,1.1396539526239478,1.114127221049158,1.2309339416330438,1.592862317395748,1.7638920194286634,-0.10737255829652659,0.23181121391091408,-0.10598751998528697,0.1825205558086069,0.6264265642514787,1.0994109152528264,1.0852820900281668,1.0766345960369916,1.5397693687798653,1.7182743537680067,-0.11592968960643191,0.18231356868154525,-0.06246256778702604,0.13741558478574736,0.6877641578566145,0.29915173119572325,0.2507834564309923,0.5957388950062664,0.4064051905313636,0.39701565283035417,0.023103882331652503,0.6120691718730157,-0.482883999024159,0.6563730763784252,-0.07053652613729881
137,rounds_1_150,50,44,23750297,359,631,5,2,0.2319246344338727,0.040745526683167554,0.08986294279322744,0.23212161570554599,1.1274038873494794,1.5996413726184706,2.0527509881148265,1.953451071018832,2.597325592418698,-0.32960872731972257,0.1786243572871547,-0.06956922524539773,0.1483597009523472,0.5796917975170126,1.115490020355706,1.5773341781392127,2.0069672451193243,1.9270518896203166,2.5729667969577363,-0.3351829345211266,0.17255545994902444,-0.055070798529405676,0.14283995923668846,0.5906476230527176,0.16204935701684753,0.26435789677483995,0.4290415799358764,0.31780019863838027,0.3513646927848649,-0.105615082338816,0.38713822048419266,-0.4751530464465952,0.39527985817019073,0.15823296294218564
137,rounds_1_150,69,33,23769240,500,964,0,5,0.6156145180399183,0.028156486593652517,0.05259194060228765,0.19561239811126144,1.0407203442931003,1.8326907323485178,1.6176379248548487,2.0946039665621123,2.470144479172285,-0.17928950704058377,0.15349267374556622,-0.06504892304017568,0.11609194988113333,0.7306519382402893,1.028179800467717,1.809824360606791,1.5828378952986228,2.0714154543555106,2.445599844018238,-0.18064188373024814,0.1503500260013132,-0.05686669131263526,0.11060711439163773,0.7363473040642811,0.1596768073260797,0.28619705446409494,0.3318150523559187,0.30785458527372617,0.3438550061936714,-0.11693969374513546,0.2559031586358963,-0.3133923471533952,0.3419454984193538,0.5005891980899053
138,rounds_1_150,94,63,23894168,500,560,9,5,0.005535298384729972,0.03724359225830995,0.04513445618795231,0.16672309399815277,0.8369252989775522,1.4989697635030463,1.4673221623585546,1.7324403531035024,2.056654509577913,-0.18714304125600156,0.246357304562101,-0.07262729933209235,0.16298264433284462,0.6893027993673191,0.8051187128270402,1.485402042580078,1.375075260945827,1.7018387356858091,2.0249917294659383,-0.1898846153891922,0.20270390836005864,-0.058179786010186044,0.12872264785262652,0.7153687179501335,0.22773901450317727,0.19902138055608848,0.5108117193724213,0.3221789716578325,0.3571643921591558,-0.10859001852696726,0.6690171364051162,-0.40086392661664233,0.672386358121748,-0.012274572096845321
138,rounds_1_150,89,63,23889183,533,560,0,5,0.11314623804731513,0.06019112724911379,0.04513445618795231,0.15636506343937734,1.0942705237781987,1.4989697635030463,1.482054962210215,1.8585338920301078,2.1528335053377323,-0.15835041511465575,0.2345930635038983,-0.057399305165148184,0.1676956190928926,0.6908705037561695,1.0518201966611322,1.485402042580078,1.4005405459740565,1.818349978277211,2.1315725340186495,-0.17225647399198696,0.1826955321828171,-0.04471455701357973,0.12973920342790884,0.7130048402754692,0.30090065673461985,0.19902138055608848,0.4835987441314168,0.38249036311868523,0.2988382269556759,0.21870390532441308,0.7630603463168627,-0.35735646338282756,0.7563281379196884,0.057919492897360036
139,rounds_1_150,43,53,23943324,30,434,9,5,0.4234800328266983,0.1453499318100512,0.045751410311398406,0.827136630564928,0.7870063363378064,0.9573311946937435,1.2405069996888496,1.229312953121787,1.5654842673819769,-0.2734627609727023,0.18973920535016234,-0.09635053362655245,0.1682374408045994,0.5614791409817773,0.7764471643549066,0.9345706693519663,1.1885565023987852,1.2064897389467537,1.5372801018428879,-0.2741758609442537,0.1876184170967765,-0.07146540810989431,0.1620180899142513,0.5825230858194392,0.12748289820089748,0.20661198234907016,0.3540837744009467,0.23450315862035145,0.2940977255158276,-0.2541311905821988,0.2659356630131002,-0.4774949635002833,0.34991126280737506,0.11979178535204804
139,rounds_1_150,76,53,23976225,421,434,2,5,0.03932959433231339,0.021952624290457204,0.045751410311398406,0.15033434233110812,0.8252177254513455,0.9573311946937435,1.6299445364680143,1.2760615379091225,1.8464021044711452,-0.4469538103127444,0.20066500488247596,-0.10767739608095135,0.17139241033582808,0.4345363832475532,0.8120925426772198,0.9345706693519663,1.574869374627674,1.2465247444687888,1.821460815377214,-0.46123117367672983,0.18627694269649817,-0.08147835420090035,0.15895405374134383,0.4569056239918322,0.14560241453894152,0.20661198234907016,0.4186416042701995,0.2716853462033673,0.3003108974309939,-0.10536288256856952,0.5169863016951383,-0.5541333515773204,0.521882544882227,-0.07261154175751952
140,rounds_1_150,29,97,24029369,342,481,9,8,0.09560839548993971,0.059826735776316906,0.04225169111043215,0.1167807563457505,1.0952468621894829,1.0572348201845958,1.2758602925104023,1.5006130354622373,1.691453668055954,-0.12717511315962393,0.3033889768747617,-0.06329042618248107,0.2598556645707303,0.6085440204751754,1.0589839311815241,1.0415466633084418,1.2240837934134376,1.4675679042916312,1.6725389398479333,-0.13966715608654434,0.2778266134872595,-0.052733916639441714,0.23317097266270015,0.6243409577860912,0.2785184179101432,0.18021692211350218,0.35866178683703903,0.31169642721260865,0.2502195872906523,0.19723305933187008,0.6361243358798817,-0.2791995481157069,0.7107305681696804,0.22647577332840454
140,rounds_1_150,88,26,24088192,338,500,0,6,0.11331377648007823,0.07669383595764105,0.01627387452404946,0.14980693697330674,1.3688344687083687,0.7164881850521645,1.5958756082374368,1.5498817387951982,1.8723214802894055,-0.2080415127317108,0.29360941375919053,-0.07022371635341389,0.2719373437018798,0.354953087205744,1.3516830388733518,0.7082061083834645,1.5649248545593504,1.5274788013174485,1.86021456169973,-0.2178333081253223,0.28054545422449023,-0.06086739001127813,0.26063142260379824,0.36529158282583185,0.2142404520652171,0.1076577089850592,0.31100024809435634,0.2606619842306019,0.2095948432055431,0.1959132674286742,0.7144607264391303,-0.3812314184797347,0.6874600512952427,-0.03790265306119175
141,rounds_1_150,85,70,24185204,450,605,9,7,0.07902549490598718,0.030638595817921062,0.05825612181976724,0.24831865639943215,0.939685997063794,1.856410313616004,1.587777899237796,2.0830887316227735,2.4396488157797473,-0.17116893713846038,0.1425602864580304,-0.08193323998306902,0.09438609408863007,0.7371582122720152,0.9296374109456601,1.8277451099770519,1.5224726532844899,2.0494421767778697,2.408096708935864,-0.1750010496621428,0.13102498830250245,-0.06258591935285328,0.08765440179837192,0.7518050570335703,0.1357702028633201,0.3228624029961115,0.44936638888809755,0.37052141908781505,0.38815468341298087,-0.04759040481000287,0.44527244226818063,-0.46255968708425504,0.3527564958274758,0.27733810462180025
141,rounds_1_150,99,47,24199162,533,572,1,3,0.39992002352169154,0.0502300804914822,0.024197941415089495,0.09000803783789954,1.121524716009515,1.050433043245088,1.3732125832553714,1.5122264510461967,1.768699235499204,-0.16959945666574794,0.28632771054297207,-0.05625868938060344,0.2535856037040615,0.5788195438896135,1.0861201133341678,1.0330257848859261,1.3336656083251728,1.4824891134683964,1.751201006936181,-0.1812572456866901,0.26685154809393496,-0.049594145097619204,0.22993380709330058,0.5874318277221382,0.2785131662709973,0.18924071535015288,0.32573503112793134,0.296839875938265,0.2457971045408958,0.17195389007636153,0.5967776259319405,-0.20699971185995292,0.7027427032195284,0.35704910224039754
142,rounds_1_150,19,6,24219405,549,753,8,3,0.398573461543479,0.012058847158385271,0.12347415684926091,0.2000129301481965,0.5938726768274739,2.0874287167011656,1.2809069054875106,2.1635582947376464,2.3565090875761223,-0.08918215576062072,0.10523944330325825,-0.11378209424615347,0.06860380450981932,0.8363722116089497,0.5822870289249168,2.055435268976311,1.2178307672065627,2.1321476563694546,2.322382732827337,-0.08922228059092685,0.09760950478600898,-0.09932771392481685,0.058778321220506316,0.8474536542128493,0.11603444617517933,0.3613885557376425,0.3959638038931643,0.36452015764028795,0.396735928263198,-0.08837857097247515,0.23501994324339986,-0.3866847573653725,0.3360764246322853,0.4954413370974551
142,rounds_1_150,92,19,24292186,201,549,0,8,0.47583457539114515,0.5045821449160576,0.012058847158385271,0.7802626413106918,3.563953835395959,0.5938726768274739,4.305527825903189,3.6114965456148083,5.187897697193455,-0.43649526772848857,0.14725914607629081,-0.028725618316844084,0.14682262473048527,0.10860583525496671,3.2770836395297676,0.5822870289249168,4.0253429037601345,3.3256923650115424,5.068781989647243,-0.5241283418076015,0.05483629531558985,-0.026522179333354125,0.055158287625258345,0.11735802685533786,1.3997883941203395,0.11603444617517933,1.526360357383486,1.4069114515129222,1.1026230913894883,0.21628110269215406,0.7186648320541227,-0.0633110885039733,0.7185204122637624,0.012733775285670159
143,rounds_1_150,95,66,24395180,502,490,2,9,0.04702974156794768,0.2596638611941175,0.019201841786270962,0.27082979859657247,2.449516664301331,0.6925235317057493,2.5170411504129526,2.5441520376413775,3.159454431924806,-0.24184969497886621,0.2157682694941182,-0.047443966882500084,0.21116419190197194,0.2222458970544409,2.3959730428087074,0.681274110659523,2.441187346563096,2.488108421068447,3.1205152540758867,-0.25417173450016706,0.19498917166508217,-0.03952605189172197,0.19094080644700662,0.2331303768633821,0.5068634237360307,0.12354114792069797,0.6111819270129142,0.5285233595049721,0.4903826742305529,0.07216461597864421,0.6111094761492455,-0.2236844613600586,0.6149828360548045,-0.022104469018858607
143,rounds_1_150,42,66,24342339,216,490,9,9,0.8725551331245538,0.18479193788021803,0.019201841786270962,0.23531304316595197,1.7378483081398581,0.6925235317057493,2.011620764380178,1.8414520699700572,2.2914861152920687,-0.24439085472875188,0.30686858425088814,-0.014750077367978686,0.3062575857396317,0.31298965310178256,1.7174848057451069,0.681274110659523,1.9926886102955341,1.8229529593003297,2.275957204734685,-0.24850023865027415,0.302999720205664,-0.014733777706842565,0.3006080727084612,0.31096686207232194,0.263213441350709,0.12354114792069797,0.27244589489395743,0.2580230834673921,0.2626951804071194,-0.01810728279401319,0.49334021626654345,-0.015414677292473969,0.5666968255749186,0.4012719319374848
144,rounds_1_150,10,26,24410438,512,500,3,6,0.12943076669971326,0.0575325497193262,0.0433498807810247,0.1121410591898232,1.467342899151886,1.0058786051125517,1.6262153397835326,1.785446478058825,2.1610136909041047,-0.21034918574182315,0.18088955489644953,-0.09143443158784256,0.15628167803878137,0.4678260688589267,1.4499961909858092,0.9879263053018205,1.5823439515652145,1.7579577181865491,2.1380616560048322,-0.21621904434105832,0.17163196374066098,-0.07527249278269987,0.1484906953843626,0.4823445739326118,0.22292553971565063,0.18809383159847787,0.3736321552110399,0.3099236140258414,0.31130613247885897,-0.00446083612364645,0.4512403249423051,-0.4522941705141273,0.431353595320979,0.05723022487957884
144,rounds_1_150,20,80,24420408,807,812,7,7,0.69623549736139,0.1337969477466472,0.12110779737670194,0.18197728330680332,2.3447365652466483,2.4568644152590497,2.3484762402506507,3.3628357494000736,3.833143932236019,-0.13985463991806557,0.1439143642147488,-0.04732040996925291,0.11636204656356616,0.7070899259840447,2.3054627633136278,2.4314949238820103,2.29471212465546,3.32560112423785,3.7951847744880896,-0.14120263757063078,0.12955039268193522,-0.04939073562237066,0.10235142497743,0.7111209349829299,0.4246977306586792,0.3486849340529382,0.4969926813735922,0.4945565265089019,0.5327818266750042,-0.07729207505547753,0.5051040745820543,0.015854302550806606,0.5208588314215991,0.582984504517464
145,rounds_1_150,54,46,24554309,435,538,5,0,0.024895515195509477,0.03154203782582449,0.05310184774624015,0.23855947894820323,0.8625453247567169,1.0620366201712887,1.3708626559225499,1.3638354537986028,1.6714837499160067,-0.22557581654042713,0.17478635020816966,-0.18274114415585538,0.15667211454139524,0.5158301167742154,0.8476104612849215,1.015983929700758,1.249398094937881,1.3188418726763282,1.618512909313151,-0.22722287094866012,0.1692586551212706,-0.12693897171245175,0.14476133227542845,0.5689479063461019,0.15880985558612,0.3084100473376642,0.5630363657929197,0.3461351369397529,0.41608379775570753,-0.2020848314747361,0.3052536379614042,-0.602100591054557,0.3851276204288147,-0.06790029360766832
145,rounds_1_150,70,11,24570261,605,564,7,7,0.9148403415253591,0.01083671001251787,0.07012509254661078,0.03911500389042955,0.6737918935563538,1.8132275580582566,1.1044620800969334,1.9194106355863751,2.1139749171840583,-0.10136667891195894,0.13577721488851735,-0.05817293053423571,0.09322428787462733,0.8459309960724386,0.660793142088155,1.7977224433104708,1.0914468476657515,1.905057336041358,2.098364478162828,-0.10147051139319285,0.12729644205214322,-0.059565352882310546,0.08237630128870956,0.8465535796299585,0.13097197404620495,0.23387789874520049,0.16741859157770547,0.23125849971660759,0.25308035723161215,-0.09436132095359029,0.41816739253092433,0.011219641226340714,0.4846872500060532,0.815348538892689
146,rounds_1_150,78,89,24678240,510,533,4,0,0.3291267992557354,0.10407261507564479,0.052360370976913886,0.165759351529943,1.6055518317521014,1.013070704936668,1.2277501820306316,1.8665927321015812,1.945153382545543,-0.04208772974033326,0.23661262409273778,-0.1105838204668503,0.2181523917444361,0.5837536990761798,1.5675995693794393,0.9670185233878551,1.1430501792145953,1.8158438936938464,1.9153738674659793,-0.05481196600532989,0.2121715580708404,-0.07908740143483473,0.18981543005327295,0.6097555234840373,0.3450749768616535,0.30113580850875477,0.4471122052622717,0.43021836350061204,0.33663840559745123,0.21751734896139008,0.5567154308478408,-0.3709242096278323,0.6518464150590495,0.3098018991615528
146,rounds_1_150,89,85,24689207,533,450,0,9,0.33476929701196445,0.052360370976913886,0.029027313286335104,0.06761671053245663,1.013070704936668,0.7730998723088539,1.4366782007797239,1.258767067272695,1.5734402306599333,-0.2499852209106681,0.3693203693027121,-0.04401074179078801,0.3435406404720549,0.4433261485954175,0.9670185233878551,0.7586802500696059,1.3974449483068119,1.2159583249181194,1.5584196847842637,-0.28163906019493323,0.3423155916298736,-0.036575281201147586,0.3161854436008968,0.4519664616410042,0.30113580850875477,0.14777728622584163,0.3320981483959216,0.32437335092303704,0.21464575974604458,0.33827560391367406,0.7462751202268119,-0.2054902198641342,0.7769316223199575,0.2376991559669153
147,rounds_1_150,33,41,24733378,964,485,5,1,0.5208071041042456,0.0767125879926607,0.02165640841354616,0.05180039632658009,2.068055117949913,0.7554830332138598,1.794229844888887,2.1852809929064385,2.6077164437134157,-0.19330944266583083,0.14314806627835835,-0.04876685784232805,0.14341419789741758,0.34926550564060493,2.0381739891365043,0.7421917907449258,1.7723454243505559,2.157911821688956,2.5865590835420433,-0.19863984132474588,0.13583660977304898,-0.04794115745242674,0.13378079364212808,0.34803794064619115,0.3476751547841437,0.1402390272283557,0.27694239724780845,0.3418726224573591,0.3276696362228069,0.04154467278620322,0.41668449902310867,-0.07679091130147656,0.4970164217458766,0.3956978630427562
147,rounds_1_150,12,98,24712441,528,97,3,9,0.36581599439953577,0.03220625067214397,0.23446649578399956,0.15843257136981595,1.034868915782088,0.9975652153879213,1.8699936474888788,1.4084818652350957,2.100858830284568,-0.4915767693848898,0.16780012528594704,-0.1119404563027569,0.17514597473759064,0.390504831935329,1.0211829429864732,0.9690244007159998,1.8322292346014408,1.3858601441463747,2.0775893084801473,-0.49913345676005827,0.166569393637776,-0.09517976689107543,0.16846764863609195,0.39941438096022625,0.16640577986078053,0.2359948398036796,0.3719010024237891,0.24978482223741943,0.30911204424317407,-0.2375133183607303,0.20888897904939624,-0.45175297462809816,0.4156120271075839,0.20074068502144043
148,rounds_1_150,93,2,24893201,668,315,8,6,0.38456725799759084,0.019246227841358633,0.06965689859020391,0.0774639377594992,0.8628156592693198,1.2365331197230458,1.7297636906290625,1.4815571804509837,2.1143570706518355,-0.42711810151548013,0.1400336075981112,-0.06980123912048743,0.14000316843917038,0.5429989825066129,0.8452158502807384,1.2198773877491782,1.7056007347612447,1.4624036427740652,2.0966061778918275,-0.4336713316131582,0.13086353712067644,-0.06599820360558854,0.12853698000260916,0.5453648032853198,0.17244649936428075,0.2007587612030567,0.28598845767435804,0.23560644824572446,0.2703666188600467,-0.14753488655823754,0.4103583180392409,-0.20661806850808173,0.5085224297887032,0.45169654179472646
148,rounds_1_150,68,44,24868276,611,631,4,2,0.40281812778451953,0.1407450600169026,0.07488503168480327,0.1591490765576824,2.153353073947652,1.6781291976377097,1.9663182818880511,2.705570603348999,3.025827529800175,-0.11836945820403155,0.19545569383147482,-0.056928707694165345,0.1653281205616281,0.623646973539415,2.1220229361245004,1.6580052291847778,1.9324417416388346,2.6721660391122644,3.0029844985117706,-0.12380161058757011,0.18624214941934125,-0.05141161710158596,0.1556707131904696,0.6283129671744278,0.3633866198697014,0.2568615357325771,0.3612359945187061,0.4203985671805665,0.3664930898580739,0.12822469325719543,0.483657614179621,-0.24750799882046814,0.5258151440541302,0.43158792185348166
149,rounds_1_150,70,84,24970273,605,417,7,0,0.11967973749919664,0.0259592128236993,0.008554055982838489,0.10388635130634961,1.1524348587832791,0.43048056481706537,2.401927714961106,1.2249285494559676,2.462644856614441,-1.010439594789578,0.20659763115016552,-0.029659849014010503,0.20673090687542733,0.14798153186565746,1.135739895556515,0.4216818521580613,2.371244988299123,1.2053406770066524,2.44215058121526,-1.026108159960308,0.19715489697043537,-0.024815638972817328,0.19767587214118568,0.15130081666868672,0.19404332816608202,0.08612058067289005,0.3795632423203651,0.21675839791543952,0.3132516815667598,-0.4451651450614784,0.5517805412780475,-0.17814797841073082,0.5468706575413604,0.04947766855318913
149,rounds_1_150,62,70,24962297,558,605,6,7,0.23628632937198438,0.04162712039639397,0.0259592128236993,0.14630386758071837,1.241627406659104,1.1524348587832791,2.130534962642147,1.6838428107429855,2.4910318344111073,-0.4793731448792151,0.16340246499349942,-0.062061421065688814,0.15348510345433128,0.4325675096120072,1.219852406671051,1.135739895556515,2.0827532799593773,1.6615021688004052,2.463428903836091,-0.48265163301873515,0.1506674322158825,-0.05588366373189714,0.13857123639566626,0.440152337753727,0.23004602746166894,0.19404332816608202,0.4460677765948597,0.27107668625717507,0.36612321780070683,-0.3506259902165083,0.47907264642425307,-0.23159253966291463,0.5658294514171637,0.20467429475834323
150,rounds_1_150,87,41,25087225,421,485,2,1,0.8551697574526453,0.021474667610083188,0.009404428529087454,0.04018982200391798,0.7515322948502382,0.4552846952005433,1.14414816418681,0.8516391692629798,1.2028374206341694,-0.41237916719485956,0.3335440061999027,-0.013381570274860421,0.3367436025081806,0.3589482425110654,0.7428978629071539,0.4459059175218871,1.1371472747194775,0.8449676056474081,1.195750865260221,-0.4151440330591669,0.3322176782655021,-0.01572740965289405,0.33131956358593356,0.35230955968462,0.11259834811417015,0.09141178992654783,0.12421865556646539,0.10499914802727801,0.12833862647627942,-0.2222825507397257,0.42977006037245913,0.08973701767624621,0.6088014223412342,0.6382024058477253
150,rounds_1_150,83,76,25083237,292,421,2,2,0.7169339464493409,0.06994124785608923,0.017312329875615737,0.07432786725306263,1.0425086565677342,0.6283043084110844,1.1531924546690933,1.184896743052898,1.3749944755398085,-0.16043400709932043,0.31880471035197927,-0.05291580968918129,0.3153848985436416,0.44190476961657305,1.027145467325105,0.6151847522678555,1.1356148537130404,1.1705736835583151,1.3643717203427748,-0.16555816990123295,0.31438301212899233,-0.046474070708013474,0.3062834046932853,0.44418719722514166,0.177009582331689,0.12702663541579226,0.19916836587211226,0.18211520165961598,0.16846029284037176,0.07497951129179237,0.46433947104708867,-0.23152081090249876,0.6328469349203141,0.3853576716454026
151,rounds_151_300,47,95,25147348,572,502,3,2,0.5640119252985839,0.043392035074066374,0.07023555877385661,0.22043271294678562,1.4970208711305462,2.2169572872631496,1.5520224404784655,2.6530093493616946,2.8985514099969474,-0.09255227867716687,0.07452259119894225,-0.10162542652005928,0.060187593134060004,0.8000815008835062,1.4846473520717967,2.181968305455943,1.498662767396499,2.6211622096372444,2.8647174073432176,-0.0929187811462,0.07234799784620118,-0.08989645887070123,0.0553796394779931,0.8080426849329424,0.18963596165467492,0.38955787527694713,0.4018995486864789,0.40611907327417146,0.43784385731822417,-0.07811695173113731,0.1580908097438234,-0.35337516669729857,0.27460412682691215,0.5499080901088242
151,rounds_151_300,25,38,25125414,675,121,7,7,0.6275026709971323,0.02822068959524456,0.07558134993693481,0.05163450386774327,1.2537983786214342,0.788609952526539,1.3337376019078397,1.4666096712632641,1.7462268524287146,-0.19065548703534874,0.21242756707557428,-0.08082952222362107,0.2011696241182056,0.4558259802262566,1.2424468102344617,0.7755946463393025,1.3124168674146355,1.4533552669197238,1.733397547502871,-0.19268673459083097,0.20877368374134367,-0.07326645791989576,0.19479506826377066,0.46072059820224925,0.16644887908254868,0.1416706850571071,0.23592594180801948,0.19451558047762418,0.2085314232156921,-0.07205511611796167,0.37299594413888254,-0.309916937320913,0.5024777376490402,0.2922736424799147
152,rounds_151_300,36,44,25236384,884,631,9,2,0.1316789928541486,0.016130679264056702,0.013194488051633995,0.07564596559710077,0.8379064913891013,0.6855768310169845,1.6947657400176794,1.0792991904361846,1.7492088093599576,-0.6206894481714915,0.28738391084832804,-0.06936278807844923,0.2754918844713218,0.31847837467907075,0.8116013911186138,0.6739155066238435,1.6625453465083337,1.0505874633079395,1.7339201934711668,-0.6504291684688934,0.26874357740602367,-0.06072188379947826,0.2577001805949103,0.32636177358823804,0.20753660469376214,0.12508510334030307,0.3270224521272065,0.24619128676364338,0.22831064830363038,0.07262904668587788,0.6667036331794751,-0.30473662248376193,0.6830870857390395,0.08137285685560007
152,rounds_151_300,48,38,25248348,527,121,3,7,0.030194369105848527,0.04935136299516836,0.11053504974891742,0.14150297699644315,1.218422334237199,0.9973843088908677,1.611078637753577,1.5750529842472676,1.9805307568299002,-0.2574375444115071,0.21231686131635588,-0.09967211014466343,0.18882615425704824,0.46275188677461193,1.1965821875776117,0.9799681255070294,1.547025704400568,1.5467146739563922,1.9548324489980295,-0.2638610610693306,0.1943652651153874,-0.08068705895286059,0.17048998831480244,0.48498696933706353,0.22824601416589752,0.1843518582908437,0.44837857288708477,0.29553759406796853,0.3155786598266393,-0.06781223831057392,0.5540822113289937,-0.45600177374337686,0.6148784862924765,-0.05033005465599031
153,rounds_151_300,74,49,25374273,285,624,9,8,0.011342782122606377,0.07015773976454512,0.04365650277513151,0.2850105372994828,0.86530621338687,1.298212320893513,1.368547406289757,1.5833399713920586,1.8718565810081484,-0.18222025264885366,0.2370967162347795,-0.08850699594334129,0.15678631253890454,0.6535554371565229,0.8329723658583784,1.2764358737475938,1.2239672173406926,1.5374335943682607,1.8263764103417834,-0.18793840399477602,0.18229486064942546,-0.049425523238820886,0.11528088772225642,0.705210452183496,0.2335875306119029,0.23530091849308685,0.6112848038803719,0.37699441465151184,0.4084522794109202,-0.08344384833522689,0.6630808276610342,-0.5547989688981722,0.6481120223242408,-0.20004793073672605
153,rounds_151_300,66,15,25366297,490,464,9,1,0.21124020481437758,0.013064705606084318,0.019775336669990793,0.13749288408551366,0.5943908758019076,0.8477617266702344,1.7229336369223645,1.0416599306096292,1.8242360120830199,-0.751277896439186,0.2375895762489831,-0.08184428549734976,0.21453356310277302,0.3806053466994596,0.5859585006785756,0.8362840282315754,1.6966531996651264,1.0237043456886266,1.807127283755394,-0.7652824190560348,0.23019875986006313,-0.07159887703466773,0.21016397942564036,0.38910112372934796,0.09904508004943487,0.13800962399574224,0.2977372813974618,0.19141193262757003,0.24679107261572128,-0.2893191622274791,0.48677397088979746,-0.4340508172534108,0.39365528476768225,0.03270283996076684
154,rounds_151_300,92,87,25492222,201,421,0,2,0.46210834738397566,1.2126910498738288,0.025831182083735863,1.0007375985383988,9.264290483050722,0.835306548536275,4.756373782627629,9.301628667520063,10.236334861467629,-0.10048844426690828,0.0476143026519118,-0.020719952849735063,0.047113716950045466,0.1531050090343661,9.174972539425417,0.8233675993512887,4.462588811825753,9.21114107213673,10.146009706507092,-0.10149324899585954,0.020519386606019107,-0.01878004461100174,0.02040262388581178,0.1635225501576117,1.2748103357719955,0.1397439789143746,1.643995386014515,1.2857816642986246,1.3473861879753977,-0.047912118664701575,0.5997639530361147,-0.057797053217070266,0.598499292724012,0.027241046881748436
154,rounds_151_300,22,32,25422432,516,318,6,1,0.03761616803840713,0.01942989744500003,0.03502028076077945,0.12760112091200426,0.7182568546653709,0.8906251235016468,1.6734310286041165,1.1489764043768365,1.8324419328281665,-0.5948473143989559,0.20072698070571593,-0.09398345574364861,0.1803107191621258,0.40287655998301525,0.6954281175136898,0.8756557545675312,1.617402072729981,1.121899344989489,1.8057553683603829,-0.6095520301576618,0.17180004845906385,-0.08028676564547155,0.15308396448956973,0.419854562617111,0.17895212565065274,0.16167581209194637,0.4278374806955555,0.2467717161022793,0.3096112905303277,-0.2546465835736351,0.6246424415767143,-0.3790156094008966,0.6557141908944044,-0.0012155868977250185
155,rounds_151_300,82,84,25582255,609,417,5,0,0.6404390536437852,0.039847516084913735,0.013719885322886208,0.10145815346533289,1.1528018984806323,0.5851879937969743,1.994086682836933,1.2555528126619884,2.0998734866693916,-0.6724692625372706,0.24523352565877363,-0.006789979040840139,0.2556033758571157,0.27557775984614175,1.1349027472565614,0.5731355896678288,1.9758672410326634,1.2405970745847625,2.0849086609147407,-0.6805687387362056,0.2400194794353312,-0.00876017058899966,0.24767526640400175,0.2708066720329853,0.20095924727245373,0.11753786137053569,0.26594465633818803,0.19155148100091873,0.2468867436948351,-0.2888793258333042,0.47220285455795175,0.0641006476075301,0.5684015688298423,0.45227737867770085
155,rounds_151_300,98,73,25598207,97,564,9,7,0.17410388522739204,0.0956771691213362,0.0037069702904166963,0.15762500528944656,0.6415721274416853,0.2748178686319312,1.0063592657890261,0.7013982028704474,0.8548766680991834,-0.21881787635130912,0.5622765574227316,-0.08647908352931523,0.5510613772398362,0.18410232167842713,0.6287769510395131,0.2672691943152358,0.9872611248662412,0.6849115778960588,0.8489315873392974,-0.23947618165118834,0.5534816839328233,-0.0680978057516731,0.5418425390679527,0.1990283722254773,0.12684548987231356,0.06369121284682312,0.19400926189819462,0.15049897965994177,0.0992155938317565,0.340755704417811,0.7841209587333704,-0.4796036942280898,0.8234774049881104,-0.1699326473603198
156,rounds_151_300,49,0,25649357,624,574,8,4,0.6535200130626018,0.025556630846739817,0.06330306430172641,0.050219268868498215,1.1101626264091617,1.3506406095808356,1.5405010842655649,1.701440107353894,2.1423240499584413,-0.2591239860274699,0.11235526533042552,-0.0706957798061265,0.12449196549805887,0.628519666058053,1.0959013452688922,1.3210189549647258,1.5256161868114768,1.6818855143400946,2.126871135207392,-0.2645754524153161,0.11267438459092272,-0.06348632515076406,0.11539457427849462,0.6266071523605586,0.17596073935665618,0.279847845708678,0.2111208999294718,0.25487533369899285,0.25327463237064074,0.0062803304859720965,0.09901194572558407,-0.32183421029129766,0.5040378793332808,0.7274262723574573
156,rounds_151_300,0,66,25600504,574,490,4,9,0.13635004895234343,0.06330306430172641,0.040987787186168134,0.14566232615810198,1.3506406095808356,1.227944963433404,1.859286875252032,1.8212432542104333,2.296191938581617,-0.26078267319490456,0.2378547801777332,-0.06718095037905923,0.20750600267741065,0.5110794885022213,1.3210189549647258,1.213685846412386,1.8114897966799586,1.7879427384452429,2.276453144203411,-0.2732248607597838,0.21626393627812515,-0.05934537602386875,0.18862768944099745,0.5218318530310309,0.279847845708678,0.1848981354727604,0.4170723758999543,0.34462664274794275,0.2971983258204891,0.13762231657214719,0.6804228316285369,-0.2953767164534461,0.6760489687261578,0.1530326788746441
157,rounds_151_300,14,8,25714465,778,157,9,2,0.3438742646172213,0.004956838959333254,0.13784346274333076,0.139007593387214,0.39961804973874404,1.608806309460343,1.7099843128305094,1.6539487559753507,2.2332381810179682,-0.35024629569070576,0.1065528623354968,-0.0957124406838562,0.08855251456813704,0.6472130151705481,0.3921305184922714,1.5786942836052322,1.6621711153015295,1.621686529970789,2.197561171146734,-0.3551084815302241,0.09818066644554299,-0.08296665205877587,0.08372935729927676,0.6562841394739435,0.07652222319912266,0.30816777676013646,0.4000405210506356,0.3234158913869955,0.39529747105058516,-0.22225741399199528,0.28658558002548257,-0.3683669410286119,0.22207355331971618,0.3968699543727655
157,rounds_151_300,71,37,25771294,547,628,6,3,0.11006646216179951,0.025025895485040646,0.03116125683255422,0.18204210419948635,0.8271464478125804,1.0439324320083767,1.3969814140545824,1.3417130913759152,1.6866080852517518,-0.2570556969986406,0.1922273768112069,-0.1586938309761445,0.15736007796616447,0.512054356095649,0.8123028521839973,1.0111563423561734,1.2892479255678562,1.303723089857789,1.6411048530213967,-0.25878329975762693,0.17773748948303997,-0.1136649393016291,0.14133907738253865,0.5594780223410378,0.15501315818575184,0.25855217971724287,0.5369027874927604,0.31569846492677234,0.3876639847184241,-0.22795650846241688,0.43057757697494975,-0.5978192152416653,0.46639373879649015,-0.14352392244615764
158,rounds_151_300,38,68,25838396,121,611,7,4,0.027107854609043875,0.2125913304897646,0.009398850382198221,0.3819766789674759,1.263734573385876,0.6511469411536436,1.483467876273421,1.4164932246417883,1.6649591796411944,-0.17540920823129236,0.3314024451298456,-0.0996289123807219,0.3189300910832357,0.32275385001479695,1.2336300233874928,0.6377765103995655,1.4289447701932643,1.3822425902192688,1.6437174543036712,-0.18916713023791587,0.3145136022002499,-0.07781243442686119,0.3007078713570447,0.34670790073386365,0.2729145359869919,0.1305740797249475,0.3971029688016313,0.3081805775273768,0.26309111715935896,0.14630857249273732,0.6136586034587455,-0.48637481689123824,0.6732866512262637,-0.17746183272726182
158,rounds_151_300,94,69,25894228,500,500,9,0,0.015441196332525135,0.1026860825624317,0.05916543898056261,0.19420345928403548,1.120679554407243,1.416109682722635,1.438089644433972,1.795347088478514,2.0270476472259134,-0.12905613640633495,0.2848621575167268,-0.06488156577217137,0.21858649777087633,0.6777636638702863,1.0664381132367116,1.4000177160087766,1.3614052219189487,1.7523301210779376,2.0033264057169315,-0.1432357303112468,0.23777770827509973,-0.0577996071589621,0.17737265589546514,0.6970657515203905,0.34349321652773174,0.21091395258297913,0.46217874369237866,0.38879539922156114,0.3067084519161829,0.21113147807235166,0.7149128912474221,-0.2241928345886952,0.7491753707037746,0.2317337296826561
159,rounds_151_300,90,91,25990243,323,378,1,0,0.052072671257961264,0.10567942401726864,0.020977309727459214,0.2112131088306861,1.1809560233246608,0.7330760185698846,1.3979589828102368,1.4146569524595618,1.5216652598232083,-0.0756425840042696,0.44844697072906353,-0.07775637518816625,0.3913150024968347,0.4088388051472325,1.1374249442339877,0.7245428890404673,1.315318701518488,1.3676836472435976,1.503760975415298,-0.09949473947864185,0.40877240547346405,-0.060973122088311134,0.3520547949469023,0.4405868376160126,0.3165971503373558,0.11051081411954931,0.47242731621053813,0.3601966772055768,0.23085879822187852,0.3590757138214261,0.8579087459317412,-0.4118124693926858,0.8617318834959781,-0.1915961159086084
159,rounds_151_300,23,83,25923444,1077,292,9,2,0.2585259920634202,0.017718337542398578,0.0516885958359732,0.03705021818962202,0.8133364019663797,0.9406105912037019,1.1905640797689774,1.2381360925019917,1.441370188863177,-0.16414519986288045,0.37238014384553525,-0.06773306872403244,0.3078912184883068,0.5864280927394204,0.7764278883932533,0.9289467945793726,1.1474551174605174,1.206451008328903,1.4281646492767364,-0.18377343084568065,0.3395713008872368,-0.05979029061352622,0.27660851609803433,0.6005754604196086,0.24156710375847357,0.14649477349300646,0.3163229117881395,0.27713077745267845,0.19266376049096087,0.30479118103777114,0.7566033731438653,-0.26018044631880216,0.7868240692413672,0.20568201949715653
160,rounds_151_300,30,9,26030426,516,387,1,4,0.03246146384936015,0.07163576514364897,0.019163788475270848,0.10727338110710578,0.9454054649498854,0.7224205493327132,1.272797670810068,1.2039691501247893,1.3418674977393739,-0.11453644605452862,0.46059687809108435,-0.08725749872461426,0.40375462407742213,0.4343163452715778,0.8591868206629591,0.7137901158506619,1.195557171774474,1.130061733744578,1.3277154258158648,-0.1749052163870204,0.3921950717666428,-0.08075986313000093,0.3366692368312542,0.4599315633417567,0.3937646488226705,0.1103521865186738,0.4356492967066352,0.4144170637995808,0.19254011466796353,0.5353953022526137,0.8800266441579924,-0.2343718160638519,0.89153931759945,0.019472043380432246
160,rounds_151_300,71,39,26071303,547,332,6,9,0.26893882079115083,0.053260458418464454,0.10953053299537195,0.11202604621860453,1.1370820350318602,1.4109323214903537,1.3262965009263608,1.798207687956237,2.023976394735177,-0.12555207515297573,0.2261123815358843,-0.05721354978750158,0.1712126929393272,0.7100062004867411,1.1153088202475927,1.3995624521411945,1.289209240811955,1.7758470515842901,2.0058848314983195,-0.12953693264789057,0.2070528937099577,-0.05450515496039063,0.15613904732235329,0.7183646188852538,0.2201639863378067,0.1764609054536536,0.31009166448178327,0.28033777755039674,0.267202674049537,0.04685456100720642,0.6311219710193048,-0.1569303688829447,0.59674001447607,0.38511380942356893
161,rounds_151_300,15,96,26115474,464,181,1,9,0.14089280642586055,0.009295853779185563,0.11465375029947608,0.10449584595975465,0.4302263292908132,0.9144907532924584,1.0483690634148546,1.0104428924968372,1.2920907132005734,-0.27873700017600744,0.20308145420266527,-0.13944581014657736,0.16520331097221022,0.5948863826168831,0.4214593021782145,0.8869335760407523,0.9923264208673899,0.9795167607883325,1.2642857954272917,-0.2907240039565755,0.19331177605736888,-0.10455899835115787,0.1568029034019506,0.6216252971722811,0.0859177916239104,0.22196425227990604,0.3373836918048269,0.24715157582901517,0.265354451733906,-0.07365065686444972,0.36930390883706676,-0.5547579810609696,0.34927307473142893,0.12302364146350592
161,rounds_151_300,67,61,26167318,311,531,0,8,0.08179728272760911,0.019580786098127387,0.03591346107052893,0.20735489333913262,0.5989779098720595,0.908580898543571,1.207949238229957,1.0956238145310113,1.3990376772594202,-0.27693251890320325,0.22211702661667101,-0.1734855739076818,0.18471378042442266,0.5066083677782353,0.5842770667442013,0.8758561083326224,1.0819663678905052,1.0536833168444608,1.3503617524617617,-0.28156318969326066,0.197971208210405,-0.10928159110772674,0.16168600773571626,0.5758967003191839,0.13133607448481868,0.2407693713573031,0.5362087414919459,0.29928298236241424,0.36477158557201017,-0.21881833271192486,0.5036158751883879,-0.6703928334798085,0.5188049915753407,-0.2858892859362912
162,rounds_151_300,87,58,26287261,421,949,2,7,0.7032322668651223,0.009784721699543298,0.02259763406013678,0.1686130418196424,0.4694044306540103,1.130782095258018,1.705856861958925,1.196157219703131,1.9810202710262286,-0.6561537550372261,0.10300638009365402,-0.06514842509121165,0.1251737688211049,0.5138687940983299,0.46004137920751315,1.1136507142494165,1.6846600388985742,1.1830308912845757,1.9606129379779271,-0.6572795794444777,0.10528444746546342,-0.061415152802642925,0.11939500703187644,0.5149826370888851,0.09276860208342586,0.19461707852059923,0.2657889878489424,0.17495016903740246,0.2806943251839779,-0.6044244297012853,0.03419464443529016,-0.20082110768172268,0.3195201361294482,0.4768180054493055
162,rounds_151_300,3,52,26203513,566,633,1,2,0.03517156148140334,0.024601650732802228,0.016424462028170148,0.13636206283408683,0.9478637181156669,0.8081204500478445,1.8918212484807937,1.25468969518084,2.0261645939640656,-0.6148730652259258,0.2120724301000318,-0.0939676452857248,0.19596198652513072,0.31737563996130086,0.933363897088564,0.7938701715491426,1.8512611491280118,1.2332579341442587,2.0043268539001198,-0.6252292390811949,0.20119173696859444,-0.0801165379072929,0.18516793228341732,0.33021140730565335,0.16391747792060207,0.15017787017033815,0.38762715231004125,0.22934018961666916,0.2939487163454719,-0.2817148047047173,0.5106781427465106,-0.4427709170579441,0.5406595268691825,-0.061604944759022985
163,rounds_151_300,1,67,26301522,189,311,6,0,0.49388941871732767,0.13575826468877494,0.038651766677919246,0.2605354127357714,1.3322899264237174,0.9370960624521864,1.5292705619771663,1.6093622640917624,1.9194673887311628,-0.19268820423996158,0.2548278847091085,-0.07186353304655052,0.23823553064727634,0.4767215906941982,1.319124700785086,0.9188286716530086,1.5035311307272765,1.5908590286620867,1.9036448490435036,-0.19661441695715176,0.2531192105114383,-0.059185888110438366,0.23372940422718047,0.48386416422531947,0.1850243018722493,0.18312769096873902,0.2777200696459648,0.2412955737522865,0.24324000297300274,-0.008058287976357104,0.3297623608837327,-0.41582881358547197,0.44891536725881587,0.25870346487214524
163,rounds_151_300,73,66,26373306,564,490,7,9,0.44644131199856746,0.004977556434459985,0.028934139580233022,0.05955237660673447,0.48996541014266315,0.749466891295601,1.879364101990372,0.8859478464588079,1.9943385917260872,-1.2510789993988816,0.1102723546895468,-0.048435149146401686,0.11282952440787448,0.3309926252741951,0.482683823938573,0.7322522723799432,1.865764996384684,0.8693356439102875,1.9812277122793949,-1.2790135503564501,0.10707525192593267,-0.043441958941026426,0.10822685845541238,0.32980827126140555,0.08352952834230634,0.15893508868082212,0.22233115706137957,0.16975220723031198,0.22461512716421184,-0.32319414768766075,0.2727814196107563,-0.24993099333327887,0.33973186123700494,0.4328520749077767
164,rounds_151_300,73,86,26473309,564,659,7,5,0.06692070329868767,0.01051588245415284,0.08282907283864915,0.15676911200668353,0.5988048659384548,2.1710811581871563,1.6361697867946872,2.2516039304302398,2.6407853030449484,-0.1728462840888465,0.09781269153678643,-0.08182987301040084,0.062110887313268935,0.7806953558587946,0.5853549127958615,2.146419207374757,1.557512642701823,2.223089748538168,2.605763616221466,-0.17213604081208667,0.07715441738390508,-0.06540185691044514,0.0493280336291245,0.7961028723032572,0.12557368688583548,0.3233095099458387,0.49967015289198213,0.35416792369542927,0.42544144233142733,-0.20124216188841126,0.40494148246148026,-0.4434849389048117,0.39604213761026413,0.22147679710829815
164,rounds_151_300,92,73,26492252,201,564,0,7,0.12152936704954528,0.7518411472439765,0.01051588245415284,0.8490516728162766,5.198704405694782,0.5988048659384548,4.822240620099174,5.235660892102746,6.636442421406132,-0.2675462674475857,0.12864885090757508,-0.030039267196849923,0.12760253733257929,0.09376397499757254,4.971157904037411,0.5853549127958615,4.55748885353109,5.006962391453808,6.539630451123933,-0.30610736407490835,0.06482461412418337,-0.025541783944520596,0.06418388415173032,0.10238887827059748,1.5191580749256814,0.12557368688583548,1.5738837201342484,1.528402192763019,1.1252502631598218,0.2637734566936115,0.7339826312298854,-0.0937626269152518,0.7345528207561708,-0.014037216485801801
165,rounds_151_300,0,47,26500531,574,572,4,3,0.5691087718642445,0.04565168400149559,0.022839774619205853,0.048935310834106835,1.0103311343581973,0.8652135049596349,1.3327398026501878,1.273156411042195,1.6522642601990365,-0.2977700507720864,0.21201621663097375,-0.041705744057166746,0.22845343330880472,0.519527135589654,0.9703861400875077,0.8515716223975432,1.3146945654762974,1.247973202454357,1.638381531299705,-0.31283390386711973,0.19692089501420978,-0.04426606319015669,0.20545275002724347,0.5170484258869698,0.2804445494341876,0.15197793664607007,0.2168272395303448,0.25066029166588094,0.2112955972378741,0.15704399833890814,0.5605938855120683,0.04519171762397318,0.7062461777948492,0.5983948270316951
165,rounds_151_300,2,7,26502525,315,1017,6,7,0.20383117578744597,0.13648300230103944,0.040950119793636816,0.2210890646757824,1.806982678135367,1.5594939467224913,1.6852831196945186,2.3861193894446404,2.6690110175144617,-0.11855719764955386,0.19420768476138478,-0.043241294368928374,0.1461664929708083,0.6618710448783898,1.7899662593904124,1.5452925659268466,1.6567417794811803,2.3632584887192953,2.6485156418373466,-0.12070501575671422,0.18866956096549636,-0.03830736353763242,0.14155337396462833,0.6669366496893552,0.24469970685111805,0.2075878382569962,0.30690062378662203,0.32606542145258666,0.32588529911244296,0.0005524116581919758,0.4213458840584233,-0.24345556776805466,0.37570367998668375,0.40761065906136174
166,rounds_151_300,31,73,26631441,339,564,0,7,0.44738217089067506,0.02721374867916373,0.003475810485057688,0.0948658185545355,0.8298795125442923,0.2234751694079466,1.544024983023426,0.8582961896684145,1.423384909287627,-0.6583842808827138,0.4152985503545208,-0.04400998229179548,0.4143695519200882,0.10031459286074323,0.8208003958963884,0.21367947040042304,1.5321186726621958,0.8475170018042777,1.415652448447239,-0.6703528606900613,0.4119927744953528,-0.03877209611040744,0.4106555908033401,0.10026255251326202,0.12121195521329663,0.06524461567725261,0.1888680788686409,0.13443028807937665,0.14544099440713198,-0.08190644002231018,0.603469901853608,-0.20121582335567806,0.6288593899694581,0.14567578087529337
166,rounds_151_300,78,14,26678300,510,778,4,9,0.10125041574018158,0.0639531879579987,0.010886906593805179,0.08230066169476645,1.6827692941187775,0.7248590428131659,1.5049892599596804,1.8399971619584643,2.1005811880686958,-0.14162197176047275,0.20856698825357975,-0.08329247524945782,0.18910768621579946,0.37117765347991416,1.6583416769733985,0.7102082830552459,1.464155073678755,1.809414981453648,2.0832183328535443,-0.15132147915561545,0.19327586011971967,-0.06700916408632022,0.17495232389711374,0.3864453166743443,0.2834368445518977,0.14424494901587742,0.3466837961107063,0.3317816649012479,0.2662086417771107,0.19763908033813282,0.596191000988115,-0.4222846185290839,0.607534932780392,-0.006855029224967909
167,rounds_151_300,62,22,26762351,558,516,6,6,0.9514927513932724,0.05594057394385648,0.042882257263938135,0.059716311562806365,1.6498470806480379,1.3945723947417576,1.5869757276549432,2.123507831291607,2.453626287668265,-0.15545902469117157,0.15387357202065857,-0.045575537820791025,0.14141801644592586,0.6405101171783606,1.6328303337718768,1.3805008702846744,1.573602629033151,2.111277558808459,2.4404222506236644,-0.15589835189692658,0.1508729976396908,-0.04666431526509866,0.1332727856937365,0.6393649785391187,0.23369292473490308,0.19543647532598366,0.20267997880999153,0.22310972529365156,0.24903356047201555,-0.11619321006398842,0.31669660112560527,0.014657296079417351,0.550939289416002,0.6995726881086296
167,rounds_151_300,51,86,26751384,260,659,5,5,0.9453781501981888,0.08180041157756932,0.030349634836394607,0.09003324198226134,1.1072834821794741,1.0562201949767833,1.185468991551397,1.4254881559871821,1.7076051550881153,-0.19790904464271808,0.14291554102154638,-0.05839777496007607,0.20068153259659097,0.640485581136049,1.0818070374357134,1.0289713864642092,1.172678906798409,1.4120703842165963,1.6941121887460076,-0.19973636419397423,0.1405332511829392,-0.05906339897774904,0.18066621362949084,0.6339970290554797,0.23501806286337737,0.23730129365824087,0.1719870570432117,0.1929655094511087,0.21162558161531939,-0.09670159303229542,0.22825804233324304,-0.04382746742045578,0.6878639048250604,0.8008371664705328
168,rounds_151_300,5,42,26805525,407,216,9,9,0.7835246874078454,0.22338639370476207,0.19269890755414962,0.2571145547553897,2.939465008194039,1.9482569805664667,2.3996314432947243,3.5129135030743583,3.7457504588121973,-0.06628029854252593,0.26320465780716396,-0.037972235892357084,0.2136044992182478,0.6123171301924214,2.912174584204262,1.9315789250210784,2.3648194736001162,3.4830870287545754,3.72305230823537,-0.06889442540475299,0.25555874036977616,-0.0375671168838952,0.20624808868957817,0.6149243935673948,0.39493380679903206,0.2512635433566914,0.40369295192470955,0.45122837581383685,0.40454122590050134,0.10346678625680494,0.5994372306417314,-0.05808001108110782,0.5651004232682019,0.4921030103586945
168,rounds_151_300,97,37,26897249,481,628,8,3,0.30548985375067444,0.08443943762686104,0.05050793122097205,0.20940550903789698,1.608458033905909,1.3215800524021826,1.5984111242648882,2.0581280925155854,2.3268079708399023,-0.13054575140457758,0.17121134451121875,-0.11749821593161978,0.1558825706739212,0.5812232467432439,1.59198548396632,1.290241352214083,1.540636365469777,2.0284517667021977,2.295480879804175,-0.1316418351598796,0.16991528355593116,-0.096954782202899,0.1508573808719561,0.5969268192478078,0.22713744218934012,0.28470366576320694,0.42446979126339296,0.3455850688930944,0.37758273452058366,-0.09258983824150002,0.2411869315150621,-0.45730058697365433,0.33867358309501505,0.23336492087081093
169,rounds_151_300,96,59,26996255,181,272,9,3,0.4539599851160234,0.06451955960365012,0.022771951327255617,0.14495620027882977,0.9108674683258465,0.6065994184209836,1.3415694999160979,1.0864359098235485,1.422656597899486,-0.3094712583004957,0.35575336315628103,-0.053296190362920125,0.3374267865902065,0.3709327329020122,0.8918027527051404,0.5984531162325945,1.3226610020816556,1.0683151843112717,1.4129015068548927,-0.32255117928120725,0.34570631025042364,-0.04982698045014016,0.3258181692505821,0.37389606715262724,0.18433294805216194,0.09822270344864412,0.2225877306918493,0.19621398321524652,0.16386998870197025,0.1648404154651656,0.6507606424775784,-0.17815589447885244,0.7002257714950376,0.25832240205808865
169,rounds_151_300,68,12,26968339,611,528,4,3,0.59776212500942,0.005895010057765131,0.0056459646883674644,0.020131436988818818,0.39367921243242804,0.38147574752841446,1.073105381569444,0.5461218361181698,1.0707254673267337,-0.9605981605449854,0.31506164812121346,-0.04537500577261482,0.3037617910599151,0.2964755161830592,0.3842026069050148,0.3748054109721303,1.0634834560133528,0.5351713561291994,1.0657058831820805,-0.9913358048348182,0.3051232471149353,-0.04055939271049034,0.2934714601028166,0.29795256963199485,0.08541068322313065,0.07054845146137954,0.14161611840779306,0.1081623129610592,0.10115653909025853,0.06477093249034815,0.6913622121081707,-0.24005998490205965,0.71185519067495,0.25695436663929455
170,rounds_151_300,88,16,27088282,338,561,0,8,0.22964053258761005,0.033210357331803865,0.023546315000082054,0.18426597416068294,0.9457231867976579,0.9665167754659653,1.4859017998987087,1.3490847706775482,1.801012841192601,-0.3349886384738312,0.18226435942907615,-0.0947088313426595,0.16252140259105924,0.48744540829921545,0.9366496023288581,0.9500726766630437,1.4495805340564707,1.3310306319711291,1.7812796508405395,-0.3382709669142885,0.1776766478140416,-0.0789599903486858,0.15695060893205237,0.5005889757606682,0.12922193262230358,0.1764016116280587,0.32501843775834516,0.21823512608059506,0.26365186021676557,-0.20810918458377747,0.35108600129343576,-0.47319725639980514,0.3998418611376762,0.0786990497837917
170,rounds_151_300,45,65,27045411,288,1447,1,8,0.19056251430616972,0.02979590668886279,0.014877379924341924,0.27129214972568055,0.6447721227097113,1.0960204341156123,1.3369987862644992,1.2556303507085287,1.6506193255623713,-0.31457424920555455,0.17835170641357964,-0.11332556999758589,0.16551107391624295,0.5794726238888754,0.6286677047338345,1.0688389007194508,1.2754732378438505,1.2274134431780876,1.6181099182340626,-0.3183087795130888,0.16964777554406918,-0.08913543411599145,0.15169979691661653,0.600946594275863,0.14258195973691665,0.2414847016451418,0.399859651321523,0.26339832442599836,0.32439680616939703,-0.23158264911641901,0.30918936717654777,-0.4597020217468711,0.43397439063308924,0.16029832046146225
171,rounds_151_300,47,12,27147408,572,528,3,3,0.7677235448356675,0.08771192101218427,0.009629313687963242,0.08072131040389649,1.7659621689231875,0.6114639221786027,1.827214103461295,1.8487180509911838,2.250045685985653,-0.2170842843122014,0.2526131650894996,-0.02841933654983246,0.2527105778608453,0.29291068895947786,1.7497539712720336,0.6043464962973435,1.8151232291091348,1.8341206850723366,2.237330364934205,-0.21983813995640422,0.2499173204318458,-0.029873152062912574,0.24874839372795535,0.2901673856590839,0.23594113013402804,0.0921570678661752,0.206571983470704,0.22881990704946206,0.2348128468763207,-0.026190640072077276,0.4307803447194125,0.05510292878524136,0.4939558813558203,0.4486367518142402
171,rounds_151_300,4,66,27104537,287,490,0,9,0.2261220046147887,0.09032202310821352,0.028460718442220242,0.16203255816944875,1.1819262048182342,1.0621241928751892,1.4083436265504468,1.5755311813616917,1.7882296015985573,-0.13500108582620096,0.3456071786139107,-0.039241810635902395,0.29174431879279,0.5818783612673266,1.1491182441013807,1.053711091335405,1.379232755930428,1.549350764776928,1.7748780455638595,-0.1455624419686541,0.32901116226949595,-0.03773383214879045,0.27407285356397004,0.5879042359157144,0.27533216604946237,0.13172523657374602,0.28336048497179017,0.2841713846984979,0.2151369620992821,0.2429323510967173,0.6861761883080848,-0.10306682848614432,0.723412851548495,0.3418276995692891
172,rounds_151_300,3,70,27203543,566,605,1,7,0.4923117341865615,0.04232690107698242,0.0779649612126657,0.11846636186625498,1.3780578816919717,1.8886396568292279,1.439726233366134,2.3083538682998133,2.523025709937068,-0.0929978044464077,0.17240862099072396,-0.0646392119719396,0.12963553505138442,0.780814964516378,1.3628039672873227,1.8647586275716832,1.406446375588781,2.2851454041537598,2.5003370096802366,-0.09416976492406937,0.1638618428185338,-0.06103373274374821,0.11994120169377918,0.7850082082453436,0.20246138089914834,0.29681566547389826,0.3062241727949674,0.3231573179537705,0.33389498980937854,-0.033227382637035285,0.44878836369360564,-0.17091446078284564,0.5107179796148743,0.6295549298217883
172,rounds_151_300,29,83,27229465,342,292,9,2,0.3422087279777023,0.04799830830722515,0.0665009827624696,0.15136121912260672,0.957683332030177,1.35961595979782,1.3416271337655388,1.6267563533782687,1.9516232920648173,-0.19970227134008156,0.1499959895861834,-0.06908079885353216,0.14301154926034315,0.6874461863567447,0.9365580580076038,1.3442558969608662,1.3013859728981239,1.6080048074270452,1.9312908403941547,-0.20104792689295303,0.13795938740122166,-0.0609079753513588,0.12801830240494286,0.6976746420751591,0.19899704082696232,0.20183766054217306,0.3246848850212213,0.24391331442194258,0.2781001066688106,-0.1401595986176003,0.37855416312941664,-0.2949365750909461,0.5346083729934353,0.3235261310759082
173,rounds_151_300,49,95,27349408,624,502,8,2,0.12686616149936303,0.019860750956622025,0.20489713866686957,0.2333063248330011,0.9550980323355606,3.6951330654465693,1.3213155103658825,3.8235804541920104,3.9480531181124308,-0.03255395444444065,0.058177845006094485,-0.06468896139590824,0.012708793637173688,0.9392955963784495,0.9433432882818076,3.65312038512999,1.1944253280029957,3.7801941856487487,3.8970470379602107,-0.030911864992302807,0.04798170921966588,-0.04829023538462972,0.007477668326722025,0.9491139055113234,0.14814558336515882,0.5504921416040051,0.563986043548339,0.5690538531288037,0.627608692921253,-0.10289859117990274,0.23082488990294903,-0.33729212120148555,0.2090295464117356,0.561486228550851
173,rounds_151_300,62,31,27362369,558,339,6,0,0.22071574121210905,0.11239292497630231,0.021909412297619772,0.1381235368763252,1.9731906607926353,0.702916631675842,2.3662213103585104,2.0897571415466,2.7242169605015523,-0.3036045702829362,0.2627240260384091,-0.027479274750068818,0.25587649469737084,0.2603828163267968,1.9419418754681956,0.6949082951208223,2.3274644020501616,2.057230853048144,2.6999213852346973,-0.31240564530436443,0.2521388724945496,-0.02487951951867783,0.24559571303146177,0.2640570018628353,0.3473535940890811,0.10486438602750095,0.42379254889966494,0.3646884673912791,0.35907251149023256,0.01539932408945932,0.5870311288003363,-0.12191384135289399,0.5821968616971841,0.12547278427935596
174,rounds_151_300,27,74,27427477,244,285,3,9,0.4688659905763326,0.01589884704910219,0.08585002122951362,0.27731008228845894,0.509036224643176,1.0647838903293976,1.288101195094485,1.1584849055438646,1.5491093296234946,-0.33718559664465086,0.1317710347748741,-0.15630144462508605,0.14283806783216757,0.5615575146458264,0.5048579006441931,1.0270067550297435,1.2278934889883086,1.1269557277459892,1.5214090675696303,-0.35001671326750583,0.14767447585357127,-0.11100856934978723,0.1459782924583739,0.5895587451778415,0.06425366571051944,0.2801315615448347,0.3880072506430249,0.26729267186063665,0.2899840059913405,-0.08489321451556608,-0.20695531635685258,-0.6818439542155297,0.02293251707032175,0.054779201535642245
174,rounds_151_300,74,99,27474336,285,533,9,1,0.010612028236210309,0.08585002122951362,0.03733959384580058,0.32113728641998024,1.0647838903293976,0.7718935279302181,1.138620441217143,1.3191661459113966,1.4867415720151183,-0.12703132704178488,0.20682639217450893,-0.18474873637935837,0.1841138130676701,0.4485069497538105,1.0270067550297435,0.7285922337858488,0.9175890778897601,1.2451449500024656,1.4228704180633711,-0.14273476197333768,0.14126019787551058,-0.07595310813749581,0.13016189234305234,0.5843881081792077,0.2801315615448347,0.2542625274027142,0.6734295414877108,0.43463423130551343,0.4300079811862539,0.010644007733499605,0.6223893855758619,-0.6502482786702137,0.6207350432021177,-0.33782521589159226
175,rounds_151_300,35,58,27535456,307,949,2,7,0.23302178287473102,0.21096414477963532,0.0047370487003048,0.27347974214436754,2.28337209618819,0.4172048489046073,2.506490221910534,2.3267934088854996,2.45971811843341,-0.057127852021714,0.48382887012483466,-0.05168715862836934,0.47903886282725006,0.11416492377636951,2.2547204296624344,0.4072603478047641,2.4716962994854144,2.2955525644250128,2.4450930162550972,-0.06514355373410541,0.47636506195511696,-0.045108427396435974,0.4716881296327395,0.11893288982979458,0.35763200635476994,0.09009111972823329,0.4131351072977508,0.3770681847588317,0.2634288469938394,0.30137609683955346,0.765664284486464,-0.23122048924929894,0.7654824173771374,-0.013518657457975047
175,rounds_151_300,45,35,27545426,288,307,1,2,0.09544457267844576,0.015751529205590486,0.21096414477963532,0.26223471060705683,0.3992250473733447,2.28337209618819,1.1710565316056938,2.3192426685395726,2.4881956344033482,-0.0728483345687001,0.16988170019641338,-0.07485120365080856,0.07711487777550137,0.8828996033772292,0.3889851310324298,2.2547204296624344,1.0946840446207644,2.2872234577071313,2.4490752352325598,-0.07076343021056619,0.1412105581152842,-0.06310157182686793,0.0651997643691197,0.8944795057813832,0.0894059346402632,0.35763200635476994,0.41509538160183185,0.3811826513049073,0.43670330496742726,-0.14565367409155527,0.5180709578356595,-0.2978797351592993,0.3530056065688398,0.5084633837982152
176,rounds_151_300,20,42,27620504,807,216,7,9,0.5117056401181284,0.0941021650659797,0.1487526358291507,0.11281342615154298,2.058448414245899,1.6443141408529376,1.9607945140285876,2.6177229002781877,2.8521000063587234,-0.08953472732183698,0.26966728464387474,-0.059837982497223684,0.22165888516665172,0.6151081821728,2.0216694489471316,1.6267317636502363,1.9231940343684955,2.5817671706637184,2.8295973514236983,-0.09599245957421787,0.2544797777451661,-0.0605252836982437,0.20724049446753423,0.6183325431395289,0.3850437609200257,0.23767683954809582,0.37981757233861063,0.4292332181770917,0.35344108850828465,0.17657563874177362,0.6725713526486488,-0.03799373522519609,0.6406191975305336,0.5069954351682024
176,rounds_151_300,75,24,27675339,599,542,0,4,0.1597200236417711,0.016170808750515183,0.02469115755520761,0.12832767387347607,0.7796544663317512,0.8885611507680379,1.6380639367479206,1.189712567052283,1.784213794196312,-0.49970156120734943,0.24309127164939304,-0.1011100038501053,0.21687314060968418,0.4055009136197793,0.7698747843101214,0.8696765109908845,1.598571439425491,1.1647166310296408,1.76463003283791,-0.5150724097396373,0.23310056329148254,-0.08067767666346475,0.20928863209409665,0.42154806626639074,0.1220107531411617,0.18120043212731282,0.3557962809590236,0.241230667533078,0.2613028906030662,-0.08320759244773823,0.5391800523990632,-0.5404908628987223,0.4971505304811433,-0.03706900318179774
177,rounds_151_300,70,47,27770357,605,572,7,3,0.06388670915223452,0.037733241249448976,0.014687031322197678,0.19692435435986577,1.482697834693341,0.7031094066193098,3.084685983390451,1.6432099588283933,3.178700243809839,-0.9344455811819985,0.2029081137511089,-0.05883866215933909,0.19960827471607484,0.16701120703418543,1.4597140936006097,0.6850665504096393,3.047122043270723,1.612701684305641,3.149807106516191,-0.953124460133717,0.19611196800627279,-0.05266902740327007,0.19344930584696632,0.16988833592445204,0.2582622791238163,0.1575187237967766,0.47507529278488353,0.3133151045554496,0.42218755531515706,-0.3474854840279158,0.4503331366632046,-0.23461617659174758,0.43321630519237164,0.0992410403054664
177,rounds_151_300,64,70,27764375,267,605,5,7,0.09721024811550248,0.10969452084197352,0.037733241249448976,0.2981170270747195,1.4923853832733682,1.482697834693341,1.7021385307131125,2.0988921387461437,2.3978744865650157,-0.14244769528627654,0.24108622640121372,-0.06497946415661028,0.1910460458897084,0.6283911796208808,1.4684879036834646,1.4597140936006097,1.6415642702567643,2.065300434289971,2.372846125693416,-0.1489108733515454,0.22596766319823486,-0.05015354349789126,0.17669130804549918,0.6432482641999852,0.26415022704587127,0.2582622791238163,0.4483419678524289,0.3714554350687383,0.34237293943038083,0.07829336413660415,0.5683282375355267,-0.37635701944332295,0.592959559110852,0.2106903661851658
178,rounds_151_300,70,87,27870360,605,421,7,2,0.5691708959680063,0.022423802487901413,0.012643420974361814,0.04622205076201891,1.0454827860034943,0.6736607437943857,1.5523770806991324,1.2301181154815766,1.6778528402263269,-0.3639770190437912,0.314812932937843,-0.041119066168823944,0.3028891784791853,0.36590279894655503,1.0259299141514333,0.666821961828839,1.530202327753281,1.2124475934860026,1.6663409777247118,-0.3743612397577407,0.3020194136785395,-0.042429305777414224,0.28933238031470615,0.36633083847298886,0.20002552530540302,0.09467735726641816,0.2595060197223064,0.20620949627008567,0.19337127254657635,0.062258159569403504,0.7040464471384619,0.012571806567963036,0.7168880401996071,0.353122758780946
178,rounds_151_300,60,40,27860390,576,541,8,0,0.10935881461843922,0.00960552421505175,0.035935584200143984,0.15898101171284604,0.6083942530882877,1.248558806367028,1.3281380087550034,1.3827557324213133,1.7586403784290043,-0.2718373442209403,0.13142759902852114,-0.1117897896133776,0.10973860869801084,0.6402676248619031,0.5954351282346307,1.227077818797949,1.2588534002548015,1.3552943773334518,1.724690566737369,-0.2725579000266394,0.10742227700713332,-0.09255358853354878,0.09250345882076194,0.6631583185950666,0.1241846513150214,0.22912866986740615,0.4223066080503382,0.27262774132713274,0.34214338999831295,-0.25498376772951614,0.48799005904035997,-0.4362346583625403,0.4711803024175948,0.11734999861728042
179,rounds_151_300,37,32,27937462,628,318,3,1,0.1328357402279242,0.020201294248153527,0.017812850106773633,0.08312561755189493,0.8601140261734452,0.6808852326461938,1.5533260265769608,1.111748082987449,1.6231663969991241,-0.4600127689335971,0.31522644702562597,-0.08123189826515513,0.2862203453412883,0.3372959575101072,0.8396016434863033,0.6730557150341706,1.5095985079333996,1.0886539205348844,1.6047600829111308,-0.47407734693378933,0.29400185204898593,-0.07063085483244448,0.2657862141823138,0.352074641129581,0.18578331303687187,0.10196084394460352,0.36447695294731014,0.22417744793888505,0.24150287162632195,-0.07728441842267797,0.7130814532012731,-0.3794768235291094,0.7238866798129742,-0.10717317395236292
179,rounds_151_300,16,38,27916525,561,121,8,7,0.10121215679656716,0.007777351528541961,0.1498908841672043,0.12724312531839435,0.731126250053533,1.0523650718115738,2.06741395614447,1.286667312660824,2.2856900576370847,-0.7764421580822511,0.14469415627955967,-0.0615698820367571,0.12820316963689926,0.40907842388363275,0.721310800998085,1.0319233023699452,2.032318712514606,1.262048532828089,2.2602216882672512,-0.7909150317717053,0.13594000221439978,-0.051479611694314684,0.12144579663852653,0.4155641179083729,0.11843064464350096,0.20530301633823445,0.37678475859260524,0.24907970529983428,0.3371925510559792,-0.3537536133266155,0.4327234833010205,-0.33410823625106606,0.3799901226170419,0.21823368748273778
180,rounds_151_300,67,92,28067375,311,201,0,0,0.5292078459431193,0.021117346713851605,0.8504048871994019,0.3243069755844772,0.7367376887620483,4.736849162144943,0.9826842069778406,4.7928915307975055,4.802209122687833,-0.0019440439722984149,0.0944236811562171,-0.07943831535369014,0.020732851235519843,0.9786013486343924,0.7244575003490765,4.450753141969988,0.8087216473103975,4.507289023511042,4.525876676633944,-0.004123909743960041,0.07130629125501278,-0.05592162161430373,0.015708659304609664,0.9836154278442285,0.13304872428902306,1.6192744880392889,0.5576927312526024,1.6277115334139547,1.603439329845844,0.014911858194677885,0.3571823965659378,-0.18627950319824582,0.10101210618697387,0.9404134694339815
180,rounds_151_300,28,61,28028492,556,531,1,8,0.0,0.04841525471226002,0.020869629234022632,0.13129908946090532,0.9543079480663295,0.7518121322941934,1.2399814570108862,1.2264235238114516,1.4336250526735455,-0.1689477776960422,0.30797574468251043,-0.13811867538482756,0.2702546159961104,0.42737513418688533,0.8854138072801198,0.7237804581722374,1.046011130119476,1.1490974309981163,1.3795538469049755,-0.20055428694735022,0.2173101636584869,-0.07190140929091571,0.17923858279719954,0.5279520832639923,0.3552036772531769,0.20266243689420207,0.6648990295898332,0.42750694280445595,0.3888299357266655,0.0904710618828043,0.6889532536460761,-0.5500468722103097,0.7537871419695452,-0.28176179651921246
181,rounds_151_300,85,29,28185324,450,342,9,9,0.7122434439243195,0.03826723581749118,0.050246147582739854,0.11561954633281049,0.9731030606660577,0.7950155980415452,1.3032648835659804,1.202458430679852,1.4790610911499342,-0.23003095442866583,0.2748220263251075,-0.12533311211112716,0.29640745078399244,0.4389553479024185,0.9584736542757473,0.7417629753808078,1.2747155500343947,1.1757194164039435,1.4611653478497788,-0.24278405839286088,0.2832581647120914,-0.09521187573173451,0.28760545404435045,0.43922830302869675,0.16692134512443255,0.28547745491978216,0.26988047054485226,0.25090936501311123,0.22761410270668977,0.09284333530238764,0.051001113607604155,-0.5152049811883014,0.5580253142624891,0.5348959550696123
181,rounds_151_300,35,66,28135474,307,490,2,9,0.3333877514456471,0.14067012624415967,0.021679192247102037,0.18211864685373647,1.9381758816089074,0.6724774497117111,2.2114528099792743,2.0323418753835982,2.8066150974360804,-0.3809758739072089,0.12116680597723592,-0.035356891029100584,0.1259139865796711,0.25967542509453784,1.9193323172959578,0.657848095018853,2.188917680931964,2.012564699303638,2.7873121311888447,-0.38495529219670566,0.11679242789545718,-0.03170802625127307,0.12045111253519207,0.2597323630404707,0.26672011242241134,0.13875079150777503,0.311509952809302,0.2796573842767793,0.32389934134519355,-0.15820056810882432,0.3409715962888569,-0.1582056436852716,0.4028752772880963,0.27929600081019645
182,rounds_151_300,99,44,28299285,533,631,1,2,0.04546301445349046,0.051669142303184014,0.017548672520430186,0.11497458611530337,1.0306883061708347,0.974225969768454,1.6000409496305934,1.40518135245563,1.8342937832231265,-0.305378682984655,0.28971143517462117,-0.06879661703950994,0.2652403478746653,0.4760757673034632,0.9776540932556016,0.9633880085592251,1.5398018653434857,1.3619581198226423,1.8100699753179952,-0.32902028995848065,0.2604568853731077,-0.055744628086627473,0.2349299208393668,0.49572739515092606,0.32552960344002874,0.14358215761125948,0.4332995299809758,0.3445070499780132,0.29480258720162994,0.1442770555190538,0.6048789043928215,-0.3928891814527814,0.6866919356918428,-0.06675035917003713
182,rounds_151_300,70,73,28270372,605,564,7,7,0.8475912500270073,0.007503329732123977,0.009486323588256103,0.005302971430221358,0.6707723706858698,0.6514375016248409,0.6019619787141917,0.8908022956778102,0.9691785787673373,-0.08798392580464864,0.2655317506082976,-0.0027379217088140183,0.24843174809362276,0.7335901784908331,0.6563545804568388,0.6422721696051533,0.5949881810009473,0.882247180413155,0.9635019321788622,-0.09209975794726333,0.25170848400932966,-0.009733279045793847,0.22868738552592438,0.7305334423077768,0.13761994954138218,0.10804481321605874,0.09047761044647211,0.12185001607120657,0.10297657025013238,0.154890794680281,0.7117062874452323,0.27078572870921674,0.7671647212597412,0.8357158170700775
183,rounds_151_300,1,38,28301582,189,121,6,7,0.20873557641447532,0.09888705774210393,0.07382932940963656,0.2664062501629815,1.1902774118297146,0.7309925868825907,1.4862377632548196,1.3796362186818516,1.7360784868635213,-0.25835960476757136,0.24966057030760158,-0.09895429027262495,0.24596703336735629,0.3672370442417191,1.1792038334900927,0.7117560370279541,1.4493758527520912,1.3640902416000238,1.7157286795357747,-0.25778238654012586,0.24944108265274037,-0.08000341547612143,0.241212686971732,0.3812488347098548,0.16000677700304675,0.16582342407108952,0.3273707385172911,0.20443438563977195,0.2627146609399337,-0.2850805901256541,0.2884145250044186,-0.45804695870060824,0.44519639286263807,0.05446118793766927
183,rounds_151_300,36,38,28336477,884,121,9,7,0.6214741432186465,0.016190549843142638,0.07382932940963656,0.0259471200451824,0.8387376621846525,0.7309925868825907,0.9339733807656747,1.0632527244385077,1.2163383793291354,-0.14397861521725286,0.2561757276003729,-0.08933184439484167,0.26754145481106906,0.5713237107399722,0.8188964230482954,0.7117560370279541,0.9124174634140535,1.048561856363289,1.2039429352789723,-0.14818494299858398,0.24871504138009054,-0.08533900672987363,0.24757298398924948,0.5719649974222126,0.18045365424871956,0.16582342407108952,0.19853558085037595,0.17478442556719145,0.17156940670082707,0.01839419534052511,0.41148810080072623,-0.16775451478987105,0.6915794374796563,0.5606516559126671
184,rounds_151_300,49,55,28449441,624,508,8,3,0.2175043326105363,0.016228626081003592,0.04337623404148458,0.12217883507703216,0.8459160857914771,1.1663944723503674,1.7216469417261955,1.4422904802552403,2.043158883605979,-0.4166070646492819,0.18646329033462938,-0.08133309528074742,0.1593269874012533,0.5133191331521739,0.8344409433143094,1.151364345398841,1.689507447821248,1.423889288302488,2.023156633782993,-0.42086653112962935,0.17860019264908153,-0.0732954621044414,0.15121605465519633,0.5206497434771057,0.13770525816195667,0.1850521876397286,0.32919826626834486,0.22760618882549122,0.28235041722147697,-0.24052170408230378,0.432789176686072,-0.3382830254901304,0.46341085333730375,0.23141377608283437
184,rounds_151_300,21,87,28421525,526,421,5,2,0.4952233043093194,0.009426764312030917,0.028608394994969585,0.13190710086968135,0.6418474220470224,1.2196438402724026,1.9946422188277617,1.3690582023876219,2.28499706090828,-0.6690284291224955,0.11491620864906087,-0.06935805593802313,0.10987588506066649,0.47746737322586413,0.6332581183425459,1.2110604422631175,1.9743436837727195,1.358050374918883,2.269224184418029,-0.6709425705608092,0.10849746675027204,-0.06726195417796987,0.103609603336308,0.48015104891941407,0.10382468647261708,0.1422988989588404,0.2810263739443692,0.17107965844317702,0.264243802114652,-0.5445658736945562,0.3906857530757203,-0.19531055094688096,0.4090364727781119,0.30231177246985297
185,rounds_151_300,74,21,28574369,285,526,9,5,0.04637234718960041,0.09181434333925911,0.007249548367690295,0.13964120173186528,1.067948763856941,0.5694338910183625,1.3374907984081184,1.2102621464795593,1.3029951056238052,-0.07662220900983296,0.5197017422473433,-0.04672020243610117,0.4864412808406047,0.3547618711612518,1.0220490581375956,0.5640208394025722,1.2846140099385033,1.1662007789946822,1.2916502959381602,-0.10757111399944441,0.48887078176050197,-0.040150727257827055,0.4553404767836235,0.37077395915771627,0.30877902748778774,0.07731683366416535,0.37116293986317006,0.32242661565746894,0.16960613041180914,0.4739698208041522,0.8727759662078458,-0.2247882593715043,0.8837680461576913,-0.016908962463288647
185,rounds_151_300,39,88,28539474,332,338,9,0,0.5147392566603536,0.12818433641389546,0.014451623012843941,0.2193666699608522,1.803415287009978,0.6338051332061143,1.9540549639092535,1.909465746709813,2.30781561116658,-0.2086184919227596,0.2838438102830757,-0.05565717937842613,0.2756094033000218,0.25986811329256715,1.7918351618626291,0.6260739117447219,1.9357232701544829,1.8961260233704522,2.295441361137217,-0.2105953575052797,0.2813651310263217,-0.05010257058039263,0.2727498830675374,0.2639660289914289,0.20065491915237546,0.09777993081093016,0.2642046889446342,0.22189124706618102,0.2345693934844046,-0.057136757694827844,0.45017210152436643,-0.31521008336245254,0.47939229798421445,0.05773307901579869
186,rounds_151_300,60,23,28660414,576,1077,8,9,0.014108629715754408,0.01852416393958265,0.010480926639072343,0.12342568623377398,0.890760277767375,0.832193738513307,1.2849688620716166,1.231097396237028,1.4705028519195988,-0.1944650816534399,0.26906239648480007,-0.18162081963043092,0.23537147380028622,0.42824414968011054,0.8764308514761944,0.8033091346379995,1.1381757747517776,1.1933332442805897,1.4183477445131498,-0.18855965113769368,0.2503149563836094,-0.11395705294088654,0.21186151070596823,0.5117832663561774,0.1580358596441844,0.21657845355991437,0.5954476849470925,0.301438360555828,0.3869941702360809,-0.2838252222527182,0.6169662558529733,-0.6961124884774852,0.6523455211964042,-0.42013657331320453
186,rounds_151_300,57,1,28657423,783,189,4,6,0.05602788544016368,0.06054416360238975,0.03450907841324806,0.08479027380672051,1.5900704160099182,0.8633595865801059,1.656995980637551,1.8168401482210905,2.057504930985305,-0.13246337769442995,0.30895519938723326,-0.06472319098873464,0.27686004319031116,0.41585888236153556,1.558084195604014,0.858637514890049,1.6055366625934075,1.7848550770877414,2.0415345333792425,-0.1438096905381876,0.28639656888819676,-0.05901577384267627,0.25522152644334345,0.4302442957638222,0.31567417545221094,0.08847477554213375,0.4080966048596507,0.33740263448540925,0.2525764135639693,0.25140948010323905,0.7539499408912761,-0.3092606261136645,0.7632492479010016,-0.09677208125931197
187,rounds_151_300,64,92,28764405,267,201,5,0,0.5195727891722376,0.07909091231704224,0.8455493767186999,0.30688352628300586,1.3688348877028873,4.740554040091206,1.1293495581763418,4.922089935362857,4.9543747462953505,-0.006559167214833295,0.0875039700861013,-0.06406985883483461,0.029674529031425062,0.9720716113634633,1.3510695576709146,4.49548900339697,0.9232369447760573,4.683066008207896,4.715812698736515,-0.0069925750504531425,0.07479927748216311,-0.043126120005866284,0.02361147548659578,0.9792379774913775,0.21797011846738298,1.5024544042007912,0.6497883478377772,1.51303598353543,1.516624110925463,-0.0023714752517973725,0.29526951862082135,-0.16783827786847094,0.1484448850813889,0.9085872063051189
187,rounds_151_300,68,64,28768393,611,267,4,5,0.17438054608727233,0.008199155416626197,0.07909091231704224,0.18304382734573804,0.5633265087150436,1.3688348877028873,2.3202479246635552,1.4838167171556,2.588131326517983,-0.7442392288714048,0.1144824907303938,-0.09250026489909506,0.0991880303818816,0.4469227685793412,0.5531453024202962,1.3510695576709146,2.2706060626501596,1.4624358377609072,2.5574136669095755,-0.7487356374042069,0.10785425708243895,-0.07873552358752492,0.09346077428725243,0.4598830189624066,0.10597096903963847,0.21797011846738298,0.47480166917859057,0.249086928250612,0.39426820302635757,-0.5828538486358281,0.27992112740964514,-0.5017989681049431,0.28531436118108916,-0.04933131346693633
188,rounds_151_300,34,76,28834498,515,421,2,2,0.5218328775785945,0.02185400562276217,0.01352556666178215,0.040687129828041756,0.8478493162045904,0.6516171387632061,1.222537280711584,1.0626221870647707,1.2386608495950266,-0.16566439574964908,0.4832223312528896,-0.05506738220704765,0.44275151531001344,0.43175054053997863,0.829706873703843,0.6416811927581213,1.1998848853470911,1.0426000075877655,1.2291732625410126,-0.17894998426569786,0.4740027010986793,-0.04681007468349712,0.4323096997177655,0.4389361112921531,0.17357923933672362,0.11258153394860375,0.2328438812097981,0.20419580283825212,0.15096805741144623,0.2606701248848329,0.711430075093792,-0.29780549556623576,0.7456318708829535,0.19094811778763185
188,rounds_151_300,69,86,28869393,500,659,0,5,0.4551813592385457,0.021342367894249037,0.06821910428012155,0.1470185032300651,0.9341977026947866,1.8741145613807504,1.5916366601722618,2.0827529744371627,2.468920233161543,-0.18541193481129814,0.10324457825404618,-0.07854255898722305,0.08027458129812846,0.7406508304034719,0.9263190457355377,1.855553226934567,1.564756707404061,2.06499119531135,2.447860879094582,-0.18540983838214609,0.10176482711874822,-0.07329463947749862,0.076642568274421,0.7446177916375829,0.11953155923320573,0.2601047918887158,0.28918740580119084,0.2677559165179766,0.31794134800070545,-0.18742977610117362,0.17123270647071617,-0.281829454742516,0.2799881413392633,0.5412568463171319
189,rounds_151_300,78,57,28978369,510,783,4,4,0.9725188553445367,0.0818741366833406,0.05434101016471686,0.04841236742213369,1.9720000511442195,1.4311809169029317,1.2794175578204492,2.3436995604243656,2.605443916580105,-0.11167999541218765,0.03361589668061513,-0.04693200614462272,0.08302415590494495,0.7315124364024617,1.9475406903951982,1.3923196772211177,1.2651823394761548,2.328049015645397,2.586773942666001,-0.1111337971330808,0.03406951889557791,-0.045756869950625785,0.06698629728215827,0.7260446564108178,0.3068823982369514,0.32990230936368686,0.18854441172503017,0.26618697298635846,0.3068703348956656,-0.15283753916609633,0.014290443958796797,-0.0850576309174854,0.5960123008704582,0.8580447815498156
189,rounds_151_300,74,7,28974381,285,1017,9,7,0.045579821163472624,0.031338378697788966,0.03858102040886435,0.30519825658993793,0.6853769488591289,1.8106175610401134,1.308125884811645,1.9465787462373447,2.21606844158934,-0.1384427400498991,0.12748673732642127,-0.0761666812590479,0.06358117588360819,0.7952702274415384,0.6650427218401705,1.7937019926722968,1.2097476532212466,1.917343406114248,2.182642457725771,-0.138368041304185,0.07775004813373872,-0.0577581536800849,0.03877313967585508,0.8189980102815003,0.16503666266206563,0.24391411686941505,0.49675776638951064,0.33346904641553327,0.38073903612884363,-0.1417522562331246,0.6296642630708322,-0.45294728623098557,0.5383809154982088,0.042656938998037054
190,rounds_151_300,11,71,29011573,564,547,7,6,0.22366266175509109,0.007070849206259785,0.06248628616608171,0.16915383655092833,0.5795325912073416,1.340567124252521,1.839567780346864,1.4637817617689437,2.177611552162503,-0.48766135023496515,0.10801471566623475,-0.11239932696702772,0.08849403315808237,0.5271063361261544,0.5723174394167317,1.3125650506093094,1.794686148773332,1.4346729795826967,2.1479028030448295,-0.4971375592991163,0.10363926611487428,-0.09610891265929947,0.08450785157331415,0.5379812346405032,0.09037595633316878,0.2711321358201058,0.40196693631472186,0.2888768820365068,0.3557610190284602,-0.2315316356242758,0.2378477095205755,-0.46418848529939805,0.2345152447411482,0.23103357876424
190,rounds_151_300,51,7,29051453,260,1017,5,7,0.1620020159746773,0.1293999839768124,0.003954197518621748,0.1520301514964861,1.6235034273783782,0.49105679408355407,1.6533053952465504,1.6934109465185068,1.7424191927317116,-0.02894055120758554,0.4631145800684233,-0.0485914173760809,0.4516297724927324,0.2413641308961052,1.6007348774420795,0.4822133016388447,1.616271019023195,1.6692079386033374,1.7307043826448332,-0.036841691570764556,0.45312692661417947,-0.03757446886538051,0.4403679727221196,0.2525030067302327,0.26881129103107265,0.09216363707906858,0.34612234452250307,0.2831160038784132,0.19850364225540287,0.29886110450805836,0.7539469813299172,-0.317474324045562,0.7973120377947821,-0.053914272526738374
191,rounds_151_300,66,98,29166411,490,97,9,9,0.787035466586085,0.013480025408789516,0.12503056055866182,0.05382410719059408,0.5971623962397126,0.8851475474110981,1.2167164723037662,1.028573959569474,1.4885302545743646,-0.4471786308856318,0.08705223894244729,-0.0910610434016276,0.12147744277661607,0.538505362467711,0.5880362956277323,0.8691093660806446,1.2046516610206164,1.0181417588393826,1.477332339658173,-0.4510084934952856,0.08935563430656934,-0.08533742220991458,0.11411839166072751,0.5381281881749,0.10329314417112352,0.1666872709308673,0.1692010819199753,0.144611068032797,0.17992027313951303,-0.24416668507494954,-0.004104283734522746,-0.3069375054274446,0.42590831940889523,0.5803304993310893
191,rounds_151_300,44,66,29144477,631,490,2,9,0.19742343701250178,0.01035097793613274,0.013480025408789516,0.024405797298263327,0.7207796379171242,0.5971623962397126,1.0684456539101004,0.9297662509312996,1.132945746986601,-0.21852750177992264,0.42821785488983016,-0.04930940696504816,0.3886544766815194,0.4544807781928072,0.7078239372711469,0.5880362956277323,1.0530814276609548,0.914248907416954,1.1255067192237247,-0.23107253406913197,0.4179638419055798,-0.04438338269205094,0.3785593281647927,0.4575123955734428,0.13513962177799566,0.10329314417112352,0.17907837437769605,0.1680422415868941,0.12764153230647163,0.24041996166500434,0.7458509767439709,-0.21394272235297607,0.7295037143067825,0.34821419537880155
192,rounds_151_300,16,56,29216564,561,284,8,3,0.10283462427462225,0.004334786354835766,0.12106213379884138,0.1551487665468206,0.3864433933365477,1.564316905259588,1.4416936019644524,1.6217276268511942,2.029812230895936,-0.2516357230943236,0.13702715502886864,-0.09658696946037866,0.07620364882933349,0.7046586354588211,0.3784834095522838,1.5494126558521393,1.3710168033667247,1.6018948532665063,1.9953875828842367,-0.2456420462400133,0.11134001393190847,-0.0820592980172341,0.062235130191680234,0.7246643140298583,0.07757285788201045,0.21303002118479228,0.44458716809766213,0.2506010874789,0.37002517283209996,-0.4765505471449927,0.5361303711602822,-0.4569719674110096,0.41677886878910614,0.024941287536275978
192,rounds_151_300,56,90,29256444,284,323,3,1,0.5058530374408927,0.12106213379884138,0.06203230622923002,0.17215466148530442,1.564316905259588,0.8560712070469195,1.4406106596291777,1.743151566677619,1.9521205341252117,-0.1198799756959057,0.2514687007393599,-0.0688239696907383,0.2508435511507028,0.4659895798297346,1.5494126558521393,0.8140962946180951,1.42033072922827,1.71898559917221,1.9342541499936439,-0.125229990830114,0.2503012572649022,-0.05588868625956886,0.24451919169605787,0.4600206663612023,0.21303002118479228,0.2639863999759616,0.23900390004680935,0.2870011572532001,0.260663620957834,0.09176804911671621,0.3066624990762705,-0.31952087725969675,0.5101932228529638,0.6379550395016951
193,rounds_151_300,26,45,29326537,500,288,6,1,0.11639377026062565,0.02428378051845357,0.018401979129218187,0.08353913284372538,0.8142891464576858,0.4759690718241694,1.2094967447488918,0.9496324727988035,1.2233680299051426,-0.2882542088094062,0.3629402335103752,-0.13301561294198933,0.3481260925706412,0.25421171880649496,0.8019998741569947,0.45708771089087075,1.1753208023697572,0.9278109291123259,1.2080525147804229,-0.3020460062226422,0.35772520778720274,-0.10091919095683377,0.34092660850041684,0.2780488419261012,0.13989990252848966,0.13233026712693383,0.2843446848652063,0.20141624168167638,0.19146852785069626,0.04938883651052206,0.5046940414652771,-0.5927455223397537,0.5652306547153981,-0.15619218479615843
193,rounds_151_300,22,14,29322549,516,778,6,9,0.3975672588047507,0.019469589967576955,0.006736043275304837,0.10542041174855761,0.8429189431192833,0.5119211686041841,2.028555213511685,0.9680036453691189,2.007016724082799,-1.0733565763768214,0.272901787671443,-0.04365958198796186,0.2775741645763231,0.2044831524294142,0.8197118213085229,0.5001802179235205,2.0037351508027013,0.9439672314666209,1.9920678773962046,-1.1103146496951735,0.2621801327840563,-0.038135101417770295,0.2659342928993703,0.20705626389773404,0.19552052529104913,0.10849761760054456,0.3134149632211823,0.21335686372618723,0.24103335529133146,-0.12971924634523613,0.5829326950206025,-0.20893945294755484,0.6273116468249329,0.13897494246949396
194,rounds_151_300,92,89,29492342,201,533,0,0,0.6391155324627422,1.2145335468556733,0.06755366001902571,1.215910902619362,5.966050996117475,1.2812920622625639,5.456039263212294,6.105415116596507,7.355662528139261,-0.2047768067635849,0.19268207266066872,-0.02822971201490872,0.1881575465898461,0.20241340495254856,5.6895828786690625,1.2431083682144946,5.185750121289055,5.828602457034428,7.242695676551697,-0.24261274120876553,0.1377525342449974,-0.021660038780841672,0.1336937265343151,0.21309761480909734,1.7919738669586565,0.30917491447885515,1.6932440124729677,1.8142007721676066,1.2784728445685858,0.295296935056936,0.7265455262475624,-0.10970862485072089,0.731552553402978,0.07313089154796905
194,rounds_151_300,33,62,29433519,964,558,5,6,0.05563100900886914,0.02805279923035414,0.15530093658405045,0.13787392955448013,1.4431671958259091,2.5909367322110617,1.562440455856798,2.9762209158988893,3.138595687399084,-0.054557365225408105,0.15230869152259302,-0.09404930099261603,0.07470483369132237,0.8436226412433866,1.4272442891795576,2.5661251894681953,1.4567902919129023,2.942795183616613,3.0955738287976895,-0.05191616665394827,0.13071226681934076,-0.08776051569149407,0.06241584495830093,0.859321640976149,0.21156425100568588,0.3532175767657361,0.5633023849839818,0.44006314733590757,0.5138951301157991,-0.1677758822270441,0.5984139645085262,-0.2619648401211718,0.48182784376479487,0.353823112363861
195,rounds_151_300,26,10,29526543,500,512,6,3,0.12943076669971326,0.02601571608451195,0.25340547328814866,0.17202905568992718,0.9870268367355453,2.8112469661854647,1.2382957414245297,2.9839714928458174,3.0966551285432495,-0.03776297326150568,0.14896166067883113,-0.06952549523929262,0.057119685069409516,0.9107949443253583,0.9756881669987169,2.7799344374620896,1.1772265579158858,2.9490643543836215,3.058849549435224,-0.03722712761029201,0.13262181850123173,-0.06441671767860173,0.05000414819408657,0.9171834634140023,0.14772687114326985,0.4140870773036153,0.3829120675868799,0.45073256939322337,0.4780086933629602,-0.06051509436395053,0.5229451487158729,-0.1959111843737489,0.329772024860756,0.670195232327111
195,rounds_151_300,68,63,29568417,611,560,4,5,0.2935323756031208,0.01192912663368938,0.1509394261597966,0.17564552302042452,0.7399567607675364,2.4530296677482304,1.6803463652760158,2.5641730443462016,2.9190232369294002,-0.13838777120195345,0.10374384235441818,-0.07519079998275978,0.05842057513825326,0.8114718622175057,0.7316419421684413,2.4272153606088906,1.6086220340822832,2.5353094136455177,2.877224089923329,-0.13486112363152247,0.08928792407739199,-0.06746980951482116,0.05066224368659461,0.8222394622515872,0.10952530971349045,0.35157666429335527,0.484045728704476,0.38023074119660416,0.488778323196338,-0.28547818532012825,0.4487757062267136,-0.2714418804225207,0.34206814337007474,0.4273096797700594
196,rounds_151_300,88,3,29688360,338,566,0,1,0.10089820269943356,0.047306298205096804,0.018015877189463937,0.17188515884668698,1.0310042451242996,0.8372143517366766,1.5540340288108674,1.3281309254704283,1.7573863289527278,-0.32320262652588694,0.2894632143994752,-0.06263425868483488,0.2617631851241022,0.43055743979629296,1.0193881901509814,0.8267422373854999,1.5319669431406624,1.3119226862529845,1.7429233158075614,-0.3285259368336473,0.2831254219250188,-0.05763164410481836,0.25582347099703645,0.43480228088072587,0.15294265399388676,0.13087040540679737,0.2589901815811806,0.20504561316250977,0.2224210305049818,-0.08473927861456398,0.5398827747470948,-0.2489853276893682,0.5196677845372907,0.2558509581314249
196,rounds_151_300,49,71,29649477,624,547,8,6,0.033652422945968805,0.005914452691258003,0.02132110354723409,0.09800770552918459,0.4581844577287336,0.9045200603867564,1.5872568886906693,1.0271148712007023,1.7337311986893755,-0.687962317849254,0.15500173653056365,-0.11947904765559532,0.1252269839190532,0.41311502386568655,0.45013707230094324,0.8892699821075981,1.5470998679361219,1.0062862397620531,1.7113688396532816,-0.7006779701747214,0.14166335066737057,-0.1017728360633714,0.11609839279571704,0.42942088453069216,0.08492133276565887,0.1643068867474148,0.3531528097023229,0.20462992094996482,0.2754751648072915,-0.34621155854646224,0.46614230509916726,-0.5406623182594334,0.4005982607109296,-0.08927777480149544
197,rounds_151_300,0,66,29700627,574,490,4,9,0.13635004895234343,0.029251040448919716,0.006604726375080645,0.057521303264366,0.9281500973385404,0.46551454327337216,1.255042496888831,1.041053850934247,1.2036051532998262,-0.15614110856965246,0.4845174640566312,-0.06971599830084588,0.46264953010297555,0.28904601508310385,0.9025462176699381,0.4590711833833148,1.2202872895944399,1.0138484153126777,1.192925788770834,-0.17663130972387786,0.4663615586446591,-0.059486490171763655,0.4442063925946484,0.3024183438122012,0.21556164341972245,0.07653899212124012,0.2920430819131506,0.23538421719818894,0.15817302975154393,0.3280219394728351,0.8016434741694343,-0.3298038317169587,0.821125791201433,-0.07155247702104542
197,rounds_151_300,92,44,29792351,201,631,0,2,0.5697319396554392,0.7993652781844139,0.00976538911793166,0.6822139979898929,5.526596746257965,0.6105355828589173,4.278234493727574,5.55528325160465,6.546644026251765,-0.17845368629237024,0.1310993710388139,-0.020380282910018834,0.1313076311337258,0.12144683648756743,5.3368184294840715,0.5988234217124726,4.054401255421035,5.365510271301939,6.448495402912053,-0.2018419641096556,0.08228300685488192,-0.017085534398722527,0.08278238559046788,0.12953016134719206,1.433108670448855,0.11825161815447294,1.363886355807544,1.4368202980393294,1.124946193502172,0.21705853192827085,0.6742422580311422,-0.07251391213865442,0.6768079046262888,0.014224057296037745
198,rounds_151_300,58,88,29858456,949,338,7,0,0.2227538076997184,0.050582063658236476,0.040917847012834886,0.06662794441156285,1.535804006194909,0.8855858099596953,1.5444694993456767,1.740907393264055,2.008670865658624,-0.15380684431038838,0.25929535695760453,-0.05530482992080187,0.251534146877418,0.46057064059491104,1.5129768695398913,0.8720924367602204,1.518217400278846,1.7188931645693908,1.9934135845917897,-0.1597076686794381,0.2504982511094891,-0.051010016884956905,0.24051233060187263,0.4642025872011111,0.2617778737779118,0.1529463293325998,0.28175302220889004,0.27368419120381465,0.24431244283474354,0.10731985738700467,0.532233655543678,-0.1866613464272199,0.6197087216527634,0.3408400314355948
198,rounds_151_300,32,24,29832534,318,542,1,4,0.07251674695900098,0.07395860712775694,0.024185788257851858,0.1724883110229192,1.122625181956482,0.8169285669987455,1.440839845117659,1.3827661236156779,1.6136847637580534,-0.16699761167027005,0.37111463106414033,-0.07795253404272022,0.33855314706106193,0.4403923386333211,1.0975377564684499,0.7992270842547085,1.386885536095177,1.3514787906014087,1.5954486302895268,-0.18052065736048384,0.3549867888555275,-0.05584318104743875,0.3201998633029834,0.462221495600788,0.23476845448865116,0.16824134512497685,0.38908710276816316,0.2909162376914942,0.23982539485374577,0.1756204577756446,0.6518117441689816,-0.4538981273434839,0.7238577249258394,-0.024119383308104685
199,rounds_151_300,6,68,29906615,753,611,3,4,0.7169800789090117,0.3381750428176019,0.020371765416796105,0.11653771058627171,4.480875986636957,0.8978467845342956,2.135489877077276,4.553423371454841,4.752468614689103,-0.043713317870256896,0.13628095578945698,-0.02605566030954337,0.13414314930092142,0.36699116158644013,4.433095549492361,0.8842541927878623,2.1053326011639713,4.5066110798320915,4.716232112469913,-0.046514116466786826,0.12881523840019501,-0.0254134856403088,0.12607337979614158,0.36715369428634376,0.6454125949631493,0.1545084048641106,0.3544155148158943,0.643918468696157,0.5767536144438433,0.10430645728847154,0.44231701594193246,-0.047860355195654666,0.46538877364839454,0.3621618231698877
199,rounds_151_300,74,1,29974411,285,189,9,6,0.31503281849383485,0.07617715870922742,0.07432712670997717,0.14259336322235563,1.0069097128151636,1.0763794638412494,1.1273484663000395,1.447993963547932,1.5997924740080693,-0.10483366248861614,0.279653875202487,-0.07143800628540832,0.23494269735314044,0.6629928782924407,0.9669297649256182,1.0634831889418739,1.08418568086594,1.418329835124505,1.583190597573254,-0.11623584187966896,0.25074348206205405,-0.06717230269838873,0.20447392568989234,0.6753777132600026,0.27998266873502353,0.16459095503620697,0.3078255396791592,0.289899142447582,0.2275965211792658,0.21491136794094334,0.63048069965212,-0.18080335156681066,0.7221792910960596,0.338565991863513
200,rounds_151_300,90,56,30090366,323,284,1,3,0.5058530374408927,0.056253242043645256,0.049837378757850576,0.08186346431362576,0.7868580363068799,0.9859461376309541,0.9021541132607308,1.2309059087171843,1.3218099299336403,-0.07385131598823302,0.3505370543840513,-0.04730900271533507,0.27948590960798586,0.7230669621756414,0.7480074608680713,0.9738061357921187,0.8779072500508119,1.2037462966374803,1.309978825588374,-0.08825159358549328,0.32433902093439676,-0.04544745762713039,0.2529390504590323,0.7289676013986981,0.24348875932063976,0.1527621434681329,0.20665893850041836,0.255689106135172,0.17418873971818724,0.3187479030643525,0.7088456184980747,-0.10146024262998278,0.7448696826980293,0.5396789331839454
200,rounds_151_300,22,89,30022570,516,533,6,0,0.012353863775198993,0.035038891809315166,0.034542788239195946,0.19008259213825857,0.9568300768640186,1.0272718129762877,1.4233749679167063,1.425915225829059,1.7371795952300924,-0.21829093606883765,0.22193933465625082,-0.1494012109991075,0.1742043937217641,0.5009475502867635,0.9352359912465356,0.9965523754897345,1.3039807662244458,1.3843619846301936,1.6920724816343253,-0.22227603792972617,0.19839824989772797,-0.10381401054050454,0.1494619464948108,0.5531684248716005,0.20107603375841213,0.24819329828923709,0.5693015090094389,0.3401896734570032,0.3916382798581687,-0.15123506212973892,0.5243923157299532,-0.5888146442441539,0.5647541704485994,-0.1858188808364849
201,rounds_151_300,51,63,30151486,260,560,5,5,0.8840373915653307,0.11051261831889861,0.045680422692385036,0.13447678042575717,1.37950925541775,1.3009557681669077,1.6660437678387359,1.8300252396647432,2.2966335516863197,-0.25497370304414946,0.1550826019082303,-0.03167520168539662,0.1670923854491836,0.599777835400102,1.3538895356384861,1.2804277252969667,1.6485760974345285,1.812868496804337,2.278597034715377,-0.2569014458202623,0.1509502248133765,-0.03279484378886194,0.15460266345633275,0.597065762931054,0.26286023306132034,0.22853203549781995,0.238178078876874,0.2470767192981845,0.2834494351102738,-0.14721223397900518,0.30920223503339944,0.011800795297082913,0.5671215059214142,0.6967637516944645
201,rounds_151_300,89,63,30189372,533,560,0,5,0.11314623804731513,0.017911392135482113,0.045680422692385036,0.15505424868527123,0.6262525941512734,1.3009557681669077,1.3169628495184418,1.455185100301226,1.7915375656166503,-0.23114067430033391,0.15209735091635,-0.11424169370832843,0.09990036986845206,0.6603573976723326,0.6056484141044813,1.2804277252969667,1.216170731859487,1.4230172398365397,1.7512061055184487,-0.2306288753884722,0.10862023922117867,-0.08904120501525531,0.06922461262147947,0.695382786150787,0.1586569633445302,0.22853203549781995,0.5041695944960344,0.30258949309854294,0.3761945362368905,-0.24325049222504536,0.5661259730865907,-0.49321854414919103,0.5484541239797566,-0.045858411422608936
202,rounds_151_300,11,68,30211609,564,611,7,4,0.22026406243062754,0.009323081659385935,0.13931180875784216,0.1564261990560529,0.639383051136774,2.4805337804484666,1.3420044473353854,2.562096150918416,2.7687942877941554,-0.080675401975701,0.1140588042228525,-0.07560384727800605,0.05536706925082795,0.8715857227223511,0.6326443103842784,2.463074709933004,1.3013070532534716,2.5425791880413096,2.7413565153145893,-0.07817940468017803,0.10431336531294286,-0.07352365272308597,0.050943143749411106,0.8768850773092667,0.09165334199086675,0.28905345169107594,0.32664392093570405,0.3109609604980688,0.38467925808657216,-0.23706608530674766,0.39842893225382114,-0.16712200819990033,0.26172797151967647,0.5885752430259353
202,rounds_151_300,94,11,30294360,500,564,9,7,0.024039922074685437,0.08069043499184772,0.009323081659385935,0.12159621125785634,1.1578208545941078,0.639383051136774,1.484400563700525,1.321731072676313,1.3905749291654441,-0.05208613000958828,0.5555338797110759,-0.05645380742627516,0.5216654206915843,0.3510240197538896,1.114965758381793,0.6326443103842784,1.4278894933176112,1.2801333454316364,1.3765926266009267,-0.07535096364259308,0.5330226478902341,-0.04727277598316164,0.4974529135508411,0.36836943462706107,0.310926541253577,0.09165334199086675,0.4042860443990434,0.3275904493381137,0.1948161620920087,0.40530573316276874,0.8399622279665844,-0.2919696987590318,0.8668975901237412,-0.06808051085968186
203,rounds_151_300,17,0,30317594,828,574,6,4,0.05116620454251826,0.04829580238455331,0.027332758160385613,0.10710638854104806,1.2238930948076743,0.7999170205510882,1.3031014726187597,1.4473440593201297,1.6214705608102127,-0.12030760783436434,0.28802335728616446,-0.11752002833377281,0.27157047716081484,0.44707018740112225,1.1718486977093405,0.7726221755265106,1.2108753324518524,1.3906915782315634,1.5896284495358322,-0.14304887900251884,0.24932780597091267,-0.08858424352777677,0.23037204729219782,0.48303000117598427,0.3518632440892719,0.2064007200676477,0.48043878567642284,0.3995594378869124,0.31817729721626475,0.20367968555827554,0.6219506302173903,-0.39809453345948126,0.6993775785330342,0.034333523617189575
203,rounds_151_300,0,90,30300645,574,323,4,1,0.07891499058740394,0.027332758160385613,0.06416094352025539,0.07746887249134791,0.7999170205510882,0.8024799813278566,1.271255544869109,1.0733632295072293,1.385764636680142,-0.29104910489278923,0.3198452028514622,-0.0967278220439144,0.3404413347671359,0.47312891411504154,0.7726221755265106,0.7203580751563731,1.2264119774517284,1.0090716956458778,1.3479017894919487,-0.33578396392259857,0.30897059455460496,-0.06788155773734672,0.32048184347421915,0.46183431216502824,0.2064007200676477,0.3530279757629591,0.3334238039079056,0.36507804253141035,0.32047354528423977,0.12217797854367796,0.4691244783940943,-0.3278489518019775,0.5992295881187137,0.6119342743743245
204,rounds_151_300,8,58,30408624,157,949,2,7,0.6411900895507939,0.175041585508734,0.02193305906104414,0.17730881795287132,1.9065366860280673,0.9516715462416546,1.5682426629887682,2.08902346189882,2.4484664542578787,-0.17206268810037328,0.11959959459628437,-0.037934732901653834,0.12968579229232197,0.4947533541536568,1.8899678124235813,0.9311539240035387,1.54953292789908,2.072568365254937,2.4296940942848835,-0.1723107112010842,0.11877041262539087,-0.03379560472448825,0.12467554861080679,0.4935308713561492,0.24730161725768812,0.1954659507540761,0.23930900751884482,0.25785370144814973,0.2981539520987996,-0.1562911465855128,0.16240722584782047,-0.16716147513242605,0.3727983732826568,0.5502038001038541
204,rounds_151_300,75,4,30475423,599,287,0,0,0.7545335456407141,0.024744812773618226,0.047183778850982586,0.07544841500736463,0.7996947645349729,0.8155267523923585,1.472676689794287,1.0774352671499432,1.6571171020198618,-0.5380201043569945,0.17122836633103877,-0.07506107898009781,0.2099655521636171,0.4327786676538219,0.7859234125888074,0.7934672660503698,1.458896455812625,1.0637053893088642,1.6444519507047974,-0.5459656096818968,0.17289479972903965,-0.06874218497614276,0.2021635222131806,0.4299893580459542,0.146810581497131,0.18752588426006803,0.19879244705285137,0.1700979844289415,0.2018108970177924,-0.18643908506804774,0.11501844693807754,-0.2818032528203159,0.5071598855487689,0.5676264033433353
205,rounds_151_300,26,46,30526573,500,538,6,0,0.04938662444778994,0.022311526180710643,0.021096180074594236,0.14979867509217,0.7125363342671623,0.6113433633972507,1.70876977469878,0.9528128770737168,1.6182183034983242,-0.6983589773347769,0.36301883083327224,-0.15561325088133637,0.34928003996084117,0.20049255644724334,0.6979373290047262,0.5884697000804444,1.6549928849745874,0.9234111897980246,1.5919912203079205,-0.7240328446270319,0.3564888379316643,-0.11998320106711649,0.34120304647018757,0.2308913912281019,0.1427109964665925,0.1650308386266591,0.42347356539268405,0.23387948226437963,0.28818011555083906,-0.23217356546512913,0.4961866948442891,-0.6511176134259546,0.5449651040519862,-0.32564989205095657
205,rounds_151_300,89,66,30589384,533,490,0,9,0.06285050428846957,0.018587802443653344,0.02160086952964775,0.050947754965057934,0.7457387318397074,0.6537847704142924,1.1701112785767014,0.9958441629286824,1.2221445639017008,-0.22724479330931713,0.4350108364778608,-0.07062089561590107,0.3875131639539475,0.4395357822388814,0.7206373211106069,0.6379094548892801,1.1323750999444586,0.9647815048924728,1.2081618366049023,-0.25226471535599626,0.40962304839214764,-0.058759974729355284,0.36371408282581585,0.4511012282336943,0.19107561802152517,0.14251089534489958,0.29364955560357114,0.2457544561750502,0.1827164145860535,0.25650823415423596,0.8033765185552637,-0.275833271733772,0.7842411603970427,0.21293282122662824
206,rounds_151_300,7,23,30607633,1017,1077,7,9,0.10135692576231994,0.012019319846738307,0.010842558258181353,0.052659262267185286,0.7778497553103341,0.6884011017191902,1.1654883812970471,1.0574744277458652,1.295070199440636,-0.22468228588868566,0.2897277186305747,-0.17080939809059623,0.25027385002138736,0.3920032648525275,0.7563270655640387,0.6600738955057474,1.0776737075269582,1.0106330949645665,1.2727698385081876,-0.2593787447192315,0.25063128857654204,-0.1084220570133714,0.21734853432640766,0.45224815039612487,0.1809349054474703,0.19477131302735,0.44288619521925604,0.3103084864910807,0.23783372814974169,0.23355712620325708,0.7263539537724423,-0.6924522951713685,0.7410847528720307,-0.3305399962468015
206,rounds_151_300,71,23,30671441,547,1077,6,9,0.3119841623469488,0.010315224260557443,0.010842558258181353,0.1040389999831942,0.558886272216846,0.6884011017191902,1.14102076649379,0.890207927982526,1.250609367468832,-0.40485085355629447,0.20960881731693118,-0.16743859260653138,0.18992849744409704,0.40436509686709643,0.5474505581599756,0.6600738955057474,1.0853453299846065,0.8603908371393226,1.226874517971384,-0.4259502368139665,0.20153624803376802,-0.12111185894533283,0.1785629589645099,0.44049985595616953,0.11178769786598304,0.19477131302735,0.3510270760323693,0.22753617807903143,0.2411622550636046,-0.05988532065366936,0.3528503996715571,-0.6519045120724914,0.43921263148160133,-0.12693936297054645
207,rounds_151_300,14,55,30714615,778,508,9,3,0.30600180745260064,0.0178587558279105,0.06737959461646494,0.07702503605396487,0.9818268739548448,1.135271490294256,1.643159433654109,1.4770749155088927,2.034529432057606,-0.377404362294417,0.11933129163882303,-0.09578996164983963,0.1218890099999157,0.5131489665711668,0.9706391060070586,1.1088650872759984,1.6191495237467977,1.4528863266788012,2.017046707824587,-0.38830318021879795,0.11582846357047562,-0.08353822512462764,0.11615184370474779,0.5166441594843795,0.1465350013228156,0.24220603995598422,0.2778279001231799,0.26449165870266234,0.2630225367737714,0.005554511382691585,0.2559999706783002,-0.4244143181166825,0.3772749645045622,0.4429597092959078
207,rounds_151_300,35,34,30735552,307,515,2,2,0.876671541037733,0.03629260122044278,0.11826070708709514,0.13556951138390494,0.9024627871373214,1.9420279985904572,1.1041366118867861,2.0812013777201854,2.2584293146290784,-0.08515655371275699,0.06591230838670202,-0.07430480087927883,0.09890801870007666,0.8605205760579784,0.8873550556462065,1.9160514711094108,1.08552708465029,2.0640771080309657,2.238393269945789,-0.08445234978702576,0.06830064725906831,-0.07134822218435902,0.08709788250236558,0.8616820733944867,0.16329127513494676,0.3137732525514311,0.2004800396364787,0.26297581023877653,0.29664639852467045,-0.12803682686754247,-0.004324403906933803,-0.17194560004328513,0.49839675148423035,0.8164991583419864
208,rounds_151_300,4,6,30804648,287,753,0,3,0.31287385872079254,0.04210066342687545,0.11625200022535864,0.23585546913091093,0.8481233972629978,2.3476873227590254,0.9766276850635303,2.4845394278855233,2.5418886451962757,-0.023082433978340866,0.1707950136131968,-0.08343464053352119,0.08149882634086192,0.918852242406908,0.8278378364762539,2.3101364502600017,0.9023783362890226,2.445983420428263,2.508239845665549,-0.02545251317622821,0.15607486192819545,-0.06540084321916383,0.06785701117156324,0.928476925248058,0.18349237402545174,0.4152108960501602,0.37265717961728945,0.4329020053149532,0.4090005315460056,0.055212203860220965,0.3622724110352091,-0.3536836939115085,0.4137267644450744,0.6308534899705655
208,rounds_151_300,73,90,30873441,564,323,7,1,0.15797441792186595,0.013410522323101758,0.013113079461202557,0.0776284794032108,0.7743935399046576,0.39010329794127235,1.5671733036193913,0.8695163696347374,1.5394524249628725,-0.7704697447036666,0.30537380919557644,-0.08257693014479027,0.3005293142064923,0.16463705975145057,0.7645471026447697,0.3690754436583957,1.5413918160014384,0.8501733084431319,1.524426684674616,-0.7930775637572076,0.2972819433260501,-0.06515580770308164,0.29261551833778127,0.1720537192885024,0.12202558117301875,0.12599987096457635,0.2810927667139806,0.18142117361862467,0.21221738055437706,-0.1697497944781836,0.5854166369494683,-0.37735974879112105,0.5966060238190445,0.07632666954648197
209,rounds_151_300,98,65,30998369,97,1447,9,8,0.06260980629336597,0.09242602634476497,0.008721632296661043,0.6203278149012477,0.7205381804193072,0.8668890908569236,1.3259099272487547,1.1253170694276875,1.4858908623262859,-0.3204197311980512,0.2627044725701144,-0.13682795403239792,0.23713655921983254,0.46266933184013,0.7060703059626606,0.8448655286304976,1.2303846615146845,1.0990715252785885,1.4417289052165558,-0.3117698639777895,0.258943007495423,-0.0929837971790794,0.22554702199561075,0.512136408473187,0.1428728519192023,0.19319624960376874,0.49297012448575966,0.2403631689502122,0.35812795237630585,-0.4899452105762798,0.3674301741514903,-0.6340858545203722,0.4531246892126898,-0.2988806281386874
209,rounds_151_300,69,48,30969456,500,527,0,3,0.3113604304476086,0.008324717718642205,0.03131328194074079,0.14139581188093872,0.5190146284942482,1.054956863545463,1.442335917399569,1.183576513216771,1.677565596985526,-0.4173697925334561,0.1684097733441055,-0.13630994752415745,0.13500748895297027,0.514949171633835,0.5106418986958824,1.0358094219227902,1.3861871962879957,1.1598131538169725,1.6537756290616497,-0.4258983213106655,0.15273899400540664,-0.10985891394919661,0.12247128782933127,0.5398052311666603,0.09217393861499523,0.19878895856533146,0.3971736797817257,0.2345588330928523,0.2793629162998697,-0.19101426544563882,0.4884935751075346,-0.6266615916261894,0.49760035039976735,-0.1598009761186223
210,rounds_151_300,52,88,31052510,633,338,2,0,0.3948157492096333,0.02495602824895356,0.045777544771720254,0.058156444162775114,0.9608770293453991,0.8696467010167716,1.577933276543539,1.279142630214818,1.76302196747527,-0.37828411455506705,0.2767874845449993,-0.06504036288609344,0.2622462264877701,0.43792711906055215,0.9400992068363868,0.8551563958570911,1.5503356454407013,1.258744361693246,1.7494479779628598,-0.3898358008210068,0.2649058267895118,-0.058541233636909815,0.2473649291109888,0.4428329369041809,0.19767633092081935,0.15702352703321856,0.29184311583000705,0.22593507489495776,0.21561795495703515,0.045664091521510186,0.5775911150480053,-0.25187478832590343,0.6812808739306881,0.2835621694921924
210,rounds_151_300,39,77,31039549,332,190,9,2,0.5677059239758013,0.029070745275488922,0.10232508282642812,0.12950229554304055,0.7248184861849287,1.1855527520487574,1.552132835504122,1.3763793373710809,1.900934369872028,-0.38111225463676357,0.20858078551148332,-0.05996083221237104,0.18404461753163262,0.576272518575862,0.7156605466830829,1.1768419247972668,1.537792486579094,1.3654419442961605,1.8881132831381104,-0.38278547178464595,0.20521207714190176,-0.05873183023434448,0.17993780584153468,0.5777111017555279,0.1139076500181633,0.14133965370442975,0.20806755682174838,0.17085926059173068,0.21715165478199047,-0.2709387482418981,0.36684129837741974,-0.13502221303753803,0.3946459838123992,0.4814509660161977
211,rounds_151_300,82,57,31182423,609,783,5,4,0.147011912564614,0.2129987412562164,0.023109154812118504,0.18182158115266178,2.8741877081679417,0.9412086540739613,2.0929778757116835,3.0160948405615717,3.361363893142869,-0.11447552906426872,0.15011581659944817,-0.09455682731710037,0.1459566471180307,0.3359997681037406,2.8447727478600187,0.9119402601140525,2.04641103546073,2.980111673517567,3.333148809054743,-0.1184643980540736,0.14539727125361768,-0.07129461533598316,0.139964839360968,0.3513610227381011,0.40598099817338934,0.2319619340161013,0.4366141950526762,0.4604395791686701,0.42923620787083594,0.06776865567067947,0.31680208767421575,-0.5237176611560623,0.39379272356104916,0.0088701600951754
211,rounds_151_300,84,62,31184417,417,558,0,6,0.17127318076311498,0.011167749206328558,0.01753257775805347,0.1885761799239036,0.44673130119195986,0.773130326407645,1.7116696792532,0.8980295653097725,1.7480104651843422,-0.9464954526094822,0.24678669180674773,-0.11460195028103069,0.2295413588422697,0.3213217234501623,0.436555929588365,0.7578535969346722,1.6639798909946486,0.8783638860701182,1.7206590058340463,-0.9589364193152736,0.23999952849422573,-0.09159159032035648,0.22208933569476638,0.34319794474463383,0.09431139646171705,0.15191067256116397,0.39947268044437345,0.1857637178902772,0.3060315568428937,-0.647423729017168,0.37830093343780924,-0.5926292742317567,0.413729886897528,-0.25492448750347446
212,rounds_151_300,14,99,31214630,778,533,9,1,0.0012102091073845362,0.009542613464873284,0.01526402903942984,0.0788291587443382,0.6307937246139237,0.5718383199286178,1.3611093825626692,0.8763235896044405,1.3684916943491348,-0.5616282736002254,0.2531714043238276,-0.20110687241350128,0.22725134193402044,0.21820025915276514,0.6149847660985746,0.5478372636730862,1.2743749343008373,0.8359885200513872,1.3358235702931724,-0.5978970263982344,0.21854056520708245,-0.1403236488604835,0.19914442640191418,0.2806990563913441,0.13966480487807242,0.1633648165742877,0.4769669257243511,0.26201141466724237,0.2958477959087964,-0.1291408669524059,0.6898547725601211,-0.7489223435214843,0.6706134688223657,-0.5228141596887349
212,rounds_151_300,63,59,31263483,560,272,5,3,0.2158007812409939,0.026905912283594565,0.023596924166971196,0.05950521802005824,0.9365582515526159,0.5488449830010939,1.2498629407773378,1.088582704866946,1.2963402277555636,-0.19085139049128208,0.4164323519172026,-0.0668719034308079,0.38837454003155963,0.3495518936864454,0.9207889916138469,0.5411364062865577,1.222866001773926,1.0692239762380666,1.2852812631425239,-0.20206924994763797,0.4045898771271378,-0.057088804546194645,0.37699454051927284,0.3601493034412244,0.1699473670166939,0.09087989515372381,0.25695700636561236,0.20301350226915865,0.1668257108735206,0.1782531259800625,0.7247894683912603,-0.34490637791913104,0.7224545286217671,0.009344053541053809
213,rounds_151_300,54,39,31354513,435,332,5,9,0.5351776251606356,0.010381778166629375,0.017508249806373246,0.054152752958341606,0.5704576107056585,0.5750733630598035,1.3788833721891411,0.7980995781508187,1.435442504227667,-0.7985756959721237,0.26915647352496763,-0.034272320648060406,0.26288374244072,0.3576727185157451,0.5617603896282056,0.5683480643855274,1.36777403470962,0.788761664846447,1.4269207383121638,-0.8090645145513644,0.26316253300079234,-0.033729154474302574,0.2559800667390629,0.3568628057706661,0.09852772292879626,0.0868901737936127,0.17217221693086557,0.12062197955230751,0.15325428406164832,-0.2705336509188183,0.5550574269190477,-0.06264550644227254,0.5816304378327095,0.4049547385108438
213,rounds_151_300,28,73,31328591,556,564,1,7,0.10787611829511605,0.029818744440854063,0.004739424736665872,0.047933594477945006,0.6925523335033854,0.4170868128597259,1.083974250233899,0.8129805770626846,0.9567397604623734,-0.1768297883807921,0.5586248766827564,-0.090527800604533,0.533226682141907,0.2833517949681377,0.6326926611847229,0.4113146394828859,1.0314238166766745,0.7586687269224461,0.9465794450147561,-0.24768480816992855,0.5164414115271139,-0.08175556711043297,0.4893282845493905,0.30312647017237443,0.2810716481157886,0.06858809164511827,0.3323916918941008,0.2914613236736851,0.13774256260508239,0.5274070642755452,0.8779188014032748,-0.27239650855098696,0.903376110901688,-0.06848396397787668
214,rounds_151_300,89,42,31489411,533,216,0,9,0.06826165682375118,0.035278352108434774,0.09141047114506363,0.09221046870648437,0.9748884216892412,1.3408123666341722,1.384088286722485,1.6571657058703098,1.890792418419987,-0.1409796930518672,0.3282539367672845,-0.05414254009060533,0.24296139147064238,0.6754310671576168,0.9445796929818149,1.3295495361910323,1.3308132595466353,1.629463457364028,1.8696025066947242,-0.1473730805348452,0.2983690891164918,-0.05105351384308227,0.21806386914707296,0.6884576859256849,0.24017891409814596,0.17127459406965545,0.37904284449603287,0.2996959732155443,0.2798104363223992,0.06635236596536853,0.7419569540917922,-0.15484015935305637,0.704323720998342,0.28791588683414665
214,rounds_151_300,60,49,31460498,576,624,8,8,0.8697216519374571,0.03849482453224482,0.011593187257396774,0.04694018729884798,0.9266349611186775,0.6743931702259061,1.457132703555399,1.0920120130876343,1.6629118270245857,-0.5227962761350471,0.1733549443602073,-0.04188141064686657,0.20121311139658735,0.38825870222624276,0.9008057533516525,0.6624536683835766,1.4438009592388885,1.076035835539124,1.650040586075386,-0.5334438980358582,0.16673075122218503,-0.04500262251611911,0.18706037705591463,0.382706829625426,0.21631639306378236,0.12550327839567407,0.19452027664130978,0.18475188618152863,0.20397752229526145,-0.10406192061737651,0.4062909058565108,0.07838444595097294,0.6038836093781966,0.5873979267792919
215,rounds_151_300,56,33,31556513,284,964,3,5,0.507983000469091,0.018531947575199107,0.008607219888508552,0.13090335323940963,0.6192253637361463,0.8497009133834371,1.2669229442983698,1.0250447523154869,1.4745720365279746,-0.43854405692731446,0.18319523246280686,-0.09011124450237314,0.1891636114098696,0.503618205273725,0.609614303343725,0.8333964831259232,1.2444612141583224,1.0090766604156778,1.4628501090826458,-0.4496917493662387,0.1817483780730887,-0.07290569398944395,0.18356319895474715,0.51346770343268,0.10782697569156388,0.16464746368500882,0.23590266049960315,0.1789296411691893,0.18317860443429135,-0.023746558911859506,0.2268701142102345,-0.5480045163419714,0.42239604711449985,0.17644232025582238
215,rounds_151_300,2,35,31502675,315,307,6,2,0.09101728447345682,0.07771009874663183,0.04757322296001283,0.22794890726716924,1.5443216317784636,1.0352831020449988,2.0760271014803386,1.869292587527175,2.5335068822359883,-0.3553292294319106,0.16249653325588548,-0.07992017739345866,0.1448826411780461,0.3873174433973494,1.5337381391431868,1.0210963476804855,2.0345616184435396,1.8511133085538665,2.5079490019855033,-0.354832786516333,0.16041951590616643,-0.06620509028129934,0.14268489573575077,0.4001481364481582,0.17781595889104743,0.1694245059033737,0.4105146029970283,0.2573291999350298,0.35557941517523756,-0.3818074873159123,0.27534007354631057,-0.48961289302829725,0.2684264402202093,-0.0878535936554317
216,rounds_151_300,66,53,31666486,490,434,9,5,0.24478203704889773,0.00708924752776511,0.028293872155093897,0.11336105657974258,0.45433100715310193,0.8886075964664175,1.5380130701673733,0.9973161843555651,1.6900514306352443,-0.6945994230779513,0.16677138968292127,-0.09906460925783772,0.15193621931127507,0.43351099250563907,0.446165108971487,0.8739457554245113,1.5130818751159911,0.9790321621186501,1.674288716912157,-0.7101467977200608,0.15776309635477156,-0.08759820641651382,0.14500620150995006,0.44137929995155223,0.08518901611883102,0.1596977167569613,0.27403004906191464,0.18897572605999455,0.22793622861921295,-0.20616670390169323,0.4270389271582382,-0.44458091244977654,0.4014257924882163,0.15247494371613834
216,rounds_151_300,47,11,31647543,572,564,3,7,0.22601040294894403,0.014210021331867514,0.007737919635352834,0.057495254918467256,0.7970915163787964,0.6205297034473016,1.6101088872699074,1.0092807057653266,1.6156235381101907,-0.6007672879123167,0.34765881480925975,-0.054290371376581714,0.33113064915705137,0.31474220181438617,0.7864967642746037,0.6135529590514889,1.5900519293261945,0.9965481560939816,1.6052829748435247,-0.6108433546608609,0.3400787129632892,-0.048102096538510275,0.32325750254888475,0.3203391172002174,0.12838658277943638,0.09185131518111973,0.25110642543677963,0.15840330688446372,0.1795822791803335,-0.13370284189406045,0.6410229594733549,-0.3157404058961991,0.6718394597748121,0.052670872199141905
217,rounds_151_300,88,92,31788423,338,201,0,0,0.8066498324524943,0.014016682272111732,0.9173335617408156,0.2669440168887377,0.61271226659455,5.327331288027489,0.7950870427921652,5.35586087410599,5.364087214833057,-0.0015359511608747933,0.04539075435910285,-0.05899300140533776,0.01755255822392218,0.9888912979273007,0.6048659283376594,5.073372318242034,0.7372701715654162,5.105353360726511,5.118451261733099,-0.002565522909216078,0.04549554296810564,-0.049336292741411096,0.013139249793386107,0.9894821437197948,0.09688751962724093,1.6225163805751004,0.29715861701944507,1.616113593644431,1.601863694865906,0.008817386868450683,0.06273243020341514,-0.13538138450886109,0.10817217789204041,0.9831251402385149
217,rounds_151_300,48,54,31748543,527,435,3,5,0.10982759380185064,0.03842376818859272,0.012811906184328512,0.10522217849608172,1.181009149627126,0.6181103093466885,1.679757601788747,1.3225353702781855,1.7672913149231602,-0.3362903969452429,0.32576501861580465,-0.07457346393412087,0.32011835494946117,0.2822581847862505,1.1586337068455344,0.6085409709060052,1.6373107453731568,1.2977282705356858,1.7480676085387885,-0.34702128960880874,0.31438143632608406,-0.05838906705149883,0.3076891905191954,0.2994198789786536,0.22732071011057314,0.10755989414659686,0.37330912613207157,0.2533586945153758,0.25720327866417325,-0.015174470945831908,0.583402245933059,-0.4779299781057827,0.6429762126279567,-0.2112058170198673
218,rounds_151_300,3,50,31803681,566,359,1,5,0.49754689663071494,0.025806476178210382,0.05796532167296391,0.08218561063113157,1.0902911995525535,1.381440295464384,1.4500019892434506,1.739643783721311,2.080990150518425,-0.19621624265338533,0.18985274677375313,-0.049438731482062306,0.1575980780179155,0.670758913313334,1.075714460975031,1.3692495857024949,1.4282998849093511,1.723503826905961,2.0647705144879165,-0.19800750207476958,0.18329192614750062,-0.04704036436437494,0.15034564060413952,0.6741015206168791,0.1762034843465713,0.18082360852087337,0.24813020624998489,0.23362099167280895,0.25588409611898694,-0.09529582203536724,0.4199900654404295,-0.15540747977075903,0.4594861922314624,0.5019697075021483
218,rounds_151_300,25,1,31825615,675,189,7,6,0.4209737757299368,0.016649004048252078,0.1177293773391284,0.07780962633966867,0.9816769515368784,1.2592507151168915,1.5443833899268034,1.5715234625789802,2.004630775199678,-0.2755971023874746,0.1740436642851417,-0.0793235130040855,0.1616710266340832,0.5939993263878182,0.9682442613692744,1.2460148836594191,1.5224608088347635,1.5545554886976267,1.9895529409523152,-0.2798211163366835,0.16764450330423641,-0.07431556815545455,0.15474580975869348,0.5980333191238043,0.16058654539828196,0.18014660144522962,0.25711079299044737,0.22797406604897624,0.24193237074391455,-0.06122759898461272,0.40227621337149366,-0.2842121803518813,0.4574662844588848,0.39839823759672954
219,rounds_151_300,64,39,31964501,267,332,5,9,0.4325187733345427,0.03246583550935611,0.01338871398973944,0.045722853426317066,0.7981168180483065,0.5510545448821847,1.1970510072670755,0.9566337412622067,1.3274885999630894,-0.38766650464530716,0.26999643463095024,-0.053022318322960504,0.2627272284517354,0.37768395895807594,0.7858410322503268,0.5443626726190122,1.1831355304182838,0.9446304073648847,1.3200004636898959,-0.3973724044858278,0.2600405631100698,-0.0513824940466743,0.25172371909644314,0.3787667576825747,0.1384959361158521,0.0848365898658308,0.18027644163345585,0.14985151889633574,0.13830631902678797,0.07704426324523617,0.6426138014661834,-0.12218633256535874,0.6856028470593937,0.33122076893633656
219,rounds_151_300,93,11,31993414,668,564,8,7,0.4880022300914687,0.01367751925801193,0.0037681466827052647,0.011565530769335705,0.8904154687585806,0.4279674161568744,0.9088796233031423,0.9722252937419326,1.0214365938776728,-0.05061717736877047,0.44747042998097164,-0.00474754198995975,0.42281093792021024,0.4224869660125288,0.8789135696017751,0.42473776921212625,0.9000256961077913,0.9624107830004102,1.0165968391481166,-0.056302420031887124,0.4412305731687071,-0.006206707132390833,0.41526261213002835,0.4221803752975239,0.14147080191180983,0.051794798386097206,0.12510085114814132,0.13637326803781216,0.09716809282988534,0.28748431251978523,0.7303824455000353,0.08075655931816875,0.7604233064397686,0.44463368343880594
220,rounds_151_300,88,46,32088432,338,538,0,0,0.8185400204962763,0.011345442289686097,0.02879587884500242,0.09240225646312215,0.5157690984497696,0.9182847550134532,1.2349274845760079,1.0165533027229714,1.4812630239693327,-0.457142503006557,0.0704307914720124,-0.12105938978928044,0.11094958374662738,0.5313063892318215,0.5081431120263596,0.8975462802250612,1.218271714085756,1.003595147991338,1.4696041334419776,-0.46433961581354866,0.0782276395981812,-0.10736527332532744,0.10532896900421924,0.5348698853866009,0.08765450139422866,0.19298737908092023,0.20047649513835936,0.1603481752919187,0.1832809611710184,-0.14301868940728424,-0.20387999358964976,-0.5101636133790438,0.3528109511480493,0.46559131918959007
220,rounds_151_300,8,72,32008672,157,399,2,7,0.5908564813286141,0.37635431658709423,0.017872978418017736,0.47110129771754145,2.1968402230187416,0.7866001761003965,2.336008946283104,2.317814911057582,3.0941980365870307,-0.33496338375664236,0.10690707632085596,-0.042961130103862745,0.10945062194497968,0.28209650731812286,2.1593539196089138,0.776852509296421,2.289261102744054,2.2797159679267303,3.0477568059394597,-0.3369019863957956,0.10227727309308432,-0.03874795907872224,0.10472329762017087,0.2880720308119438,0.40170392529378335,0.12237504363282299,0.4624714263715558,0.415981028309352,0.5305961889754901,-0.2755297786823643,0.2298792036811112,-0.17647659759394466,0.2416054410918494,0.08918298790219838
221,rounds_151_300,91,63,32191426,378,560,0,5,0.09645749780399063,0.041869101478368975,0.010615975834662094,0.14274656006600708,0.9618158132434592,0.778027956875857,1.5410760246773454,1.243109774510337,1.6861043673421756,-0.3563599948414329,0.29008561290462476,-0.09063440411268966,0.26428608662975717,0.3840418124324119,0.9493277836213885,0.7684977183648952,1.5102810809422924,1.22500745102329,1.671443099118909,-0.3644350470870168,0.2823054372441612,-0.07683568953997548,0.25696884288709765,0.39757348358918476,0.15320317486431168,0.12029572793702971,0.3047978669189639,0.20975782239134746,0.21924583476000403,-0.045233175385253066,0.5357861662560712,-0.5290095816063308,0.5481260914449435,-0.15635299801936237
221,rounds_151_300,63,59,32163510,560,272,5,3,0.2158007812409939,0.010615975834662094,0.08038239052402787,0.0723386733996449,0.778027956875857,1.2785995615739543,1.5051968128494606,1.4918397440101518,1.9711209549715412,-0.3212685631186185,0.16122900693060527,-0.05930226633879844,0.1315235041619823,0.620645518281705,0.7684977183648952,1.266622892947547,1.4829760171807036,1.4761524323057815,1.9548397499320738,-0.324280411121616,0.1516146523229099,-0.05623648203082807,0.12408552846699637,0.6242838741062081,0.12029572793702971,0.17268472613222513,0.2556647258415279,0.21363833807792226,0.2497226110662527,-0.16890354658707896,0.5171163660228476,-0.19067299769688442,0.45227833719438354,0.4427759738420028
222,rounds_151_300,8,49,32208678,157,624,2,8,0.40291972178839663,0.07295109073165804,0.0557535941246897,0.21866490009706469,0.7525588823341788,1.1943337631004147,1.2068588507840612,1.3312436448038,1.6172947514073928,-0.2148750964709778,0.2412717014866076,-0.060640704858495695,0.2659918163944246,0.6812849419573108,0.7289165473629227,1.1548458484257877,1.170059757382386,1.3049141302147076,1.5858053820557265,-0.21525650258289541,0.24806913823362173,-0.04955365387406285,0.2505127833876571,0.6843666306232227,0.1864489487959805,0.3034748191588757,0.2945844470703178,0.262067938717749,0.3158852111540251,-0.20535618626068586,0.13641378273495075,-0.22758145216026832,0.5278193079378335,0.6360276861760861
222,rounds_151_300,72,69,32272486,399,500,7,0,0.1442822957772835,0.014604669774416833,0.031919865611707794,0.10225166774034733,0.6428551938160215,0.8970329250415393,1.3893480705812762,1.0878711622872403,1.6259871512092152,-0.49465047661580663,0.14075001573770435,-0.0876584483285804,0.14017127586326827,0.4887016882612903,0.6352555810992357,0.8830272208877554,1.366343467458234,1.0726002668909105,1.6115334283607508,-0.5024548082875433,0.1344526131434262,-0.07746345413110614,0.13360377005918783,0.4955446732193702,0.09755483667186095,0.15672396138562106,0.2501343790337924,0.1801561039681714,0.2138790775933333,-0.1871875161727512,0.3661636520080459,-0.4006047000709127,0.4232505783194297,0.23943431392324585
223,rounds_151_300,47,83,32347564,572,292,3,2,0.40662511301059207,0.011135915693012066,0.04231565513376457,0.05878957162979835,0.6673829194978353,0.8615968845280402,1.3714052630594782,1.0814451376555605,1.561886985083262,-0.44425910358175,0.21453605219348307,-0.09227996338176937,0.1985217191976374,0.4739726254449231,0.6584358832871992,0.8474829886899103,1.349447806554912,1.0653851731129724,1.5498930565353268,-0.4547725044893014,0.20793040484429326,-0.08061310968160651,0.1911225758465824,0.4813778278640637,0.10790957796826174,0.15432066750192464,0.24268088621876138,0.18437560696469749,0.1907760435448417,-0.03471411801979696,0.43856137322618666,-0.447563953543673,0.5105022721872348,0.20608596226317796
223,rounds_151_300,76,92,32376477,421,201,2,0,0.5945936614488282,0.054176461481903165,0.7959498971607536,0.33862361583030887,1.1494396136127523,5.07731269433967,1.068694176947364,5.201895853176846,5.199723880470659,0.00041753483104833844,0.09477676615736301,-0.08586763702416123,0.023332014424132533,0.977946232062114,1.1384721130728905,4.83076705874247,0.9149221252804036,4.958863589807831,4.964548163432545,-0.0011463460371035072,0.09053536181042413,-0.0669792424813283,0.02086525555777584,0.9821718614641853,0.15653177141735258,1.5606337152211294,0.5516804444168092,1.5690275166964105,1.5436647592286947,0.01616463522648548,0.2551229740160321,-0.19700732011741914,0.08719429874490835,0.9370933928703197
224,rounds_151_300,10,76,32410678,512,421,3,2,0.42018500151412946,0.0645803129088811,0.005095115976615085,0.07073302676964721,1.6158293393635803,0.24587020437212,1.7061042760089238,1.6315260384061665,1.816990326148655,-0.11367534650177458,0.40699064533282964,-0.03248454048049476,0.4063989253897401,0.1109963336288794,1.6020446207597008,0.23870688481436803,1.690185372805003,1.616873959301206,1.8086729775913102,-0.11862335786086708,0.40199401742844215,-0.028143556804138114,0.4013014573900999,0.11241533010790102,0.20772286788021518,0.05867130182131144,0.22971319895010872,0.21534236848992402,0.16943355042149147,0.21318990029860585,0.6906597119022674,-0.16771485920151605,0.7001437356753566,0.08860637212524813
224,rounds_151_300,20,39,32420648,807,332,7,9,0.38116445436024515,0.011217305333839784,0.017477762348218157,0.02627395652439993,0.7775501746356844,0.624059724736258,1.175938491901208,0.9924345363497934,1.2689373160880744,-0.27861059809069855,0.36865334967232094,-0.05682211486750745,0.3380892821824883,0.42878814773042,0.7618526568578963,0.6179878715744553,1.1574757231784056,0.9771730536538328,1.2598438806223178,-0.28927407065874977,0.3579081606513775,-0.05325358390590313,0.3267694207084541,0.4337117110432738,0.15447136685164214,0.08586853331059205,0.20602571567013858,0.17203040356467597,0.14950868420753166,0.1309170872733384,0.6683413392106891,-0.20202737638414997,0.6922784780354431,0.21419063993703996
225,rounds_151_300,6,24,32506693,753,542,3,4,0.6214907243793008,0.30297510069722194,0.02206283367651684,0.27043916358525166,4.103745993922043,1.045466052361225,4.142463187737471,4.234672911484269,5.281264419540777,-0.24714813397232938,0.20130549646257584,-0.041155111703368705,0.19715636748259296,0.20683067371060437,4.029955613518309,1.0333871955853478,4.079134231134727,4.159424993321802,5.242031925445862,-0.26027802733845373,0.1869725609391924,-0.03725344837586599,0.1831025379683617,0.21134713995592208,0.7699564385438948,0.1569145921328736,0.7161426049170232,0.7898148630789934,0.6336326328455614,0.19774536734415882,0.6284910544010461,-0.1872298677054606,0.6336077116966875,0.03243779947225716
225,rounds_151_300,55,90,32555546,508,323,3,1,0.48925676472478513,0.1636758028106256,0.04498007557205191,0.1574610691686923,2.3077993551713756,0.9295148522239763,1.5852629089621264,2.4691546382787766,2.6904586191202666,-0.08962742851770478,0.14003205876691652,-0.1176124007492532,0.13911991766466597,0.42685011254318084,2.2777985178857594,0.8954377392979523,1.5404585671218467,2.4304799227495146,2.658614757952354,-0.09386411015679497,0.13815525492030392,-0.08789408429237719,0.13491473617099758,0.4438430897448751,0.36793718457650576,0.24845994373001443,0.3726173384291238,0.4323462576296519,0.40923203284231796,0.053462298746514425,0.19896003172205107,-0.5602766184130002,0.2827249850803882,0.12754938836708543
226,rounds_151_300,98,89,32698420,97,533,9,0,0.05597816421400565,0.16829241751693189,0.04635978063504974,0.8495852094143629,0.7484221508019865,1.0387599034057038,1.1588757748604,1.2581168153945257,1.51075856276781,-0.2008094513020715,0.14757551354644,-0.16093567895564811,0.14626865879507275,0.5974970445975297,0.7328105038151435,1.003857157555684,1.0278270055621928,1.2210695230986262,1.4558545000677727,-0.19227814021051692,0.1513473274387479,-0.09688801492349776,0.1407820494233072,0.6622940823228587,0.15122907927729526,0.2658451578710487,0.5342695281567276,0.3017285907863102,0.4022460148359569,-0.3331385460943441,0.17251447867237607,-0.6576109871763006,0.24411421636047326,-0.2077795637544973
226,rounds_151_300,89,80,32689447,533,812,0,7,0.08702502672135011,0.04635978063504974,0.012552595808280304,0.11776100661372765,1.0387599034057038,0.8239387899253392,1.5462751446913645,1.315190251970448,1.6985233599173217,-0.2914658980877902,0.3324753365438295,-0.06579920235124297,0.3097354085014259,0.4239282062954056,1.003857157555684,0.8144346836943637,1.482607211926167,1.2817371063675644,1.6700206463975156,-0.3029353976731972,0.31016930024252104,-0.0533087483646124,0.2866741409754947,0.4448645499166022,0.2658451578710487,0.12348768406782928,0.4377190772177901,0.29322238571313625,0.30786288911411486,-0.049929691982322444,0.6189215258076142,-0.35849664387617436,0.6605224926645574,-0.08154626664711472
227,rounds_151_300,0,13,32700717,574,282,4,3,0.13493880588039545,0.031113421122912162,0.0752838779745313,0.07999059108454579,1.1167884358082674,1.3066298765601967,1.3885672058149159,1.7042634411007933,1.966009360286435,-0.15358301590778622,0.24149957491728932,-0.06019695208727885,0.19351705275659234,0.6616392461637132,1.0953071236085783,1.2956827290805104,1.3497845104088464,1.6832576225575846,1.950276877678114,-0.15863243483478984,0.2251720051685679,-0.053145945541107555,0.1782522841507741,0.6722530261807785,0.21668679437423335,0.16656837045000503,0.3244581358565568,0.2642528965950864,0.245003451381414,0.07284478415072304,0.5886207476287107,-0.2989120901912198,0.6372112198586997,0.21926769687550784
227,rounds_151_300,12,73,32712681,528,564,3,7,0.3794772654221361,0.03623720566022464,0.04236618731326113,0.18564871217716825,1.3401659438253388,1.4832280863253013,2.0452722921372204,1.9807831842372645,2.620846835192716,-0.32313665425321125,0.1415597387788837,-0.07610926493361396,0.13009900765734345,0.545563972799423,1.3306211356105104,1.469697873936029,2.022333309401185,1.967145820931677,2.6005926884104396,-0.32201317296282106,0.1418086623492431,-0.07287646868329352,0.12839910240442223,0.5482767429423785,0.15735152340415307,0.19742773517596143,0.3023844872242866,0.22841919009665007,0.3210695143524289,-0.40561532600030725,0.1297149763581826,-0.23603563964038055,0.23757897268759345,0.39424322942154544
228,rounds_151_300,51,87,32851567,260,421,5,2,0.5857861498351518,0.05946310410702912,0.07573092263191938,0.11256496792193502,1.2148929885220834,1.699906564121657,1.0737469894044045,2.054383406242016,2.200435936824692,-0.07109312221803954,0.15370472215014558,-0.03574639948453556,0.11364544639422842,0.8400409484536845,1.190276865015132,1.6866889465930763,1.0473046185689316,2.034585944261385,2.1845600267890046,-0.073712335893515,0.13500384578401026,-0.036088088638542695,0.09866639034870045,0.8442809808171966,0.2419136613211129,0.20828479455699103,0.23566806209790053,0.2811668510227766,0.2597812187471971,0.07606029017214089,0.5628418137902604,-0.02985814533462125,0.580560361363532,0.6495570032530095
228,rounds_151_300,87,84,32887459,421,417,2,0,0.5320187812995811,0.07573092263191938,0.021212388256875176,0.10194376219555529,1.699906564121657,0.7355585895198796,1.631340210000697,1.8269908455256842,2.1928398607649466,-0.20024676978279876,0.19470917683975061,-0.04613274790752784,0.19617991568340093,0.3755343269990481,1.6866889465930763,0.7197539586705379,1.6182726134443217,1.8138707406801473,2.1794908151045456,-0.20156897965469223,0.19386129534311308,-0.04312292565237533,0.1924290044703689,0.3730041056418092,0.20828479455699103,0.15081996180968504,0.20311890688973322,0.21501146585625255,0.23712647621521152,-0.10285502808368419,0.24928930632926,-0.1659099561862151,0.4241000588517542,0.5047601608636685
229,rounds_151_300,96,18,32996435,181,569,9,9,0.9189024372516754,0.08308730783755891,0.07942785091387729,0.14092342989752069,0.8152776413417909,1.8343495316078058,1.0559970314491303,1.9603327358235387,2.1347062913522272,-0.08895099915547444,0.11251425371197513,-0.05351626408276779,0.11284816948078373,0.8600896822980502,0.7932153215353208,1.8143025074359589,1.0429595555554476,1.9441469778566915,2.1162537721448325,-0.08852560853083169,0.11420295720873587,-0.052843024387325035,0.10179104144192169,0.8605017473435472,0.18753929550253193,0.2675957849069431,0.16388727508628104,0.24808388477613677,0.2766175576599546,-0.11501622892420338,0.07651043584377226,-0.0819079635851717,0.44065464460929804,0.8412684366808328
229,rounds_151_300,27,64,32927642,244,267,3,5,0.18885268538390645,0.019113805876113475,0.04752378726940757,0.24967406082898377,0.4997558482176664,0.9874826747477137,1.221979732852446,1.1098954393505676,1.46858433233901,-0.32317358939534135,0.22836491362856653,-0.11993256953060782,0.18431081520187376,0.5696897447086533,0.49360929809167586,0.9726330286393308,1.1751963591024062,1.0917261345053417,1.4455422078642775,-0.3240886722192915,0.2227786157237616,-0.09837750577326862,0.179032837323923,0.5910900302858688,0.07741294403771104,0.1692259781786938,0.3337398498432067,0.19848635287987168,0.2573253465479701,-0.29643848463329414,0.3931866175220583,-0.5687775691985353,0.3648599970836089,-0.07482752165941295
230,rounds_151_300,88,23,33088462,338,1077,0,9,0.0186684449077863,0.05887387362641416,0.01306787922671488,0.22700766699189054,0.9315028536946782,0.7546338841239068,1.4947174183598746,1.202134116721373,1.588562848156683,-0.3214522623226366,0.28719214588912145,-0.15782419838021336,0.27165512423404997,0.331566881792407,0.9177102061593229,0.724892939308134,1.417482901249877,1.1673176128333318,1.556942393942933,-0.3337778654464896,0.27892758074282376,-0.10809442013641037,0.26179469041731074,0.37592130836422344,0.15842337064927342,0.2089811072064049,0.4728168180530457,0.28592167669798646,0.313649358843287,-0.09697649533088293,0.490745724500175,-0.6750960214492587,0.5223105636204713,-0.30129237992827007
230,rounds_151_300,69,11,33069519,500,564,0,7,0.22606639367129522,0.04820000927662477,0.08412172449364637,0.11089334959629923,1.0283735337595235,1.7878493883251152,1.4123360303695471,2.0384132149604954,2.296742179040989,-0.12673042059605177,0.1871249395441431,-0.06558954143429584,0.14167975508798605,0.7689757399663107,1.0162708024515317,1.7723459158977735,1.3857109886132426,2.0201585241778472,2.2772521763656055,-0.12726409789666815,0.17984617724085836,-0.06287124645605932,0.1352994091000677,0.7730236068261135,0.15580239381921193,0.23186702127189962,0.2712627359449568,0.2688625635783312,0.2947591576667544,-0.09631907746382251,0.4348082433016407,-0.17675481627463305,0.42071363969922615,0.5672893888329306
231,rounds_151_300,63,55,33163540,560,508,5,3,0.19008194162657074,0.02444515598908765,0.04435454729563472,0.12488335017599941,1.0390106008381024,1.145361925127974,1.3725529047393619,1.5350883289747705,1.8227339036256003,-0.1873804713523799,0.20543900579706673,-0.1056209004036795,0.17655386244403323,0.5911649590194066,1.0252842523206482,1.1235855133775703,1.3207428524341793,1.5072621811820468,1.7992645546723183,-0.19373031257327322,0.19392079534613602,-0.08546596610302898,0.16664666794807476,0.6091306061623948,0.16679771686970743,0.22085949489568435,0.3721697937922262,0.28907072181199667,0.28908797409576814,-5.968187875726727e-05,0.48647066301791025,-0.4750952657178542,0.4847622155313521,0.13328975283376804
231,rounds_151_300,99,55,33199432,533,508,1,3,0.18629692670844808,0.03887710068427788,0.04435454729563472,0.09975322505184026,0.8134408305537004,1.145361925127974,1.2947657205426177,1.3976951703326599,1.6304197121160537,-0.1665059354308307,0.34289989452424524,-0.08408999785356679,0.2756945528723132,0.6262932163688603,0.7683522737046335,1.1235855133775703,1.2352985652292465,1.3553412679431005,1.608601252164919,-0.1868606750284909,0.3128948574593034,-0.06532940439714315,0.24577585373482466,0.6458933278705948,0.26630231148075645,0.22085949489568435,0.3865183549443388,0.3399154398784578,0.26372594806939087,0.22414248624984412,0.620334217054565,-0.39643688823595996,0.6853398500003436,0.1872170990119359
232,rounds_151_300,34,60,33234630,515,576,2,8,0.08313032997178406,0.03204155257289213,0.013626482024362,0.09249523522819138,1.050945973724092,0.5851093573753452,1.7375397552592877,1.1997292223138318,1.8168511161735117,-0.514384314711849,0.24887844089804723,-0.12222117052815842,0.24711817868042374,0.21126645616519385,1.0326672377006045,0.568131443775434,1.6914489870629743,1.1754272785421822,1.7957977629300383,-0.5277829566430239,0.23799535382220832,-0.09694652679192067,0.2346255299528876,0.23343617403732372,0.19377513742388675,0.13925768853305626,0.3954539981295459,0.23875666586630703,0.2730530715786857,-0.14364585628609472,0.5020890231422812,-0.5618422583702978,0.5878504218751636,-0.2457158006700051
232,rounds_151_300,76,80,33276504,421,812,2,7,0.18407034978808637,0.019067881262809453,0.01251475411323447,0.10520819859423985,0.6348271612611002,0.8149984851135991,1.7744429994188675,1.0276338106282012,1.8789913029860437,-0.8284638784290295,0.2204534627477506,-0.06133616476749073,0.20978813973272956,0.3703596623094671,0.6217383077995677,0.8064680855346769,1.7537800845456804,1.0113409456945,1.8667461565196266,-0.8458128927408448,0.21131394255957986,-0.05408201423500896,0.2020700201882648,0.37646317244976485,0.12754828147052355,0.11630843497993762,0.267448463806849,0.180959396181945,0.21069283277276368,-0.16430999007602387,0.5220225170774003,-0.3900860317014789,0.5193611015491246,0.04859228021119472
233,rounds_151_300,63,60,33363546,560,576,5,8,0.28475683717689043,0.02174667097084845,0.03627085922586654,0.08443119502432334,0.975027956554929,1.0797975638199795,1.660091746484903,1.438175712925003,2.0330896810002206,-0.41365875026860555,0.14340134911837316,-0.06319755599765997,0.13672277396012736,0.5071404329755631,0.9642873928672935,1.0644676241617594,1.632704964518624,1.4211871531876796,2.015688864094776,-0.41831345686853916,0.13774193887674657,-0.05430956941963055,0.13014432198295925,0.5135739937691856,0.14280847225633472,0.17981957683905672,0.2980386499211887,0.21819629521752112,0.262100056154606,-0.20121221991105287,0.3543920316428714,-0.35053560658944505,0.42732533266818684,0.2606074349105137
233,rounds_151_300,82,45,33382489,609,288,5,1,0.7439381191626616,0.09802922199820527,0.05595624618581496,0.17112800950685947,1.9866138260496196,0.9189532041925734,2.5840314300074683,2.1397214231400117,2.868404069736869,-0.3405502411278969,0.28007598648024246,-0.032081035216668566,0.2863199295603058,0.3079786615792726,1.9657245467146927,0.8961813986365424,2.5578108683649137,2.1214720956278237,2.8461533370742833,-0.3415935769034941,0.2776748855527413,-0.0327579619661861,0.2805710916443111,0.30285854273737856,0.28443591324320855,0.20235277684961775,0.36304539833273686,0.27557338453229974,0.3517391870120226,-0.2763902711758275,0.39659778635805165,-0.014390345252380738,0.5439301655959858,0.477217225241379
234,rounds_151_300,86,51,33486480,659,260,5,5,0.9453781501981888,0.03633143234598849,0.1671941085718572,0.07281206706538797,1.4101824699686465,2.1168501018456394,1.3736658608674859,2.5267891569228684,2.6850754791401883,-0.062643264786715,0.18713463880416853,-0.057944409403099986,0.1169470841735309,0.8295633591372914,1.3979813123215943,2.1015534893190577,1.3556731368525574,2.5120465338276783,2.6675992246698605,-0.061922694801820555,0.18234622924228006,-0.05984068813571446,0.11055442846186064,0.8308543594578885,0.18289043963015722,0.25016436089098826,0.21957063572691743,0.2677580782485441,0.30115772238250454,-0.12473813807013334,0.41625579481166614,0.03842976013712888,0.46568274517540753,0.762526277853461
234,rounds_151_300,4,12,33404726,287,528,0,3,0.27957358734043986,0.0777712316873173,0.009606902325652878,0.09601216743661402,1.0909380393218804,0.5733645393324265,1.2384805449822316,1.2199114823250334,1.2904719271839953,-0.0578406268662055,0.48659144280852756,-0.0294518064635183,0.4570401392492884,0.39788629057495545,1.068244196026086,0.5675580829797526,1.2186510296516782,1.1983993660690178,1.281901082475236,-0.069677704086343,0.47679348184145476,-0.02646215209483464,0.4461975717524159,0.402292337882046,0.2201302772799008,0.0805468042700711,0.21918429960935673,0.22665945955684952,0.1461486146646354,0.35520619809834497,0.7552864429284634,-0.14650766669550316,0.7816649231780901,0.2180137333824995
235,rounds_151_300,45,51,33545606,288,260,1,5,0.5516153399123168,0.04351844042539597,0.1310905795156335,0.15117494614484409,0.8599452187751226,1.6572190036518613,0.791900880634244,1.8305567507784728,1.882983122839209,-0.02863957757028901,0.15251516901699294,-0.08560826233682241,0.11227891950601554,0.8957126756724362,0.8477590064894983,1.6326540804958003,0.7571730283951634,1.8097474957630453,1.8624569322015143,-0.02912529872917169,0.15545143949479234,-0.0728774849322239,0.10408267669779929,0.901974827890534,0.14315805241910906,0.2821921086830562,0.23119350978095737,0.27273864875068127,0.2748379693649095,-0.0076971878530764926,0.1215837972322723,-0.3391482453260183,0.39595146831132916,0.683735911985673
235,rounds_151_300,87,61,33587480,421,531,2,8,0.07756692121855156,0.04677791842259467,0.039243687217028554,0.18411197286073325,1.2024739089383998,1.047438181539815,1.4152045636431083,1.5771631205008956,1.8050335722942041,-0.14448122000274677,0.243159642525009,-0.13644281634059766,0.2236914313403757,0.5203783996323107,1.1917657526310788,1.0178200089066032,1.3344773174650226,1.5527820662328684,1.7678330707465126,-0.13849400324114347,0.25017104970478865,-0.09975715030034045,0.22110308773172682,0.5544756584287197,0.1581872504763899,0.24618793011577905,0.469809157093802,0.2741739900670791,0.36263794045420145,-0.3226562460045128,0.2115984819889541,-0.5746719916159658,0.3438918245903452,-0.06177828771260048
236,rounds_151_300,76,49,33676516,421,624,2,8,0.34077722569348595,0.04779822534441741,0.025206039760422964,0.08375566070640666,1.176227252462934,0.9326994590156195,1.480300326296732,1.4727456338052298,1.7986292767254195,-0.22127625805834694,0.2912338372519285,-0.040207310931814566,0.27189849041950054,0.5083689346351689,1.1610115317362757,0.9195712980086801,1.4634501613149005,1.4552441453515426,1.7851281613086682,-0.22668637218769616,0.2859086960960977,-0.03759043512459073,0.2655118160405165,0.508905892209088,0.18688644398649742,0.15480342343988077,0.22058099634450104,0.22437933666797164,0.21713564076341568,0.03228325750545791,0.5103164780183582,-0.14320586411207056,0.5402379006383309,0.49152434738321243
236,rounds_151_300,93,71,33693465,668,547,8,6,0.02772965897564769,0.06726040564743536,0.03117510803488337,0.15419273283498894,1.7566555787076903,0.91849938470225,1.8770537321480003,1.989085301570328,2.401647353762097,-0.20741295100117751,0.19523196924481406,-0.12307772241889807,0.18069227176778616,0.34623192065501984,1.7416844582893056,0.8915354998906624,1.8138467080215097,1.9570980839740701,2.3702558883973004,-0.21110735726861218,0.19040001304667264,-0.09249716201548618,0.17721280090100217,0.37198057202410284,0.22564475425769825,0.21994567486221128,0.48116226730118494,0.3525661276489564,0.38373756750422733,-0.08841303066500972,0.3857077224176975,-0.58968195265966,0.3305357453038772,-0.16197655528613553
237,rounds_151_300,45,29,33745612,288,342,1,9,0.07262976549568693,0.026545868488028646,0.02582828798830243,0.17755632357439027,0.5638314630433263,0.774080539853066,1.003196524789355,0.9757533041424652,1.1345483396873313,-0.16274096625726742,0.3755335266935549,-0.15869383846062565,0.29653563134636163,0.5274225200237002,0.5479528792254357,0.7580099537534769,0.883933568759343,0.9452302505451867,1.090640842867854,-0.15383616027819458,0.3437858078433948,-0.11363163410887525,0.2614924761416541,0.5993644951368244,0.13225695916838123,0.15597966193466584,0.4736790238300385,0.24109579802133146,0.3116574106874681,-0.2926704374163067,0.7302392697816381,-0.6352740781421914,0.722410279937459,-0.3683432035297122
237,rounds_151_300,15,43,33715702,464,30,1,9,0.33952817613007197,0.015130166881717741,0.23861244823783637,0.06319942928501404,0.49234949650525117,1.0038861320889854,1.0071305395876504,1.106594364856541,1.3364750246454487,-0.20773705983828084,0.28236083856843636,-0.08539412908162719,0.22825861287064694,0.6749460123775484,0.4818543682210049,0.9945449372121693,0.9882868316832315,1.0941537723599202,1.32486550801228,-0.21085860276727852,0.2735867763509069,-0.08039766283076477,0.21971968249929685,0.6805967687365428,0.10052646407228555,0.13494894348318312,0.19272849489751395,0.1638292104918682,0.1737739163072147,-0.06070166477326788,0.4980977846048755,-0.27849163408932276,0.5111901106491887,0.4020337927177634
238,rounds_151_300,94,44,33894468,500,631,9,2,0.004264512059123169,0.04890845129382797,0.005928902765019582,0.11361410297104158,1.0353421361101904,0.4267900152164742,1.7006425401400822,1.126657821659911,1.6147706365865824,-0.4332396274563044,0.39601205747272,-0.10987937853583099,0.3901500627294015,0.1405296365584748,1.0081062312929232,0.4162484367087587,1.6532844669689197,1.0959023078626047,1.5969137667376083,-0.4571679932421644,0.37709054567600403,-0.09244311915854074,0.37054542783580774,0.15800269875481157,0.23469157318236838,0.09379635640795801,0.3964322794446098,0.26014415261712315,0.23697335373910441,0.08906907437631784,0.7340007997301514,-0.431575160495493,0.7732033719757223,-0.21126062208000151
238,rounds_151_300,87,74,33887489,421,285,2,9,0.050250528458109095,0.009335109079256654,0.04757928838953376,0.14027474369698514,0.5014976105412968,0.8079618979601055,1.0873751736774295,0.949182209328836,1.2571427448950074,-0.3244482803611852,0.17297789095902208,-0.17885479203818694,0.15522921843559526,0.49744738767797597,0.4950525472607663,0.7764990659528225,1.0059185838862412,0.9164523632881204,1.223018821913253,-0.3345143412857916,0.16772582556045076,-0.12094115321965342,0.14818009558512593,0.548395134355061,0.07937318986597583,0.22245541124657955,0.411985469246755,0.24613096332769438,0.2896997901200074,-0.17701481440312028,0.3286162276701293,-0.6813791482349169,0.34249074878709884,-0.18970613554613772
239,rounds_151_300,2,18,33902747,315,569,6,9,0.3333100756229378,0.06807321783354772,0.01567395397966417,0.1290751903650484,1.2597817585110818,0.7415847622739034,1.4438797010293254,1.457022729775494,1.5716516131007972,-0.07867336657333124,0.428318203623786,-0.08377993637801259,0.3982455535373209,0.39606760413386727,1.2468742932539378,0.7280568228814329,1.4127637922597343,1.4394065777177278,1.5573897476321434,-0.08196653519639008,0.4263555545786783,-0.0681752022216715,0.39331187523983063,0.4090057328706345,0.1779895946461372,0.14012354640385372,0.29647692888793187,0.22388047701666086,0.20902970891784461,0.066333466395603,0.5241127524936555,-0.46954462427239324,0.6064136978600524,0.003493220131161903
239,rounds_151_300,31,7,33931660,339,1017,0,7,0.5294766081642902,0.03399623829838155,0.003989991556764359,0.05100273830217442,1.0058304691573399,0.43038388828185137,1.2175802311689996,1.0909983477882028,1.395848635353972,-0.27942323485988485,0.28093090546143634,-0.03462138467125509,0.27038729530356176,0.3039500037430857,0.9986294015292003,0.42434674363705227,1.208778677710943,1.0820440343041904,1.3900757274259476,-0.28467574641713855,0.2765835020906693,-0.031109442518944392,0.2661147364573276,0.30486178868430835,0.11833468038015203,0.07117842519041065,0.14395258732474103,0.1376167268353821,0.12368441083378072,0.10123998965814152,0.58846197962131,-0.21053747595217964,0.581848092735974,0.27890506486510686
240,rounds_151_300,22,40,34022690,516,541,6,0,0.07110026679063051,0.024732268022754314,0.03633822912921791,0.17317465512420643,1.01824597490782,0.9643141978117958,1.6242562810515762,1.41676202264483,1.891386834588182,-0.33500672968161305,0.21113298797138494,-0.11801634411432642,0.18063682691651384,0.43201781369347114,1.0045594785006124,0.9481757540341901,1.563211740423411,1.3901897307159738,1.8638197964567809,-0.3406945507336461,0.19530573875835466,-0.0975043173765642,0.16774861122124785,0.45537783384416575,0.1648926811297991,0.17445064245177744,0.4394375152830978,0.2712642885680263,0.3193144252232011,-0.17713403009598516,0.5826300839153706,-0.5236954786677485,0.5485908319826234,-0.1471178622648556
240,rounds_151_300,40,46,34040636,541,538,0,0,0.8870885611909523,0.03633822912921791,0.028958189509682018,0.06001740246587856,0.9643141978117958,0.8336780456910814,1.119098279891558,1.2144576635601163,1.4314618426959387,-0.17868402139246786,0.2561117219672055,-0.0672226451236388,0.2699629564549483,0.5618964764315437,0.9481757540341901,0.803364444319729,1.1065818336758981,1.1982250188726589,1.4165044329935677,-0.1821689671663469,0.2573535692002182,-0.06396791339386647,0.25814553567722737,0.5528015463034422,0.17445064245177744,0.22188284096792826,0.16527669824074992,0.19629451414722404,0.20429585738885858,-0.04076192998258432,0.21665211085909297,-0.15840160364142447,0.6031906877678348,0.7680197083052273
241,rounds_151_300,9,32,34109732,387,318,4,1,0.06899501184000159,0.0503593880974222,0.026935497638104218,0.18696490985166747,1.2390998438122134,0.879227783309566,1.804769277873437,1.5104626926726479,2.0662600472044677,-0.36796496678006596,0.2221271363148829,-0.08689735551357279,0.21249948488874304,0.3728233554229904,1.229015730008476,0.8672157422967303,1.7770978978973617,1.49590621427547,2.048539252799991,-0.3694302712634858,0.21874805762430324,-0.07908892512902596,0.2082901916791096,0.37950491594026176,0.15562038486707871,0.14361020157995455,0.3126297429092757,0.20682613981211248,0.2669325918022231,-0.2906134207441733,0.38540898208592556,-0.3536987947434903,0.43198014034017596,0.11225132202316049
241,rounds_151_300,56,71,34156591,284,547,3,6,0.10962457600477234,0.02404512026696466,0.01818294797029177,0.15501443543083346,0.7355950119720098,0.8066810890992036,1.1602944068409313,1.0772111992439615,1.3780077504032333,-0.27923637571758,0.22198957681260614,-0.122235867078265,0.2097792607356768,0.4999879902204995,0.7239564727676565,0.7894625546308178,1.106722994483796,1.0571911933626263,1.3559929303862075,-0.2826373686231507,0.20991682755572855,-0.09579388034136886,0.1950297162804157,0.5271806629505196,0.1293238860930233,0.1648171633231655,0.34742902935159464,0.20536160527577668,0.24370665079246576,-0.18671964248232364,0.47104116527881346,-0.5340236251247998,0.5782848896327374,-0.07035731202323571
242,rounds_151_300,36,87,34236654,884,421,9,2,0.20255453745487764,0.011090742412812283,0.012558488368004975,0.03643215399836966,0.7656247705582157,0.5733610586099769,1.2001041517922098,0.9444034940117676,1.2637106538364442,-0.33810459390432746,0.3539414682060729,-0.06159023502465885,0.3388895858046916,0.38484667079778195,0.7535110896143615,0.5657538603049843,1.183037948348959,0.9311072215142304,1.2542249397485434,-0.3470252520529664,0.3458158722662209,-0.05745964171871697,0.3300154660755901,0.38837419948702684,0.13460998742615565,0.09228790348425524,0.20003192020672,0.15657252365587174,0.15225554396249463,0.02757175775530918,0.6233301227758266,-0.21066660637645712,0.656696321425373,0.24841568980656523
242,rounds_151_300,91,87,34291489,378,421,0,2,0.20393723605710645,0.03048340278910473,0.012558488368004975,0.06270102465350647,0.8545924584112724,0.5733610586099769,1.111169882352196,1.0211146292824886,1.1930701504948003,-0.16839982141196086,0.3971761930784109,-0.07819966009431692,0.37270205408354296,0.40208094024696994,0.8409020291693631,0.5657538603049843,1.089913390196239,1.0058973894298529,1.1841152650183269,-0.1771730173089412,0.38807433659193535,-0.06994834737954321,0.36239263136527344,0.4105435783681156,0.1511837754131441,0.09228790348425524,0.2149103280283818,0.17427350228532087,0.14393120540994445,0.17410734550855567,0.6545804559181616,-0.33543096048022153,0.7076955637479856,0.09928172238550191
243,rounds_151_300,88,25,34388501,338,675,0,7,0.2582628652061463,0.016656619328672864,0.0034302860016136296,0.04287370581712042,0.6428562644531856,0.39094155277649273,1.0817237438754623,0.7530468718901929,0.9950994206301381,-0.32143091987405614,0.49744653891764085,-0.06519582549885747,0.47721958933353625,0.28456904088048807,0.6356281061199373,0.3848998957864534,1.0706593552738208,0.7436729606271317,0.9894150632588248,-0.3304437778999807,0.4933322469415585,-0.05939497410517205,0.47266047641339176,0.28790466357007527,0.09508995686097775,0.06798064300703092,0.15262654395462616,0.1173249031648421,0.10424306739628875,0.11150092960378,0.6900303272759521,-0.2970517519015732,0.7104580315919755,0.15352449220654601
243,rounds_151_300,69,97,34369558,500,481,0,8,0.5139130362850327,0.008007170734927058,0.01268268253421411,0.020522952147875913,0.5014772120477289,0.569103992164801,0.9679047343695312,0.7460361911195149,1.0976211874099575,-0.4712706976894083,0.24391807622011374,-0.0470649181190405,0.23176553001171965,0.47617688905786865,0.4948171626311065,0.5610885117909798,0.9609554440235143,0.7372012272043662,1.0914308768091054,-0.4805060498177114,0.23957104608707822,-0.044371839061431245,0.22600589944941107,0.4751803502698833,0.0807166094329122,0.09442819990282933,0.11403525066413994,0.11339528129584606,0.11420462691993807,-0.007137383626929283,0.48082767801278914,-0.18425819617745645,0.5282013307010119,0.5479362336120934
244,rounds_151_300,87,19,34487507,421,549,2,8,0.3684199348158752,0.007053790121184041,0.03363416582578793,0.05053492114206569,0.43774588052448876,1.0477015290568152,1.2051568741844236,1.1324477779548168,1.5434844469479128,-0.362963023103301,0.21193858801061347,-0.05103548818974897,0.1691860570531807,0.6337932362731767,0.4319773837532568,1.0384049521292251,1.1940362153486002,1.1221548505257273,1.533744336530139,-0.3667849279549813,0.20844245038400588,-0.04740508235905876,0.16535091948611458,0.6355464410289239,0.0702082922982345,0.13764381925274297,0.16135573871728373,0.15064711615804285,0.17037470794808593,-0.1309523361160594,0.3739633239534442,-0.25281368350781114,0.37420755881944084,0.527176113726325
244,rounds_151_300,93,19,34493489,668,549,8,8,0.8214086549989311,0.00670795498507297,0.03363416582578793,0.012060645105417019,0.6217296988079624,1.0477015290568152,0.957045890236035,1.1914113691909272,1.4620032720315808,-0.22711878519709705,0.11515778203643313,-0.030368584507660803,0.11614179408669667,0.7289542427902596,0.6108202127502175,1.0384049521292251,0.9484034021700605,1.1826213930239322,1.453515841083001,-0.2290626988967268,0.10658311409149239,-0.03140959962893026,0.10425015862060812,0.7286866379984435,0.11520303750106037,0.13764381925274297,0.1266108011356831,0.1424868652784505,0.15437603389368418,-0.08344045320949145,0.4624111037130431,0.02836278531884432,0.5814039531035143,0.7447384295138227
245,rounds_151_300,45,36,34545636,288,884,1,9,0.2941542305797111,0.01790474399458617,0.00818033762043342,0.10116412770391131,0.6543267968200185,0.700955738719822,1.2565967628792876,0.9566388556371438,1.3466447323115924,-0.4076834997619825,0.29947355314113383,-0.1068733221470527,0.27671321024857115,0.4130477178523971,0.6465757091974638,0.6889218211025879,1.2233218107458623,0.941708548249878,1.332553260145524,-0.4150378719849288,0.2906274637958838,-0.08773283443222356,0.26665705859215477,0.43072326921550047,0.09942674381003629,0.12845012922224616,0.28588899586706046,0.1670902859195165,0.19243130418987298,-0.15166063144187003,0.5703741893838712,-0.5472954182876677,0.6448532115196013,-0.11629253238403778
245,rounds_151_300,91,71,34591498,378,547,0,6,0.31913268116021964,0.030535885256540496,0.01563392917477441,0.1155515712860506,0.8258891757728521,0.7914972519118548,1.343300026774591,1.126613357545103,1.5620073133664345,-0.38646262527017927,0.18647634264152588,-0.10349979165506887,0.18447123206106825,0.4388130123532743,0.814588072941236,0.7782130427018269,1.3165887018302969,1.111885186933958,1.5460305919126411,-0.3904588442048105,0.18225049243761032,-0.09201995119209201,0.17738923200553736,0.44806404930008886,0.13504451094176192,0.14343540013599637,0.26488544166033606,0.1800316811202738,0.2205583899938815,-0.22510876208800723,0.3158895127287499,-0.41230416671910414,0.44050674074969615,0.14040536768515843
246,rounds_151_300,83,81,34683525,292,689,2,6,0.35350237940963475,0.030512162253338224,0.015237206368224829,0.13146949048386886,0.9670022428638364,0.8536312190841837,1.4654894833083554,1.2773301072332024,1.746767707982741,-0.3675147075068774,0.2080875710839013,-0.05526004154319555,0.19435557545776724,0.46693693228468636,0.9591939617983767,0.8444478253198429,1.4456595750879844,1.2666461418571464,1.7342475170749276,-0.3691649623091955,0.20539887191433545,-0.047948506034685416,0.19032709728250788,0.47296127807670457,0.1208874449679723,0.12359786744223095,0.23827843756537284,0.16272980912054802,0.20575724002268558,-0.264410258542511,0.3445347776494839,-0.35776735217403427,0.4260463944392994,0.16984821300686978
246,rounds_151_300,81,39,34681531,689,332,6,9,0.16399807599475527,0.015237206368224829,0.010151980895482535,0.048502354953754025,0.8536312190841837,0.4897648848914305,1.2750085691422175,0.9967553503329075,1.2815253195790357,-0.28569695577858445,0.4025139523873584,-0.08061351538335537,0.375307694037299,0.29129857017889493,0.8444478253198429,0.48567317010297295,1.2541442187441554,0.9854689459572548,1.2716162636465738,-0.2903666511899714,0.39409106969781516,-0.07575647348304708,0.36722395226271953,0.29818445449706293,0.12359786744223095,0.06230959598414264,0.2281753634674245,0.1480833589397402,0.15701815164339453,-0.060336237424828854,0.7274550110294193,-0.29212638253008116,0.7091479219835248,-0.019913573400981016
247,rounds_151_300,37,78,34737666,628,510,3,4,0.1926097561665326,0.027264824275222893,0.020964514998592098,0.09440541210485837,1.0095074003901154,0.8857040764655216,1.4758855843116792,1.3136618409400342,1.7478254495490602,-0.33049875932937645,0.20430559409149399,-0.09189693662630287,0.20612275426657498,0.4545944910858795,0.9850298894907665,0.8656954076740349,1.4147720211419728,1.2851585715205633,1.7201762707488792,-0.3384934037467573,0.19070073335390855,-0.06641607132485615,0.18917853487370048,0.47968634756652023,0.21986206704277284,0.1861322879933125,0.4188927923408118,0.2706593717746579,0.30742666079319964,-0.13584339894630726,0.41759766063996695,-0.4956822338814241,0.5406898028330004,-0.05900868705371433
247,rounds_151_300,57,37,34757606,783,628,4,3,0.06874825024639437,0.018290054307908577,0.027264824275222893,0.09339074360905215,0.9121028720423539,1.0095074003901154,1.3563596557595603,1.3451125752604018,1.7026416526097576,-0.26579862825246536,0.19064053640764578,-0.10164390351159237,0.1752019700949842,0.5426116518821898,0.884679464966942,0.9850298894907665,1.2851124133936123,1.3091271801395172,1.6728190730846855,-0.2778124986347077,0.15936447596942446,-0.08082844960955476,0.14595233138178473,0.5667612879052745,0.22098632681613595,0.21986206704277284,0.4325378175405187,0.30766772435145406,0.31520908082352495,-0.024511366890913378,0.5700269335327324,-0.38601828997132953,0.6266991571432584,0.13141407868839264
248,rounds_151_300,14,48,34814738,778,527,9,3,0.29857545443371475,0.06101973430995713,0.033767306044253265,0.09905273335825768,1.7189972232270665,1.0545210638032652,1.6645823077828839,1.9857152531815139,2.318685647764016,-0.16768285082617806,0.17442642538259498,-0.09667212384839209,0.1733873237608202,0.4747120503200134,1.7018447670591157,1.025260128322785,1.6371898833424807,1.962894752184141,2.299578675390703,-0.17152418530434654,0.1728373297120498,-0.08404622450300792,0.16730335836032936,0.477942033569535,0.23960086856347176,0.24558340583733596,0.29871944923737126,0.29738877831804444,0.2935651815786243,0.012857232747803815,0.24116459831988324,-0.38829403108199767,0.43759264850423973,0.4259278598102304
248,rounds_151_300,94,19,34894498,500,549,9,8,0.028173427295836623,0.10655635531642474,0.042434440926775674,0.1114834630698897,1.451421452291009,1.1878888221944002,1.4510181773954454,1.82919261440898,2.066065475645007,-0.12949585482147907,0.2400405758601408,-0.04980808414213547,0.22279786924271924,0.6099971921119818,1.417658682965165,1.1711239118404337,1.404243877603823,1.7966478869297502,2.047364475808793,-0.139546869869692,0.21572040002410686,-0.04537957514803451,0.1997551573157718,0.6196196114738836,0.3094349445670725,0.1972930988335697,0.36395875380663806,0.3411748858261286,0.27417322045966336,0.1963851037986747,0.6718634238587196,-0.1557149923477404,0.7099215684421387,0.36425970745660385
249,rounds_151_300,77,93,34977552,190,668,2,8,0.5739610614792515,0.061984380963258444,0.007175915452327379,0.17555644292151557,1.0140481190313415,0.5995028928741835,1.4108958427581662,1.1625715837303057,1.5905985350445189,-0.3681725558273299,0.24491820574762926,-0.0658396674685945,0.24285733261866835,0.33859495288965324,1.0067818586267059,0.5894139993778993,1.396529868290187,1.1526282950939342,1.579620385036155,-0.3704508138136786,0.24394911687664664,-0.059323084029889186,0.24055633103426127,0.34152444330293563,0.11932250395784694,0.10869606040483552,0.19874556873567784,0.14970936776517668,0.18387107868293562,-0.22818686250377151,0.30591734982179813,-0.3146475277751726,0.3915817774694237,0.23767934651839653
249,rounds_151_300,93,38,34993504,668,121,8,7,0.1598437241891159,0.007175915452327379,0.08360238303430378,0.06494391141459346,0.5995028928741835,0.8934853226910919,1.4795236711470943,1.080001773473381,1.6702132630456623,-0.5464912225783749,0.21237462811521532,-0.07150070128804276,0.1835067518348828,0.4708854505668714,0.5894139993778993,0.8839877622764667,1.444987413004364,1.0649696358468033,1.6497138179313138,-0.5490712245702247,0.19470665213104912,-0.06612574111154029,0.16846301296027621,0.47978375783494503,0.10869606040483552,0.12851609807914485,0.31608619376630026,0.17803408467870835,0.25859736507692505,-0.4525160479444501,0.652284446174978,-0.24509432495592595,0.6138379808807845,0.16430799036256893
250,rounds_151_300,36,69,35036678,884,500,9,0,0.07178282957486515,0.014143030402030693,0.01830607128329575,0.037486393218083926,0.8819247971217331,0.9286108041448625,1.408548761563233,1.276780042025921,1.659888744562065,-0.3000584986653214,0.2864411581912717,-0.056304674372484854,0.24901660280525878,0.5169616594449455,0.8665706387482751,0.9220500854707537,1.3909140498220678,1.261200236417045,1.650269291190326,-0.308491105170255,0.27514305496865277,-0.05403752765396614,0.2389816285871731,0.5206116307585318,0.1627723688361888,0.10839234251767675,0.22017349922474938,0.19697325098860508,0.17519897647628507,0.11054432215052212,0.6698834389203151,-0.17945367713127014,0.6414175784990533,0.30305759081599387
250,rounds_151_300,57,17,35057615,783,828,4,6,0.06018689703329276,0.007660076502907032,0.045866623654300755,0.1145689730929007,0.6120514451911215,1.2522332869634205,1.1083008139105148,1.4019469416344463,1.5913651227677497,-0.13511080591428937,0.14031903514238248,-0.1696780454690881,0.08978872448422483,0.6978495602766661,0.5923902636727381,1.2083633053510308,0.870582554045758,1.3513616531725514,1.504076670501463,-0.11300825132220305,0.10118441338729373,-0.1033665466766333,0.053262765719257095,0.7906959697998285,0.15320065554484594,0.3271832607578784,0.684918661382835,0.3716821215599132,0.5186464342053158,-0.3954032333559867,0.4085495919809297,-0.5634442019771969,0.44811434141570333,-0.10323681006369004
251,rounds_151_300,42,85,35142663,216,450,9,9,0.8091832063289425,0.047793312584981325,0.012070851943766078,0.23408678114414216,1.0369042673854627,0.5867131129138544,2.051994797554814,1.1740735863430936,2.1689338378469727,-0.847357664013707,0.1949917374912039,-0.022875439783958892,0.19793236848307447,0.25445604623441787,1.0267990655164845,0.5786681903713972,2.035317659086996,1.1633555989698992,2.1524094109832808,-0.8501732513164038,0.19459225123063043,-0.021101654447707233,0.19650133531908756,0.2545950664124098,0.14286964414094563,0.09603320245972176,0.2575880032597812,0.156478362397735,0.26349537745765184,-0.6839093496384003,0.21870359492838173,-0.10732909673162062,0.2805035760176807,0.25799077288033123
251,rounds_151_300,10,85,35110759,512,450,3,9,0.4081464907956443,0.01697156656088985,0.012070851943766078,0.03946251530433074,0.8792348042796816,0.5867131129138544,1.3617673867053797,1.0447128693074783,1.4184065331809474,-0.35769987606373044,0.36222765470744056,-0.041652756246360174,0.34788953465965033,0.3629668109985818,0.8662842145748413,0.5786681903713972,1.3477030596676431,1.030892290933613,1.4105699801678921,-0.36830005673088273,0.35504510357737123,-0.03866579311217748,0.33992234312121844,0.36415372837206433,0.14921901975206261,0.09603320245972176,0.19313956302809107,0.16792299100716826,0.14620792068581734,0.12931564755432423,0.6582862527177141,-0.16661047970701276,0.6878773724961001,0.3179036194357863
252,rounds_151_300,3,28,35203783,566,556,1,1,0.653745157977299,0.01937306006147992,0.057086863444177044,0.10230746278733326,1.058456249995447,0.9901049210237021,1.1193327767557675,1.387351911599834,1.5873816347223386,-0.1441809547022852,0.1227256803111174,-0.16560628444376974,0.1613826305462473,0.589089037115151,1.0475050747476744,0.9162541226127786,1.0710125116414404,1.3475378683238937,1.5538847251108245,-0.15312880004150897,0.1348208529863795,-0.12526996611529936,0.15319297860954376,0.5927754258864876,0.15024776034036186,0.3743105828280306,0.3241885397082294,0.32848259434723226,0.32271658032355865,0.01755348418119973,-0.12065452261606129,-0.49694948802733757,0.4056543834207774,0.6040032773391498
252,rounds_151_300,23,46,35223723,1077,538,9,0,0.0,0.008753151082386135,0.029021627322072162,0.07051845162376677,0.6636976284040926,0.9584843310796413,1.5373269509570557,1.1670540803208387,1.7225335247472529,-0.4759671842059843,0.16060081055613554,-0.14609365771782448,0.1449475069305951,0.4346028501053095,0.6395952933772278,0.9339492507617736,1.4278921156754103,1.1291104331302153,1.6752020137927233,-0.48364762616583645,0.11574722302079836,-0.11099712987549473,0.10532223496912543,0.4795286504709049,0.17656620518424268,0.21437110992097078,0.5683310361975954,0.2939828171379009,0.39943009598006896,-0.35868517714321047,0.5775067603633943,-0.5498406513328788,0.6227875700896405,-0.20241690035697182
253,rounds_151_300,42,50,35342669,216,359,9,5,0.5999960998662384,0.03987714732997119,0.010658378880179953,0.0355362277245149,0.7711592937034017,0.5385786588440816,1.0037791274805945,0.9184610081103968,1.1876965761250826,-0.2931377223825755,0.27190835941673885,-0.018095938799730274,0.2650445417763804,0.46033214729302685,0.7583973211241183,0.5335608144041615,0.9970441951283261,0.9070546379226028,1.180760151007132,-0.3017519580864365,0.2665100344310888,-0.018425915736900996,0.2586018932721639,0.45911663720414564,0.13872456742243255,0.07241741446057363,0.11414711108887556,0.1429968683569644,0.125632194746717,0.12143394334272983,0.5602873269709917,0.003029812525333462,0.5800489769663734,0.5375300748077064
253,rounds_151_300,72,26,35372579,399,500,7,6,0.34762947989922044,0.01658665350987576,0.020415546756703408,0.0673623669470544,0.8162329734916383,0.8367961649404425,1.365859085707015,1.135960269030535,1.5694418301949935,-0.3815992275279183,0.2639037021266254,-0.045670660014318944,0.2594494216845557,0.4936094050099416,0.8062905235288036,0.8249815895624506,1.3519082539666554,1.1246457897076452,1.5585420945903716,-0.3858070770847051,0.2598835846941259,-0.0434270772561662,0.2525573577785472,0.4934578113876182,0.12580144877690622,0.1389521894531148,0.19256815589779466,0.1581506541689335,0.18184409545646874,-0.14981563884159677,0.4457610013998786,-0.13882723905140185,0.5697531952522412,0.5071543802436739
254,rounds_151_300,69,7,35469591,500,1017,0,7,0.15187946331830163,0.010084826539969071,0.01153215028919346,0.062066564228152855,0.5002573014706566,0.7186226647634288,1.5720100339869452,0.8364016449579682,1.672110330631486,-0.999171499376373,0.13695536919614587,-0.0705615779934518,0.16790399667897454,0.36135396369734635,0.49019666598115436,0.6923000103076002,1.5530882662412528,0.8150213982996938,1.6540834015352868,-1.0294969003096766,0.1324530864002492,-0.06448694793273199,0.15799292531284176,0.3569030535717419,0.09926940811219755,0.19205343760393662,0.24087401144514164,0.187090105730666,0.2424639526593728,-0.295974213668053,0.28458712187871454,-0.2229156939327663,0.4684108610836954,0.5076564950127309
254,rounds_151_300,53,75,35453639,434,599,5,0,0.3775054326129889,0.06605309049029731,0.022601878871015894,0.05593550768357495,1.3003732664863574,0.8897120771508643,1.2713601017042506,1.559696412364772,1.7299202370268643,-0.10913907559997726,0.303098738258285,-0.023955311535864197,0.2636801918595382,0.5600702570710082,1.2800861625752882,0.8815332262923368,1.2537144586689255,1.5411027672057436,1.7196459993738982,-0.11585420256682877,0.2918777304855488,-0.023872821950666822,0.2519884240957709,0.5620034174232633,0.22707591952247022,0.11903617440457012,0.20936727438085587,0.23781721566507724,0.18486983963967374,0.22263895352290375,0.6818377009661439,-0.027738370917221474,0.6848380915979801,0.4758445490073704
255,rounds_151_300,15,14,35515756,464,778,1,9,0.2429551837396134,0.008706235627760179,0.014763137498812284,0.10200348143349401,0.5517347832822953,0.7889897590217839,1.3819143374865381,0.9563963200578002,1.5339703577608677,-0.6039065872484344,0.17859805558268357,-0.09124501616405158,0.16882837990197133,0.43397844856371814,0.5433022159662896,0.7778224026818926,1.3483094967297675,0.9413846484076932,1.5120239951600116,-0.6061702277783341,0.1711407390167142,-0.07971061829259056,0.16220365677150764,0.44632821411295,0.09537148945978717,0.13124053333057495,0.301363082915579,0.167579453478623,0.2565391513145344,-0.5308508650033248,0.3735406425374167,-0.39971185201674236,0.3737652280855666,0.03900183512366779
255,rounds_151_300,91,28,35591528,378,556,0,1,0.0050312402292270585,0.034108428697800265,0.04622651187940695,0.2556002114171861,1.0379032418821805,0.9952346765369526,1.1270863585449455,1.4301525456204847,1.557383885373136,-0.08896347466028587,0.126469316458597,-0.2649184024591188,0.1187769957602167,0.539650474751871,1.027104073550601,0.9410958210489647,0.8769560357513058,1.3798751325337189,1.4740472990287805,-0.06824687558659259,0.12308107717372031,-0.1687674236884068,0.10717725388405065,0.6760713759965624,0.14778127553869577,0.32275342702773396,0.7069347997721077,0.37439868786036895,0.5013696774839668,-0.33913310527132867,0.35385394282066884,-0.6894644281236667,0.375975057526485,-0.30612129426522877
256,rounds_151_300,17,76,35617753,828,421,6,2,0.38243219003255025,0.02996965126675444,0.012728021781529403,0.05451822321766111,1.082161625161563,0.5726220141007033,1.4342628564238395,1.2119192186275174,1.5539126466692241,-0.28219160385046926,0.32939133997963876,-0.05400905139052745,0.32097973345359554,0.3267615965931135,1.041440759832529,0.5653927569501083,1.405346123148223,1.1744581280318245,1.5392905637690275,-0.31063894661667923,0.30829239024304717,-0.05192106847017532,0.2993412000619908,0.331079861407299,0.292902350547231,0.08982154262031565,0.2848272517180511,0.2976388318627941,0.21028524984819405,0.2934885259019845,0.7152782950921627,-0.12017687002272265,0.7381891472582501,0.19290958635107358
256,rounds_151_300,12,74,35612768,528,285,3,9,0.04539250133014466,0.006694866106739607,0.03043168088964497,0.12384065898156471,0.5332893160445197,0.5882609365440402,1.9525158767626634,0.8107766576807877,1.9151538360747342,-1.362122562276272,0.2543986082183306,-0.11843870319217935,0.23916722390287576,0.18109625726116926,0.5275412279565741,0.5541243454035503,1.9065824971266683,0.7766502361145337,1.8892280800033556,-1.4325339672268491,0.24415135570358515,-0.08420591971033331,0.23121580940048733,0.2028598781238984,0.07731034748867302,0.19696747925103497,0.4186670025208965,0.23197343689133304,0.31143199238169483,-0.3425329923769842,0.5918275561441986,-0.5686868453814424,0.5458754222065211,-0.11857042971639231
257,rounds_151_300,15,11,35715762,464,564,1,7,0.3798580933651847,0.1133446242660284,0.026758994498231915,0.06331408111960628,1.9270729739808434,1.0983984147470802,1.4123995779349443,2.2001368216011405,2.346356999518734,-0.066459584004954,0.21914158715956536,-0.044207674391692105,0.18859913342426593,0.591813975319701,1.910922938805776,1.0897647559958623,1.397407170687786,2.183729460600761,2.3323812891952067,-0.0680724564450168,0.21556448886630325,-0.042735416694714416,0.18425987659666976,0.5936913551062412,0.24548297275873066,0.13534915346853926,0.20309875714726003,0.26394439988560287,0.2510121978223134,0.04899593273770719,0.4108732394195121,-0.1262053251588456,0.4428937215166675,0.4782528894999047
257,rounds_151_300,23,88,35723738,1077,338,9,0,0.0186684449077863,0.02645085853926668,0.05434847672669483,0.04071615445837696,1.2451121473581053,1.0828039244768461,1.370805128171294,1.6370598365301552,1.7565865406619179,-0.07301303316139407,0.3943384611764403,-0.042900898498770934,0.32616314191692075,0.5988158711902074,1.2128500419302175,1.0740149301873503,1.3034985199511133,1.6057056346825729,1.7373546563972029,-0.08198826663559378,0.36647749917261807,-0.03579839989325587,0.29942683489046845,0.6192482263220457,0.2801273271421214,0.13578880582463207,0.42290794983707924,0.3168153504685634,0.25666535232876536,0.18985821883579013,0.7862602345404883,-0.2355418150193201,0.7909301384196163,0.08767926496023923
258,rounds_151_300,87,69,35887549,421,500,2,0,0.5581076254952156,0.021703822765913275,0.036411924542626366,0.09140866752584569,0.7636389320510472,0.9465795050733954,1.288853243040563,1.1487136305663292,1.5878931482200163,-0.3823228922922821,0.11755666025282466,-0.09339252791522813,0.16775174562060366,0.5413522904696308,0.7513518948000415,0.9161095084987145,1.2690982928623469,1.1296375286737301,1.5678673109608428,-0.38793840604926055,0.12095235537516648,-0.08507320944324374,0.15891707738959374,0.5385169817570453,0.1353362022679747,0.23714786929035733,0.22306175734716185,0.20700394178588177,0.24933040922091254,-0.20447179444926666,0.010859907843455611,-0.2815370351434404,0.4330716716626519,0.6315544782051646
258,rounds_151_300,18,69,35818756,569,500,9,0,0.3258410688333762,0.015545970034630348,0.036411924542626366,0.11126370825222694,0.7662287164413207,0.9465795050733954,1.443870315242199,1.174855275673696,1.6750682681327165,-0.4257656264701912,0.13443753513711898,-0.13233217210737022,0.16140822554004838,0.4668398999231724,0.7554093814088603,0.9161095084987145,1.3987284177039319,1.1451124702604527,1.6503164496851566,-0.44118284670308117,0.13317625719065618,-0.10252471330853513,0.15805699128289566,0.4855126863170486,0.1272740901010308,0.23714786929035733,0.35673781047890063,0.2613829674918654,0.2848299018234735,-0.08970337492376124,0.17557045925141213,-0.5822238799046664,0.27031753103179046,0.10100744239695816
259,rounds_151_300,30,34,35930723,516,515,1,2,0.10737779916903799,0.05751678202809258,0.08341398905983873,0.15967995768455281,1.0505392628796015,1.695317147486041,1.248488517281305,1.9707351818382401,2.118569816636865,-0.07501496708488742,0.2460220498879083,-0.07295349805201456,0.17326691486119494,0.789966796578631,1.0123861316356124,1.6766834385735676,1.1729290982971359,1.939910315541318,2.0899194218236086,-0.07732785638620188,0.21164680063054492,-0.06829154167984866,0.14360744795918437,0.8065582431627811,0.2794173563345893,0.24797495915252699,0.42636921084244683,0.34432015362833657,0.3442169235881952,0.00029980830065723385,0.5956194889011632,-0.18889622939175127,0.6465482282299375,0.3713105708908886
259,rounds_151_300,53,9,35953654,434,387,5,4,0.22962078942142733,0.022997983530189635,0.04174241165455896,0.04614028129403273,0.7327935307282903,1.0806632125048137,1.085636976279233,1.2992351605974315,1.5142045180655443,-0.165458389664626,0.26985469159707753,-0.06155760283872617,0.20515488824005168,0.6832161254197247,0.7202654567596121,1.071291163134141,1.0628138838672225,1.285652708004761,1.5031457743467367,-0.16916937598141013,0.2568666990362947,-0.05698394970374813,0.19271088119523586,0.6897155957621768,0.133964957019352,0.14013839532858807,0.22010057122949045,0.1853329662064269,0.18004872675948777,0.02851213982650802,0.6079626218940294,-0.2354151036169563,0.6304015275358106,0.3816396531239234
260,rounds_151_300,96,67,36096528,181,311,9,0,0.12653616217423314,0.02456554918899201,0.036466522039180355,0.15375663843005896,0.47480303294474835,1.0325866760698437,1.1683526906104822,1.1255089910367593,1.4845779277097482,-0.3190280482275256,0.19032196373396076,-0.08980640167454731,0.1670444545171689,0.6233648605841803,0.45842108513528723,1.0186092633998627,1.1401549150992778,1.106155458269842,1.470196415439588,-0.32910469721782953,0.17081237842155778,-0.07900061308693059,0.15063212483254124,0.6326653546304047,0.12316064081248027,0.16794605902769688,0.253801299173527,0.20645004283113516,0.20392129087549177,0.01224873543723004,0.5189586329750059,-0.38720611715314374,0.5519792743753578,0.28536222921076965
260,rounds_151_300,63,86,36063627,560,659,5,5,0.8591516266908056,0.017735312906249117,0.041264781105564904,0.041075100554250336,0.9154550051380824,1.1577275083221386,1.0531091348057449,1.4135648730446715,1.6558441471629608,-0.1713959357213264,0.07467667047343286,-0.09079500781411141,0.1186337117160096,0.7115649411869633,0.9045669455732747,1.1377254489826734,1.040591285703546,1.4014963094742308,1.6434768572714198,-0.17265871209319683,0.07714612935838432,-0.084792558921712,0.1100420224719814,0.7113801789907382,0.13933773885728637,0.2128004562159468,0.16041216757116347,0.18203858933633538,0.19926507131234505,-0.09463093533526545,-0.02952716708778227,-0.30002965400060977,0.48273872365597487,0.7325445668732913
261,rounds_151_300,61,3,36161636,531,566,8,1,0.5816809280478569,0.0063419543828455395,0.013176863477080284,0.01507162072865123,0.5240814558858623,0.6858779443563203,0.9029300827492353,0.8462545974529884,1.1373802994028461,-0.34401668578944467,0.16346407834908416,-0.06708407717448737,0.1597695364466578,0.5702010459280962,0.5127669670165673,0.6751472895256642,0.8891095580235602,0.833854586949475,1.1286414027439868,-0.3535230487523522,0.1495858914439559,-0.06297366194076102,0.14404267676753027,0.5722307079509558,0.10767252636672182,0.11996050475205745,0.1561687714682884,0.1432157811685141,0.13880253107134816,0.030815389625066025,0.5413056066600193,-0.1982776801156914,0.6209811811002313,0.5026314134443914
261,rounds_151_300,20,44,36120759,807,631,7,2,0.02445019554335115,0.021067946139887415,0.01656885505833018,0.051478343955172666,1.0549465544533934,0.7618052541847818,1.3437920194662458,1.3116861177050951,1.5182234796844911,-0.1574594403276528,0.36126855186031775,-0.09622157095988103,0.3193834553598076,0.4274922656249588,1.0393765150046257,0.7501035512503144,1.3076692724426853,1.2904292077278652,1.5043423579082187,-0.16576899290508385,0.35084004531108137,-0.0807760997155722,0.3081650910546682,0.4432351351052086,0.1792179050277085,0.13196258755689344,0.3079910418441837,0.23346350330863178,0.20258876758490982,0.13224651941809717,0.634197963941083,-0.4712854189387441,0.6672098511916232,-0.04849608161646039
262,rounds_151_300,68,20,36268618,611,807,4,7,0.05665359780586433,0.008839557658379467,0.004821898874840426,0.08816925344558862,0.610489490971636,0.4704917367788661,1.8991245039804967,0.7836143247936735,1.847014100690059,-1.3570448398533035,0.2610963330839753,-0.1140633699111937,0.2518636011073357,0.13335440016894218,0.5990096555018164,0.45661157231542293,1.8670085826241662,0.7635293514584761,1.8297044517067023,-1.3963773602306748,0.2501993242698075,-0.09457844734767042,0.24156202872066326,0.1489839831819275,0.1170428178712915,0.11295512066518659,0.34523893016270063,0.17537571805143712,0.249134601566603,-0.4205763735976986,0.5627611804680368,-0.543621791812612,0.587881324501105,-0.24970588876174524
262,rounds_151_300,53,33,36253663,434,964,5,5,0.7807973218647566,0.025506274735218742,0.012486029957799474,0.055153518707569064,0.9198890491647971,0.9666295713282212,1.0382466329427973,1.2782229716174807,1.4972644377782536,-0.17136405073646488,0.1887858760098569,-0.054504360432558636,0.19989766989654534,0.6597047789089447,0.9054646837281798,0.9504062079549472,1.0264532179441128,1.268040164039707,1.4866840055846386,-0.17242659006034855,0.18615067914728514,-0.05395917136977034,0.18717503841389016,0.6577473899086834,0.16097358894527639,0.17504169349539508,0.15454218002948278,0.1587473665557372,0.1748800478670455,-0.10162487517954522,0.2897533320496004,-0.07549486134907081,0.6329879214485539,0.7274509712537863
263,rounds_151_300,4,57,36304813,287,783,0,4,0.21560907481429256,0.04239539336995222,0.03391846163722221,0.2406115175729307,1.0234357839759245,1.1064420317364996,1.2767131712064133,1.4666415239518353,1.7458411788544244,-0.19036666448000972,0.16493293123333894,-0.10691511295061042,0.16868999784388197,0.6071451699055751,1.0065702514476333,1.0704481133853818,1.2105634658635887,1.4339665774798755,1.7154486790552876,-0.19629613827548398,0.15657616600622137,-0.0761581546784412,0.15485822534002647,0.6296336084164015,0.1837292296261055,0.2787605914190081,0.40432844108156824,0.30612814670422567,0.32220811640152835,-0.0525269233503014,0.33088434030834796,-0.46232059721394914,0.49200396009543074,0.2481273737645838
263,rounds_151_300,89,26,36389558,533,500,0,6,0.046474845201352456,0.022069873886225236,0.01666136520099826,0.05735377915288237,0.7794383373927273,0.7635662333445117,1.2589000547788156,1.0926213299103098,1.3759470442334736,-0.2593082402541247,0.37248267697596643,-0.08032968650224186,0.32899233090910335,0.46685060514967497,0.757510247514924,0.7544230709778362,1.2287253221112193,1.0690774927924733,1.3656328515211764,-0.27739369758322074,0.35283482205767064,-0.070617561681181,0.310645130455253,0.4783621972023479,0.18269038150666114,0.1166246568647699,0.27249988829737076,0.22422399943776483,0.16568942856512547,0.26105399519860983,0.7401152978978981,-0.36798257131415646,0.7587507045609249,0.06439167334856609
264,rounds_151_300,45,28,36445693,288,556,1,1,0.8524752184023067,0.04041266485389012,0.043612964386071935,0.10382353701861576,0.69618623465921,0.7872513606840424,0.8293076983648031,0.9064148091066826,1.0699662507238683,-0.18043774216175246,0.15261955603264826,-0.1441938277132949,0.3116555532700817,0.6311046349355268,0.6684029321467323,0.7041117509802017,0.8054621438887783,0.8760202227689136,1.0467099449636188,-0.19484678293748892,0.18050303925414185,-0.11128116569243796,0.2738930613122645,0.6089266355175093,0.19402991661310068,0.3514119008877794,0.19648347604002728,0.23179433167818747,0.22073194593156437,0.047725005467267434,-0.23809415030331013,-0.44727615118747766,0.7261381097244184,0.8319808340862442
264,rounds_151_300,11,39,36411795,564,332,7,9,0.19486464335265463,0.010821096762083472,0.006920513622130134,0.009107595110253896,0.7398212027522241,0.3004469019674367,0.6598110810534755,0.7969791388174955,0.6679584825887334,0.16188711842595327,0.6254369092681277,-0.03468943920435278,0.5790935160247939,0.38795066694326497,0.7313491101059277,0.29746732430418965,0.6499250990387041,0.7874862487132217,0.664989008799972,0.15555476697328263,0.6187278109067081,-0.031388541942260144,0.5725245405741867,0.39232174848064333,0.11053454151542984,0.041752773325619955,0.11287980710374498,0.12146489814548675,0.061336566304094536,0.49502640482497606,0.8866812179001132,-0.17047854273124813,0.8503835924353759,0.19835003073256532
265,rounds_151_300,49,50,36549684,624,359,8,5,0.5277521416629892,0.008738609192480979,0.006627154361922294,0.007938255534435694,0.6600215926563231,0.3660913788324605,0.7169669021863728,0.7351425917180563,0.790829831020612,-0.07575025570537619,0.4367941965427433,-0.029851191165494628,0.4216381500514563,0.4334446257057545,0.6513636345245892,0.3613194049352857,0.7091158764793408,0.7275046058416414,0.7867503615923451,-0.08143694936771295,0.43099278429593163,-0.029247932249686002,0.4135946930307176,0.43309196423823315,0.10557702610755912,0.05832075248855694,0.10478613914300793,0.10449747367100279,0.07844040336559648,0.24935598335557596,0.6808898774922064,-0.055764640181219,0.7563669188789358,0.4483467915398297
265,rounds_151_300,85,20,36585576,450,807,9,7,0.5139659914556869,0.01879830163800054,0.013590145012473359,0.09996658258605748,0.7033325073940276,0.6721969742005596,1.4364242419047566,0.944996773668887,1.5442204019142038,-0.6341012423977608,0.20474169083917484,-0.08182940336045529,0.21633173932999017,0.3612687015298879,0.6938151880688772,0.6516088122292097,1.4107167116243993,0.928152228036582,1.5271897218889892,-0.6454086687047167,0.19960700034490592,-0.06991592792717945,0.2074475870551591,0.36572302808136226,0.11439717160366997,0.1643669642290537,0.26869427995332545,0.1764429240875906,0.22637945588379035,-0.2830180470791226,0.370811742703024,-0.3315464330970358,0.5250562685352462,0.28468697699930773
266,rounds_151_300,25,23,36625759,675,1077,7,9,0.0817679249804567,0.010687060220516287,0.005362155553699598,0.06334084583047245,0.7710581115325804,0.5262946740694424,1.634320291960907,0.9383756765199248,1.6653083037760503,-0.774671216918196,0.21856281559456428,-0.13221981218597564,0.2130130042346201,0.1880709931257097,0.7590674730902262,0.50453895766854,1.5910728247960986,0.9101131136697266,1.6483994449592783,-0.8112028276492569,0.20409344279405567,-0.09318974665935977,0.20097898962244665,0.2194147365128845,0.134505375940098,0.14922179385677986,0.3716551707215519,0.2276409306078026,0.23406498232289988,-0.028220108299263247,0.5762467488479546,-0.6991539806532102,0.5960428803712756,-0.3843329511077094
266,rounds_151_300,42,23,36642708,216,1077,9,9,0.7187669605754179,0.012793380818329751,0.005362155553699598,0.08201806504279376,0.6478474597525758,0.5262946740694424,1.2434435889131192,0.8347029835344213,1.3344273719903388,-0.5986852788520194,0.2022899274988756,-0.10411587734700557,0.19364710746375588,0.3055390320011933,0.6443793012677338,0.50453895766854,1.231246393318649,0.8201927655836199,1.3264485101516224,-0.6172399535952613,0.20288610409055735,-0.08634955232813138,0.1919313412429098,0.3087781243707426,0.06561155345156137,0.14922179385677986,0.1718063527250092,0.15387156167254015,0.14320528027529625,0.06931938092591283,0.16998248080581585,-0.5627334598687966,0.33857503495283625,0.3469657277697202
267,rounds_151_300,95,78,36795552,502,510,2,4,0.32785968754995504,0.13080602273852987,0.025442504143046045,0.220288110260894,2.8157466720536406,0.8224642344781791,2.9474683146247616,2.9225663523237104,3.2937074855385737,-0.1269915165210096,0.36849927648445113,-0.05442333205240582,0.3637857369414412,0.21946665948591204,2.78974218996744,0.8022131617545728,2.8905994920857574,2.889231058997201,3.2667319762184723,-0.1306579188416641,0.3619746039547684,-0.04177399588014781,0.3573524160127607,0.22965043813250408,0.3773917740140765,0.18044591990202277,0.5729184353903125,0.43599961824101424,0.4156444544878902,0.046686196275226965,0.6375412630611739,-0.3379703972504484,0.6400827723250999,-0.0244426272644019
267,rounds_151_300,23,1,36723768,1077,189,9,6,0.2839986954897599,0.006592086838579482,0.037769075360847636,0.011985758118945259,0.5699724061138629,0.7938310387557301,0.867215988109222,0.9766153909712444,1.0837711878489613,-0.10972159344237897,0.4734324320019432,-0.045942790006094573,0.35845392305334484,0.6565178536513016,0.5432923280572329,0.7885385867841435,0.8359247818770023,0.9570210116337229,1.076043891520134,-0.12436809478532562,0.4403868406511861,-0.04307329401036754,0.32834212704101773,0.6694061768834473,0.17182107096773644,0.0901312240835516,0.2299737815121866,0.19352961274589608,0.12737157626441825,0.3418496815179555,0.8566382924188196,-0.1548435215541029,0.8455554815425287,0.2333456655222081
268,rounds_151_300,6,37,36806822,753,628,3,3,0.6630919217898116,0.2614558802171814,0.014471626445167482,0.19642194618063513,4.939154610567324,0.8258506689198709,3.646945551421322,5.00810583402931,5.55939270997844,-0.11007891890047938,0.20108748259091314,-0.03821264194942896,0.1976513413793141,0.18511904746599556,4.902353851610838,0.8135023509896113,3.6033178794471747,4.973286496532475,5.532260512330061,-0.11239529759391909,0.19490525522275484,-0.03849321464017963,0.1906341534462241,0.1842035396281744,0.5923970066350942,0.14113655267657477,0.5567832903737485,0.5796654566386223,0.5359499593328881,0.07541504639457497,0.5370688419060484,-0.02855106985883085,0.5757294379010136,0.21953659556220181
268,rounds_151_300,98,56,36898546,97,284,9,3,0.2441605399694876,0.014468194579239934,0.016126238787546755,0.2253310743602924,0.30454731123407364,0.5185847679901058,1.088474863829957,0.6040076885757356,1.0838082746257955,-0.7943617194367858,0.37152551220258956,-0.11395441975631142,0.3468218062219184,0.34275375079653264,0.30242099930353306,0.5094073025258388,1.0710677457849984,0.5939023726280788,1.074691436953903,-0.8095422522026361,0.36971132271805635,-0.09662178539894675,0.34457697632910206,0.3558438227940716,0.035353603584884104,0.0964629142592684,0.19245861816150966,0.10923998334635594,0.13848415538133807,-0.26770575332532465,0.4918491366016718,-0.6222056836358808,0.4930353112285168,-0.1527389134432537
269,rounds_151_300,54,74,36954681,435,285,5,9,0.04810566446827874,0.05363458281240633,0.09272878883833376,0.20786958954736798,1.1023716466325204,1.149001524540698,1.3152957156001275,1.5650403830485897,1.809742500828265,-0.1563551461228192,0.19377598217596226,-0.11323451346086848,0.1786077052191833,0.607725923330983,1.0826750909615661,1.1259886657179505,1.2205174046340774,1.536441221790143,1.7621627898612637,-0.1469119448696692,0.1922172009759174,-0.08626131051898299,0.1708671038267497,0.6429306279625786,0.2060996137858825,0.2273989574345926,0.48891928296950293,0.2959822713786534,0.4103909717976229,-0.38653903115908306,0.26598051324047767,-0.4705137826909447,0.33843649014587257,-0.006129205100785883
269,rounds_151_300,98,54,36998549,97,435,9,5,0.15432625732727134,0.12460947155486793,0.05363458281240633,0.31758480092976243,0.8505658503377695,1.1023716466325204,1.0727116661635028,1.3637005137224627,1.5900890324506425,-0.16601043737250798,0.16662682443035784,-0.07523789800563184,0.15223640057238053,0.690692665346341,0.8391023399722576,1.0826750909615661,1.045539856578644,1.3460891900306866,1.5758582681649516,-0.17069379936780193,0.16697790806046134,-0.056889695834145625,0.14565991892712885,0.7000071000835446,0.13799868891999958,0.2060996137858825,0.23859272241615131,0.2166790098503026,0.20962638449929813,0.0325487242898006,0.16581613070581921,-0.49837351792724965,0.411429196919391,0.38842096314860286
270,rounds_151_300,43,15,37043717,30,464,9,1,0.33952817613007197,0.09786571101285517,0.018045680726645516,0.39137928690761326,0.5821328233970988,0.9567142721371862,1.2427605277092522,1.1240754233304482,1.4916641224144556,-0.32701426563966973,0.3236612143174465,-0.0482061108536582,0.2574082770382926,0.5856192212858038,0.5757787411849651,0.9501488528440969,1.2216037432281381,1.1135342055191926,1.4808380143332043,-0.3298540870980733,0.31633518380731446,-0.04066034281278751,0.2515320203780357,0.5936661074923362,0.08483803569794653,0.11012769997203117,0.22667868545219771,0.15171274422291703,0.17653850540303778,-0.16363662332574624,0.5999256960757904,-0.40378443210735093,0.5486581190646256,0.08932497586931741
270,rounds_151_300,0,43,37000846,574,30,4,9,0.1936885318393741,0.03419633912756884,0.09786571101285517,0.06961611012617747,0.9101283392065506,0.5821328233970988,1.4847457544085847,1.076843176618469,1.4936044813982554,-0.3870213544821923,0.383582309108047,-0.05584177354149875,0.36676744350630147,0.31914852456357395,0.8861413635821612,0.5757787411849651,1.457702541394418,1.0534783523224427,1.48242995379672,-0.4071764745128681,0.3669867994976134,-0.053030605189229335,0.3502321850044521,0.323972698477037,0.20657476280979886,0.08483803569794653,0.2801807413019858,0.22183966644241862,0.17974793373022974,0.18973943383166036,0.7599352358324013,-0.15644293231818174,0.7667898038091453,0.14657864508998567
271,rounds_151_300,44,83,37144717,631,292,2,2,0.7924716962951868,0.019278975227364124,0.04741603889851831,0.05633225668167982,0.991534712866138,0.994405448738137,1.5380072238969784,1.3407202812254067,1.8724018643859455,-0.3965641384007308,0.14918600376391436,-0.0660698276052489,0.17878313156794107,0.502853280325301,0.9764231764236111,0.9767070597785469,1.5255211215867877,1.3303753163510281,1.8610428829455576,-0.39888560774718207,0.14596349462046634,-0.06670912630167505,0.1669220528252388,0.4983513366454666,0.1711677765572624,0.18540090052346014,0.19300756819888493,0.16384063196107945,0.2025166484267007,-0.23605876028852713,0.3014234671026584,-0.04424661688608631,0.6335120996873634,0.6759543690447708
271,rounds_151_300,31,19,37131756,339,549,0,8,0.28788996201622763,0.03328921553579026,0.011807048935654827,0.05720359531031655,0.8102962423636494,0.6637507191220499,1.1650311404860085,1.0320973043106145,1.363028218168786,-0.32063925801958715,0.24866473493377525,-0.06154696537111469,0.23711152679985212,0.45372214055755905,0.7990849122426248,0.6544756661717517,1.1516776855655133,1.0192896529689577,1.3535410320726624,-0.3279258041422346,0.24337925450240394,-0.056571796671011636,0.23045896075597588,0.4561113969948026,0.1332102985765809,0.10965320763240911,0.17416193307793626,0.16059204799109916,0.15814199644297233,0.015256369034303718,0.4586982990784562,-0.2573527164687661,0.5257667965040458,0.3594767038888695
272,rounds_151_300,92,56,37292576,201,284,0,3,0.4367543002500143,1.165321519970894,0.0576541858453614,1.1881174209713936,6.7658226491296345,0.9171467922913508,7.110233522282055,6.8375092322236215,8.129979690683664,-0.1890265028629028,0.32177655174279357,-0.019263941888335058,0.3185306027736964,0.10909111795756336,6.597763767988877,0.8982535492069331,6.950799419541459,6.668129077329913,8.054942113798253,-0.20797633344909028,0.30190880470857256,-0.016380939502235098,0.2986725634176304,0.11215239485016405,1.492690411875179,0.1841738236021809,1.4913544328707853,1.5063795235199327,1.09273689885924,0.2745938976215905,0.7306114010700651,-0.08441229867184437,0.7310580476215435,0.03919188866711683
272,rounds_151_300,91,63,37291579,378,560,0,5,0.09645749780399063,0.039975793904159215,0.02401356440144203,0.14757591301749926,1.0591776076305017,1.044270031203681,1.3208783612121178,1.4612147092997443,1.7371047100631083,-0.18880866652073225,0.208554825324111,-0.10105465334953774,0.19508760730272534,0.5696394942267465,1.0482014328531848,1.0267870909989125,1.2848917424262463,1.4425943573381468,1.7190599521091152,-0.19164472213872963,0.20551821103656512,-0.08461386183754306,0.18939885431126646,0.5827414546978836,0.15032538600054154,0.18878725642712904,0.30462047448207735,0.23026604264063819,0.24697655278781816,-0.0725704491880248,0.32365736650129945,-0.47972683696105456,0.42836322100203517,0.1575867521048807
273,rounds_151_300,3,92,37303846,566,201,1,0,0.201991600820856,0.004973185994216086,0.5945968499965966,0.20764040675518725,0.3322039918032059,4.133107842626016,1.2248600133661751,4.142923264846426,4.195989181500076,-0.012808809929917286,0.11413350863539959,-0.09529792493526641,0.043750232226165184,0.9568787992236664,0.324546731899158,3.942044122897416,1.0290668848240083,3.9507834032449356,4.006475917819903,-0.014096575005662082,0.09464796457306923,-0.06811049589797863,0.038296080149278516,0.9665971826865819,0.07053958542913559,1.2397438974367778,0.6634353081578925,1.2446575960411232,1.2443817608394214,0.000221615328247049,0.31601419859990076,-0.25000613113461406,0.12657982995869171,0.858183589067537
273,rounds_151_300,65,60,37365660,1447,576,8,8,0.945726525104932,0.012285852043965735,0.014181753046189745,0.009787808601084117,0.9596033989246999,0.7156431799608722,1.1482945417172137,1.1397475577733032,1.4311021807607651,-0.25563083772399064,0.24224175637568085,-0.021718664208754394,0.2597160100789268,0.5155323884280654,0.9393314858707204,0.7035196862970187,1.1410282840461423,1.1286915250180756,1.4225637245029534,-0.2603653814802691,0.23694047614552222,-0.027590115948598722,0.24576908638232653,0.5076378552864638,0.19501427286125952,0.13018614292811886,0.12675708207710418,0.15664075897684623,0.15346116384303068,0.02029864483921162,0.5187378261481128,0.26034580004464536,0.7049975600038197,0.8000098660688958
274,rounds_151_300,67,78,37467657,311,510,0,4,0.3008406765566608,0.1643618500941167,0.05813949195541103,0.21605218131361262,1.952868254560059,1.4529862681687364,1.4449389346573422,2.383395160053904,2.533608096839457,-0.06302477209954382,0.18749664547907102,-0.06932780642772308,0.1686869957526562,0.6843289650446243,1.9277393666602705,1.434578332606302,1.4050932267735348,2.3592742309511348,2.5099355610408653,-0.0638591852160364,0.18237256450155223,-0.06268669163208201,0.15956080711223847,0.6926017187418286,0.30899739017317496,0.22807022029873109,0.3352876877122212,0.33394429680294024,0.34101313732457517,-0.02116772344762108,0.33548148367401953,-0.2493350819341319,0.48031351433806385,0.40651636002089137
274,rounds_151_300,39,84,37439741,332,417,9,0,0.5072607956619414,0.028054557610968395,0.040420554811134934,0.16944605658229972,0.764714825553833,1.1196040401941658,1.7384831254503363,1.3245110199487067,2.0360172128088267,-0.5371840491653093,0.12848074596753453,-0.07441152036844303,0.13937426748994586,0.4959788652853959,0.7563740246844637,1.103480817170265,1.7185432636714728,1.3116169391363224,2.019183713683905,-0.5394614490214675,0.12976410354821247,-0.06836088200668743,0.13595934298745185,0.4985277230875892,0.11154286287446025,0.18778619277066838,0.2600175979271398,0.1823033336495531,0.25780207046996334,-0.41413799357911696,0.07179334767875642,-0.30942763719343164,0.3099082152724781,0.39818514918541276
275,rounds_151_300,43,38,37543732,30,121,9,7,0.5028467235084658,0.5550164285115897,0.1604244258099546,0.5672876910306514,1.1244536923962425,1.0809684386303258,1.0395217500500504,1.4825862081122672,1.6147368217336509,-0.08913519692702865,0.25424089128249366,-0.034231405224919936,0.250169862347554,0.7092988898908185,1.0982918756078466,1.0562336422679912,1.0124806188513529,1.4568708450607035,1.593741122256093,-0.09394812015040821,0.24859725472765237,-0.02557422819998119,0.23712136867606123,0.7133761054440645,0.23964116281205183,0.22866727154602792,0.23407565228759744,0.27299409545584863,0.25727582852698927,0.057577314639764676,0.3653951256777027,-0.20675466181880994,0.5453786138344445,0.6185179229113897
275,rounds_151_300,8,68,37508837,157,611,2,4,0.3117317166944603,0.12876306258840486,0.016316901142888057,0.28708368639927356,1.1564857260376709,0.8142804059861013,2.2046029176963704,1.4064986297287985,2.332614946288279,-0.6584551857957048,0.2558246969821558,-0.025881418067881724,0.24615546368135158,0.3249430492421163,1.1338784633921049,0.8088912934839093,2.179037518275503,1.382508238354287,2.3153736068487354,-0.6747629725555304,0.24674812634453272,-0.022485464760011002,0.23851690026096706,0.32935571047979906,0.2261318982459785,0.091992747683123,0.3312861869570867,0.25696773671269724,0.278854668670277,-0.08517385193009819,0.563793840750818,-0.22231487328349175,0.533360213058273,0.05669856345907706
276,rounds_151_300,9,23,37609837,387,1077,4,9,0.34393968224212595,0.025911047661793418,0.005572537578568286,0.11028264578199014,0.6956011060693269,0.4439436941416554,1.5261485892883135,0.819021268343107,1.495184212193565,-0.8255743409671723,0.3081216410447304,-0.08128967739244455,0.3072217158290585,0.20579636755469424,0.6842028371181224,0.41877263070201604,1.504475331412049,0.7961210447196716,1.4833939773723688,-0.8632769315810489,0.3013358736674959,-0.0606532169981072,0.29956767410375756,0.21309039866452723,0.12446329597975442,0.1469248144935605,0.2540413100664207,0.1913667031902392,0.18477858933183472,0.03442664658258332,0.5289230590776962,-0.4496618270721706,0.5941197775060618,0.14260324628209778
276,rounds_151_300,23,68,37623795,1077,611,9,4,0.05535228077222131,0.005572537578568286,0.03247357616917445,0.04117298992390384,0.4439436941416554,1.0795739766135661,1.2201204291929262,1.1762243152226912,1.5264576362456879,-0.2977606537207895,0.2591630663173732,-0.09921179163400462,0.18917466907433642,0.619653462276771,0.41877263070201604,1.063667358742086,1.1798966225203553,1.1498548724447144,1.5076008998090946,-0.3111227650875401,0.21952206294009438,-0.08945149928050272,0.15869227734151492,0.6319030759095975,0.1469248144935605,0.1830287896899259,0.3093167085666825,0.24611377071108329,0.23706497130680534,0.03676673344256087,0.6990809186871847,-0.32242749006941784,0.6490132893132126,0.2736281605639639
277,rounds_151_300,93,44,37793588,668,631,8,2,0.2462234878120667,0.005066167688346468,0.010473242109695163,0.07546362515173054,0.4166765380454357,0.7327318518426156,1.6574630023397623,0.8392774071159281,1.7179944396648328,-1.0469923592587889,0.20452866256532443,-0.0895693637302174,0.19778623494322883,0.33365191865799426,0.4033102287252703,0.7208594550684422,1.6308858087246219,0.8238373142835708,1.7014931920453005,-1.0653266883461825,0.1952941576065323,-0.0793214067351052,0.18667718187445453,0.3419036472932386,0.10423278520374762,0.13038786960772197,0.2935477992017945,0.15915814632469166,0.23495375915757388,-0.4762282960889408,0.415229404803051,-0.4035074791297447,0.49858155722906494,0.04440742666933971
277,rounds_151_300,85,21,37785612,450,526,9,5,0.3606293589019256,0.006225287342547543,0.021168396069498902,0.045197753348232554,0.26052108049929323,0.9665189486142644,1.1903624417318628,0.991955587747775,1.467765546563909,-0.47966861086639523,0.13219337450315147,-0.0715391742760511,0.12985068798502405,0.5960441186267267,0.25654583738075326,0.9583556138339474,1.179669925975326,0.9836740052167035,1.459630185528519,-0.48385560438487163,0.12936914655126003,-0.0665215567577292,0.12592524443347344,0.5987316933402256,0.04497946883935803,0.12368143656464915,0.1572878640807096,0.12621908499165366,0.15151289251896657,-0.20039606157013012,0.2569198742684033,-0.3618689158755135,0.34665616503441454,0.41439245265151037
278,rounds_151_300,18,94,37818816,569,500,9,9,0.8677355573982353,0.00844528418868625,0.01065098226768896,0.04164916975666225,0.5282392229511497,0.6426863140509975,1.1139393547665957,0.8173545459186302,1.1827071876546091,-0.4469940781027364,0.3345487928932663,-0.08130752678005775,0.31888031583291493,0.44526993769686596,0.521010744825732,0.6303893029610772,1.100733354054232,0.8084327903066059,1.173863411223023,-0.4520235018891603,0.3366437288411352,-0.07284717636122721,0.3137033638942415,0.4480600417198956,0.08635392541397097,0.12419300866656068,0.1692575739307525,0.11911197730414295,0.142216708144379,-0.1939748744262717,0.25395611506926,-0.36122942542204417,0.5490726689502625,0.37098829152667145
278,rounds_151_300,75,28,37875645,599,556,0,1,0.2371077847124605,0.008648611100700995,0.06368993671045851,0.1974713284522295,0.47239350712593753,0.9476281866516145,1.144323072774568,1.0503119690128266,1.3074806726878758,-0.24484982677742728,0.1406516870694069,-0.25408709432637433,0.13986012808845139,0.5103819195557829,0.4670832352877799,0.8537542659473725,1.0264245572404933,0.966926197507817,1.2496015084808576,-0.29234424685318894,0.16128137963002054,-0.15539220434611936,0.1452677965224368,0.5649589337564627,0.06992568381967929,0.410373284917891,0.504807899101354,0.4091958403830161,0.3836886738357356,0.062334862747884245,-0.03721894615013699,-0.670214503119359,0.06048131999511612,0.18883538763492835
279,rounds_151_300,66,60,37966675,490,576,9,8,0.14231967468394327,0.007695501265116036,0.004515868867747486,0.12038795819040388,0.44114429796101917,0.4083073379575036,1.6714366298886827,0.6211677045144831,1.6026677142171928,-1.580088601788899,0.3204123329020405,-0.10146914032181689,0.302258299328369,0.142100287322176,0.4344646402255361,0.3999923726830159,1.646838169587883,0.606606218242848,1.5878906965592965,-1.617663071702312,0.3120756874629554,-0.08506939639773375,0.29604207914446873,0.156439641663303,0.0759143264152068,0.08144532571112842,0.28339788514306763,0.1329708108531642,0.21453441049150251,-0.6133947677314431,0.5971622098311494,-0.5692007339946212,0.545745734835961,-0.3242372857761334
279,rounds_151_300,60,44,37960693,576,631,8,2,0.09820910891724616,0.004515868867747486,0.009466027767988494,0.08497896495003564,0.4083073379575036,0.6480490159316495,1.5599683711103798,0.7723425910011547,1.6130513600443535,-1.088517943770813,0.12253735469579416,-0.13451901445193648,0.11148064247675765,0.2727349790930591,0.3999923726830159,0.63413398598735,1.5301696943885512,0.7534713499103417,1.595247481471667,-1.117197265246371,0.10989465779003643,-0.11841322503346229,0.10164639497164558,0.2856812084400447,0.08144532571112842,0.13280650654095916,0.30143276152672155,0.1687940278869104,0.2366272897759314,-0.4018700349663338,0.43654892548373425,-0.5236512210803754,0.4095835623094816,-0.09704401134266236
280,rounds_151_300,42,33,38042750,216,964,9,5,0.47042292719727347,0.005586975056212395,0.02989830556354718,0.28650758602656423,0.21088065723281643,1.281854563268093,1.7304551534617072,1.2989359169609416,2.0663743288210674,-0.5908208417669016,0.11882102164288492,-0.0732773563805017,0.09945397373675716,0.5562048253332609,0.20714090310379504,1.2666527757694688,1.6982043531160653,1.2834306337727643,2.045473359014654,-0.5937545085719154,0.120921102621595,-0.0609145538256189,0.10003201507682864,0.5658217576887634,0.03929031246641132,0.19493852914331436,0.3303996245477686,0.19819170964170046,0.2901416389617149,-0.46394437732156146,0.062301193010287324,-0.48631025106974946,0.08239462750380665,0.1178497066866348
280,rounds_151_300,78,77,38078642,510,190,4,2,0.46661397809220784,0.10396968659796667,0.022446559922536836,0.0950041078957094,1.8829100288163034,0.5648515131461809,1.7766778465758906,1.9569492166015987,2.1095409690550198,-0.07797430365536462,0.3727896508248558,-0.02085904691783073,0.3624071993801141,0.2848240485893682,1.8661981192188255,0.5609041382467362,1.7584475871681435,1.939851590596068,2.099764018498509,-0.08243539282987311,0.3669059459862476,-0.019297770521697025,0.3565279976296779,0.2871149355105628,0.2468331901262766,0.06559799306943724,0.25075551075342883,0.2544931353423908,0.1976387242875883,0.22340253295363566,0.685074333245441,-0.1148686698818686,0.6859612202132283,0.1461249699966892
281,rounds_151_300,95,5,38195594,502,407,2,9,0.1610532211025183,0.05783636165327731,0.014399988305134078,0.09285509316621095,1.2847060459831625,0.6296372799332629,1.3384963528919769,1.4258778408019275,1.6075100156711497,-0.12738270395384688,0.3226022094619648,-0.07780006074741501,0.30481951134272034,0.3664122206376878,1.2639303248218738,0.6221948756019258,1.3052500342622892,1.4038599556834659,1.5945980269575553,-0.13586687938629116,0.3090207805850897,-0.06904554665593668,0.2906327436074502,0.3782561864751978,0.22831725547696924,0.09553083437150918,0.29496633066130395,0.24762053148504082,0.2006857219100421,0.18954328743872406,0.6618245388754472,-0.3354338061530033,0.7019924936837718,-0.012273727177763023
281,rounds_151_300,56,53,38156711,284,434,3,5,0.32905792430001707,0.02626267421292141,0.021567949555012293,0.1505660105884696,0.8821703293203252,0.9035512717090896,1.2212587077454433,1.2630310969679786,1.5966864449006608,-0.26417033494555464,0.14035105444080853,-0.10643519623634762,0.11880561989958481,0.537278974082279,0.8746208995154028,0.8934316859307372,1.1932852547859847,1.249224111657268,1.5820768743445062,-0.2664475970173703,0.13420740967971123,-0.09444831193184003,0.1137123038941863,0.5492144386671508,0.11349261267835467,0.13342353099700927,0.2584553667484688,0.18421406457959474,0.21277941414793652,-0.15506606204869522,0.3766634126816882,-0.48372761564172484,0.3667680547399301,0.03711565093159043
282,rounds_151_300,62,49,38262696,558,624,6,8,0.02786418137753371,0.016274512968811904,0.003439271570040056,0.04540456461060482,0.7888422673513314,0.314325441725053,1.3372803092547052,0.8581925482012986,1.1267367334411227,-0.31291833726903207,0.5533542548147188,-0.10444731664232472,0.5443739829898246,0.13020138224480302,0.771987300668799,0.30692615477121343,1.3117655590640216,0.8372444880162981,1.1182631192176788,-0.3356470364674533,0.542218837064141,-0.09068370196335507,0.5336069663798932,0.1424217915317005,0.1611322295362061,0.06745728036726921,0.25830454554991616,0.187398834565411,0.136036520612505,0.2740802207869555,0.8243895912381735,-0.4220913242845396,0.8352938679488427,-0.1747935300424805
282,rounds_151_300,49,89,38249735,624,533,8,0,0.059598157086880384,0.003439271570040056,0.02296701143284074,0.13997852330525906,0.314325441725053,0.9806772254815922,1.2636699060864829,1.0338083626019166,1.4665798681706808,-0.418618693003753,0.14304033398117932,-0.16184459839752854,0.11414673680347892,0.5284205264843119,0.30692615477121343,0.9568980968203679,1.1742468041209695,1.0059635817867363,1.422819536375831,-0.4143847373169298,0.12628157896209952,-0.1225386455993221,0.10194252148419579,0.5721529797423539,0.06745728036726921,0.2134687576571456,0.4657794590738146,0.2371392561747337,0.3542400316144809,-0.4938059489967477,0.3586002899344723,-0.6294163586988537,0.32837156461251266,-0.21504996529692386
283,rounds_151_300,45,7,38345750,288,1017,1,7,0.3143498091803132,0.006998184008989483,0.012569258826884575,0.1023804978467524,0.28815509713419013,0.8347022433100073,1.355427831712308,0.8779592078675992,1.5191275593143356,-0.7302940110441076,0.16876605933813443,-0.07443014572936217,0.15882663673509112,0.47711939414260807,0.28305747912663143,0.8256281339159606,1.3361977213926282,0.8681982173973225,1.5060442894925525,-0.7346779333495521,0.16468310762503716,-0.06637492329208845,0.1537436523554465,0.48375724823428173,0.053608657877126174,0.12139264254616684,0.2254942417697823,0.12918492457047243,0.19630181144011283,-0.5195411700923902,0.2979481211403816,-0.39817093877157084,0.36214485631252824,0.1510513145737861
283,rounds_151_300,35,22,38335780,307,516,2,6,0.1934280852296435,0.0974020605291506,0.015506651081589305,0.1982951247865068,1.7127781192029436,0.8492261075254111,1.8186982366668234,1.9038432151971358,2.4470563415632887,-0.2853245067818808,0.12029693303069477,-0.06304402981514118,0.11623206957380419,0.375145649851612,1.6982878619987145,0.8370447581513261,1.782385064700866,1.885872816027124,2.4252419571847734,-0.2860050458195329,0.11526641455861338,-0.0515406462974138,0.11078591390326148,0.38616298582570724,0.21953653677185012,0.1419892445877013,0.359394330856731,0.2580436231083933,0.32225635336749997,-0.2488444763160591,0.32472207919713075,-0.39839575354613227,0.36626274899252,-0.003615817012405239
284,rounds_151_300,55,91,38455723,508,378,3,0,0.12766791176689304,0.03627652527065948,0.03288101833168185,0.06025189946045761,1.0120036133504606,0.9610103310198816,1.3267843095082124,1.3869393863436714,1.7326246006502075,-0.24924320248619591,0.18611773469731432,-0.07143425340060036,0.16364864505836801,0.5476637962053416,0.9934074851292283,0.952176502890166,1.2945677569291296,1.3678509230902551,1.7165685197125458,-0.25493830558264796,0.17306323357794415,-0.06294702396418059,0.15106417624864554,0.5588496452500021,0.19188502919564038,0.1283876621585764,0.2890293990271139,0.22736273599215745,0.23263489896771766,-0.02318833362271855,0.49017573808287723,-0.3603299734856982,0.5388555108144487,0.08955144738266166
284,rounds_151_300,97,55,38497597,481,508,8,3,0.09868479335720723,0.016519253944279624,0.03627652527065948,0.13680730844847858,0.8812191584148719,1.0120036133504606,1.7796731099361576,1.3304744312076422,2.021146424874049,-0.5191170739294098,0.1706440176682382,-0.08804096379936131,0.16309228522230465,0.4345443425479314,0.8745737652323812,0.9934074851292283,1.7463690344131462,1.3121784891970085,2.0002018187116493,-0.5243366928958564,0.16846914591721068,-0.07383736630617257,0.16011467596653703,0.4446027756955996,0.10645263753694105,0.19188502919564038,0.34031549651574483,0.2180855276977338,0.2872339544532417,-0.31707022233656645,0.280262245426397,-0.46374314756043916,0.3234781790941164,0.11227077164977545
285,rounds_151_300,55,1,38555726,508,189,3,6,0.44780538756081506,0.012281129999742419,0.02652216633432545,0.031496252715905115,0.6822439133467746,0.7444215755389706,1.003512170883013,1.0083598373226306,1.223469465693293,-0.2133262555773896,0.29421818203438466,-0.08304925913007218,0.24801998561591404,0.5514525305477049,0.673332173751685,0.7389320933909165,0.9883080915160487,0.9978640880528158,1.2167993703830355,-0.21940390976234014,0.28331097522675647,-0.07861293035409644,0.23826574316415006,0.5572678333380243,0.10891247692004903,0.08892058616221533,0.17253931146716553,0.14356674007205075,0.12514134251524264,0.12834029349389064,0.6802904628817754,-0.2983015151291023,0.6720905203434618,0.22175449179660126
285,rounds_151_300,21,22,38521828,526,516,5,6,0.04718719624999497,0.005560627327808603,0.02246283009457825,0.17678565359674395,0.49220144412473676,0.8871166359487277,2.1064590250140314,1.02093917123334,2.2047251563217705,-1.159506872146324,0.11000504451819637,-0.10450359061307869,0.09935469571817251,0.3033758941079333,0.4875724044212593,0.8731990024198952,2.065221265666892,1.0044724441278068,2.1783891346567983,-1.1686897907371812,0.10532769542810226,-0.08778282734850998,0.09607992790742008,0.31878024588492676,0.06650876055971168,0.15525372243694952,0.412148109019653,0.18122682006448443,0.3365928892095736,-0.8573017453476619,0.2892032734239659,-0.5747954744073859,0.24999152732870722,-0.23529309802351916
286,rounds_151_300,6,46,38606876,753,538,3,0,0.011461846807071588,0.017270911872401484,0.030322125224417754,0.10417316308848967,0.9595704846359552,0.9278997623909895,1.4896860096901487,1.3390434936081608,1.7766671128705889,-0.3268180767476163,0.17009129748238494,-0.1336122438118221,0.1503319144894949,0.4426866092601158,0.9433225342496113,0.9084877493345745,1.4027877483421929,1.3106943095231054,1.7378382063955722,-0.3258913186461323,0.1520070561862811,-0.1033239251273082,0.13316009431130657,0.480055584575635,0.1744567394057276,0.18760092406617426,0.4997276717199221,0.27225669553360077,0.36726745623109336,-0.34897492791234863,0.4789948268332903,-0.5623915356206978,0.5075525649721222,-0.2205665912163534
286,rounds_151_300,7,90,38607873,1017,323,7,1,0.2783782109495112,0.006250319347323273,0.018730674268278694,0.02606094024266072,0.7343926904639076,0.5875897037084193,1.1471653377559703,0.9362624466590795,1.2411420856277227,-0.32563480470306483,0.3123114497525099,-0.09340086656894273,0.2935423996123916,0.38774023538455865,0.7260399200126434,0.5718916050460057,1.1320251852230474,0.9218711071002087,1.231106025698588,-0.3354426841417051,0.30656189439716985,-0.08633177812014603,0.28610740557720704,0.3875704176664131,0.10930379942799823,0.1342224961581603,0.18405817051549492,0.16224253605542602,0.15535343892268919,0.042461719967095135,0.5479285098878544,-0.28372332766967123,0.6037768389555728,0.42135230831196596
287,rounds_151_300,2,24,38702891,315,542,6,4,0.3775335528943107,0.0584911007899791,0.019855377019319515,0.08822944510195936,1.259028369947035,0.8943683731693104,1.3595780613597412,1.5316025173729844,1.7730411577480636,-0.15763792344060423,0.26121914142208513,-0.06427062448865999,0.23484517330543014,0.5111975524048397,1.2502494584358248,0.882036304168119,1.342959758941699,1.5181143825440229,1.7640413364656897,-0.16199500956545032,0.25806676614980695,-0.054774140125019764,0.23064502423972408,0.5163309839370187,0.14592275119229253,0.14673672969015691,0.20981188617706856,0.20016578083486358,0.174551916543976,0.12796325218054616,0.4448263463590754,-0.4284438753755989,0.5193193185455027,0.2872101889419118
287,rounds_151_300,82,2,38782651,609,315,5,6,0.28559959580386685,0.10177927826567051,0.0584911007899791,0.14090068824589252,2.215313306072,1.259028369947035,2.2973650689706093,2.5421920558413666,3.200634175018872,-0.2590056552433,0.11885733759401239,-0.04956813099218913,0.10912194435784384,0.4465526685949395,2.1953424935381065,1.2502494584358248,2.271446170395091,2.5211004171516196,3.1767668395052673,-0.26007152190091265,0.11573535197473844,-0.04741673185763784,0.10587948587135516,0.4497624022930341,0.2929954463214007,0.14592275119229253,0.3403906457037495,0.3222299404161507,0.3841376178980232,-0.19212267302635033,0.2755535496372789,-0.1728653785363999,0.287075771107658,0.251395275446091
288,rounds_151_300,16,36,38816852,561,884,8,9,0.09390233785049285,0.020324729377171023,0.01198837156957274,0.08111451666530532,0.9735066092848547,0.8295584134380429,1.7186536018558263,1.2711509098290228,1.8989451066949723,-0.4938785725688475,0.2152576406508743,-0.08532450632148252,0.2062635516698115,0.37043688336777775,0.9637195715175602,0.8174126046718547,1.6783638048938465,1.2555510080218897,1.877795975226124,-0.4955951317219489,0.20916778269551514,-0.06944653492266273,0.1992753709610384,0.38612936549054094,0.13595885264857,0.1403010247274451,0.36794020457047805,0.19656736526496973,0.27978023325221546,-0.4233300267064988,0.43195426070114024,-0.5087420180827535,0.49093641036211677,-0.14641791577532812
288,rounds_151_300,62,50,38862714,558,359,6,5,0.4527612124229531,0.02432763341033327,0.038889239766285756,0.050311268518028855,1.000366363730643,1.212937015690268,1.5336367925256278,1.5611972423766651,1.9423330302380148,-0.2441304516277094,0.29574755503710315,-0.0293650550012154,0.2443311201047629,0.6060170867684344,0.9803901523890067,1.2040923003387485,1.5081146466461373,1.5426264330101116,1.928485415705813,-0.2501311882376984,0.27853173059084624,-0.03067583771958263,0.22939628323871944,0.6091445354652066,0.19765836088400274,0.14402112728467983,0.27656100380500787,0.2378901068521233,0.22815379991350784,0.0409277504956006,0.7609830516531789,0.02729212372603399,0.6933545201245831,0.48074256259265646
289,rounds_151_300,25,57,38925828,675,783,7,4,0.03143050263536185,0.017950965129628977,0.039449959442936236,0.1388048432609399,1.0206992244196154,1.1468418041184754,1.4031415657099549,1.5491107226459404,1.8516382882429276,-0.19529111842971347,0.1509608528894982,-0.1577131207027395,0.11457685680144647,0.5554591182581985,1.0128661924562377,1.1131182718091281,1.2739370446772085,1.5148378724519913,1.8006083916883737,-0.18864759353673954,0.14600789342531517,-0.10530809008128453,0.10698910758804006,0.6114592895106656,0.12450656748794105,0.2748692084725043,0.5867958427684319,0.3222512747322688,0.42970760522618634,-0.33345509830238496,0.3791427754072656,-0.6451844624401346,0.3718475678652322,-0.22540024001166417
289,rounds_151_300,69,83,38969696,500,292,0,2,0.520833574915562,0.004367655425448902,0.044255053380038586,0.09013649364816956,0.33382057766776796,1.1230350266541467,1.3717124623715184,1.1673846394246812,1.6906544469424858,-0.44824112794193205,0.14593236756525216,-0.0819299053058631,0.12642763126125653,0.5944613831148436,0.32907795141701407,1.1145302139467783,1.3539407510283752,1.1584586430064758,1.6775569725788555,-0.4480939675370681,0.1440851253644685,-0.07706710708619621,0.12331335174902218,0.5991457442006994,0.05560719593523941,0.13577133298274907,0.21819215737735753,0.14181756188686886,0.2071771397115311,-0.46087083260394124,0.2140639386412249,-0.3308637192845167,0.2757332900084219,0.2950378761353354
290,rounds_151_300,46,71,39046768,538,547,0,6,0.20548973899694567,0.021427672658517787,0.032533528764774514,0.07275279895667071,0.8236753629438922,1.0723180604354898,1.3680335920457016,1.3274310993163487,1.6791061596547114,-0.2649290501928738,0.266150951618546,-0.07307105340353807,0.2413199575700833,0.5803682805540872,0.8044358858875954,1.057973521592599,1.3236337140819574,1.3068436252595599,1.6574194155416966,-0.2682614687067144,0.25249580773671604,-0.06252034415896422,0.22571396301349164,0.5939165539866911,0.1759363702197346,0.1732394219489825,0.3440982192162465,0.23106864458295434,0.2666214330706765,-0.15386245309003233,0.509082798341191,-0.32770748435438957,0.5948331594781483,0.18288665118854233
290,rounds_151_300,47,75,39047765,572,599,3,0,0.4065274985884986,0.009143944592991223,0.00943254760641139,0.08057583124609664,0.6039593932083386,0.6134098649648417,1.9567554932377746,0.8548225394826108,2.026213591683398,-1.3703324352090465,0.15221761222486885,-0.03927803266886909,0.15111686820556489,0.2646336434970548,0.5956721868656673,0.6081863255983719,1.9455678412395794,0.8460095716591619,2.0170175794816867,-1.3841545616629234,0.14886957819137428,-0.03699519693772543,0.1473489495757214,0.26586849786884065,0.09883831510303843,0.07881720227120616,0.20498308294088544,0.12102262476352,0.18826061223255772,-0.5555819632934067,0.35888771380770296,-0.20673869915489876,0.3940272374744492,0.17876567653797595
291,rounds_151_300,8,14,39108885,157,778,2,9,0.3438742646172213,0.006147711185622029,0.003433275452334783,0.07717885254241992,0.2016779754101027,0.4034210006407867,0.6427306829204579,0.45035943361834363,0.6574191505180628,-0.45976547051791417,0.3652690609051681,-0.17168097464646603,0.3386066282961956,0.42004551522824757,0.19927637823945707,0.3964034001493454,0.6129744190305416,0.44272054044914283,0.6411509791591181,-0.44820698517549307,0.3720667403258415,-0.1435636095642812,0.3382540630196577,0.45318754423513696,0.030751170901918205,0.07440527022925081,0.19276498382752238,0.08201423029708547,0.14474369317962563,-0.7648607156991067,0.3168008572327164,-0.6685653072273254,0.37229583383729753,-0.35520397267916964
291,rounds_151_300,82,63,39182663,609,560,5,5,0.7720722822612549,0.005522409676072689,0.007350178646447603,0.0072006080765277146,0.5117773193823576,0.7130954922761097,0.6020895722897723,0.8342368929266957,0.9554917420924991,-0.1453482220624569,0.14127719568658106,-0.06804916356393323,0.17507411511864035,0.7456160605497996,0.5047592321472623,0.7050245199943868,0.5965939587656318,0.8288608606724942,0.9509838204143369,-0.14733831157470578,0.13582433063112886,-0.06747428907647364,0.16278122913372972,0.7449960478342957,0.08370055758336627,0.1058926392518639,0.08012156904420223,0.09299999774843434,0.09075934596800639,0.024093030480376254,0.3881293643808352,-0.09579150308803595,0.6976440481896229,0.7763024902875447
292,rounds_151_300,72,35,39272696,399,307,7,2,0.38428998379625934,0.03429755442339229,0.03415867817820981,0.05927392470402992,1.091302315332975,0.9163498640691129,1.3053402864670829,1.4025785114900489,1.7439695772020165,-0.24340246404408838,0.1785194528990463,-0.050621011398921056,0.1683851953101459,0.5462924685425382,1.0820587442613252,0.9070900361139653,1.2934209235690186,1.392446810826999,1.7347616820124598,-0.24583694581637494,0.17556926949560137,-0.0473084329736387,0.16343512671811206,0.5477704407709194,0.13983524890579,0.1283488186956796,0.17366968312108128,0.16570386667035755,0.17544592666292932,-0.058791989519183074,0.34788512625173706,-0.2229843770240009,0.47536256134609417,0.4678687703842862
292,rounds_151_300,63,40,39263723,560,541,5,0,0.028968494227390392,0.0017113636839591587,0.029811674109078014,0.19015419540228323,0.1794606372077459,1.2102857691790425,2.066256437010555,1.2320142989098837,2.2810123620586316,-0.8514495846979431,0.09746456506928575,-0.10236394993136916,0.06269159113325307,0.4370587814882035,0.17514976617964628,1.1948500352418177,2.0072133515358628,1.2135060256223118,2.243113379535462,-0.8484567296525334,0.08150585972697752,-0.08602604742700078,0.054728037118228906,0.455136307814137,0.038859778518127656,0.19089458593254982,0.48825096865179407,0.21104492152056598,0.41133769636227063,-0.9490528054340623,0.39286255321273633,-0.5301379488448161,0.2551284902504876,-0.16195604161243143
293,rounds_151_300,77,0,39377684,190,574,2,4,0.44458276474065567,0.0217585445381701,0.0092150374611568,0.18783420873223805,0.5747915176912032,0.7718603590306777,1.315795782344308,0.9583801110688752,1.4559601299983702,-0.5191885903960873,0.24190074652107094,-0.08078293709516589,0.22095147194469555,0.45254660206650016,0.5711728394518195,0.7625668489006953,1.2964552449003612,0.9484154476526805,1.4452768854706826,-0.5238858551363008,0.24003755775940408,-0.06876517610556898,0.2183684263365666,0.4618141940776639,0.0632378174854262,0.11816752621639874,0.22287631597097593,0.1362689076201769,0.17339930904979736,-0.2724788954286934,0.3637211569102318,-0.5301153049272156,0.4035739164590457,9.196627422780873e-05
293,rounds_151_300,0,61,39300915,574,531,4,8,0.20755001639226833,0.0092150374611568,0.04382323287824296,0.13959016279065206,0.7718603590306777,1.4625564904975286,1.498736827798532,1.632275931014131,2.059345060965439,-0.26164027897291264,0.09923865468229676,-0.1003730910493495,0.09787782666428756,0.6605983271938601,0.7625668489006953,1.434414328813624,1.450221915091472,1.604571954114025,2.031296462859686,-0.2659428937739845,0.08944696923101668,-0.08503724807261467,0.08812587152459878,0.671966289780135,0.11816752621639874,0.28373569475628285,0.3767045516958427,0.297279852867417,0.33614229190924505,-0.13072678375941016,0.354316840447202,-0.4011136982831968,0.43079724953254833,0.35877719775576616
294,rounds_151_300,77,76,39477687,190,421,2,2,0.7778300488461274,0.02418163496768102,0.005705316746348722,0.027841021239873955,0.5714347892423863,0.45745671455422,0.5477529486645727,0.720334899692194,0.6954448735329758,0.03455340865735357,0.5083154209655052,-0.03404485188196116,0.4179576281057406,0.625442368008334,0.565795978559378,0.4535592290772914,0.5420206251924317,0.7153355463305664,0.6919459400683713,0.03269739129024973,0.5061836952613913,-0.03302225828559818,0.41263697078897216,0.6266932630746267,0.07916472425443513,0.05876355551264677,0.07827247199335129,0.08342336526789605,0.06813604777082918,0.18324982992444583,0.6146218874679905,-0.08985708416818884,0.7005773896147951,0.5529204966622674
294,rounds_151_300,30,81,39430828,516,689,1,6,0.2676474630038919,0.03248532353371213,0.012664412238102938,0.0520566858319481,0.7906633794604627,0.7554090988683011,1.01603038090413,1.055421448564364,1.2680397952631073,-0.2014535018100656,0.2564819945759085,-0.08222847949239878,0.25705086194129945,0.5528773782684349,0.7485228761581311,0.7430597964690584,0.9748727544688143,1.0220654310258903,1.2529782808844545,-0.22592765868892295,0.22085110482740766,-0.0709035911291935,0.22025968314813119,0.5696238885862858,0.2539229543169475,0.1350387490152385,0.2851910278435542,0.2621364265289222,0.19309095346611369,0.2633951869149729,0.617268407599367,-0.3033407059583789,0.7375430182270005,0.17579520445475783
295,rounds_151_300,46,90,39546783,538,323,0,1,0.26285264320643364,0.01626638512561013,0.009386069818200277,0.049750196685305455,0.7538966614151045,0.480123688356386,1.2350777255579137,0.8943448429287952,1.2429182863739228,-0.3897528410893736,0.3811121811434305,-0.05961375425649088,0.3620933969987846,0.3131310340570499,0.7403476874235769,0.47253340501275015,1.2150507206035897,0.87817951304138,1.2338691601156142,-0.4050306819870826,0.3695399848260909,-0.0524840370985751,0.35079251132233374,0.31925147198970444,0.1412640818881458,0.08435260801069926,0.2197019346344206,0.16805620570999696,0.1473473349052724,0.12322586195037888,0.715708779738078,-0.2799181366239686,0.7216203476395555,0.10772405196221031
295,rounds_151_300,30,35,39530831,516,307,1,2,0.09708628429331524,0.011210982401495461,0.014272884644534705,0.09432053201202176,0.3905989897994288,0.5724876641280665,1.3508769178158166,0.7187843242732319,1.346826654222087,-0.8737562975985507,0.26286502549173874,-0.1617455804777553,0.22372300476319484,0.2566463988835618,0.36785723202087733,0.5623127651129504,1.2925464240255609,0.688589303657006,1.319479388232969,-0.9162066288648252,0.2081756562267761,-0.1416054367379008,0.1785640160958678,0.2842010452652586,0.13094421250497468,0.10674384966737148,0.3913292946527245,0.20540987824454857,0.26847294895644025,-0.307010895731181,0.77211420418731,-0.5281563044662008,0.7205188772493208,-0.28800967837805785
296,rounds_151_300,48,7,39648780,527,1017,3,7,0.049275288906647605,0.022964193423765458,0.0026026527637094702,0.08781604508721184,1.1561296426634555,0.4285189532318231,1.7386697384888266,1.2408895459593805,1.888334198617603,-0.5217584875031385,0.21176473591299017,-0.09772794738358868,0.20561527942662441,0.14780954197332638,1.1481041864325563,0.42218978529461926,1.7123278626263319,1.2292131349788968,1.8755250954219294,-0.5257932428895893,0.2048502815005024,-0.08299195555090234,0.19917403595378694,0.16196607177755945,0.13368171132846263,0.07273617948613605,0.2989698033529487,0.16767054728600128,0.21592064420387377,-0.2877672775503659,0.5676589002679655,-0.5863080502009894,0.5748505936827992,-0.38991865851156104
296,rounds_151_300,44,21,39644792,631,526,2,5,0.36632435904390204,0.006021712435624348,0.008230918124106458,0.016987269141156083,0.5301257358795776,0.49764275716435213,0.885684241257719,0.7210322855500106,0.9479298838245436,-0.3146843807437183,0.3837432119506473,-0.05150234374414271,0.35051094841815456,0.4550676798052844,0.5208989790389529,0.4920759712511711,0.8749241861749909,0.7104060235540381,0.9428137975856631,-0.32714780889515716,0.3724798135537695,-0.04849612391952863,0.34019164303220734,0.45752017930819744,0.09774653325151503,0.07340886855891864,0.1363079431052018,0.12225033277508082,0.09634487669571051,0.21190499437765786,0.7746394964932264,-0.1799205153299165,0.7397856909306149,0.34252652203122363
297,rounds_151_300,58,2,39758753,949,315,7,6,0.2450154051068638,0.005116577676993697,0.014056079237655337,0.010036135360745616,0.5855947900183469,0.7250193829957252,0.7392261541446463,0.9175641070336175,1.0845489622706486,-0.18198712652010163,0.16792233589979189,-0.062272179136553474,0.14649565823001148,0.6771742796839634,0.578344583327128,0.7190240108505588,0.7306295514923655,0.9100211609200249,1.078990997495974,-0.18567682141052821,0.15936510070850438,-0.06001371856150677,0.1374585251098682,0.6793466738639612,0.09095222213918101,0.09179669032714162,0.11123218402833092,0.1157977059705061,0.10735420075099085,0.07291599733129284,0.5250015503582234,-0.17795450654952444,0.5837659847968992,0.5495706108310322
297,rounds_151_300,98,66,39798633,97,490,9,9,0.787035466586085,0.011152610823046416,0.010635399343445897,0.08490995741449296,0.23105516180072969,0.6825837291129275,0.8675045675467465,0.7118874078770395,1.081064814673057,-0.5185896009833391,0.09156518269739965,-0.04554615812976185,0.09872072927773942,0.5959113188776359,0.22742240321118012,0.676586875883922,0.8617494013006193,0.7065482263134436,1.0750067299482178,-0.5214909469906674,0.09064689289784733,-0.043437906473477526,0.09392996647857771,0.59608467467819,0.040519002037721505,0.08912953525047579,0.09798910801660735,0.0857672101759299,0.11199914007379853,-0.30585033422517083,0.14665881356911595,-0.18603049290770804,0.35032053050856193,0.5929737479101056
298,rounds_151_300,16,40,39816882,561,541,8,0,0.1029173378757306,0.051408902076461045,0.011542278133195147,0.0997786180654657,1.603026578815394,0.690849641340558,1.552073674235629,1.742602004919937,2.0927526117523096,-0.20093550095993384,0.16793552275766227,-0.10740439473505797,0.1619101536695349,0.321626390287422,1.5914610844987054,0.6797947679858556,1.5011637751498301,1.7263891163500973,2.0672933488289598,-0.19746662513697744,0.16261045707124408,-0.08978260022528897,0.15624844411893932,0.3424884640691181,0.18915507149233463,0.12219950238479968,0.39269385122523137,0.23412910288540995,0.3225301999770051,-0.377574150339018,0.3914736699000718,-0.48806780717779036,0.40856573594118356,-0.1986247932642149
298,rounds_151_300,2,86,39802924,315,659,6,5,0.05750537753707686,0.005035181850793638,0.011970503344283706,0.18533589771083955,0.39086566266100575,0.8526914636366989,1.357058019067489,0.9373528993711255,1.5089095929126355,-0.6097561483246812,0.12191809996564375,-0.1357174449265405,0.11123381592558036,0.44522200863059697,0.38732513887394787,0.8383508864566017,1.3037669252365325,0.9221203420154636,1.4792898551551044,-0.6042264634590366,0.11809449280727488,-0.11095214384776539,0.10699656944115513,0.4719892907804144,0.051789066195086504,0.15453740252542564,0.375223790753368,0.16699793649157535,0.29586552638518665,-0.7716717499686732,0.25663575510361775,-0.613687061678099,0.27309905779791654,-0.24766666546465912
299,rounds_151_300,65,38,39965738,1447,121,8,7,0.1727440304846526,0.007728931419315531,0.10744933479775985,0.04908741656334565,1.0234221394453746,1.1431543453863091,1.740422954435294,1.4910192141749994,2.085681018315852,-0.39882906838989785,0.1438846713983996,-0.09790394913591259,0.15829047394566462,0.4896781036461134,1.0082979786898618,1.1267255739574535,1.6989833446356528,1.4727760291464471,2.061536710947312,-0.3997625369704607,0.1344002238333376,-0.09016484531113134,0.14671840479396495,0.4987023607390695,0.17388261266344726,0.19136182688218428,0.3754571857092224,0.2303470794339421,0.3136035260510091,-0.3614391240456032,0.3966069386141455,-0.3054730275058351,0.5157425206445188,0.2096869401412157
299,rounds_151_300,56,52,39956765,284,633,3,2,0.08190571165337816,0.037537523871287705,0.04917836743406952,0.21887668555524822,0.9685565724275736,1.4881687188350037,1.5533063467928867,1.7809746764763967,2.1685022285300715,-0.2175929602886808,0.17429601020044688,-0.07738963703862359,0.126246181104986,0.6620310342500573,0.9618954009771661,1.4769944575826168,1.5065446579818738,1.7659208827339883,2.1430990762514113,-0.21358725478883178,0.1664943570965282,-0.07027208383360699,0.12030480829477706,0.6739975326361772,0.11146898307317436,0.1792824506311257,0.37655488682187116,0.2279039684079736,0.32792939311132335,-0.43889286089258883,0.4948358658596063,-0.3307336306735498,0.42625458331068455,0.1522520118175235
300,rounds_151_300,39,93,40039819,332,668,9,8,0.1925539041418483,0.009247938608418086,0.029964208887707042,0.15107097726182214,0.44381805447923967,1.4086247272289474,1.546150684839744,1.4785612712138585,2.018121633124797,-0.3649225584462752,0.17652011688188013,-0.06006825762389862,0.13182607785157902,0.6487627491771898,0.4381159512875575,1.3990675404455777,1.5289055094883897,1.4672877501163433,2.0033872477150108,-0.3653676639474155,0.171628471159688,-0.05773575731194674,0.12838178406161696,0.6515047052865778,0.07025142267739577,0.16094601901544525,0.22795889543275072,0.17939455482000874,0.23963945553409116,-0.33582346339624247,0.3810891059848317,-0.19780738870330808,0.30714995406016765,0.4602817799097468
300,rounds_151_300,90,66,40090666,323,490,1,9,0.22670785059365212,0.010352737769218428,0.004519495107815601,0.048147734510712324,0.4837454663315217,0.3550816097559583,0.9362811913876847,0.6050037106472467,0.9474981569839867,-0.5661030507901046,0.24539070260084356,-0.18440564693992872,0.23836552678951128,0.1944567018861612,0.4719405833606873,0.3501647915997871,0.8890491079059459,0.5894669891914543,0.9260589573633007,-0.571010717043773,0.21353674156928962,-0.1623822966464687,0.20818683591250958,0.22839497153700042,0.1056196329688006,0.05836160825502976,0.29271887617819187,0.13550785645210925,0.19933226201980095,-0.47100151414651226,0.6937751138739322,-0.6267631566228203,0.7114793098360676,-0.480899109296768
301,rounds_301_500,81,36,40181696,689,884,6,9,0.09014451244843609,0.0034962338811185744,0.0035861820596942884,0.03452172369662938,0.35152244030519547,0.45159802562211887,1.3005496997590502,0.5835231381328111,1.281939785329446,-1.1968962352229364,0.28152547326909383,-0.11164828250128093,0.2617451362234002,0.23067653350948555,0.3449423736337838,0.4427710902534545,1.2824461396586817,0.5692814612475869,1.2724948000583562,-1.2352647796920508,0.2701562005551206,-0.09729007551024821,0.2534192826891781,0.24175651587866048,0.06727075224879764,0.08829170518863369,0.21432118259671148,0.12748108178595632,0.15292361505751104,-0.19957889370811355,0.6330495651320218,-0.5428725750941739,0.584423284395988,-0.15402278912980194
301,rounds_301_500,30,81,40130849,516,689,1,6,0.2676474630038919,0.01896519399068149,0.0034962338811185744,0.041550630038942805,0.6888700420444366,0.35152244030519547,1.1399757478224233,0.7676588498669317,1.0506366074689713,-0.3686243669972564,0.45525818963635284,-0.0873205894307549,0.4516499869692646,0.2166181534276151,0.6585649545186354,0.3449423736337838,1.1055405891457242,0.7400861480670793,1.0385480446889985,-0.4032799389657913,0.43455898604544585,-0.07681503378466228,0.4275326851327593,0.229592848342949,0.20137886905503855,0.06727075224879764,0.2767232701623596,0.2030810172751841,0.15727418819712885,0.22555938360297312,0.733433002344171,-0.3045760949056014,0.8044876883255927,-0.06441117286093377
302,rounds_301_500,15,62,40215897,464,558,1,6,0.17772534325616257,0.005830623602960259,0.005560578919539694,0.034859402888105254,0.3700944001134958,0.41882087456300043,1.0075525547699438,0.5519388625031024,1.020011823041988,-0.8480521889981147,0.197444826408911,-0.15655131230466543,0.2035348992658683,0.25377606575424255,0.36321856101912636,0.4076621521862411,0.9862413932409745,0.5388714232353239,1.0092820395726723,-0.8729552098217708,0.19067813772816586,-0.134054824505354,0.1956844661013336,0.2712703002092262,0.07053520543101575,0.09551320063866373,0.20487875590347426,0.11871040416546202,0.14604493645412175,-0.23026231340734094,0.3649935437783452,-0.6180601957810764,0.456114581516166,-0.18967527456606242
302,rounds_301_500,62,94,40262756,558,500,6,9,0.0070689982957027045,0.005560578919539694,0.01166741103923414,0.06748054892304936,0.41882087456300043,0.5808208489806207,1.4795744403788205,0.7246948768435615,1.461072901644754,-1.0161214717130571,0.25179225334534033,-0.1556549104757046,0.23800595951465361,0.23321445767964366,0.4076621521862411,0.5645402990194638,1.4104298865232163,0.7027024160604853,1.4234643916902516,-1.0257001529474272,0.22864017766923592,-0.12177523701504586,0.21428545816307312,0.2701423999957722,0.09551320063866373,0.13589466374280668,0.4454341915796842,0.17633522961072265,0.3277493510082692,-0.8586719836518664,0.5739160894667964,-0.6050650541733519,0.6261485677715282,-0.3525815477944946
303,rounds_301_500,74,93,40374723,285,668,9,8,0.0077958822524239095,0.054907816639752124,0.014052297977780523,0.1720347726116112,0.8689485737744839,0.8749658607921901,1.4827140745338772,1.222873162089689,1.6924250498946576,-0.38397431750205513,0.22234879781888828,-0.09889889204453546,0.20918120536028698,0.4426397093622721,0.8396766958406292,0.8648198105113136,1.401689547197026,1.1953715372465514,1.6555535145589988,-0.38496982985929384,0.19342842942755809,-0.08145125510392477,0.179990157953413,0.47331867104254555,0.22269636113595287,0.1314690588520311,0.48194255584762224,0.2564186085249204,0.34934454959114974,-0.3623993656341764,0.545475487812641,-0.4647149900050786,0.6078520440856723,-0.21183279343261197
303,rounds_301_500,93,11,40393666,668,564,8,7,0.4880022300914687,0.014052297977780523,0.004853743891483949,0.0064136714622561285,0.8749658607921901,0.40993492853515745,0.5828238623937729,0.9418827926828305,0.9376613850624693,0.004481882091015854,0.33503263680458684,-0.012383926806577994,0.3131331609123912,0.5684986159567534,0.8648198105113136,0.4047497566426521,0.5767822735872472,0.9336938163297419,0.9324016231579222,0.0013839581554681013,0.3287785389968931,-0.01518789009092461,0.30408607325709563,0.5660410451604451,0.1314690588520311,0.0644055832255559,0.08273653032422526,0.12227399122572785,0.0971909668994248,0.20513785535958928,0.6216870734973221,0.11019279994326198,0.6897582488104315,0.6665226360156125
304,rounds_301_500,74,42,40474726,285,216,9,9,0.7258205145287151,0.045063862511112045,0.01599466279381886,0.061733569988670446,0.9533056167923221,0.6156002153794943,1.0652632980565229,1.1095400442060837,1.2358847800335957,-0.11387127169251143,0.3923876595363949,-0.03164006956643516,0.3689925826156367,0.4795718913886374,0.9299950123122513,0.6111689645340809,1.0507038434130105,1.091684195320751,1.228256479998008,-0.12510237416886882,0.38037118674726933,-0.03408825653681846,0.3547193705893809,0.48050816738213353,0.20842356318436228,0.07251701439507548,0.17404104413822702,0.19675562647805797,0.13454662063613793,0.3161739613522948,0.733253696582902,0.0909676537796759,0.779141919754773,0.45414741387200613
304,rounds_301_500,89,71,40489681,533,547,0,6,0.21960672265111783,0.04606980804846072,0.01694345803857273,0.10101978718832305,1.2526165666035742,0.8379641287595798,1.445286439277988,1.4898410031667246,1.74192476850591,-0.16920179052890205,0.28558884325699174,-0.09913440000553009,0.27133002817121227,0.4349516513656223,1.2200448259768342,0.8276577781773996,1.391575570195698,1.460303553946999,1.716817159488737,-0.17565772872935703,0.2716172636077249,-0.08648272795403109,0.25366407169325006,0.45446170820336546,0.2823973436622969,0.1296981562778482,0.38882051012324564,0.29333117172937856,0.2924270634537348,0.0030822100164583643,0.5056703940271059,-0.4031768851763706,0.6032099265846631,-0.0758458216208691
305,rounds_301_500,21,50,40521888,526,359,5,5,0.6209794003485569,0.00550696812517179,0.05602655602269806,0.1389535537158901,0.3507566863937649,1.7072388944903696,1.982370739065058,1.737420902920398,2.5209839360016786,-0.45099206056759433,0.09828518987219108,-0.06742502850440318,0.08784002622095421,0.6225914446656837,0.3443059906239252,1.697155045888773,1.963257680913804,1.7267238523565185,2.5026224141812468,-0.4493472194559849,0.09456867443075717,-0.06677578208396727,0.08405139110826271,0.6244412871581598,0.06653072647553353,0.18197722651204767,0.2714442522080224,0.18920956429913102,0.2995283049747605,-0.5830505507703669,0.24214944729442056,-0.11153480525861037,0.25468465330181794,0.4901803385393425
305,rounds_301_500,50,55,40550801,359,508,5,3,0.17079765816299,0.05602655602269806,0.020214929023694077,0.2571174416691065,1.7072388944903696,0.8359024714892056,2.642873955425865,1.9048995697736213,2.7802156151708863,-0.45950771331282714,0.2887849131692858,-0.06287867882080819,0.27881750206624956,0.24610005050615616,1.697155045888773,0.825255003331563,2.603985351806055,1.8897021758248551,2.7558718630221692,-0.4583630681481494,0.28673218723233235,-0.05177752774152596,0.2764528854200116,0.256608482504525,0.18197722651204767,0.13172110184011054,0.44824529912593136,0.2368075584679447,0.36283968618931317,-0.5322132812683371,0.43163393857631965,-0.4651826069047763,0.4405702874939891,-0.19001261140840744
306,rounds_301_500,80,30,40680714,812,516,7,1,0.09956453401252136,0.001999405418823966,0.03380477634120987,0.07335026356466937,0.25884235619573204,0.8895073321160968,1.6045694610538135,0.9259085810483862,1.714835430236149,-0.8520569582522695,0.15948271873571476,-0.1256985824483764,0.1485915236087043,0.3966443083830457,0.25326566289572466,0.8532631449580469,1.5640699034576906,0.890408815959968,1.685690310635587,-0.8931644435912391,0.1520888481051465,-0.1038160826126502,0.1390257305475565,0.4058939160313791,0.05311954174905525,0.25047066917704297,0.3563228048528031,0.2530244571398516,0.3128151623686913,-0.23630405497043383,0.3140538465753909,-0.455164151326222,0.3836955880980007,0.2680780955822328
306,rounds_301_500,26,13,40626876,500,282,6,3,0.13057851129025996,0.0064512892102357,0.010870640465873294,0.03746686101076193,0.5728485418256744,0.5553301304864641,1.3000563335331858,0.8108498460429393,1.328125989244807,-0.6379431971606675,0.31142050351485756,-0.0830056330188292,0.2820524014831282,0.32642743979573957,0.5691971557660366,0.5492388799401909,1.2861973294567484,0.8022977327338794,1.3206023005756478,-0.6460252181887804,0.3072864287758446,-0.07365637335487774,0.27879013447622025,0.3339851620818096,0.06337180047121019,0.08118463079995389,0.18723987426961045,0.11613992425828945,0.13835145229408996,-0.1912479982887123,0.5772660829111724,-0.5166358631902216,0.5299119297897708,-0.09654424257022987
307,rounds_301_500,97,21,40797666,481,526,8,5,0.4277349472680859,0.003526151355472393,0.0070453155822840265,0.012632588528213091,0.2973768758667333,0.6444777507206555,0.8836496641062761,0.6987135498462576,1.0443023130807045,-0.49460721537529806,0.1835307118143717,-0.07200686088761706,0.17846643766426393,0.5502838366024305,0.2932848408669824,0.6380977420894621,0.8766972449438887,0.6924008127890194,1.039273036358273,-0.5009702720770035,0.18119505439175296,-0.06681046697858477,0.17375652598326372,0.5523003934497278,0.048680677565071655,0.0893573161878567,0.10893807685103349,0.09245949858017406,0.09992387018557498,-0.08073125768607081,0.30419453029757987,-0.3700832513016542,0.45959247105620143,0.4360782576190261
307,rounds_301_500,5,34,40705942,407,515,9,2,0.010901886270748916,0.005111905492635237,0.014563039695018563,0.13430190668182654,0.3880070793602856,0.9001130966693711,1.9170495078571723,0.9858796638715043,2.0095339295894745,-1.0383156314413942,0.11987867808822017,-0.12473404268146125,0.10695639826183431,0.32825458187924783,0.3828181023656279,0.8867242935906614,1.8767490309000272,0.9695763681830323,1.986246176261297,-1.0485711507010889,0.11222435595804275,-0.10691148844741019,0.10117557655461219,0.3450885076067152,0.06269927253991635,0.15339690896637084,0.38852622818921484,0.1772190012257954,0.3019283803326763,-0.7037020762124049,0.34869588061307033,-0.6225785856733544,0.3284902726149153,-0.2794519066282199
308,rounds_301_500,3,16,40803951,566,561,1,8,0.7548465088302724,0.00521347333463685,0.012232427422956486,0.02177770451671677,0.4597124922320243,0.7734207467781727,1.1639551172069371,0.8558244712512183,1.3623468791030844,-0.5918531484748604,0.13366784398797063,-0.04898252294076706,0.17532467767454588,0.5246215781198466,0.45210239500820937,0.764482407189149,1.1556977847585812,0.849817708679809,1.3549337703406155,-0.594381661504211,0.13322048630211575,-0.04684054949351964,0.16795818798337808,0.524060437219227,0.08267361424140451,0.1160000358153388,0.1362294890142925,0.09956417081692659,0.1391243525120126,-0.39733351235182,0.16748044051253094,-0.16906643623412335,0.5240255648728677,0.5692643774766993
308,rounds_301_500,62,99,40862774,558,533,6,1,0.050561587390626085,0.011315645325036408,0.01844247944695367,0.11863514077946699,0.767341887575291,0.7606764668846847,1.542545564825593,1.0530778487845982,1.7002782650407293,-0.6145798404202429,0.11988155190478507,-0.13366349690083043,0.1371459194210478,0.34098370609947615,0.7514248416953563,0.7427246177552743,1.471074314987632,1.029698876570137,1.6585183294985113,-0.6106828581021015,0.10239108005101072,-0.11316543041830253,0.1195881485306983,0.3667770986282012,0.15454313708209094,0.16336710431144533,0.4625648906802139,0.21933778723316946,0.3727865349547415,-0.6996001448598852,0.3995992567553539,-0.4365204382822181,0.46132510532787524,-0.09224077375382986
309,rounds_301_500,10,39,40910933,512,332,3,9,0.696374141765914,0.016762104640524328,0.009984684625773557,0.01122433606069535,0.8038833133593827,0.5408869764048629,0.7440947571125385,0.9193862835672328,0.9674947046554662,-0.05232666828742749,0.37698695153422573,-0.014784999684019579,0.3707817238820734,0.5801120981900816,0.7844420283192889,0.5328926089589003,0.7369799754814551,0.907446928560752,0.9605749953633126,-0.05854674816831862,0.3708137314063382,-0.019283999061233122,0.3569419635207726,0.5756133334494801,0.17477123376139525,0.09183716914997421,0.10124817018167735,0.14636623907869453,0.11370906571919737,0.22311957706270558,0.6211437028888297,0.17412193889713007,0.7639548431632023,0.7393133701710298
309,rounds_301_500,87,39,40987702,421,332,2,9,0.37425076354132686,0.009377934208088037,0.009984684625773557,0.11123160167286793,0.5600443410045899,0.5408869764048629,1.8758868779012805,0.7587502236796994,1.9262039792633636,-1.5386535900073697,0.1266975538714829,-0.05823720604046467,0.13784239294480685,0.22460176974066384,0.5540259075723368,0.5328926089589003,1.8587272332429774,0.7513988306607277,1.911064536057035,-1.5433424408933116,0.12529448459269082,-0.055147388705449635,0.13470901641676788,0.22590808579428948,0.080920308214572,0.09183716914997421,0.25005224270243537,0.10404402115021665,0.23773950557231566,-1.2849895932902498,0.19809858992160254,-0.19191780459128194,0.30173946911147465,0.17588994153533385
310,rounds_301_500,87,60,41087705,421,576,2,8,0.16944863605940966,0.0018942499177582149,0.017245390200211357,0.06429600934756713,0.17498092781726038,0.935241949413633,1.5019521233623887,0.9526775911006514,1.6971886250479487,-0.781493173453514,0.15126385595790973,-0.07243503344805269,0.1289541621880873,0.48306011106535746,0.17313061147404363,0.925494103758366,1.4829270780903487,0.942575571243355,1.684777349248597,-0.787418856003451,0.1479382502524546,-0.06305679015258413,0.12592340526136342,0.4900370627592819,0.025071538450564916,0.13325097329785576,0.23611496647513694,0.13689167419164128,0.2018999406435796,-0.4748883877402954,0.29626810397090275,-0.48022724314376014,0.30220098427937997,0.09546482569194067
310,rounds_301_500,3,55,41003957,566,508,1,3,0.36431612033886385,0.0018570605151277655,0.16214577270438896,0.11476716191973538,0.14498927965844638,2.836263716893696,1.205997821469988,2.840213115913414,3.0191128784496217,-0.0629881474505738,0.11873811413174165,-0.05330674202398021,0.045787048334817546,0.9171817889406475,0.14033887312855448,2.815100323549985,1.177904394862222,2.8184071675453235,2.9930634288860887,-0.0619698471363459,0.1055629139064446,-0.050898214380061556,0.0427736649449521,0.9196759359088921,0.03628506985215638,0.34045447162174136,0.25723243610932955,0.34595336128753185,0.3903123949863222,-0.12822258333811143,0.35343141824224394,-0.15364292633134508,0.144816667987768,0.7639581203164706
311,rounds_301_500,87,98,41187708,421,97,2,9,0.3248044120223779,0.007051243389853173,0.04274940007599071,0.07559522897677703,0.6311142815451817,0.6505951415344133,1.6327831871969534,0.9027725307358684,1.6559394989343397,-0.834282106019054,0.294113741684909,-0.06245577368455348,0.28231890045092545,0.31906321899289664,0.6284709871670375,0.644990900956086,1.619201233390564,0.896586750157246,1.6458172444837091,-0.8356475201033933,0.2940880322164172,-0.05669720112106676,0.28201224394461816,0.32376129829840816,0.05607421427419774,0.08413337747526456,0.20736282595770691,0.10379182388370896,0.17953795222057692,-0.7297889708705367,0.3162763476249725,-0.4064817327833283,0.3202790896077597,-0.0008224648340047182
311,rounds_301_500,93,88,41193690,668,338,8,0,0.26299553235849504,0.005145964589506288,0.01077736630603405,0.09495199849729292,0.5559060932928732,0.6322425170290911,2.2401442440022232,0.8355079889587939,2.3110716262318696,-1.766067657966881,0.08579930219928354,-0.057040420543058815,0.08802627161740252,0.22003190320000643,0.5501091590505025,0.6267464646882088,2.218952983252421,0.8272042894505579,2.2928537234533146,-1.7718107276453607,0.08252624807293497,-0.05370130245993471,0.08502275183226034,0.22329653192476057,0.07920574448856961,0.0819675091074249,0.3036542674221934,0.11608225508987897,0.2853967447828588,-1.458573401782079,0.25192708490735255,-0.24330110153113135,0.24928851019343967,0.027450689700243117
312,rounds_301_500,30,80,41230882,516,812,1,7,0.09956453401252136,0.01258510101470165,0.08873408861348735,0.09598707019679502,0.5916207076662792,2.407970754108907,1.3030278450741586,2.479258615080515,2.6945497973880177,-0.08683692011714994,0.1934501562955606,-0.045534905291319934,0.09438141043856445,0.8746504583048721,0.5706743713476112,2.394392716666278,1.2443220168898605,2.461062240382582,2.667591087983641,-0.08391857963289606,0.16037622265973095,-0.04386044776671783,0.07596600976393414,0.8831005176948887,0.1554037642620738,0.25049144194632006,0.3852622026113586,0.29533796363133485,0.3758698722723257,-0.27267713114429615,0.586025655385873,-0.12538848355947535,0.5196954891231814,0.46758310859223
312,rounds_301_500,8,49,41208948,157,624,2,8,0.40291972178839663,0.014236748858820647,0.0027099366469953497,0.021842050109989943,0.6897250399258286,0.4220788990254962,0.6927919511645847,0.8093983489472106,0.8420315433476732,-0.04031784157072815,0.40154998335375797,-0.07236209399653164,0.3533486100401549,0.4739843916366352,0.6855348350443516,0.41879241935321687,0.6864616471322822,0.8036393481800577,0.8384179317185402,-0.043276357258069886,0.39856982946709263,-0.06781664346114896,0.3505373119502092,0.47753392908414,0.07456680492463225,0.05173792256663103,0.09221338977598983,0.09488359574599056,0.07593413757382386,0.19971269030418715,0.6136345741885888,-0.3459953956055303,0.5796383129909216,0.22343487881680935
313,rounds_301_500,55,0,41355810,508,574,3,4,0.2178572670166098,0.02741407248911194,0.01736934365083774,0.14706263776487585,1.4318722865830837,0.8860417217750839,1.8540753366711082,1.6850428587329132,2.3238900712765074,-0.3791281683030796,0.10872766421176124,-0.0910645497890204,0.10106054384092128,0.36208127431386755,1.4205728475733372,0.8702722534520303,1.8216246047324447,1.6675015592476594,2.303687004468622,-0.38152015012687346,0.10557184577389288,-0.07743493501207765,0.0973366798303407,0.37260296092559664,0.1768665184986888,0.16519356648029254,0.3430074450658822,0.23973838191203994,0.30215036944166573,-0.260333731427806,0.25130757085271477,-0.47069684121622263,0.2950512189736734,0.012360682481431668
313,rounds_301_500,0,38,41300975,574,121,4,7,0.018777876753954943,0.01736934365083774,0.022431656916160135,0.07741318304421535,0.8860417217750839,0.5514610250973694,1.6986599906899005,1.053746035911601,1.6629052912904265,-0.5780892497990169,0.3683376529815111,-0.06502012530597073,0.3503953390520715,0.251792625832449,0.8702722534520303,0.5438650013041212,1.667996773621847,1.0342401396295167,1.6484901168469372,-0.5939142696950981,0.35452571150432266,-0.05791623591483174,0.3374714169322902,0.2593994759553612,0.16519356648029254,0.09049109959537263,0.31921461354060293,0.2004167365061382,0.21571760648325725,-0.07634527057898888,0.7480042061827062,-0.2880788206042149,0.7346780364527994,-0.0048018941949549004
314,rounds_301_500,19,98,41419921,549,97,8,9,0.28134235175564865,0.004714501017852771,0.01913116961950436,0.031781133691335776,0.46458070500948684,0.4666375209480805,1.1418907827154743,0.6582806932582466,1.1954277846354135,-0.8159848783024262,0.1877749258842646,-0.10225323614950255,0.18062914304190839,0.2943672329273388,0.45993074552688124,0.46161434469477824,1.1252171574117216,0.6513014243803077,1.1859704670157332,-0.8209241107435714,0.1828033519313269,-0.0910365472510766,0.17520270120398238,0.305241417068597,0.06482038858566008,0.06752643700766266,0.19295568399136634,0.09460393527010057,0.14814573231690092,-0.5659573980081796,0.3966398661233535,-0.5492384765043966,0.4529264338340265,-0.23196441398549025
314,rounds_301_500,98,19,41498684,97,549,9,8,0.28134235175564865,0.01913116961950436,0.004714501017852771,0.13806403480120935,0.4666375209480805,0.46458070500948684,0.9524547580526013,0.6582806932582466,0.9855855446490221,-0.4972116830143345,0.31780064789128437,-0.09788983622222343,0.297597012422351,0.36477018279784335,0.46161434469477824,0.45993074552688124,0.9339964101365625,0.6513014243803077,0.9752732191999601,-0.49742221142522625,0.3091976377051151,-0.09167956187141951,0.28851826660022983,0.3733479373221304,0.06752643700766266,0.06482038858566008,0.18547770951179365,0.09460393527010057,0.1407600894784794,-0.48788831116380016,0.6282224061064731,-0.3244665610841227,0.6559743458680208,0.026432843486018074
315,rounds_301_500,4,1,41504969,287,189,0,6,0.17653442037123127,0.014842771121766418,0.012828272304614075,0.031024196983586685,0.652144313181025,0.46794639232275487,0.9495622735009429,0.8045913895662813,0.897745490791143,-0.11577814830342237,0.5762173059610056,-0.03312952746768168,0.5215141029562509,0.4178494861113221,0.6444773564098122,0.46458063467575295,0.9387411601208362,0.7960362156756035,0.8934121188887165,-0.12232597122540367,0.5699581394327923,-0.03104299167124542,0.515381794497298,0.4209564114485662,0.0987355875057771,0.055156053547307564,0.14152739366735537,0.1157796924696772,0.08620411040213392,0.25544706015944163,0.8465031082643617,-0.15027222216782107,0.8105675768606518,0.23539234315017782
315,rounds_301_500,97,75,41597690,481,599,8,0,0.5355804209303464,0.0028976586955832316,0.002771670077830398,0.004884699479443953,0.31067753062620046,0.2795144920656413,0.46602003339320464,0.41622738187702046,0.40840601081946915,0.0187911016864869,0.7377444534398448,-0.03838599360764036,0.6478908007575573,0.48981002631943077,0.30672711728562263,0.27693285635600134,0.46169635458892994,0.4119843859590878,0.4062722892522012,0.013864837847165079,0.7353497673799511,-0.03740325163650113,0.6444865917544369,0.49046416969625456,0.04890938572122501,0.03740591599373693,0.06246773985619083,0.05859799113722402,0.04076012700832679,0.304410847244315,0.857826522880303,-0.09260879554587106,0.8203771975636569,0.45317945131479487
316,rounds_301_500,28,4,41628900,556,287,1,0,0.005124521474662123,0.025891722409505748,0.009851316084192756,0.057498545853377436,0.8710269895315047,0.6232157606474157,1.2578566312431863,1.0620351246602877,1.356247185934071,-0.27702667684168425,0.3468207759613412,-0.07063448496352419,0.3279546893819894,0.3918323508461643,0.8482355529048042,0.6168457741090069,1.2241464542652642,1.0396658210383343,1.344784007135248,-0.2934771730710415,0.3244857366666845,-0.06431289630997215,0.30600118854978664,0.4031201737560254,0.1969287181790709,0.08784384939341636,0.28777820898585726,0.21555612340408417,0.17365348869392364,0.19439315408177638,0.7550759374145256,-0.2678487632518269,0.7834243596958606,0.03878883743860308
316,rounds_301_500,72,28,41672768,399,556,7,1,8.798500546823576e-05,0.00888900669706345,0.025891722409505748,0.27414320633688477,0.6089623941619423,0.8710269895315047,1.3587221204260804,1.0649792652215315,1.516819790679984,-0.4242716644482867,0.10783793299494128,-0.2117105080046232,0.09838399025247517,0.40221003966786606,0.6002169036730385,0.8482355529048042,1.1599819762100978,1.0384817485734474,1.4028604150355612,-0.350876331685807,0.09085340833566403,-0.16742594619079326,0.08083053128940318,0.49644443695281215,0.10187257652708138,0.1969287181790709,0.7060409008169802,0.2348318581274785,0.5754226580929469,-1.4503602819536465,0.35951069723831314,-0.6142562258151864,0.3707605922929269,-0.3911072512617214
317,rounds_301_500,41,57,41741864,485,783,1,4,0.05106548888850947,0.016686302355956285,0.022540323192879443,0.12373504806542769,0.6636321099814873,1.0014084573081932,1.2961370522266378,1.1956461510576144,1.5598593678156523,-0.30461622482192685,0.17830893551815066,-0.142389292745737,0.15872253629344354,0.5370824130273478,0.6578537210531267,0.9772562001531538,1.2474942517527754,1.1712702648064965,1.5385110454234134,-0.313540599169559,0.1798250889673282,-0.10907282386670158,0.15778810089722045,0.5613757621803824,0.08626098417361468,0.21740521243252423,0.3502921864370792,0.23872996796560955,0.25516888424849754,-0.06885987722017428,0.1892132532571243,-0.6772387938316135,0.20514767741744602,-0.07669917873753132
317,rounds_301_500,65,60,41765792,1447,576,8,8,0.945726525104932,0.008831765640056331,0.029187600314374625,0.012722453777477594,0.9606854034069782,0.9990413103630108,1.360443947062623,1.2991607977570372,1.8044026358554284,-0.3888986174541875,0.08114404419441618,-0.025992110775409867,0.13904078839127793,0.5781604643220747,0.9443862090315198,0.9870413930822931,1.352358726215152,1.2882304101835882,1.793517140586976,-0.3922331955596192,0.07606565030538284,-0.028997482112277352,0.1285544154333867,0.5741017631948527,0.1749188617357908,0.15281528536621175,0.14527701678380522,0.1658826057111816,0.19428643538735613,-0.17122849954279395,0.3487268550856185,0.15423596768254505,0.5572293061669905,0.7735785157263603
318,rounds_301_500,54,15,41854828,435,464,5,1,0.6041900850852111,0.019236777155634224,0.00837817118910607,0.01279287399762931,0.8318405650538092,0.5932639072374011,0.8008171059476329,1.0055985657385051,1.1589685672925925,-0.15251612997424413,0.2161282419246185,-0.022500494617790075,0.19549704751276445,0.5835046487181661,0.8258532173865257,0.5883275787911648,0.7953378854148304,0.9996492483100677,1.153507199384331,-0.15391193594589714,0.21302870672421342,-0.022903333723492687,0.19103236428564613,0.5827006099819202,0.09796704480590297,0.07534634583389917,0.09188569345817107,0.10715574218084335,0.10978696052058724,-0.02455508483440183,0.4401708466026711,0.003789856608154618,0.5023180930024109,0.635830134472142
318,rounds_301_500,62,54,41862804,558,435,6,5,0.06150833477121002,0.06077508311427664,0.019236777155634224,0.1409166553261457,1.7499891356655934,0.8318405650538092,2.516785185314651,1.940624423095722,2.9503998212147686,-0.5203353034732157,0.1340494254202079,-0.05124548784325772,0.12799654600421612,0.2693075615727429,1.7325163111563726,0.8258532173865257,2.485420241502731,1.920650007945822,2.9315282361263932,-0.5263208934467598,0.12557426591261234,-0.04650193792222083,0.12027478113664647,0.2750521009899983,0.24391481256123992,0.09796704480590297,0.3923866574408046,0.2747458744823969,0.3277215555284036,-0.1928170209864275,0.5147573475449599,-0.3058902305682986,0.5047129952161278,-0.05894838641442173
319,rounds_301_500,38,8,41938879,121,157,7,2,0.4866194299812647,0.019725468750887862,0.02555804937146604,0.017439454235136508,0.4208824445094238,0.5202668102898125,0.44726481962523035,0.6506599652881664,0.693093049830746,-0.06521545324182765,0.31714351307398175,-0.050761914744615354,0.2555976308742911,0.7441251936403193,0.41385094732028344,0.5134119028701752,0.44002228747335304,0.6424835528813023,0.687681409206708,-0.07034865892318942,0.30856817021452376,-0.0467353898086114,0.24600001619121123,0.7463142578419579,0.07607481940508691,0.08346105844065838,0.07948715467199555,0.10192836480355186,0.08524521467613204,0.16367524544883572,0.5754017309583785,-0.18706262405815222,0.5895422517626183,0.6599662151508493
319,rounds_301_500,11,5,41911960,564,407,7,9,0.14953134386429714,0.012935409221002676,0.016882663173601032,0.04476575122049932,0.6304180986324777,0.7375836539954395,1.308327667979473,0.9655192712557892,1.4359691564796226,-0.4872506424568299,0.2837873389633813,-0.05896856475944834,0.2586928927304677,0.45125836024720284,0.6212528617819943,0.7302539438724763,1.2934076839908846,0.9536470124456957,1.426771157050324,-0.49612082713001726,0.276880251576382,-0.053839827433411605,0.2522907863342082,0.4553848027544334,0.10625690345857751,0.10253190593310771,0.19508345730391505,0.14959357516589578,0.1595213390335486,-0.06636490809610751,0.5535040126840949,-0.30100585067182783,0.5508133325407842,0.2292251593630389
320,rounds_301_500,2,16,42002990,315,561,6,8,0.42302381855162646,0.030617822274299603,0.025347866818143907,0.15212782785695578,0.8857301574944206,0.9312334646241703,1.4527544539001567,1.2526106292550114,1.7166846462139678,-0.37048545343652695,0.23464083899301197,-0.04755697801271306,0.22960388111637728,0.5107787188901104,0.8740478223616582,0.920803082990974,1.4331741171594639,1.238961160696235,1.6992077982044282,-0.3714778575056843,0.23173619641114243,-0.04589441856866854,0.22551559866189794,0.5127441463575172,0.14211687996293387,0.1375516454897205,0.23576843652257928,0.1825644363133693,0.24186614969613,-0.32482620701093246,0.3430029991880603,-0.11457659363806297,0.390874187328831,0.4268049091487795
320,rounds_301_500,23,29,42023927,1077,342,9,9,0.9525762117227775,0.060328812289464455,0.08738821586593985,0.017753135335144842,1.625234575394489,1.3679361816960158,0.7920943504980299,1.815826916827436,1.8810154145393283,-0.035900171490897304,0.09463710783562757,-0.06587780817409869,0.2924498568960003,0.8572281349427642,1.576195408806193,1.3267076484196836,0.7803534296602556,1.7958398679464989,1.863992614269307,-0.03795034709900902,0.09553389043237878,-0.06013347502845166,0.26562400343731934,0.854215349868241,0.39437702702158606,0.33186019705022546,0.13473349720828084,0.26600595414291933,0.2494196844320146,0.062353001700079624,0.08052005100816012,-0.20290785395095798,0.7772689177334932,0.9175871275628809
321,rounds_301_500,29,54,42129912,342,435,9,5,0.1821978383124219,0.006408049089701048,0.07221921302585138,0.1456978322439162,0.4073143234963095,1.1205371990336281,1.3728383613086093,1.1902315996550532,1.6773205387180523,-0.40923878949623305,0.13480126502463277,-0.10959278764929414,0.11409466476473974,0.5794141849176464,0.40308100199447805,1.094662944971505,1.338638028348519,1.162531935488634,1.6543883996101503,-0.4230907118390512,0.12707503814222762,-0.09188785640376027,0.11010409271900895,0.5890524708688925,0.05785591978293653,0.23812793763043658,0.3028262932899063,0.2538677477507487,0.2741183293153755,-0.07976823264887156,0.38555928122094424,-0.4680363605549476,0.2768976526903004,0.3388890311036436
321,rounds_301_500,54,99,42154837,435,533,5,1,0.05190937999525891,0.07221921302585138,0.03689767121104524,0.22407922146893625,1.1205371990336281,0.9556190841388998,1.5565972516174849,1.4335520275255513,1.853984241749068,-0.2932800527297381,0.1870645326439505,-0.13050079692310984,0.19915207715119043,0.4382635148738358,1.094662944971505,0.9130698731575286,1.4923854386937694,1.3974730381783058,1.8213186242586452,-0.3032942851139717,0.17922333611035868,-0.10177359129636822,0.18195825669357465,0.4562371401288283,0.23812793763043658,0.28102811296814434,0.4408611468718399,0.31804791732869087,0.3444208638813188,-0.08292129932538583,0.31669121341379036,-0.4455163933812,0.5254771101999274,0.209625040477843
322,rounds_301_500,84,92,42284750,417,201,0,0,0.6970436187799391,0.011467593502149813,1.4281534408777952,0.450902553068267,0.5063239381597169,8.437049073152624,1.119310552897424,8.441885644091517,8.478944083015481,-0.004389829534104273,0.04492014672573067,-0.030437349327451912,0.02628542442637419,0.991252693025444,0.4971469589487583,8.272554847052566,1.0152763081303977,8.27664923601423,8.31263449298681,-0.004347805004952576,0.02997497149086781,-0.024024320435895107,0.025372925489471513,0.9925135683454653,0.09524765793692015,1.6494880794460647,0.4704680396204174,1.6536333010819568,1.6626747491499383,-0.005467625780193108,0.22952446646097147,-0.11003775839136519,0.050296732181314106,0.9597396650652139
322,rounds_301_500,92,54,42292726,201,435,0,5,0.6209227410574568,1.4281534408777952,0.00642511424763749,0.7417044501379132,8.437049073152624,0.4572995992522839,5.086822227503895,8.445828835015195,8.673645419464165,-0.026973857616492847,0.25610592309389846,0.0015753915841423733,0.25574791878461534,0.09109405715546659,8.272554847052566,0.4515460447299426,4.901376311373974,8.282113856257345,8.55590014532215,-0.033057537461641306,0.23937362844619126,-0.0003960628893661404,0.23893340497654048,0.09134681028114341,1.6494880794460647,0.07168339473533306,1.3577501245304548,1.646448478218376,1.4145747775337218,0.14083264903349113,0.57206078070148,0.04680067011209063,0.5732335830168964,0.09921370944277759
323,rounds_301_500,74,45,42374783,285,288,9,1,0.014256009201527807,0.05150996282269868,0.032613149500684814,0.3148686311712178,0.9151065708427774,0.794261235737066,1.1783647237678436,1.2243803206515045,1.4653446486398065,-0.19680512984730325,0.2151546250212779,-0.1476610163532439,0.17927414476675632,0.4698159447754093,0.8921269775187903,0.774925301616374,0.9933662718357273,1.1823337909097649,1.3978670057418536,-0.18229472631941235,0.16931928044150515,-0.0847984474586751,0.13865329831924278,0.5722592856827767,0.20264066888534393,0.17327635619014473,0.632986226389798,0.3167490903298709,0.4383750755010091,-0.38398211355389744,0.6369909340214673,-0.6629044799536921,0.6198171573607051,-0.461197999498652
323,rounds_301_500,99,58,42399708,533,949,1,7,0.5140786037514786,0.0182727829833642,0.006717527642276285,0.014817776743703607,0.6969512362373013,0.6308337857662746,0.7661357719493347,0.8659930545957241,1.0322918249226403,-0.19203245273664504,0.21863085622952344,-0.039107484873096815,0.2707089819703208,0.6174204661282547,0.6658483244735619,0.6185095845521483,0.7543047926426047,0.8493419639044203,1.0217827896099863,-0.20302873640301078,0.20550504595641586,-0.04274674951593292,0.24455854941221009,0.6140190909219472,0.20515984426552292,0.12331390415536915,0.13294376390699109,0.16792923429329817,0.14532546746103853,0.1346029291884988,0.49217022497258217,0.06382991112215528,0.7290638461443101,0.7047689216194708
324,rounds_301_500,0,94,42401008,574,500,4,9,0.008683881183321711,0.01896160210308153,0.035372138404054565,0.11185862211956797,0.8269591696536264,0.7719864759134402,1.7726054972000889,1.1414789695167384,1.8472532612709645,-0.6182981120125461,0.2136666413110313,-0.14847108525878921,0.19982917790723306,0.2787506518629838,0.8117752948285029,0.7421777343969215,1.7062953277971977,1.1088847258008596,1.8160943214227057,-0.6377665587476502,0.2007135166341681,-0.113253440256802,0.1853393033392855,0.30804833209330545,0.15664038784989956,0.21164603982608968,0.47818309723238306,0.26944639690852246,0.3353595312592113,-0.2446242930205762,0.46652922698326493,-0.5874466970164345,0.5409090490203836,-0.17618064475340833
324,rounds_301_500,46,92,42446870,538,201,0,0,0.5774766571885458,0.007692484679335559,0.737847673073411,0.05783541847274385,0.5095096848230877,4.49611068714647,0.5443963987342506,4.52934008990695,4.5424419308117,-0.0028926600000618308,0.062475250524043964,-0.02918130861773923,-0.0012289763437998255,0.9927044505273894,0.4975986129563531,4.22903187571364,0.4652659724621624,4.265154148938058,4.274271699285273,-0.0021376836636688434,0.05522920775714111,-0.028725225874018313,-0.007972774981745192,0.9939696957764071,0.10884681552431623,1.5246635576810934,0.28229872872633516,1.5223520004340034,1.5357943999455643,-0.008830020591642729,0.14686788749134902,-0.03433702096319895,0.08321675882238375,0.9830976724164231
325,rounds_301_500,50,5,42550861,359,407,5,9,0.4722353696079035,0.00664970234647626,0.006953069742303341,0.013861651606566739,0.4587756469683691,0.28450544073127354,0.7394818617148362,0.5318815929853407,0.7498371665763939,-0.409782132838465,0.3529143399752833,-0.06658900740704157,0.3489742961408662,0.3037859134458306,0.4549131762360423,0.27486258723828166,0.7345054790941283,0.5252717108327077,0.7456008139032048,-0.41945739419549466,0.3530673055534535,-0.05830692339461095,0.34659972471869266,0.30170042474244363,0.05861011209394004,0.07314964084015334,0.08416676721762523,0.08282735080137298,0.07816863571407374,0.05624609554965998,0.3436720192603408,-0.3608544416594058,0.5073348008811773,0.478522789669169
325,rounds_301_500,26,16,42526933,500,561,6,8,0.30245674231167824,0.00965029324113857,0.018012912970637746,0.07177208156208507,0.6017190910585087,0.9284303901219119,1.3046682265650418,1.106546728878312,1.5779020460618827,-0.4259696449162844,0.17703829117288145,-0.06557632064338391,0.14871824540680595,0.5434762560539301,0.5950032177239243,0.9083995751589756,1.2872132284836095,1.0857490470991362,1.559329519303139,-0.4361785750301115,0.1702072564550361,-0.06137763443884121,0.1434714085125607,0.5423572820260293,0.08858906753417913,0.19082980071858271,0.21081548581298176,0.21223495867700976,0.23909761688467593,-0.1265703745279172,0.45732514895797693,-0.1893768589426219,0.35918205937807945,0.5890912043959134
326,rounds_301_500,77,87,42677783,190,421,2,2,0.5458621190055157,0.02977752691949718,0.006895521734582467,0.09699063137522898,0.7484003495785594,0.5401426255095125,1.1773106051288875,0.9148495742687274,1.2116003802488795,-0.3243711472646811,0.39210771757045315,-0.05037033136589149,0.3712343373260524,0.3785151079169519,0.7445417458253699,0.5356249959927643,1.16946031270545,0.9097876623545376,1.2057483601264722,-0.3253074426245637,0.3913961662558116,-0.047841601948956,0.36966547167481006,0.3798592746813444,0.07437594914938911,0.06878486142484157,0.1335258403305532,0.09430220454744537,0.11642186724155577,-0.23456145909061488,0.45762941972597015,-0.2220285461610127,0.517231165655077,0.28789038093400754
326,rounds_301_500,63,3,42663825,560,566,5,1,0.25736467759715853,0.0841303672651217,0.005057497426363019,0.0992837353493087,1.7795189328985346,0.40821175321285685,2.0492733280557203,1.8231011193581088,1.9757350773623825,-0.08372215692457807,0.4910426374157713,-0.022891432373002805,0.48500739517334773,0.17367310029780444,1.756494330028289,0.4021068560864097,2.02641377885844,1.7993381964575188,1.9662331633805576,-0.0927535286315917,0.4835887968227451,-0.02168607531651921,0.4776092908467352,0.17408868815050293,0.2827261611331483,0.06973675759956184,0.30200183384196616,0.2906923449507872,0.18921550034949539,0.34908674536466155,0.8022806215525973,-0.06887435643180584,0.7954981869160453,0.16032525588666655
327,rounds_301_500,85,87,42785762,450,421,9,2,0.2020518080625423,0.00727101077273902,0.006790444350594448,0.04170655298383079,0.4772477581359045,0.3783854669225195,0.8409866632234366,0.6139919827018645,0.7916358941712583,-0.2893261092558146,0.4747877897756248,-0.12010137307527675,0.4466579461785629,0.3152885539438387,0.4751100327016319,0.3711831914796198,0.8295402809713884,0.6069214671107735,0.7834377093046957,-0.2908386863200292,0.47666819160598356,-0.10877218089292921,0.44803689850869094,0.3225015529792914,0.043925806776570625,0.07301727878732504,0.13722449115207827,0.09199275183207978,0.11255574086772109,-0.2235283609427865,0.43268758200106516,-0.4694830380759538,0.3762134862368874,0.07074195579471444
327,rounds_301_500,66,67,42766819,490,311,9,0,0.19529391365390525,0.002282066760235466,0.03409391270834021,0.09767381419544108,0.25021643554583606,1.2149864516541728,1.62648396586454,1.2360676306691818,1.9487255783120052,-0.5765525525953665,0.05472870585935623,-0.08380808209323853,0.05694742564477972,0.5540478800178359,0.24768767344638865,1.2050089638769113,1.6065245699226167,1.2260408789270338,1.933019468412156,-0.576635413742348,0.051233416506391016,-0.07923024467109478,0.05332621135907054,0.5583080196043073,0.035022216301564595,0.15309403369095348,0.2515134508834635,0.15480214538669976,0.2434611415480347,-0.5727245959018363,0.2130606245032199,-0.3141896849415339,0.2543594434997112,0.29628222567774753
328,rounds_301_500,35,47,42835915,307,572,2,3,0.5518315556176997,0.18811767856740128,0.006642220481201851,0.15302193931503488,2.223083017423112,0.495501389791634,2.06431775147454,2.2790378594343457,2.627163103187599,-0.15275097002541993,0.2664971001915491,-0.05252130556577724,0.2615961916967393,0.1845443123470534,2.1892608094759245,0.48839022199548354,2.036328413794673,2.2442849414648256,2.608601031352776,-0.16233058608420925,0.25599169846295833,-0.0483645682530289,0.2511099357478371,0.18827030473654308,0.38349584761938116,0.08295448033447068,0.33611143413275263,0.39358588385848975,0.3071961409087535,0.21949400751576975,0.6296783916871008,-0.20055155192907037,0.6382273176254556,0.04716163591464496
328,rounds_301_500,86,45,42886762,659,288,5,1,0.7178821089814486,0.010076035888466452,0.02077016395633109,0.006295374137075019,0.7725990134236987,0.6432977516539848,0.5722826648452995,0.9502848019722026,1.0240235089679766,-0.0775964288208526,0.19893857130886838,-0.008155831083686131,0.21404712826377564,0.7447441560713204,0.7610774104192581,0.6288876720165263,0.5670878259089902,0.938797551161467,1.0156586982708313,-0.08187190839417169,0.1898934086539101,-0.010447281828884701,0.20067098970078712,0.7395105200940361,0.1318212166596241,0.13464562036555197,0.07586820083605186,0.1459494931439301,0.12891264324608026,0.1167311343866656,0.5942477881805699,0.07084560564728808,0.6217802568650324,0.8797307362442425
329,rounds_301_500,91,12,42991750,378,528,0,3,0.17204094610710186,0.02274827137734974,0.0021768158296419475,0.052909867771086284,0.9605936484209854,0.17428117941664042,1.1927767441851642,0.9801779896091213,1.1432923178801324,-0.16641296784888882,0.4570967710729973,-0.06948517303981387,0.4535284207080822,0.07658869797161987,0.9539619288176705,0.17091889367106478,1.183107079295702,0.9722975768047893,1.1378570902040532,-0.17027658748603836,0.4539743769680583,-0.06339703170913302,0.4506944244666692,0.08096580438221926,0.11085865081696512,0.033822174888425385,0.14945197815921113,0.1222825530244152,0.10863561107722214,0.11160170939895475,0.671781207047282,-0.3192039500360334,0.6573283610538385,-0.09755642021230541
329,rounds_301_500,12,56,42912987,528,284,3,3,0.6799441542431301,0.0021768158296419475,0.012865836012254779,0.026932900462468917,0.17428117941664042,0.5796935255787808,1.3008875197126923,0.5987485466246223,1.3655386374539797,-1.2806546172880928,0.18990530568802202,-0.06630388354866641,0.1942630741255778,0.35533742641493304,0.17091889367106478,0.573896290472027,1.2948748138048183,0.5938061996125875,1.3603008105163448,-1.2908161137486194,0.19109553808473492,-0.06344992693613986,0.1915817519520483,0.3556447063500572,0.033822174888425385,0.08079715189904595,0.12200396939983724,0.07567724149538459,0.11630400293508006,-0.5368425254000997,0.18045345943318292,-0.28384936117467263,0.4036907918322406,0.3670825628630588
330,rounds_301_500,20,16,43020966,807,561,7,8,0.016580432646228,0.006084487364826012,0.004245874226035085,0.03063874485892216,0.7857350165308405,0.4441733542535199,1.2813153879967287,0.9093946636109158,1.2699783766920418,-0.3965095986481417,0.37196414664046057,-0.09396402067431357,0.35617336862246113,0.2460126125523905,0.7785127683320879,0.43728219341341334,1.2642723183315943,0.897394279618558,1.2600366558537475,-0.40410595929955395,0.36649633197074016,-0.0855205562538674,0.3519379368815199,0.2528239080881417,0.10487140243027046,0.07729077960625352,0.20631151257892008,0.14583491531026116,0.1563050153354034,-0.07179419278893051,0.6261206202126163,-0.3859058140005833,0.5710379838421707,-0.012220122146030028
330,rounds_301_500,93,87,43093747,668,421,8,2,0.23602514391688392,0.004073051152850634,0.002881512380230965,0.005143726599219787,0.4377268673165971,0.2507431532887189,0.5758160924815293,0.5028339248491752,0.5611850653326811,-0.1160445578547793,0.5070569924523342,-0.04803178224530996,0.4763151772975064,0.361623329116324,0.429095784543803,0.24766585599197619,0.5675649823157867,0.49360357826629236,0.5584749940366409,-0.13142411973227497,0.49619554316896614,-0.043372770041249106,0.46566502711885666,0.36606017568869614,0.08593331017407485,0.038761783676929444,0.09628797613405246,0.09520810956429417,0.053825744380848105,0.4346516843242276,0.8323898558956789,-0.22289066243516492,0.8289020305292397,0.18125405745551854
331,rounds_301_500,83,13,43183780,292,282,2,3,0.2495898108634807,0.008910626471818735,0.06328271479772714,0.18060208163030136,0.4357074733693409,1.2615296741150326,1.2806904861774147,1.3387428027844213,1.7301039571012664,-0.2923348334742579,0.1302165969126616,-0.09092969623375809,0.08997621842633645,0.6680715015180329,0.431873901012237,1.2517980714542967,1.2235741134176965,1.327490008432414,1.6984785991483193,-0.2794662018993217,0.12529376804738135,-0.07903668537563494,0.08525283309645955,0.6876008245345148,0.05687604988676008,0.15407461578623388,0.3768895710288212,0.17087139485902303,0.3270885636149091,-0.914238271916564,0.2983133349550296,-0.44314925231145275,0.274725250140116,-0.038282593020631826
331,rounds_301_500,13,78,43113990,282,510,3,4,0.06637645662261404,0.06328271479772714,0.010766387931917878,0.23988444642163814,1.2615296741150326,0.8036055216132749,1.559811344975434,1.4895650585457891,1.891822946580519,-0.2700505665911903,0.20747196071117355,-0.10224242453444443,0.19697569309459628,0.3834034752201808,1.2517980714542967,0.7912535987704274,1.518831671469809,1.4747020835871716,1.868745309800748,-0.267201918678434,0.20643776099446554,-0.08503994086306829,0.19425000821722183,0.4008241536487002,0.15407461578623388,0.13923439883097685,0.3534507368002339,0.20745026385879212,0.29181365657248315,-0.4066680424716922,0.2859549673367018,-0.524895861599792,0.3330040767442829,-0.1520781120646691
332,rounds_301_500,49,24,43249885,624,542,8,4,0.4708570864908297,0.005799446549365082,0.0431767103981904,0.0799924972122356,0.5865285825916235,1.3130560738598431,1.6981948575214194,1.428520470109268,2.0990711209928055,-0.46940219962843566,0.1228416546178115,-0.06137848659440739,0.11144650914231355,0.5806382232705443,0.5796963726798703,1.3000857458249055,1.6828614213649147,1.4156107296594205,2.0846626128828922,-0.4726241961901758,0.11963462706920701,-0.058673499322822516,0.10680112298417031,0.5816784218055127,0.08838048026706129,0.18189086272029636,0.2247193894066908,0.1890818453811598,0.2414311993114497,-0.27686081561538445,0.281496939027563,-0.20526551658835127,0.3573290226573697,0.5252742893033627
332,rounds_301_500,75,78,43275807,599,510,0,4,0.2522756956179717,0.006333579056081362,0.08924143887548285,0.17773361670357796,0.3989125111268395,1.985481958415258,1.6623996893385031,2.0284114423187267,2.4915014196262892,-0.22830179698562203,0.11337992901227946,-0.07878263707615732,0.06914044836743587,0.7456545791994053,0.3944262965465194,1.9694758133390264,1.6285586888663468,2.011348911038662,2.46328746806112,-0.22469426092217692,0.10720261342159701,-0.07673180903728936,0.0653099321567022,0.7505953640395835,0.05900294431944716,0.24789394207963025,0.331552362817974,0.2587649874477365,0.37007261921843493,-0.43014950696596665,0.32078872071945913,-0.16657563554145324,0.23502535016108528,0.5077236602905527
333,rounds_301_500,88,93,43388771,338,668,0,8,0.26299553235849504,0.033927239186596125,0.005230935121029948,0.08491834490559995,1.0562735115311197,0.4367690258225807,1.0369141980047156,1.1393610865671338,1.3803976593646952,-0.21155415578023518,0.17424863181253264,-0.09510013966129471,0.16997641174751485,0.3113239884297148,1.0491262501981664,0.4279478619625657,1.015784680723089,1.1294817106472106,1.3688388758918444,-0.21191769905462077,0.1704799410037907,-0.0810568400050944,0.16546911459236924,0.32305979262340984,0.1205386686175046,0.08679618551314192,0.20704828180559823,0.14769699920951526,0.17576956156258777,-0.190068603311637,0.3644636389118805,-0.433931903271404,0.4100110851745841,-0.01634113084131295
333,rounds_301_500,81,97,43381792,689,481,6,8,0.15691753405645673,0.004636626697278448,0.004719233192736283,0.011141387124787018,0.44116140804050147,0.3849993226646986,0.9189972441809421,0.5860833689810631,0.87671000420023,-0.49587934174695447,0.46890064440075,-0.0554248253403172,0.44053721454825445,0.34210204337047756,0.4343320851633293,0.3803675648400623,0.9093442007705569,0.5772717595237761,0.8724841260817393,-0.5113923584301101,0.46206486452602896,-0.049046886941799275,0.434016022761683,0.3467496624241252,0.07665304800817202,0.05889456657274111,0.13132034507859414,0.10036180906853426,0.08400392220336085,0.1629891590934064,0.7449432947938379,-0.3402815538372272,0.7488111358574534,0.11431101525422771
334,rounds_301_500,22,25,43422972,516,675,6,7,0.4695627688310748,0.007560460987522013,0.00517005147121381,0.05374168707269498,0.5749808166263278,0.6173068858005452,1.681406594271217,0.8416898888363693,1.7484636877404969,-1.0773252844438184,0.18489545111920605,-0.05825920491368322,0.17853255290826972,0.29557884624295694,0.5690690973254142,0.6124936512078338,1.666635284033155,0.8342932288683661,1.738098320268151,-1.0833182628435143,0.18060249953405202,-0.05395489935721346,0.17404117152342238,0.2995833629726712,0.08128268640509131,0.07572372215067819,0.2193818056104639,0.10980293803671956,0.18655563916716575,-0.6990040749618107,0.41258171835319163,-0.32107895121631036,0.4439211424200762,0.025428277144030776
334,rounds_301_500,58,66,43458864,949,490,7,9,0.3374274361960791,0.003928569185939666,0.003129507942358032,0.011843927121126877,0.5558735940929808,0.31205204442307294,0.8421962062297196,0.6315970201033243,0.8032578308527017,-0.2717885064139396,0.43578288462835063,-0.10455985271088358,0.43104551641233296,0.2583490773528534,0.5483756626367946,0.30735596901709744,0.8188301628494267,0.6225921141821208,0.7923915692117989,-0.27272985179508447,0.4276920682682656,-0.09164535971729232,0.4211943946396436,0.27400903110816427,0.09011629956391078,0.05352563224470205,0.19610279617702006,0.10536043983782167,0.1305910651762566,-0.23946962804323624,0.6707526957475434,-0.4189929597597597,0.7258142989304774,-0.1588045186991076
335,rounds_301_500,64,35,43564849,267,307,5,2,0.08407321186852082,0.011066468432545662,0.03636727390777586,0.09355998095415999,0.5661914791369648,1.2522033289373884,1.2437012688135305,1.3672567799215125,1.7119740942198771,-0.2521233168199415,0.193182864113433,-0.06846823175209889,0.15100022287052536,0.68513238252479,0.5611382822659998,1.2433565356439502,1.2125838757673075,1.3568795104338667,1.6960899517756285,-0.2499930456119115,0.18563768308671072,-0.06040253276345194,0.1441319516767427,0.6950494988188348,0.07452047845141337,0.14590250686663075,0.27502556182288634,0.16536625969521557,0.22975193426885598,-0.3893519433305732,0.47075376885489983,-0.38506416299459767,0.49067731373912254,0.1556718870860985
335,rounds_301_500,15,71,43515996,464,547,1,6,0.06194182629416328,0.004719292321824469,0.008330883290512826,0.04647696041851304,0.30500416880953696,0.6687604831466596,1.0740521616191334,0.7396499695981247,1.1922673810345863,-0.6119346042593405,0.24752429648262642,-0.08144098545593564,0.2090781713710692,0.4771987308799881,0.3004735410747035,0.6626380653334499,1.0586458635141032,0.7309043622316861,1.182037142515755,-0.6172254587544332,0.24068853793934056,-0.07456657984460704,0.20453747557836283,0.4838677587633536,0.05196782496574321,0.08911254921305846,0.1797853432732306,0.11226550049017545,0.15382147020890913,-0.3701579696103552,0.47968323211442054,-0.38392595921204337,0.40285348880272004,0.12013211851270428
336,rounds_301_500,94,35,43694762,500,307,9,2,0.13700591041617952,0.01375217012129724,0.07729196135686445,0.1257556828763336,0.6838808722472901,2.000057676606588,1.3878396834100875,2.1092809222143463,2.3882732128680852,-0.13226891103762983,0.17698956504560023,-0.06040661154980729,0.10971352914003407,0.8104048413131963,0.6681870943122452,1.988465089757465,1.2963046697290384,2.094118804622536,2.347642391487606,-0.12106456725637749,0.15627230966750674,-0.055010533398699366,0.09247056299053727,0.8287960748224942,0.14482635806647406,0.2105533069494303,0.49393965031039827,0.24822998643651722,0.43532015273819513,-0.7536968800081882,0.4528842571759885,-0.2466152583271863,0.48565127909502986,0.1822782156734281
336,rounds_301_500,56,1,43656876,284,189,3,6,0.5691279189890903,0.043294415520116064,0.01708655694965273,0.06613753532680372,1.2083654626648364,0.6377655362326233,1.4204160565736608,1.3563186731449208,1.7155045107480709,-0.26482407469204805,0.2527958441656728,-0.025631115612770945,0.2401805190846716,0.3899759623892119,1.2014610757376427,0.6341392701178047,1.4121624355592337,1.3490891740290893,1.708353195970211,-0.2663011673781137,0.25062725082217585,-0.02530192860860243,0.23777419384241907,0.39027425986461095,0.12646694072059605,0.06655235484884355,0.14991636034040823,0.1369544453442908,0.15220966747267098,-0.1113890249420526,0.44739011076706775,-0.055080074550540745,0.45854306130848477,0.36289312503686366
337,rounds_301_500,98,34,43798753,97,515,9,2,0.4782069764560872,0.026397412264486775,0.07336044775861823,0.26033309068297966,0.43276907976686535,1.7974496593640008,1.1181312824807261,1.8413781723187808,2.0852409079292755,-0.13243490081312692,0.10198270036957313,-0.04825495409480285,0.0703848954400206,0.8420537220632842,0.4271309307400111,1.7863727301563002,1.1043870069572514,1.8301246145730077,2.071096243207721,-0.1316695195047879,0.10060037612217454,-0.04680473096572816,0.0678314161228238,0.8438183268631846,0.06900466529176462,0.1954019374324148,0.17302868506812774,0.19938203840860416,0.23838110930547549,-0.19559972005576776,0.1570000340722258,-0.1348334549211314,0.20700397021279077,0.7083885147648278
337,rounds_301_500,7,42,43708026,1017,216,7,9,0.15535963338100112,0.002792346569878559,0.007075149053707719,0.007377554204625388,0.5666143038001953,0.4303312894897136,0.7813309064712872,0.7081830424393033,0.793821740009119,-0.1209273484928941,0.4831552313058181,-0.08037594336623313,0.4431920189743923,0.42678126048120263,0.5612464594917904,0.4254062456621252,0.7689072961612092,0.7009276182985169,0.7869252135327438,-0.1226911210075925,0.48087580954655834,-0.07371816178581864,0.4394471309422151,0.4333542559677748,0.07685189709674224,0.06423190616826115,0.13775427218521452,0.09992200096719087,0.10311809421951557,-0.03198588120121948,0.5923797477656516,-0.3268814787004225,0.6224548697950825,0.14592145046904756
338,rounds_301_500,77,56,43877819,190,284,2,3,0.22241324624283215,0.008156728171161375,0.011467544203818155,0.08694002024712973,0.3088426851311606,0.5737710768560738,1.2539604465630438,0.6539044507782319,1.2918403263166083,-0.9755796504812733,0.26185985795695615,-0.08918312312316433,0.24294239502930098,0.3468915641313791,0.306737279433255,0.5697610888135738,1.2422275298944443,0.6488567238377889,1.284636157010234,-0.9798456420579329,0.2590905247815539,-0.08223528941768059,0.2403690522623858,0.3533408498574485,0.0354327287097556,0.06650920154109956,0.169088724306623,0.07983721813542091,0.1335959674653414,-0.6733544903673145,0.4418820657330092,-0.5256210172675645,0.4458821057847388,-0.15364792665579183
338,rounds_301_500,12,56,43813014,528,284,3,3,0.6799441542431301,0.003555648547427898,0.011467544203818155,0.026079807564912533,0.4013662866032108,0.5737710768560738,1.1794704187324878,0.6928955526224555,1.2810526709569208,-0.8488395056201781,0.16916585169672554,-0.051712647232928934,0.1652081498341507,0.3991518934460449,0.39875101119729456,0.5697610888135738,1.1741508843470279,0.6893094030425604,1.2763680562808466,-0.8516620412358413,0.16880511858708658,-0.04977335156531172,0.16324216407316977,0.3996804472286638,0.044860274328455546,0.06650920154109956,0.10925534278267074,0.06873881231581615,0.1062862989377889,-0.5462341486126236,0.20660924887250767,-0.22980161237133379,0.3649394993717332,0.3628348373321558
339,rounds_301_500,90,52,43990783,323,633,1,2,0.03652643795107242,0.018015662570750074,0.00333076912121704,0.04672161431517452,0.6017055008565217,0.5308416406348757,1.1071949000318906,0.805389387537404,1.1433335663195003,-0.41960346636228985,0.3677094613758792,-0.06582871105844099,0.3370792068116996,0.3829232585608742,0.5873102902459795,0.5261118496100746,1.0915955210203083,0.7905058025110424,1.1372642897985277,-0.4386539430653218,0.3530422778409386,-0.061322860746327715,0.3236607963174228,0.38835722869272643,0.1301307321420291,0.06970301147537432,0.18365528816639598,0.15301400873765048,0.1152287667719011,0.24693975589211514,0.7737578646597818,-0.26874166151231704,0.7630751495890932,0.11426806076499785
339,rounds_301_500,65,75,43965858,1447,599,8,0,0.27655402293661085,0.005125312645897542,0.002419376750670684,0.009973638426589755,1.053133513778552,0.18224196381618007,1.309590680477296,1.0658834126376653,1.1005031822983045,-0.03247988405689517,0.5912210995408016,-0.019346583043547916,0.5893613826915935,0.1189840397941401,1.043602812152222,0.17955265092663553,1.2986775848407304,1.0559803163626402,1.096919665521055,-0.0387690457142531,0.5867970661488484,-0.01682988004292967,0.5848893709484189,0.12055957503670706,0.1395062315576041,0.030923157171998908,0.16646562800483639,0.143140554122228,0.08566040664292959,0.4015643772778468,0.8499930678596114,-0.1343870524589806,0.8550831417543977,0.0517767238287309
340,rounds_301_500,19,22,44019999,549,516,8,6,0.23930651501196779,0.002265170010716908,0.005860176820053973,0.06046539945527911,0.26749890115688,0.5597312106597115,1.513163727886907,0.6209247331679815,1.5784410869017504,-1.542081193719703,0.07928957325846045,-0.07057417283350237,0.07531198670878461,0.2874199107976844,0.2654387769484006,0.5533350912700542,1.4997178577785983,0.6136467753350155,1.5687500138046349,-1.5564381283486552,0.07671609950144186,-0.06245770616765458,0.07356961909806356,0.2935697320414362,0.0325464959314261,0.08346133895949977,0.19874696545507367,0.09374107420564312,0.17165557820571675,-0.8311671768252817,0.23788103256258927,-0.4745879212683634,0.20291989187914258,-0.0619685412546128
340,rounds_301_500,62,18,44062870,558,569,6,9,0.2332083673605733,0.004089922041748651,0.015401641645197136,0.1127423233507822,0.48733494434645497,0.8459046731551991,2.2244885218956862,0.9704489893183008,2.306399733803022,-1.3766315995889387,0.15063647076047493,-0.06484528825151285,0.1489055293891468,0.301391288206875,0.48133796960823233,0.8328408734884417,2.1948568718245007,0.9566506132532214,2.2828970803961868,-1.3863436125681066,0.14654393511190092,-0.0578019511780466,0.14428753703154254,0.30666411396620774,0.0754452182699034,0.14693060040307557,0.3583171207486597,0.16167684076515335,0.3245866422668297,-1.0076260813279618,0.30941368323481067,-0.3081339433343148,0.3454484006440279,0.10652680900989436
341,rounds_301_500,17,11,44118008,828,564,6,7,0.11327878721944716,0.016749891996390515,0.007052633781616653,0.04141554347194923,1.1583502348274253,0.7319877897826543,1.6196924601224338,1.3743289781276893,1.803073071474556,-0.3119661305046222,0.2950422788949487,-0.06495121531160303,0.27287568037549714,0.3615624210471011,1.144424459439976,0.7276275661477692,1.5920309300039341,1.359086206330788,1.7913481759770522,-0.318053385894681,0.28278065845141914,-0.0614292192015191,0.26134490397303,0.3684740677490697,0.17715822300849282,0.0782595701500838,0.2958386972965039,0.2017907603401175,0.20165537725047863,0.0006709082685980583,0.7251289644119875,-0.24979824473764559,0.7171610962877429,0.015217057250241254
341,rounds_301_500,77,24,44177828,190,542,2,4,0.4825102421928431,0.0065559572220081465,0.038091624386354606,0.27333149695768955,0.28382308031544773,1.3351962348306337,1.4169068379083705,1.3463671840176126,1.863916558754547,-0.38440432957712667,0.07006021114323899,-0.07659045314112932,0.10070036450959381,0.6556309899840723,0.281506939683504,1.3179493386283614,1.3940702979374981,1.3304702559517028,1.8475997663099728,-0.3886817522187751,0.07542083904672403,-0.06552005246973074,0.1008269855829042,0.6613762951380483,0.03565866267231742,0.21191012127182554,0.2513855949084062,0.20419468396266105,0.2430965844077805,-0.19051377680445913,-0.15916845791355877,-0.4566057885927231,0.0936425626581781,0.3983358732746031
342,rounds_301_500,25,41,44225987,675,485,7,1,0.4829411994864346,0.002500407683796116,0.005471927982289344,0.0016808706177731177,0.34748285138904844,0.4875367837175173,0.30000909274438253,0.5871693856079581,0.6129191167089311,-0.043854008284698986,0.23357480741599618,-0.03556574067408199,0.15931905609315716,0.8465769681426875,0.34301983747098674,0.48439803212100935,0.2965725958465268,0.5829171979042098,0.6093684075771666,-0.04537730190163902,0.22712644710797036,-0.03552377279645423,0.15314733884874454,0.8478203447533096,0.054995574254798646,0.054215979432493046,0.04481650114722528,0.06933318625123516,0.0645548645234139,0.06891824804512192,0.4989338116933052,-0.038856639286902396,0.4765842298180242,0.7606554116074962
342,rounds_301_500,41,81,44241939,485,689,1,6,0.3945454339210359,0.005471927982289344,0.0026530849248436947,0.055405622796388346,0.4875367837175173,0.31724162328421995,1.3912928152910964,0.5839153703438463,1.420957060791418,-1.4334982995132814,0.15546149747147628,-0.05282664303810203,0.15143010221662526,0.17279855217611598,0.48439803212100935,0.3121447166518758,1.3815513121427117,0.5784849499044286,1.412423419097096,-1.441590605478055,0.1534905528615923,-0.0497987615742927,0.14945304751976235,0.17367769794038343,0.054215979432493046,0.05616390405331935,0.16168542848015807,0.07838719006996063,0.1525421970896367,-0.9460092516837595,0.30579557379179545,-0.20132618955506007,0.3058494061047954,0.1474619446767383
343,rounds_301_500,46,43,44346927,538,30,0,9,0.059691776126958036,0.014880051738212139,0.027497113519348203,0.024005402758616998,0.9079017040411926,0.39409911516390556,1.0567404581959323,0.9938540884018305,0.9865902664362102,0.007308740840721417,0.5674718373084858,-0.05066788739571429,0.5367004102073395,0.3070927316857653,0.8935966089817446,0.39177026439559925,1.0413992503275527,0.9798523572913084,0.981982226552508,-0.0021736634558775503,0.5590248404409099,-0.04888260671972003,0.5277168248906251,0.31141023315578215,0.15923096989697905,0.04197322946484594,0.17787164926040372,0.16481758470425353,0.09306233268860731,0.4353616280957089,0.8446499008595378,-0.15383868990545296,0.8510226062798054,0.08283994063187071
343,rounds_301_500,79,59,44379828,580,272,6,3,0.06622118230435647,0.03242751049510843,0.034783715952653435,0.08999678560794563,1.2106629910689217,0.8681858475947793,1.8177538528044397,1.471376693898988,2.0111340633708776,-0.36683833019102075,0.29424089345723525,-0.04101446927566662,0.28120721574750807,0.40040950878064724,1.18651226259713,0.8593119406018302,1.7941533770996496,1.4474864381442873,1.9951531317499647,-0.3783570465142314,0.2857354338637901,-0.03795351493912813,0.2725687528751764,0.4037468016229974,0.23901893481221337,0.12246907717207635,0.28924017852134704,0.2621173589037966,0.24964371342791228,0.04758801755080433,0.5623584398688896,-0.17343779000380896,0.5778276508020087,0.24602388426411317
344,rounds_301_500,31,3,44431975,339,566,0,1,0.2842677593837553,0.018915890535572542,0.0318681082513649,0.19592417901315326,0.6506157276641776,1.3690791753894758,1.5956864562267103,1.5051536820822176,2.07804763733997,-0.38062156846682615,0.09249998526700375,-0.06897256937393177,0.08491363284704519,0.6203324994558209,0.6430341120307125,1.3588366457710228,1.5745719258644637,1.4942694818152116,2.0597059477592166,-0.37840327519579864,0.0894444372941485,-0.06744384981002577,0.08057699908827887,0.6234354465796728,0.0980344310573118,0.16481453763180373,0.2564269161364557,0.17814430936502915,0.27217857835338083,-0.5278544643021372,0.21593295229572318,-0.1485043798702452,0.28597955608343356,0.44705054066780925
344,rounds_301_500,96,22,44496780,181,516,9,6,0.08306127093699607,0.21786205035750755,0.005174383804842364,0.3091413764283061,1.6210817772290256,0.5331848223071817,1.5073124312529027,1.7048532105355185,1.8593547474775873,-0.09062453939570414,0.3248004361467597,-0.08338592532968975,0.3156884620285038,0.26182697881736466,1.6026094381037372,0.5273383856951698,1.4769365738947622,1.6853610203962748,1.8435549686276274,-0.09386353802947034,0.31764026784368204,-0.0766581212474494,0.3079056032960113,0.2707171635107343,0.24163853673450839,0.07784284863490626,0.29922536261416005,0.25458147915860174,0.2389506853809559,0.06139800047240673,0.5723004913549063,-0.311053345468354,0.5986731173355471,-0.05348588698867055
345,rounds_301_500,45,81,44545936,288,689,1,6,0.3602205977791168,0.047188271562724066,0.014409815172881021,0.05554227222067614,0.8212749781934827,0.776383140243477,0.9199422719013454,1.0000933801547471,1.2362161311466546,-0.23610070387164406,0.16247595608315635,-0.050922663935505263,0.2711932888510867,0.6218521600856586,0.7864636608623712,0.7600819429523092,0.9090827893144154,0.9841778044022185,1.2245501316576612,-0.24423668790360797,0.15495337718529906,-0.05350633007517935,0.24761950928606197,0.6168476078549375,0.2357414811848874,0.15735750769635445,0.1394871508160089,0.1763468158329249,0.16745918353036524,0.050398598129381744,0.36133166135738665,0.028497076933949733,0.7261092668100854,0.7565958425809739
345,rounds_301_500,50,81,44550921,359,689,5,6,0.6216157109267195,0.2787941742746625,0.014409815172881021,0.13481819451844784,3.438281381624214,0.776383140243477,2.1218207370861495,3.512960017750935,3.9593843919657092,-0.1270792641985672,0.06757727877932798,-0.05471763646560401,0.07009585839277757,0.2975386181784717,3.413258071328895,0.7600819429523092,2.1050562881205903,3.487896295150716,3.9340974758103195,-0.12792845397380792,0.06656334354333865,-0.050946696416636225,0.06781955351673025,0.2965613620767659,0.4077263894779251,0.15735750769635445,0.26256329387874855,0.41231345494471155,0.43934215808666005,-0.06555377424094222,0.13461170516144724,-0.20692675274604427,0.22074750778864985,0.37224377909814166
346,rounds_301_500,14,42,44615032,778,216,9,9,0.8415888714984167,0.0039702633617707764,0.005945147450547666,0.0011726809869287535,0.36273045335190357,0.286039475258637,0.23066555464699617,0.40853635237758357,0.3909218683449629,0.04311607505698967,0.4231980043109559,0.02674182474860854,0.43441232676860686,0.7850230455066963,0.3543673943260272,0.2806758870006548,0.22846724264683793,0.40469104807084944,0.3880577477377744,0.041101231204311306,0.41675021751011215,0.01635863958226332,0.41796598602433993,0.779655788381243,0.07698607528148482,0.05476197401775215,0.03139159679091487,0.055266676090783194,0.04655632930004242,0.15760576547851035,0.6826084041107578,0.41504956645902275,0.8096695535684163,0.9215554255500339
346,rounds_301_500,97,75,44697783,481,599,8,0,0.5355804209303464,0.0023379554657731207,0.0021409402834251523,0.0019752920867176726,0.21263799693855734,0.12202226295200327,0.21096005545336177,0.23752515550593983,0.17505522182900055,0.26300344291481625,0.7571802253749487,-0.04558040509899541,0.705070035073783,0.47062580315884284,0.20965733682018303,0.1179428148816016,0.20813128286566823,0.23370072025810837,0.17292498954741606,0.26005795208319926,0.7558796887138259,-0.042042716367989015,0.7028266139467089,0.4649009879641918,0.035173105906991464,0.03116312466514404,0.03412498687833035,0.04214456442698573,0.026984674869489494,0.3597116203148881,0.8044568206150073,-0.13228593860108595,0.7801594749123484,0.61885508472953
347,rounds_301_500,14,64,44715035,778,267,9,5,0.13921805653150865,0.0016575079083850142,0.008225545949244406,0.029438433809627896,0.25000457407245374,0.7294942494239236,1.4131989823787254,0.7716637922863939,1.5344416269343895,-0.9884846772296134,0.14352191262548247,-0.06628585601070094,0.1300892024591758,0.4110517727101546,0.24457719315992804,0.7240164446002252,1.4004893707684185,0.7642603523297615,1.5260553830901802,-0.9967742385669653,0.13725433275951768,-0.06045129865346637,0.12494663353993185,0.41592236593346177,0.05150805965996821,0.08786458412403893,0.18670532988878447,0.10533028069481826,0.1569439009916045,-0.49001692539233277,0.3813173864403556,-0.4263338646256427,0.37964004204492957,0.04888407026596617
347,rounds_301_500,6,90,44707059,753,323,3,1,0.2718304650261702,0.009082067883355194,0.024181761711536506,0.03971074685387066,0.7952377961860763,0.7480399274770367,1.1573811897303095,1.0869050224426238,1.3880887622283926,-0.27710216952435496,0.23959569976567,-0.08839487768325152,0.21490539960170474,0.4886822969390627,0.783626355528015,0.7341428704043059,1.1309465844862634,1.0714964269695846,1.3744623605449346,-0.28275029757420733,0.23032624028760734,-0.07813635695318497,0.2028994770076744,0.49700631724110683,0.13424283614669408,0.1425915213711264,0.24444366565590833,0.18079607372957168,0.1918750474918995,-0.061278840484663144,0.49515659208954743,-0.3317538074003907,0.5955880110378963,0.2576748285736678
348,rounds_301_500,33,16,44833981,964,561,5,8,0.07408738380123256,0.03748819910775637,0.0037301534564903706,0.032661885413108396,1.6183241613395962,0.5293889973336383,1.5187248202984827,1.7024248976412817,1.9424850141248986,-0.14101069410828138,0.27036293569395614,-0.06376736789908748,0.26070419873161554,0.27443114601760826,1.6016678625914413,0.524512232563074,1.5002445857179427,1.6854930044539636,1.9309538573265594,-0.1456314871814708,0.26367870084934397,-0.06090634252928833,0.2536798485603325,0.27785844778275504,0.22906685892350595,0.07074197859547977,0.2339935993433597,0.23684837069796894,0.20768171395385587,0.12314484857194408,0.5701038904160064,-0.19945182407052647,0.5916685826992043,0.10440815360592227
348,rounds_301_500,99,33,44899783,533,964,1,5,0.04119969073883692,0.02651534030790737,0.03748819910775637,0.11742025722950612,0.7871751291341107,1.6183241613395962,1.5630000354236382,1.7895476626291011,2.1762489235273157,-0.2160888301405144,0.21203665717939899,-0.07662364813107171,0.16390576898768988,0.6931315708235135,0.7646178342985099,1.6016678625914413,1.4733530307788658,1.7663896527535943,2.132745475409317,-0.20740374134586737,0.19312564358008313,-0.06508247408756318,0.1444807317374382,0.715502276699632,0.18614360771262423,0.22906685892350595,0.5199819761152601,0.28432728830105736,0.43025968567334216,-0.5132549824685333,0.44470775883868713,-0.33587328418959306,0.503473774699682,0.11043029821246156
349,rounds_301_500,21,50,44922020,526,359,5,5,0.6209794003485569,0.005093141910831698,0.004091823662747629,0.08213393937542357,0.5341711207169173,0.4020818389495528,2.1620194375442403,0.6650807328749928,2.1437373254625087,-2.2232738365395424,0.2056462932771719,-0.02648868654485274,0.2051492112559447,0.15754990055806267,0.5300634739229945,0.3991344596055045,2.1510503734198045,0.6599606578435384,2.134056161496972,-2.2336111798999205,0.203829563120322,-0.025368049993968328,0.20337461753719144,0.1582184787809435,0.06509736451699656,0.04782034279365354,0.2127173909872032,0.08113140013747464,0.19848817960893006,-1.4465025781953473,0.35958115027447457,-0.12165237470000075,0.3582378592553165,0.1033697038568399
349,rounds_301_500,60,73,44960903,576,564,8,7,0.0880182137426663,0.007487041016671961,0.0046549529096713135,0.05839836838543609,0.5813580471999527,0.5095490896950877,1.6588589714342097,0.7688446810543106,1.682267771810127,-1.188046315808866,0.2116796013467417,-0.06188942861734932,0.20923465850815715,0.23864934145862898,0.572551089735041,0.5034386664969893,1.643528007163457,0.7580620859896688,1.6713794036114868,-1.204805430190404,0.20475409429132033,-0.058606938202217906,0.20248291408481503,0.24083200050431428,0.09988912186457478,0.07790871404816442,0.2220298439680225,0.12711095604214115,0.18777943265469862,-0.47728754862361367,0.5099838236793276,-0.21887181706370865,0.5154278276889607,0.13408003605474395
350,rounds_301_500,9,94,45010059,387,500,4,9,0.2989038025349609,0.00698847402309184,0.008771003008005209,0.13409806702693458,0.4336392638942538,0.5406611455784744,1.6596452603071146,0.6850217423510097,1.6674283267075725,-1.4341246760795094,0.19704764362179833,-0.08900788152645052,0.2000043175844564,0.2312609333562357,0.42888272666364813,0.526384935603649,1.6390334858349216,0.6727845485701225,1.6519582295937423,-1.4554045319629738,0.19737758512883563,-0.07685164107459617,0.19808334630754537,0.23798854071838071,0.06339033724486451,0.12272470081648182,0.2584636955473277,0.1279406044486845,0.22407871918665825,-0.7514277046934983,0.1833578539693496,-0.42485502634723804,0.29348723712264185,0.05511421622732144
350,rounds_301_500,7,47,45008065,1017,572,7,3,0.17324645829885496,0.0013160159610422506,0.005498250603462414,0.025649264085638737,0.229541035632946,0.559662394395611,1.4051231780583857,0.6094231601703594,1.444609325502205,-1.3704536025483116,0.21154851471992664,-0.07782905298503402,0.19389146164455276,0.3060253331490979,0.22476751858411007,0.5539353997268877,1.3930648870490001,0.6017537388944255,1.435975861347307,-1.3863181373589128,0.20543388815617145,-0.07260992220880128,0.18862077444174008,0.30984977387054713,0.04625315800055195,0.07891855426480657,0.18121180432412776,0.09540017405584685,0.15482078399300356,-0.6228564101190439,0.4610591276127002,-0.35803831232291206,0.44538804618404976,0.08268218924206959
351,rounds_301_500,33,11,45133990,964,564,5,7,0.15459996072382945,0.028665244857256765,0.002907650921406457,0.013400459419499385,1.4222747392695232,0.4417862644931931,1.2156419692004017,1.489853131068893,1.6592322696326898,-0.1136884804492615,0.25877980149422536,-0.04612892932261576,0.2464527783162328,0.30272367266655875,1.4104946734254245,0.43804839988708216,1.203259715978275,1.4773600781305645,1.651008945649761,-0.11753997558870677,0.25343033621342725,-0.042077215065162,0.24108834960861997,0.3067259999160943,0.18009840372845062,0.05654359020153592,0.17108139217686585,0.18986925529050047,0.16127300655786736,0.15061021168951638,0.5541185638561468,-0.26690091079160433,0.5667096344921271,0.06585699117451169
351,rounds_301_500,88,33,45188825,338,964,0,5,0.2748925151345586,0.005769563618481958,0.028665244857256765,0.19448595116846262,0.3980670512643759,1.4222747392695232,1.6025939282754789,1.4766080314620058,2.074376407555373,-0.40482535876600245,0.11279887083674606,-0.06618687524847543,0.08785963967438688,0.6355100876397324,0.3941020204130426,1.4104946734254245,1.5673486635292266,1.4644191541332996,2.049274033408439,-0.3993766932263867,0.1083201472428213,-0.060559792677876055,0.08323549483752081,0.6435992807456805,0.05533640450284915,0.18009840372845062,0.3323142397262854,0.18661205103191086,0.318849192189543,-0.7086205870756945,0.2714233956364115,-0.28078501977142906,0.2912883894540086,0.2625666224546588
352,rounds_301_500,53,25,45253933,434,675,5,7,0.1997462766982459,0.0096827300029367,0.0034577665310020424,0.008665358903009393,0.6466753460633287,0.542628355937817,0.6102396508900985,0.8320326625744143,0.8696172304114617,-0.04517198606212869,0.3493862105828858,-0.049349055681141556,0.2875012261967991,0.6435872601919352,0.6407769125218619,0.5385107624649648,0.6017036909815725,0.825195246761418,0.8653240574244608,-0.04862947383729299,0.3432128243840441,-0.045601598366538154,0.2811718229711919,0.6477632246090446,0.08605956447163744,0.06562467495625225,0.10073315863179483,0.10486312423079654,0.08431547184447896,0.1959473603045967,0.6311129623052388,-0.2338707821026303,0.635485056162965,0.39464851261251194
352,rounds_301_500,72,10,45272876,399,512,7,3,0.0772807025676586,0.0080867872969975,0.007192453850505196,0.10797799644205952,0.5738400491558379,0.5807621018225578,1.7436252690741918,0.8211171915620235,1.7523119264935856,-1.1340582617203965,0.24219232574293215,-0.07861129956238387,0.23167775528676027,0.2473257934856749,0.5680093670591846,0.5738169916480338,1.7234516214919948,0.8107751055554894,1.7392871801745264,-1.1452153232836153,0.2375823139687688,-0.06945061523912843,0.22755987852952203,0.25537540449758694,0.08062494041582705,0.08862880883862295,0.26173203676289325,0.12868207961450953,0.21019997852978264,-0.6334829150995596,0.45522783952295753,-0.4670033405970122,0.4510381097159931,-0.1436769422560063
353,rounds_301_500,19,60,45320038,549,576,8,8,0.807665991623167,0.002009203592950309,0.00536905320865723,0.04641394994369793,0.2536695046459069,0.4724163516090303,1.5609778060617414,0.5250734184052539,1.6097852670131956,-2.0658289118927677,0.07313456893082648,-0.042733903722319735,0.08530529206057626,0.25176533020333924,0.251476480569002,0.4647635355621933,1.5531407025473494,0.5196252805519099,1.6021217769714382,-2.083225233517845,0.07429033513555044,-0.039780034182198665,0.0834146137686104,0.2513315780777656,0.03280424253101755,0.08402515618831277,0.15289049312289088,0.07454436243095607,0.15341082720006738,-1.0579802710387178,-0.012514025775285272,-0.214959196392528,0.2369715516880576,0.324130160731029
353,rounds_301_500,65,60,45365900,1447,576,8,8,0.945726525104932,0.00279667136780737,0.00536905320865723,0.007192885885988603,0.7091863287548023,0.4724163516090303,1.2138404861561616,0.8242850001387244,1.3651848030368738,-0.6562048354720973,0.15861121632795477,-0.013992333640660177,0.17390081962263582,0.3513170356491777,0.7027689223031625,0.4647635355621933,1.2086280803633809,0.8201196685943766,1.359470895095602,-0.6576494225844296,0.15669510132218675,-0.016936775065464184,0.16769888388128737,0.34507142661275697,0.093924603224218,0.08402515618831277,0.10961091202575755,0.08098851923564823,0.1216345607157965,-0.5018741157852573,0.3283428271701754,0.16188571795355658,0.5765053300810453,0.6852474312416381
354,rounds_301_500,67,54,45467897,311,435,0,5,0.10408683016814356,0.01272343907289074,0.0025761071728387227,0.03135062232447256,0.7463001208617814,0.2839992780721666,1.0292606362168728,0.8018159106235704,0.9277066257321653,-0.15700700552411084,0.527472113237374,-0.053547015950161515,0.5122338014757339,0.21737298634189692,0.7387584579038654,0.28008604576361745,1.0183466351465706,0.7931981581196013,0.9226338372165197,-0.16318202175830265,0.523023962904477,-0.04905848895469777,0.5075315985805361,0.22067612325071065,0.10464716826823502,0.04657737081997268,0.14788988760388203,0.11600648489744399,0.09490656196871494,0.18188571912494822,0.7437384997038764,-0.23961496593134649,0.7525780686321513,0.07735920223207743
354,rounds_301_500,35,67,45435993,307,311,2,0,0.10255848337475718,0.009111089996960281,0.01272343907289074,0.21355833195682083,0.605493938441549,0.7463001208617814,2.407831966740113,0.9545684975586401,2.4573053095395214,-1.5742577047369686,0.16095478478292796,-0.05597925227240872,0.16035558318046433,0.24651643477747853,0.6001360933621241,0.7387584579038654,2.3827561152737804,0.945695737764199,2.435834951691679,-1.5757068097297835,0.15836595032396292,-0.052734638305009914,0.1574993288067897,0.24951760587456906,0.07937730725336072,0.10464716826823502,0.34274752847795376,0.12822218606662952,0.3201274148451693,-1.496661651664697,0.29597792698999836,-0.21370651908558094,0.31684155895779786,0.0933688174258919
355,rounds_301_500,48,6,45548957,527,753,3,3,0.6254956570420802,0.004683643168060702,0.011294999034862484,0.06470943157963285,0.5947252013412117,0.9655774121026198,1.3316011380568966,1.1232246158114043,1.6349218109656294,-0.4555608806566094,0.07773316959662233,-0.09282663677181538,0.0789676374137931,0.5360801824655939,0.5885479009487491,0.9514421825696369,1.3020908885373739,1.1112712355821606,1.6187185959420944,-0.4566368174679676,0.0711431115053734,-0.08115276778899362,0.06896299056886575,0.5459892531699981,0.08452868075877724,0.16323657420992455,0.277114544322977,0.16166038964332077,0.22709799941821476,-0.4047844368015703,0.298427538430627,-0.4130877943857272,0.4979580673217274,0.18971795077598727
355,rounds_301_500,22,58,45523035,516,949,6,7,0.04312492541380459,0.009311299460585525,0.005099105054825103,0.10380925461755727,0.7598616263260521,0.7364572055693068,2.0886756878230908,1.052934470000411,2.176654752342353,-1.0672271773394435,0.18119864016081405,-0.051438946659557415,0.17706114548878243,0.28871393760771935,0.7517778005350866,0.7307968782596853,2.065462315858467,1.0435746606376315,2.1596771235738577,-1.0694993899662912,0.17651587555890175,-0.047302753480555425,0.17207789969188456,0.2933574277468022,0.10934982660443739,0.08976336626901858,0.30700182233029016,0.1383046804581606,0.2673565389683886,-0.933098273194509,0.39643171091951346,-0.2772725664017463,0.426301698010622,0.015729371675338576
356,rounds_301_500,80,39,45680864,812,332,7,9,0.3216798441853311,0.0014563503880601594,0.00508488435880281,0.0023150768120745744,0.31855521123079544,0.395614695883433,0.41150781552880256,0.5060431220327095,0.5315572387777379,-0.05041885885641806,0.4544870639161652,-0.07281902617790245,0.3456984106001799,0.6652124790566354,0.31586681995467114,0.3925005586142478,0.40628534629164476,0.5019310098757095,0.5283690298863669,-0.052672617332816474,0.4523902482881134,-0.06809030569687773,0.3425265153437074,0.6689933847286144,0.040750037589951466,0.048764198939832464,0.06478601051242171,0.06343433558029006,0.05704270293095336,0.10075982653348192,0.5658554619758157,-0.31329053535622203,0.5434126520444706,0.41992659566605856
356,rounds_301_500,19,95,45620047,549,502,8,2,0.33432527461871536,0.004646012617211619,0.34670088972356594,0.29975681858856906,0.5279182921184966,4.147155002583759,1.2336649735235041,4.183913413491906,4.273032942519256,-0.02130051944668976,0.05629272880290698,-0.06791429087275162,0.010213560188286832,0.9570576108115416,0.5245604639238491,4.064935993348675,1.1552237159638046,4.101008129648262,4.17686622359783,-0.018497425889295815,0.04506157033322725,-0.06942049072137407,0.008091797578082921,0.9606312398316441,0.05826039152091173,0.8169398992100659,0.4318632630698365,0.8239146911730957,0.8969506104901589,-0.08864500184245316,0.3697843309808441,-0.059824555899089055,0.10056987569103458,0.8780921485795419
357,rounds_301_500,59,51,45759930,272,260,3,5,0.21591914977387547,0.04038063930735613,0.09461510420320944,0.2615818995051086,0.9111354943784978,1.4969366468840897,1.2806422442310195,1.7405310684026611,2.002284438177924,-0.15038707123767803,0.1538178541455259,-0.07860783221163384,0.1161662373116181,0.7380047436928959,0.9055782006523372,1.477829345156486,1.2280515033747608,1.7204059294026879,1.970342627767011,-0.1452777475901279,0.15576307056600938,-0.06590344353931005,0.11609112001768053,0.7517500690247342,0.09863854622866414,0.23631218551702732,0.3620514402628204,0.26135886807881076,0.35376584692510343,-0.35356358682433564,0.17316719847601217,-0.3615772824755967,0.1380808442767877,0.2980596570244081
357,rounds_301_500,72,34,45772891,399,515,7,2,0.09455637328120577,0.07368099883024115,0.046335471324114634,0.22468464956618844,1.43579871432026,1.4378999738526534,1.7150555134145218,2.019395875932277,2.367891847938355,-0.17257437046373614,0.21424239852767835,-0.0724491251542366,0.1786181648550659,0.609081122449519,1.4211245333412752,1.428673846218243,1.6670185807155473,2.000520261905708,2.3429940376718306,-0.1711923554525161,0.20437604785422056,-0.0678235693572959,0.1703866295340992,0.6203917181531483,0.20241939250711097,0.15949959478395967,0.40107177332423793,0.27197473717635395,0.33899784005302025,-0.24643135451660414,0.5295883693002604,-0.2651236697806642,0.4963087061990727,0.13619844370397288
358,rounds_301_500,56,72,45856942,284,399,3,7,0.07376835977184447,0.019910845337047553,0.004857927114062477,0.07932340386517657,0.6718589777055565,0.36203625775328363,1.1840001464001384,0.76333882488221,1.1755136690279082,-0.5399631601462174,0.3254614580203641,-0.09904704550050988,0.3200952871253021,0.20340527718570517,0.6623965942133111,0.3565570934993063,1.169685558244409,0.7517093711114287,1.168278085037607,-0.5541619273819443,0.31774129718889155,-0.09110014970687233,0.31249309483880455,0.2098452079039181,0.11124540550016954,0.062240908315851204,0.18176445115828155,0.13155516991746113,0.12789564679175686,0.027817402599991325,0.6210757530632625,-0.39206056419928387,0.6457681813973838,-0.053875601034786565
358,rounds_301_500,46,56,45846972,538,284,0,3,0.3378180936639881,0.012681890454868236,0.019910845337047553,0.045521745686181184,0.6930048203156546,0.6718589777055565,0.9304886460920454,0.9590284022845267,1.1474744344338215,-0.19649682084533948,0.2746147332334424,-0.091725472754509,0.24085699931587015,0.5348466068119027,0.6823750206360981,0.6623965942133111,0.8965623115105013,0.9453615098393486,1.133634430436545,-0.1991544172654025,0.26189316305799726,-0.07742071459654301,0.22620160025654606,0.5528076752740676,0.11988083062579255,0.11124540550016954,0.24791607551167463,0.15971359982680935,0.17597592206737603,-0.10182177509117096,0.5625351919338969,-0.40910358021378956,0.6387178087265972,0.04337718950854188
359,rounds_301_500,19,6,45920056,549,753,8,3,0.398573461543479,0.0077196693804580715,0.03600396571209785,0.18219354011711072,0.583074023987767,1.531153931864012,1.492897960628291,1.616825212763603,2.025332211204013,-0.25265996300376736,0.10727835933091934,-0.12120890196440762,0.10995146091086352,0.6734993137815893,0.5771981307444661,1.489138777539701,1.438457392831893,1.5815376651609603,1.9857566907987874,-0.2555860884898291,0.11868771663210298,-0.10039495048992579,0.10874043737096963,0.6847495416933287,0.08168814408209304,0.3544501550303266,0.3978534081406151,0.3340169452168307,0.39616972838584813,-0.18607673670169733,-0.15938272124055722,-0.43704703234230163,0.15852074513886388,0.45049809322093926
359,rounds_301_500,73,28,45973894,564,556,7,1,0.10787611829511605,0.005821013593958924,0.0344486426788535,0.1859578829704939,0.4307726995829276,0.8611237709186269,2.20262612469085,0.9474606365829875,2.248562377238748,-1.3732515002925907,0.1285626963521783,-0.11842520106451818,0.13991172733735247,0.2646717756913115,0.4258754465251135,0.789510720821498,2.1305952626869917,0.8840053532684251,2.189898341497616,-1.4772455657660037,0.12478624404054253,-0.08881392654816324,0.1329185793140496,0.2721832742962333,0.06406953472768726,0.34300411148430104,0.5559434606252107,0.33998866726421645,0.5076807663335126,-0.4932284961691886,0.2431968592774929,-0.3922599184117815,0.34821820295741424,0.23731695074993756
360,rounds_301_500,26,54,46027038,500,435,6,5,0.29342077518530457,0.03398970623849891,0.013084644599196811,0.027390185224940067,0.6846733952575952,0.7067419923041912,1.1859300988089845,0.9593096108570965,1.4128748943303953,-0.4728038563775674,0.16782613925786372,-0.03456941430305058,0.17218914015358824,0.4897348197245951,0.6720368945605338,0.6992089722720121,1.1784265782540913,0.9468525791205967,1.4029828091846173,-0.4817331019868565,0.16574611718031088,-0.03297115435563011,0.16889398373808617,0.4890514007487407,0.13012211186715955,0.1018318132993163,0.13070022115188806,0.15278593009044883,0.1643558014661642,-0.07572602640089987,0.2898530145772916,-0.13352194755238467,0.3434402482334279,0.5458339963903245
360,rounds_301_500,43,25,46043987,30,675,9,7,0.11897129404784794,0.12839652409311383,0.03248443432426679,0.8649396365974098,0.6697049990449442,1.4857955954551358,1.6626722232521682,1.6263625249316547,2.2015625074361735,-0.3536726736424838,0.1600401368427457,-0.04174382760413759,0.12566463634832073,0.6488044245156344,0.6592477622141177,1.4775167891433512,1.622981048375417,1.6149445501267707,2.176986718943667,-0.3480256760349927,0.14856004443302684,-0.038561505507930006,0.11541614215218463,0.6574197373456543,0.11699284869218138,0.1534386033761456,0.35898715985479057,0.18919330515089253,0.3244442117713293,-0.7148820964492715,0.4556738874950955,-0.1917688345356556,0.46840457127482904,0.23347262951982506
361,rounds_301_500,13,16,46114080,282,561,3,8,0.07623720882768353,0.03462848833102423,0.004587876809334072,0.13391742318441782,0.9892501713281614,0.5615147408455873,1.5320527183488013,1.1397823400577292,1.6212297469890247,-0.42240293607892765,0.30218799605587204,-0.05923789649553921,0.28768411490183526,0.2941921191224474,0.9796674212462682,0.5570080062595131,1.5128675959672622,1.1289205923816805,1.609566863789072,-0.4257573780219328,0.29667970587405357,-0.055241879000224946,0.2820972856935736,0.2990720535503571,0.13568444420629966,0.06992302165433004,0.2394731004373092,0.15508698596583081,0.19125578650895536,-0.2332162193873144,0.5551903311353121,-0.26101463893504,0.5628426486753539,0.032068031374187796
361,rounds_301_500,16,81,46117071,561,689,8,6,0.1755889486637669,0.004587876809334072,0.006791478442236049,0.09950916549617735,0.5615147408455873,0.7359318884834358,1.8899190080276218,0.9233605384459327,2.001867539736921,-1.1680237094669175,0.13839163524213258,-0.04428498005682274,0.1328517062980147,0.32651858324208527,0.5570080062595131,0.7308035071104237,1.8692017420160183,0.9157782480066554,1.9840938161303137,-1.166565782108306,0.13586071222197738,-0.04137244633160864,0.13092496661734349,0.3302646947488244,0.06992302165433004,0.08518600089678184,0.27609598490659015,0.11636021578654904,0.2628210514015514,-1.2586848058417992,0.2760510408454834,-0.21333775093702692,0.24444846272099577,0.09698381534701957
362,rounds_301_500,43,23,46243993,30,1077,9,9,0.7416777960741514,0.1822513214778155,0.011817875774365596,0.4702045667916536,1.366371113239082,0.766214755817441,0.9960317255974257,1.513070723957284,1.6102695265519396,-0.06423943114862585,0.1994581941222711,-0.09538412988250068,0.21625432300158096,0.560593005626125,1.3555322512080963,0.7285957381112709,0.9630555210687219,1.496448851881058,1.587542921334157,-0.06087349349668214,0.20993543127516145,-0.07013256369296858,0.21416415039176648,0.5668687298333553,0.1690175969484517,0.2364149177495241,0.2531253649636069,0.22109069228090492,0.26719607440021415,-0.20853606112341638,-0.0633665430163319,-0.39254451552081654,0.3302176858368133,0.5073121704279915
362,rounds_301_500,23,43,46224053,1077,30,9,9,0.7416777960741514,0.011817875774365596,0.1822513214778155,0.04091018720778679,0.766214755817441,1.366371113239082,1.0271266961359402,1.513070723957284,1.7153667059709792,-0.13369895987717628,0.1129854524920118,-0.07982204795319338,0.1360756650395136,0.781953916929956,0.7285957381112709,1.3555322512080963,0.9990395215804804,1.496448851881058,1.6985225740648053,-0.1350355021688432,0.09022863407249518,-0.08163533421910465,0.11048213727455461,0.7879008101641216,0.2364149177495241,0.1690175969484517,0.2373853363078367,0.22109069228090492,0.2370079462013599,-0.07199422895755125,0.41250776395610134,-0.034383253947698936,0.6041404121106955,0.5611857077489653
363,rounds_301_500,96,81,46396837,181,689,9,6,0.10983411466409415,0.012363528451533056,0.012733343672672552,0.16635336774925236,0.5629530013597377,0.9289466601488378,1.2492728956003278,1.0817792053588549,1.5464851834852933,-0.4295756248820508,0.09791920776306587,-0.08685118758809952,0.08779027369401585,0.5503941486808402,0.558983290671054,0.9215807573861343,1.223531778881927,1.0730951032324627,1.531091541587964,-0.4267994858758444,0.09420116454340058,-0.07780670139861608,0.08444335840041098,0.5608715679826547,0.06558854725840653,0.11497769602392045,0.25077103103668674,0.13472808217775772,0.21521278551254874,-0.5973862466816755,0.26713823911588064,-0.44971962643824576,0.27763685559300955,0.00982643302274113
363,rounds_301_500,81,26,46381882,689,500,6,6,0.6771104298913242,0.012733343672672552,0.004551466381526552,0.00476850424643739,0.9289466601488378,0.4246458751606806,0.6058349444957174,1.0005665350522772,1.0049633065081507,-0.004394281941124234,0.31168123074969334,-0.014376196670348127,0.2878317030414808,0.5660369111621747,0.9215807573861343,0.41998102929631437,0.6001219910497557,0.9941774462327809,1.0007754172869356,-0.0066366130907076215,0.3060997992305852,-0.016664258945127856,0.2806253023023182,0.564147377360171,0.11497769602392045,0.06208515928115001,0.08195673761699952,0.11087227903223373,0.08918674356046473,0.1955902382548157,0.640355646148699,0.0995520449149293,0.6808017178410954,0.6526343547750756
364,rounds_301_500,40,31,46441008,541,339,0,0,0.7674277672531473,0.005848594819491898,0.005560190016071179,0.019968500443924727,0.5262264643987206,0.43536823527641044,1.1029826021019364,0.6763212843649434,1.1380427813991245,-0.6826954994736434,0.28513045733531306,-0.04982227039963908,0.27722605165603653,0.3264113884289166,0.5200217900819551,0.431481129627567,1.0948726215702123,0.6702778199992996,1.13301412258217,-0.690364933429177,0.28080966297743054,-0.04713545446247164,0.2716430992959551,0.3281136315776907,0.07970128171421922,0.05732247994436196,0.1313655431239942,0.0890230353756456,0.1040694730628038,-0.1690173517861706,0.5278395069022184,-0.21902409864076128,0.6098723883648501,0.21741463021190402
364,rounds_301_500,33,31,46434029,964,339,5,0,0.5441991349894658,0.008039213515585288,0.005560190016071179,0.005283780045137973,0.8640203129680705,0.43536823527641044,0.7905275253346615,0.9488022684882961,0.9067572805330916,0.04431375150714356,0.5083258473253639,-0.012414294376987678,0.4707297491687382,0.4740294678673804,0.854328091996826,0.431481129627567,0.7836082785192958,0.9413291524753786,0.9033195375379713,0.04037866546197444,0.5028480244007366,-0.01609596878449535,0.46324269733117523,0.4714624859332405,0.12768360973936474,0.05732247994436196,0.10295691269671393,0.1171620124529504,0.07665432157297564,0.34574082530582795,0.7905306329127988,0.19767977707161874,0.8193308279435519,0.6099089967174892
365,rounds_301_500,76,28,46576903,421,556,2,1,0.00010634326961085459,0.012638448976213112,0.025898422123282215,0.2643767099749918,0.6985027491377247,0.8620920444251734,2.0760250733379975,1.0827027995754883,2.1363026948302553,-0.973120135708403,0.13111948677114899,-0.1503195155501488,0.14793589442155647,0.25885256811496093,0.6908330120200822,0.8294798695671138,1.9768885698905643,1.0516726551001756,2.072859946522936,-0.9710124975394443,0.12728950608932704,-0.11272085737912123,0.14326841848589153,0.29508397016348636,0.10205377768450907,0.2338998127275938,0.6316427470979094,0.25611498272086247,0.5145155706014234,-1.0089241368678126,0.25096239183142227,-0.5668236876368441,0.2920001797480396,-0.23203119312060352
365,rounds_301_500,94,36,46594849,500,884,9,9,0.9322307635451819,0.02973757212748751,0.0063264133880794465,0.003457665552268736,0.8720998191155651,0.6857508981349095,0.3953847635822475,1.0271952663822168,1.0713671070453419,-0.043002379497618204,0.08645823872862367,-0.0073903218959153446,0.1709785120470606,0.8653977162093309,0.8529911866084228,0.674946410498797,0.3901197370307466,1.017051351147347,1.0626527925297389,-0.04483691146071278,0.07226327336810062,-0.01758762455498799,0.14915167705411062,0.8635858285148603,0.1804720473662943,0.12023880508302938,0.06373959825521644,0.14232363983516919,0.134504596354739,0.05493847325353507,0.4986613394583568,0.34219519745786536,0.6873078741323081,0.9214474384262887
366,rounds_301_500,26,94,46627056,500,500,6,9,0.5622404915255812,0.020955326600815168,0.00421565534605179,0.06752683459490072,0.6016251997951355,0.371837970132551,1.3000776404570225,0.7056419216723718,1.2708188750449914,-0.8009401596111945,0.3279599390527493,-0.062179942110408774,0.32206014941960975,0.2188305810157479,0.5912334044332315,0.36258981267800755,1.2830380997140458,0.6911497942641552,1.261676300149378,-0.8254744638861449,0.31963221375726963,-0.05064062623525996,0.31389214872395627,0.22623789038690997,0.11062895845279204,0.08195836871223583,0.2079824520383213,0.14145540339348756,0.14996744029753203,-0.06017470312085904,0.6050765231524625,-0.37932370168896146,0.6291233300234949,0.015928742372828635
366,rounds_301_500,21,94,46622071,526,500,5,9,0.009227109487378857,0.05914937775497409,0.00421565534605179,0.13544365615710954,1.6833147519785803,0.371837970132551,2.2340303570985416,1.7251510197685738,2.5931484258678608,-0.5031428530910456,0.15039391696830556,-0.06710225863826687,0.1494173383451135,0.09907495525003225,1.6732626839375662,0.36258981267800755,2.2012072330144195,1.7120235418756489,2.57120492569803,-0.5018513839366274,0.14702886199650436,-0.051476435304878325,0.1463209244484119,0.11267494245091951,0.18020348798406186,0.08195836871223583,0.3784079090979054,0.2092147256950974,0.3322225292246424,-0.5879500265617656,0.34772278307206056,-0.4702569209470781,0.34210023014254215,-0.27624940081766963
367,rounds_301_500,34,67,46735035,515,311,2,0,0.025927434291633317,0.01125851473136043,0.004872845812600904,0.02595035618948962,0.7637611990080994,0.39068059171998715,1.0742475019022484,0.8574312882828009,0.9952996509498674,-0.1607923160154079,0.5103671716624166,-0.0727854123967209,0.4917095560815487,0.2799999209531986,0.752521125611893,0.3866308749312497,1.0564086893788347,0.8450983595372065,0.9885662736546249,-0.16976475282236314,0.502799583033599,-0.06550071766329416,0.4834342443456907,0.28834218569704045,0.12947680925528524,0.05546747619085496,0.19357692846807042,0.14371986512326373,0.1137690970829974,0.20839685602667768,0.7508907392101972,-0.3512911998856036,0.7827807990781734,-0.06899446974715141
367,rounds_301_500,11,93,46712104,564,668,7,8,0.4880022300914687,0.006005166676429022,0.005318607643753889,0.01041462468371416,0.5161334264247026,0.5023857321902042,0.7429208457514372,0.6992879335196514,0.9243607190854771,-0.32185995893421326,0.19213550659888481,-0.05244041161143054,0.19616252499705383,0.5297851972371084,0.5111971114632582,0.49536407583372666,0.7380563724850927,0.693250473445631,0.9197395650248217,-0.3267060034643503,0.18895045378165845,-0.05035940524952166,0.19010452278789486,0.527922760580147,0.07032732203828079,0.08288807448551339,0.0833363592486011,0.09036268835682003,0.09013160748867254,0.002557259775572529,0.40084684692411526,-0.16562018142461077,0.5528969838025197,0.6434656984122702
368,rounds_301_500,96,10,46896852,181,512,9,3,0.16040267880547524,0.029654577406472527,0.009647941977230155,0.2709400924970396,0.6406763946084066,0.7969297684667693,1.5659353251956778,1.0248325028841845,1.6900033305418267,-0.6490532119011185,0.22538835411357738,-0.07775955674298658,0.20533514766418404,0.39693713272145476,0.6289873542839024,0.7907780969015529,1.5402135778582915,1.0125583682272306,1.6737179497896004,-0.6529594760249886,0.21867765814153217,-0.07081541588016241,0.1983441593204312,0.4055851563454401,0.12093650924318794,0.09739216277418565,0.280443377232753,0.15655345546378022,0.2311986026983422,-0.476802936181959,0.41714555679049337,-0.39191963587480105,0.44651454907263227,-0.04846517880303972
368,rounds_301_500,70,50,46870930,605,359,7,5,0.22100970148189988,0.00958833197039964,0.0025668029018561358,0.0734578051416275,0.9180727338342412,0.203532420158134,2.3902025676284366,0.9387695215377245,2.0798820023261695,-1.2155406141853415,0.5151537454845182,-0.007771517357044188,0.5143140823602769,0.0771529509259731,0.9109932689319925,0.20179858706996304,2.371960142946316,0.9313609343755532,2.0648698102806153,-1.21704575967108,0.5146487199441558,-0.006052314381766471,0.5137963456979852,0.07878024038205383,0.11207887605149618,0.02613849913460841,0.2904839709072846,0.11601225312665295,0.24561396886072365,-1.1171381663674946,0.5489110052631786,-0.11666548599622244,0.5491786680033178,-0.026856671339474492
369,rounds_301_500,96,95,46996855,181,502,9,2,0.12061071164731618,0.00828532451268984,0.3814234139376574,0.5590731726028025,0.2939697554676285,3.8500172548754796,1.0070149783971534,3.861730946774469,3.927136331101018,-0.016936805082492734,0.07375909952603946,-0.059449604318328526,0.01724424307202176,0.9665815472574693,0.28624943272137365,3.7335429012700874,0.8696313332919426,3.7449107307644502,3.8013633394483466,-0.015074487148688975,0.06194685942049725,-0.04610850828664086,0.012782472324188925,0.9734371180906376,0.06656351894140693,0.9360618214524299,0.506759311926639,0.9388780985863202,0.981963212487273,-0.045889997823813866,0.18900225755950253,-0.17001356556910605,0.09068784233295198,0.8621836427896556
369,rounds_301_500,22,5,46923077,516,407,6,9,0.4463213846499215,0.07515131563202224,0.0077603473748442614,0.08954362971496514,1.7176079258744004,0.5298087111535148,1.9778037596863012,1.7917559621181243,2.3338236658416895,-0.30253433792555096,0.2376435109298705,-0.028997629101514846,0.23416586601281464,0.23243495451329027,1.704142497237356,0.5230688064136586,1.961692036605098,1.777963103907079,2.3210064935801276,-0.30543006684430596,0.23405474415102567,-0.02798264931716731,0.2301539013552843,0.23222547608929836,0.21164062314890164,0.08346421692508926,0.24851777261914698,0.2186526223460646,0.2397193442108926,-0.09634790398939463,0.46390039292310287,-0.07968375073565519,0.4872106934475948,0.24889443309130987
370,rounds_301_500,45,81,47046011,288,689,1,6,0.3602205977791168,0.009159132793623332,0.0023145733303473596,0.017300000885734336,0.3530672798457618,0.26856813918873107,0.5966417638679673,0.43439298734217413,0.5657585373018732,-0.30241176489394284,0.4994759147096797,-0.04419042643433419,0.4809884399258711,0.37644821828248426,0.34308894461199346,0.2643428659911908,0.5895200971797925,0.4259208785480918,0.56237082384075,-0.3203645375587083,0.4938025654070747,-0.0414884066074124,0.47188156718082847,0.3771843580611641,0.08292735272544889,0.04704754623204458,0.09093220111622347,0.08479040238339512,0.06066783406306629,0.2844964482094834,0.7001770502453306,-0.14232221578493234,0.7805629799104045,0.35434049912175625
370,rounds_301_500,50,91,47050996,359,378,5,0,0.20611992935227771,0.003180171728308778,0.027781727147521453,0.10963841879856773,0.3535065303001506,1.03214522382325,1.7798268905524397,1.090474124158264,2.0047474489304222,-0.8384181747346686,0.08016270614943216,-0.06451455948652995,0.07219138938501472,0.45888538258307443,0.3511968008495628,1.024050660429817,1.7621220324169558,1.0816504080635683,1.9896633260218828,-0.8394698612316807,0.07874895666901921,-0.06062992571647279,0.07142614059873696,0.46238239895416966,0.039533527615201285,0.12695579264710843,0.24752176032259526,0.13632070954749942,0.24184317567356006,-0.7740750945056702,0.17273626699963357,-0.2861103363075678,0.12858438227950297,0.23032785702410283
371,rounds_301_500,5,59,47106134,407,272,9,3,0.32645637787900167,0.013788564314341379,0.02016849403347199,0.032654019328442196,0.7741567859360861,0.7837548889148118,1.0529072131367028,1.098798153324312,1.2799725446650714,-0.16488414254486417,0.3787531794074712,-0.036466751079362134,0.3123932853664702,0.5780408736025239,0.7663766052227854,0.7797694498142197,1.0359457283500177,1.0909170694031232,1.2717351635367218,-0.1657487073994819,0.3721921636237358,-0.03403586932063544,0.30504967788638043,0.5838198711541837,0.10813839040437076,0.07712789262821922,0.18672944418213033,0.1291961492365066,0.1423347622594458,-0.10169508224960833,0.6473625001857796,-0.1790180690292788,0.6634155346048818,0.23141386674078504
371,rounds_301_500,72,59,47172933,399,272,7,3,0.1030360760173038,0.009361764325149124,0.02016849403347199,0.03614481981276185,0.697148427826294,0.7837548889148118,1.0129853011361873,1.0491956808881335,1.3367561565673691,-0.2740770677170712,0.18341770409239577,-0.050995667079640476,0.14848456503899984,0.5862525734458005,0.6907056503087257,0.7797694498142197,1.000536826130861,1.0419505471996047,1.3294367889543512,-0.27591159919000785,0.17725973383714577,-0.047637653538189405,0.14284021089831472,0.5909500793065159,0.09333517223406337,0.07712789262821922,0.15669984823838043,0.12104584216278425,0.13678525183933235,-0.13002850321270443,0.47517663485184003,-0.2729305889319592,0.4818583872197975,0.22222513721499101
372,rounds_301_500,90,21,47290882,323,526,1,5,0.20827832936495028,0.010085251449241436,0.004770880965092643,0.02604047216175656,0.4795770658386887,0.5114051703293772,0.9845889006660342,0.6887364323720816,1.052449232219044,-0.5280870631371957,0.32039849993769615,-0.03331347020843863,0.30464786047864956,0.43737834405714254,0.46929036264192453,0.507139561532334,0.97647780644568,0.6800073540808085,1.048079847188522,-0.541277224281274,0.31090438311134583,-0.03281701750320173,0.2944293771189339,0.437694472650425,0.09821440498525606,0.06490848634791936,0.12435268199349044,0.10820531365059127,0.09313588836948562,0.13926696178495213,0.7157128078897741,-0.06289769488910534,0.73166554812675,0.41789362838352817
372,rounds_301_500,47,19,47248011,572,549,3,8,0.5381995352284822,0.0025562724860113423,0.0025192485815337434,0.0020485910116500843,0.27711602070664143,0.2802990696905519,0.20873299613095372,0.38327448652758944,0.36440052780397514,0.04924397367174005,0.44943388616930724,-0.04860569327602956,0.31964777008567935,0.7916657633421658,0.273767406633822,0.2767679137408012,0.2052237504453969,0.3796912560002736,0.36233914849913124,0.04570057178543463,0.4418841667504032,-0.04700155577801552,0.309371111767312,0.7933146677271354,0.04251659150090023,0.04389875002515774,0.0378347713354505,0.05163530824840174,0.037960337896590826,0.26483758528224133,0.7190475871820727,-0.10336566618007947,0.7242882084817719,0.7282326748750244
373,rounds_301_500,81,1,47381912,689,189,6,6,0.7481274283100702,0.005955082780357251,0.017024318981566467,0.007826283703616354,0.6302703327569398,0.5696798346185556,0.6718302850538977,0.8330801075267383,0.8967897840658818,-0.07647485033376422,0.34945603445584145,-0.059053480139608976,0.30041092239043,0.6200328169450566,0.6238303061063747,0.5651760620798801,0.6639443654552039,0.8270942270198758,0.8919093163074986,-0.07836481886853419,0.3454420594284618,-0.0576268324266832,0.29405569104693974,0.6222741024172131,0.08872533328325763,0.07041655362502873,0.1016186010683822,0.0980109527341868,0.09154237840724519,0.06599848431720556,0.5343746821753158,-0.13391420526386338,0.6268191336156005,0.4913302490603442
373,rounds_301_500,18,1,47319101,569,189,9,6,0.5070825186079115,0.014006285122013651,0.017024318981566467,0.009246858463059955,0.8526265268293608,0.5696798346185556,0.8817041301751007,0.9943031180658296,1.0958037207689497,-0.10208215267449261,0.3640450041815398,-0.01782138326771371,0.3436975633177904,0.5320618287670669,0.8378580405644507,0.5651760620798801,0.8755999221316718,0.9833296493642018,1.0890435128543923,-0.10750602664990594,0.3599442809146786,-0.019667796681700662,0.33665112410801906,0.5305633948804942,0.15687309543166786,0.07041655362502873,0.10190671841542452,0.14574968330841595,0.119327839383215,0.18128234192653836,0.5926964252824599,0.10879264285879726,0.6686191128744713,0.6268582674910539
374,rounds_301_500,31,60,47432065,339,576,0,8,0.1846828537626359,0.035052140198448406,0.06841879611165495,0.2884416954259255,1.2239934540459336,1.4544400466427192,1.7091219175480148,1.8755594367108817,2.386350307539138,-0.2723405405504058,0.09742415433950781,-0.06769196090736614,0.09486309253036301,0.6175206019391832,1.218271615235079,1.4350965621911227,1.6785159460385497,1.858992444295939,2.3566190346238773,-0.26768618229452024,0.09790868110907339,-0.06625424966923403,0.09386474636358193,0.6201218038738638,0.11530626857186922,0.23437361697763218,0.3198010347119157,0.24545443914726794,0.3721580063765953,-0.5161999419098209,0.09546051191132027,-0.11326293618364713,0.17391689869508414,0.5291586403885886
374,rounds_301_500,4,31,47405146,287,339,0,0,0.7152965872479697,0.05181459154506835,0.035052140198448406,0.08262949949906519,1.306428328044772,1.2239934540459336,1.3114374058195695,1.7537666964105174,1.9559090664234873,-0.11526183638148679,0.24872412848217665,-0.0366647468176642,0.21333847870958614,0.6678374712838276,1.2871774641212095,1.218271615235079,1.2958872891290487,1.7387760163382746,1.9425789783479526,-0.1172105895725839,0.24384039251577425,-0.03660611124338835,0.20717812263201046,0.6706457463568015,0.22137501862577888,0.11530626857186922,0.19941705960778386,0.22556563900408783,0.22414364620983,0.006304119725576096,0.4347664890061204,-0.04393058605277506,0.4979469638468263,0.4715964859684235
375,rounds_301_500,73,44,47573942,564,631,7,2,0.23623877477494878,0.03821732088108547,0.027338618211125813,0.14398737361091965,1.0439144457192298,1.2779516921039145,2.1260418134413537,1.6395341942710568,2.507679151888927,-0.5295070762484773,0.15030793856938843,-0.04646389478462446,0.1384236824318451,0.4854254898765749,1.0268107387475827,1.2689138139235876,2.0992619292611465,1.6223871498758105,2.4892194005157875,-0.5342943271624969,0.14086970752871486,-0.04420886281562464,0.1295380295289889,0.48913216867456083,0.186771847233886,0.14921767845654388,0.33312534170840474,0.23394212504048265,0.29922844980318186,-0.2790704100486465,0.47752820158608444,-0.16839911887895212,0.4850550483143171,0.2728251767091096
375,rounds_301_500,92,88,47592885,201,338,0,0,0.8066498324524943,0.7072725591855124,0.0177465238741466,1.2385562508553267,4.977191516551474,0.7154745965355963,7.400634307488507,5.00766361079299,8.977793927089236,-0.7928109044184688,-0.01260351595615046,-0.016410346179814045,-0.009754828259306429,0.08002049950194949,4.781344898056727,0.709954075820329,7.267323986391478,4.814462600809196,8.869077261105353,-0.8421738824214096,-0.040870555724378164,-0.016748108961434714,-0.038071412075048695,0.08069053474204305,1.3794574694892172,0.08728473646775833,1.3889956819565934,1.3745475772000206,1.3810383391197707,-0.00472210786109839,0.49857634745762447,-0.0033747331604252165,0.503206944332397,0.05936092101730406
376,rounds_301_500,26,51,47627086,500,260,6,5,0.048690200561570335,0.01752103361184709,0.03316563829236353,0.07333175287232735,0.8401792805758758,0.883918674862757,1.0554656095983848,1.2050013992702548,1.4118906246977132,-0.17169210388697453,0.20967276972860968,-0.10758048233935856,0.18608722518760584,0.5917907472518094,0.83221268182249,0.8726216533026557,1.0130939009506923,1.1919269133053048,1.3919443826983413,-0.16781017960100653,0.2094748767582177,-0.08841112457686165,0.18183494000115885,0.6130507407040255,0.1139284226964589,0.1395390523394284,0.29486689587960846,0.17510778380370418,0.23452213937037306,-0.339301624839661,0.2733078785818727,-0.5376746939769612,0.3546797920634637,-0.07621397155988191
376,rounds_301_500,97,59,47697873,481,272,8,3,0.3494542504659218,0.007192113904166035,0.018964233994483947,0.05215890541439876,0.5033769996533974,0.6492836907048475,1.4110884821791354,0.8124903762980844,1.532616731003952,-0.88631985770336,0.1392968814760541,-0.05703440918543109,0.13906394058236096,0.37438837747822323,0.49884466719184006,0.6431828728153671,1.3991642926115175,0.8048836167651046,1.5234139160509588,-0.8927132871379446,0.13647478744807967,-0.052337499067613764,0.13629842106492762,0.37769780226684924,0.06650343706038353,0.08765918779880025,0.1805583475102886,0.10946979666862729,0.16478725018860413,-0.5053216065379809,0.3018178210121216,-0.32164732266435997,0.3194279210677056,0.17050371918775456
377,rounds_301_500,74,57,47774945,285,783,9,4,0.0032965921690007835,0.00613902432572407,0.020030293140371212,0.3465469699236564,0.2957384892580448,0.9427650409946499,1.408198560371546,1.0008896851002242,1.5260009565167219,-0.5246445030192468,0.10721354318572515,-0.21347705719880125,0.07103271780187063,0.422959246677401,0.28689310934094153,0.9215771654427568,1.2286737762464555,0.9749478414858095,1.420550816033315,-0.45705314231827154,0.08029632354424715,-0.1702655222733174,0.04676910517626908,0.5071155990752716,0.07144137926655247,0.19744705324229747,0.6861915542543957,0.225099434685728,0.5557085003453688,-1.4687245488697909,0.33157425947354907,-0.6650385370704536,0.3160690837382984,-0.4509297210415909
377,rounds_301_500,51,57,47752014,260,783,5,4,0.03799004778588268,0.024027450365247206,0.020030293140371212,0.3120733534170237,0.7474670434168172,0.9427650409946499,1.5059018834119906,1.1994012343833855,1.7395898421412979,-0.45038190079537843,0.11708230143131931,-0.14670320228355566,0.11013222328351187,0.4360826416795234,0.7368312599402513,0.9215771654427568,1.3782096285936694,1.1750452450489381,1.671458231882062,-0.42246287019564877,0.10255076442130814,-0.10949234258473857,0.09488070765698409,0.4903056476450773,0.12453202255078978,0.19744705324229747,0.60535309001918,0.23887913713359218,0.4804776674752248,-1.0113839711607784,0.36469726853753687,-0.5759070570160424,0.4067028737301286,-0.2921568479578643
378,rounds_301_500,52,73,47853014,633,564,2,7,0.5989111790377143,0.02155579366864493,0.02112438804761041,0.026851951523880976,1.213705911719861,0.8616003761740212,1.267107062089745,1.4667703402385661,1.7953870313225708,-0.22404099815009637,0.12924568134133352,-0.0622988510372203,0.12784925532986666,0.5262501555555933,1.206685715891393,0.8501784970003237,1.2578872159594643,1.4569897659706408,1.7858816059795122,-0.2257338024538318,0.12775942433647103,-0.05978929042709503,0.12466121326741263,0.5252131700007467,0.12765985556105475,0.13859163110493442,0.15010843262242834,0.16609867144601514,0.18063399750046302,-0.08751018853978065,0.24676028701233976,-0.1931241747193067,0.3706370048953372,0.5969983343094287
378,rounds_301_500,73,40,47873951,564,541,7,0,0.10815968368565276,0.02112438804761041,0.02211429575188297,0.1265137692137311,0.8616003761740212,1.0905563409502153,2.0554382469364074,1.3646200501956547,2.2841921080496697,-0.6738667350829044,0.1343815359453968,-0.08777555641687342,0.141266976453182,0.4061895076934351,0.8501784970003237,1.0791176380735843,2.014029092535832,1.3510630917082116,2.2563356624822957,-0.6700446310242301,0.13017335647351713,-0.07933434863828454,0.13522259631883624,0.4163361349579673,0.13859163110493442,0.1557096294579897,0.4078855989434674,0.1895229318932152,0.352338395135623,-0.859080543003337,0.2643126832583772,-0.3799638751221295,0.357784849920207,0.0019290894033186148
379,rounds_301_500,83,29,47983924,292,342,2,9,0.3422087279777023,0.008732487814268098,0.011256334250460246,0.049056997904942064,0.4589140860300507,0.5244452477828279,1.015197621870194,0.6926784113906405,1.134373006110235,-0.6376618463290002,0.12151153645614438,-0.10368388008644777,0.11865457531085272,0.3834198560819038,0.4538285461795788,0.5150286865915258,1.0017858385998668,0.6832153449560131,1.1257752864554886,-0.6477605410457643,0.11883460737124939,-0.09199987200416594,0.11438252157413546,0.390289270975975,0.06733830282708524,0.09823883683475812,0.1629412931178995,0.11303087522736417,0.13729542388083635,-0.2146718638129934,0.23241762344315278,-0.4802709111612921,0.3349404371033333,0.13847249312868418
379,rounds_301_500,40,30,47941053,541,516,0,1,0.05516785172015304,0.006366446777776053,0.04357870919762222,0.1343023301345635,0.4979394554525445,1.1279992379098438,1.6308087952023187,1.2352096090605709,1.8877292021067142,-0.5282662863531413,0.15916026583498616,-0.09873829456639947,0.13452037470154538,0.5118746443021418,0.49142125400277675,1.0909090581199348,1.5752990121444521,1.1986038350474446,1.8475359590189377,-0.5414066808369642,0.14924424099885072,-0.07965005456994391,0.124742252869865,0.5237438630523159,0.07956977331519126,0.2855542765253613,0.419950427119699,0.2970255649262928,0.3852263897617653,-0.29694691383672533,0.4073894559505229,-0.3709058275798777,0.41085952535376086,0.3157759932770355
380,rounds_301_500,14,54,48015134,778,435,9,5,0.22084220638712723,0.006135925369017059,0.014693421942906248,0.054798698012018573,0.5530653043925485,0.921287022998845,1.7541812662853165,1.0546129899284094,1.9289075620223055,-0.8290193468537175,0.1535403279593809,-0.05282875283882282,0.15879022468451184,0.42760081513034154,0.5428223303728523,0.9150515077166198,1.7389703098847182,1.0454977656935402,1.9162884405250666,-0.8328957778822985,0.1490512443543869,-0.05138343462876185,0.1534272995558331,0.4293866789035034,0.10524042401782094,0.10501445158074992,0.2273614776787544,0.13638584714004975,0.2164453268371955,-0.5870072399442996,0.34264642151645436,-0.14760145383315562,0.4006972909161298,0.3028405230459237
380,rounds_301_500,54,37,48055014,435,628,5,3,0.027457831068789285,0.014693421942906248,0.010675745062718097,0.15423056399320356,0.921287022998845,0.7345476134235301,1.7435084305336386,1.1874111541477734,1.9120447034291799,-0.6102633841278753,0.15261366921569844,-0.11851967500035507,0.14053234099040862,0.2916746378358603,0.9150515077166198,0.7256879553888306,1.6996905827804492,1.1751284166936269,1.885892653905928,-0.6048396303887591,0.14776327340732703,-0.10282178223446391,0.13602184366498982,0.3098240932217785,0.10501445158074992,0.11248049531546286,0.3862285279142028,0.16814404036595532,0.3122738608569898,-0.857180665918011,0.3734631925007594,-0.5712624625404239,0.36535940115578414,-0.3229089879829394
381,rounds_301_500,69,13,48169972,500,282,0,3,0.03567435008300083,0.0066280922648729755,0.02278884493765266,0.12935662032803522,0.5969983919828032,0.9363972933189358,1.9209345219975658,1.1173829337397365,2.0675236987842225,-0.8503268990018376,0.1764627410826863,-0.07203490262357734,0.1571485915627734,0.38449751580905916,0.5931355806599042,0.9305185763123008,1.8955120013561324,1.1090007706602545,2.050732065191433,-0.8491710009998548,0.17293787925794707,-0.06476887220027046,0.1543745280963607,0.3927244322807688,0.0665370348332139,0.10266574076613652,0.30863549077309127,0.13435177602616613,0.2592840101638294,-0.9298889663604573,0.3809876311073825,-0.4801821014330301,0.343931837814963,-0.16586818905745204
381,rounds_301_500,90,92,48190909,323,201,1,0,0.07884488825966714,0.01845267121680081,0.09298613535007462,0.19130362815423205,0.552840762346015,2.5071241829901405,1.2684799289208433,2.5850604215136976,2.781745355850888,-0.07608523680928903,0.20654312082126247,-0.041472945777184946,0.06497329364028837,0.8885407823162877,0.5276168779637828,2.446667057785145,1.1959619085544904,2.5204278562380185,2.7136694176511873,-0.07667014191058841,0.15619940795988754,-0.03789199203914977,0.038555384904500306,0.8952565482804189,0.16452333214332274,0.5453125152450304,0.42154167077362775,0.5723977010018436,0.6095346045966272,-0.06487954708725141,0.6645824967482911,-0.09053281480406833,0.41072743842406223,0.7703190026009039
382,rounds_301_500,61,28,48261999,531,556,8,1,0.0,0.013641445531075906,0.00981199231100618,0.12446445840072226,0.8170507839452881,0.5574474546781989,1.6824144285501137,0.980222852224966,1.728757538225987,-0.7636372527960904,0.1607035062825838,-0.19242827161618345,0.1685638967342904,0.14015775655562115,0.803715081718596,0.5405623598697785,1.5552106619733166,0.9586854610550567,1.6530387497460513,-0.7242764357006539,0.14284719828457562,-0.147568516823132,0.14912955943423292,0.19821448453468693,0.14579266644363043,0.13548115060286686,0.6398663959159497,0.20301116159414034,0.504132891528421,-1.4832767202045907,0.4516722645110419,-0.647258783007638,0.5046959477826051,-0.49608933592722065
382,rounds_301_500,84,77,48284930,417,190,0,2,0.6959023811588471,0.0034345504265123356,0.010478522008634172,0.0076098935982574605,0.22995364597846749,0.34861515442576324,0.5077076614006274,0.41841097986195874,0.5325315213734924,-0.272747482748144,0.5533123350822183,-0.05663286396139462,0.4663068409511818,0.5336582625808362,0.22754291864521686,0.34543681846340085,0.5032682053766714,0.4144623129692393,0.5292858467323537,-0.277042158406418,0.5504241300310797,-0.05421601009394444,0.46324255081496385,0.534912734080569,0.032791624057879915,0.046373569151581834,0.06609126208685638,0.05660632284817822,0.05764939782351162,-0.018426828008789586,0.7069978161896885,-0.19322241369670087,0.6442714970671182,0.4600961860444125
383,rounds_301_500,42,24,48343059,216,542,9,4,0.39383620755191734,0.011920001865364611,0.016862862965684722,0.1750404417165555,0.6918736324275753,0.8179180763782762,1.4961944223861539,1.068627734065794,1.6835626700262174,-0.575443549102725,0.1364630550485258,-0.1077220197035678,0.12810714072861248,0.4038977043256288,0.6869337284268121,0.8037758687970327,1.471631529667859,1.0543244223941834,1.6678538088764072,-0.5819170773726436,0.13393969946599835,-0.0950069321216405,0.12541545319500016,0.4128046437720075,0.0811079270997137,0.15038439297895384,0.267856398474474,0.172676472313735,0.2267225366820071,-0.31299032024511164,0.26594758218688336,-0.4791977778959436,0.28541138716657666,0.09328878348637507
383,rounds_301_500,58,15,48359011,949,464,7,1,0.36116925168429365,0.002472248048166205,0.00201700720412191,0.002366193548292167,0.41287093255091983,0.13007209766341207,0.44778395553123623,0.431745854088179,0.37850666330672483,0.12331141174219751,0.6436285415401614,-0.04861821594395792,0.6288609448564363,0.23534618432573573,0.40784953910085386,0.1268198409447432,0.4433797227958848,0.4265537471079185,0.37705837251857893,0.11603549359236365,0.6386122757444017,-0.047993764439358516,0.6232153998996838,0.23181888767767647,0.06355074690868703,0.028750967885160527,0.06181522993084106,0.06608245841520521,0.03200849693771311,0.5156279335644672,0.8782981155672134,-0.07394871664415216,0.8791147796878597,0.3651518702669405
384,rounds_301_500,95,79,48495903,502,580,2,6,0.0041029732438996065,0.04047850884830537,0.015663078346915427,0.4128618115389889,1.5171622887455947,0.9650426030553381,4.206456786714654,1.7974678730383349,4.475981527957232,-1.4901594042909339,0.0373866382011443,-0.050939042315589496,0.03702111346820865,0.17592504818207064,1.4933180132814237,0.9491722568958801,4.144577625981927,1.76836503644538,4.422454795750346,-1.5008721076277305,0.03264135992086167,-0.043529905957995836,0.03242642143008709,0.18254203955849138,0.2658023340612265,0.17280568965384654,0.7129644351747799,0.31956738881573565,0.683763297861984,-1.1396529238978315,0.19076621659071077,-0.286540519327451,0.1944734914390099,-0.04604824930305128
384,rounds_301_500,46,6,48447050,538,753,0,3,0.011461846807071588,0.008402175730919803,0.024313500041898806,0.072497634352079,0.5002302889528446,1.2187624772170427,1.237736800929465,1.3284315796852486,1.6358203048790996,-0.23139221461950044,0.3463987410748091,-0.06359493726471341,0.23775351341020273,0.6782271374101619,0.49120078095776504,1.206907566528831,1.181692585223388,1.311823458676397,1.6097003322988197,-0.22707085442958475,0.3244947009439355,-0.05239056306349282,0.21898305095593487,0.6963614477427199,0.09384390332634233,0.16763154972647865,0.3667930974082086,0.20739151310168472,0.2888930217536881,-0.3929838180603027,0.7535459815758798,-0.34327419199167303,0.7027569102101844,0.12022561766203846
385,rounds_301_500,40,11,48541071,541,564,0,7,0.12050412197552324,0.004296776560262184,0.002740824903351798,0.005951788823585958,0.46276165190846696,0.35957517016486207,0.5923461558784014,0.58234122949964,0.613204619708989,-0.05299880662041989,0.5366859457054818,-0.04635820236893744,0.47539070078501405,0.4894533815808899,0.4568623073062303,0.355874118530043,0.5852899014099929,0.5756361203901188,0.6097755616432032,-0.05930732982834286,0.5302255097896778,-0.04449015427080818,0.468814984428138,0.49131877625450965,0.07286981718502074,0.050852408832299655,0.09019125313668418,0.08715586933086623,0.06346937169182501,0.2717716869889869,0.7991131100468609,-0.1306406907066853,0.7596788860524525,0.40038232684188263
385,rounds_301_500,21,44,48522128,526,631,5,2,0.36632435904390204,0.009382764718876306,0.004114132910931053,0.10064263903874565,0.6240777351348884,0.4517967809363987,2.2165843054861694,0.7662287460528957,2.1921868362759738,-1.8610083445298446,0.21704106788289884,-0.04702923846587585,0.21697196607749977,0.15507129351685162,0.6188790295371974,0.4452535818859847,2.203054233731807,0.7580391760592348,2.1817324110911462,-1.8781261971619538,0.21457886878349416,-0.04230275403104671,0.21448159410225917,0.15794027513652156,0.07928997513402822,0.0759442176683725,0.2400258318511835,0.1104645598331301,0.2088437613460401,-0.8905951525224338,0.3960559047420037,-0.3051229818542338,0.41177670444140063,0.01184107904165232
386,rounds_301_500,53,10,48654035,434,512,5,3,0.12139635327082547,0.01719397037005466,0.006236532431582667,0.05620883653140885,1.0493276361619839,0.5448895676447528,1.3857846750252534,1.1873117976222054,1.502974366472792,-0.2658632462700654,0.3281975293403787,-0.07726450612862362,0.3099513691058763,0.3020783283491858,1.0423998341897127,0.5377447654088633,1.3634145813558831,1.1768377399766334,1.492893184910988,-0.2685633152286824,0.32425622162464085,-0.06372025519208234,0.3053526537513609,0.3145443606385082,0.11814797697974179,0.08708526449519582,0.2461394596132251,0.1550975269089977,0.17079098430960868,-0.10118444641492585,0.5563435638850334,-0.539124488858601,0.5950388978583044,-0.2148951681828106
386,rounds_301_500,52,20,48653038,633,807,2,7,0.019705872559048064,0.003437432206611937,0.007984922223584042,0.053826418097686166,0.40269966890966635,0.755489945605081,1.6155268201834645,0.8602922424793115,1.7121879534643876,-0.9902399079293833,0.18969812993358895,-0.07030537783429947,0.17153663258981178,0.3700475054642955,0.3976372381648286,0.7440683090202969,1.5975570974627753,0.8474603614666903,1.698987315656504,-1.0047985639305717,0.18321970465594667,-0.06353198418226941,0.1655727101264018,0.3738169373800837,0.06302367411925083,0.12981937947859754,0.2375360801838672,0.14679589837194515,0.20898682701474075,-0.4236557651305686,0.4632551691267783,-0.33120675706130825,0.45367677903137693,0.22247882912666128
387,rounds_301_500,25,24,48726122,675,542,7,4,0.14619440177313592,0.0012974060217467403,0.009678988833382557,0.07269746778058886,0.2803928840636639,0.6436360907464912,1.6681466276509693,0.6971034526500665,1.710453524089458,-1.4536580870272569,0.09173903923339086,-0.11977307146926561,0.09646654113979586,0.25886049397650157,0.2779815213528795,0.6337039198524578,1.633669426753048,0.6866739738617255,1.68777394815356,-1.457897069641123,0.0862212966518977,-0.10311619377333692,0.0911386300303404,0.27525253772880665,0.03617039378722049,0.11168934673149641,0.3353569892056886,0.11910148913456492,0.27528351987064004,-1.3113356673451442,0.30720406924687743,-0.5795589425940048,0.34134278421218106,-0.28953858174655156
387,rounds_301_500,41,24,48742074,485,542,1,4,0.13007751814995508,0.006768612298183143,0.009678988833382557,0.04997822510253172,0.4791130121365884,0.6436360907464912,1.3063375910084525,0.8036151333301025,1.3944699522878254,-0.7352460082593,0.19160942711297752,-0.09985563647613548,0.17763758470579125,0.367233796975244,0.47483612811261194,0.6337039198524578,1.2901439991324597,0.7930014202204653,1.385202985666099,-0.7467849998061713,0.18905624903150567,-0.08739388928687734,0.17451475120016444,0.37565746558098234,0.06305110404938843,0.11168934673149641,0.2029408369710757,0.12895735933978147,0.1577261104740042,-0.22308731569496376,0.3171951102186493,-0.5475087305206563,0.3706474475692856,0.0034004260850509505
388,rounds_301_500,72,42,48872984,399,216,7,9,0.3147358983070644,0.0016537162264285143,0.0024333919398486616,0.0013121912230417364,0.11551673108710271,0.0981952320276261,0.11163191845491098,0.14147911558715276,0.10797081495115951,0.23684273468158457,0.8001513653015228,-0.008386354389221303,0.6901381723400101,0.6569138790687775,0.11264606883571099,0.09483840114626212,0.10934888476998995,0.13835772132314195,0.106358595216277,0.23127820985233816,0.796687993394986,-0.007768421588765434,0.6823965323974647,0.6518468055773563,0.025429260786649054,0.025353783894696138,0.022293522568336135,0.029362682090525186,0.01844800945350472,0.37171919797280495,0.8786543696405545,-0.0199983733154496,0.8374034949364068,0.7451966544517019
388,rounds_301_500,86,46,48886942,659,538,5,0,0.08080698668550983,0.0034100220723692993,0.010730563071344726,0.11194498001714237,0.484077676549912,0.7999318551424257,1.6783636969960354,0.945392882687715,1.7766300574867369,-0.8792505105769857,0.10262460425387397,-0.14431266034069415,0.08679120082443709,0.3183457747508262,0.479617697360225,0.7912946957505846,1.6198861991037385,0.9353382544526639,1.7371400481111705,-0.857231904972924,0.09661120363820119,-0.12915898420597816,0.08020254057725039,0.3406863447431996,0.06467367742524706,0.11584024104140388,0.43724614872234935,0.13585140492737682,0.3704368010154293,-1.7267793160730038,0.2913002537089583,-0.5522274582874628,0.3132216417459194,-0.3258037120213995
389,rounds_301_500,27,9,48928122,244,387,3,4,0.674479667822193,0.006106436483096331,0.003716496420383919,0.005992821713443845,0.3225028531338529,0.26196373266772605,0.3554470322739068,0.4090388934237656,0.40565652466642477,0.00826906392453175,0.5362336240267844,-0.03306903746654576,0.4576319533198134,0.5758271318928053,0.3204451634615253,0.25867307396955375,0.35340131836011185,0.40610336228690486,0.4038594664320446,0.005525430378670371,0.5348743095905519,-0.030440638313207764,0.45492075436180124,0.5744712652597411,0.035681979965099,0.040989305776762006,0.037373752602964966,0.04811411414760849,0.03718504372207095,0.22714894826928378,0.65222792942549,-0.19239051231133136,0.6681034371291922,0.6776800574886982
389,rounds_301_500,20,70,48921143,807,605,7,7,0.7394408933096759,0.001922193111043752,0.001561580061836419,0.0014355418113101382,0.3732073083745565,0.3078705588853854,0.2814289005973215,0.4703391196717436,0.48351822933796124,-0.028020441241237926,0.31496689635030617,-0.0027033487772452985,0.25412059465487213,0.737261042162522,0.3674474402171749,0.3040780414902126,0.27653913610589337,0.46569790663751076,0.4809858763826765,-0.03282808345768573,0.2985949388246467,-0.0078393206350813,0.23693905889527775,0.7374221636880582,0.06478155474269559,0.04768033177310482,0.05183602597770397,0.06513469153719273,0.04829787125214178,0.25849236232948025,0.8104614819572593,0.1712020278056474,0.7769377185623312,0.7421744879601624
390,rounds_301_500,7,89,49008185,1017,533,7,0,0.053100183577253546,0.001976121978562636,0.008678282061274249,0.06031587661335444,0.5429919214523585,0.7524657159620828,1.7449907657446035,0.9291118516834012,1.8656357516441666,-1.0079775629424326,0.08392316298282304,-0.10228424703532699,0.07899013474101879,0.3139465535625735,0.5395846802155726,0.74141635096118,1.7210243564465617,0.9184333298512147,1.8493237477983155,-1.0135634103107996,0.08153570269211254,-0.09169778002378629,0.07614313344536926,0.3223578398611423,0.059549714575025864,0.1273600186904586,0.2856375709716928,0.13897222961009886,0.24304005182605382,-0.7488389767360581,0.22037056753267842,-0.47193397661609404,0.2649604988182753,-0.029539270808817495
390,rounds_301_500,75,9,49075981,599,387,0,4,0.3895500599351085,0.0017751444907238086,0.0018769118236377836,0.0023128649801947175,0.17700676744442656,0.1221351808924167,0.33544279793801,0.2153919805755016,0.24244470929391865,-0.12559765988564386,0.8107220066193416,-0.04713099752407255,0.7724415010479354,0.3024602308006534,0.17505500189687948,0.11989262839660292,0.33292923295842264,0.21215892103124664,0.2413627097955082,-0.13765053395968407,0.809573983749843,-0.0404837442873274,0.7717723874313852,0.304683242526753,0.02589001312490976,0.02314159218778037,0.04027414771658024,0.03684719891842469,0.022263438234222204,0.3957902123439341,0.8905565394194047,-0.3363163218957753,0.8417730954592008,0.24529402411530132
391,rounds_301_500,88,17,49188945,338,828,0,6,0.07346121306536135,0.004743648872577718,0.025034680074810134,0.23320445159749528,0.47814306858228267,1.1654731627681594,1.3569990250971316,1.2627967692145416,1.7064935046411513,-0.3513603663260785,0.09073597024006956,-0.1284299576550774,0.06884643709811762,0.5930363007717795,0.4750406659003392,1.1463710673539553,1.2612830032392408,1.243818268952065,1.659449003424968,-0.33415712314876833,0.09130059073933972,-0.09500676576258114,0.0662970827961904,0.6329606516611289,0.05344695396479906,0.2084163888915263,0.49916138903747226,0.21619478975515802,0.39607644912495005,-0.8320351270884425,0.15511102401831517,-0.628401076084325,0.18207790951180552,-0.26163463221650374
391,rounds_301_500,84,96,49184957,417,181,0,9,0.12228732732822511,0.0033694450620613578,0.012200147527619266,0.05363005100128551,0.3056870643186073,0.4351660654975382,0.9503822586738528,0.5357306151219952,0.9702324411894808,-0.811045353397513,0.21744934639167857,-0.14814293149563007,0.2028612762441567,0.298881948373412,0.3032396135385824,0.42765030419896344,0.9244810012680225,0.5272059597682673,0.9548791653291188,-0.8112070769246134,0.21413516549566056,-0.1274249012047181,0.19924012102036015,0.32013064063379393,0.03803245466970095,0.07993473054677482,0.21931743145430138,0.09445774987787467,0.17071900344160557,-0.8073583550564121,0.3727639049805808,-0.6177269885459686,0.37238340653813307,-0.30654388999750287
392,rounds_301_500,18,80,49219158,569,812,9,7,0.13766120168963514,0.008804243060391551,0.004335390985258581,0.01917464996658964,0.6573944601211514,0.5283372067940767,1.2642707300454907,0.8350083743792479,1.357031873521886,-0.625171573315914,0.24065582722013845,-0.04046193788632203,0.23323775509755879,0.35337471306227863,0.6495612523825814,0.5230706603381955,1.2553893836466425,0.8266040008831024,1.3506069659535191,-0.6339226092670713,0.23553625085842883,-0.038833302381696765,0.22751547436032601,0.353674132184515,0.10004578388819005,0.07350753069392657,0.14720970460327779,0.11677110232909284,0.12885945578386487,-0.10352178932681277,0.532072349124788,-0.13995966940428003,0.5623930663730624,0.34117456420596626
392,rounds_301_500,52,78,49253056,633,510,2,4,0.04814540659586952,0.0014361726455927755,0.009407454510404601,0.0899897126866003,0.1979803043164718,0.7555386923181363,1.6007480684488524,0.7933511074645428,1.6735515428790622,-1.1094714901546388,0.10705752428197833,-0.13360415852215862,0.07304697049579588,0.3231307936719609,0.19516130836134052,0.7449061295343995,1.5696599372751874,0.7804222096203693,1.6540208956029256,-1.1193923945443736,0.09731324326788479,-0.11865935979455984,0.06736698563178488,0.3374176917576407,0.03299518912445558,0.12517412709720802,0.31188423559066514,0.14152838697979683,0.25251495645604854,-0.7842000593993559,0.3977436116767415,-0.5808445563789423,0.2863758761923804,-0.21533471616388786
393,rounds_301_500,10,88,49311185,512,338,3,0,0.2735485562637485,0.002736854167993773,0.0035097991590321595,0.008366497336167164,0.3091475857093838,0.32329244994889156,0.6443406442656499,0.4518781305058445,0.5859339778772708,-0.29666372041807043,0.6068855775521134,-0.08226013694734194,0.5517323408138818,0.38794367161281756,0.3056555861396624,0.3197976869547678,0.6371070779227205,0.4458331207236183,0.5828408951874954,-0.30730730422518615,0.6031552381672963,-0.073763181932219,0.5484769938057602,0.39453082841740567,0.04582832415395881,0.046883153767950124,0.0952245961560309,0.07295166101943956,0.05888789273916406,0.19278201597805844,0.7725686242185098,-0.4680252033297862,0.741226882990014,0.02750716173318735
393,rounds_301_500,24,20,49325143,542,807,4,7,0.05625652603098832,0.007800911260578273,0.0022391513024237666,0.030094857585341247,0.5804422505600558,0.541591889476594,1.1733073068215991,0.7996362800206572,1.2387136532674898,-0.5490963632058938,0.2844968807873522,-0.07408157197828337,0.25960910825055883,0.3621964874181637,0.570018178507192,0.5370742078081067,1.1533483346294218,0.7879340938387478,1.2303560107888407,-0.5614960951805639,0.2712656007595933,-0.06505989708924585,0.24698776300722416,0.3725550884508734,0.1086939444134095,0.06870351348336591,0.2139143853251045,0.13501563078570095,0.14121894580470187,-0.04594516192608045,0.6580112806993657,-0.4574741326196748,0.6909322890945704,-0.15151167136340365
394,rounds_301_500,78,95,49478984,510,502,4,2,0.32785968754995504,0.0028505217828999527,0.2602582402315668,0.11133714107881215,0.3173862085274035,5.2329563337173175,0.9333823359841764,5.241275589136217,5.29438257104334,-0.01013245363727866,0.06081329583367575,-0.02821815048686488,0.014780275106358735,0.9843208241995024,0.3104460312029814,5.192161427368933,0.8967975809625754,5.20028883355265,5.2520138189162555,-0.009946560089099776,0.04085981125686819,-0.02586264235553225,0.010642120911514336,0.9852905920433734,0.0655589165204252,0.643895691821848,0.25765339331916504,0.6459240462109451,0.6601585281661592,-0.022037392846287363,0.39160403056374593,-0.10417095635293143,0.17020827721696552,0.9235305584054829
394,rounds_301_500,9,90,49410191,387,323,4,1,0.023833028808798142,0.002424516099563334,0.009590242721606046,0.04255355353379855,0.13142221366418252,0.4167126803279266,1.2549602161620153,0.43812762682777195,1.2517033000908726,-1.8569376214728348,0.22358227518581522,-0.12082151649519987,0.21720962182773645,0.20812998445001055,0.12935589525896826,0.4030521860266139,1.2421824745365633,0.4238673167568254,1.2442575782631526,-1.9354883688212956,0.22044191208550265,-0.10352351554386278,0.2148943403194117,0.21685493977448003,0.023031501447352408,0.10535725771847687,0.17660748315237762,0.11038634680314086,0.1337904180402244,-0.21201961940838165,0.3526840345395581,-0.6074732274114607,0.35814650659640096,-0.013735316467270858
395,rounds_301_500,67,3,49568020,311,566,0,1,0.08907371362048878,0.01153583590223986,0.002736633254729289,0.02370339946688286,0.7375252431884427,0.23306073807645092,1.2073955477469394,0.7713444391489993,1.2324394106058343,-0.5977808979417119,0.29098035031908603,-0.02779397532349756,0.28901816147718484,0.16308455650050005,0.7313354175344916,0.22783264880563897,1.1998542039334954,0.7636237832123778,1.2265318780438217,-0.6061991585491264,0.2877316565651879,-0.024553644762749557,0.2860071241072208,0.16316357583822866,0.09413302037039355,0.04881016884949308,0.13240880002039315,0.1076734919870021,0.11786171284521792,-0.09462143996821148,0.5225378713403135,-0.17085388218716333,0.505987720696131,0.19680422444672097
395,rounds_301_500,50,0,49551071,359,574,5,4,0.41512160862703124,0.0038965949119301514,0.005246064878883771,0.04143317747511901,0.2580835171896129,0.4882160720374174,1.1651642726985816,0.5489386761040224,1.2179188675924353,-1.2186792816938317,0.20086905737017668,-0.048174697785294,0.19419092487395478,0.348053319010339,0.255384041551839,0.4812317867653068,1.1557921730731235,0.5421137646026873,1.2103387821338183,-1.2326287601659955,0.19835429526886952,-0.04290341048480439,0.1906027742574218,0.35014280955062593,0.03679219324383597,0.08152004570072191,0.14538820902429223,0.08542728311281315,0.13325793415830145,-0.5598990077013724,0.3413594233165889,-0.2964004841565853,0.41062931654739854,0.26671633308045206
396,rounds_301_500,70,95,49671014,605,502,7,2,0.06291087365030568,0.008498754788552805,0.6918030208421194,0.49867127540592965,0.8866014366460508,9.540869279445332,1.40664153039332,9.591564967918499,9.65296381497378,-0.006401337765072235,0.0343123372764935,-0.026506471701970666,-0.005769562068843292,0.9892304724840008,0.8792065616612598,9.490477684540066,1.2667573612062053,9.540798961068054,9.591898698084348,-0.005355918013240757,0.019887112415410073,-0.024234477608942612,-0.008364367729659386,0.9911580130751902,0.11278684394326974,0.9589221372023462,0.6103565978209802,0.9650657881636163,1.0654020618928521,-0.1039683252269894,0.2985357134071043,-0.10909488976057845,0.17256324777901244,0.8269585839358868
396,rounds_301_500,0,78,49601224,574,510,4,4,0.9202228521083249,0.004180830894135094,0.005763021780479573,0.0353218729190606,0.4939173764425946,0.5946965789838706,0.6268147154636521,0.7505257961284689,0.9115608409922814,-0.214562971312245,0.02349310361884108,-0.14847952483282706,0.06204829643981065,0.629069818990432,0.48928205299100863,0.5857764133565925,0.5953883143922738,0.7443040952177155,0.8953344824670402,-0.2029148948927213,0.019247499142526398,-0.13710960830184393,0.052363166907130776,0.649772707195107,0.0665170178153081,0.10178503430124337,0.19552207933320492,0.09509942717712842,0.17017293925293123,-0.7894212857452216,0.12734129426145357,-0.3769032285588818,0.3713179289842584,0.15328386757703963
397,rounds_301_500,0,11,49701227,574,564,4,7,0.22627537088068939,0.021910743978029737,0.018213494724962705,0.07230209787133693,0.8201614153867416,1.0066259961792323,1.6949052647669873,1.2773115871301461,1.9657024291773086,-0.5389372874897611,0.16338410895329847,-0.05451018539862775,0.16121682004571922,0.475289113863679,0.8089130150970159,1.0003984482245991,1.6666314250141212,1.2650018450098721,1.9474868199331627,-0.5395130272857147,0.15330145984357263,-0.051531151821295126,0.15240615755688994,0.4815490405079312,0.134093428213899,0.10960020799212908,0.3060092180045976,0.17475758664103883,0.2638217562996301,-0.5096440810980856,0.49443708727402874,-0.20875373077707346,0.49304049444536724,0.15101974831855705
397,rounds_301_500,31,20,49732134,339,807,0,7,0.3700149346659341,0.024108818174240047,0.01061197019093122,0.03839919911032277,0.7128750733822308,0.7011497196671098,0.8747698629088453,0.9837158398128897,1.1738387404622894,-0.1932701426110639,0.238493063796574,-0.04693319783138972,0.21107009442527844,0.6027662808208535,0.7040271279529058,0.6931638113858863,0.8661199575346639,0.9720549159961572,1.1648085160793153,-0.1982949696680718,0.23504569463556887,-0.04299658626186026,0.20791966302562373,0.6040793866756078,0.11081606549539465,0.10443992981208418,0.12113705536989759,0.1495163851816849,0.14316835630726313,0.04245707831090184,0.3963975171198261,-0.23276724661956502,0.36896063541585716,0.5433184457502591
398,rounds_301_500,37,62,49838119,628,558,3,6,0.03814486894820984,0.02293345233461318,0.0061848487125341,0.047579879986453584,1.0319397443021405,0.4847466519780849,1.2348741203470934,1.148295316528318,1.2887920231893166,-0.1223524163503229,0.4130708677930827,-0.10837432296716984,0.39241796497106396,0.27484776492208884,1.017211506334339,0.47676994307950565,1.1970856788600248,1.1286943920164259,1.2769340454302094,-0.13133728178533044,0.40035082736943595,-0.08883179732983613,0.37914920256391005,0.2966841409124128,0.1722115956955932,0.08690256991925939,0.3016186421151265,0.20968551116283785,0.172228444811623,0.1786344995583714,0.742014740991407,-0.5378451101632107,0.7699163772233378,-0.2840190162254899
398,rounds_301_500,80,42,49880990,812,216,7,9,0.34241977320389616,0.0014560224796535777,0.007154078297317028,0.0037841978239799468,0.19741559244651247,0.3411722138318142,0.5253709165042819,0.39221422509598447,0.5942222848343157,-0.5150452146117213,0.2937493676972964,-0.04411136325308826,0.25783297085637247,0.5181833692671303,0.19425936316329093,0.33902434792694985,0.5217150843879308,0.38864135084588747,0.5915361392086828,-0.5220617618819763,0.2873560978190224,-0.04259461625291811,0.2526686853661458,0.5193781471355559,0.03487463036865629,0.03750032656681695,0.0607172790588072,0.05210036081446539,0.05491852583142503,-0.05409108445516164,0.6265300734657971,-0.16066575387934456,0.5560784309030096,0.4201293847337431
399,rounds_301_500,55,17,49956068,508,828,3,6,0.03448801675744514,0.012430859030097384,0.012624816322418422,0.17218270218105647,0.9466871298310939,0.7663146217981142,1.2525085092936108,1.23371076757934,1.5909172961619114,-0.28953830830498894,0.08940568556314067,-0.18116986217174047,0.06811970394812344,0.40112672269845756,0.9368893596817576,0.7489492156746024,1.1292083808007087,1.2116626419743408,1.5340522504404064,-0.26607208747539546,0.07218225049794628,-0.14023094778584905,0.052036179767763806,0.46707842029892027,0.13437868487571167,0.16116216209134823,0.5406365019648872,0.2305258740601072,0.42002461249551004,-0.8220280660816106,0.4063568097568939,-0.6310425921750207,0.4070819499509212,-0.39440161967916926
399,rounds_301_500,36,44,49937125,884,631,9,2,0.1316789928541486,0.004502807036947666,0.04789753303003426,0.10714008699675712,0.4762153086028629,1.699221348013536,1.7936962251925497,1.7563738933134219,2.3847859549452592,-0.3577894570308888,0.09815580965981795,-0.07337949272303713,0.08694844991401315,0.659063485318659,0.47050998035490416,1.689267151119346,1.76607258375025,1.745121138084502,2.362807278441267,-0.3539502942671109,0.09287159720823114,-0.07160659870143285,0.0829881847304283,0.6636500405284428,0.07270752592503194,0.18000294231737654,0.31101227457891356,0.1948594381554854,0.31902837936456097,-0.6372231306034901,0.29249130523740297,-0.17587046366893083,0.26910532087874756,0.37877760461985915
400,rounds_301_500,63,75,50064047,560,599,5,0,0.39354774988261443,0.09019148985559393,0.006873864137257139,0.04587326715700328,2.0534541543944207,0.5041096733149099,1.7179265414066123,2.1054470779981145,2.3004369120650847,-0.09261208040069513,0.296264788102487,-0.0011040505243008843,0.28951814986798097,0.2805928100040981,2.0354342126427705,0.500313190364268,1.7050970520724853,2.08735282894449,2.286460437390916,-0.09538761520595851,0.29307814685926525,-0.001274716809419716,0.28633365150269535,0.28042545154422915,0.2679432973913654,0.06081800815857833,0.20629492574357688,0.2718716407634456,0.24856181554824683,0.08573834751481335,0.49678982607568717,0.009231555777081932,0.4889842227577745,0.29090562085252675
400,rounds_301_500,86,1,50086978,659,189,5,6,0.600071165914765,0.012178947837466175,0.010719240648904815,0.0029441087614811424,0.9838492817298432,0.4317375819083267,0.41890340612338445,1.0522578902109232,1.0078659639230352,0.04218730664874348,0.32735737251134617,0.008016790025244885,0.2666910693288682,0.7203956866923031,0.97649662896756,0.4291098195544122,0.41281393103747294,1.0461517460281247,1.0040209398196651,0.04027217501515967,0.3198742799131887,0.0031025175864465675,0.2585548311322502,0.7216913545130235,0.1181176323308375,0.04665539311072673,0.07048404243191803,0.11093090587043637,0.08538673578367757,0.23027099514172855,0.707170875177638,0.2724984597416542,0.6984329495839596,0.6966939498694623
401,rounds_301_500,91,13,50191966,378,282,0,3,0.13195701991091482,0.012682491751911584,0.04034301729310149,0.03077775355777703,0.6531522137029525,1.0412418422179404,0.8697697546035843,1.2191365989997331,1.392190819648394,-0.1419481793842028,0.1654050196461806,-0.06441166416828205,0.12385070789123337,0.7503465297898352,0.6478154615010728,1.0322946776613873,0.856185016900484,1.209729933471532,1.3832488635077125,-0.14343608869645608,0.1619771108937288,-0.05851809153359902,0.11946651618092897,0.7543630307155292,0.08212404575231991,0.13423726125923474,0.1519159633669488,0.1488857607176028,0.15467358886336383,-0.03887428937370996,0.32780198278389355,-0.322227379521874,0.39240400764591943,0.5100820765406213
401,rounds_301_500,81,42,50181996,689,216,6,9,0.3736487844352713,0.0045911854943759475,0.00852203787653707,0.008218125232295799,0.5893663771328295,0.47526622150836034,0.6924059170457199,0.7524716421647263,0.7771747532674117,-0.03282929178781946,0.5174856920878905,-0.02930469843067975,0.4397926547661487,0.5493138795340894,0.5839739068113131,0.47257958237409947,0.6852494728549374,0.7471153098787393,0.7735672489749776,-0.035405430388692816,0.5140259405518813,-0.02771252469217617,0.4351801378014359,0.5521122235075321,0.07836678838640558,0.04930961527887396,0.09810402285975107,0.08795687596722476,0.07299906898712846,0.17005841573625247,0.6966609576291551,-0.13643004497114367,0.7111150645473964,0.346721868840555
402,rounds_301_500,99,84,50299945,533,417,1,0,0.7298205066567603,0.009487777872180397,0.023388810459679613,0.015434764384884727,0.5695477750586517,0.9674028190274777,0.7997825674606901,1.0988065159301745,1.2853283341228863,-0.16974946497729415,0.1679386538554968,-0.027117356825989716,0.14594571205806392,0.763677596497737,0.5578625826730932,0.9615890126801955,0.7932845247165516,1.0914396483157849,1.2788011263620929,-0.17166453347688804,0.15927394355448696,-0.02899603501289159,0.13538209689157388,0.7638828736410553,0.11402751175286906,0.10381891944616782,0.10023216572637418,0.12479097741445738,0.1264917690239424,-0.0136291232324941,0.5213407897367308,0.1104139644277616,0.5803284647979265,0.7555214666495098
402,rounds_301_500,24,28,50225170,542,556,4,1,0.10103989510796128,0.006992535044396804,0.025694904144711473,0.23876485452902588,0.5388661097317201,0.864676380722331,1.6281851951720556,1.0121005705206751,1.7171124727645328,-0.6965828523159159,0.1334965283446919,-0.17494956267381664,0.13495746701018224,0.3401312535942114,0.5323709695472884,0.824432617494283,1.5261313489187913,0.9750290390313052,1.6494546221316475,-0.6916979454995376,0.1369364068363602,-0.13374148880735007,0.13498175343251528,0.3794752690538589,0.08245235628271105,0.25975187285962,0.5654342601633847,0.27019383264635716,0.47551978144235163,-0.7599209307813293,0.12373599858151586,-0.5278862462639043,0.16113608506112612,-0.08039392644272195
403,rounds_301_500,40,46,50341125,541,538,0,0,0.8870885611909523,0.009741379410314204,0.009032259725394067,0.010522227792005817,0.7839954249614763,0.6296065577798073,0.6675524239481986,0.9786884582309991,1.086733161246225,-0.11039744272709529,0.1822964910556904,-0.037658874757835324,0.1728881641250238,0.6714749192428664,0.7771569404633903,0.6217019513946406,0.6631022531213252,0.9729766000481622,1.082088785715826,-0.11214266166551456,0.1801527529048611,-0.036135737914890005,0.1654379618062747,0.6697926528052291,0.1018569426762506,0.09839730793219607,0.07561062899993068,0.10347955807554529,0.0976252752305729,0.05657429306664086,0.32849086229201896,-0.1232928366315618,0.6072947591039853,0.7648131737834325
403,rounds_301_500,46,23,50347107,538,1077,0,9,0.0,0.009032259725394067,0.02645133476345853,0.23455694439101288,0.6296065577798073,1.0630686488450554,1.5689445303226806,1.2201785249888366,1.7466992997005164,-0.4315112616135388,0.18948873540590058,-0.1574149501996144,0.18685999727526661,0.4660273119386116,0.6217019513946406,0.9766188754768595,1.436595095752983,1.1427109203649308,1.6701818696068844,-0.4615961393573651,0.1888133350091955,-0.08653386013103348,0.17949846741433476,0.5116594927992926,0.09839730793219607,0.418866719229611,0.6291773984119174,0.4265962266494861,0.5098490636312525,-0.1951560557289489,0.2970158011085976,-0.5333626454248256,0.3765930716799105,0.15461018489242656
404,rounds_301_500,87,43,50487987,421,30,2,9,0.05771982154912562,0.015325271589810856,0.1036457751877606,0.15862451642881045,0.626762693169013,1.034645870730338,1.8120453915719452,1.2041056202046996,2.0068634132907848,-0.6666838686041638,0.19614390059977183,-0.06943260944393012,0.18097068555700077,0.44918739589904194,0.6158633854063411,1.0284880485043908,1.7868276510198822,1.1931167045182174,1.9896211621271447,-0.6675830240182223,0.18881567479450295,-0.06587658285275773,0.17400717914428554,0.4549107812457136,0.11548640444048668,0.11057924814557232,0.2984803300494448,0.16016345907002974,0.2590264085374872,-0.6172628266240847,0.4302733974328369,-0.27244891879431954,0.44357601067676,0.10135466319623598
404,rounds_301_500,93,52,50493969,668,633,8,2,0.2135406942414986,0.007204103881252065,0.01772427401402428,0.09266803468074483,0.6225235302629979,1.0034075734341579,1.9538390147474425,1.1529852218453185,2.1114793243577394,-0.8313151672303134,0.14560080471662185,-0.08526543320179199,0.15888802763576185,0.3949168120884688,0.6141668102084207,0.9903339111445197,1.9283118525853493,1.139625208367739,2.0922059595482865,-0.8358719552587897,0.14208932142663266,-0.07939900506736874,0.15367515319477157,0.3993190130773965,0.10074142292692626,0.15991154244575131,0.3117763247990305,0.17320594752746907,0.28110459204020577,-0.622949997116149,0.2773511843409187,-0.30850914779128596,0.37866126804799116,0.21008172398721287
405,rounds_301_500,90,96,50590981,323,181,1,9,0.07290216875365206,0.01069847132312134,0.009898395133495797,0.08729343681396651,0.4784097017477369,0.36210250267335325,1.1894660076624066,0.6072726019430237,1.1128699016458499,-0.8325705755292134,0.34534245920225626,-0.1765628592496447,0.3401536005573473,0.128820063651861,0.46559201770890524,0.3564830577754897,1.1108667498348304,0.5885449385021291,1.069726460311497,-0.8175782176191926,0.30810679935421875,-0.14820907180862355,0.3044679845829359,0.17202169877754545,0.10937435199074784,0.06304470105156067,0.4240140590936074,0.1489207089133079,0.305680091352634,-1.0526365579590506,0.7974692368392138,-0.6463770548387197,0.8015428310468946,-0.5463225501620864
405,rounds_301_500,77,45,50578020,190,288,2,1,0.2684832913251444,0.017504814514541066,0.007799556511842335,0.03043128050630912,0.5444886298082408,0.35819837338376537,0.7220150026128151,0.6471485496591058,0.7276960462031434,-0.12446523535665355,0.4912628120182041,-0.04699107781889084,0.4554891213350109,0.4100725941679259,0.54144121590883,0.3503934423713628,0.7175504726094108,0.6403663118637104,0.7231055212997062,-0.1292060620665585,0.4913401616931222,-0.04033726192518317,0.45559909865275683,0.4091095867252626,0.056301044087968606,0.0739187961892203,0.07869089893868061,0.09241210215554134,0.08013097205023034,0.13289525742678476,0.48566267650920303,-0.3445180392244064,0.4465203084338649,0.5352305000543635
406,rounds_301_500,52,44,50653098,633,631,2,2,0.7235378947928124,0.0043456212615218155,0.010464931920600625,0.06480977090541273,0.4820194392102431,0.8653616780354816,1.4128886332665977,0.9516467996110937,1.6027906548132864,-0.6842284926175273,0.0614424030072375,-0.10193294187369922,0.10456340792138577,0.4565960505899208,0.4763730157574964,0.8537015325007534,1.3970343245823567,0.9441186229442569,1.5899172131959134,-0.684022721888186,0.06532595158461857,-0.09570200423590272,0.10142856615553285,0.4597832578185106,0.07273837984632654,0.14024922004850135,0.20872940482735697,0.11763016911944166,0.19975608457876615,-0.6981705124978086,-0.10948090353116742,-0.3557192205720682,0.26033363226310824,0.3204833010674978
406,rounds_301_500,6,58,50607236,753,949,3,7,0.04584815098206134,0.010221142883801803,0.009397050393224497,0.050609534955879096,0.9690695725563788,1.0352535059012289,1.4734489518616327,1.416735031074195,1.8867937476708037,-0.3317901416189315,0.12743118559272648,-0.08335156611431388,0.10971989038385899,0.5278084207389456,0.9525434835393419,1.0285013664134266,1.4247606013381753,1.4000261336467832,1.8630782181256524,-0.3307453149268813,0.11064820599561524,-0.07459690357979015,0.09464479673513797,0.5444506004186377,0.17688389323878792,0.11575795118590691,0.3738708741045921,0.21475057861720673,0.2954686099406135,-0.3758687489605643,0.4780432283750742,-0.4086077791302379,0.5089322877990746,-0.10782236788927811
407,rounds_301_500,67,58,50768056,311,949,0,7,0.27813722691040144,0.0038188797438384165,0.0014997934258549081,0.003421415657170915,0.3275688442375986,0.30596715799552876,0.2644313594940276,0.43680766521479425,0.46373199478958976,-0.06163886698635612,0.22910704947909097,-0.037000689679303124,0.1915319983550504,0.7461864742113113,0.3238637151163529,0.302058533156369,0.2612383457301593,0.43275105930919955,0.46117239599471377,-0.06567594942663613,0.2188346192368644,-0.03681250538294039,0.18069927416774675,0.7459977046866876,0.048623326601291525,0.048273561858686295,0.040552395276135036,0.058679271191491855,0.04771340103394748,0.1868780905911177,0.6691448829882319,-0.04402194145166596,0.6487194365992289,0.7538951145348879
407,rounds_301_500,79,99,50780020,580,533,6,1,0.004207185959966202,0.01322098053812321,0.008186998486582359,0.07902949430426816,0.9014123887133051,0.5286220234277504,1.7372210874364606,1.0348217374084039,1.7977274582886342,-0.7372339537347206,0.21165423851557635,-0.10567410568265286,0.2153763772641486,0.19586719054818874,0.8911354879310629,0.5160719986999873,1.696292459962328,1.0199764090191523,1.7729251248928133,-0.7382020890049064,0.20467811078665804,-0.08893146162756324,0.20737794919290733,0.21128057207889578,0.13430781624050092,0.11385358248772495,0.37242901445320337,0.173193876393892,0.29469793580616876,-0.7015493962150374,0.43678624106830355,-0.4499324260293775,0.4939383299898748,-0.15943133599368717
408,rounds_301_500,26,56,50827182,500,284,6,3,0.03550283961806547,0.0026390507927862928,0.009607392881298438,0.04388955645961687,0.2509905775514637,0.5123879559790442,1.1905246201690718,0.5720932104948888,1.2355857460923365,-1.1597629956550155,0.17134118299455242,-0.09472812769654697,0.16030172841111864,0.31950340670479416,0.247399896998483,0.5084760174964478,1.170138744283667,0.5664128121748889,1.222453448491864,-1.1582376355470085,0.16468894507262558,-0.08429033484412551,0.15417701275688678,0.33161412879071556,0.04188913084427705,0.0621761110555306,0.2176896535612025,0.07940790385000547,0.1776061641063902,-1.2366308074555477,0.3828477076536353,-0.5603286536567647,0.39567993560267556,-0.31480455753766506
408,rounds_301_500,22,56,50823194,516,284,6,3,0.0333528545174933,0.005262293398845941,0.009607392881298438,0.0648084957650016,0.6029825236497663,0.5123879559790442,1.3932349761265717,0.7930616819015743,1.4710908518286054,-0.8549513680969651,0.15953793655983656,-0.09657671844505286,0.1530240549034855,0.26288224819402806,0.5978842727583068,0.5084760174964478,1.3721357236700331,0.7857969532495899,1.4567337423096274,-0.8538297155333081,0.15414253500257094,-0.08975923482943811,0.14809766587917464,0.2713712461335744,0.07709087303586983,0.0621761110555306,0.2396604676856197,0.1056281334317857,0.20274163176899418,-0.9193904614429644,0.40492757947620966,-0.42035950584639437,0.3998137400130612,-0.17463077669614857
409,rounds_301_500,57,0,50958092,783,574,4,4,0.9690062771917201,0.018876099176304707,0.013387951623978248,0.0026989289517587167,0.9289026753534141,0.841348783615593,0.41111884565856177,1.17386050540379,1.1794254989375947,-0.004740762218497618,0.18182282202221206,-0.02464664289968654,0.19251935356567243,0.8964087197948875,0.9109560323240321,0.8315735928020721,0.40697097964123224,1.1657740076139214,1.1723419152062213,-0.00563394581574439,0.17411126031882737,-0.031279163637651895,0.17494553106507796,0.8955835678114592,0.18048066767507379,0.126552480857111,0.05755960972936382,0.13529131851975562,0.126672340231302,0.06370680974030907,0.46629427188645434,0.28260269579562397,0.7232285213592548,0.9327251159070198
409,rounds_301_500,56,83,50957095,284,292,3,2,0.03487984835222518,0.05687356048729271,0.016379467402778878,0.20113939033083927,1.3880539594358747,0.6005236855937207,1.8779198997700337,1.5167745875291414,2.0565319014431975,-0.3558586215459558,0.2726741203806179,-0.07817905884488481,0.26333305551972797,0.2355263550312644,1.3810031280443582,0.5950484394193573,1.8507228373385485,1.507050947181834,2.039703516150582,-0.35344031996051717,0.26998332679205556,-0.07078701640715342,0.26060384224455924,0.24378203323293599,0.13648677251541155,0.07987877561524682,0.31587235570178135,0.1683604420207969,0.25885551570515114,-0.5375079359388695,0.4733506219827645,-0.4022718971708324,0.46857266205611225,-0.1610438212143233
410,rounds_301_500,86,85,51087008,659,450,5,9,0.1888452940218562,0.012485191604147466,0.00549795797948415,0.009889305253558892,0.9791805360671963,0.3931654243506928,0.8005516833941189,1.0501610505695365,0.7848374576215755,0.25265038424731834,0.7157674886310482,-0.008885063492911918,0.650791944185835,0.43437900495487924,0.9689207630322484,0.39073873940187104,0.7917115736752764,1.0397431524547947,0.7813620299523965,0.2485047599422704,0.7120528965313521,-0.007930485120566778,0.6466495968060239,0.4368364390581184,0.1397424594772861,0.04281925348533646,0.11733161784135401,0.14580001395348624,0.0719217204071357,0.5067097837858885,0.8895939020068272,-0.06764299802017856,0.8575462224305024,0.28557281256611033
410,rounds_301_500,28,93,51029182,556,668,1,8,0.04759183605394535,0.02733829416535324,0.007488482611370273,0.04942341250225581,0.9012210022629288,0.8203290915840974,1.427759972644294,1.2092155429272102,1.5590335039809666,-0.2892933051513167,0.3531316465978792,-0.06887914477325198,0.32369748149078287,0.45211720630868535,0.8438634223801421,0.8157196463467414,1.381910414587923,1.1656216200366698,1.5393148004507333,-0.3205956152411684,0.32442434330682035,-0.06307790514912566,0.2945845473296736,0.4670907593988077,0.3154255803661444,0.08493633561160005,0.3571023092151522,0.32035327496123217,0.24477964416304576,0.2359071584560265,0.6714443145300526,-0.3127052305327534,0.7237239727396131,-0.07856512828909293
411,rounds_301_500,62,7,51163083,558,1017,6,7,0.14598199884370655,0.0021837682458378063,0.004040389372398966,0.011136616383494887,0.22473600506790792,0.5953725274634002,0.817904504909205,0.6363584709130985,0.9333936151444624,-0.4667733012262003,0.3291410301490272,-0.08388375602361674,0.2774598574359187,0.5428128881197989,0.2176958707757124,0.5912085850497121,0.8059153666912744,0.6302823538985055,0.9273569896926559,-0.4713357972925074,0.3187403786278006,-0.07862290235986266,0.26641346066837146,0.5490929340179417,0.055541222514093325,0.06912669680526076,0.13822408656615026,0.08661905084356317,0.10408157540814932,-0.20160143056894064,0.5912051067408367,-0.3505117245232808,0.6481043771259531,0.15772829385328488
411,rounds_301_500,87,7,51188008,421,1017,2,7,0.7042095639212147,0.003313098104748254,0.004040389372398966,0.013863716654143193,0.38476150200344017,0.5953725274634002,0.7881043675276994,0.6967110976923663,1.0150189010967148,-0.45687201547189615,0.055378854768682435,-0.04546541489974522,0.06819781426697416,0.5793111520572942,0.3827084552209016,0.5912085850497121,0.7842218019214872,0.6932695269221889,1.011151042948263,-0.45852515317863163,0.05618144932296969,-0.042572757350374336,0.06668784633731785,0.5799786622928815,0.03881331290864859,0.06912669680526076,0.07630834403624703,0.06759351130020502,0.08600435117003112,-0.27237584667051107,-0.024105155263933947,-0.2974331272587169,0.23459997806475796,0.537434806510677
412,rounds_301_500,38,77,51239158,121,190,7,2,0.1661823846260173,0.013325825011512886,0.0071636699954979125,0.016161603063422566,0.3816010297063589,0.2978891490063756,0.4072438807950762,0.4814046005393447,0.44799513793450646,0.06939996536677828,0.6196228873629266,-0.017779244184413494,0.5112289169676772,0.5809815879571162,0.377518947326041,0.29637984205356466,0.4031676291596453,0.47737431052864326,0.44611684124625683,0.06547790401157527,0.6152217166481007,-0.017291864775305883,0.5064417055495896,0.5832040134170858,0.05506878460188956,0.029138525073232082,0.0568207515595927,0.06119688994563621,0.03977410048124042,0.35006336896248424,0.8340867534446794,-0.05190645423237802,0.77818190768449,0.4190522634356048
412,rounds_301_500,12,8,51213236,528,157,3,2,0.48872197873594087,0.004485138377111236,0.48180710293818263,0.2990211020350795,0.4800258263124532,3.337343543685895,1.411909042984121,3.3747564264496535,3.53262746261409,-0.04677997941632839,0.07666705263187838,-0.08479248136051436,0.02468627869830562,0.9162499968878222,0.4763894278969545,3.3086605080915334,1.3575957289521017,3.345490637988902,3.4865103232688623,-0.04215216855747417,0.07183969144270634,-0.0875697525117411,0.02265890111120962,0.9206707955130099,0.058013120127973224,0.4312064802964898,0.3864122705428516,0.4379645076146957,0.5643092031170011,-0.28848158539243673,0.2432907647281829,-0.0353335174566744,0.1272815892446023,0.7341570213648032
413,rounds_301_500,99,44,51399978,533,631,1,2,0.04546301445349046,0.008574890506993556,0.025705246578973648,0.04956924511617134,0.49320144983093933,1.1493238722900982,1.275429311378385,1.2534934928757404,1.6220942144315427,-0.2940587435441453,0.33270513023236614,-0.050551215427171205,0.24934375312954407,0.6483838977565498,0.48023830886506924,1.1404609713397225,1.249769323383322,1.2394946311041746,1.6088068612109336,-0.29795387639377346,0.3175672929360442,-0.04518698134209247,0.2368502478009742,0.6556074494933352,0.11166340840582463,0.14039715482894083,0.2527831536045665,0.1848483786928621,0.20420306805913932,-0.10470575670255844,0.6564773096566688,-0.2720350971613067,0.6193009566965111,0.2824825900495968
413,rounds_301_500,86,3,51387017,659,566,5,1,0.24151977685975712,0.022850473935042307,0.0108788473327877,0.02173119219400438,1.0212008356210678,0.808111638652108,1.0139650836508067,1.272354634469832,1.4215193898460334,-0.1172352041916016,0.2657849018541392,-0.04629856169872701,0.2424634584200676,0.6007615624468078,1.0091196892290455,0.7991881648939615,0.9942781817312646,1.2596674431830148,1.4100116670861984,-0.1193523137529724,0.2587998912118294,-0.0427167418055195,0.2339380347331722,0.6059733067747208,0.15484381579438608,0.11838591977894461,0.19743606158680396,0.17697986256847725,0.17793038181476942,-0.0053707762707997375,0.5025592514794666,-0.16932346292678516,0.5687624831651844,0.4001243125926126
414,rounds_301_500,85,83,51486023,450,292,9,2,0.2399705603355999,0.007959474799119765,0.0111569022963522,0.05947645652340725,0.4348863354457427,0.5598946761066305,1.3518259147516516,0.7103464053574109,1.380343008701904,-0.9431970068284983,0.26656968054156505,-0.07481426984990712,0.25146402664273576,0.3221709427024808,0.4292804883716307,0.5543582341073413,1.3398856256414484,0.7017604531059541,1.372481722558923,-0.9557695456966726,0.26237117719213643,-0.06881630895586735,0.2478392644746777,0.32676025610625975,0.06895860422451756,0.0775408519116309,0.17693723571472664,0.1090077965317526,0.14429886532802547,-0.3237481163651723,0.4683410107954187,-0.39863887248751867,0.46042882663970747,0.04313949049156729
414,rounds_301_500,87,19,51488017,421,549,2,8,0.3684199348158752,0.00195785637673301,0.002562645832288333,0.007475274381835738,0.18323386707750344,0.27155520477364525,0.6485299723178132,0.32942462015979873,0.5924600137478312,-0.79846914131809,0.6414025967174503,-0.07286197429805198,0.6028155209066075,0.3276421624108354,0.1811858986367122,0.2687439371013912,0.6435931187094076,0.325687488585871,0.589780805255956,-0.8108795269255606,0.6399534393466896,-0.06704692382283241,0.6010012318303211,0.33145266223946196,0.02702654309551581,0.03848843680832975,0.07851979295160239,0.04894397950078483,0.05467713825599432,-0.11713715994666019,0.733508006185101,-0.4066867946359304,0.752387569816707,0.09100772296480754
415,rounds_301_500,12,7,51513245,528,1017,3,7,0.13176114627127977,0.0026472458869896153,0.0008474389415433896,0.011132409985558214,0.3169185733194107,0.16588445420665046,0.8702230124499601,0.36504410684858873,0.7796963843764603,-1.1358963745711392,0.4725691379207109,-0.07605931994402136,0.4612667378639518,0.11414546634620434,0.3141433097373331,0.16246593917627805,0.864393009367972,0.36016112522991806,0.7761083427847822,-1.1548920425249496,0.4703817037154473,-0.06796470735758164,0.45960586760587996,0.11940670925257309,0.04130796418438616,0.033271507028482326,0.09879491401152582,0.058946341638508815,0.0728065245568957,-0.23513219876112235,0.6228827079031506,-0.43356835664871474,0.5978758606716347,-0.10680172355017241
415,rounds_301_500,18,31,51519227,569,339,9,0,0.3224897395941576,0.005826804499762753,0.0020194158814514853,0.01668584890818844,0.621442223236429,0.16944834956784363,1.022469883575118,0.6435306770891068,0.8493562979059621,-0.31983808720334794,0.5750474926208022,-0.02133569959481033,0.5698731791602265,0.1429387252092217,0.6150713532706505,0.16762183950522042,1.0151460359580409,0.6371735502785151,0.8456495756151873,-0.32718876237964545,0.5718693219609682,-0.021310980978197756,0.5665047236605618,0.14237719829610065,0.08773747704529505,0.024501372444265184,0.12020262595046806,0.08914769976240397,0.07714192987831373,0.13467279487959827,0.7732246375905714,-0.023059560381093934,0.7774614912452343,0.17793686064999495
416,rounds_301_500,1,5,51602281,189,407,6,9,0.4306559590675657,0.004775440617231652,0.04250906311984484,0.23773854083847254,0.23545758971892827,1.3322852780289303,1.6855990072017217,1.3515961983085947,2.0889603697863484,-0.5455506403469474,0.12017424765677633,-0.0465132862802166,0.10014277577096087,0.5972685361340871,0.23314494033180366,1.3234787429358983,1.6717145390493215,1.3428120197058826,2.074422677998195,-0.5448347553908237,0.12047973229795693,-0.04534050316220055,0.0995057655685771,0.5985209790434243,0.03253164587159661,0.15006933800336344,0.21297930345273186,0.15093267405250002,0.24193334028726612,-0.6029222420263531,0.1039770888274329,-0.12778262057134537,0.1408433734788908,0.5027556422845874
416,rounds_301_500,5,1,51606269,407,189,9,6,0.4306559590675657,0.04250906311984484,0.004775440617231652,0.07932498044618923,1.3322852780289303,0.23545758971892827,2.005927498660065,1.3515961983085947,2.000343445131697,-0.47998599554730403,0.34299399993207697,-0.016835055743537875,0.341993674204206,0.10005547813050863,1.3234787429358983,0.23314494033180366,1.9930216741671853,1.3428120197058826,1.9916128030275646,-0.48316575499807457,0.3398613036234188,-0.017043326618090413,0.3387551715366513,0.09945625816754555,0.15006933800336344,0.03253164587159661,0.22283702949032344,0.15093267405250002,0.1818022732652386,-0.20452562313976475,0.5878639579819147,-0.004650376854606771,0.5939056508187911,0.1399487033157652
417,rounds_301_500,7,32,51708266,1017,318,7,1,0.47837050098778067,0.0012259158255931522,0.00446122395223938,0.003839181599670112,0.3108032538736013,0.32455414307331,0.4933232304464748,0.4408042082337489,0.5833696846848043,-0.3234213144704283,0.22439894653909695,-0.08913671405552603,0.21732617879915653,0.4958778791992887,0.3071759733941489,0.32036657199975666,0.4882224738341831,0.43636471899144896,0.5800033623147445,-0.32917107426851855,0.21937206806639453,-0.08494620722335691,0.21009774230225575,0.4973726302846778,0.046858326821686946,0.05147448446152388,0.06989241049945055,0.061675852119715616,0.06139665314067529,0.004526876718271899,0.4539143496739722,-0.27047103281078844,0.5730326387001895,0.4356931415873489
417,rounds_301_500,38,32,51739173,121,318,7,1,0.35027613485848835,0.030684566845108445,0.00446122395223938,0.19355992015140752,0.5537114057494577,0.32455414307331,1.2430183584955878,0.6407178633776329,1.12388284647221,-0.7540994417535136,0.4825177462814933,-0.035065926990665706,0.47192126806160317,0.220602719195385,0.5473299493836005,0.32036657199975666,1.2252348760210543,0.632747864399347,1.1103298151865375,-0.7547744965374921,0.48013370282773815,-0.03155894496684783,0.46948096167120806,0.22417475021652342,0.08298704533052169,0.05147448446152388,0.20783219537558123,0.09975237505056625,0.1724387663554921,-0.7286682775029649,0.5777442127345297,-0.16266890753099625,0.5712614392403212,0.08583392131673835
418,rounds_301_500,28,9,51829206,556,387,1,4,0.0004630279304887917,0.014842609646924151,0.01560352471715305,0.021230214251712218,0.675963676138228,0.7024879712677355,0.9648451236746378,0.9713395882252642,1.0116920176559487,-0.04154307095051335,0.616687474855429,-0.03430145559673865,0.511244874955536,0.5702551841657183,0.6263900504536024,0.6977111104712248,0.9252340039450202,0.9335397963281745,1.0047798921768791,-0.07631179316501369,0.5813037384641087,-0.03421455768986938,0.4773289789304384,0.584464328057434,0.2533668905244048,0.08045421600273533,0.2725070415878249,0.26727737714997657,0.11619123576455974,0.5652784496633185,0.9406523817030578,-0.05253481191317716,0.9098858527330926,0.23616327924404476
418,rounds_301_500,81,0,51882047,689,574,6,4,0.02461763402774666,0.002475273787110512,0.0066370720703465245,0.01975665464186542,0.31890343140302035,0.5409104166473088,1.1828404414802285,0.6189885996264266,1.225757265735808,-0.9802582252331946,0.19403195971334739,-0.10424583373058782,0.19784173887572187,0.3345332567527584,0.3127515149791535,0.5292338510055083,1.1664318001664564,0.606120775908342,1.2163048735839201,-1.006703815359483,0.1885298114825279,-0.0899017192252334,0.19140229688350385,0.3431210595769246,0.0619180805272895,0.11110482744341306,0.1945138470748701,0.12480731767267564,0.14966425402145733,-0.1991624915293222,0.36279859500200745,-0.5153309964987297,0.4515084492449241,0.06504510930510225
419,rounds_301_500,26,33,51927215,500,964,6,5,0.039949738667164995,0.008704146697418765,0.004447971593181137,0.12597914053592832,0.535872447889136,0.6823190153171989,1.71622085304444,0.8660546056369606,1.769222898668539,-1.0428537498132946,0.16026631277789122,-0.11551093065510215,0.15661477891252112,0.2731609868498161,0.5308952026659994,0.6725731119905719,1.6811446876374043,0.8549737210191466,1.745974034501333,-1.0421376605822403,0.15880232525468088,-0.09964526248268409,0.15452245185750224,0.28903895741109836,0.07206333928838311,0.11385038386482092,0.34295115404308923,0.13682232833670652,0.2832965599478857,-1.0705433344966933,0.22623585708123609,-0.574930019127242,0.251664489184334,-0.2846559290261034
419,rounds_301_500,22,34,51923227,516,515,6,2,0.13999114431706725,0.003222094836581329,0.009409893134513616,0.16178853932492943,0.5159265831602542,0.8412224448558591,1.850409664218076,0.9884825989944532,1.9613208122789298,-0.9841733322105102,0.10872381171771628,-0.11137773054225329,0.1017851368750174,0.3264618399604204,0.5114300510527144,0.8339769525763009,1.8086273334037388,0.978409848775173,1.9323484360260421,-0.9749887416250578,0.10072331074717061,-0.10213547538858715,0.09513520281678127,0.33943724638781403,0.06702938867548429,0.1086271460903439,0.38874275680056175,0.13909447357124538,0.33311352971178126,-1.3948725003884332,0.40557099856514084,-0.4542896240839959,0.3821766034524066,-0.19260582220665065
420,rounds_301_500,5,52,52006281,407,633,9,2,0.2154364542107275,0.015461410520624162,0.003042161343574452,0.04161457745487698,1.0196387184803588,0.42255722413585045,1.1979661380878182,1.107094284077961,1.443405452414564,-0.3037782537344582,0.2076369060675556,-0.06924746025554929,0.19727353483438426,0.27334172388676625,1.0116368951180705,0.4174188954465535,1.187368929497645,1.0973228360119087,1.435529117314688,-0.30821037365079396,0.203801619411695,-0.06417197588020436,0.19365424931721756,0.2767254735653255,0.12553210028803288,0.06501228157323645,0.15673775715434432,0.14470153699027036,0.14732582623429102,-0.018135876775082993,0.44115604130332636,-0.3160156759470301,0.4370798710792402,0.1035434224396927
420,rounds_301_500,78,97,52079062,510,481,4,8,0.5075452752124068,0.004140048095194453,0.0017094556064694189,0.003226011372383007,0.4480623260363233,0.17343015776531753,0.3625113754650085,0.4729814947401655,0.36599215365332033,0.22620195985811287,0.673724755695816,-0.018391987875356914,0.6320853179024292,0.4179797205821353,0.4403519172028834,0.17137573411009008,0.3559942358307557,0.46630315359007474,0.36427889229941135,0.21879384796173285,0.6653389155952336,-0.023527001571349477,0.6220222685000092,0.41640430497101943,0.08211261797585158,0.02631886147478722,0.06791737644980307,0.07846311566872956,0.03449317632226502,0.5603899229812024,0.908930331885717,0.15623084702491474,0.9078284763136386,0.4822574555540094
421,rounds_301_500,68,69,52169095,611,500,4,0,0.47710180801643653,0.002082454053631339,0.008669263005140237,0.021957523039040656,0.25183217715637535,0.7378585616650781,1.1915282256246191,0.7815435382192054,1.3496085910133473,-0.7268501689470976,0.20744301688475167,-0.04812080227384619,0.17601104513956348,0.4963790838520378,0.24838639700773887,0.7343239008702513,1.1850396306206619,0.7765581076839491,1.344357786454971,-0.7311747481002546,0.20258567944885655,-0.04642727175055358,0.17277989209939953,0.4977235704801684,0.04108906457703391,0.07042073009321811,0.12146947708889247,0.08655395387144908,0.11557999517282859,-0.3353519972581416,0.5161154176054812,-0.21836365924511,0.41469569936167183,0.3472670949216158
421,rounds_301_500,34,72,52135197,515,399,2,7,0.09455637328120577,0.025354541282021355,0.0021187356032896787,0.08028704087839948,1.5462182242153641,0.31842057105826277,2.0001269189651225,1.580808503603861,1.8855767880402743,-0.19279266510878146,0.46946736197751315,-0.03162532251014714,0.4648355599029264,0.1266115179460804,1.539485256275269,0.3160964750266711,1.988218981510457,1.5736331800469807,1.878388602942107,-0.19366357214584662,0.46778913132473804,-0.029709327226918242,0.46309448856954005,0.12826421879598576,0.13968710810218485,0.03771685868804364,0.21356458927450872,0.14595018588512007,0.1593380295055313,-0.09172885624790528,0.6476560571376364,-0.17881144002743535,0.6520217130305338,-0.00224122348421463
422,rounds_301_500,96,89,52297014,181,533,9,0,0.08252120018876642,0.007233956268464681,0.011074269375372255,0.34685469331452623,0.3613197210933259,0.7594671448597509,1.7363839876866245,0.8455064083423369,1.8069212394849792,-1.137087574566762,0.12421120289843302,-0.11719199341163661,0.11328100588270931,0.30685912034524926,0.35674930984428316,0.7482236542821129,1.6929770321179163,0.832583615970535,1.7770961356476584,-1.1344356309199215,0.11381009009876454,-0.10413489280764686,0.10355490980298314,0.32162193760039515,0.056676345852671756,0.1289695143786903,0.38347324953509154,0.14589154475205285,0.3244127172791361,-1.2236567433053471,0.41917463798666366,-0.45365144202025953,0.4295055630993263,-0.13053277438799413
422,rounds_301_500,87,54,52288041,421,435,2,5,0.5106785512864594,0.0011873937567644236,0.007912100934320026,0.026333790335532587,0.10890747199066775,0.8247758367644106,1.021428119372516,0.8272620463552511,1.265705037630656,-0.529992876147402,0.10250630647258097,-0.06104985944214822,0.11020575944969828,0.5988811812734326,0.10738406420396865,0.8205975913657679,1.0147708620299254,0.823432195322476,1.2600348980877945,-0.5302230168378761,0.10206976996632354,-0.05876379886629565,0.10700198422118769,0.6006074318106408,0.017982438035027033,0.08098170885854244,0.1143156361927722,0.07747799825172351,0.11674409304517971,-0.5068031657953,0.133727680906108,-0.2642146127801781,0.3271884322585713,0.41832255560998993
423,rounds_301_500,86,81,52387047,659,689,5,6,0.22914195371454738,0.0015433596708005228,0.0029722806983045304,0.027345282678912293,0.25868663313109497,0.41526894610766135,1.3037626989398765,0.4918663728799302,1.295395809065223,-1.6336336055675895,0.25131407365152986,-0.0869578041691939,0.2420005318824001,0.22640286317888023,0.25492291050287186,0.4115372112311935,1.2918017747801434,0.4863789479574141,1.287507514886016,-1.6471283765323377,0.24601952542310185,-0.08051490327695414,0.23678559550526437,0.23230289723668332,0.04356244132681356,0.05478248496367292,0.1737968804400737,0.07241610681238458,0.13997527511472513,-0.9329301349680759,0.48822945149236974,-0.4444681203662812,0.5142421803246571,-0.1428154383561751
423,rounds_301_500,0,24,52301305,574,542,4,4,0.9415102918732136,0.005335158211285791,0.00800866439081305,0.0036964594156112677,0.5259307669979388,0.5222193126989684,0.4183361511877923,0.6991969557109836,0.7523043093054776,-0.0759547837854806,0.19286899815519634,-0.029870635326657884,0.20953351405097143,0.7731366345326929,0.5173200004007317,0.5134076990451529,0.4150189566338995,0.69495893627515,0.7483742172254203,-0.0768610606499518,0.18797978814820748,-0.033854604612694704,0.1920031262716535,0.7692431498665929,0.09391488268528304,0.09474485302990097,0.05180112715199237,0.07522648465645208,0.07491592925662985,0.004128272127037369,0.42211170124595604,0.14029199401299716,0.7574538924864557,0.8934344372372054
424,rounds_301_500,47,49,52448167,572,624,3,8,0.3343703395812761,0.002326316849697226,0.0014424951328412415,0.002232312694832217,0.29688021840685014,0.20483867265923422,0.2801218031732148,0.3501969854228038,0.35893448340701767,-0.024950237574617562,0.4017278015807603,-0.0475316850543843,0.36892847458395006,0.5648413037929144,0.29384038208010804,0.2012304568979647,0.2771963739440461,0.34673320878863506,0.35721365113330966,-0.030226243345105708,0.39516850983655805,-0.045589785086485285,0.3605348287984926,0.5629131725310276,0.04184619651359941,0.038008377875697226,0.039888882412763255,0.04853083743852036,0.034308057114549616,0.2930668637644753,0.7205341804103064,-0.1200089330854384,0.7503181778344331,0.6427025579499305
424,rounds_301_500,43,47,52444179,30,572,9,3,0.06811360803088702,0.09555543961469085,0.002326316849697226,0.13920949213206768,0.6943083693413239,0.29688021840685014,1.0821411836499937,0.7549210891600081,0.866288160311129,-0.14752147310527208,0.6403395003593568,-0.04397483171344607,0.624761593949928,0.22469684658647715,0.6876113544735208,0.29384038208010804,1.0742370749209829,0.7477218531548844,0.8628541173734449,-0.15397739645134023,0.6378961947719191,-0.041473033748247574,0.6219337645432721,0.22623872954931554,0.09504784783535938,0.04184619651359941,0.12833142731816646,0.10269451733210523,0.07475962517354172,0.2720193140226218,0.7948449690659488,-0.18953493855613604,0.8116865354255431,0.1377393607403806
425,rounds_301_500,54,25,52555149,435,675,5,7,0.26939075472489526,0.0035615657983321903,0.0020887529321563696,0.018009958477664945,0.4814282129192161,0.41938624862687535,1.0661573861963423,0.6302732521325782,1.130800573868837,-0.7941433656635211,0.21722190499483537,-0.036046926224794426,0.2142319262709976,0.33667459747946027,0.4777066470109873,0.4162719707230437,1.0606005106928424,0.6260939911853998,1.1263298109580986,-0.7989787904298356,0.21449715264564836,-0.034989700610632994,0.21091365712791704,0.33681528971857394,0.058785797970941,0.050149282652614265,0.10651159553269074,0.07108685315364642,0.09766939883691386,-0.37394461147143754,0.4412350932500497,-0.12480413537512691,0.48962399440988275,0.3293043617244893
425,rounds_301_500,25,77,52526236,675,190,7,2,0.48494185899381,0.0020887529321563696,0.006426127546001225,0.00425323859713639,0.41938624862687535,0.3089029020674073,0.5817712611680009,0.5099848799268034,0.6826912666086359,-0.338650013911433,0.2695565580274042,-0.002611118258057769,0.2586673199121866,0.4671614557325889,0.4162719707230437,0.30701280264398556,0.5787484940207583,0.5069146595756948,0.6798261055337311,-0.34110563324952814,0.2669741674278127,-0.0031281689097938273,0.2555672481725624,0.46646366496328034,0.050149282652614265,0.03350120645459042,0.05776656651666324,0.054780459580792,0.06082593191358255,-0.11035818938091402,0.48610134452021586,0.04607762892896297,0.5055086366977223,0.5310248918660415
426,rounds_301_500,24,68,52625242,542,611,4,4,0.872240179172183,0.014786323928803375,0.0013341751287673385,0.0026959773602853107,1.021635787331939,0.17297150597485694,0.395344810259894,1.02451113488409,0.8970486551320608,0.12441297650361793,0.5039023899212116,0.042601354762031994,0.48143644810848324,0.4331399663239724,1.0148759179337583,0.16997731517056638,0.39207208062742593,1.019016851171489,0.893350627614616,0.12332104558663948,0.5004367719934527,0.03159792955712485,0.4772723027801735,0.42191701777244006,0.11518350315123461,0.03179303134037797,0.049951108743743505,0.10362207673967258,0.07906820149918566,0.23695602339811306,0.7459193993665738,0.5045321460881108,0.7363395571810707,0.7974326196904284
426,rounds_301_500,37,26,52638203,628,500,3,6,0.03130215015162957,0.011342920158886745,0.001497150953509845,0.01504701527659423,0.9784690149319033,0.1575312980876944,1.032951642215491,0.9934111289906544,0.8458422147942614,0.14854767567012161,0.6522283820630447,-0.06138278121105842,0.6484601254968251,0.0909172460729026,0.9706655410107131,0.15558013174950835,1.0222004339378303,0.9849664340966637,0.8423710961022725,0.1447717739997596,0.648994976099959,-0.05526733836314791,0.64505701869544,0.09662795244736944,0.12143917322096753,0.024464933824039446,0.1469030441898862,0.12741537717961185,0.07435674532036056,0.4164225153488097,0.8380662020873522,-0.3317243262569682,0.8490490134626502,-0.17247708070969653
427,rounds_301_500,71,26,52772104,547,500,6,6,0.8386512494528425,0.014299675592073154,0.009822098694276065,0.011513716483419888,1.0303454096052833,0.8741582561136385,0.8515401717995223,1.2689952759741807,1.4474761450614695,-0.1406473865320521,0.1154899209504664,-0.02527286412740919,0.16838682913815461,0.7076747657932285,1.0192172710790344,0.8658687494799319,0.8469087589665274,1.2625892878294631,1.4414250349554154,-0.14164205957536002,0.11281256325190206,-0.026539881072896416,0.15975512449319473,0.7057588419961357,0.14924247251802636,0.11852342078793926,0.08684197635460993,0.12436996434978592,0.12862509153792093,-0.03421346311692752,0.3001464527902713,0.06388442457069096,0.6338546884802012,0.8198067344561976
427,rounds_301_500,87,44,52788056,421,631,2,2,0.6637538151362774,0.04341586549805167,0.04718045136049533,0.11973191931093526,1.391523544393335,1.6380619391148947,1.5794546773314786,2.11460291706916,2.482736644354699,-0.17409118483378072,0.11857163173151064,-0.05431191068043395,0.10866856891550376,0.701470870315462,1.3825392035412,1.6246169618461346,1.5632906645328426,2.1024171926707904,2.46454710167907,-0.17224455273230066,0.11834369796423619,-0.05482596987146909,0.1059549028565642,0.7020634803269792,0.15516418359206138,0.20626647155072908,0.22262705241546873,0.22222591310914536,0.29532644779345285,-0.3289469426025238,0.1360871296118753,-0.025343062193591576,0.2864900201995238,0.6695627153414971
428,rounds_301_500,91,3,52892047,378,566,0,1,0.099928933501196,0.010842932119703618,0.003254747804021463,0.019585935152281308,0.546607877193462,0.3634444139756706,0.8900767290985131,0.6488167940629482,0.8804745100415221,-0.35704642373375184,0.4097449243981026,-0.060687221509166354,0.39729672882555334,0.32890638889820145,0.5401709944187331,0.3588914030356078,0.8776610885645553,0.640563421835697,0.8739357717536743,-0.36432356572779256,0.4040239678504159,-0.05359251369380687,0.3914068175189778,0.33524492812763074,0.0827182718957121,0.05677030720702136,0.14694617764965265,0.1021421003028584,0.10548436772112088,-0.03272174165552122,0.6342014620868551,-0.32854894155576,0.6542340123295708,0.06106725945775853
428,rounds_301_500,9,13,52810293,387,282,4,3,0.08642068046779865,0.014140163761476287,0.05441372403680968,0.147781529223721,0.6927859735699198,1.2066068344988883,1.865927340223461,1.3890309446327695,2.166346763341736,-0.5596101524681816,0.17691143922089558,-0.05788533883434234,0.154791614056683,0.507993065296593,0.6879769302113025,1.1983694100647229,1.840976377132758,1.3783563443072908,2.148919287701262,-0.5590447975057036,0.17279427360889196,-0.05292004402690793,0.151686293775819,0.5137773262741723,0.08007970822026149,0.13819236843496513,0.3013837910637409,0.1690913903920107,0.2702895302543165,-0.5984819193200464,0.40218615250003753,-0.3235898974841187,0.3539929891597708,0.14118065515457448
429,rounds_301_500,74,30,52975101,285,516,9,1,0.007481303690011328,0.004313340710359626,0.03390442692140244,0.5818738584406674,0.2735367126700634,1.0371281253196025,1.2313023255933446,1.1097736478689757,1.474365138772135,-0.32852779627923234,0.11967277650943964,-0.19315984049374488,-0.0006654480269989464,0.5517723378422242,0.2665382020248478,0.9698920336523548,0.8716015878354388,1.0295997626325795,1.3153419795540449,-0.27752746969448805,0.04975388783592747,-0.039346171692497246,-0.03702035762618553,0.7319514066463315,0.06112696063460216,0.36628714465395074,0.8686132687590378,0.4130039166064214,0.6650888205084391,-0.6103692816604593,0.5396368409151696,-0.668548561193239,0.2960680244010441,-0.31504126061927856
429,rounds_301_500,2,64,52903317,315,267,6,5,0.2542066416403046,0.013851697647312124,0.04281977209029719,0.16298549131523551,0.662256408946608,1.1317181074813014,1.832606812383102,1.298252316121143,2.130894429930356,-0.6413561550939046,0.10193598029379977,-0.06166009803734272,0.1014536003110634,0.4865703513551882,0.6536832682276221,1.1227073732242527,1.8033161802041116,1.2869843341610254,2.1089703907113866,-0.6386915790130476,0.09959246553987071,-0.0557452079391381,0.09836045784117528,0.493703741472685,0.1052923288745614,0.14025651584102217,0.3236052378671736,0.16826574081824608,0.3015213593325291,-0.7919355292781816,0.18275945395441817,-0.32678645213418805,0.2298806154683634,0.11211513766086141
430,rounds_301_500,38,93,53039212,121,668,7,8,0.1598437241891159,0.1894291801378131,0.01654792385982416,0.3622382318290571,1.1672288293544968,1.1981718719586203,1.6821325191947865,1.6492586970330372,2.146966375902992,-0.30177659803481105,0.1902815050948118,-0.04786673190375388,0.17516770962672953,0.5538482197217444,1.1458684534376478,1.190888835434873,1.656055922674518,1.631233147521121,2.126706121281192,-0.30374135942063774,0.18348595227602915,-0.04669704744150065,0.1677637374612003,0.5584173910131395,0.220739533862144,0.12946280776535343,0.29275042978028937,0.24060791284544175,0.2908731183535051,-0.20890919551906828,0.39008716286750816,-0.11308227715201369,0.42882769620816297,0.3144660441185334
430,rounds_301_500,93,66,53094047,668,490,8,9,0.17219658431580034,0.01654792385982416,0.0722006753605092,0.0685903044128541,1.1981718719586203,1.4898913328830956,1.9066076142283754,1.89347811621938,2.5071060066806616,-0.324074455999779,0.13488753586643154,-0.05606935558318688,0.12173819045814227,0.5877676434726912,1.190888835434873,1.472963558686292,1.8878102069675087,1.8770936314346178,2.4879041011535157,-0.32540223859375095,0.13373982284696906,-0.05327855951754882,0.1198643984893506,0.5885589662527775,0.12946280776535343,0.2216894714256429,0.263893229994654,0.24538575030990167,0.3053732906312685,-0.24446219980421668,0.21382371312714427,-0.18794677816374386,0.2520331825032959,0.5531370252748566
431,rounds_301_500,4,49,53105317,287,624,0,8,0.14143998860351292,0.03355986565390291,0.002188440904025741,0.04972281072696205,1.105165637525139,0.34142408197264035,1.1938773063850319,1.1486439232746888,1.1554665461009157,-0.005939719601507409,0.5278937810759254,-0.020341162880481097,0.5171041824711736,0.2567840123583035,1.0942282048040364,0.3376031735940666,1.182790138513482,1.1374392745727706,1.1495780778699856,-0.010672045153157228,0.5242662943273559,-0.01774995105581719,0.5130587981694807,0.25861401204155016,0.15328830991245257,0.05035837331449458,0.16025907424578717,0.15809689533512994,0.11387643734964645,0.27970478415623556,0.7190780990146236,-0.14746737389784512,0.737984092587093,0.16626035515678683
431,rounds_301_500,79,83,53180092,580,292,6,2,0.20909659260385366,0.008182640377951127,0.013452056123060174,0.05788717881296179,0.8394342614675102,0.5980208166456964,1.688223667823876,1.0372633963500697,1.7634643567976493,-0.7001123947908903,0.2476374344079273,-0.056620746586681446,0.23308129763870136,0.2856666364659504,0.8342737142905872,0.5918109869116972,1.6699019594045768,1.0284636534920013,1.7516797131683146,-0.703200406957248,0.2422832637391494,-0.05203647501133845,0.22825188486213457,0.28978128170489065,0.09106020240824238,0.08498495747571136,0.24505771580095065,0.1329111330210503,0.1999973098338842,-0.5047446010576773,0.5911408022194683,-0.2721835621619879,0.5625596677613754,0.07730754649595403
432,rounds_301_500,45,93,53246197,288,668,1,8,0.18477380591876072,0.00267345291407158,0.0023145628431978237,0.02255766883996936,0.10500139947781029,0.41554107007423907,0.7016060984271316,0.42769093244075396,0.7747827011499445,-0.8115481119237233,0.2800988972233229,-0.05764586028837115,0.2520087302664833,0.47208546955645453,0.10118421680474597,0.4107254934065573,0.6948184513998126,0.42197952140005357,0.7690615129785079,-0.8225090886564768,0.276471394369052,-0.05345393542319033,0.24921212836481538,0.474086632598406,0.0279437886895318,0.06243289122679354,0.09617131394439536,0.06902885600287893,0.09261810541034486,-0.34173026721581645,0.4408592365133044,-0.25534141089145046,0.4069103466182826,0.3772479939778843
432,rounds_301_500,5,81,53206317,407,689,9,6,0.29638323746357825,0.005978741263647357,0.0021819109893320794,0.016593664190440904,0.47510222202343605,0.31690976506092733,0.7600046622453747,0.561974789098467,0.8064180748156176,-0.43497197820794087,0.2948224843212011,-0.06270152939428021,0.2919017540744426,0.3345288833707061,0.46913673894257457,0.31204470806307616,0.7518960286437868,0.5551979207643313,0.8021685256674373,-0.44483344707614525,0.2883387687276825,-0.056898429651859525,0.2841644038743436,0.3376302307229462,0.0742945868022143,0.05481262317526515,0.10950274123611406,0.08612671155545701,0.08088111534835114,0.06090556706937811,0.5769226082992691,-0.2898839127667956,0.658093156446003,0.21498038922026194
433,rounds_301_500,43,15,53344206,30,464,9,1,0.33952817613007197,0.058113935450091955,0.0029503274720627816,0.10973627693019808,0.6743198331756579,0.3417843032856081,0.7211654887083874,0.7611375801364388,0.6093960603533913,0.19936148699404233,0.7321929234837826,-0.03229686348407763,0.6627293373026313,0.4041687716929826,0.6691392194390319,0.3392927960110693,0.714139871418021,0.7545406985890791,0.6068356272490557,0.19575494286288087,0.729785943303667,-0.028081398000198567,0.6602887061623424,0.4082393798210374,0.08211806989115236,0.04056367999555838,0.09915220767344173,0.09860436023162805,0.05429608130430571,0.4493541545550249,0.8787093262202028,-0.2855165455456469,0.824568403139554,0.1278975221758915
433,rounds_301_500,22,13,53323269,516,282,6,3,0.04350292690928698,0.003868409237739715,0.006381740157182018,0.10490251624353485,0.3675683887145923,0.42509673442737267,1.717866481265401,0.579900275532435,1.6761690159912872,-1.8904435585106665,0.22918662640311596,-0.12897801150358448,0.2132542423426241,0.11863241992777114,0.362607915519344,0.4195181251948886,1.6820324012302912,0.5701481555414895,1.6504035954349014,-1.894692509997609,0.2197883349589392,-0.11504686719936551,0.20487626160440722,0.13404205074322897,0.05963083036781214,0.06801612220185502,0.346910460948963,0.10510337346797749,0.2904637073376039,-1.763600232356969,0.5111619687839576,-0.5483260099246399,0.48700380660813275,-0.38819937199857235
434,rounds_301_500,75,83,53476113,599,292,0,2,0.22225551181580194,0.0022023535838040214,0.00477227067167405,0.015313992401449166,0.2564304139353034,0.3745788505135868,0.9732675721189146,0.4562506654998801,1.004031289921282,-1.2006133159745405,0.19719561772085029,-0.06707335116085276,0.18430352038028291,0.3034886449070381,0.2536924105738203,0.37045098886117866,0.9663778716936122,0.4509012445531191,0.9991280918446284,-1.2158468265813904,0.19341397541492078,-0.06160044626395957,0.18109486943070377,0.30680516549285847,0.036942821235083904,0.05479916665623977,0.11365811325862765,0.06891787467651198,0.09675665753835345,-0.4039414011606086,0.42199480160830644,-0.382299266878298,0.4051054524243177,0.10742341192092379
434,rounds_301_500,1,22,53402335,189,516,6,6,0.6658973607253961,0.0029728061592322772,0.020741550059756263,0.2609306240512524,0.13425869008637048,1.1761682573446413,1.376131261174103,1.1766007971654877,1.7348872264213377,-0.4744909493524061,0.08061198136563098,-0.07367825885805679,0.09997485301529144,0.6165687061249214,0.13296391028950671,1.1688805651140854,1.349220637082492,1.1695652283884783,1.7160572447470912,-0.46726082743722963,0.08536951090990515,-0.06746544366305154,0.10185224752629164,0.6250264865643209,0.018344848810477703,0.12821700440296338,0.26902701959304753,0.12593203628492441,0.25221416776963057,-1.0027800328662173,-0.08610302881602522,-0.36922985876263004,0.007296274751967921,0.11476555470481282
435,rounds_301_500,70,57,53571131,605,783,7,4,0.02785469345249276,0.002802713955204056,0.017350245183297374,0.25361568222108943,0.4033273579963051,1.1316156020152206,2.137014602700624,1.2143209109597715,2.321686301390977,-0.9119215360921105,0.10629071388719191,-0.09675309631036322,0.08117863455936968,0.3987533661961445,0.3986278201396861,1.1179285423908112,2.0305646657267014,1.1972815265280494,2.249126369876795,-0.8785275810601956,0.091542980303894,-0.07707168040242983,0.06905127865683294,0.4289767958631166,0.06076651927553214,0.17363805963967505,0.6638529765080862,0.20085080501501817,0.5733567659527823,-1.8546401191168282,0.43215609675215905,-0.5094010163726495,0.3926395815171631,-0.27675899342500165
435,rounds_301_500,63,72,53564152,560,399,5,7,0.19925388669821545,0.0034178190983463236,0.0036429279491130727,0.02218190633102495,0.6020298029315249,0.5426553484339913,1.180926371877081,0.8025719826369434,1.360772002068614,-0.695513961997078,0.08444843714919266,-0.05222141269577318,0.08664391250583874,0.3776497316526774,0.5980964802866937,0.540488684904875,1.1732424883045465,0.7983363580291561,1.3550444513612219,-0.697335261926946,0.08040073132283064,-0.05113907803136069,0.08274225411409468,0.37941421022170146,0.06740223866804199,0.04695112930881011,0.13210855526022225,0.08039164851999177,0.12126253366648444,-0.5083971519296424,0.40348462107301625,-0.16326085619189,0.4173324532252922,0.19115885185598414
436,rounds_301_500,52,2,53653188,633,315,2,6,0.46532364126354636,0.0041276382856617255,0.004063129509034168,0.002863361743444469,0.5683581640396451,0.37515919796198355,0.48745722874770253,0.668212284947013,0.5753652548438574,0.13894840336633152,0.6293139653797595,-0.011958477815113734,0.5264624336214415,0.6039310115122132,0.5634745591571801,0.3720114507571217,0.48394000410419097,0.6635735377597942,0.5728459498064825,0.13672574747269983,0.6268183115783622,-0.012563853119119023,0.5227675070692915,0.6031652446213769,0.07319402221497358,0.04779083007602906,0.05742596357580482,0.07716877951539589,0.052368259168556155,0.3213802330758878,0.7924560681413289,0.02758937750690013,0.7531547246240574,0.6520973254311627
436,rounds_301_500,40,52,53641224,541,633,0,2,0.29230891219382127,0.007637724140129814,0.0041276382856617255,0.028095984969034114,0.8822707389586213,0.5683581640396451,1.1007687306123917,1.042841370894282,1.3108481312754539,-0.25699667069340015,0.2607752047572142,-0.05943587368033625,0.24406361128496382,0.416180018999569,0.8763678883273689,0.5634745591571801,1.0926523406734472,1.0365262813316882,1.3047528036449643,-0.258774453811889,0.25839760825226377,-0.05768463542197185,0.24054736697578255,0.4169853527938689,0.10001990822630419,0.07319402221497358,0.1313283383938365,0.11227528931858784,0.12324476498906814,-0.09770160234772374,0.43281039388874193,-0.17130305190950224,0.5081543165859668,0.3648195788680832
437,rounds_301_500,79,93,53780110,580,668,6,8,0.011047976638133407,0.008429605884399886,0.01839879908646773,0.05119002993936495,1.039475554120621,0.8592404290769744,1.623580322509529,1.3342568132583654,1.9185135571010583,-0.4378892714183633,0.1652076223979537,-0.06377118814574753,0.1604038466595475,0.42268986868446956,1.0324412076519494,0.8501670154088427,1.5988857277321167,1.3236060913369114,1.9020117261288145,-0.4369922732885605,0.16044424673311625,-0.059225057630730514,0.1553629933162027,0.4278252017628568,0.11862985406308188,0.12318632310746429,0.27966277035442816,0.16582124805791518,0.24768679939059582,-0.49369759479851494,0.41568044301934837,-0.24350322286446446,0.4466737336343438,0.1990283754484299
437,rounds_301_500,93,65,53794068,668,1447,8,8,0.926615696509218,0.01839879908646773,0.0017941131189280863,0.0017817445543706915,0.8592404290769744,0.5321696596431035,0.4226068135590148,0.967189460436406,0.9782686971087344,-0.011455084164512463,0.19245642369572502,-0.0384005261858816,0.19708544683717336,0.7738387242789766,0.8501670154088427,0.5260580422621989,0.4193462333380355,0.9590270359687336,0.9708644366150448,-0.012343135492894675,0.19153739634429845,-0.03724994425318157,0.192673780898152,0.7728990329754525,0.12318632310746429,0.07953620708011509,0.051583949336674345,0.12373719472807539,0.1184113907202304,0.043041253840843674,0.24587797323084457,-0.10062752347370085,0.41850892196426676,0.8229571378609541
438,rounds_301_500,59,36,53860173,272,884,3,9,0.6369345075156646,0.014305165322730318,0.009311425550388068,0.06257698981886885,0.6735746500922072,0.8297997294930368,1.4122132871126625,1.0538676056588505,1.6437827902848134,-0.5597621384871807,0.17158405781170005,-0.03265306499300904,0.16463708374204422,0.4854261666497975,0.6692095473204515,0.8236699784115769,1.4051524790918513,1.0479212149578139,1.63619291635651,-0.5613701612314226,0.1707608805142646,-0.03210609762524031,0.16251543863053755,0.48484240456821087,0.07514535154356361,0.0991219334350335,0.13782810012524782,0.10954511275595875,0.15409571942478045,-0.4066873048738393,0.24655026831892368,-0.07847122211139637,0.3494853689346372,0.5406529042574193
438,rounds_301_500,53,24,53854191,434,542,5,4,0.00283730378483241,0.004881432387143529,0.010793056559685448,0.11729753414175421,0.5563269826407164,0.7780164073822099,1.3783433082593202,0.9746812129896083,1.5386925029674463,-0.5786623179571342,0.14579940645974931,-0.12060085022363419,0.11297554040437416,0.4081773008793189,0.5515753389090142,0.7689667318982674,1.3086522226711326,0.9624701643536291,1.4997189838630234,-0.558197894757805,0.13046593761143568,-0.10007676524538779,0.09849134071297272,0.44000449451663226,0.07136744634072528,0.11710465375320363,0.4313222820119023,0.15226218881937878,0.34245598735263055,-1.2491203496284258,0.5690335456851272,-0.5633968781535444,0.5682705809994407,-0.33312471580224196
439,rounds_301_500,40,63,53941233,541,560,0,5,0.028968494227390392,0.005079762026963925,0.0015604847564342588,0.0597985350611535,0.5446169305329954,0.2591084978707941,1.7872063932834212,0.6082236984103231,1.6958157587413103,-1.7881448275914926,0.3162700197827025,-0.07835933694539714,0.3133563808687408,0.06667704350539441,0.5406103186899287,0.2559306945839372,1.7719650020165836,0.602442876237012,1.684837883333136,-1.796676580951536,0.3139908165338976,-0.06896177070690428,0.31114223498692206,0.07543604148544172,0.0647481723846053,0.04004673286106106,0.22973902830010598,0.08250958189473712,0.18925021191725006,-1.2936755655687233,0.46408954362105825,-0.5415790352526891,0.46881740217510276,-0.4003436638744239
439,rounds_301_500,71,46,53972140,547,538,6,0,0.20548973899694567,0.004184801290764219,0.006933921662328596,0.08796446903725155,0.42205216697963205,0.56102192208848,1.6922174922722637,0.6923480967141724,1.7119437604292507,-1.472663344571894,0.18095763267233336,-0.08095524287496522,0.18528957518090464,0.24381379433744288,0.4185150763257863,0.5536318254087863,1.6726005247947922,0.6853448659418165,1.696158965726135,-1.4748984781482744,0.17799698556090365,-0.07620696606049444,0.18126312875625158,0.24758117181739514,0.053807052891518006,0.08982152523051296,0.25425399045746777,0.09699857383163754,0.22910015574366485,-1.361892002054781,0.33366042892646236,-0.272305538667818,0.4043757501007537,0.08385281826280631
440,rounds_301_500,27,49,54028275,244,624,3,8,0.41785462470999096,0.0022904581064358354,0.001193231173629801,0.0030847978161182253,0.10940498974297634,0.17514127158594328,0.18170633066062858,0.2021923829799166,0.24007638371817586,-0.18736611231305478,0.23210464859463303,-0.11051303109703238,0.21101762739383825,0.6514355446696993,0.1085849159733786,0.17230286726690136,0.18014512386406242,0.19979110742443407,0.2386492010559419,-0.19449360951265016,0.23000363518482023,-0.10336965175380998,0.20600325890051716,0.651031630427071,0.013152358874890776,0.031152376244400617,0.023445064629217974,0.030752834020651428,0.025658342166186336,0.16565926415250032,0.36541059711269863,-0.4187626021534707,0.5336218596222675,0.7078379252816
440,rounds_301_500,95,21,54096071,502,526,2,5,0.09711119666344066,0.01962356690095145,0.0013271377911389043,0.025169704739660532,0.4905919954393805,0.22489868282791625,0.9332937191987513,0.5471475998457414,0.8848044006410514,-0.6171219628679838,0.38487327274452293,-0.08358340620887755,0.37271651718746074,0.15600847908089796,0.4844317466121598,0.22321563554187737,0.9269097177377618,0.5395392923997971,0.8824843201650838,-0.6356256765654897,0.37781463802855375,-0.07779006543868086,0.3667170963492782,0.16137909375502954,0.07675194149246986,0.026971963924933076,0.10688056413188898,0.09011054601543686,0.06102635278884651,0.32276125839486014,0.7894468950186331,-0.4972675887058348,0.7741797442021934,-0.2716703511467951
441,rounds_301_500,89,29,54190092,533,342,0,9,0.01607629006904882,0.012168238293485378,0.0042939611190896745,0.028825406519569118,0.9233052481458041,0.37113363493388224,1.2867951395360377,0.9906235477992409,1.1820848824853716,-0.19327355493565568,0.49675385684121925,-0.06225319546893638,0.48907152319207997,0.2210003050008773,0.9133663400946098,0.36667640150942243,1.2681067131190165,0.9799323771098339,1.172869304185732,-0.196888001236307,0.4921942864278538,-0.056534729130112885,0.48366989430572327,0.2269129956624134,0.13349921473900972,0.056750883982900596,0.21663981554048042,0.14339465839680773,0.14517027589138334,-0.012382731089341181,0.6846365330270786,-0.27733319800553685,0.7211457130292437,-0.015999196837338435
441,rounds_301_500,86,52,54187101,659,633,5,2,0.05733143222289101,0.002126314043354276,0.019348770539419583,0.059231036957187046,0.35631797751253774,1.2299527439254552,1.7461585289981658,1.2801599680978355,2.0609284122829723,-0.6098991248298955,0.1269921720188924,-0.06575133690590887,0.10782874934634631,0.5390596439434361,0.3519856006626899,1.2234563753550989,1.7292654073869647,1.2727368957766718,2.047611158553942,-0.6088251745891382,0.1224045924344469,-0.06345404190813414,0.10366386096504665,0.542237115810219,0.054802692856669166,0.12347517452331706,0.2389845275888823,0.1349508632207261,0.22942920610164005,-0.7000943945529627,0.33988563272258976,-0.23356905606056513,0.3370405103839253,0.2795428524460624
442,rounds_301_500,76,44,54277134,421,631,2,2,0.5762554856119494,0.0031838549967182594,0.015294902937155432,0.0779011916821926,0.3920140979222989,0.9206030766646818,1.7192117373293514,0.9943847266538143,1.8957441982500303,-0.9064494329366504,0.16480440685941777,-0.040595623806956624,0.156044322797004,0.44383561094420126,0.3894669456623281,0.9141377036902529,1.708819157680197,0.9881572151707531,1.8857482896070183,-0.9083484496757552,0.163883919496746,-0.039156402165737965,0.15424486242349164,0.4444717929432936,0.043879365434023175,0.1070715928908518,0.18489370543786773,0.1090955700651769,0.19006192305199152,-0.7421598598223829,0.23984455642767719,-0.15336430665828837,0.30813056157706586,0.3956714645927785
442,rounds_301_500,71,93,54272149,547,668,6,8,0.02772965897564769,0.0055280203153167595,0.0021071337551152934,0.02413435465264642,0.6213534071165608,0.4350884907711982,0.7603912922201982,0.7530615932252217,0.8963507697945226,-0.19027550715422903,0.297580170660376,-0.09166969843184178,0.2770664770137185,0.4345984087867005,0.6172160501206122,0.4310655517098891,0.746393796687289,0.7473515059223768,0.8883756302313291,-0.18869852163461065,0.29678476515540364,-0.0823283344232122,0.27472272507244444,0.44498372772741074,0.07029390047539222,0.0583719208634109,0.14423999593997486,0.09116320028757371,0.11781305275504435,-0.2923312519021255,0.37514454049214524,-0.4530319893562088,0.42227380809514203,-0.054150611145857085
443,rounds_301_500,68,35,54369161,611,307,4,2,0.38997815638739736,0.0016007072440026185,0.0018449361722949625,0.010356460252212575,0.25385715398372816,0.16557838195639601,0.7523977495715294,0.3048931897724877,0.704133642482737,-1.309443654704665,0.380271607691204,-0.07221461849728959,0.37428925079879777,0.1466376057383852,0.25062323945957277,0.1632215856900853,0.747451191773965,0.30050285421879647,0.7008825729585472,-1.3323657766266463,0.37625799920725744,-0.06877478404055869,0.37073555412183495,0.14829321899639702,0.03995768434542668,0.027574747557533398,0.08455174485620276,0.05106474784600844,0.06579424973731268,-0.28844755947337153,0.6252138656343248,-0.2580240901111794,0.6072284718169013,0.07031703611550776
443,rounds_301_500,35,84,54336260,307,417,2,0,0.3380892309279044,0.0018449361722949625,0.002004977359643413,0.0053160716841895396,0.16557838195639601,0.18677564657025988,0.49630404023096697,0.25235190816436603,0.47751035854459717,-0.8922399359610833,0.46005534124494657,-0.03436395195331388,0.4275864198929413,0.32374357591503106,0.1632215856900853,0.18480318023977627,0.493091229341728,0.24898061130070293,0.475360878063047,-0.9092284960652475,0.45677478463659577,-0.03093015427861305,0.4250965751948832,0.3253075931236304,0.027574747557533398,0.02672973912096512,0.05527629556577445,0.04070639587576412,0.0440613790611595,-0.08241906740244898,0.6705448475423594,-0.24600171775447466,0.6120382854826039,0.23805044332229156
444,rounds_301_500,15,56,54416323,464,284,1,3,0.3374267233576465,0.0027191635395865887,0.018910604783256228,0.051107988434378054,0.33947713006355085,0.8259560763566206,1.1204812501959536,0.8669812755119746,1.3214925136612448,-0.5242457374651717,0.1320801357927191,-0.08661107505077038,0.16159678171657943,0.5467451915729852,0.3361395216617952,0.8165670836713631,1.1035101068008402,0.8584678571845571,1.3104371463503706,-0.5264836480285915,0.1335776600018998,-0.07677328466440202,0.15973322684219218,0.5538327529633618,0.04688285094247865,0.12280545325657619,0.1926480409203025,0.11969114007637173,0.16826227286494802,-0.4058039112801861,0.07470013357301686,-0.46025585011395986,0.2631044995118961,0.19574125226085726
444,rounds_301_500,90,5,54491098,323,407,1,9,0.1218591066677152,0.00899118579192353,0.0035746489302255213,0.019764913610664996,0.4507841153250011,0.3537608211555144,0.8695475733840239,0.5726702734824005,0.864356853485362,-0.5093447198319185,0.38074592574889626,-0.06251908322584225,0.361119937939569,0.3261270480663974,0.44410441801022416,0.3503161866708524,0.8536069246325177,0.5642045556353182,0.8564027456331571,-0.5178940635614175,0.3699052793572003,-0.05532958091823171,0.3510793542013458,0.3350555126737931,0.07667710114293082,0.04859364251378197,0.16455162330189274,0.09729307497442928,0.11553770709730274,-0.1875224123368342,0.7076296867364246,-0.3337479978455588,0.6985845250676354,-0.040742767501943916
445,rounds_301_500,60,15,54561191,576,464,8,1,0.6295375998412479,0.003637901813150772,0.0014681362450937741,0.001873581308730839,0.5084676131515995,0.16607892800281582,0.34272546670040716,0.5241508434555248,0.49279606503629175,0.05982014301937022,0.43460385613535013,0.01867038987956148,0.41745835906446616,0.4495995035692248,0.5041095877827064,0.16388383309169355,0.3398333018411175,0.5208624360038189,0.4908442956347538,0.05763160921983823,0.42952781190062794,0.01177309504188812,0.4104683469829677,0.44294456236513124,0.06552520111786897,0.026630814354322338,0.043748470581047166,0.05755962997989908,0.042541775910354324,0.2609094963742692,0.737643125911456,0.3484201336320516,0.7705983797334226,0.7144606985941666
445,rounds_301_500,46,64,54547233,538,267,0,5,0.004509421724255789,0.002093722024900754,0.012002710109421362,0.050936817287054674,0.26506722392203613,0.801769291710266,1.588114790598506,0.8527137183808137,1.701338928099261,-0.9952052974237007,0.16895918803879997,-0.0834154088239106,0.14076157210925314,0.3895131141086778,0.2605566483749981,0.7977000770358655,1.569437916345254,0.8468192358112547,1.6885682512834574,-0.99401262970344,0.15970533024834413,-0.07922086364047584,0.13263763355002606,0.3953401682100097,0.04832795965894387,0.07882035758490996,0.24006289409260087,0.09839960544596442,0.20471731698747414,-1.0804688805372646,0.49634347679233526,-0.3669460145753457,0.48060182205779567,-0.04147379564655485
446,rounds_301_500,4,70,54605362,287,605,0,7,0.10086198916233154,0.010878545301966368,0.00795074768818897,0.254393730959661,0.6213738705145884,1.2677753520366957,1.631193679654902,1.4164203987077626,2.0342870378808953,-0.43621698736958936,0.10255042828362175,-0.07757046674901334,0.07897776629077347,0.5744239607957305,0.6170798467381916,1.2584508857868122,1.5150641935798277,1.4054425292442807,1.96539092946606,-0.39841429910539894,0.09715728616874045,-0.059334670743101045,0.07244636445317158,0.6114102470962216,0.07164416837748151,0.15099925626613153,0.6026132584010141,0.17333722300170054,0.5225683893733071,-2.0147499788212273,0.30180583998611826,-0.5167949884657024,0.3093479846388372,-0.2969402835438404
446,rounds_301_500,45,1,54646239,288,189,1,6,0.4165067058058692,0.0031598793876279766,0.006371464970288798,0.009535628982121125,0.1888275851794503,0.26755191026328834,0.5631604091556126,0.32393315746459006,0.5563898111750331,-0.7176068529997686,0.46443140535494587,-0.045585769786644616,0.437086797752765,0.39498995390733793,0.1868211163388848,0.26442160908869833,0.5585278025821344,0.3201061315243772,0.5531916906944285,-0.7281508731497104,0.46100940152179104,-0.041277680910703135,0.4338459955962858,0.3969765350862082,0.027132291156426198,0.04036817643478223,0.071074287911152,0.04913432951658971,0.05840731559567695,-0.18872723349071663,0.6528670490156303,-0.2677342534977717,0.6344799560235959,0.2975038135655508
447,rounds_301_500,85,89,54786122,450,533,9,0,0.33476929701196445,0.0036070442816708236,0.012937685461788946,0.24420228623785079,0.33231986490305004,0.7447387894972245,1.716953390927338,0.7986469475258984,1.7863731731012602,-1.2367495157092954,0.08065253230231136,-0.11832486639774863,0.10031857450008995,0.30275435887513424,0.32892047435455174,0.7328101200447753,1.6799026985830745,0.787538476478805,1.7549284012502349,-1.2283716334683303,0.08110973028859164,-0.1108327145323974,0.09917862722664607,0.31115361175938183,0.046843493569771924,0.13172189815895208,0.35281442968328663,0.13155193533874776,0.33159472029147835,-1.520637339447862,0.07154827540542186,-0.31699766145071984,0.1466031547261469,0.05930800158948984
447,rounds_301_500,39,0,54740260,332,574,9,4,0.5285505578640917,0.0056656793267133515,0.006220796937122941,0.12134408533040966,0.4550672209639448,0.7391187888110731,1.7827188688355429,0.8479779460707295,1.903137822703287,-1.2443246684914926,0.07783457677867649,-0.05651460087939175,0.09332219557723935,0.3376031240343422,0.452292332876767,0.7302610391200729,1.7697609892622153,0.8409773516556586,1.89198842180808,-1.2497495539960295,0.07861608491934086,-0.05177251109291824,0.0920411345221747,0.3398387707952968,0.04922216951326745,0.11278322630485528,0.21111016027971694,0.10711060073181194,0.2017980347629775,-0.8840155258604885,0.016239648221920203,-0.31458273420967386,0.19792315998441926,0.2254469893252044
448,rounds_301_500,23,22,54824311,1077,516,9,6,0.017917703369827676,0.00468052201140381,0.0023386580086397855,0.010408789388227226,0.5489543963254988,0.2922680905999038,0.9704614306016297,0.6266756641617219,0.8654740605656643,-0.38105579977064075,0.4832072222927255,-0.12450106313169004,0.4739141801549828,0.17529149485718998,0.5273964607834227,0.28772755060243277,0.9351098842187725,0.6053653800727644,0.8533398505536793,-0.4096277696803683,0.45713480888488295,-0.11487377821466714,0.44620604084228715,0.1905485804099614,0.15175410464188638,0.05085695007987009,0.2584299919143851,0.16132462947131346,0.14315323272605904,0.11263870126220021,0.8105818939926227,-0.3325107606885274,0.8452386669246343,-0.14243982056331728
448,rounds_301_500,63,5,54864191,560,407,5,9,0.1993860513946294,0.0016097618200243838,0.006161955913800436,0.003450091727669739,0.28532755403367693,0.579948766124022,0.507081171240123,0.6446450044149657,0.7415517364179702,-0.15032573174277553,0.32246326114001245,-0.050137225275182405,0.22283221947120685,0.7383940615310872,0.2818034337313739,0.5749216469553637,0.501985733018908,0.6387588986926209,0.7373412558696624,-0.15433422121995455,0.3145403183808841,-0.04736604125444268,0.21651685049943967,0.7396849842094615,0.04424573975386022,0.07517745395066922,0.07077086900681745,0.08579990203674007,0.07736492079886684,0.0983099168838365,0.6811412933622955,-0.19914764263105034,0.5518864086737085,0.6609492293552156
449,rounds_301_500,46,19,54947245,538,549,0,8,0.07438939799666704,0.004546886174780824,0.002553883003896441,0.007255309844516556,0.46989455377669076,0.3637886043236531,0.5300247642410865,0.592946339932469,0.6262432985888801,-0.0561550960247148,0.4526157591234157,-0.038580185522309456,0.3827027416166373,0.5439638863544956,0.4640804291515102,0.3614004517898632,0.5223810080662573,0.5866294545674899,0.6233480600973749,-0.06259250237776892,0.4439388279365641,-0.034980608403285054,0.37439525148382,0.5492431586205098,0.07291061896750436,0.040920128320325676,0.08885965785308775,0.08532354707332646,0.058678037893286156,0.3122878747310087,0.777214885887276,-0.22856258832514395,0.7542715938947947,0.23176011710016944
449,rounds_301_500,31,46,54932290,339,538,0,0,0.7179150225089924,0.001596146814491866,0.004546886174780824,0.014274410808658494,0.18322149564487164,0.46989455377669076,0.6788534048228901,0.49421988074867174,0.8122361509604736,-0.6434712212103917,0.06224289562865727,-0.046841760763478055,0.08653914777374755,0.542657375716476,0.1817851505168513,0.4640804291515102,0.6750481266544168,0.489922879852217,0.8078258730770999,-0.6488837453780008,0.06334126780018624,-0.044028299981005214,0.08207844508969467,0.5414811553717219,0.022558522560170005,0.07291061896750436,0.07023786571411327,0.0640940417182429,0.08268001722624714,-0.2899797705020397,-0.02121110150129744,-0.2218899457097731,0.40937596322430875,0.6418551976495266
450,rounds_301_500,3,63,55004377,566,560,1,5,0.25736467759715853,0.0011135021345883918,0.0013424295453053976,0.0015026039310517567,0.17477041469741691,0.31280052146783016,0.31679887729391737,0.3542590351152155,0.45347952328558827,-0.28007892060707307,0.10755671249145578,-0.04191496284493011,0.0971608305300189,0.6873338529946641,0.17268712406553435,0.3105782159057971,0.31466831280903573,0.35166254211500975,0.451692303430476,-0.28444815508030974,0.10188375251412761,-0.03880213538109614,0.09141633705989692,0.6883354116433665,0.026635305106673522,0.036459332480348154,0.036049527240020224,0.04199176426127252,0.038974303020892644,0.0718584058913374,0.4315405676579159,-0.2720595320826548,0.47380411369660724,0.6092408714133782
450,rounds_301_500,73,11,55074167,564,564,7,7,0.7595458446881957,0.0021351176917960403,0.0009788810488923143,0.0015007011678486984,0.44245659356028777,0.1924963161556898,0.3288884914874465,0.47790131971399563,0.4255539620517589,0.10953591359313364,0.5282495009515823,-0.01358859745840512,0.4718504668189305,0.496354348820498,0.44031772490370696,0.19115622289124934,0.3271711927159708,0.47604721860592897,0.4242857357636839,0.10873182495178724,0.5270472727226582,-0.01432234296224935,0.46939030193948117,0.4952068784331976,0.042409511438589405,0.022272252989899217,0.03280836151820414,0.04078795286233033,0.031559050317697554,0.22626540184016242,0.652951878219422,0.04991331999526778,0.711509266009022,0.5894438462642162
451,rounds_301_500,58,61,55159215,949,531,7,8,0.009302195699162736,0.0005874057885146038,0.002732405403697736,0.008128213449335338,0.13069513275451,0.47330970828460345,0.8978224163425816,0.4980507542847786,0.9532422527479942,-0.9139460076049668,0.3060456744458079,-0.0866522705024815,0.2537670282678239,0.4044130463717057,0.12850827791723757,0.46895450807272326,0.8858556237147625,0.49254445495443255,0.9463658940093039,-0.9213816833992301,0.29766265423975957,-0.07698136376411101,0.2471298598436825,0.4131990466118132,0.023612474096363193,0.06320206662546238,0.1447091192330588,0.0729939993650848,0.11254570049181403,-0.541848665243132,0.5863647443695863,-0.5245604915035836,0.5524102861900597,-0.10259271751398724
451,rounds_301_500,15,17,55116344,464,828,1,6,0.01999050738713504,0.001093815786880441,0.006251087634711225,0.1997256806108635,0.07341086795977239,0.7722414985775568,1.8646836970272342,0.7789716708153602,1.9118501507225922,-1.4543256479679583,0.1279111010278071,-0.1366860916344002,0.10640487275726326,0.26970439791654266,0.07149775194282099,0.7617555451349343,1.8046549352730128,0.7679694696793128,1.8689528559951196,-1.4336291086878146,0.1254742606642499,-0.11682214482721516,0.10437617366546148,0.29382057036181647,0.0165609851874574,0.12552676736745144,0.4670013131918561,0.12916700570115258,0.40031521549976357,-2.099206436866342,0.16919451864641913,-0.6133021109992427,0.14736497268140555,-0.3997960828095241
452,rounds_301_500,26,96,55227314,500,181,6,9,0.6061314015088808,0.005061150089022704,0.028222460906545167,0.016334815701993646,0.46749649300642565,0.7416573353887727,0.9103843704542047,0.846151343356438,1.191100313252195,-0.4076681702441598,0.05860037345179168,-0.05640683478984084,0.09606588476719649,0.6048138206485533,0.4626849911687142,0.7311461786722361,0.9045498363407296,0.8387947305902181,1.1840790300929518,-0.4116433817601288,0.05986690355187526,-0.05264369070094412,0.0908075252840472,0.6034159084273985,0.06619461538993233,0.12336490709025473,0.10088952372311945,0.10995540745170256,0.12662760574693457,-0.151626906594432,-0.01729134810383085,-0.25972900654255926,0.39961888344883684,0.7061388599304733
452,rounds_301_500,81,96,55282149,689,181,6,9,0.10983411466409415,0.00121426437025158,0.028222460906545167,0.04350995317966278,0.21742354673995645,0.7416573353887727,1.483920311022198,0.7731169025459264,1.5987193187367967,-1.067888198372207,0.07699669427756385,-0.08820118858726006,0.07089140374192741,0.38188778188569183,0.21516295607110605,0.7311461786722361,1.4640666025487776,0.7619776796265172,1.5860562771329008,-1.0814996548328097,0.07191280041871084,-0.07623899768944678,0.06677209577466552,0.39066514981811107,0.030858561030570192,0.12336490709025473,0.2397400860858701,0.12964872105132394,0.19806171405686954,-0.5276796597049576,0.29379463654994603,-0.5191566965033058,0.2933215843870703,-0.0053574610873659565
453,rounds_301_500,67,83,55368194,311,292,0,2,0.2508378963756324,0.001317053281569055,0.0019471033980759482,0.002027479058597237,0.1191400542299384,0.11955372837802995,0.26771778765072674,0.17268176338903482,0.2720255831436816,-0.5753000073947301,0.3217029363814336,-0.10891280874501821,0.2865501975909492,0.32162607551401184,0.11756550427793248,0.1173976794343801,0.2648404611354287,0.1695470512154621,0.27053106012745465,-0.5956105292781593,0.3125951139031735,-0.10024604480602833,0.2795903001045115,0.32594003232444435,0.019125467867015963,0.02244158609070024,0.0387113771503268,0.03252437213475031,0.027924077465540067,0.14144145965834365,0.7041144411837569,-0.4224696142033259,0.6270826304809861,0.17093504451312125
453,rounds_301_500,22,12,55323329,516,528,6,3,0.40392957568265797,0.0018372040802866897,0.0011405242212772877,0.002482870253813665,0.27583962721145805,0.12700020409647014,0.3283291791292706,0.30229993581396225,0.20623108328851636,0.3177931621678127,0.8481373638832164,-0.03631945252028585,0.8052039058325071,0.3309552047354211,0.27259791750298706,0.12494947473394652,0.3243293511045326,0.29837636715142585,0.20479636262708517,0.3136307523874666,0.8464839492940032,-0.03206177967565332,0.8032950501757529,0.3331836552538236,0.04176934391904736,0.022530399008370037,0.050641224116344474,0.048124593928161145,0.023904881649653976,0.5032709951726883,0.9171926074789214,-0.18794677746768398,0.8886022369405456,0.2530995819412361
454,rounds_301_500,61,43,55462215,531,30,8,9,0.6432047862806031,0.004182460410811472,0.008930016169324517,0.005449759088911709,0.6028964688847289,0.18533555935930793,0.5753224921690575,0.6283712150015336,0.5656262382122247,0.09985335943365226,0.5747328676745059,-0.03380801829798611,0.5566611747946815,0.2771938264850112,0.5971508728579484,0.18368191708745576,0.5699125522200227,0.6226462707994395,0.563179672169269,0.09550623109621936,0.5705889608722264,-0.033183015995748216,0.5521462203304681,0.27788171508520154,0.08193184775153954,0.024364329725916,0.0776467048044344,0.08346640033695299,0.05107490201563872,0.3880782948653606,0.7960057403980771,-0.06846491484755554,0.8007932216154099,0.23878345261191875
454,rounds_301_500,97,6,55498107,481,753,8,3,0.2272131897400179,0.000960048510460183,0.004810976115277299,0.16308064433513209,0.11371147410614331,0.6499592947917625,2.3978161442089503,0.6576478882893051,2.435398233491815,-2.7031947898849813,0.10237643853605023,-0.0625706879997124,0.10558371633302019,0.20448741070584664,0.11250973239343186,0.6423181034759717,2.376010846741973,0.6501643568055303,2.416692186470678,-2.71704809895251,0.1044335698370569,-0.0563195953342512,0.10688733037712374,0.20959414039619167,0.01629534751952577,0.09832425456166695,0.31809210462367415,0.09786450953583445,0.29654210438244055,-2.0301291631554905,-0.0037866220309929585,-0.36548729545210407,0.032737107978608994,-0.06046081086180234
455,rounds_301_500,8,83,55509377,157,292,2,2,0.7926171726025077,0.00801003651577048,0.013132318769930863,0.013067981396307004,0.5346788599336175,0.8257646199304879,0.5313438323609896,0.9725919715887088,1.0684422845177814,-0.09855141285250713,0.07072036786004172,-0.05300038518797715,0.06053879519002236,0.8325983735554475,0.5318667784753102,0.8217160210002163,0.5276367521906026,0.9686382498717339,1.0644231106770694,-0.09888610202830539,0.06939367398711722,-0.05156728828386199,0.057968869549914294,0.8333728201249607,0.05355884729805004,0.07968630566293232,0.06156143186489464,0.0851407267349773,0.08991397801134857,-0.05606307885096218,0.18376031571993032,-0.17759852329173856,0.3240954651090355,0.75027998297424
455,rounds_301_500,42,30,55543275,216,516,9,1,0.05428728927126038,0.0021394425607286394,0.004224489006975835,0.14097260096226819,0.17293328576681347,0.4169922713016304,1.2121449202394952,0.45504099948820004,1.202234236305685,-1.6420349763161526,0.11555482847858942,-0.18057510905349838,0.10806489370023525,0.16392072125518906,0.17127631290003656,0.4061176025525108,1.167792036540843,0.44347017445148246,1.1735490192229054,-1.6462862371171632,0.1106891416539906,-0.14644653646308334,0.10370797521372077,0.19942502071034285,0.023610023228099082,0.09412765773855336,0.32369394249987476,0.1014322311964304,0.2598140567775812,-1.5614546156875289,0.2704798036828145,-0.7126803986353195,0.26080723216417834,-0.5153891661762254
456,rounds_301_500,96,16,55697116,181,561,9,8,0.052609873765545684,0.004229611033952097,0.0012895828762945409,0.022836126144102308,0.20395460810390578,0.19524732188537106,0.7564862274616818,0.2864883660153588,0.7123198916185834,-1.486383309472314,0.39019692438038345,-0.08984750813860234,0.3787471153095432,0.16657323874954097,0.19836873863813936,0.19252978262077966,0.7470506045665453,0.2799040932074832,0.7071514956664868,-1.5264064114357194,0.3800000542874782,-0.08253565979235465,0.36911278828795646,0.17312946218938094,0.04718703790271638,0.03217317845956425,0.11803525233127792,0.06073937519186173,0.08440415991200009,-0.38961192217382457,0.6930247818811792,-0.3657080135312943,0.6998711048664894,-0.09956979655380319
456,rounds_301_500,86,84,55687146,659,417,5,0,0.2941444551538585,0.0014134465374809225,0.001681545678163982,0.0012847721486780627,0.3286726817935601,0.200996707075845,0.25342107247482565,0.3844240766530749,0.32955001229524067,0.14274356808133937,0.5986302192409771,-0.036103415628470595,0.48056801497783075,0.6038313768284322,0.32563569964255895,0.19919134959891918,0.2501832574460155,0.3808962243083939,0.3278713284973564,0.13921087274445054,0.593844903573062,-0.03425912696395311,0.4756300468853864,0.6062773663139128,0.04396174165783032,0.026476553057112395,0.03996982196384706,0.05124272421810081,0.03249938807366541,0.3657755599538278,0.8275237171636195,-0.12238838981216325,0.7343649258565987,0.4779455133258994
457,rounds_301_500,66,77,55767209,490,190,9,2,0.2568508004688896,0.0013875250521232375,0.0030334062379552052,0.0017752288415795192,0.22446033531335532,0.1341847152474384,0.24934048361992844,0.2621408107779823,0.24608554973358743,0.06124670552725464,0.6062560865989279,-0.03690715895272257,0.5396399776754892,0.44835246076046437,0.2225563636735671,0.13297373397048165,0.24720397742060043,0.2598351457604667,0.24512583031883406,0.056610184117250384,0.6018102012202273,-0.03525945182697641,0.5355259587978296,0.4493308862607199,0.028739958003438933,0.01775925874609357,0.03210527810538626,0.03422037309976311,0.021079020348371523,0.3840213171574848,0.8707664877880619,-0.13201216358413911,0.7935868600150483,0.3910339791167637
457,rounds_301_500,27,14,55728326,244,778,3,9,0.685102217025893,0.0019873341405764224,0.002207133585579868,0.04077495364239439,0.12529250925890387,0.42399612998216035,0.7715277268934299,0.4352134019484753,0.8532259228142351,-0.9604771337332303,0.10275520993001235,-0.05625569168263667,0.12041777763480152,0.4429630562201889,0.12435149001974768,0.4204802566232915,0.7646115668254664,0.432396982983022,0.847125475514041,-0.9591382661134418,0.10702906570743458,-0.052291181012137866,0.12090394874414385,0.4460082654517547,0.0150695125779493,0.05373448701866525,0.10170064215811965,0.04854515688076145,0.10023001935128167,-1.0646759798813843,-0.16016646805667817,-0.2877061683300256,0.08818421153577331,0.24370158300417094
458,rounds_301_500,60,27,55861230,576,244,8,3,0.24756762649745637,0.003867144954832232,0.0013881923875305802,0.004301172997293179,0.48737019481486293,0.06118656708612426,0.515388719659845,0.49096237981178503,0.1858087324746178,0.6215418123363152,0.9393083428844333,-0.0041887630909394555,0.9336695735521723,0.11378763000542919,0.4838330872646551,0.06052535629580986,0.5118793348787631,0.487392117390643,0.18523023715107445,0.6199564364258827,0.9387917861659396,-0.0040529193774182385,0.9331527019706686,0.11345220209882925,0.05772333698335287,0.008869102277469823,0.05909456545221581,0.058214927932765705,0.014140398407340929,0.7571001303364641,0.9773729653188413,-0.012679803193278816,0.9714983120010181,0.13613516665670108
458,rounds_301_500,27,3,55828329,244,566,3,1,0.40550940806209707,0.0013881923875305802,0.001211439920371049,0.0033233831636607647,0.06118656708612426,0.1842871297327347,0.27553303313042604,0.19339318059464222,0.30118607025614935,-0.5573768905918364,0.3520040904621995,-0.10573160353747665,0.31593432025420676,0.4927586424609589,0.06052535629580986,0.18118973745419345,0.27326189255655975,0.19026885904384092,0.29930128278923407,-0.5730439773135465,0.351834336269072,-0.0974998518814294,0.31503733521528565,0.49406751875444144,0.008869102277469823,0.03344206886238189,0.03480541982787438,0.03439823701509261,0.03306040397862942,0.0388924884689934,0.364762723363914,-0.4624134522013505,0.3805791299475769,0.49001264265598377
459,rounds_301_500,47,59,55948272,572,272,3,3,0.6766543325377912,0.002533421253610868,0.0038475437303228926,0.003066251521522645,0.4714315076590227,0.394985063251256,0.4761614663378941,0.6055339437012969,0.7368463602602342,-0.2168539318478111,0.09049121768709018,-0.026138416352215234,0.09068854740900052,0.6264308479247437,0.468961890480834,0.39301622242836054,0.47423524045031046,0.6034803980963064,0.7349390836993147,-0.21783422629417282,0.0885344368356087,-0.025679468935642186,0.08692541167525109,0.6262730856921364,0.04691178821672415,0.03833384420766663,0.041541484334162396,0.04787644500105855,0.05042670138516013,-0.053267455092899985,0.31283551857914044,-0.08028478231730002,0.5106016475282834,0.6455302101995034
459,rounds_301_500,84,35,55985161,417,307,0,2,0.3380892309279044,0.001516616098362849,0.005385036231018603,0.026368023526285672,0.14818933383249747,0.594079687637771,1.1225223324609803,0.607182888932315,1.234686517985718,-1.0334672476637485,0.14007453542884885,-0.0432432225154385,0.1429070260239469,0.4374378945019461,0.14653148262019303,0.5900922341164508,1.1166490509402087,0.6034165722952014,1.228993372246432,-1.0367245923852222,0.13969642991610556,-0.041640878108311595,0.14100316170137359,0.4380067530067485,0.021868749128708315,0.06753520503075974,0.11242152740788973,0.06627201355717761,0.11575819990237535,-0.7467131853855995,0.17627617658351996,-0.1820148060483982,0.2881103775094813,0.3917876066378306
460,rounds_301_500,46,77,56047278,538,190,0,2,0.4561140390820098,0.001764215925306251,0.0017117326919105836,0.001968287947238423,0.3115669387314939,0.061231144879294305,0.3656862797134772,0.31834066693568813,0.17045007495452785,0.4645670733957389,0.8983054269404847,-0.029381690270045335,0.8879910135807886,0.13682077275166707,0.3083135121107832,0.06059879194391522,0.3623352175554519,0.3150756862455682,0.1698478904192302,0.4609298723010581,0.8969593027883063,-0.029772715981743584,0.8865788314980849,0.13625077568614316,0.044344096768544325,0.008668562808720732,0.04868465262440341,0.044896629797876605,0.013835557430794931,0.6918352782139277,0.9698357182803483,-0.008255620839893833,0.9620808223349875,0.16740913675782398
460,rounds_301_500,77,41,56078185,190,485,2,1,0.4752870740928654,0.0017117326919105836,0.006426602995779831,0.015555484213109594,0.061231144879294305,0.6141018351702022,0.6538068147113196,0.6162699861557585,0.8677469290470949,-0.40806294082246164,0.2843858299690191,-0.039224375758268745,0.22151250669102415,0.6692684076570268,0.06059879194391522,0.6111640931558716,0.6507963628007295,0.61341667695814,0.8644006103421326,-0.40915733597037485,0.28467610153715434,-0.03793111363760102,0.22016817597305344,0.6697110216456781,0.008668562808720732,0.05847156276552122,0.06104488291292101,0.05767498203650089,0.0738298889377819,-0.2801025042549128,0.2853124273718373,-0.18211382602316012,0.35429676535443516,0.6193786113651646
461,rounds_301_500,81,7,56182176,689,1017,6,7,0.21785475594341622,0.0005185807331664754,0.0024686359530148496,0.009592037864370339,0.060521288599277384,0.5289352041443101,0.8757882259764467,0.5312254925233647,0.9727178202059182,-0.831082720796076,0.22090478533506724,-0.0859260894364063,0.20709466986247313,0.4613179956805838,0.05960234533965542,0.5261319785208021,0.8704641735541235,0.5282976300665102,0.9680225735095164,-0.8323432065891472,0.2195023070576659,-0.08402377146341651,0.20613527559051723,0.46292187965913617,0.01042539284461252,0.05308741689258137,0.09452844143523538,0.05443470649519706,0.09325639032174862,-0.7131788949753393,0.3204146696778903,-0.25611156252049555,0.29795798309101834,0.30134125192826405
461,rounds_301_500,63,20,56164230,560,807,5,7,0.12199119372740061,0.010846428575799412,0.001667797392806011,0.041623094162544776,0.9886067122640148,0.5333273466904451,1.7144780585344972,1.1080348920902354,1.8592183528337691,-0.6779420631118169,0.18949109600906794,-0.03725464772467655,0.1925729120497052,0.26426715677611706,0.9821533102491934,0.5293208365074613,1.7054554337372803,1.1017250355323343,1.8509336529730331,-0.6800323068620242,0.18799794488025032,-0.036899475675128496,0.19038810353753446,0.2639511607936459,0.11061723019162156,0.06411617287904633,0.1719019610588446,0.11548391572752241,0.17100139318280907,-0.48073774694544413,0.32133839692682603,-0.0646288213066226,0.383449262025814,0.2952254372513056
462,rounds_301_500,98,2,56299128,97,315,9,6,0.05387088205449129,0.004239219322334975,0.02535291036225057,0.1687958338239696,0.23900463835915922,1.1796315674553213,0.942529442614655,1.2028153681138518,1.4673252658065892,-0.2199089774746712,0.08984272941272374,-0.06368087921483404,0.06061138421300143,0.7656564939847176,0.23820342935726554,1.1737391025127206,0.9251123246796483,1.1967130218665767,1.4563491122576502,-0.21695768797276505,0.08688924222718179,-0.05926627746863438,0.05870802375837424,0.7712431693304898,0.018614540763082228,0.11506929665080148,0.17910312048418575,0.11822200900671062,0.17630986317818803,-0.49134551729856146,0.3250370802653456,-0.3105861220854259,0.2648909382081237,0.32964082759736935
462,rounds_301_500,73,78,56274203,564,510,7,4,0.01945001528522336,0.0028514197466089778,0.0029156391661010936,0.02834489160704834,0.5566447880280592,0.35540413214465194,1.3282985678604207,0.65849569660769,1.3608700961472233,-1.0666347603452673,0.18053172810953788,-0.0837346424178069,0.17986281331178158,0.1814155532470335,0.5537514730504215,0.3483647851319631,1.3193306959786772,0.6514670701094177,1.354331193991001,-1.0788943234898012,0.1791686779872346,-0.07510227762560942,0.17895544647460135,0.1861669865708334,0.055269979287435864,0.06986345532978008,0.15127312543974006,0.09477351985716868,0.12992434673235412,-0.37089291321205087,0.30087037317947507,-0.47093748641592853,0.2701117757669752,-0.010316046815638987
463,rounds_301_500,50,3,56351275,359,566,5,1,0.49754689663071494,0.0028789768333808753,0.001020995404299659,0.002343917240250448,0.3883560300453375,0.16498687968336012,0.34350795006070256,0.4191483861390232,0.24115822054169497,0.4246471452195749,0.8769608892733379,-0.01364545925178716,0.8027531942777948,0.4229087992976222,0.38528077147145695,0.1627224448421228,0.34067046271824164,0.41556615085927384,0.23966282964647104,0.42328596987286915,0.8761825558413331,-0.011804651745792562,0.8019584259076049,0.4223008078986997,0.048010344314849206,0.026998916471152504,0.04341839715050256,0.05389213270008441,0.026312139827129065,0.511762876901551,0.9260897687874459,-0.10077315511143037,0.8522590111969184,0.46394765336546584
463,rounds_301_500,46,3,56347287,538,566,0,1,0.1592526400420293,0.0014638983710690146,0.001020995404299659,0.003351798779542812,0.257835586118463,0.16498687968336012,0.47694386724859555,0.3079153820815024,0.36295853074622736,-0.17876063317342017,0.737505386034727,-0.058214836419625576,0.7055140034400569,0.2769278208688681,0.25487216279156966,0.1627224448421228,0.47284043958578087,0.30414329886452734,0.36108455581505156,-0.18721851562439706,0.7351792003751264,-0.055240466047572115,0.7030422452913467,0.2779391474120612,0.03847694499087693,0.026998916471152504,0.061420794811053295,0.047511371852222865,0.03596803292694452,0.24295949528003957,0.8633244143028934,-0.197667679065169,0.8450109969526671,0.2395869721584967
464,rounds_301_500,46,94,56447290,538,500,0,9,0.04747993865497051,0.0014977497954863463,0.003456414866959676,0.02548572501208665,0.21596703944382523,0.3460654798040608,1.535306061521926,0.41097843864320766,1.4825208416830262,-2.6072959121100796,0.23843045402381438,-0.16005955009652598,0.23720599567328432,0.06605423211572661,0.2122278714344519,0.33613425940217556,1.5085129583929962,0.39987113991202017,1.4661568607742739,-2.6665733393434152,0.2302207258290767,-0.13655376884281328,0.22858433881327678,0.08675853798841594,0.0396878956097763,0.0819054779856502,0.2833184189796615,0.09440063244647631,0.217187041962441,-1.3006947764421248,0.471321848041736,-0.6768103341216274,0.5329261573151352,-0.4659964649042858
464,rounds_301_500,97,94,56498137,481,500,8,9,0.05991975136132527,0.000619990655395668,0.003456414866959676,0.015207999209233094,0.05693827726616853,0.3460654798040608,0.7895386596014988,0.3515741158589344,0.8298993122967555,-1.3605244950107314,0.13352219874214194,-0.08461270911367826,0.11995970596007097,0.3345229055750086,0.05606837757613105,0.33613425940217556,0.783778138765468,0.3415936922060143,0.82442795821714,-1.413475356915928,0.13021181142341448,-0.07566501070372289,0.11710831179136033,0.33388717004463037,0.009823110172508828,0.0819054779856502,0.09367854165170031,0.08275989123690873,0.09358926215217074,-0.1308528896474963,0.2995809326923506,-0.4114907858630786,0.26958104007999517,0.45278276897762415
465,rounds_301_500,9,3,56510404,387,566,4,1,0.06291707647760748,0.006352580070233671,0.004535252949184118,0.1050096473780286,0.5520015723994603,0.7492819679237207,1.8728049092017107,0.9295807578283188,2.0028860724683555,-1.1546122330968709,0.1186307018762165,-0.04086459939652183,0.11264353756671286,0.33832052147077535,0.5496492152035252,0.7465356704856981,1.8609113675295528,0.9255194040320746,1.992093085446243,-1.1524055322531148,0.11763991418622886,-0.03976529320596215,0.11202206709024111,0.3401239035139361,0.04956836549961429,0.061718135224809664,0.2069584470174606,0.0843155935030133,0.20325416222793277,-1.410635492006218,0.22010154758639022,-0.1609947124760857,0.17965357825391814,0.1377094323604685
465,rounds_301_500,40,88,56541311,541,338,0,0,0.9670642094580081,0.002713715343270451,0.010605185092260529,0.0438865488715237,0.4208881171067569,0.8083911418352038,1.583271670006444,0.8953119732529425,1.7804432970055843,-0.9886289362764675,0.05263157243139091,-0.026646202349966487,0.06702143300038234,0.43573408587789286,0.4165501953833009,0.8048722541963255,1.5765063996743878,0.8917645425551322,1.7731990046776873,-0.9884161345964948,0.05120415608080046,-0.02724073477263409,0.06400639107604697,0.4352759742029064,0.05949864986410073,0.07328944691154356,0.14231171847511817,0.07721763293293332,0.15617704306394037,-1.0225567287148847,0.1677466831461698,0.04874531836128122,0.2980840410130295,0.4915233658741566
466,rounds_301_500,19,97,56620377,549,481,8,8,0.6530546061672047,0.004666648269895548,0.0017552317536319605,0.01023780977041249,0.4630577779525272,0.35678453504673163,0.8624446634248564,0.5778401179685257,0.9113563329680358,-0.5771773274794954,0.28194074538205033,-0.03566211268556388,0.27303421174085285,0.3538020093061833,0.4602956557286184,0.3551652882551945,0.8583442924541863,0.5749214588046814,0.9079892327778347,-0.5793274348562918,0.2806466563542398,-0.034578147835103996,0.27140619636050267,0.35475061979018735,0.04945660313921255,0.03312390124546963,0.08207833980319798,0.05668272400978137,0.07609459557334426,-0.34246539669147014,0.4081320323394895,-0.15557193815389492,0.44066340444382807,0.24349323185091537
466,rounds_301_500,97,19,56698143,481,549,8,8,0.6530546061672047,0.0017552317536319605,0.004666648269895548,0.009748817328654695,0.35678453504673163,0.4630577779525272,0.7373547150353302,0.5778401179685257,0.8898965292063288,-0.5400393664858008,0.11032653182284749,-0.04045634248776564,0.10800073225839998,0.5068846343298931,0.3551652882551945,0.4602956557286184,0.7328025553733931,0.5749214588046814,0.8861627035123094,-0.5413630678436137,0.10834943286588707,-0.03831919818221743,0.10576039966337596,0.5083052559178751,0.03312390124546963,0.04945660313921255,0.08011354113144692,0.05668272400978137,0.07916019140035216,-0.39654882123682,0.3035313104118873,-0.22132325902346442,0.3474932449350474,0.3762407915342968
467,rounds_301_500,52,38,56753281,633,121,2,7,0.040295793819098306,0.0011688126584676166,0.007652971336695676,0.0025837056680197397,0.24820525242570907,0.39835002373920253,0.472127930994736,0.46711241883905913,0.608306004958731,-0.3022689622994572,0.22482937683612778,-0.04883631485253169,0.18312945152834537,0.6227113922063172,0.2459691585795576,0.3958374239428052,0.46870757628819465,0.4638986132584837,0.6058620815567473,-0.30602261839304457,0.2181839263360839,-0.047194143297469515,0.17745051626733854,0.623848750987859,0.032777309882282404,0.04390018680676266,0.05576463036848921,0.05378956840420237,0.052990149195584625,0.014861974771957609,0.6421862369127083,-0.1730870393702596,0.5787893294030236,0.5291232973660119
467,rounds_301_500,13,91,56714398,282,378,3,0,0.13195701991091482,0.005339055918254113,0.003070662425670889,0.013505062790257701,0.40456670191686955,0.31445914075757164,0.6476946166138287,0.5137890019590535,0.6244118672004654,-0.21530796653803796,0.5133248423891421,-0.06033782702989203,0.4706321676072098,0.3918757447874221,0.40068612740284243,0.31111177470897117,0.642583940588153,0.5082867740938091,0.6219643814958914,-0.22364856454262583,0.5093572040247879,-0.05536571264196457,0.4669281878438279,0.3946015187770076,0.05516063107321105,0.04525513056308724,0.07994545284686322,0.07412084678747906,0.0536650805230301,0.27597858296330835,0.7466921727623254,-0.3343953688259006,0.7222919541905956,0.2387239390107704
468,rounds_301_500,95,79,56896155,502,580,2,6,0.0041029732438996065,0.06470407393009571,0.0020086129463985952,0.09797722593542527,1.7432666390959344,0.39094070104194534,2.231437374375933,1.79152694831351,2.355469646299317,-0.3147832626892306,0.32795848920577514,-0.05108764392684818,0.3236128396166318,0.12332282620287026,1.727307651770521,0.3866434006696497,2.208293365268598,1.7741885822432912,2.3434566653559563,-0.3208610904218987,0.3214017461818791,-0.04720223882300917,0.3172471148128666,0.12699091398878318,0.23247346717109343,0.05715216333961978,0.31706532191170517,0.245771870960704,0.2325008338983649,0.05399737980780139,0.6676124753988022,-0.2334072313781174,0.6640042828335562,-0.0545820077220944
468,rounds_301_500,90,79,56891170,323,580,1,6,0.024370824521659912,0.006814258379745297,0.0020086129463985952,0.04424236899857143,0.4108089568558604,0.39094070104194534,1.009778662215651,0.5672071860857067,0.9957231151986655,-0.7554839565241487,0.3701119220040226,-0.054270751426575094,0.3514892269688908,0.316263684875348,0.39878676987907896,0.3866434006696497,0.9929319712459987,0.5547033092465786,0.985719160106265,-0.7770205147056186,0.35862662989100436,-0.04943594178625829,0.34090590069143273,0.32222169004625767,0.09817612661566356,0.05715216333961978,0.1822977057205061,0.11769753045947237,0.13920560744025856,-0.1827402571389738,0.6386127969928866,-0.23266289230429274,0.6272433117514334,0.08284267440380798
469,rounds_301_500,17,3,56918392,828,566,6,1,0.036746601823807325,0.01768908504531924,0.0008327563249622471,0.01942314859132988,1.072122007994896,0.0759911577681121,1.1480627993342418,1.0739142263048063,0.6366880153400831,0.40713327028840973,0.8363829190483986,-0.04024461381343382,0.8375627478563696,0.025958440444942586,1.0587723129589977,0.0730037006199497,1.1324507473568957,1.0603079965093607,0.6328307116615213,0.4031633131647947,0.834175285438813,-0.03542984915255847,0.8352128747875964,0.029041369616708224,0.16699691403211778,0.021017158308669813,0.18684852505024416,0.1687459223259225,0.06861684980414293,0.5933718050287837,0.9217744140522401,-0.14703205987054085,0.9289790031715487,-0.0349080582129147
469,rounds_301_500,32,24,56933347,318,542,1,4,0.07251674695900098,0.0021656077330200266,0.005659664453494109,0.0327477334194035,0.19461884121550496,0.5715330344270295,0.8977372969535204,0.5984227907438767,1.008200756566033,-0.6847633013989602,0.1413543327068895,-0.09567531639462055,0.14097972503133166,0.47749755349099426,0.19123922512727634,0.5648861359820737,0.8805511197271989,0.5913070165106041,0.9977877724137193,-0.6874275876207627,0.1368704328266442,-0.08377072496570075,0.1355213464452261,0.48841132945027377,0.03586448063413799,0.08593407227510513,0.17359844756435028,0.09101550305597249,0.1428256238317593,-0.5692450081160874,0.26271830843160976,-0.4943586522040695,0.3379961030370863,0.0007566353410672907
470,rounds_301_500,56,46,57057278,284,538,3,0,0.3378180936639881,0.008404516747395974,0.0016904122116763822,0.013384148197170967,0.4685417329459776,0.24404925524656942,0.7210820536784194,0.5209323227191875,0.7294175188428899,-0.4002155117490911,0.360483022888147,-0.04459735977502854,0.357149778268137,0.28218955879061164,0.4615198483870741,0.2399816865733792,0.7167418183938313,0.5134012271780711,0.7262293914653718,-0.4145454919481173,0.3555424015748386,-0.04264521870756434,0.3517405723286526,0.28068741329092106,0.08007886949737139,0.04402126769923028,0.07752698242410187,0.08747607687374272,0.06643138156685882,0.24057657886576744,0.663397509068461,-0.148302281587766,0.669910781921618,0.3905223927507071
470,rounds_301_500,43,35,57044317,30,307,9,2,0.14329828321702445,0.026516848907340317,0.1233851341497419,0.46160255967406555,0.6335297038695247,2.168190003859252,1.3058719671161712,2.248581529322173,2.527307870804765,-0.1239565200762871,0.12042200472323271,-0.03088302612658321,0.07763048681790007,0.8524090845098904,0.6310756365840403,2.1511515029506425,1.2807121775939863,2.231974936640462,2.50595621549083,-0.12275284742343961,0.11924602436189038,-0.027107693232488937,0.07583463997792891,0.8556358343768518,0.05406109962606801,0.26710160038853376,0.2531681422163579,0.26828157468724373,0.323224486400745,-0.20479569563266664,0.23243578816036184,-0.18657167096857244,0.24108443629277354,0.6623094325037323
471,rounds_301_500,27,43,57128368,244,30,3,9,0.4770741434945991,0.002565043627982959,0.009532855660654604,0.002434086304856464,0.1635566337538488,0.24369960895475848,0.15259763006810836,0.2897306706432833,0.27326341582706976,0.05683642252872856,0.6271190595063304,-0.016850657645166828,0.3589027450158041,0.8450385429844854,0.16211492390928925,0.2426881724894,0.15127583086466095,0.28840145289819297,0.27237735711289973,0.05556177205164714,0.6238894044641048,-0.017292794914337026,0.35439473421069007,0.8460792306976824,0.021368185689284627,0.021587696887286803,0.01973096702026432,0.027021747424655698,0.02123061437519833,0.21431378801850964,0.815145528229425,0.021843374356256457,0.6963821503835548,0.7448154184865663
471,rounds_301_500,22,95,57123383,516,502,6,2,0.21555754504865696,0.000931276380486617,0.038069616491768765,0.14647467970498837,0.1256045716007149,1.4829815300252074,1.4474531484506732,1.4903286781732699,1.9813806326091024,-0.32949238757032195,0.10858987568218186,-0.08172342621157673,0.06698480638348016,0.6872153246056523,0.123351956550488,1.4569851336637842,1.3946002743480772,1.4635468128407108,1.939766846304073,-0.3253876331697447,0.09841466789552201,-0.07144106238643139,0.0623840412045154,0.6983882528577096,0.023492327691763685,0.2747496632463169,0.3858490486828792,0.2795564430716098,0.40170358376138376,-0.4369319460059282,0.30883238289627035,-0.28330172735161085,0.18305734822206887,0.4081465945718852
472,rounds_301_500,4,56,57205440,287,284,0,3,0.527401013287545,0.007364574338619908,0.008254287507346211,0.020769722961025156,0.4771200709219786,0.5683677548917407,0.9860338810792852,0.7275120901895309,1.1711523942267121,-0.6098047166770857,0.106102240317876,-0.026859504088738228,0.11296017533980998,0.48175519766929803,0.47342137707575893,0.5642875575782256,0.9819326996591895,0.7237701103486209,1.1667731848768388,-0.6120770507016862,0.10529343702560072,-0.0259706229142232,0.1099769335146245,0.48116801128057435,0.05826900938972597,0.06673338399339138,0.08730667755993282,0.07177012776575294,0.09794292588045578,-0.36467537302047126,0.18576989966945176,-0.11074545402685208,0.3790701579708068,0.5494772411933488
472,rounds_301_500,14,81,57215410,778,689,9,6,0.35948005780904885,0.0007608487978359336,0.0013501146662747488,0.0011901153487087867,0.0866025218875255,0.25087897853794794,0.2137961976121192,0.26203245183528706,0.30152697113058163,-0.1507237711156506,0.34302789955444574,-0.10019938921626696,0.2672201861785873,0.7333457945313385,0.08352377362702873,0.2475482461622945,0.21022608378007118,0.25832178696357483,0.2996148132822356,-0.15985111749201164,0.33330251113348147,-0.09080593086441209,0.2556021105373342,0.7372549315676847,0.022786362033052558,0.040352203541171326,0.03863349183232066,0.04355157628240664,0.033355283991288114,0.23411993689967736,0.5623354012312954,-0.41266489060320755,0.6357539769290427,0.5699485029304555
473,rounds_301_500,41,91,57342332,485,378,1,0,0.30067849300765986,0.0033203066262649373,0.008243912742909743,0.02215496454766253,0.4547745928414743,0.5442265726552776,1.0680310455656963,0.7097387166281576,1.1473905378491445,-0.6166379414951362,0.2902506882604146,-0.03953286588428673,0.2621719135200041,0.42565423720410817,0.4521582695332333,0.541173462400567,1.0617723345263463,0.7055561275399684,1.1425438872692486,-0.6193522282244308,0.2882573426204187,-0.037404054638685895,0.26033409457249157,0.4272969930700667,0.047711360799992754,0.05636861602549567,0.11317936907667936,0.07535265491456986,0.10262058559823244,-0.36187086857891426,0.466599552143909,-0.22864377493873742,0.441380001534667,0.26670946924769195
473,rounds_301_500,58,33,57359281,949,964,7,5,0.08270313417908555,0.0009149283945781031,0.018820977284049148,0.1343256120367809,0.23886353081563355,1.2830198359974172,1.8603266867007104,1.3027096780722405,2.1720802810207536,-0.6673556031571164,0.10868599494536005,-0.07192425516773054,0.09853091846763715,0.5265430864427829,0.2360075444103304,1.2747641074227978,1.8098337954828734,1.294157698671278,2.1298381926407806,-0.6457331241992397,0.10549190907823917,-0.0702205732051849,0.0950684524523292,0.536478553366317,0.036430094306208985,0.1428748080848187,0.4283877213398436,0.14652836381018225,0.42373317549164397,-1.8918167409591913,0.20467297883716143,-0.15560989333370567,0.21252822478198882,0.17724976677184315
474,rounds_301_500,79,51,57480221,580,260,6,5,0.6028142305761642,0.0016255439012941983,0.006689795374162107,0.026400837962379835,0.3661092405258172,0.6839540051475463,1.1302252355376032,0.7694136064043106,1.2848006036913873,-0.6698438824023756,0.19956556428232383,-0.03462964170366102,0.1837414498255322,0.4957674213269879,0.3627632713046936,0.6781987939558018,1.1226377420894653,0.7642933195706627,1.2777151637898145,-0.6717602143998374,0.19862736833542868,-0.03291497750739733,0.18044375034726545,0.4961899859060179,0.04869262741921404,0.08703462562402048,0.1284583273807682,0.08674817308708428,0.13178171387870752,-0.5191295584566975,0.2630664378230642,-0.15068528347707422,0.4075792038131291,0.4703123538724234
474,rounds_301_500,77,59,57478227,190,272,2,3,0.3333254596608621,0.004270686423114967,0.0030010419402970003,0.016734827986510936,0.2948093867250348,0.27377926748509995,0.7829599347442702,0.40432945535858356,0.7580742277870964,-0.8748924119683312,0.3732520582053087,-0.06885907176171242,0.3567698799481868,0.270951792350059,0.2936247180863348,0.27157003226635584,0.777891454696459,0.40145836561334797,0.755206269689579,-0.8811571370191156,0.371579249077634,-0.062020618520446026,0.3552527447888479,0.27643487170327674,0.025592368037535177,0.034188214467601924,0.0871432995226206,0.04726472534289048,0.06365781945125552,-0.346835700185252,0.5559295726320993,-0.5531413194110685,0.5468396841461381,-0.189541121624319
475,rounds_301_500,29,67,57530374,342,311,9,0,0.06797384108149351,0.002686736283067148,0.00128028485716121,0.002725475330953486,0.27737267144555394,0.10332037802324014,0.2844556194032972,0.2948561047033736,0.15130461523029146,0.48685269588532176,0.9144973869570889,-0.011125431549552268,0.8666468019369352,0.3321294151419073,0.27303283148118807,0.10161104645166744,0.2800778662355846,0.29018993456265485,0.15002365414433086,0.48301565190249807,0.9124681234654175,-0.010418691621564953,0.8647221915681725,0.33236296631426904,0.048493295981559846,0.01857069874202413,0.04933525098876214,0.05184309327453656,0.01937495785516311,0.6262769709252789,0.9792836893178755,-0.033045034720741606,0.9283885616578931,0.32491994899847143
475,rounds_301_500,62,6,57563275,558,753,6,3,0.012214758326995657,0.0008503182435864195,0.022249561271200945,0.15727479146674644,0.12188657945315423,1.4181280001865952,1.6649939806466112,1.4249939236560272,2.046018764452842,-0.435808764154928,0.11835780094905995,-0.12040208573018397,0.0866698674557168,0.5931190289355273,0.11892323980847645,1.3907482795199444,1.5371117761559385,1.3966937395747596,1.9735613714968416,-0.4130237113382611,0.08786771242166523,-0.09037539435885464,0.06313347923847668,0.6330380970661383,0.026544620798084135,0.2753645701411154,0.6380528237959303,0.28063441355111934,0.5374303576652567,-0.9150550741965948,0.4674405844738855,-0.5156649903657289,0.46665107059035493,-0.0976816012129928
476,rounds_301_500,16,23,57617416,561,1077,8,9,0.00724333621371182,0.004488420531318601,0.011106864894033855,0.18523891137665488,0.6190280572296497,0.8720510368963591,2.013762293676014,1.0774603533730722,2.1404923953893946,-0.9866089630940194,0.12501776230048411,-0.0918976501227296,0.11219796185837567,0.32410472280465247,0.614865453146313,0.8591354530533738,1.9090757144916732,1.0634653152214641,2.065268340927097,-0.9420175828649471,0.12023460172765432,-0.06948325012873886,0.10671218879423452,0.3564140541059988,0.07048011435027979,0.14828894979150684,0.6387285583896994,0.17154503580019045,0.5602027830368268,-2.2656309780326787,0.32442167494546736,-0.4981466491834334,0.32744234495757724,-0.2932660316821889
476,rounds_301_500,23,16,57624395,1077,561,9,8,0.00724333621371182,0.011106864894033855,0.004488420531318601,0.04207965208145403,0.8720510368963591,0.6190280572296497,1.526221973693403,1.0774603533730722,1.59050990269824,-0.4761655941390577,0.29933059099533066,-0.08667065076287417,0.279959922968216,0.30488719275601234,0.8591354530533738,0.614865453146313,1.4832992765115804,1.0634653152214641,1.5679540122226652,-0.474381900171462,0.28404069004448357,-0.08153140543194248,0.2647815331903819,0.3168876467312322,0.14828894979150684,0.07048011435027979,0.35776328734809126,0.17154503580019045,0.264842413553676,-0.5438652148591172,0.6818665809286685,-0.29608189263634604,0.6858170767404528,-0.10317721775575199
477,rounds_301_500,31,45,57732374,339,288,0,1,0.23941897675296595,0.00795403347001411,0.0077120622105818866,0.007816517201717943,0.6555086423629579,0.44002023050758216,0.6244128631240691,0.7802600081332814,0.8561287264208239,-0.09723517480929611,0.27617686730100394,-0.07216973643339884,0.24884147928612474,0.5355612984071044,0.65203935018018,0.4336903178648503,0.6205303254349248,0.7749329059835625,0.8520876029076009,-0.099563067109806,0.27584494010250155,-0.06745417233949845,0.24693208176966036,0.534784693720345,0.06599707437075887,0.07369601829043379,0.06827962350949511,0.08952659861730823,0.08109585615377699,0.0941702532402624,0.3076706109530759,-0.33065762447446373,0.4185907378733324,0.6214849247242998
477,rounds_301_500,45,69,57746332,288,500,1,0,0.25296595350585566,0.0077120622105818866,0.00328613586287247,0.02461168736529847,0.44002023050758216,0.41576068843913155,1.0327659915674063,0.5901406385778611,1.126642504356333,-0.9091084916154062,0.13432633251614937,-0.02732088338667137,0.14456791436083571,0.3514429731562657,0.4336903178648503,0.411820438772943,1.027943061108419,0.5842237925232406,1.1218216106094532,-0.9201915857694665,0.1314074472161138,-0.02638074921572461,0.14030485884723706,0.35061045227445276,0.07369601829043379,0.056340386384091924,0.09720171075385227,0.0823308353495542,0.10143771144784901,-0.23207436214113764,0.33771061157108595,-0.10030632335771134,0.42125639470817255,0.43400959383487075
478,rounds_301_500,50,19,57851320,359,549,5,8,0.48348025921431953,0.019650018100219314,0.00276217900946821,0.0327567279964569,1.0030831199387202,0.4634442236134691,1.407173908273676,1.1017933025845381,1.6548891410395512,-0.5019960070165477,0.14853889077902532,-0.027677709996311955,0.14463645187475013,0.2889125237158648,0.9971786825498669,0.4611375222428918,1.4006434639560257,1.0951958967777902,1.647708578234778,-0.5044875378756919,0.14754456873112792,-0.026447279191744385,0.14384939041894915,0.2898855408582289,0.10672130440418605,0.045134887597777146,0.13196968620139088,0.11827322225118712,0.1501238871798297,-0.2692973466216937,0.2470368144141192,-0.1602342172066545,0.22625456866445862,0.18110937721844114
478,rounds_301_500,63,19,57864281,560,549,5,8,0.3311714133498252,0.0016212695146047432,0.00276217900946821,0.0033558441792896094,0.362636663672712,0.4634442236134691,0.6882038926132272,0.5891923428966711,0.7933031258733615,-0.3464247039824244,0.33260707010991314,-0.03986000277550377,0.27966533245025255,0.5354870780840155,0.36002738782408894,0.4611375222428918,0.6848451890335835,0.5856251240029882,0.7907348880326268,-0.35024071820489744,0.3297626868016209,-0.038145802248360276,0.2773186870628355,0.5364542570922469,0.04265311652495679,0.045134887597777146,0.0661959026326862,0.06346902874225668,0.06146519840484418,0.031571781971801105,0.5853436404148841,-0.22204943314124717,0.5147529212297131,0.426517214278134
479,rounds_301_500,57,5,57958302,783,407,4,9,0.6163619463947053,0.003103513254063728,0.0017948779870898255,0.0019246287723035493,0.5985064079247997,0.19537237237932517,0.4408091841900099,0.6237760909608537,0.37220586914344006,0.403302123090193,0.8496580633616657,0.020050307787931886,0.7836030793747845,0.42041757620392206,0.5920741856540228,0.19287699845058892,0.43605658629440935,0.6185148356477269,0.37038943935441376,0.4011632090174021,0.8471684392715665,0.011429947306224495,0.7806646791064691,0.41322564118964406,0.08648072089156598,0.030831735811133604,0.06380826823365486,0.07967868704486918,0.03585227884761231,0.5500392868243055,0.965790212601902,0.3873330447373178,0.9103663131297476,0.6865424494706953
479,rounds_301_500,30,82,57931383,516,609,1,5,0.4308124001453613,0.002667125019202517,0.0031310164469267386,0.0036247450805438515,0.2669180069256105,0.483419767257297,0.5450170798053803,0.5403467640538201,0.7126394608446143,-0.31885579456090407,0.18601688989943282,-0.05131792312223387,0.177069972371118,0.6417365636444428,0.25618231049297185,0.47970294571881594,0.5391832731969476,0.5337706238452257,0.7093072286669335,-0.3288614940199617,0.16764630916980042,-0.050646533813808195,0.1585884617807679,0.6432441739297937,0.07463199083426178,0.05890421521332016,0.0784971318433202,0.08319683917411341,0.06708156704357687,0.1937005334639057,0.662368604867686,-0.08896775365051425,0.7051638251194448,0.5531989477005678
480,rounds_301_500,93,9,58094197,668,387,8,4,0.27676564632546385,0.0006410852937343796,0.0014429953080252744,0.000707147459096242,0.11203059995338475,0.20441898137980044,0.16734180377238692,0.2331169504589063,0.22749357452385563,0.02412255275294517,0.7687319212374392,-0.0258714320101834,0.49314697018237663,0.7671936242532873,0.10986585828087773,0.20359312599231444,0.16526582009578716,0.23131501045062777,0.22673848742241318,0.019784807822453954,0.7645741981744373,-0.024433502761395533,0.4879780538396634,0.7702664635970254,0.02177205730410784,0.017812656459268286,0.026042471922722663,0.028475856649827592,0.017884844271336027,0.3719295439898799,0.921289659402749,-0.13416881399871,0.7977282060075386,0.4851597632479315
480,rounds_301_500,74,5,58075254,285,407,9,9,0.724202096160674,0.010548864240020824,0.0012540031007827364,0.008445596548457009,0.42520842010826676,0.09623190135404806,0.46675755711606043,0.4283704523039687,0.3163213722956852,0.261570515439693,0.7650217336528592,0.026292052129169893,0.7615037166132177,0.22649997057332516,0.4147653892342573,0.09402049464968285,0.46044173948985734,0.4196680695014527,0.31467041019487735,0.2501921564614339,0.760301200807904,0.014865445571764536,0.7549147524337905,0.21401004181891944,0.09315677952346077,0.02038999887669222,0.07585686477292274,0.08537206565443771,0.031582965206316774,0.6300550424285645,0.9280836664762669,0.3464060816324394,0.9411830347947702,0.5483970436953769
481,rounds_301_500,10,48,58111449,512,527,3,3,0.8630425929923732,0.0024093665539773857,0.0065711789927180774,0.006488428781581619,0.4303906393601841,0.6856200832202325,0.6057288363798183,0.7860529661782087,0.9627277189537368,-0.2247618931260078,0.0019125030734993172,-0.06855871497008964,0.05054841833518168,0.7292731664486536,0.42742634771553195,0.6789972233158099,0.6023944009125679,0.7819612018075869,0.9587070371585742,-0.22602890647569263,0.0029232449790639035,-0.06566581175411589,0.045016438221322036,0.7286162047635345,0.04961100272028683,0.09388475230930872,0.06200338312900463,0.07834904379443863,0.08550462113155846,-0.09132947883695475,-0.08118395290313377,-0.27240249948470674,0.4798550733323243,0.7904767045119725
481,rounds_301_500,94,38,58195197,500,121,9,7,0.6548696903768991,0.004371532556833699,0.00171681287077566,0.0038045393663924186,0.6574161874501562,0.12333202485484128,0.6521847691330018,0.6693731633941402,0.304992678907357,0.5443607608036547,0.9084850040028858,-0.00837058151971856,0.8932811947691726,0.1778599281508243,0.6520215757234347,0.12276096325351639,0.6472021345285397,0.6640334657319071,0.30420924064974586,0.5418766427465488,0.9074839807359667,-0.008621006710522627,0.8921369370483079,0.17816816666319688,0.08280392630291125,0.011530918987110011,0.07915634701065209,0.08310483194383245,0.020805683880289208,0.7496453167205606,0.9734476629530823,0.011819561225333008,0.9679185062953235,0.15558526499573322
482,rounds_301_500,5,20,58206467,407,807,9,7,0.5053302493612101,0.0023227083664904865,0.0030799737232240767,0.23198451791734745,0.36851914678818676,0.6606865548247886,2.7557937823762777,0.7587973564013619,2.7967559066925194,-2.685774447022704,0.08947439816584252,-0.045749988102700444,0.08625139898924224,0.19063645516219066,0.36584119099461615,0.6571419634614447,2.7212754477643215,0.7542676954363957,2.7646277095886544,-2.6653136894443388,0.08790767193328357,-0.043634395624947614,0.08471523368179176,0.1942645240820339,0.04356463407753697,0.0667598158321061,0.43086365207079047,0.08101820444542958,0.41844548094792633,-4.164832815194929,0.17620679641774492,-0.18244554641758456,0.17347919375498014,-0.02795989326852715
482,rounds_301_500,98,47,58299188,97,572,9,3,0.3891010869561984,0.0015837784507311881,0.0009532182385252479,0.0032839826948475094,0.04262178401767487,0.08442929625073356,0.1801341950461531,0.0927470793808685,0.1833267919474748,-0.9766314278710402,0.28493679104751807,-0.1008097722536067,0.2896715757248925,0.34682423159907055,0.04226959983862197,0.082202740849159,0.1789586931546598,0.09057590405649282,0.1823128103188068,-1.0128180029547047,0.28250760762854443,-0.09238672623035728,0.2873968936649412,0.34579419716709753,0.005374388842799345,0.01915711787629922,0.020220427778767893,0.01982891026447684,0.018892441648166926,0.047227437303379416,0.4574423396235271,-0.44622536085353154,0.4580603079782915,0.4886279850503812
483,rounds_301_500,23,17,58324416,1077,828,9,6,0.0033909494292438404,0.0019970561381011396,0.00981248557115631,0.07932723277901294,0.4908967238933426,1.0077613655850202,1.5218705586843724,1.1198045297116859,1.7520321547816833,-0.564587486740008,0.06827257929664564,-0.1298916880866109,0.06221307127079418,0.47299348448024464,0.48428487131226244,0.9970393430360155,1.2935582681536921,1.1065151397061206,1.6027054451350655,-0.44842613320295666,0.04732079824774547,-0.10456298051583233,0.04236100212168656,0.5565481001246416,0.07958157957311623,0.1448329685435646,0.7998499255325019,0.1701700322401258,0.70583576717106,-3.1478264878921793,0.33425220794869337,-0.5522961090619668,0.3520922622299374,-0.4067886991198301
483,rounds_301_500,4,98,58305473,287,97,0,9,0.1763421112341334,0.004149242983354877,0.00310333397355862,0.006339860923859911,0.39493234081544437,0.1298290351287775,0.5177524880111418,0.41602640185491074,0.31895490016223454,0.23333014746148228,0.8175223155137415,-0.037816710761309394,0.7995425576441577,0.20841152235789237,0.39115820978805677,0.12913447485566557,0.5130992693302884,0.412195686584889,0.3178690736277491,0.22883939843876544,0.8152733943624579,-0.03682361704499933,0.7970528465839017,0.21019448536544327,0.0538098680758618,0.013067196115153114,0.06835253642156548,0.055597875950204205,0.02537303169428873,0.5436330748136154,0.9407158090233794,-0.11163518785869937,0.9402239706690839,0.07978350431029661
484,rounds_301_500,70,48,58471278,605,527,7,3,0.053354015671726394,0.00231565954141283,0.004440240526508371,0.22924527471992545,0.45087800564816455,0.5648218031838653,3.423742507700512,0.7238437525834056,3.4248689535312167,-3.731503092080059,0.11407397142682814,-0.04241521154647625,0.11280112273050853,0.12175460973800448,0.44681549937755427,0.5583792359087817,3.3761850643779256,0.7159842320513743,3.3798200423807,-3.720523010258397,0.1107123822661764,-0.04085770017826531,0.1095585449934971,0.12367712322279856,0.059564255233081974,0.08406197763380528,0.5640824775935761,0.10504551828896792,0.549009906005184,-4.226400087768828,0.2671359656802461,-0.10397596252281784,0.2620352605018387,0.04524741588137718
484,rounds_301_500,48,70,58449344,527,605,3,7,0.053354015671726394,0.004440240526508371,0.00231565954141283,0.07007585145792374,0.5648218031838653,0.45087800564816455,1.9147503930125214,0.7238437525834056,1.9057629117003796,-1.6328374112488953,0.20772888203765247,-0.06311225769820235,0.20436090430242695,0.17018862134659785,0.5583792359087817,0.44681549937755427,1.897562389294929,0.7159842320513743,1.8933740989253853,-1.6444354696201318,0.2033968471032129,-0.05749111448934103,0.20001225906994172,0.1755048553101146,0.08406197763380528,0.059564255233081974,0.2525253428623602,0.10504551828896792,0.2130946740397063,-1.0285936754913028,0.4244159978073569,-0.37813592609443847,0.44256884727891604,-0.1518887081176869
485,rounds_301_500,22,91,58523425,516,378,6,0,0.04418908148191017,0.001579102109297475,0.005455325753064244,0.023918777255246163,0.3046448915653214,0.5519074106545835,1.1406948083076678,0.6294525411179572,1.2285019594550994,-0.9516991023233989,0.09855361034907058,-0.09505239372479893,0.09383367145726677,0.3637901822887223,0.3021061010540601,0.5477097027402905,1.1292819170962367,0.624391874132648,1.2205390788971784,-0.9547645148211568,0.09369908576971113,-0.09012978099432611,0.08935819463231996,0.36857693005353376,0.03871050391658493,0.0669302093257336,0.15898739367673576,0.07852915260454793,0.13732851262738455,-0.7487583664493958,0.36612052925647354,-0.37957377458175307,0.3787898333013671,0.0447088589261758
485,rounds_301_500,14,80,58515449,778,812,9,7,0.2064627934894475,0.0010981286217429443,0.00046243341545478494,0.0010478822465302073,0.21485278525181498,0.10071622813775258,0.23426338253993648,0.23659497078814556,0.169932151864159,0.2817592390147571,0.7971472199954124,-0.03677451663819264,0.7453431027783926,0.3661052048881144,0.21156447400691453,0.09960667352132935,0.2316926026402153,0.23300552031499028,0.16908797304115075,0.2743177379979329,0.794242172029148,-0.032890181454510906,0.7422308250935831,0.3691731468601562,0.037148733654212396,0.01474315272270404,0.03421836146633969,0.0407271376309064,0.01652454102211219,0.5942621558169043,0.9205282797985173,-0.2143188028340526,0.8959844715874905,0.2164328526941949
486,rounds_301_500,10,41,58611464,512,485,3,1,0.19739347946638733,0.002197445744108832,0.007614973909803666,0.020667086134199052,0.32618834387926166,0.586792539247927,1.1538438684293468,0.6599637839081387,1.2028680104833909,-0.8226273013957077,0.33278022236567284,-0.05133846153439866,0.3213278797276988,0.4162688068729721,0.321824329998789,0.5740043436453577,1.1439424165144567,0.6476058992708678,1.1928151429891967,-0.8418843070024129,0.32956193822750285,-0.04761769832741641,0.3172540268307125,0.4139009601150536,0.05267021491825401,0.12113082370130418,0.1487438961791695,0.12629308754672583,0.15318868661204274,-0.21296176685336077,0.4911950657836587,-0.19180012353068887,0.5048272678356496,0.5356557719643724
486,rounds_301_500,41,78,58642371,485,510,1,4,0.09464406706672704,0.007614973909803666,0.003134441464631395,0.04502509274345357,0.586792539247927,0.4350180429040966,1.1840133360830236,0.7251954064516218,1.21437548451068,-0.6745493334722215,0.2589774984288813,-0.09050125295787814,0.25587158243903074,0.2678869078965917,0.5740043436453577,0.4305892424325885,1.16991281326821,0.7121189654643312,1.2023912296971389,-0.6884696069190206,0.2570328295367487,-0.08421967820378527,0.2536684244206361,0.2739478693182603,0.12113082370130418,0.061162995832076655,0.18040315890080721,0.13615936442766569,0.16828022521271213,-0.23590636545685828,0.33074153071539514,-0.3766294393646294,0.3536340306431477,-0.04054935100678916
487,rounds_301_500,49,5,58750350,624,407,8,9,0.3189764322445367,0.003914011671328738,0.038945121463297656,0.11392856561713136,0.4074673920963424,1.1745515803126616,1.8996156486761797,1.2375726314555817,2.1576888196265465,-0.7434845962040726,0.1045141153835685,-0.07231773578955775,0.09987918385937934,0.4801841726602828,0.40386973815098665,1.1641032538715166,1.8502488302509592,1.2266944472410766,2.114864118164178,-0.7240349647955595,0.10285923832822416,-0.07006531889555474,0.09782866803219148,0.48891709548541196,0.053207646208304794,0.15430477099939782,0.4280257616882881,0.1616050877575471,0.42521732194615813,-1.6312124689050833,0.17502230490499668,-0.1555003739320378,0.18490177350221343,0.20319798524901247
487,rounds_301_500,5,83,58706482,407,292,9,2,0.24697463519065585,0.038945121463297656,0.044614420696840774,0.14077771846827494,1.1745515803126616,1.1532114417661585,1.7130628600048508,1.588179472155024,2.204628089384943,-0.38814795685115544,0.09634428464192189,-0.05284888182268909,0.12151440700285233,0.5276795233348779,1.1641032538715166,1.1438841567825144,1.6814972992516848,1.575404934495041,2.1819490705525677,-0.3850084018252362,0.09382795943530345,-0.04707913024582259,0.1185805443114713,0.5353941670282498,0.15430477099939782,0.1441162382170401,0.32505563945802773,0.1983165604390206,0.31187855842621054,-0.5726299293200408,0.20113675484620794,-0.2939997373213036,0.2620120073777747,0.1543913401167391
488,rounds_301_500,96,51,58897212,181,260,9,5,0.14133640366529007,0.03280369825515663,0.01428134459189702,0.374060784309404,0.9249617615254239,0.8522111474555065,1.8821017339013797,1.238734616424341,2.0620850678635327,-0.6646705763465521,0.16679664628594243,-0.07601003275440729,0.1692406737446425,0.3534848663043455,0.9178250240598383,0.8435987462393356,1.84484844898293,1.2294944122716236,2.03436521597158,-0.6546355930262999,0.16791842082559774,-0.06676855744555205,0.16840530439038937,0.3644583899483729,0.1129363275692454,0.11927114547422732,0.3700580064080485,0.14853404010601418,0.33383678888238777,-1.2475439881936574,0.14170497419664768,-0.40457599869557237,0.21840711615339709,-0.08960170941575676
488,rounds_301_500,51,29,58852347,260,342,5,9,0.15364158535248826,0.01428134459189702,0.009662420887824347,0.03904892375770335,0.8522111474555065,0.6035173620684924,0.7619917201822709,1.0128538081702283,1.1791368402659121,-0.16417278659008305,0.12035402944007563,-0.06505030818580294,0.13778647602711425,0.5888302554786121,0.8435987462393356,0.5916120805372881,0.7487072379013542,1.0011226922173144,1.1686068766367659,-0.1672963620957415,0.11747838457563277,-0.05504806933667606,0.13268237094345892,0.5928880958185744,0.11927114547422732,0.11851424995043142,0.14068884794918676,0.15200767866767795,0.15519984855295418,-0.021000056794861166,0.23246468262956052,-0.33019566145471974,0.3597690488156612,0.4769337869794334
489,rounds_301_500,44,61,58945371,631,531,2,8,0.0675509499447035,0.001399906299327715,0.009171408398304432,0.09600683116094352,0.24588325067267716,0.966504325855672,2.18468323202325,1.0002706673720951,2.3057297385761086,-1.305105821640964,0.0985176763667954,-0.08315149851730734,0.08777135369358832,0.3391334611532698,0.24300947836066752,0.9584478968145037,2.153447773894948,0.9912678452437921,2.2827185810740125,-1.302827224777579,0.09288666074162004,-0.0755652476073216,0.08291349775521581,0.3474791693783764,0.03707593316077242,0.12293539917686358,0.36461267113914453,0.1322808769318397,0.3210431608610773,-1.4269808932889148,0.3163418010438703,-0.43301855197789213,0.3077518990824472,-0.10574179250078254
489,rounds_301_500,59,39,58960326,272,332,3,9,0.7317535927526967,0.08201904989546165,0.011072374135255813,0.12039383846955995,1.6714534905775797,0.7735094233148564,1.7894141640085053,1.8321387575556587,2.4564710204732263,-0.34076690989852665,0.07469890785318298,-0.028049525162838016,0.07475773921180275,0.3748879096556628,1.6623200025709581,0.7701443063821568,1.77598483884573,1.8227946382378548,2.4422515436857744,-0.33983910883497304,0.07350827491632128,-0.02854273139386757,0.07346937453939964,0.37559406365780185,0.17080715044652955,0.06981364194026007,0.21544887386940573,0.1806077222451738,0.2585857854826893,-0.4317537604048889,0.17131187689012173,0.01455553054328271,0.180681383256796,0.32073890355145646
490,rounds_301_500,24,7,59025434,542,1017,4,7,0.11263806033055565,0.03594896909595594,0.011782534372884713,0.09236358841166789,1.5094215010394965,1.0756053081435024,1.6488307913960059,1.8660815855005637,2.1149022509001405,-0.13333857819128125,0.3255375084340595,-0.03036638462710574,0.26850469113317355,0.5283279749932488,1.4912267664404317,1.0643926162878914,1.5925082492612157,1.8474222472920172,2.0875494049443923,-0.12997957451489905,0.30890911891309425,-0.036576952150394845,0.25125594644543375,0.5343809100002155,0.23113595857573282,0.15315771245374032,0.42549101220124447,0.2599772180683947,0.3360883955820231,-0.29276095066762764,0.7729666142877022,0.12553414926224718,0.742603653799874,0.4395520346469102
490,rounds_301_500,70,27,59071296,605,244,7,3,0.3547040357370131,0.001606045536475274,0.004434143116232008,0.004598478236361048,0.36515032267824893,0.3332827561989119,0.5470211029100902,0.49810376816477603,0.5825258265236274,-0.16948688958908664,0.48351579128194944,-0.04070877741933973,0.4125451187676404,0.4945675539449323,0.3625150973807466,0.3312995659357758,0.5423511410792039,0.4946461043764655,0.579980641993257,-0.17251634423435203,0.47987323925290326,-0.038250549887614435,0.4089402157170489,0.49718397454396607,0.04306239936413222,0.035534352452416755,0.0703451592449723,0.05755358615022029,0.05298018390048905,0.07946337588407137,0.7214066487093517,-0.2166969442072287,0.677002434873668,0.28335667050893093
491,rounds_301_500,34,89,59135407,515,533,2,0,0.04576482444208346,0.0025242564810799774,0.010895060767969963,0.09390671137238811,0.40467962413006137,0.8886993335922568,1.3694596931581673,0.9894585794847035,1.5498263791082105,-0.5663378045752445,0.18891950340480887,-0.099869857807609,0.1460120310423484,0.48314879540922656,0.40056759208099413,0.880080866523879,1.2968199186277496,0.9786305519818781,1.5072584623448104,-0.5401710679197365,0.1745317330388633,-0.0816194805249769,0.13140136542262287,0.5138803099729806,0.056859373938219014,0.1218938550443694,0.43873703824225824,0.14432651198889343,0.3590799893380998,-1.4879697041783468,0.559627208739242,-0.5278731115095369,0.5700792326363844,-0.2824191293696536
491,rounds_301_500,84,89,59185257,417,533,0,0,0.7799600498727056,0.002603154510143213,0.010895060767969963,0.14379776887233472,0.3127297414982861,0.8886993335922568,1.8791631984752473,0.9387916472779512,2.0237924584726077,-1.155741867048607,0.07846180744432045,-0.06725369527368084,0.07779098918817298,0.3766471956798884,0.3106560059048191,0.880080866523879,1.8590945709206363,0.9304988501503793,2.006552600272764,-1.1564267381399582,0.07953796424999271,-0.0623214302612563,0.07787535766887793,0.3808341499928103,0.03534574040922302,0.1218938550443694,0.27077602171214793,0.12282404639227026,0.2599913755584467,-1.1167791095898045,0.01582157245805886,-0.31065680398340445,0.07202717778170156,0.14521421020251754
492,rounds_301_500,77,52,59278281,190,633,2,2,0.7229092644121514,0.025174883534782568,0.0016191982220894155,0.09808070348808542,0.7342699127790104,0.4331733345692775,1.352622591672342,0.8453953800133746,1.3577231495946998,-0.6060214920659017,0.33211120657400717,-0.03513275163137312,0.3254263551364403,0.27434422800656055,0.7303287730895316,0.43072874100380915,1.3453120389115572,0.8413664026541258,1.350050606845859,-0.604592960435629,0.33360233307963894,-0.03415504406434205,0.3263040200758073,0.27513688847779705,0.07431160480164267,0.045040609795517,0.1373451134380225,0.08042877010516193,0.14113125779691868,-0.7547359932569808,0.18878437026795927,-0.12615703211682042,0.23885119304071983,0.19932398760493752
492,rounds_301_500,64,49,59265320,267,624,5,8,0.5752724938056399,0.007308437201451549,0.0010089353709750307,0.00588692173914751,0.6144234124974791,0.2337180472292377,0.5720812397016568,0.6481883333100719,0.5509458318424034,0.15002198662090216,0.6306309820061691,-0.002056885217352284,0.6000149836317077,0.3765630550378857,0.6109053213138995,0.23138442036255458,0.5692351156494917,0.644910655678088,0.5488937451310432,0.14888405037452568,0.6295799604980107,-0.0029713452373594726,0.5982889746715326,0.3741977856936957,0.06418646271486413,0.03258513201082881,0.05562627830714643,0.06353191387569206,0.046012737536355326,0.27575395215725973,0.7339661695136201,0.06283000869196437,0.7513926770465388,0.5449298292710191
493,rounds_301_500,25,93,59326440,675,668,7,8,0.22008643740134143,0.0007080962299369275,0.001869362754379316,0.0010259967193373346,0.09003071098785158,0.2869455217468128,0.22586916015198968,0.3014387861720029,0.3401375080730795,-0.12838003494014494,0.43374416497068785,-0.06594582017376936,0.2706789646141366,0.7700711973333436,0.0882794663152623,0.2837924984644767,0.2239902354275672,0.29787500698548797,0.3375720200569696,-0.1332673508704798,0.4261411268717291,-0.06366119423704211,0.2661503081242038,0.7697289047274891,0.01754671574072374,0.04196031294217367,0.02862635272798195,0.04573466638286132,0.04108002960183905,0.10177480561586771,0.773537943632709,-0.18584581110025697,0.46513134072168194,0.7932214020680645
493,rounds_301_500,59,10,59360338,272,512,3,3,0.7451465887252103,0.002938685330445878,0.0028127823064675217,0.0017007542832288892,0.25490138514149097,0.3663240559470839,0.1338515683543161,0.4265608285989117,0.429112085549332,-0.005980992110316885,0.19849829599118715,-0.022312439859527435,0.15582533440789054,0.9383790854452759,0.25242229402096134,0.36188053168821155,0.13266840376738445,0.4243250654853173,0.426843667835336,-0.005935549310852162,0.1935278349904883,-0.02598671648598871,0.1429682994218472,0.9378589289684177,0.03501014136706766,0.056284387631732324,0.017498899274330744,0.042632976984717935,0.04307838564433716,-0.01044751483760753,0.4699743677705366,0.1562644257906134,0.7319696531232268,0.9596930232002102
494,rounds_301_500,77,28,59478287,190,556,2,1,0.13479882924802264,0.0020393792234244756,0.011888422165308535,0.3517228827055078,0.08196954168610295,0.5824920444827004,1.674975187320947,0.5882417161282967,1.685808553446084,-1.8658432532493254,0.14266975923010622,-0.1385951805631482,0.14090628235804767,0.20664603555141042,0.08135802921300468,0.5618278252490615,1.635634704305432,0.5677239601300171,1.6577242413324258,-1.9199476466569818,0.14413855875709045,-0.11491443053558227,0.1412539782309039,0.22424223288636863,0.009805404511741188,0.15310048957121972,0.35874092589436635,0.15331793917880301,0.30417573015659927,-0.9839539442404213,0.11301952929199308,-0.5360505754014059,0.1377007254664351,-0.1283776414774119
494,rounds_301_500,75,19,59476293,599,549,0,8,0.46785250480082136,0.0018052609608275815,0.0015926322918279436,0.0020391346731533605,0.28449325225657757,0.243658834665355,0.2616272740524311,0.37044858395246627,0.38600833372156407,-0.04200245443803441,0.3365564506123777,-0.051593572823291294,0.26839686147196246,0.6610084570361532,0.28330290330370783,0.2420917678756226,0.2594645675092342,0.36866131829700466,0.38485610745048715,-0.0439286367994689,0.3331642702192619,-0.048865916656656704,0.26484302894606004,0.6628342339273452,0.02524181458996585,0.027056241000456182,0.033123006658879656,0.03540677112091035,0.02856806580894678,0.1931468217932134,0.6572041299146353,-0.24307611361806677,0.6444617196804135,0.5091101473177784
495,rounds_301_500,87,9,59588260,421,387,2,4,0.3238418268989115,0.0015120787930855942,0.0028570622787810864,0.001658771061920561,0.20576163808046416,0.35773355291876485,0.23879128204563596,0.4057450266959859,0.41890000371871766,-0.03242178254125205,0.366993374579985,-0.05917168090618703,0.24257313669152597,0.8216397817291534,0.20423749329025526,0.35572860227506775,0.23706941889825364,0.4034850463524781,0.41754134105942153,-0.034837213507694864,0.3640791530124471,-0.055761586816382505,0.23939055582320098,0.8226653833830065,0.02451924703550238,0.03695037445816535,0.02814003262664016,0.041740676831312086,0.03243464530784381,0.22294874520307928,0.5712092354760773,-0.3336758413722788,0.5397377746529165,0.7204859481904496
495,rounds_301_500,32,52,59533425,318,633,1,2,0.009972456905803362,0.004778807754545206,0.0009581607213476673,0.00520551617955789,0.4627869331089815,0.11031033027716539,0.49423133168420835,0.4789816028546034,0.2514431265561628,0.4750463795318476,0.8816757343063383,-0.06551761724264626,0.8660734409605494,0.15608101870946506,0.4600661363379975,0.10721800515773959,0.4911750063213374,0.47517066976492317,0.2500343386806386,0.47380098438244134,0.8812019456161572,-0.05950318611043664,0.8660470169512392,0.15709247008991806,0.04906748559947334,0.025793103430603228,0.05382921725873772,0.05934973701842205,0.02599508528846208,0.5620016769342506,0.922708863934225,-0.3133035421338184,0.8688737652234672,0.17205086858540286
496,rounds_301_500,76,58,59677296,421,949,2,7,0.06866883720209373,0.0011692398615802328,0.004063628568531529,0.13271989817084331,0.10731380544860938,0.6857002442263446,1.9237028433258532,0.6971544927813781,1.9891589369324687,-1.8532541316580922,0.10938120953912313,-0.07002682264650728,0.0953028514266613,0.2759755117671781,0.10588519791085849,0.6795525486188583,1.9034816853782954,0.6903773495794122,1.972656154667639,-1.8573593207677068,0.10697086084277345,-0.06392308253203913,0.09421829398450955,0.28178210394356573,0.017286929927464726,0.09049487596091062,0.2750825776995304,0.09586628001411829,0.2521848154915851,-1.6305893527363917,0.2118459748659382,-0.38662183609722767,0.1493605291150287,-0.06238739365114818
496,rounds_301_500,58,57,59659350,949,783,7,4,0.06374830990173964,0.004063628568531529,0.006630643906464684,0.07145606164305814,0.6857002442263446,0.7310866222411103,1.6581853240612683,0.9979800472036277,1.7847977881583577,-0.7884102925298144,0.13696439438556077,-0.10252507922795753,0.13399926612261606,0.32204109170824236,0.6795525486188583,0.7222526236309752,1.6285437349146425,0.9867901154917731,1.7630231661153133,-0.7866242663331702,0.1341624166681356,-0.09382119840732131,0.13128983793973836,0.33137905975755116,0.09049487596091062,0.1120291031846693,0.3100216143906567,0.14742993815944808,0.2754154805233131,-0.8681109411132386,0.2553578513287507,-0.39829879846364935,0.2588365934031362,-0.04023945573963266
497,rounds_301_500,69,37,59770320,500,628,0,3,0.3633522343281398,0.002776117245084606,0.019030646372770067,0.12040202447213233,0.4026010253652215,1.0008957656433999,1.607708041896711,1.0772399698761481,1.8233812624821828,-0.692641670817153,0.08017518636538704,-0.09839451356176135,0.07364095271091792,0.46602789466259836,0.40000407739657506,0.9915804244256812,1.5743417297470743,1.0676064605700988,1.8003257251083844,-0.686319623943654,0.07796415425015642,-0.08935057490409724,0.07121821581830404,0.47695669324719847,0.0448948273387766,0.1342804975249932,0.3236520451790278,0.14163940343361264,0.28624297686809114,-1.0209275803837676,0.19016929444689062,-0.4297141608253553,0.2100084027719421,-0.016413280696963236
497,rounds_301_500,45,46,59746392,288,538,1,0,0.20766337990328498,0.0045141181035432965,0.001475712526669006,0.040544096356218993,0.45924071013842954,0.25448518211000515,1.084233303329474,0.5271795341556441,1.0704566350779292,-1.030535264978417,0.2604330104177394,-0.0874361235480945,0.25637586555063174,0.14625473614462067,0.45702387826317825,0.25114200465386777,1.0758325629628294,0.5233172487428248,1.0645436646454243,-1.0342223903431393,0.2587074613430286,-0.08072242285903895,0.2546264347161642,0.15144988814522256,0.043905008682977725,0.040665094905142044,0.13260401932025173,0.06256941388723618,0.11005176436695127,-0.7588747844959634,0.4132271026447584,-0.42428273564574254,0.42115762601400464,-0.12880563836330078
498,rounds_301_500,71,66,59872317,547,490,6,9,0.4404480900970376,0.005174462374733677,0.002486141159024555,0.0044698648689187725,0.5213925833439119,0.39437660280925185,0.530087157306902,0.6458344002727888,0.6185849536814222,0.04219262179260963,0.5572070219851608,-0.017797925989273405,0.4659642526218304,0.5876576399810622,0.5174624674724174,0.3919913584669449,0.5259647840725108,0.6417483791004438,0.6162514494809895,0.039730415299519706,0.554273154547516,-0.016986469974739796,0.4623183389861316,0.5887670958106387,0.06288208753255563,0.04248716102772142,0.0649675568771915,0.0712120037228914,0.05209683407617178,0.2684262293910846,0.7525503668078629,-0.07772224231720312,0.7266623640864804,0.5004226320436408
498,rounds_301_500,73,82,59874311,564,609,7,5,0.08491755873462803,0.0029690101650582316,0.009491440347539118,0.04476038537468412,0.5057569302590194,0.6891266563351455,1.286033815524421,0.8563791409836955,1.4191303202170389,-0.6571285454091385,0.1776511104591622,-0.08024996568891919,0.16020231268944507,0.4157113028566604,0.5037144166019771,0.6838835408286653,1.266536258579723,0.8505960618320821,1.4064775811992434,-0.6535199777081719,0.1767283037538227,-0.0715528739914932,0.1588925450742588,0.42507530527223475,0.044069188540218594,0.0833918833586546,0.22124318718518252,0.09754205960389162,0.18661161070155993,-0.9131399465970957,0.28077215013208495,-0.49225362941823847,0.2836620715034745,-0.1313460498245873
499,rounds_301_500,68,1,59969329,611,189,4,6,0.1556404677778514,0.0022535218398283736,0.0034915904005174527,0.002404368109665274,0.36469107611848783,0.17532618506303432,0.42633003222242116,0.4044152470520419,0.3216200166380777,0.20472826140333367,0.7644226063937116,-0.027871407541291023,0.7145710045454202,0.35809024312331966,0.36205071548784495,0.17363729230517683,0.4231052441901015,0.4013900914634319,0.3201864703337131,0.20230599323879106,0.7627048160615741,-0.02682811496261076,0.7126977778285792,0.35823278884855014,0.04308848063758847,0.0239659975703778,0.05146999794474091,0.04858441050375308,0.029561482483690917,0.3915438681424913,0.8829550835680177,-0.08891247189996489,0.8440784808522874,0.35375916357174186
499,rounds_301_500,31,77,59932440,339,190,0,2,0.6312588174648063,0.001168964071049621,0.004699514148524031,0.0017916984282367464,0.10111470388863954,0.23149937958170175,0.24850060518289144,0.2519799210803632,0.3118201274783567,-0.23748005849604503,0.46549425332756317,-0.04016871684596821,0.3524237349608356,0.6657163294005746,0.09980412619492393,0.22980265555586693,0.24703574907826745,0.24994320655372407,0.3103375272298481,-0.2416321752003392,0.4618143036899099,-0.038899877106192735,0.34941084640935777,0.6656663302940438,0.016063691608205373,0.027462477065260463,0.026326961557632304,0.03145774068611874,0.02956389127974456,0.060202969605184564,0.718432125518275,-0.13901246982264195,0.5557314016783211,0.67424512873536
500,rounds_301_500,61,31,60062353,531,339,8,0,0.14812436961780961,0.03281679572100984,0.00802520377910696,0.048351131003768054,1.3606004027374945,0.519470624434955,1.6017783338017755,1.4480943774690327,1.6182610319793627,-0.11751074871773604,0.46045420954008986,-0.022169090656620167,0.4461692844638375,0.2892915180723502,1.346762530004728,0.5160366062011058,1.5864356056581326,1.4339441526929313,1.609790491987566,-0.12263123285826527,0.4554176060146378,-0.02168272801760317,0.44121662208253465,0.29056725158851676,0.19125006744671752,0.058449312534136696,0.21850735691493983,0.19945756522893499,0.16182621554763174,0.18866845004405042,0.7177942416719362,-0.05279169211374483,0.705192859083366,0.21019828495824883
500,rounds_301_500,18,45,60019482,569,288,9,1,0.06625449301649804,0.014781518393526009,0.014091855062482258,0.09185613344816375,1.045875860836627,0.6070445083146041,2.1620309214367075,1.2089015247668682,2.3035036940765186,-0.9054518890781778,0.13685676214915277,-0.08029490915594575,0.13480379940289405,0.19718088281293378,1.0390021741931672,0.6013179138956153,2.1311095125715416,1.1997216921890264,2.280889995239087,-0.9011825910035418,0.133401353133292,-0.07325111862687152,0.13131293717089337,0.20502368464677959,0.11759703249231199,0.08214106366348532,0.36100301462558243,0.14646306653158325,0.31807702397106796,-1.1717217282384151,0.3267459980268593,-0.3854392734653587,0.3380218473476752,-0.16867404312839512
