Client partition: 100 clients, min=30, max=1447, mean=500.00, std=220.72
Evaluation protocol: full server test set evaluated every round (10000 samples).
VGG16(
  (features): Sequential(
    (0): Conv2d(3, 64, kernel_size=(3, 3), stride=(1, 1), padding=(1, 1))
    (1): BatchNorm2d(64, eps=1e-05, momentum=0.1, affine=True, track_running_stats=True)
    (2): ReLU(inplace=True)
    (3): Conv2d(64, 64, kernel_size=(3, 3), stride=(1, 1), padding=(1, 1))
    (4): BatchNorm2d(64, eps=1e-05, momentum=0.1, affine=True, track_running_stats=True)
    (5): ReLU(inplace=True)
    (6): MaxPool2d(kernel_size=2, stride=2, padding=0, dilation=1, ceil_mode=False)
    (7): Conv2d(64, 128, kernel_size=(3, 3), stride=(1, 1), padding=(1, 1))
    (8): BatchNorm2d(128, eps=1e-05, momentum=0.1, affine=True, track_running_stats=True)
    (9): ReLU(inplace=True)
    (10): Conv2d(128, 128, kernel_size=(3, 3), stride=(1, 1), padding=(1, 1))
    (11): BatchNorm2d(128, eps=1e-05, momentum=0.1, affine=True, track_running_stats=True)
    (12): ReLU(inplace=True)
    (13): MaxPool2d(kernel_size=2, stride=2, padding=0, dilation=1, ceil_mode=False)
    (14): Conv2d(128, 256, kernel_size=(3, 3), stride=(1, 1), padding=(1, 1))
    (15): BatchNorm2d(256, eps=1e-05, momentum=0.1, affine=True, track_running_stats=True)
    (16): ReLU(inplace=True)
    (17): Conv2d(256, 256, kernel_size=(3, 3), stride=(1, 1), padding=(1, 1))
    (18): BatchNorm2d(256, eps=1e-05, momentum=0.1, affine=True, track_running_stats=True)
    (19): ReLU(inplace=True)
    (20): Conv2d(256, 256, kernel_size=(3, 3), stride=(1, 1), padding=(1, 1))
    (21): BatchNorm2d(256, eps=1e-05, momentum=0.1, affine=True, track_running_stats=True)
    (22): ReLU(inplace=True)
    (23): MaxPool2d(kernel_size=2, stride=2, padding=0, dilation=1, ceil_mode=False)
    (24): Conv2d(256, 512, kernel_size=(3, 3), stride=(1, 1), padding=(1, 1))
    (25): BatchNorm2d(512, eps=1e-05, momentum=0.1, affine=True, track_running_stats=True)
    (26): ReLU(inplace=True)
    (27): Conv2d(512, 512, kernel_size=(3, 3), stride=(1, 1), padding=(1, 1))
    (28): BatchNorm2d(512, eps=1e-05, momentum=0.1, affine=True, track_running_stats=True)
    (29): ReLU(inplace=True)
    (30): Conv2d(512, 512, kernel_size=(3, 3), stride=(1, 1), padding=(1, 1))
    (31): BatchNorm2d(512, eps=1e-05, momentum=0.1, affine=True, track_running_stats=True)
    (32): ReLU(inplace=True)
    (33): MaxPool2d(kernel_size=2, stride=2, padding=0, dilation=1, ceil_mode=False)
    (34): Conv2d(512, 512, kernel_size=(3, 3), stride=(1, 1), padding=(1, 1))
    (35): BatchNorm2d(512, eps=1e-05, momentum=0.1, affine=True, track_running_stats=True)
    (36): ReLU(inplace=True)
    (37): Conv2d(512, 512, kernel_size=(3, 3), stride=(1, 1), padding=(1, 1))
    (38): BatchNorm2d(512, eps=1e-05, momentum=0.1, affine=True, track_running_stats=True)
    (39): ReLU(inplace=True)
    (40): Conv2d(512, 512, kernel_size=(3, 3), stride=(1, 1), padding=(1, 1))
    (41): BatchNorm2d(512, eps=1e-05, momentum=0.1, affine=True, track_running_stats=True)
    (42): ReLU(inplace=True)
    (43): MaxPool2d(kernel_size=2, stride=2, padding=0, dilation=1, ceil_mode=False)
    (44): AdaptiveAvgPool2d(output_size=(1, 1))
  )
  (classifier): Sequential(
    (0): Linear(in_features=512, out_features=4096, bias=True)
    (1): ReLU(inplace=True)
    (2): Dropout(p=0.5, inplace=False)
    (3): Linear(in_features=4096, out_features=4096, bias=True)
    (4): ReLU(inplace=True)
    (5): Dropout(p=0.5, inplace=False)
  )
  (fc): Linear(in_features=4096, out_features=10, bias=True)
)
InteractionFedPhoenix protocol: {"dataset": "cifar10", "model": "vgg", "train_transform": "Compose(\n    ToTensor()\n    Normalize(mean=(0.4914, 0.4822, 0.4465), std=(0.2023, 0.1994, 0.201))\n)", "random_crop": false, "random_horizontal_flip": false, "num_users": 100, "frac": 0.1, "data_beta": 0.3, "seed": 1, "noniid_case": 5, "partition_file": "C:\\Users\\admin\\Desktop\\need_do\\new_paper_four\\FedPhoenix-clean-finish\\data\\cifar10_100_noniidCase5_beta0.3.json", "partition_source": "existing file", "partition_total_samples": 50000, "local_ep": 5, "local_bs": 50, "optimizer": "sgd", "lr": 0.01, "momentum": 0.5, "weight_decay": 0.0, "FP_conv": 1000, "reset": 0.015625, "remethod": "ori_normal"}
InteractionFedPhoenix head: 18931978 parameters
Estimated dense fp32 history for 100 clients: 28.21 GiB; observations store only reliable Conv kernels in bf16
********************************************************************************
Round   0
ROUND_ACCURACY method=InteractionFedPhoenix round=1 accuracy=10.000000
********************************************************************************
Round   1
ROUND_ACCURACY method=InteractionFedPhoenix round=2 accuracy=13.230000
********************************************************************************
Round   2
ROUND_ACCURACY method=InteractionFedPhoenix round=3 accuracy=12.230000
********************************************************************************
Round   3
ROUND_ACCURACY method=InteractionFedPhoenix round=4 accuracy=16.290001
********************************************************************************
Round   4
ROUND_ACCURACY method=InteractionFedPhoenix round=5 accuracy=32.419998
********************************************************************************
Round   5
ROUND_ACCURACY method=InteractionFedPhoenix round=6 accuracy=17.620001
********************************************************************************
Round   6
ROUND_ACCURACY method=InteractionFedPhoenix round=7 accuracy=24.139999
********************************************************************************
Round   7
ROUND_ACCURACY method=InteractionFedPhoenix round=8 accuracy=23.680000
********************************************************************************
Round   8
ROUND_ACCURACY method=InteractionFedPhoenix round=9 accuracy=30.129999
********************************************************************************
Round   9
ROUND_ACCURACY method=InteractionFedPhoenix round=10 accuracy=29.730000
********************************************************************************
Round  10
ROUND_ACCURACY method=InteractionFedPhoenix round=11 accuracy=38.230000
********************************************************************************
Round  11
ROUND_ACCURACY method=InteractionFedPhoenix round=12 accuracy=36.939999
********************************************************************************
Round  12
ROUND_ACCURACY method=InteractionFedPhoenix round=13 accuracy=37.150002
********************************************************************************
Round  13
ROUND_ACCURACY method=InteractionFedPhoenix round=14 accuracy=46.590000
********************************************************************************
Round  14
ROUND_ACCURACY method=InteractionFedPhoenix round=15 accuracy=45.830002
********************************************************************************
Round  15
ROUND_ACCURACY method=InteractionFedPhoenix round=16 accuracy=46.730000
********************************************************************************
Round  16
ROUND_ACCURACY method=InteractionFedPhoenix round=17 accuracy=51.099998
********************************************************************************
Round  17
ROUND_ACCURACY method=InteractionFedPhoenix round=18 accuracy=34.270000
********************************************************************************
Round  18
ROUND_ACCURACY method=InteractionFedPhoenix round=19 accuracy=43.820000
********************************************************************************
Round  19
ROUND_ACCURACY method=InteractionFedPhoenix round=20 accuracy=46.900002
********************************************************************************
Round  20
ROUND_ACCURACY method=InteractionFedPhoenix round=21 accuracy=50.590000
********************************************************************************
Round  21
ROUND_ACCURACY method=InteractionFedPhoenix round=22 accuracy=56.040001
********************************************************************************
Round  22
ROUND_ACCURACY method=InteractionFedPhoenix round=23 accuracy=49.980000
********************************************************************************
Round  23
ROUND_ACCURACY method=InteractionFedPhoenix round=24 accuracy=53.060001
********************************************************************************
Round  24
ROUND_ACCURACY method=InteractionFedPhoenix round=25 accuracy=55.330002
********************************************************************************
Round  25
ROUND_ACCURACY method=InteractionFedPhoenix round=26 accuracy=51.860001
********************************************************************************
Round  26
ROUND_ACCURACY method=InteractionFedPhoenix round=27 accuracy=50.189999
********************************************************************************
Round  27
ROUND_ACCURACY method=InteractionFedPhoenix round=28 accuracy=50.480000
********************************************************************************
Round  28
ROUND_ACCURACY method=InteractionFedPhoenix round=29 accuracy=48.650002
********************************************************************************
Round  29
ROUND_ACCURACY method=InteractionFedPhoenix round=30 accuracy=56.230000
********************************************************************************
Round  30
ROUND_ACCURACY method=InteractionFedPhoenix round=31 accuracy=57.630001
********************************************************************************
Round  31
ROUND_ACCURACY method=InteractionFedPhoenix round=32 accuracy=55.369999
********************************************************************************
Round  32
ROUND_ACCURACY method=InteractionFedPhoenix round=33 accuracy=58.590000
********************************************************************************
Round  33
ROUND_ACCURACY method=InteractionFedPhoenix round=34 accuracy=65.220001
********************************************************************************
Round  34
ROUND_ACCURACY method=InteractionFedPhoenix round=35 accuracy=55.560001
********************************************************************************
Round  35
ROUND_ACCURACY method=InteractionFedPhoenix round=36 accuracy=53.540001
********************************************************************************
Round  36
ROUND_ACCURACY method=InteractionFedPhoenix round=37 accuracy=61.830002
********************************************************************************
Round  37
ROUND_ACCURACY method=InteractionFedPhoenix round=38 accuracy=59.570000
********************************************************************************
Round  38
ROUND_ACCURACY method=InteractionFedPhoenix round=39 accuracy=58.169998
********************************************************************************
Round  39
ROUND_ACCURACY method=InteractionFedPhoenix round=40 accuracy=65.830002
********************************************************************************
Round  40
ROUND_ACCURACY method=InteractionFedPhoenix round=41 accuracy=67.239998
********************************************************************************
Round  41
ROUND_ACCURACY method=InteractionFedPhoenix round=42 accuracy=59.570000
********************************************************************************
Round  42
ROUND_ACCURACY method=InteractionFedPhoenix round=43 accuracy=61.910000
********************************************************************************
Round  43
ROUND_ACCURACY method=InteractionFedPhoenix round=44 accuracy=61.790001
********************************************************************************
Round  44
ROUND_ACCURACY method=InteractionFedPhoenix round=45 accuracy=56.840000
********************************************************************************
Round  45
ROUND_ACCURACY method=InteractionFedPhoenix round=46 accuracy=67.139999
********************************************************************************
Round  46
ROUND_ACCURACY method=InteractionFedPhoenix round=47 accuracy=62.049999
********************************************************************************
Round  47
ROUND_ACCURACY method=InteractionFedPhoenix round=48 accuracy=61.259998
********************************************************************************
Round  48
ROUND_ACCURACY method=InteractionFedPhoenix round=49 accuracy=59.459999
********************************************************************************
Round  49
ROUND_ACCURACY method=InteractionFedPhoenix round=50 accuracy=60.580002
********************************************************************************
Round  50
ROUND_ACCURACY method=InteractionFedPhoenix round=51 accuracy=54.230000
********************************************************************************
Round  51
ROUND_ACCURACY method=InteractionFedPhoenix round=52 accuracy=67.089996
********************************************************************************
Round  52
ROUND_ACCURACY method=InteractionFedPhoenix round=53 accuracy=60.299999
********************************************************************************
Round  53
ROUND_ACCURACY method=InteractionFedPhoenix round=54 accuracy=50.330002
********************************************************************************
Round  54
ROUND_ACCURACY method=InteractionFedPhoenix round=55 accuracy=65.470001
********************************************************************************
Round  55
ROUND_ACCURACY method=InteractionFedPhoenix round=56 accuracy=66.059998
********************************************************************************
Round  56
ROUND_ACCURACY method=InteractionFedPhoenix round=57 accuracy=59.570000
********************************************************************************
Round  57
ROUND_ACCURACY method=InteractionFedPhoenix round=58 accuracy=55.369999
********************************************************************************
Round  58
ROUND_ACCURACY method=InteractionFedPhoenix round=59 accuracy=63.560001
********************************************************************************
Round  59
ROUND_ACCURACY method=InteractionFedPhoenix round=60 accuracy=66.239998
********************************************************************************
Round  60
ROUND_ACCURACY method=InteractionFedPhoenix round=61 accuracy=65.470001
********************************************************************************
Round  61
ROUND_ACCURACY method=InteractionFedPhoenix round=62 accuracy=63.049999
********************************************************************************
Round  62
ROUND_ACCURACY method=InteractionFedPhoenix round=63 accuracy=65.209999
********************************************************************************
Round  63
ROUND_ACCURACY method=InteractionFedPhoenix round=64 accuracy=63.919998
********************************************************************************
Round  64
ROUND_ACCURACY method=InteractionFedPhoenix round=65 accuracy=68.040001
********************************************************************************
Round  65
ROUND_ACCURACY method=InteractionFedPhoenix round=66 accuracy=66.760002
********************************************************************************
Round  66
ROUND_ACCURACY method=InteractionFedPhoenix round=67 accuracy=62.980000
********************************************************************************
Round  67
ROUND_ACCURACY method=InteractionFedPhoenix round=68 accuracy=57.220001
********************************************************************************
Round  68
ROUND_ACCURACY method=InteractionFedPhoenix round=69 accuracy=70.400002
********************************************************************************
Round  69
ROUND_ACCURACY method=InteractionFedPhoenix round=70 accuracy=61.209999
********************************************************************************
Round  70
ROUND_ACCURACY method=InteractionFedPhoenix round=71 accuracy=55.139999
********************************************************************************
Round  71
ROUND_ACCURACY method=InteractionFedPhoenix round=72 accuracy=63.740002
********************************************************************************
Round  72
ROUND_ACCURACY method=InteractionFedPhoenix round=73 accuracy=66.820000
********************************************************************************
Round  73
ROUND_ACCURACY method=InteractionFedPhoenix round=74 accuracy=67.180000
********************************************************************************
Round  74
ROUND_ACCURACY method=InteractionFedPhoenix round=75 accuracy=72.379997
********************************************************************************
Round  75
ROUND_ACCURACY method=InteractionFedPhoenix round=76 accuracy=66.410004
********************************************************************************
Round  76
ROUND_ACCURACY method=InteractionFedPhoenix round=77 accuracy=65.199997
********************************************************************************
Round  77
ROUND_ACCURACY method=InteractionFedPhoenix round=78 accuracy=65.389999
********************************************************************************
Round  78
ROUND_ACCURACY method=InteractionFedPhoenix round=79 accuracy=69.029999
********************************************************************************
Round  79
ROUND_ACCURACY method=InteractionFedPhoenix round=80 accuracy=67.620003
********************************************************************************
Round  80
ROUND_ACCURACY method=InteractionFedPhoenix round=81 accuracy=63.660000
********************************************************************************
Round  81
ROUND_ACCURACY method=InteractionFedPhoenix round=82 accuracy=66.019997
********************************************************************************
Round  82
ROUND_ACCURACY method=InteractionFedPhoenix round=83 accuracy=68.300003
********************************************************************************
Round  83
ROUND_ACCURACY method=InteractionFedPhoenix round=84 accuracy=66.599998
********************************************************************************
Round  84
ROUND_ACCURACY method=InteractionFedPhoenix round=85 accuracy=68.800003
********************************************************************************
Round  85
ROUND_ACCURACY method=InteractionFedPhoenix round=86 accuracy=68.320000
********************************************************************************
Round  86
ROUND_ACCURACY method=InteractionFedPhoenix round=87 accuracy=71.379997
********************************************************************************
Round  87
ROUND_ACCURACY method=InteractionFedPhoenix round=88 accuracy=67.669998
********************************************************************************
Round  88
ROUND_ACCURACY method=InteractionFedPhoenix round=89 accuracy=70.639999
********************************************************************************
Round  89
ROUND_ACCURACY method=InteractionFedPhoenix round=90 accuracy=61.410000
********************************************************************************
Round  90
ROUND_ACCURACY method=InteractionFedPhoenix round=91 accuracy=70.400002
********************************************************************************
Round  91
ROUND_ACCURACY method=InteractionFedPhoenix round=92 accuracy=64.180000
********************************************************************************
Round  92
ROUND_ACCURACY method=InteractionFedPhoenix round=93 accuracy=67.129997
********************************************************************************
Round  93
ROUND_ACCURACY method=InteractionFedPhoenix round=94 accuracy=67.739998
********************************************************************************
Round  94
ROUND_ACCURACY method=InteractionFedPhoenix round=95 accuracy=70.220001
********************************************************************************
Round  95
ROUND_ACCURACY method=InteractionFedPhoenix round=96 accuracy=67.239998
********************************************************************************
Round  96
ROUND_ACCURACY method=InteractionFedPhoenix round=97 accuracy=67.339996
********************************************************************************
Round  97
ROUND_ACCURACY method=InteractionFedPhoenix round=98 accuracy=63.240002
********************************************************************************
Round  98
ROUND_ACCURACY method=InteractionFedPhoenix round=99 accuracy=62.070000
********************************************************************************
Round  99
ROUND_ACCURACY method=InteractionFedPhoenix round=100 accuracy=64.459999
********************************************************************************
Round 100
ROUND_ACCURACY method=InteractionFedPhoenix round=101 accuracy=67.910004
********************************************************************************
Round 101
ROUND_ACCURACY method=InteractionFedPhoenix round=102 accuracy=72.529999
********************************************************************************
Round 102
ROUND_ACCURACY method=InteractionFedPhoenix round=103 accuracy=71.800003
********************************************************************************
Round 103
ROUND_ACCURACY method=InteractionFedPhoenix round=104 accuracy=71.860001
********************************************************************************
Round 104
ROUND_ACCURACY method=InteractionFedPhoenix round=105 accuracy=71.320000
********************************************************************************
Round 105
ROUND_ACCURACY method=InteractionFedPhoenix round=106 accuracy=70.690002
********************************************************************************
Round 106
ROUND_ACCURACY method=InteractionFedPhoenix round=107 accuracy=42.470001
********************************************************************************
Round 107
ROUND_ACCURACY method=InteractionFedPhoenix round=108 accuracy=71.120003
********************************************************************************
Round 108
ROUND_ACCURACY method=InteractionFedPhoenix round=109 accuracy=72.570000
********************************************************************************
Round 109
ROUND_ACCURACY method=InteractionFedPhoenix round=110 accuracy=72.129997
********************************************************************************
Round 110
ROUND_ACCURACY method=InteractionFedPhoenix round=111 accuracy=70.370003
********************************************************************************
Round 111
ROUND_ACCURACY method=InteractionFedPhoenix round=112 accuracy=72.080002
********************************************************************************
Round 112
ROUND_ACCURACY method=InteractionFedPhoenix round=113 accuracy=68.379997
********************************************************************************
Round 113
ROUND_ACCURACY method=InteractionFedPhoenix round=114 accuracy=68.220001
********************************************************************************
Round 114
ROUND_ACCURACY method=InteractionFedPhoenix round=115 accuracy=64.070000
********************************************************************************
Round 115
ROUND_ACCURACY method=InteractionFedPhoenix round=116 accuracy=72.349998
********************************************************************************
Round 116
ROUND_ACCURACY method=InteractionFedPhoenix round=117 accuracy=66.589996
********************************************************************************
Round 117
ROUND_ACCURACY method=InteractionFedPhoenix round=118 accuracy=70.379997
********************************************************************************
Round 118
ROUND_ACCURACY method=InteractionFedPhoenix round=119 accuracy=72.139999
********************************************************************************
Round 119
ROUND_ACCURACY method=InteractionFedPhoenix round=120 accuracy=69.470001
********************************************************************************
Round 120
ROUND_ACCURACY method=InteractionFedPhoenix round=121 accuracy=72.839996
********************************************************************************
Round 121
ROUND_ACCURACY method=InteractionFedPhoenix round=122 accuracy=69.239998
********************************************************************************
Round 122
ROUND_ACCURACY method=InteractionFedPhoenix round=123 accuracy=69.019997
********************************************************************************
Round 123
ROUND_ACCURACY method=InteractionFedPhoenix round=124 accuracy=64.919998
********************************************************************************
Round 124
ROUND_ACCURACY method=InteractionFedPhoenix round=125 accuracy=66.959999
********************************************************************************
Round 125
ROUND_ACCURACY method=InteractionFedPhoenix round=126 accuracy=64.580002
********************************************************************************
Round 126
ROUND_ACCURACY method=InteractionFedPhoenix round=127 accuracy=72.470001
********************************************************************************
Round 127
ROUND_ACCURACY method=InteractionFedPhoenix round=128 accuracy=69.250000
********************************************************************************
Round 128
ROUND_ACCURACY method=InteractionFedPhoenix round=129 accuracy=73.769997
********************************************************************************
Round 129
ROUND_ACCURACY method=InteractionFedPhoenix round=130 accuracy=64.190002
********************************************************************************
Round 130
ROUND_ACCURACY method=InteractionFedPhoenix round=131 accuracy=65.970001
********************************************************************************
Round 131
ROUND_ACCURACY method=InteractionFedPhoenix round=132 accuracy=75.330002
********************************************************************************
Round 132
ROUND_ACCURACY method=InteractionFedPhoenix round=133 accuracy=68.120003
********************************************************************************
Round 133
ROUND_ACCURACY method=InteractionFedPhoenix round=134 accuracy=73.180000
********************************************************************************
Round 134
ROUND_ACCURACY method=InteractionFedPhoenix round=135 accuracy=65.870003
********************************************************************************
Round 135
ROUND_ACCURACY method=InteractionFedPhoenix round=136 accuracy=68.599998
********************************************************************************
Round 136
ROUND_ACCURACY method=InteractionFedPhoenix round=137 accuracy=72.080002
********************************************************************************
Round 137
ROUND_ACCURACY method=InteractionFedPhoenix round=138 accuracy=74.080002
********************************************************************************
Round 138
ROUND_ACCURACY method=InteractionFedPhoenix round=139 accuracy=71.279999
********************************************************************************
Round 139
ROUND_ACCURACY method=InteractionFedPhoenix round=140 accuracy=73.480003
********************************************************************************
Round 140
ROUND_ACCURACY method=InteractionFedPhoenix round=141 accuracy=73.919998
********************************************************************************
Round 141
ROUND_ACCURACY method=InteractionFedPhoenix round=142 accuracy=67.580002
********************************************************************************
Round 142
ROUND_ACCURACY method=InteractionFedPhoenix round=143 accuracy=63.200001
********************************************************************************
Round 143
ROUND_ACCURACY method=InteractionFedPhoenix round=144 accuracy=73.910004
********************************************************************************
Round 144
ROUND_ACCURACY method=InteractionFedPhoenix round=145 accuracy=67.500000
********************************************************************************
Round 145
ROUND_ACCURACY method=InteractionFedPhoenix round=146 accuracy=65.629997
********************************************************************************
Round 146
ROUND_ACCURACY method=InteractionFedPhoenix round=147 accuracy=71.190002
********************************************************************************
Round 147
ROUND_ACCURACY method=InteractionFedPhoenix round=148 accuracy=69.389999
********************************************************************************
Round 148
ROUND_ACCURACY method=InteractionFedPhoenix round=149 accuracy=70.980003
********************************************************************************
Round 149
ROUND_ACCURACY method=InteractionFedPhoenix round=150 accuracy=74.930000
********************************************************************************
Round 150
ROUND_ACCURACY method=InteractionFedPhoenix round=151 accuracy=62.259998
********************************************************************************
Round 151
ROUND_ACCURACY method=InteractionFedPhoenix round=152 accuracy=68.430000
********************************************************************************
Round 152
ROUND_ACCURACY method=InteractionFedPhoenix round=153 accuracy=72.889999
********************************************************************************
Round 153
ROUND_ACCURACY method=InteractionFedPhoenix round=154 accuracy=73.309998
********************************************************************************
Round 154
ROUND_ACCURACY method=InteractionFedPhoenix round=155 accuracy=69.500000
********************************************************************************
Round 155
ROUND_ACCURACY method=InteractionFedPhoenix round=156 accuracy=72.910004
********************************************************************************
Round 156
ROUND_ACCURACY method=InteractionFedPhoenix round=157 accuracy=67.669998
********************************************************************************
Round 157
ROUND_ACCURACY method=InteractionFedPhoenix round=158 accuracy=67.589996
********************************************************************************
Round 158
ROUND_ACCURACY method=InteractionFedPhoenix round=159 accuracy=70.410004
********************************************************************************
Round 159
ROUND_ACCURACY method=InteractionFedPhoenix round=160 accuracy=69.820000
********************************************************************************
Round 160
ROUND_ACCURACY method=InteractionFedPhoenix round=161 accuracy=75.720001
********************************************************************************
Round 161
ROUND_ACCURACY method=InteractionFedPhoenix round=162 accuracy=72.430000
********************************************************************************
Round 162
ROUND_ACCURACY method=InteractionFedPhoenix round=163 accuracy=67.699997
********************************************************************************
Round 163
ROUND_ACCURACY method=InteractionFedPhoenix round=164 accuracy=66.050003
********************************************************************************
Round 164
ROUND_ACCURACY method=InteractionFedPhoenix round=165 accuracy=74.690002
********************************************************************************
Round 165
ROUND_ACCURACY method=InteractionFedPhoenix round=166 accuracy=72.790001
********************************************************************************
Round 166
ROUND_ACCURACY method=InteractionFedPhoenix round=167 accuracy=71.930000
********************************************************************************
Round 167
ROUND_ACCURACY method=InteractionFedPhoenix round=168 accuracy=66.250000
********************************************************************************
Round 168
ROUND_ACCURACY method=InteractionFedPhoenix round=169 accuracy=68.860001
********************************************************************************
Round 169
ROUND_ACCURACY method=InteractionFedPhoenix round=170 accuracy=63.490002
********************************************************************************
Round 170
ROUND_ACCURACY method=InteractionFedPhoenix round=171 accuracy=68.550003
********************************************************************************
Round 171
ROUND_ACCURACY method=InteractionFedPhoenix round=172 accuracy=68.349998
********************************************************************************
Round 172
ROUND_ACCURACY method=InteractionFedPhoenix round=173 accuracy=65.239998
********************************************************************************
Round 173
ROUND_ACCURACY method=InteractionFedPhoenix round=174 accuracy=67.760002
********************************************************************************
Round 174
ROUND_ACCURACY method=InteractionFedPhoenix round=175 accuracy=74.860001
********************************************************************************
Round 175
ROUND_ACCURACY method=InteractionFedPhoenix round=176 accuracy=74.790001
********************************************************************************
Round 176
ROUND_ACCURACY method=InteractionFedPhoenix round=177 accuracy=70.080002
********************************************************************************
Round 177
ROUND_ACCURACY method=InteractionFedPhoenix round=178 accuracy=66.639999
********************************************************************************
Round 178
ROUND_ACCURACY method=InteractionFedPhoenix round=179 accuracy=74.610001
********************************************************************************
Round 179
ROUND_ACCURACY method=InteractionFedPhoenix round=180 accuracy=73.139999
********************************************************************************
Round 180
ROUND_ACCURACY method=InteractionFedPhoenix round=181 accuracy=74.760002
********************************************************************************
Round 181
ROUND_ACCURACY method=InteractionFedPhoenix round=182 accuracy=66.699997
********************************************************************************
Round 182
ROUND_ACCURACY method=InteractionFedPhoenix round=183 accuracy=76.279999
********************************************************************************
Round 183
ROUND_ACCURACY method=InteractionFedPhoenix round=184 accuracy=74.059998
********************************************************************************
Round 184
ROUND_ACCURACY method=InteractionFedPhoenix round=185 accuracy=75.370003
********************************************************************************
Round 185
ROUND_ACCURACY method=InteractionFedPhoenix round=186 accuracy=73.849998
********************************************************************************
Round 186
ROUND_ACCURACY method=InteractionFedPhoenix round=187 accuracy=70.169998
********************************************************************************
Round 187
ROUND_ACCURACY method=InteractionFedPhoenix round=188 accuracy=75.029999
********************************************************************************
Round 188
ROUND_ACCURACY method=InteractionFedPhoenix round=189 accuracy=67.699997
********************************************************************************
Round 189
ROUND_ACCURACY method=InteractionFedPhoenix round=190 accuracy=63.689999
********************************************************************************
Round 190
ROUND_ACCURACY method=InteractionFedPhoenix round=191 accuracy=64.010002
********************************************************************************
Round 191
ROUND_ACCURACY method=InteractionFedPhoenix round=192 accuracy=72.430000
********************************************************************************
Round 192
ROUND_ACCURACY method=InteractionFedPhoenix round=193 accuracy=75.639999
********************************************************************************
Round 193
ROUND_ACCURACY method=InteractionFedPhoenix round=194 accuracy=73.879997
********************************************************************************
Round 194
ROUND_ACCURACY method=InteractionFedPhoenix round=195 accuracy=73.459999
********************************************************************************
Round 195
ROUND_ACCURACY method=InteractionFedPhoenix round=196 accuracy=77.050003
********************************************************************************
Round 196
ROUND_ACCURACY method=InteractionFedPhoenix round=197 accuracy=64.019997
********************************************************************************
Round 197
ROUND_ACCURACY method=InteractionFedPhoenix round=198 accuracy=69.190002
********************************************************************************
Round 198
ROUND_ACCURACY method=InteractionFedPhoenix round=199 accuracy=63.840000
********************************************************************************
Round 199
ROUND_ACCURACY method=InteractionFedPhoenix round=200 accuracy=57.020000
********************************************************************************
Round 200
ROUND_ACCURACY method=InteractionFedPhoenix round=201 accuracy=68.239998
********************************************************************************
Round 201
ROUND_ACCURACY method=InteractionFedPhoenix round=202 accuracy=72.550003
********************************************************************************
Round 202
ROUND_ACCURACY method=InteractionFedPhoenix round=203 accuracy=64.199997
********************************************************************************
Round 203
ROUND_ACCURACY method=InteractionFedPhoenix round=204 accuracy=74.900002
********************************************************************************
Round 204
ROUND_ACCURACY method=InteractionFedPhoenix round=205 accuracy=72.370003
********************************************************************************
Round 205
ROUND_ACCURACY method=InteractionFedPhoenix round=206 accuracy=76.269997
********************************************************************************
Round 206
ROUND_ACCURACY method=InteractionFedPhoenix round=207 accuracy=74.110001
********************************************************************************
Round 207
ROUND_ACCURACY method=InteractionFedPhoenix round=208 accuracy=71.750000
********************************************************************************
Round 208
ROUND_ACCURACY method=InteractionFedPhoenix round=209 accuracy=69.360001
********************************************************************************
Round 209
ROUND_ACCURACY method=InteractionFedPhoenix round=210 accuracy=72.989998
********************************************************************************
Round 210
ROUND_ACCURACY method=InteractionFedPhoenix round=211 accuracy=67.389999
********************************************************************************
Round 211
ROUND_ACCURACY method=InteractionFedPhoenix round=212 accuracy=76.830002
********************************************************************************
Round 212
ROUND_ACCURACY method=InteractionFedPhoenix round=213 accuracy=70.739998
********************************************************************************
Round 213
ROUND_ACCURACY method=InteractionFedPhoenix round=214 accuracy=75.559998
********************************************************************************
Round 214
ROUND_ACCURACY method=InteractionFedPhoenix round=215 accuracy=74.059998
********************************************************************************
Round 215
ROUND_ACCURACY method=InteractionFedPhoenix round=216 accuracy=71.940002
********************************************************************************
Round 216
ROUND_ACCURACY method=InteractionFedPhoenix round=217 accuracy=68.330002
********************************************************************************
Round 217
ROUND_ACCURACY method=InteractionFedPhoenix round=218 accuracy=77.970001
********************************************************************************
Round 218
ROUND_ACCURACY method=InteractionFedPhoenix round=219 accuracy=69.089996
********************************************************************************
Round 219
ROUND_ACCURACY method=InteractionFedPhoenix round=220 accuracy=69.790001
********************************************************************************
Round 220
ROUND_ACCURACY method=InteractionFedPhoenix round=221 accuracy=72.870003
********************************************************************************
Round 221
ROUND_ACCURACY method=InteractionFedPhoenix round=222 accuracy=68.250000
********************************************************************************
Round 222
ROUND_ACCURACY method=InteractionFedPhoenix round=223 accuracy=75.610001
********************************************************************************
Round 223
ROUND_ACCURACY method=InteractionFedPhoenix round=224 accuracy=75.629997
********************************************************************************
Round 224
ROUND_ACCURACY method=InteractionFedPhoenix round=225 accuracy=62.080002
********************************************************************************
Round 225
ROUND_ACCURACY method=InteractionFedPhoenix round=226 accuracy=64.129997
********************************************************************************
Round 226
ROUND_ACCURACY method=InteractionFedPhoenix round=227 accuracy=74.040001
********************************************************************************
Round 227
ROUND_ACCURACY method=InteractionFedPhoenix round=228 accuracy=70.379997
********************************************************************************
Round 228
ROUND_ACCURACY method=InteractionFedPhoenix round=229 accuracy=64.699997
********************************************************************************
Round 229
ROUND_ACCURACY method=InteractionFedPhoenix round=230 accuracy=76.680000
********************************************************************************
Round 230
ROUND_ACCURACY method=InteractionFedPhoenix round=231 accuracy=70.120003
********************************************************************************
Round 231
ROUND_ACCURACY method=InteractionFedPhoenix round=232 accuracy=77.260002
********************************************************************************
Round 232
ROUND_ACCURACY method=InteractionFedPhoenix round=233 accuracy=71.760002
********************************************************************************
Round 233
ROUND_ACCURACY method=InteractionFedPhoenix round=234 accuracy=57.599998
********************************************************************************
Round 234
ROUND_ACCURACY method=InteractionFedPhoenix round=235 accuracy=63.500000
********************************************************************************
Round 235
ROUND_ACCURACY method=InteractionFedPhoenix round=236 accuracy=77.139999
********************************************************************************
Round 236
ROUND_ACCURACY method=InteractionFedPhoenix round=237 accuracy=68.239998
********************************************************************************
Round 237
ROUND_ACCURACY method=InteractionFedPhoenix round=238 accuracy=67.379997
********************************************************************************
Round 238
ROUND_ACCURACY method=InteractionFedPhoenix round=239 accuracy=73.220001
********************************************************************************
Round 239
ROUND_ACCURACY method=InteractionFedPhoenix round=240 accuracy=65.589996
********************************************************************************
Round 240
ROUND_ACCURACY method=InteractionFedPhoenix round=241 accuracy=74.610001
********************************************************************************
Round 241
ROUND_ACCURACY method=InteractionFedPhoenix round=242 accuracy=74.110001
********************************************************************************
Round 242
ROUND_ACCURACY method=InteractionFedPhoenix round=243 accuracy=73.669998
********************************************************************************
Round 243
ROUND_ACCURACY method=InteractionFedPhoenix round=244 accuracy=72.150002
********************************************************************************
Round 244
ROUND_ACCURACY method=InteractionFedPhoenix round=245 accuracy=74.129997
********************************************************************************
Round 245
ROUND_ACCURACY method=InteractionFedPhoenix round=246 accuracy=73.570000
********************************************************************************
Round 246
ROUND_ACCURACY method=InteractionFedPhoenix round=247 accuracy=54.279999
********************************************************************************
Round 247
ROUND_ACCURACY method=InteractionFedPhoenix round=248 accuracy=73.239998
********************************************************************************
Round 248
ROUND_ACCURACY method=InteractionFedPhoenix round=249 accuracy=71.269997
********************************************************************************
Round 249
ROUND_ACCURACY method=InteractionFedPhoenix round=250 accuracy=72.080002
********************************************************************************
Round 250
ROUND_ACCURACY method=InteractionFedPhoenix round=251 accuracy=76.620003
********************************************************************************
Round 251
ROUND_ACCURACY method=InteractionFedPhoenix round=252 accuracy=70.650002
********************************************************************************
Round 252
ROUND_ACCURACY method=InteractionFedPhoenix round=253 accuracy=70.830002
********************************************************************************
Round 253
ROUND_ACCURACY method=InteractionFedPhoenix round=254 accuracy=68.720001
********************************************************************************
Round 254
ROUND_ACCURACY method=InteractionFedPhoenix round=255 accuracy=77.980003
********************************************************************************
Round 255
ROUND_ACCURACY method=InteractionFedPhoenix round=256 accuracy=69.059998
********************************************************************************
Round 256
ROUND_ACCURACY method=InteractionFedPhoenix round=257 accuracy=75.209999
********************************************************************************
Round 257
ROUND_ACCURACY method=InteractionFedPhoenix round=258 accuracy=72.440002
********************************************************************************
Round 258
ROUND_ACCURACY method=InteractionFedPhoenix round=259 accuracy=75.510002
********************************************************************************
Round 259
ROUND_ACCURACY method=InteractionFedPhoenix round=260 accuracy=72.480003
********************************************************************************
Round 260
ROUND_ACCURACY method=InteractionFedPhoenix round=261 accuracy=76.989998
********************************************************************************
Round 261
ROUND_ACCURACY method=InteractionFedPhoenix round=262 accuracy=74.730003
********************************************************************************
Round 262
ROUND_ACCURACY method=InteractionFedPhoenix round=263 accuracy=65.000000
********************************************************************************
Round 263
ROUND_ACCURACY method=InteractionFedPhoenix round=264 accuracy=70.690002
********************************************************************************
Round 264
ROUND_ACCURACY method=InteractionFedPhoenix round=265 accuracy=74.160004
********************************************************************************
Round 265
ROUND_ACCURACY method=InteractionFedPhoenix round=266 accuracy=73.470001
********************************************************************************
Round 266
ROUND_ACCURACY method=InteractionFedPhoenix round=267 accuracy=69.349998
********************************************************************************
Round 267
ROUND_ACCURACY method=InteractionFedPhoenix round=268 accuracy=58.990002
********************************************************************************
Round 268
ROUND_ACCURACY method=InteractionFedPhoenix round=269 accuracy=72.169998
********************************************************************************
Round 269
ROUND_ACCURACY method=InteractionFedPhoenix round=270 accuracy=67.570000
********************************************************************************
Round 270
ROUND_ACCURACY method=InteractionFedPhoenix round=271 accuracy=68.400002
********************************************************************************
Round 271
ROUND_ACCURACY method=InteractionFedPhoenix round=272 accuracy=60.840000
********************************************************************************
Round 272
ROUND_ACCURACY method=InteractionFedPhoenix round=273 accuracy=65.449997
********************************************************************************
Round 273
ROUND_ACCURACY method=InteractionFedPhoenix round=274 accuracy=49.590000
********************************************************************************
Round 274
ROUND_ACCURACY method=InteractionFedPhoenix round=275 accuracy=75.690002
********************************************************************************
Round 275
ROUND_ACCURACY method=InteractionFedPhoenix round=276 accuracy=67.529999
********************************************************************************
Round 276
ROUND_ACCURACY method=InteractionFedPhoenix round=277 accuracy=77.510002
********************************************************************************
Round 277
ROUND_ACCURACY method=InteractionFedPhoenix round=278 accuracy=69.559998
********************************************************************************
Round 278
ROUND_ACCURACY method=InteractionFedPhoenix round=279 accuracy=77.949997
********************************************************************************
Round 279
ROUND_ACCURACY method=InteractionFedPhoenix round=280 accuracy=76.190002
********************************************************************************
Round 280
ROUND_ACCURACY method=InteractionFedPhoenix round=281 accuracy=70.870003
********************************************************************************
Round 281
ROUND_ACCURACY method=InteractionFedPhoenix round=282 accuracy=65.940002
********************************************************************************
Round 282
ROUND_ACCURACY method=InteractionFedPhoenix round=283 accuracy=72.599998
********************************************************************************
Round 283
ROUND_ACCURACY method=InteractionFedPhoenix round=284 accuracy=78.230003
********************************************************************************
Round 284
ROUND_ACCURACY method=InteractionFedPhoenix round=285 accuracy=65.669998
********************************************************************************
Round 285
ROUND_ACCURACY method=InteractionFedPhoenix round=286 accuracy=58.980000
********************************************************************************
Round 286
ROUND_ACCURACY method=InteractionFedPhoenix round=287 accuracy=72.699997
********************************************************************************
Round 287
ROUND_ACCURACY method=InteractionFedPhoenix round=288 accuracy=70.250000
********************************************************************************
Round 288
ROUND_ACCURACY method=InteractionFedPhoenix round=289 accuracy=74.669998
********************************************************************************
Round 289
ROUND_ACCURACY method=InteractionFedPhoenix round=290 accuracy=77.470001
********************************************************************************
Round 290
ROUND_ACCURACY method=InteractionFedPhoenix round=291 accuracy=75.470001
********************************************************************************
Round 291
ROUND_ACCURACY method=InteractionFedPhoenix round=292 accuracy=71.029999
********************************************************************************
Round 292
ROUND_ACCURACY method=InteractionFedPhoenix round=293 accuracy=72.360001
********************************************************************************
Round 293
ROUND_ACCURACY method=InteractionFedPhoenix round=294 accuracy=73.330002
********************************************************************************
Round 294
ROUND_ACCURACY method=InteractionFedPhoenix round=295 accuracy=71.739998
********************************************************************************
Round 295
ROUND_ACCURACY method=InteractionFedPhoenix round=296 accuracy=75.449997
********************************************************************************
Round 296
ROUND_ACCURACY method=InteractionFedPhoenix round=297 accuracy=76.879997
********************************************************************************
Round 297
ROUND_ACCURACY method=InteractionFedPhoenix round=298 accuracy=67.330002
********************************************************************************
Round 298
ROUND_ACCURACY method=InteractionFedPhoenix round=299 accuracy=72.820000
********************************************************************************
Round 299
ROUND_ACCURACY method=InteractionFedPhoenix round=300 accuracy=71.419998
********************************************************************************
Round 300
ROUND_ACCURACY method=InteractionFedPhoenix round=301 accuracy=78.330002
********************************************************************************
Round 301
ROUND_ACCURACY method=InteractionFedPhoenix round=302 accuracy=67.599998
********************************************************************************
Round 302
ROUND_ACCURACY method=InteractionFedPhoenix round=303 accuracy=75.559998
********************************************************************************
Round 303
ROUND_ACCURACY method=InteractionFedPhoenix round=304 accuracy=70.510002
********************************************************************************
Round 304
ROUND_ACCURACY method=InteractionFedPhoenix round=305 accuracy=76.629997
********************************************************************************
Round 305
ROUND_ACCURACY method=InteractionFedPhoenix round=306 accuracy=72.449997
********************************************************************************
Round 306
ROUND_ACCURACY method=InteractionFedPhoenix round=307 accuracy=73.820000
********************************************************************************
Round 307
ROUND_ACCURACY method=InteractionFedPhoenix round=308 accuracy=69.750000
********************************************************************************
Round 308
ROUND_ACCURACY method=InteractionFedPhoenix round=309 accuracy=75.190002
********************************************************************************
Round 309
ROUND_ACCURACY method=InteractionFedPhoenix round=310 accuracy=77.519997
********************************************************************************
Round 310
ROUND_ACCURACY method=InteractionFedPhoenix round=311 accuracy=73.919998
********************************************************************************
Round 311
ROUND_ACCURACY method=InteractionFedPhoenix round=312 accuracy=76.830002
********************************************************************************
Round 312
ROUND_ACCURACY method=InteractionFedPhoenix round=313 accuracy=75.750000
********************************************************************************
Round 313
ROUND_ACCURACY method=InteractionFedPhoenix round=314 accuracy=75.860001
********************************************************************************
Round 314
ROUND_ACCURACY method=InteractionFedPhoenix round=315 accuracy=75.080002
********************************************************************************
Round 315
ROUND_ACCURACY method=InteractionFedPhoenix round=316 accuracy=72.250000
********************************************************************************
Round 316
ROUND_ACCURACY method=InteractionFedPhoenix round=317 accuracy=71.410004
********************************************************************************
Round 317
ROUND_ACCURACY method=InteractionFedPhoenix round=318 accuracy=66.989998
********************************************************************************
Round 318
ROUND_ACCURACY method=InteractionFedPhoenix round=319 accuracy=64.730003
********************************************************************************
Round 319
ROUND_ACCURACY method=InteractionFedPhoenix round=320 accuracy=73.739998
********************************************************************************
Round 320
ROUND_ACCURACY method=InteractionFedPhoenix round=321 accuracy=68.360001
********************************************************************************
Round 321
ROUND_ACCURACY method=InteractionFedPhoenix round=322 accuracy=72.320000
********************************************************************************
Round 322
ROUND_ACCURACY method=InteractionFedPhoenix round=323 accuracy=73.300003
********************************************************************************
Round 323
ROUND_ACCURACY method=InteractionFedPhoenix round=324 accuracy=71.169998
********************************************************************************
Round 324
ROUND_ACCURACY method=InteractionFedPhoenix round=325 accuracy=75.000000
********************************************************************************
Round 325
ROUND_ACCURACY method=InteractionFedPhoenix round=326 accuracy=76.680000
********************************************************************************
Round 326
ROUND_ACCURACY method=InteractionFedPhoenix round=327 accuracy=77.019997
********************************************************************************
Round 327
ROUND_ACCURACY method=InteractionFedPhoenix round=328 accuracy=75.500000
********************************************************************************
Round 328
ROUND_ACCURACY method=InteractionFedPhoenix round=329 accuracy=79.059998
********************************************************************************
Round 329
ROUND_ACCURACY method=InteractionFedPhoenix round=330 accuracy=76.410004
********************************************************************************
Round 330
ROUND_ACCURACY method=InteractionFedPhoenix round=331 accuracy=51.330002
********************************************************************************
Round 331
ROUND_ACCURACY method=InteractionFedPhoenix round=332 accuracy=70.669998
********************************************************************************
Round 332
ROUND_ACCURACY method=InteractionFedPhoenix round=333 accuracy=76.889999
********************************************************************************
Round 333
ROUND_ACCURACY method=InteractionFedPhoenix round=334 accuracy=75.430000
********************************************************************************
Round 334
ROUND_ACCURACY method=InteractionFedPhoenix round=335 accuracy=78.849998
********************************************************************************
Round 335
ROUND_ACCURACY method=InteractionFedPhoenix round=336 accuracy=76.220001
********************************************************************************
Round 336
ROUND_ACCURACY method=InteractionFedPhoenix round=337 accuracy=75.019997
********************************************************************************
Round 337
ROUND_ACCURACY method=InteractionFedPhoenix round=338 accuracy=79.650002
********************************************************************************
Round 338
ROUND_ACCURACY method=InteractionFedPhoenix round=339 accuracy=72.830002
********************************************************************************
Round 339
ROUND_ACCURACY method=InteractionFedPhoenix round=340 accuracy=73.930000
********************************************************************************
Round 340
ROUND_ACCURACY method=InteractionFedPhoenix round=341 accuracy=71.410004
********************************************************************************
Round 341
ROUND_ACCURACY method=InteractionFedPhoenix round=342 accuracy=76.300003
********************************************************************************
Round 342
ROUND_ACCURACY method=InteractionFedPhoenix round=343 accuracy=66.510002
********************************************************************************
Round 343
ROUND_ACCURACY method=InteractionFedPhoenix round=344 accuracy=76.400002
********************************************************************************
Round 344
ROUND_ACCURACY method=InteractionFedPhoenix round=345 accuracy=74.870003
********************************************************************************
Round 345
ROUND_ACCURACY method=InteractionFedPhoenix round=346 accuracy=78.709999
********************************************************************************
Round 346
ROUND_ACCURACY method=InteractionFedPhoenix round=347 accuracy=69.599998
********************************************************************************
Round 347
ROUND_ACCURACY method=InteractionFedPhoenix round=348 accuracy=68.639999
********************************************************************************
Round 348
ROUND_ACCURACY method=InteractionFedPhoenix round=349 accuracy=78.949997
********************************************************************************
Round 349
ROUND_ACCURACY method=InteractionFedPhoenix round=350 accuracy=77.589996
********************************************************************************
Round 350
ROUND_ACCURACY method=InteractionFedPhoenix round=351 accuracy=75.919998
********************************************************************************
Round 351
ROUND_ACCURACY method=InteractionFedPhoenix round=352 accuracy=77.769997
********************************************************************************
Round 352
ROUND_ACCURACY method=InteractionFedPhoenix round=353 accuracy=73.500000
********************************************************************************
Round 353
ROUND_ACCURACY method=InteractionFedPhoenix round=354 accuracy=69.959999
********************************************************************************
Round 354
ROUND_ACCURACY method=InteractionFedPhoenix round=355 accuracy=68.050003
********************************************************************************
Round 355
ROUND_ACCURACY method=InteractionFedPhoenix round=356 accuracy=72.570000
********************************************************************************
Round 356
ROUND_ACCURACY method=InteractionFedPhoenix round=357 accuracy=77.589996
********************************************************************************
Round 357
ROUND_ACCURACY method=InteractionFedPhoenix round=358 accuracy=79.209999
********************************************************************************
Round 358
ROUND_ACCURACY method=InteractionFedPhoenix round=359 accuracy=72.580002
********************************************************************************
Round 359
ROUND_ACCURACY method=InteractionFedPhoenix round=360 accuracy=73.620003
********************************************************************************
Round 360
ROUND_ACCURACY method=InteractionFedPhoenix round=361 accuracy=70.650002
********************************************************************************
Round 361
ROUND_ACCURACY method=InteractionFedPhoenix round=362 accuracy=63.799999
********************************************************************************
Round 362
ROUND_ACCURACY method=InteractionFedPhoenix round=363 accuracy=64.160004
********************************************************************************
Round 363
ROUND_ACCURACY method=InteractionFedPhoenix round=364 accuracy=64.459999
********************************************************************************
Round 364
ROUND_ACCURACY method=InteractionFedPhoenix round=365 accuracy=68.059998
********************************************************************************
Round 365
ROUND_ACCURACY method=InteractionFedPhoenix round=366 accuracy=74.610001
********************************************************************************
Round 366
ROUND_ACCURACY method=InteractionFedPhoenix round=367 accuracy=71.839996
********************************************************************************
Round 367
ROUND_ACCURACY method=InteractionFedPhoenix round=368 accuracy=72.639999
********************************************************************************
Round 368
ROUND_ACCURACY method=InteractionFedPhoenix round=369 accuracy=70.129997
********************************************************************************
Round 369
ROUND_ACCURACY method=InteractionFedPhoenix round=370 accuracy=69.589996
********************************************************************************
Round 370
ROUND_ACCURACY method=InteractionFedPhoenix round=371 accuracy=78.820000
********************************************************************************
Round 371
ROUND_ACCURACY method=InteractionFedPhoenix round=372 accuracy=67.690002
********************************************************************************
Round 372
ROUND_ACCURACY method=InteractionFedPhoenix round=373 accuracy=69.379997
********************************************************************************
Round 373
ROUND_ACCURACY method=InteractionFedPhoenix round=374 accuracy=75.769997
********************************************************************************
Round 374
ROUND_ACCURACY method=InteractionFedPhoenix round=375 accuracy=75.279999
********************************************************************************
Round 375
ROUND_ACCURACY method=InteractionFedPhoenix round=376 accuracy=74.680000
********************************************************************************
Round 376
ROUND_ACCURACY method=InteractionFedPhoenix round=377 accuracy=62.169998
********************************************************************************
Round 377
ROUND_ACCURACY method=InteractionFedPhoenix round=378 accuracy=71.110001
********************************************************************************
Round 378
ROUND_ACCURACY method=InteractionFedPhoenix round=379 accuracy=77.540001
********************************************************************************
Round 379
ROUND_ACCURACY method=InteractionFedPhoenix round=380 accuracy=78.500000
********************************************************************************
Round 380
ROUND_ACCURACY method=InteractionFedPhoenix round=381 accuracy=62.919998
********************************************************************************
Round 381
ROUND_ACCURACY method=InteractionFedPhoenix round=382 accuracy=73.320000
********************************************************************************
Round 382
ROUND_ACCURACY method=InteractionFedPhoenix round=383 accuracy=66.089996
********************************************************************************
Round 383
ROUND_ACCURACY method=InteractionFedPhoenix round=384 accuracy=73.580002
********************************************************************************
Round 384
ROUND_ACCURACY method=InteractionFedPhoenix round=385 accuracy=72.500000
********************************************************************************
Round 385
ROUND_ACCURACY method=InteractionFedPhoenix round=386 accuracy=78.080002
********************************************************************************
Round 386
ROUND_ACCURACY method=InteractionFedPhoenix round=387 accuracy=78.080002
********************************************************************************
Round 387
ROUND_ACCURACY method=InteractionFedPhoenix round=388 accuracy=74.769997
********************************************************************************
Round 388
ROUND_ACCURACY method=InteractionFedPhoenix round=389 accuracy=77.529999
********************************************************************************
Round 389
ROUND_ACCURACY method=InteractionFedPhoenix round=390 accuracy=71.830002
********************************************************************************
Round 390
ROUND_ACCURACY method=InteractionFedPhoenix round=391 accuracy=73.279999
********************************************************************************
Round 391
ROUND_ACCURACY method=InteractionFedPhoenix round=392 accuracy=70.519997
********************************************************************************
Round 392
ROUND_ACCURACY method=InteractionFedPhoenix round=393 accuracy=77.419998
********************************************************************************
Round 393
ROUND_ACCURACY method=InteractionFedPhoenix round=394 accuracy=70.150002
********************************************************************************
Round 394
ROUND_ACCURACY method=InteractionFedPhoenix round=395 accuracy=67.500000
********************************************************************************
Round 395
ROUND_ACCURACY method=InteractionFedPhoenix round=396 accuracy=66.559998
********************************************************************************
Round 396
ROUND_ACCURACY method=InteractionFedPhoenix round=397 accuracy=78.269997
********************************************************************************
Round 397
ROUND_ACCURACY method=InteractionFedPhoenix round=398 accuracy=74.970001
********************************************************************************
Round 398
ROUND_ACCURACY method=InteractionFedPhoenix round=399 accuracy=72.849998
********************************************************************************
Round 399
ROUND_ACCURACY method=InteractionFedPhoenix round=400 accuracy=76.019997
********************************************************************************
Round 400
ROUND_ACCURACY method=InteractionFedPhoenix round=401 accuracy=75.930000
********************************************************************************
Round 401
ROUND_ACCURACY method=InteractionFedPhoenix round=402 accuracy=65.709999
********************************************************************************
Round 402
ROUND_ACCURACY method=InteractionFedPhoenix round=403 accuracy=72.300003
********************************************************************************
Round 403
ROUND_ACCURACY method=InteractionFedPhoenix round=404 accuracy=72.559998
********************************************************************************
Round 404
ROUND_ACCURACY method=InteractionFedPhoenix round=405 accuracy=74.349998
********************************************************************************
Round 405
ROUND_ACCURACY method=InteractionFedPhoenix round=406 accuracy=76.930000
********************************************************************************
Round 406
ROUND_ACCURACY method=InteractionFedPhoenix round=407 accuracy=74.930000
********************************************************************************
Round 407
ROUND_ACCURACY method=InteractionFedPhoenix round=408 accuracy=74.290001
********************************************************************************
Round 408
ROUND_ACCURACY method=InteractionFedPhoenix round=409 accuracy=78.250000
********************************************************************************
Round 409
ROUND_ACCURACY method=InteractionFedPhoenix round=410 accuracy=67.629997
********************************************************************************
Round 410
ROUND_ACCURACY method=InteractionFedPhoenix round=411 accuracy=66.910004
********************************************************************************
Round 411
ROUND_ACCURACY method=InteractionFedPhoenix round=412 accuracy=65.559998
********************************************************************************
Round 412
ROUND_ACCURACY method=InteractionFedPhoenix round=413 accuracy=75.730003
********************************************************************************
Round 413
ROUND_ACCURACY method=InteractionFedPhoenix round=414 accuracy=76.360001
********************************************************************************
Round 414
ROUND_ACCURACY method=InteractionFedPhoenix round=415 accuracy=77.919998
********************************************************************************
Round 415
ROUND_ACCURACY method=InteractionFedPhoenix round=416 accuracy=69.940002
********************************************************************************
Round 416
ROUND_ACCURACY method=InteractionFedPhoenix round=417 accuracy=79.139999
********************************************************************************
Round 417
ROUND_ACCURACY method=InteractionFedPhoenix round=418 accuracy=70.199997
********************************************************************************
Round 418
ROUND_ACCURACY method=InteractionFedPhoenix round=419 accuracy=68.110001
********************************************************************************
Round 419
ROUND_ACCURACY method=InteractionFedPhoenix round=420 accuracy=77.809998
********************************************************************************
Round 420
ROUND_ACCURACY method=InteractionFedPhoenix round=421 accuracy=77.470001
********************************************************************************
Round 421
ROUND_ACCURACY method=InteractionFedPhoenix round=422 accuracy=72.099998
********************************************************************************
Round 422
ROUND_ACCURACY method=InteractionFedPhoenix round=423 accuracy=74.639999
********************************************************************************
Round 423
ROUND_ACCURACY method=InteractionFedPhoenix round=424 accuracy=72.070000
********************************************************************************
Round 424
ROUND_ACCURACY method=InteractionFedPhoenix round=425 accuracy=79.230003
********************************************************************************
Round 425
ROUND_ACCURACY method=InteractionFedPhoenix round=426 accuracy=68.680000
********************************************************************************
Round 426
ROUND_ACCURACY method=InteractionFedPhoenix round=427 accuracy=68.050003
********************************************************************************
Round 427
ROUND_ACCURACY method=InteractionFedPhoenix round=428 accuracy=72.260002
********************************************************************************
Round 428
ROUND_ACCURACY method=InteractionFedPhoenix round=429 accuracy=70.839996
********************************************************************************
Round 429
ROUND_ACCURACY method=InteractionFedPhoenix round=430 accuracy=73.620003
********************************************************************************
Round 430
ROUND_ACCURACY method=InteractionFedPhoenix round=431 accuracy=76.080002
********************************************************************************
Round 431
ROUND_ACCURACY method=InteractionFedPhoenix round=432 accuracy=75.769997
********************************************************************************
Round 432
ROUND_ACCURACY method=InteractionFedPhoenix round=433 accuracy=76.930000
********************************************************************************
Round 433
ROUND_ACCURACY method=InteractionFedPhoenix round=434 accuracy=80.480003
********************************************************************************
Round 434
ROUND_ACCURACY method=InteractionFedPhoenix round=435 accuracy=78.360001
********************************************************************************
Round 435
ROUND_ACCURACY method=InteractionFedPhoenix round=436 accuracy=72.059998
********************************************************************************
Round 436
ROUND_ACCURACY method=InteractionFedPhoenix round=437 accuracy=71.669998
********************************************************************************
Round 437
ROUND_ACCURACY method=InteractionFedPhoenix round=438 accuracy=71.879997
********************************************************************************
Round 438
ROUND_ACCURACY method=InteractionFedPhoenix round=439 accuracy=72.010002
********************************************************************************
Round 439
ROUND_ACCURACY method=InteractionFedPhoenix round=440 accuracy=71.510002
********************************************************************************
Round 440
ROUND_ACCURACY method=InteractionFedPhoenix round=441 accuracy=77.580002
********************************************************************************
Round 441
ROUND_ACCURACY method=InteractionFedPhoenix round=442 accuracy=78.309998
********************************************************************************
Round 442
ROUND_ACCURACY method=InteractionFedPhoenix round=443 accuracy=73.760002
********************************************************************************
Round 443
ROUND_ACCURACY method=InteractionFedPhoenix round=444 accuracy=71.870003
********************************************************************************
Round 444
ROUND_ACCURACY method=InteractionFedPhoenix round=445 accuracy=75.290001
********************************************************************************
Round 445
ROUND_ACCURACY method=InteractionFedPhoenix round=446 accuracy=76.400002
********************************************************************************
Round 446
ROUND_ACCURACY method=InteractionFedPhoenix round=447 accuracy=75.169998
********************************************************************************
Round 447
ROUND_ACCURACY method=InteractionFedPhoenix round=448 accuracy=77.680000
********************************************************************************
Round 448
ROUND_ACCURACY method=InteractionFedPhoenix round=449 accuracy=67.279999
********************************************************************************
Round 449
ROUND_ACCURACY method=InteractionFedPhoenix round=450 accuracy=75.059998
********************************************************************************
Round 450
ROUND_ACCURACY method=InteractionFedPhoenix round=451 accuracy=68.250000
********************************************************************************
Round 451
ROUND_ACCURACY method=InteractionFedPhoenix round=452 accuracy=79.389999
********************************************************************************
Round 452
ROUND_ACCURACY method=InteractionFedPhoenix round=453 accuracy=77.199997
********************************************************************************
Round 453
ROUND_ACCURACY method=InteractionFedPhoenix round=454 accuracy=76.260002
********************************************************************************
Round 454
ROUND_ACCURACY method=InteractionFedPhoenix round=455 accuracy=77.760002
********************************************************************************
Round 455
ROUND_ACCURACY method=InteractionFedPhoenix round=456 accuracy=71.870003
********************************************************************************
Round 456
ROUND_ACCURACY method=InteractionFedPhoenix round=457 accuracy=76.639999
********************************************************************************
Round 457
ROUND_ACCURACY method=InteractionFedPhoenix round=458 accuracy=70.839996
********************************************************************************
Round 458
ROUND_ACCURACY method=InteractionFedPhoenix round=459 accuracy=79.849998
********************************************************************************
Round 459
ROUND_ACCURACY method=InteractionFedPhoenix round=460 accuracy=68.470001
********************************************************************************
Round 460
ROUND_ACCURACY method=InteractionFedPhoenix round=461 accuracy=79.940002
********************************************************************************
Round 461
ROUND_ACCURACY method=InteractionFedPhoenix round=462 accuracy=78.150002
********************************************************************************
Round 462
ROUND_ACCURACY method=InteractionFedPhoenix round=463 accuracy=78.629997
********************************************************************************
Round 463
ROUND_ACCURACY method=InteractionFedPhoenix round=464 accuracy=72.449997
********************************************************************************
Round 464
ROUND_ACCURACY method=InteractionFedPhoenix round=465 accuracy=78.379997
********************************************************************************
Round 465
ROUND_ACCURACY method=InteractionFedPhoenix round=466 accuracy=79.230003
********************************************************************************
Round 466
ROUND_ACCURACY method=InteractionFedPhoenix round=467 accuracy=71.440002
********************************************************************************
Round 467
ROUND_ACCURACY method=InteractionFedPhoenix round=468 accuracy=76.709999
********************************************************************************
Round 468
ROUND_ACCURACY method=InteractionFedPhoenix round=469 accuracy=76.169998
********************************************************************************
Round 469
ROUND_ACCURACY method=InteractionFedPhoenix round=470 accuracy=68.089996
********************************************************************************
Round 470
ROUND_ACCURACY method=InteractionFedPhoenix round=471 accuracy=62.270000
********************************************************************************
Round 471
ROUND_ACCURACY method=InteractionFedPhoenix round=472 accuracy=78.169998
********************************************************************************
Round 472
ROUND_ACCURACY method=InteractionFedPhoenix round=473 accuracy=73.550003
********************************************************************************
Round 473
ROUND_ACCURACY method=InteractionFedPhoenix round=474 accuracy=74.209999
********************************************************************************
Round 474
ROUND_ACCURACY method=InteractionFedPhoenix round=475 accuracy=73.839996
********************************************************************************
Round 475
ROUND_ACCURACY method=InteractionFedPhoenix round=476 accuracy=75.160004
********************************************************************************
Round 476
ROUND_ACCURACY method=InteractionFedPhoenix round=477 accuracy=71.620003
********************************************************************************
Round 477
ROUND_ACCURACY method=InteractionFedPhoenix round=478 accuracy=70.959999
********************************************************************************
Round 478
ROUND_ACCURACY method=InteractionFedPhoenix round=479 accuracy=80.730003
********************************************************************************
Round 479
ROUND_ACCURACY method=InteractionFedPhoenix round=480 accuracy=79.720001
********************************************************************************
Round 480
ROUND_ACCURACY method=InteractionFedPhoenix round=481 accuracy=75.750000
********************************************************************************
Round 481
ROUND_ACCURACY method=InteractionFedPhoenix round=482 accuracy=76.320000
********************************************************************************
Round 482
ROUND_ACCURACY method=InteractionFedPhoenix round=483 accuracy=76.739998
********************************************************************************
Round 483
ROUND_ACCURACY method=InteractionFedPhoenix round=484 accuracy=71.400002
********************************************************************************
Round 484
ROUND_ACCURACY method=InteractionFedPhoenix round=485 accuracy=74.360001
********************************************************************************
Round 485
ROUND_ACCURACY method=InteractionFedPhoenix round=486 accuracy=66.330002
********************************************************************************
Round 486
ROUND_ACCURACY method=InteractionFedPhoenix round=487 accuracy=73.910004
********************************************************************************
Round 487
ROUND_ACCURACY method=InteractionFedPhoenix round=488 accuracy=79.879997
********************************************************************************
Round 488
ROUND_ACCURACY method=InteractionFedPhoenix round=489 accuracy=78.279999
********************************************************************************
Round 489
ROUND_ACCURACY method=InteractionFedPhoenix round=490 accuracy=78.760002
********************************************************************************
Round 490
ROUND_ACCURACY method=InteractionFedPhoenix round=491 accuracy=71.610001
********************************************************************************
Round 491
ROUND_ACCURACY method=InteractionFedPhoenix round=492 accuracy=77.750000
********************************************************************************
Round 492
ROUND_ACCURACY method=InteractionFedPhoenix round=493 accuracy=75.769997
********************************************************************************
Round 493
ROUND_ACCURACY method=InteractionFedPhoenix round=494 accuracy=75.169998
********************************************************************************
Round 494
ROUND_ACCURACY method=InteractionFedPhoenix round=495 accuracy=73.190002
********************************************************************************
Round 495
ROUND_ACCURACY method=InteractionFedPhoenix round=496 accuracy=67.900002
********************************************************************************
Round 496
ROUND_ACCURACY method=InteractionFedPhoenix round=497 accuracy=73.080002
********************************************************************************
Round 497
ROUND_ACCURACY method=InteractionFedPhoenix round=498 accuracy=79.059998
********************************************************************************
Round 498
ROUND_ACCURACY method=InteractionFedPhoenix round=499 accuracy=53.439999
********************************************************************************
Round 499
ROUND_ACCURACY method=InteractionFedPhoenix round=500 accuracy=78.029999
********************************************************************************
Round 500
ROUND_ACCURACY method=InteractionFedPhoenix round=501 accuracy=76.279999
********************************************************************************
Round 501
ROUND_ACCURACY method=InteractionFedPhoenix round=502 accuracy=75.769997
********************************************************************************
Round 502
ROUND_ACCURACY method=InteractionFedPhoenix round=503 accuracy=76.430000
********************************************************************************
Round 503
ROUND_ACCURACY method=InteractionFedPhoenix round=504 accuracy=77.059998
********************************************************************************
Round 504
ROUND_ACCURACY method=InteractionFedPhoenix round=505 accuracy=78.410004
********************************************************************************
Round 505
ROUND_ACCURACY method=InteractionFedPhoenix round=506 accuracy=57.560001
********************************************************************************
Round 506
ROUND_ACCURACY method=InteractionFedPhoenix round=507 accuracy=66.419998
********************************************************************************
Round 507
ROUND_ACCURACY method=InteractionFedPhoenix round=508 accuracy=73.019997
********************************************************************************
Round 508
ROUND_ACCURACY method=InteractionFedPhoenix round=509 accuracy=72.889999
********************************************************************************
Round 509
ROUND_ACCURACY method=InteractionFedPhoenix round=510 accuracy=75.669998
********************************************************************************
Round 510
ROUND_ACCURACY method=InteractionFedPhoenix round=511 accuracy=68.470001
********************************************************************************
Round 511
ROUND_ACCURACY method=InteractionFedPhoenix round=512 accuracy=68.440002
********************************************************************************
Round 512
ROUND_ACCURACY method=InteractionFedPhoenix round=513 accuracy=70.180000
********************************************************************************
Round 513
ROUND_ACCURACY method=InteractionFedPhoenix round=514 accuracy=72.650002
********************************************************************************
Round 514
ROUND_ACCURACY method=InteractionFedPhoenix round=515 accuracy=76.220001
********************************************************************************
Round 515
ROUND_ACCURACY method=InteractionFedPhoenix round=516 accuracy=77.699997
********************************************************************************
Round 516
ROUND_ACCURACY method=InteractionFedPhoenix round=517 accuracy=76.949997
********************************************************************************
Round 517
ROUND_ACCURACY method=InteractionFedPhoenix round=518 accuracy=72.489998
********************************************************************************
Round 518
ROUND_ACCURACY method=InteractionFedPhoenix round=519 accuracy=75.879997
********************************************************************************
Round 519
ROUND_ACCURACY method=InteractionFedPhoenix round=520 accuracy=77.760002
********************************************************************************
Round 520
ROUND_ACCURACY method=InteractionFedPhoenix round=521 accuracy=71.980003
********************************************************************************
Round 521
ROUND_ACCURACY method=InteractionFedPhoenix round=522 accuracy=71.860001
********************************************************************************
Round 522
ROUND_ACCURACY method=InteractionFedPhoenix round=523 accuracy=71.580002
********************************************************************************
Round 523
ROUND_ACCURACY method=InteractionFedPhoenix round=524 accuracy=77.400002
********************************************************************************
Round 524
ROUND_ACCURACY method=InteractionFedPhoenix round=525 accuracy=75.089996
********************************************************************************
Round 525
ROUND_ACCURACY method=InteractionFedPhoenix round=526 accuracy=75.839996
********************************************************************************
Round 526
ROUND_ACCURACY method=InteractionFedPhoenix round=527 accuracy=73.220001
********************************************************************************
Round 527
ROUND_ACCURACY method=InteractionFedPhoenix round=528 accuracy=66.099998
********************************************************************************
Round 528
ROUND_ACCURACY method=InteractionFedPhoenix round=529 accuracy=79.669998
********************************************************************************
Round 529
ROUND_ACCURACY method=InteractionFedPhoenix round=530 accuracy=78.120003
********************************************************************************
Round 530
ROUND_ACCURACY method=InteractionFedPhoenix round=531 accuracy=72.790001
********************************************************************************
Round 531
ROUND_ACCURACY method=InteractionFedPhoenix round=532 accuracy=72.529999
********************************************************************************
Round 532
ROUND_ACCURACY method=InteractionFedPhoenix round=533 accuracy=70.680000
********************************************************************************
Round 533
ROUND_ACCURACY method=InteractionFedPhoenix round=534 accuracy=76.089996
********************************************************************************
Round 534
ROUND_ACCURACY method=InteractionFedPhoenix round=535 accuracy=75.949997
********************************************************************************
Round 535
ROUND_ACCURACY method=InteractionFedPhoenix round=536 accuracy=78.089996
********************************************************************************
Round 536
ROUND_ACCURACY method=InteractionFedPhoenix round=537 accuracy=78.300003
********************************************************************************
Round 537
ROUND_ACCURACY method=InteractionFedPhoenix round=538 accuracy=78.269997
********************************************************************************
Round 538
ROUND_ACCURACY method=InteractionFedPhoenix round=539 accuracy=79.760002
********************************************************************************
Round 539
ROUND_ACCURACY method=InteractionFedPhoenix round=540 accuracy=69.279999
********************************************************************************
Round 540
ROUND_ACCURACY method=InteractionFedPhoenix round=541 accuracy=66.730003
********************************************************************************
Round 541
ROUND_ACCURACY method=InteractionFedPhoenix round=542 accuracy=70.160004
********************************************************************************
Round 542
ROUND_ACCURACY method=InteractionFedPhoenix round=543 accuracy=57.540001
********************************************************************************
Round 543
ROUND_ACCURACY method=InteractionFedPhoenix round=544 accuracy=73.269997
********************************************************************************
Round 544
ROUND_ACCURACY method=InteractionFedPhoenix round=545 accuracy=74.519997
********************************************************************************
Round 545
ROUND_ACCURACY method=InteractionFedPhoenix round=546 accuracy=73.360001
********************************************************************************
Round 546
ROUND_ACCURACY method=InteractionFedPhoenix round=547 accuracy=71.129997
********************************************************************************
Round 547
ROUND_ACCURACY method=InteractionFedPhoenix round=548 accuracy=66.099998
********************************************************************************
Round 548
ROUND_ACCURACY method=InteractionFedPhoenix round=549 accuracy=54.400002
********************************************************************************
Round 549
ROUND_ACCURACY method=InteractionFedPhoenix round=550 accuracy=75.919998
********************************************************************************
Round 550
ROUND_ACCURACY method=InteractionFedPhoenix round=551 accuracy=74.849998
********************************************************************************
Round 551
ROUND_ACCURACY method=InteractionFedPhoenix round=552 accuracy=76.629997
********************************************************************************
Round 552
ROUND_ACCURACY method=InteractionFedPhoenix round=553 accuracy=75.680000
********************************************************************************
Round 553
ROUND_ACCURACY method=InteractionFedPhoenix round=554 accuracy=72.410004
********************************************************************************
Round 554
ROUND_ACCURACY method=InteractionFedPhoenix round=555 accuracy=77.129997
********************************************************************************
Round 555
ROUND_ACCURACY method=InteractionFedPhoenix round=556 accuracy=74.139999
********************************************************************************
Round 556
ROUND_ACCURACY method=InteractionFedPhoenix round=557 accuracy=75.190002
********************************************************************************
Round 557
ROUND_ACCURACY method=InteractionFedPhoenix round=558 accuracy=79.059998
********************************************************************************
Round 558
ROUND_ACCURACY method=InteractionFedPhoenix round=559 accuracy=77.330002
********************************************************************************
Round 559
ROUND_ACCURACY method=InteractionFedPhoenix round=560 accuracy=76.820000
********************************************************************************
Round 560
ROUND_ACCURACY method=InteractionFedPhoenix round=561 accuracy=78.769997
********************************************************************************
Round 561
ROUND_ACCURACY method=InteractionFedPhoenix round=562 accuracy=78.470001
********************************************************************************
Round 562
ROUND_ACCURACY method=InteractionFedPhoenix round=563 accuracy=72.800003
********************************************************************************
Round 563
ROUND_ACCURACY method=InteractionFedPhoenix round=564 accuracy=75.010002
********************************************************************************
Round 564
ROUND_ACCURACY method=InteractionFedPhoenix round=565 accuracy=78.430000
********************************************************************************
Round 565
ROUND_ACCURACY method=InteractionFedPhoenix round=566 accuracy=66.739998
********************************************************************************
Round 566
ROUND_ACCURACY method=InteractionFedPhoenix round=567 accuracy=76.989998
********************************************************************************
Round 567
ROUND_ACCURACY method=InteractionFedPhoenix round=568 accuracy=70.220001
********************************************************************************
Round 568
ROUND_ACCURACY method=InteractionFedPhoenix round=569 accuracy=67.040001
********************************************************************************
Round 569
ROUND_ACCURACY method=InteractionFedPhoenix round=570 accuracy=78.849998
********************************************************************************
Round 570
ROUND_ACCURACY method=InteractionFedPhoenix round=571 accuracy=76.529999
********************************************************************************
Round 571
ROUND_ACCURACY method=InteractionFedPhoenix round=572 accuracy=77.820000
********************************************************************************
Round 572
ROUND_ACCURACY method=InteractionFedPhoenix round=573 accuracy=80.040001
********************************************************************************
Round 573
ROUND_ACCURACY method=InteractionFedPhoenix round=574 accuracy=81.400002
********************************************************************************
Round 574
ROUND_ACCURACY method=InteractionFedPhoenix round=575 accuracy=68.730003
********************************************************************************
Round 575
ROUND_ACCURACY method=InteractionFedPhoenix round=576 accuracy=71.830002
********************************************************************************
Round 576
ROUND_ACCURACY method=InteractionFedPhoenix round=577 accuracy=79.800003
********************************************************************************
Round 577
ROUND_ACCURACY method=InteractionFedPhoenix round=578 accuracy=77.419998
********************************************************************************
Round 578
ROUND_ACCURACY method=InteractionFedPhoenix round=579 accuracy=58.459999
********************************************************************************
Round 579
ROUND_ACCURACY method=InteractionFedPhoenix round=580 accuracy=79.169998
********************************************************************************
Round 580
ROUND_ACCURACY method=InteractionFedPhoenix round=581 accuracy=79.239998
********************************************************************************
Round 581
ROUND_ACCURACY method=InteractionFedPhoenix round=582 accuracy=77.970001
********************************************************************************
Round 582
ROUND_ACCURACY method=InteractionFedPhoenix round=583 accuracy=77.519997
********************************************************************************
Round 583
ROUND_ACCURACY method=InteractionFedPhoenix round=584 accuracy=77.980003
********************************************************************************
Round 584
ROUND_ACCURACY method=InteractionFedPhoenix round=585 accuracy=77.129997
********************************************************************************
Round 585
ROUND_ACCURACY method=InteractionFedPhoenix round=586 accuracy=77.400002
********************************************************************************
Round 586
ROUND_ACCURACY method=InteractionFedPhoenix round=587 accuracy=63.520000
********************************************************************************
Round 587
ROUND_ACCURACY method=InteractionFedPhoenix round=588 accuracy=63.689999
********************************************************************************
Round 588
ROUND_ACCURACY method=InteractionFedPhoenix round=589 accuracy=74.690002
********************************************************************************
Round 589
ROUND_ACCURACY method=InteractionFedPhoenix round=590 accuracy=76.650002
********************************************************************************
Round 590
ROUND_ACCURACY method=InteractionFedPhoenix round=591 accuracy=61.720001
********************************************************************************
Round 591
ROUND_ACCURACY method=InteractionFedPhoenix round=592 accuracy=66.910004
********************************************************************************
Round 592
ROUND_ACCURACY method=InteractionFedPhoenix round=593 accuracy=79.540001
********************************************************************************
Round 593
ROUND_ACCURACY method=InteractionFedPhoenix round=594 accuracy=73.750000
********************************************************************************
Round 594
ROUND_ACCURACY method=InteractionFedPhoenix round=595 accuracy=78.349998
********************************************************************************
Round 595
ROUND_ACCURACY method=InteractionFedPhoenix round=596 accuracy=77.699997
********************************************************************************
Round 596
ROUND_ACCURACY method=InteractionFedPhoenix round=597 accuracy=77.089996
********************************************************************************
Round 597
ROUND_ACCURACY method=InteractionFedPhoenix round=598 accuracy=64.500000
********************************************************************************
Round 598
ROUND_ACCURACY method=InteractionFedPhoenix round=599 accuracy=73.930000
********************************************************************************
Round 599
ROUND_ACCURACY method=InteractionFedPhoenix round=600 accuracy=77.349998
********************************************************************************
Round 600
ROUND_ACCURACY method=InteractionFedPhoenix round=601 accuracy=76.279999
********************************************************************************
Round 601
ROUND_ACCURACY method=InteractionFedPhoenix round=602 accuracy=79.760002
********************************************************************************
Round 602
ROUND_ACCURACY method=InteractionFedPhoenix round=603 accuracy=81.019997
********************************************************************************
Round 603
ROUND_ACCURACY method=InteractionFedPhoenix round=604 accuracy=80.820000
********************************************************************************
Round 604
ROUND_ACCURACY method=InteractionFedPhoenix round=605 accuracy=77.040001
********************************************************************************
Round 605
ROUND_ACCURACY method=InteractionFedPhoenix round=606 accuracy=78.230003
********************************************************************************
Round 606
ROUND_ACCURACY method=InteractionFedPhoenix round=607 accuracy=67.750000
********************************************************************************
Round 607
ROUND_ACCURACY method=InteractionFedPhoenix round=608 accuracy=73.980003
********************************************************************************
Round 608
ROUND_ACCURACY method=InteractionFedPhoenix round=609 accuracy=80.930000
********************************************************************************
Round 609
ROUND_ACCURACY method=InteractionFedPhoenix round=610 accuracy=70.349998
********************************************************************************
Round 610
ROUND_ACCURACY method=InteractionFedPhoenix round=611 accuracy=80.419998
********************************************************************************
Round 611
ROUND_ACCURACY method=InteractionFedPhoenix round=612 accuracy=76.769997
********************************************************************************
Round 612
ROUND_ACCURACY method=InteractionFedPhoenix round=613 accuracy=76.019997
********************************************************************************
Round 613
ROUND_ACCURACY method=InteractionFedPhoenix round=614 accuracy=73.989998
********************************************************************************
Round 614
ROUND_ACCURACY method=InteractionFedPhoenix round=615 accuracy=77.000000
********************************************************************************
Round 615
ROUND_ACCURACY method=InteractionFedPhoenix round=616 accuracy=78.800003
********************************************************************************
Round 616
ROUND_ACCURACY method=InteractionFedPhoenix round=617 accuracy=79.180000
********************************************************************************
Round 617
ROUND_ACCURACY method=InteractionFedPhoenix round=618 accuracy=78.250000
********************************************************************************
Round 618
ROUND_ACCURACY method=InteractionFedPhoenix round=619 accuracy=77.730003
********************************************************************************
Round 619
ROUND_ACCURACY method=InteractionFedPhoenix round=620 accuracy=71.650002
********************************************************************************
Round 620
ROUND_ACCURACY method=InteractionFedPhoenix round=621 accuracy=73.040001
********************************************************************************
Round 621
ROUND_ACCURACY method=InteractionFedPhoenix round=622 accuracy=79.269997
********************************************************************************
Round 622
ROUND_ACCURACY method=InteractionFedPhoenix round=623 accuracy=44.669998
********************************************************************************
Round 623
ROUND_ACCURACY method=InteractionFedPhoenix round=624 accuracy=75.519997
********************************************************************************
Round 624
ROUND_ACCURACY method=InteractionFedPhoenix round=625 accuracy=75.510002
********************************************************************************
Round 625
ROUND_ACCURACY method=InteractionFedPhoenix round=626 accuracy=68.680000
********************************************************************************
Round 626
ROUND_ACCURACY method=InteractionFedPhoenix round=627 accuracy=76.320000
********************************************************************************
Round 627
ROUND_ACCURACY method=InteractionFedPhoenix round=628 accuracy=70.730003
********************************************************************************
Round 628
ROUND_ACCURACY method=InteractionFedPhoenix round=629 accuracy=77.230003
********************************************************************************
Round 629
ROUND_ACCURACY method=InteractionFedPhoenix round=630 accuracy=79.099998
********************************************************************************
Round 630
ROUND_ACCURACY method=InteractionFedPhoenix round=631 accuracy=78.389999
********************************************************************************
Round 631
ROUND_ACCURACY method=InteractionFedPhoenix round=632 accuracy=68.360001
********************************************************************************
Round 632
ROUND_ACCURACY method=InteractionFedPhoenix round=633 accuracy=72.849998
********************************************************************************
Round 633
ROUND_ACCURACY method=InteractionFedPhoenix round=634 accuracy=78.750000
********************************************************************************
Round 634
ROUND_ACCURACY method=InteractionFedPhoenix round=635 accuracy=73.419998
********************************************************************************
Round 635
ROUND_ACCURACY method=InteractionFedPhoenix round=636 accuracy=76.419998
********************************************************************************
Round 636
ROUND_ACCURACY method=InteractionFedPhoenix round=637 accuracy=80.230003
********************************************************************************
Round 637
ROUND_ACCURACY method=InteractionFedPhoenix round=638 accuracy=75.959999
********************************************************************************
Round 638
ROUND_ACCURACY method=InteractionFedPhoenix round=639 accuracy=64.830002
********************************************************************************
Round 639
ROUND_ACCURACY method=InteractionFedPhoenix round=640 accuracy=78.010002
********************************************************************************
Round 640
ROUND_ACCURACY method=InteractionFedPhoenix round=641 accuracy=78.629997
********************************************************************************
Round 641
ROUND_ACCURACY method=InteractionFedPhoenix round=642 accuracy=76.800003
********************************************************************************
Round 642
ROUND_ACCURACY method=InteractionFedPhoenix round=643 accuracy=79.120003
********************************************************************************
Round 643
ROUND_ACCURACY method=InteractionFedPhoenix round=644 accuracy=77.709999
********************************************************************************
Round 644
ROUND_ACCURACY method=InteractionFedPhoenix round=645 accuracy=74.570000
********************************************************************************
Round 645
ROUND_ACCURACY method=InteractionFedPhoenix round=646 accuracy=73.570000
********************************************************************************
Round 646
ROUND_ACCURACY method=InteractionFedPhoenix round=647 accuracy=80.900002
********************************************************************************
Round 647
ROUND_ACCURACY method=InteractionFedPhoenix round=648 accuracy=79.589996
********************************************************************************
Round 648
ROUND_ACCURACY method=InteractionFedPhoenix round=649 accuracy=79.110001
********************************************************************************
Round 649
ROUND_ACCURACY method=InteractionFedPhoenix round=650 accuracy=80.589996
********************************************************************************
Round 650
ROUND_ACCURACY method=InteractionFedPhoenix round=651 accuracy=80.849998
********************************************************************************
Round 651
ROUND_ACCURACY method=InteractionFedPhoenix round=652 accuracy=76.169998
********************************************************************************
Round 652
ROUND_ACCURACY method=InteractionFedPhoenix round=653 accuracy=72.040001
********************************************************************************
Round 653
ROUND_ACCURACY method=InteractionFedPhoenix round=654 accuracy=78.709999
********************************************************************************
Round 654
ROUND_ACCURACY method=InteractionFedPhoenix round=655 accuracy=79.650002
********************************************************************************
Round 655
ROUND_ACCURACY method=InteractionFedPhoenix round=656 accuracy=73.370003
********************************************************************************
Round 656
ROUND_ACCURACY method=InteractionFedPhoenix round=657 accuracy=80.669998
********************************************************************************
Round 657
ROUND_ACCURACY method=InteractionFedPhoenix round=658 accuracy=77.199997
********************************************************************************
Round 658
ROUND_ACCURACY method=InteractionFedPhoenix round=659 accuracy=79.070000
********************************************************************************
Round 659
ROUND_ACCURACY method=InteractionFedPhoenix round=660 accuracy=71.269997
********************************************************************************
Round 660
ROUND_ACCURACY method=InteractionFedPhoenix round=661 accuracy=77.620003
********************************************************************************
Round 661
ROUND_ACCURACY method=InteractionFedPhoenix round=662 accuracy=78.489998
********************************************************************************
Round 662
ROUND_ACCURACY method=InteractionFedPhoenix round=663 accuracy=80.510002
********************************************************************************
Round 663
ROUND_ACCURACY method=InteractionFedPhoenix round=664 accuracy=81.650002
********************************************************************************
Round 664
ROUND_ACCURACY method=InteractionFedPhoenix round=665 accuracy=80.730003
********************************************************************************
Round 665
ROUND_ACCURACY method=InteractionFedPhoenix round=666 accuracy=79.669998
********************************************************************************
Round 666
ROUND_ACCURACY method=InteractionFedPhoenix round=667 accuracy=78.379997
********************************************************************************
Round 667
ROUND_ACCURACY method=InteractionFedPhoenix round=668 accuracy=76.809998
********************************************************************************
Round 668
ROUND_ACCURACY method=InteractionFedPhoenix round=669 accuracy=82.250000
********************************************************************************
Round 669
ROUND_ACCURACY method=InteractionFedPhoenix round=670 accuracy=67.059998
********************************************************************************
Round 670
ROUND_ACCURACY method=InteractionFedPhoenix round=671 accuracy=72.209999
********************************************************************************
Round 671
ROUND_ACCURACY method=InteractionFedPhoenix round=672 accuracy=72.760002
********************************************************************************
Round 672
ROUND_ACCURACY method=InteractionFedPhoenix round=673 accuracy=79.230003
********************************************************************************
Round 673
ROUND_ACCURACY method=InteractionFedPhoenix round=674 accuracy=75.879997
********************************************************************************
Round 674
ROUND_ACCURACY method=InteractionFedPhoenix round=675 accuracy=78.879997
********************************************************************************
Round 675
ROUND_ACCURACY method=InteractionFedPhoenix round=676 accuracy=77.779999
********************************************************************************
Round 676
ROUND_ACCURACY method=InteractionFedPhoenix round=677 accuracy=75.800003
********************************************************************************
Round 677
ROUND_ACCURACY method=InteractionFedPhoenix round=678 accuracy=76.150002
********************************************************************************
Round 678
ROUND_ACCURACY method=InteractionFedPhoenix round=679 accuracy=65.309998
********************************************************************************
Round 679
ROUND_ACCURACY method=InteractionFedPhoenix round=680 accuracy=71.589996
********************************************************************************
Round 680
ROUND_ACCURACY method=InteractionFedPhoenix round=681 accuracy=72.379997
********************************************************************************
Round 681
ROUND_ACCURACY method=InteractionFedPhoenix round=682 accuracy=76.330002
********************************************************************************
Round 682
ROUND_ACCURACY method=InteractionFedPhoenix round=683 accuracy=79.870003
********************************************************************************
Round 683
ROUND_ACCURACY method=InteractionFedPhoenix round=684 accuracy=80.389999
********************************************************************************
Round 684
ROUND_ACCURACY method=InteractionFedPhoenix round=685 accuracy=73.620003
********************************************************************************
Round 685
ROUND_ACCURACY method=InteractionFedPhoenix round=686 accuracy=77.830002
********************************************************************************
Round 686
ROUND_ACCURACY method=InteractionFedPhoenix round=687 accuracy=75.660004
********************************************************************************
Round 687
ROUND_ACCURACY method=InteractionFedPhoenix round=688 accuracy=73.750000
********************************************************************************
Round 688
ROUND_ACCURACY method=InteractionFedPhoenix round=689 accuracy=78.620003
********************************************************************************
Round 689
ROUND_ACCURACY method=InteractionFedPhoenix round=690 accuracy=75.330002
********************************************************************************
Round 690
ROUND_ACCURACY method=InteractionFedPhoenix round=691 accuracy=74.250000
********************************************************************************
Round 691
ROUND_ACCURACY method=InteractionFedPhoenix round=692 accuracy=64.470001
********************************************************************************
Round 692
ROUND_ACCURACY method=InteractionFedPhoenix round=693 accuracy=78.209999
********************************************************************************
Round 693
ROUND_ACCURACY method=InteractionFedPhoenix round=694 accuracy=73.680000
********************************************************************************
Round 694
ROUND_ACCURACY method=InteractionFedPhoenix round=695 accuracy=78.669998
********************************************************************************
Round 695
ROUND_ACCURACY method=InteractionFedPhoenix round=696 accuracy=80.160004
********************************************************************************
Round 696
ROUND_ACCURACY method=InteractionFedPhoenix round=697 accuracy=71.199997
********************************************************************************
Round 697
ROUND_ACCURACY method=InteractionFedPhoenix round=698 accuracy=80.709999
********************************************************************************
Round 698
ROUND_ACCURACY method=InteractionFedPhoenix round=699 accuracy=80.540001
********************************************************************************
Round 699
ROUND_ACCURACY method=InteractionFedPhoenix round=700 accuracy=78.940002
********************************************************************************
Round 700
ROUND_ACCURACY method=InteractionFedPhoenix round=701 accuracy=74.320000
********************************************************************************
Round 701
ROUND_ACCURACY method=InteractionFedPhoenix round=702 accuracy=70.980003
********************************************************************************
Round 702
ROUND_ACCURACY method=InteractionFedPhoenix round=703 accuracy=64.000000
********************************************************************************
Round 703
ROUND_ACCURACY method=InteractionFedPhoenix round=704 accuracy=78.239998
********************************************************************************
Round 704
ROUND_ACCURACY method=InteractionFedPhoenix round=705 accuracy=77.910004
********************************************************************************
Round 705
ROUND_ACCURACY method=InteractionFedPhoenix round=706 accuracy=81.000000
********************************************************************************
Round 706
ROUND_ACCURACY method=InteractionFedPhoenix round=707 accuracy=80.889999
********************************************************************************
Round 707
ROUND_ACCURACY method=InteractionFedPhoenix round=708 accuracy=80.959999
********************************************************************************
Round 708
ROUND_ACCURACY method=InteractionFedPhoenix round=709 accuracy=77.360001
********************************************************************************
Round 709
ROUND_ACCURACY method=InteractionFedPhoenix round=710 accuracy=80.610001
********************************************************************************
Round 710
ROUND_ACCURACY method=InteractionFedPhoenix round=711 accuracy=79.820000
********************************************************************************
Round 711
ROUND_ACCURACY method=InteractionFedPhoenix round=712 accuracy=71.190002
********************************************************************************
Round 712
ROUND_ACCURACY method=InteractionFedPhoenix round=713 accuracy=79.639999
********************************************************************************
Round 713
ROUND_ACCURACY method=InteractionFedPhoenix round=714 accuracy=77.330002
********************************************************************************
Round 714
ROUND_ACCURACY method=InteractionFedPhoenix round=715 accuracy=78.050003
********************************************************************************
Round 715
ROUND_ACCURACY method=InteractionFedPhoenix round=716 accuracy=78.970001
********************************************************************************
Round 716
ROUND_ACCURACY method=InteractionFedPhoenix round=717 accuracy=76.320000
********************************************************************************
Round 717
ROUND_ACCURACY method=InteractionFedPhoenix round=718 accuracy=76.470001
********************************************************************************
Round 718
ROUND_ACCURACY method=InteractionFedPhoenix round=719 accuracy=77.650002
********************************************************************************
Round 719
ROUND_ACCURACY method=InteractionFedPhoenix round=720 accuracy=79.150002
********************************************************************************
Round 720
ROUND_ACCURACY method=InteractionFedPhoenix round=721 accuracy=76.919998
********************************************************************************
Round 721
ROUND_ACCURACY method=InteractionFedPhoenix round=722 accuracy=75.419998
********************************************************************************
Round 722
ROUND_ACCURACY method=InteractionFedPhoenix round=723 accuracy=78.519997
********************************************************************************
Round 723
ROUND_ACCURACY method=InteractionFedPhoenix round=724 accuracy=78.720001
********************************************************************************
Round 724
ROUND_ACCURACY method=InteractionFedPhoenix round=725 accuracy=76.800003
********************************************************************************
Round 725
ROUND_ACCURACY method=InteractionFedPhoenix round=726 accuracy=73.379997
********************************************************************************
Round 726
ROUND_ACCURACY method=InteractionFedPhoenix round=727 accuracy=78.680000
********************************************************************************
Round 727
ROUND_ACCURACY method=InteractionFedPhoenix round=728 accuracy=81.190002
********************************************************************************
Round 728
ROUND_ACCURACY method=InteractionFedPhoenix round=729 accuracy=69.250000
********************************************************************************
Round 729
ROUND_ACCURACY method=InteractionFedPhoenix round=730 accuracy=72.080002
********************************************************************************
Round 730
ROUND_ACCURACY method=InteractionFedPhoenix round=731 accuracy=74.500000
********************************************************************************
Round 731
ROUND_ACCURACY method=InteractionFedPhoenix round=732 accuracy=74.680000
********************************************************************************
Round 732
ROUND_ACCURACY method=InteractionFedPhoenix round=733 accuracy=42.980000
********************************************************************************
Round 733
ROUND_ACCURACY method=InteractionFedPhoenix round=734 accuracy=62.930000
********************************************************************************
Round 734
ROUND_ACCURACY method=InteractionFedPhoenix round=735 accuracy=68.669998
********************************************************************************
Round 735
ROUND_ACCURACY method=InteractionFedPhoenix round=736 accuracy=71.410004
********************************************************************************
Round 736
ROUND_ACCURACY method=InteractionFedPhoenix round=737 accuracy=78.070000
********************************************************************************
Round 737
ROUND_ACCURACY method=InteractionFedPhoenix round=738 accuracy=76.949997
********************************************************************************
Round 738
ROUND_ACCURACY method=InteractionFedPhoenix round=739 accuracy=80.050003
********************************************************************************
Round 739
ROUND_ACCURACY method=InteractionFedPhoenix round=740 accuracy=57.770000
********************************************************************************
Round 740
ROUND_ACCURACY method=InteractionFedPhoenix round=741 accuracy=70.199997
********************************************************************************
Round 741
ROUND_ACCURACY method=InteractionFedPhoenix round=742 accuracy=68.959999
********************************************************************************
Round 742
ROUND_ACCURACY method=InteractionFedPhoenix round=743 accuracy=75.809998
********************************************************************************
Round 743
ROUND_ACCURACY method=InteractionFedPhoenix round=744 accuracy=81.440002
********************************************************************************
Round 744
ROUND_ACCURACY method=InteractionFedPhoenix round=745 accuracy=79.610001
********************************************************************************
Round 745
ROUND_ACCURACY method=InteractionFedPhoenix round=746 accuracy=70.940002
********************************************************************************
Round 746
ROUND_ACCURACY method=InteractionFedPhoenix round=747 accuracy=78.379997
********************************************************************************
Round 747
ROUND_ACCURACY method=InteractionFedPhoenix round=748 accuracy=77.820000
********************************************************************************
Round 748
ROUND_ACCURACY method=InteractionFedPhoenix round=749 accuracy=77.839996
********************************************************************************
Round 749
ROUND_ACCURACY method=InteractionFedPhoenix round=750 accuracy=81.160004
********************************************************************************
Round 750
ROUND_ACCURACY method=InteractionFedPhoenix round=751 accuracy=80.889999
********************************************************************************
Round 751
ROUND_ACCURACY method=InteractionFedPhoenix round=752 accuracy=76.459999
********************************************************************************
Round 752
ROUND_ACCURACY method=InteractionFedPhoenix round=753 accuracy=81.019997
********************************************************************************
Round 753
ROUND_ACCURACY method=InteractionFedPhoenix round=754 accuracy=75.599998
********************************************************************************
Round 754
ROUND_ACCURACY method=InteractionFedPhoenix round=755 accuracy=79.489998
********************************************************************************
Round 755
ROUND_ACCURACY method=InteractionFedPhoenix round=756 accuracy=80.860001
********************************************************************************
Round 756
ROUND_ACCURACY method=InteractionFedPhoenix round=757 accuracy=79.000000
********************************************************************************
Round 757
ROUND_ACCURACY method=InteractionFedPhoenix round=758 accuracy=77.989998
********************************************************************************
Round 758
ROUND_ACCURACY method=InteractionFedPhoenix round=759 accuracy=77.750000
********************************************************************************
Round 759
ROUND_ACCURACY method=InteractionFedPhoenix round=760 accuracy=79.669998
********************************************************************************
Round 760
ROUND_ACCURACY method=InteractionFedPhoenix round=761 accuracy=81.480003
********************************************************************************
Round 761
ROUND_ACCURACY method=InteractionFedPhoenix round=762 accuracy=78.970001
********************************************************************************
Round 762
ROUND_ACCURACY method=InteractionFedPhoenix round=763 accuracy=79.879997
********************************************************************************
Round 763
ROUND_ACCURACY method=InteractionFedPhoenix round=764 accuracy=79.110001
********************************************************************************
Round 764
ROUND_ACCURACY method=InteractionFedPhoenix round=765 accuracy=80.919998
********************************************************************************
Round 765
ROUND_ACCURACY method=InteractionFedPhoenix round=766 accuracy=77.059998
********************************************************************************
Round 766
ROUND_ACCURACY method=InteractionFedPhoenix round=767 accuracy=75.599998
********************************************************************************
Round 767
ROUND_ACCURACY method=InteractionFedPhoenix round=768 accuracy=81.150002
********************************************************************************
Round 768
ROUND_ACCURACY method=InteractionFedPhoenix round=769 accuracy=59.480000
********************************************************************************
Round 769
ROUND_ACCURACY method=InteractionFedPhoenix round=770 accuracy=72.730003
********************************************************************************
Round 770
ROUND_ACCURACY method=InteractionFedPhoenix round=771 accuracy=75.349998
********************************************************************************
Round 771
ROUND_ACCURACY method=InteractionFedPhoenix round=772 accuracy=76.449997
********************************************************************************
Round 772
ROUND_ACCURACY method=InteractionFedPhoenix round=773 accuracy=70.820000
********************************************************************************
Round 773
ROUND_ACCURACY method=InteractionFedPhoenix round=774 accuracy=76.769997
********************************************************************************
Round 774
ROUND_ACCURACY method=InteractionFedPhoenix round=775 accuracy=76.529999
********************************************************************************
Round 775
ROUND_ACCURACY method=InteractionFedPhoenix round=776 accuracy=73.650002
********************************************************************************
Round 776
ROUND_ACCURACY method=InteractionFedPhoenix round=777 accuracy=80.550003
********************************************************************************
Round 777
ROUND_ACCURACY method=InteractionFedPhoenix round=778 accuracy=70.250000
********************************************************************************
Round 778
ROUND_ACCURACY method=InteractionFedPhoenix round=779 accuracy=66.029999
********************************************************************************
Round 779
ROUND_ACCURACY method=InteractionFedPhoenix round=780 accuracy=78.050003
********************************************************************************
Round 780
ROUND_ACCURACY method=InteractionFedPhoenix round=781 accuracy=69.029999
********************************************************************************
Round 781
ROUND_ACCURACY method=InteractionFedPhoenix round=782 accuracy=80.820000
********************************************************************************
Round 782
ROUND_ACCURACY method=InteractionFedPhoenix round=783 accuracy=82.510002
********************************************************************************
Round 783
ROUND_ACCURACY method=InteractionFedPhoenix round=784 accuracy=77.860001
********************************************************************************
Round 784
ROUND_ACCURACY method=InteractionFedPhoenix round=785 accuracy=76.379997
********************************************************************************
Round 785
ROUND_ACCURACY method=InteractionFedPhoenix round=786 accuracy=68.000000
********************************************************************************
Round 786
ROUND_ACCURACY method=InteractionFedPhoenix round=787 accuracy=80.300003
********************************************************************************
Round 787
ROUND_ACCURACY method=InteractionFedPhoenix round=788 accuracy=81.180000
********************************************************************************
Round 788
ROUND_ACCURACY method=InteractionFedPhoenix round=789 accuracy=79.510002
********************************************************************************
Round 789
ROUND_ACCURACY method=InteractionFedPhoenix round=790 accuracy=79.000000
********************************************************************************
Round 790
ROUND_ACCURACY method=InteractionFedPhoenix round=791 accuracy=81.709999
********************************************************************************
Round 791
ROUND_ACCURACY method=InteractionFedPhoenix round=792 accuracy=78.879997
********************************************************************************
Round 792
ROUND_ACCURACY method=InteractionFedPhoenix round=793 accuracy=80.389999
********************************************************************************
Round 793
ROUND_ACCURACY method=InteractionFedPhoenix round=794 accuracy=79.309998
********************************************************************************
Round 794
ROUND_ACCURACY method=InteractionFedPhoenix round=795 accuracy=80.570000
********************************************************************************
Round 795
ROUND_ACCURACY method=InteractionFedPhoenix round=796 accuracy=78.050003
********************************************************************************
Round 796
ROUND_ACCURACY method=InteractionFedPhoenix round=797 accuracy=76.160004
********************************************************************************
Round 797
ROUND_ACCURACY method=InteractionFedPhoenix round=798 accuracy=80.709999
********************************************************************************
Round 798
ROUND_ACCURACY method=InteractionFedPhoenix round=799 accuracy=82.239998
********************************************************************************
Round 799
ROUND_ACCURACY method=InteractionFedPhoenix round=800 accuracy=79.930000
********************************************************************************
Round 800
ROUND_ACCURACY method=InteractionFedPhoenix round=801 accuracy=79.110001
********************************************************************************
Round 801
ROUND_ACCURACY method=InteractionFedPhoenix round=802 accuracy=78.839996
********************************************************************************
Round 802
ROUND_ACCURACY method=InteractionFedPhoenix round=803 accuracy=82.389999
********************************************************************************
Round 803
ROUND_ACCURACY method=InteractionFedPhoenix round=804 accuracy=77.000000
********************************************************************************
Round 804
ROUND_ACCURACY method=InteractionFedPhoenix round=805 accuracy=71.269997
********************************************************************************
Round 805
ROUND_ACCURACY method=InteractionFedPhoenix round=806 accuracy=80.309998
********************************************************************************
Round 806
ROUND_ACCURACY method=InteractionFedPhoenix round=807 accuracy=63.139999
********************************************************************************
Round 807
ROUND_ACCURACY method=InteractionFedPhoenix round=808 accuracy=58.560001
********************************************************************************
Round 808
ROUND_ACCURACY method=InteractionFedPhoenix round=809 accuracy=75.330002
********************************************************************************
Round 809
ROUND_ACCURACY method=InteractionFedPhoenix round=810 accuracy=80.089996
********************************************************************************
Round 810
ROUND_ACCURACY method=InteractionFedPhoenix round=811 accuracy=77.339996
********************************************************************************
Round 811
ROUND_ACCURACY method=InteractionFedPhoenix round=812 accuracy=79.260002
********************************************************************************
Round 812
ROUND_ACCURACY method=InteractionFedPhoenix round=813 accuracy=80.300003
********************************************************************************
Round 813
ROUND_ACCURACY method=InteractionFedPhoenix round=814 accuracy=69.860001
********************************************************************************
Round 814
ROUND_ACCURACY method=InteractionFedPhoenix round=815 accuracy=79.279999
********************************************************************************
Round 815
ROUND_ACCURACY method=InteractionFedPhoenix round=816 accuracy=80.989998
********************************************************************************
Round 816
ROUND_ACCURACY method=InteractionFedPhoenix round=817 accuracy=81.150002
********************************************************************************
Round 817
ROUND_ACCURACY method=InteractionFedPhoenix round=818 accuracy=81.190002
********************************************************************************
Round 818
ROUND_ACCURACY method=InteractionFedPhoenix round=819 accuracy=81.290001
********************************************************************************
Round 819
ROUND_ACCURACY method=InteractionFedPhoenix round=820 accuracy=74.660004
********************************************************************************
Round 820
ROUND_ACCURACY method=InteractionFedPhoenix round=821 accuracy=79.709999
********************************************************************************
Round 821
ROUND_ACCURACY method=InteractionFedPhoenix round=822 accuracy=73.660004
********************************************************************************
Round 822
ROUND_ACCURACY method=InteractionFedPhoenix round=823 accuracy=64.620003
********************************************************************************
Round 823
ROUND_ACCURACY method=InteractionFedPhoenix round=824 accuracy=69.599998
********************************************************************************
Round 824
ROUND_ACCURACY method=InteractionFedPhoenix round=825 accuracy=78.330002
********************************************************************************
Round 825
ROUND_ACCURACY method=InteractionFedPhoenix round=826 accuracy=77.230003
********************************************************************************
Round 826
ROUND_ACCURACY method=InteractionFedPhoenix round=827 accuracy=71.290001
********************************************************************************
Round 827
ROUND_ACCURACY method=InteractionFedPhoenix round=828 accuracy=65.730003
********************************************************************************
Round 828
ROUND_ACCURACY method=InteractionFedPhoenix round=829 accuracy=76.980003
********************************************************************************
Round 829
ROUND_ACCURACY method=InteractionFedPhoenix round=830 accuracy=69.120003
********************************************************************************
Round 830
ROUND_ACCURACY method=InteractionFedPhoenix round=831 accuracy=73.550003
********************************************************************************
Round 831
ROUND_ACCURACY method=InteractionFedPhoenix round=832 accuracy=79.029999
********************************************************************************
Round 832
ROUND_ACCURACY method=InteractionFedPhoenix round=833 accuracy=72.370003
********************************************************************************
Round 833
ROUND_ACCURACY method=InteractionFedPhoenix round=834 accuracy=78.610001
********************************************************************************
Round 834
ROUND_ACCURACY method=InteractionFedPhoenix round=835 accuracy=81.779999
********************************************************************************
Round 835
ROUND_ACCURACY method=InteractionFedPhoenix round=836 accuracy=80.250000
********************************************************************************
Round 836
ROUND_ACCURACY method=InteractionFedPhoenix round=837 accuracy=80.660004
********************************************************************************
Round 837
ROUND_ACCURACY method=InteractionFedPhoenix round=838 accuracy=80.389999
********************************************************************************
Round 838
ROUND_ACCURACY method=InteractionFedPhoenix round=839 accuracy=78.860001
********************************************************************************
Round 839
ROUND_ACCURACY method=InteractionFedPhoenix round=840 accuracy=69.300003
********************************************************************************
Round 840
ROUND_ACCURACY method=InteractionFedPhoenix round=841 accuracy=78.639999
********************************************************************************
Round 841
ROUND_ACCURACY method=InteractionFedPhoenix round=842 accuracy=71.129997
********************************************************************************
Round 842
ROUND_ACCURACY method=InteractionFedPhoenix round=843 accuracy=79.349998
********************************************************************************
Round 843
ROUND_ACCURACY method=InteractionFedPhoenix round=844 accuracy=80.900002
********************************************************************************
Round 844
ROUND_ACCURACY method=InteractionFedPhoenix round=845 accuracy=79.500000
********************************************************************************
Round 845
ROUND_ACCURACY method=InteractionFedPhoenix round=846 accuracy=72.620003
********************************************************************************
Round 846
ROUND_ACCURACY method=InteractionFedPhoenix round=847 accuracy=69.820000
********************************************************************************
Round 847
ROUND_ACCURACY method=InteractionFedPhoenix round=848 accuracy=82.360001
********************************************************************************
Round 848
ROUND_ACCURACY method=InteractionFedPhoenix round=849 accuracy=80.940002
********************************************************************************
Round 849
ROUND_ACCURACY method=InteractionFedPhoenix round=850 accuracy=80.949997
********************************************************************************
Round 850
ROUND_ACCURACY method=InteractionFedPhoenix round=851 accuracy=79.820000
********************************************************************************
Round 851
ROUND_ACCURACY method=InteractionFedPhoenix round=852 accuracy=81.769997
********************************************************************************
Round 852
ROUND_ACCURACY method=InteractionFedPhoenix round=853 accuracy=80.019997
********************************************************************************
Round 853
ROUND_ACCURACY method=InteractionFedPhoenix round=854 accuracy=72.430000
********************************************************************************
Round 854
ROUND_ACCURACY method=InteractionFedPhoenix round=855 accuracy=71.970001
********************************************************************************
Round 855
ROUND_ACCURACY method=InteractionFedPhoenix round=856 accuracy=73.959999
********************************************************************************
Round 856
ROUND_ACCURACY method=InteractionFedPhoenix round=857 accuracy=80.389999
********************************************************************************
Round 857
ROUND_ACCURACY method=InteractionFedPhoenix round=858 accuracy=79.680000
********************************************************************************
Round 858
ROUND_ACCURACY method=InteractionFedPhoenix round=859 accuracy=77.540001
********************************************************************************
Round 859
ROUND_ACCURACY method=InteractionFedPhoenix round=860 accuracy=62.730000
********************************************************************************
Round 860
ROUND_ACCURACY method=InteractionFedPhoenix round=861 accuracy=72.680000
********************************************************************************
Round 861
ROUND_ACCURACY method=InteractionFedPhoenix round=862 accuracy=70.739998
********************************************************************************
Round 862
ROUND_ACCURACY method=InteractionFedPhoenix round=863 accuracy=71.180000
********************************************************************************
Round 863
ROUND_ACCURACY method=InteractionFedPhoenix round=864 accuracy=74.580002
********************************************************************************
Round 864
ROUND_ACCURACY method=InteractionFedPhoenix round=865 accuracy=78.230003
********************************************************************************
Round 865
ROUND_ACCURACY method=InteractionFedPhoenix round=866 accuracy=79.459999
********************************************************************************
Round 866
ROUND_ACCURACY method=InteractionFedPhoenix round=867 accuracy=80.989998
********************************************************************************
Round 867
ROUND_ACCURACY method=InteractionFedPhoenix round=868 accuracy=74.449997
********************************************************************************
Round 868
ROUND_ACCURACY method=InteractionFedPhoenix round=869 accuracy=82.089996
********************************************************************************
Round 869
ROUND_ACCURACY method=InteractionFedPhoenix round=870 accuracy=78.940002
********************************************************************************
Round 870
ROUND_ACCURACY method=InteractionFedPhoenix round=871 accuracy=80.750000
********************************************************************************
Round 871
ROUND_ACCURACY method=InteractionFedPhoenix round=872 accuracy=80.480003
********************************************************************************
Round 872
ROUND_ACCURACY method=InteractionFedPhoenix round=873 accuracy=80.940002
********************************************************************************
Round 873
ROUND_ACCURACY method=InteractionFedPhoenix round=874 accuracy=77.139999
********************************************************************************
Round 874
ROUND_ACCURACY method=InteractionFedPhoenix round=875 accuracy=79.709999
********************************************************************************
Round 875
ROUND_ACCURACY method=InteractionFedPhoenix round=876 accuracy=81.129997
********************************************************************************
Round 876
ROUND_ACCURACY method=InteractionFedPhoenix round=877 accuracy=78.660004
********************************************************************************
Round 877
ROUND_ACCURACY method=InteractionFedPhoenix round=878 accuracy=79.239998
********************************************************************************
Round 878
ROUND_ACCURACY method=InteractionFedPhoenix round=879 accuracy=68.550003
********************************************************************************
Round 879
ROUND_ACCURACY method=InteractionFedPhoenix round=880 accuracy=82.000000
********************************************************************************
Round 880
ROUND_ACCURACY method=InteractionFedPhoenix round=881 accuracy=71.449997
********************************************************************************
Round 881
ROUND_ACCURACY method=InteractionFedPhoenix round=882 accuracy=74.250000
********************************************************************************
Round 882
ROUND_ACCURACY method=InteractionFedPhoenix round=883 accuracy=80.180000
********************************************************************************
Round 883
ROUND_ACCURACY method=InteractionFedPhoenix round=884 accuracy=81.639999
********************************************************************************
Round 884
ROUND_ACCURACY method=InteractionFedPhoenix round=885 accuracy=80.459999
********************************************************************************
Round 885
ROUND_ACCURACY method=InteractionFedPhoenix round=886 accuracy=63.869999
********************************************************************************
Round 886
ROUND_ACCURACY method=InteractionFedPhoenix round=887 accuracy=69.050003
********************************************************************************
Round 887
ROUND_ACCURACY method=InteractionFedPhoenix round=888 accuracy=80.230003
********************************************************************************
Round 888
ROUND_ACCURACY method=InteractionFedPhoenix round=889 accuracy=82.500000
********************************************************************************
Round 889
ROUND_ACCURACY method=InteractionFedPhoenix round=890 accuracy=81.220001
********************************************************************************
Round 890
ROUND_ACCURACY method=InteractionFedPhoenix round=891 accuracy=81.010002
********************************************************************************
Round 891
ROUND_ACCURACY method=InteractionFedPhoenix round=892 accuracy=79.019997
********************************************************************************
Round 892
ROUND_ACCURACY method=InteractionFedPhoenix round=893 accuracy=78.580002
********************************************************************************
Round 893
ROUND_ACCURACY method=InteractionFedPhoenix round=894 accuracy=71.860001
********************************************************************************
Round 894
ROUND_ACCURACY method=InteractionFedPhoenix round=895 accuracy=73.190002
********************************************************************************
Round 895
ROUND_ACCURACY method=InteractionFedPhoenix round=896 accuracy=73.309998
********************************************************************************
Round 896
ROUND_ACCURACY method=InteractionFedPhoenix round=897 accuracy=73.260002
********************************************************************************
Round 897
ROUND_ACCURACY method=InteractionFedPhoenix round=898 accuracy=78.930000
********************************************************************************
Round 898
ROUND_ACCURACY method=InteractionFedPhoenix round=899 accuracy=79.980003
********************************************************************************
Round 899
ROUND_ACCURACY method=InteractionFedPhoenix round=900 accuracy=76.449997
********************************************************************************
Round 900
ROUND_ACCURACY method=InteractionFedPhoenix round=901 accuracy=72.709999
********************************************************************************
Round 901
ROUND_ACCURACY method=InteractionFedPhoenix round=902 accuracy=81.860001
********************************************************************************
Round 902
ROUND_ACCURACY method=InteractionFedPhoenix round=903 accuracy=81.550003
********************************************************************************
Round 903
ROUND_ACCURACY method=InteractionFedPhoenix round=904 accuracy=81.400002
********************************************************************************
Round 904
ROUND_ACCURACY method=InteractionFedPhoenix round=905 accuracy=81.080002
********************************************************************************
Round 905
ROUND_ACCURACY method=InteractionFedPhoenix round=906 accuracy=81.980003
********************************************************************************
Round 906
ROUND_ACCURACY method=InteractionFedPhoenix round=907 accuracy=82.300003
********************************************************************************
Round 907
ROUND_ACCURACY method=InteractionFedPhoenix round=908 accuracy=82.150002
********************************************************************************
Round 908
ROUND_ACCURACY method=InteractionFedPhoenix round=909 accuracy=81.550003
********************************************************************************
Round 909
ROUND_ACCURACY method=InteractionFedPhoenix round=910 accuracy=80.580002
********************************************************************************
Round 910
ROUND_ACCURACY method=InteractionFedPhoenix round=911 accuracy=80.169998
********************************************************************************
Round 911
ROUND_ACCURACY method=InteractionFedPhoenix round=912 accuracy=75.220001
********************************************************************************
Round 912
ROUND_ACCURACY method=InteractionFedPhoenix round=913 accuracy=72.860001
********************************************************************************
Round 913
ROUND_ACCURACY method=InteractionFedPhoenix round=914 accuracy=72.269997
********************************************************************************
Round 914
ROUND_ACCURACY method=InteractionFedPhoenix round=915 accuracy=80.669998
********************************************************************************
Round 915
ROUND_ACCURACY method=InteractionFedPhoenix round=916 accuracy=80.660004
********************************************************************************
Round 916
ROUND_ACCURACY method=InteractionFedPhoenix round=917 accuracy=82.080002
********************************************************************************
Round 917
ROUND_ACCURACY method=InteractionFedPhoenix round=918 accuracy=82.389999
********************************************************************************
Round 918
ROUND_ACCURACY method=InteractionFedPhoenix round=919 accuracy=79.940002
********************************************************************************
Round 919
ROUND_ACCURACY method=InteractionFedPhoenix round=920 accuracy=55.680000
********************************************************************************
Round 920
ROUND_ACCURACY method=InteractionFedPhoenix round=921 accuracy=79.180000
********************************************************************************
Round 921
ROUND_ACCURACY method=InteractionFedPhoenix round=922 accuracy=81.800003
********************************************************************************
Round 922
ROUND_ACCURACY method=InteractionFedPhoenix round=923 accuracy=81.720001
********************************************************************************
Round 923
ROUND_ACCURACY method=InteractionFedPhoenix round=924 accuracy=74.550003
********************************************************************************
Round 924
ROUND_ACCURACY method=InteractionFedPhoenix round=925 accuracy=79.589996
********************************************************************************
Round 925
ROUND_ACCURACY method=InteractionFedPhoenix round=926 accuracy=76.839996
********************************************************************************
Round 926
ROUND_ACCURACY method=InteractionFedPhoenix round=927 accuracy=81.430000
********************************************************************************
Round 927
ROUND_ACCURACY method=InteractionFedPhoenix round=928 accuracy=75.919998
********************************************************************************
Round 928
ROUND_ACCURACY method=InteractionFedPhoenix round=929 accuracy=78.860001
********************************************************************************
Round 929
ROUND_ACCURACY method=InteractionFedPhoenix round=930 accuracy=80.410004
********************************************************************************
Round 930
ROUND_ACCURACY method=InteractionFedPhoenix round=931 accuracy=81.470001
********************************************************************************
Round 931
ROUND_ACCURACY method=InteractionFedPhoenix round=932 accuracy=81.620003
********************************************************************************
Round 932
ROUND_ACCURACY method=InteractionFedPhoenix round=933 accuracy=79.790001
********************************************************************************
Round 933
ROUND_ACCURACY method=InteractionFedPhoenix round=934 accuracy=81.589996
********************************************************************************
Round 934
ROUND_ACCURACY method=InteractionFedPhoenix round=935 accuracy=80.620003
********************************************************************************
Round 935
ROUND_ACCURACY method=InteractionFedPhoenix round=936 accuracy=81.160004
********************************************************************************
Round 936
ROUND_ACCURACY method=InteractionFedPhoenix round=937 accuracy=81.529999
********************************************************************************
Round 937
ROUND_ACCURACY method=InteractionFedPhoenix round=938 accuracy=81.540001
********************************************************************************
Round 938
ROUND_ACCURACY method=InteractionFedPhoenix round=939 accuracy=78.570000
********************************************************************************
Round 939
ROUND_ACCURACY method=InteractionFedPhoenix round=940 accuracy=78.180000
********************************************************************************
Round 940
ROUND_ACCURACY method=InteractionFedPhoenix round=941 accuracy=79.769997
********************************************************************************
Round 941
ROUND_ACCURACY method=InteractionFedPhoenix round=942 accuracy=80.870003
********************************************************************************
Round 942
ROUND_ACCURACY method=InteractionFedPhoenix round=943 accuracy=81.669998
********************************************************************************
Round 943
ROUND_ACCURACY method=InteractionFedPhoenix round=944 accuracy=72.559998
********************************************************************************
Round 944
ROUND_ACCURACY method=InteractionFedPhoenix round=945 accuracy=81.629997
********************************************************************************
Round 945
ROUND_ACCURACY method=InteractionFedPhoenix round=946 accuracy=78.150002
********************************************************************************
Round 946
ROUND_ACCURACY method=InteractionFedPhoenix round=947 accuracy=80.279999
********************************************************************************
Round 947
ROUND_ACCURACY method=InteractionFedPhoenix round=948 accuracy=81.419998
********************************************************************************
Round 948
ROUND_ACCURACY method=InteractionFedPhoenix round=949 accuracy=74.290001
********************************************************************************
Round 949
ROUND_ACCURACY method=InteractionFedPhoenix round=950 accuracy=77.529999
********************************************************************************
Round 950
ROUND_ACCURACY method=InteractionFedPhoenix round=951 accuracy=72.150002
********************************************************************************
Round 951
ROUND_ACCURACY method=InteractionFedPhoenix round=952 accuracy=80.169998
********************************************************************************
Round 952
ROUND_ACCURACY method=InteractionFedPhoenix round=953 accuracy=81.849998
********************************************************************************
Round 953
ROUND_ACCURACY method=InteractionFedPhoenix round=954 accuracy=80.580002
********************************************************************************
Round 954
ROUND_ACCURACY method=InteractionFedPhoenix round=955 accuracy=79.959999
********************************************************************************
Round 955
ROUND_ACCURACY method=InteractionFedPhoenix round=956 accuracy=81.669998
********************************************************************************
Round 956
ROUND_ACCURACY method=InteractionFedPhoenix round=957 accuracy=80.199997
********************************************************************************
Round 957
ROUND_ACCURACY method=InteractionFedPhoenix round=958 accuracy=80.790001
********************************************************************************
Round 958
ROUND_ACCURACY method=InteractionFedPhoenix round=959 accuracy=80.389999
********************************************************************************
Round 959
ROUND_ACCURACY method=InteractionFedPhoenix round=960 accuracy=74.010002
********************************************************************************
Round 960
ROUND_ACCURACY method=InteractionFedPhoenix round=961 accuracy=79.349998
********************************************************************************
Round 961
ROUND_ACCURACY method=InteractionFedPhoenix round=962 accuracy=72.910004
********************************************************************************
Round 962
ROUND_ACCURACY method=InteractionFedPhoenix round=963 accuracy=80.349998
********************************************************************************
Round 963
ROUND_ACCURACY method=InteractionFedPhoenix round=964 accuracy=75.040001
********************************************************************************
Round 964
ROUND_ACCURACY method=InteractionFedPhoenix round=965 accuracy=80.430000
********************************************************************************
Round 965
ROUND_ACCURACY method=InteractionFedPhoenix round=966 accuracy=81.910004
********************************************************************************
Round 966
ROUND_ACCURACY method=InteractionFedPhoenix round=967 accuracy=81.389999
********************************************************************************
Round 967
ROUND_ACCURACY method=InteractionFedPhoenix round=968 accuracy=81.570000
********************************************************************************
Round 968
ROUND_ACCURACY method=InteractionFedPhoenix round=969 accuracy=82.370003
********************************************************************************
Round 969
ROUND_ACCURACY method=InteractionFedPhoenix round=970 accuracy=82.239998
********************************************************************************
Round 970
ROUND_ACCURACY method=InteractionFedPhoenix round=971 accuracy=81.690002
********************************************************************************
Round 971
ROUND_ACCURACY method=InteractionFedPhoenix round=972 accuracy=80.809998
********************************************************************************
Round 972
ROUND_ACCURACY method=InteractionFedPhoenix round=973 accuracy=81.099998
********************************************************************************
Round 973
ROUND_ACCURACY method=InteractionFedPhoenix round=974 accuracy=73.010002
********************************************************************************
Round 974
ROUND_ACCURACY method=InteractionFedPhoenix round=975 accuracy=62.610001
********************************************************************************
Round 975
ROUND_ACCURACY method=InteractionFedPhoenix round=976 accuracy=77.570000
********************************************************************************
Round 976
ROUND_ACCURACY method=InteractionFedPhoenix round=977 accuracy=79.959999
********************************************************************************
Round 977
ROUND_ACCURACY method=InteractionFedPhoenix round=978 accuracy=76.129997
********************************************************************************
Round 978
ROUND_ACCURACY method=InteractionFedPhoenix round=979 accuracy=73.320000
********************************************************************************
Round 979
ROUND_ACCURACY method=InteractionFedPhoenix round=980 accuracy=77.709999
********************************************************************************
Round 980
ROUND_ACCURACY method=InteractionFedPhoenix round=981 accuracy=78.489998
********************************************************************************
Round 981
ROUND_ACCURACY method=InteractionFedPhoenix round=982 accuracy=80.389999
********************************************************************************
Round 982
ROUND_ACCURACY method=InteractionFedPhoenix round=983 accuracy=82.129997
********************************************************************************
Round 983
ROUND_ACCURACY method=InteractionFedPhoenix round=984 accuracy=82.220001
********************************************************************************
Round 984
ROUND_ACCURACY method=InteractionFedPhoenix round=985 accuracy=82.139999
********************************************************************************
Round 985
ROUND_ACCURACY method=InteractionFedPhoenix round=986 accuracy=78.010002
********************************************************************************
Round 986
ROUND_ACCURACY method=InteractionFedPhoenix round=987 accuracy=82.139999
********************************************************************************
Round 987
ROUND_ACCURACY method=InteractionFedPhoenix round=988 accuracy=80.870003
********************************************************************************
Round 988
ROUND_ACCURACY method=InteractionFedPhoenix round=989 accuracy=81.410004
********************************************************************************
Round 989
ROUND_ACCURACY method=InteractionFedPhoenix round=990 accuracy=82.059998
********************************************************************************
Round 990
ROUND_ACCURACY method=InteractionFedPhoenix round=991 accuracy=82.300003
********************************************************************************
Round 991
ROUND_ACCURACY method=InteractionFedPhoenix round=992 accuracy=81.779999
********************************************************************************
Round 992
ROUND_ACCURACY method=InteractionFedPhoenix round=993 accuracy=82.110001
********************************************************************************
Round 993
ROUND_ACCURACY method=InteractionFedPhoenix round=994 accuracy=82.110001
********************************************************************************
Round 994
ROUND_ACCURACY method=InteractionFedPhoenix round=995 accuracy=78.449997
********************************************************************************
Round 995
ROUND_ACCURACY method=InteractionFedPhoenix round=996 accuracy=79.029999
********************************************************************************
Round 996
ROUND_ACCURACY method=InteractionFedPhoenix round=997 accuracy=82.430000
********************************************************************************
Round 997
ROUND_ACCURACY method=InteractionFedPhoenix round=998 accuracy=82.070000
********************************************************************************
Round 998
ROUND_ACCURACY method=InteractionFedPhoenix round=999 accuracy=81.339996
********************************************************************************
Round 999
ROUND_ACCURACY method=InteractionFedPhoenix round=1000 accuracy=80.559998
PEAK_ACCURACY method=InteractionFedPhoenix round=783 accuracy=82.510002
Unified training metrics saved to C:\Users\admin\Desktop\need_do\new_paper_four\FedPhoenix-clean-finish\results\interaction_fedphoenix_v1\formal_head_1000\metrics\cifar10_vgg_InteractionFedPhoenix_seed1_ifp_head_1000.csv
