round,algorithm,seed,tfp_target_ratio,tfp_max_history_gap,tfp_score_type,tfp_target_layers,tfp_start_round,test_accuracy,round_train_seconds,selected_clients,task_seeds,global_state_sha256,clients_with_history,clients_history_eligible,clients_targeted,clients_dispatch_changed,clients_cold_start,clients_stale,clients_no_valid_history,clients_no_target_slots,clients_before_start_round,total_reset_slots,targeted_reset_slots,random_reset_slots,actual_target_fraction,baseline_random_overlap_slots,baseline_random_overlap_rate,replaced_reset_slots,mean_history_gap_for_targeted,history_memory_bytes,controller_rng_unchanged,failed_client_updates,residual_total_kernels,residual_valid_kernels,residual_valid_fraction,residual_own_reset_invalid,residual_no_clean_peer_invalid
1,TargetedFedPhoenix,1,0.125,10,update_norm,all,1,10.0,17.512874899999588,"[80, 84, 33, 81, 93, 17, 36, 82, 69, 65]","[200001, 200998, 201995, 202992, 203989, 204986, 205983, 206980, 207977, 208974]",a54a841b1d8aaeb288f234a154b547d09329b79e22caa07bce35605dcd56155e,0,0,0,0,10,0,0,0,0,660,0,660,0.0,0,0.0,0,,211280,True,0,0,0,,0,0
2,TargetedFedPhoenix,1,0.125,10,update_norm,all,1,14.279999732971191,9.770447100003366,"[44, 96, 1, 35, 26, 11, 38, 82, 87, 3]","[300004, 301001, 301998, 302995, 303992, 304989, 305986, 306983, 307980, 308977]",affe24f0745f2ea9f935f1268901849a6ae4e1a134333c7098e9d52e1ec58710,1,1,1,1,9,0,0,0,0,660,6,654,0.00909090909090909,0,0.0,6,1.0,401432,True,0,0,0,,0,0
3,TargetedFedPhoenix,1,0.125,10,update_norm,all,1,12.020000457763672,10.063927900002454,"[95, 67, 96, 71, 1, 80, 99, 45, 52, 27]","[400007, 401004, 402001, 402998, 403995, 404992, 405989, 406986, 407983, 408980]",b8291236856aecacf216f80b38d92f1bf2fd454b2faae9f59ca2f898f0157819,3,3,3,3,7,0,0,0,0,660,18,642,0.02727272727272727,0,0.0,18,1.3333333333333333,549328,True,0,0,0,,0,0
4,TargetedFedPhoenix,1,0.125,10,update_norm,all,1,15.729999542236328,10.975849500013283,"[40, 10, 96, 66, 89, 32, 95, 55, 25, 5]","[500010, 501007, 502004, 503001, 503998, 504995, 505992, 506989, 507986, 508983]",7e5c97fad15ac08d7469bf57c1c913efbc72a4f26d4270d37fd660c63d9533ce,2,2,2,2,8,0,0,0,0,660,12,648,0.01818181818181818,0,0.0,12,1.0,718352,True,0,0,0,,0,0
5,TargetedFedPhoenix,1,0.125,10,update_norm,all,1,32.41999816894531,8.174502800000482,"[89, 99, 45, 96, 72, 9, 74, 88, 1, 38]","[600013, 601010, 602007, 603004, 604001, 604998, 605995, 606992, 607989, 608986]",551de74e6796e1e3842af5df370408b1d029c608234cc2125f25b0cd237361a3,6,6,6,6,4,0,0,0,0,660,36,624,0.05454545454545454,0,0.0,36,1.8333333333333333,802864,True,0,0,0,,0,0
6,TargetedFedPhoenix,1,0.125,10,update_norm,all,1,17.40999984741211,12.393399800013867,"[0, 86, 4, 23, 24, 1, 62, 83, 66, 93]","[700016, 701013, 702010, 703007, 704004, 705001, 705998, 706995, 707992, 708989]",69f6ef82a78e5337478f77ee30bf6a0d266113a6134312319db700f08943fd15,3,3,3,3,7,0,0,0,0,660,18,642,0.02727272727272727,0,0.0,18,2.6666666666666665,950760,True,0,0,0,,0,0
7,TargetedFedPhoenix,1,0.125,10,update_norm,all,1,26.940000534057617,10.318160300012096,"[6, 59, 72, 30, 91, 43, 75, 76, 15, 61]","[800019, 801016, 802013, 803010, 804007, 805004, 806001, 806998, 807995, 808992]",d2d2780b1a2e613668c861915648b3d9e88e9582c6507d1f0b2c03a8cf69c8d6,1,1,1,1,9,0,0,0,0,660,6,654,0.00909090909090909,0,0.0,6,2.0,1140912,True,0,0,0,,0,0
8,TargetedFedPhoenix,1,0.125,10,update_norm,all,1,23.809999465942383,11.164972999991733,"[44, 88, 74, 48, 59, 79, 25, 52, 45, 55]","[900022, 901019, 902016, 903013, 904010, 905007, 906004, 907001, 907998, 908995]",d82f80b662a396dd95047b6cb1743d912421b7f10c87f217715eafa2016d4f95,8,8,8,8,2,0,0,0,0,660,48,612,0.07272727272727272,1,0.020833333333333332,47,3.625,1183168,True,0,0,0,,0,0
9,TargetedFedPhoenix,1,0.125,10,update_norm,all,1,32.47999954223633,12.218730900000082,"[3, 60, 35, 33, 22, 66, 45, 68, 67, 75]","[1000025, 1001022, 1002019, 1003016, 1004013, 1005010, 1006007, 1007004, 1008001, 1008998]",647b289b8fc7ffbac16ce70ff12691a5e62d77800f62bbb7d9e3118a88fcd7e6,7,7,7,7,3,0,0,0,0,660,42,618,0.06363636363636363,2,0.047619047619047616,40,4.857142857142857,1246552,True,0,0,0,,0,0
10,TargetedFedPhoenix,1,0.125,10,update_norm,all,1,30.479999542236328,14.288197499990929,"[64, 91, 12, 52, 16, 65, 50, 68, 33, 30]","[1100028, 1101025, 1102022, 1103019, 1104016, 1105013, 1106010, 1107007, 1108004, 1109001]",e67b9059ff1f637c0c2dd3669ed5f94c9b646e1a321eaf2315ec44cd5a00d400,6,6,6,6,4,0,0,0,0,660,36,624,0.05454545454545454,0,0.0,36,3.1666666666666665,1331064,True,0,0,0,,0,0
11,TargetedFedPhoenix,1,0.125,10,update_norm,all,1,37.04999923706055,13.963189400004921,"[54, 27, 23, 37, 75, 33, 41, 46, 52, 24]","[1200031, 1201028, 1202025, 1203022, 1204019, 1205016, 1206013, 1207010, 1208007, 1209004]",cc00259e2e6cf205e7244c7ff96e20b19e7531da8cd8fee5d8063134d10f1e81,6,6,6,6,4,0,0,0,0,660,36,624,0.05454545454545454,1,0.027777777777777776,35,3.6666666666666665,1415576,True,0,0,0,,0,0
12,TargetedFedPhoenix,1,0.125,10,update_norm,all,1,37.27000045776367,11.170925900005386,"[54, 45, 28, 44, 15, 1, 93, 12, 88, 40]","[1300034, 1301031, 1302028, 1303025, 1304022, 1305019, 1306016, 1307013, 1308010, 1309007]",e70a4971ec439ccc9bb8062cc8b8eb46715e87527cf7de91c96caf0020c64a1b,9,9,9,9,1,0,0,0,0,660,54,606,0.08181818181818182,1,0.018518518518518517,53,4.333333333333333,1436704,True,0,0,0,,0,0
13,TargetedFedPhoenix,1,0.125,10,update_norm,all,1,36.36000061035156,13.071675099999993,"[70, 75, 5, 68, 36, 79, 72, 78, 57, 44]","[1400037, 1401034, 1402031, 1403028, 1404025, 1405022, 1406019, 1407016, 1408013, 1409010]",981f8ba0fe935e47328c5ab29bad967a813145d0e5105d9a31a62789bfa50620,7,6,6,6,3,1,0,0,0,660,36,624,0.05454545454545454,2,0.05555555555555555,34,4.333333333333333,1500088,True,0,0,0,,0,0
14,TargetedFedPhoenix,1,0.125,10,update_norm,all,1,45.2599983215332,10.793238199999905,"[41, 9, 30, 89, 40, 49, 3, 22, 8, 16]","[1500040, 1501037, 1502034, 1503031, 1504028, 1505025, 1506022, 1507019, 1508016, 1509013]",bfc5c077dc43aebb736217bdae1cbb968dbb098f7b18be7ec38eac72c1afc9dc,8,8,8,8,2,0,0,0,0,660,48,612,0.07272727272727272,0,0.0,48,5.125,1542344,True,0,0,0,,0,0
15,TargetedFedPhoenix,1,0.125,10,update_norm,all,1,45.22999954223633,10.63632730000245,"[82, 28, 69, 81, 56, 71, 85, 27, 37, 66]","[1600043, 1601040, 1602037, 1603034, 1604031, 1605028, 1606025, 1607022, 1608019, 1609016]",a7542b5e307c1de40ebbbb584b293253bf285a899a2e0354b4a53a4b4a4de5f6,8,4,4,4,2,4,0,0,0,660,24,636,0.03636363636363636,0,0.0,24,4.25,1584600,True,0,0,0,,0,0
16,TargetedFedPhoenix,1,0.125,10,update_norm,all,1,47.939998626708984,9.368791100001545,"[60, 13, 26, 12, 1, 28, 88, 86, 11, 43]","[1700046, 1701043, 1702040, 1703037, 1704034, 1705031, 1706028, 1707025, 1708022, 1709019]",d2bdba502ea80947d4b1039c2b46cf93dd74d0cf165b75bfc9603bb1ac06316a,9,7,7,7,1,2,0,0,0,660,42,618,0.06363636363636363,1,0.023809523809523808,41,5.571428571428571,1605728,True,0,0,0,,0,0
17,TargetedFedPhoenix,1,0.125,10,update_norm,all,1,48.650001525878906,9.761212600002182,"[93, 16, 72, 75, 10, 4, 38, 71, 42, 62]","[1800049, 1801046, 1802043, 1803040, 1804037, 1805034, 1806031, 1807028, 1808025, 1809022]",c2180bd01e786df341330ea1cf44584fb8c7bbc7b99a0d9666801a7491b0a972,9,5,5,5,1,4,0,0,0,660,30,630,0.045454545454545456,2,0.06666666666666667,28,3.6,1626856,True,0,0,0,,0,0
18,TargetedFedPhoenix,1,0.125,10,update_norm,all,1,34.84000015258789,10.38704190000135,"[36, 47, 1, 64, 57, 97, 29, 6, 67, 92]","[1900052, 1901049, 1902046, 1903043, 1904040, 1905037, 1906034, 1907031, 1908028, 1909025]",303972ed4893628554af7980ff6a9643738e63050c05d32f3db83a05966e33af,6,5,5,5,4,1,0,0,0,660,30,630,0.045454545454545456,1,0.03333333333333333,29,5.8,1711368,True,0,0,0,,0,0
19,TargetedFedPhoenix,1,0.125,10,update_norm,all,1,41.0,11.3529811000044,"[48, 87, 17, 57, 22, 81, 4, 51, 94, 63]","[2000055, 2001052, 2002049, 2003046, 2004043, 2005040, 2006037, 2007034, 2008031, 2009028]",15bbc90679b73a5d0d72e2c0201999c168e16d8aa952f3f192bddf32641b5413,7,4,4,4,3,3,0,0,0,660,24,636,0.03636363636363636,0,0.0,24,3.0,1774752,True,0,0,0,,0,0
20,TargetedFedPhoenix,1,0.125,10,update_norm,all,1,40.310001373291016,11.55260769999586,"[9, 17, 59, 11, 2, 95, 68, 28, 60, 14]","[2100058, 2101055, 2102052, 2103049, 2104046, 2105043, 2106040, 2107037, 2108034, 2109031]",e40994116111f562e1e28b1b31223fd7b15e4f100bc937220e3fb896394ff93e,8,6,6,6,2,2,0,0,0,660,36,624,0.05454545454545454,0,0.0,36,4.333333333333333,1817008,True,0,0,0,,0,0
21,TargetedFedPhoenix,1,0.125,10,update_norm,all,1,51.439998626708984,10.578089500006172,"[26, 25, 15, 93, 45, 54, 68, 90, 76, 10]","[2200061, 2201058, 2202055, 2203052, 2204049, 2205046, 2206043, 2207040, 2208037, 2209034]",a45ae4d224d6e544e41a894799f8d28eedcfac0fe3d597bda393efcffc78f535,9,7,7,7,1,2,0,0,0,660,42,618,0.06363636363636363,2,0.047619047619047616,40,5.857142857142857,1838136,True,0,0,0,,0,0
22,TargetedFedPhoenix,1,0.125,10,update_norm,all,1,54.060001373291016,9.914586600003531,"[84, 74, 93, 1, 48, 44, 29, 26, 94, 75]","[2300064, 2301061, 2302058, 2303055, 2304052, 2305049, 2306046, 2307043, 2308040, 2309037]",6144d052d6bfb233d8dad50518d5eb7385463ada0380b02234a251c7ed597632,10,8,8,8,0,2,0,0,0,660,48,612,0.07272727272727272,0,0.0,48,3.75,1838136,True,0,0,0,,0,0
23,TargetedFedPhoenix,1,0.125,10,update_norm,all,1,46.650001525878906,9.813679999992019,"[71, 58, 50, 22, 59, 84, 10, 70, 43, 67]","[2400067, 2401064, 2402061, 2403058, 2404055, 2405052, 2406049, 2407046, 2408043, 2409040]",925a15b5864c898d81e3d8a820d07ace1c80e6550b4810e660c663aec726dddb,9,8,8,8,1,1,0,0,0,660,48,612,0.07272727272727272,0,0.0,48,4.75,1859264,True,0,0,0,,0,0
24,TargetedFedPhoenix,1,0.125,10,update_norm,all,1,52.650001525878906,13.256093300005887,"[70, 54, 33, 75, 31, 58, 17, 6, 3, 51]","[2500070, 2501067, 2502064, 2503061, 2504058, 2505055, 2506052, 2507049, 2508046, 2509043]",42f8c682e4892b2e0b4e763a4db7096ff53a0082583d694c491956db2ae5311a,9,8,8,8,1,1,0,0,0,660,48,612,0.07272727272727272,0,0.0,48,4.0,1880392,True,0,0,0,,0,0
25,TargetedFedPhoenix,1,0.125,10,update_norm,all,1,54.09000015258789,11.054850100001204,"[42, 87, 33, 36, 30, 84, 78, 98, 71, 75]","[2600073, 2601070, 2602067, 2603064, 2604061, 2605058, 2606055, 2607052, 2608049, 2609046]",78e0b09b17f7a0492f444eb52484260276c23eec328635f099b969809da8626a,9,7,7,7,1,2,0,0,0,660,42,618,0.06363636363636363,0,0.0,42,3.857142857142857,1901520,True,0,0,0,,0,0
26,TargetedFedPhoenix,1,0.125,10,update_norm,all,1,50.619998931884766,10.368796299997484,"[41, 47, 34, 10, 51, 11, 50, 16, 86, 64]","[2700076, 2701073, 2702070, 2703067, 2704064, 2705061, 2706058, 2707055, 2708052, 2709049]",95e2c1d8925f419537e1e73443b1c8ead0056dec7a70f8f905326e3d8d6a2588,9,8,8,8,1,1,0,0,0,660,48,612,0.07272727272727272,1,0.020833333333333332,47,6.125,1922648,True,0,0,0,,0,0
27,TargetedFedPhoenix,1,0.125,10,update_norm,all,1,53.22999954223633,11.87068970000837,"[58, 82, 63, 50, 98, 84, 4, 46, 65, 88]","[2800079, 2801076, 2802073, 2803070, 2804067, 2805064, 2806061, 2807058, 2808055, 2809052]",e10811cf04c6e2e67e6506b1d92b0dc8d0fcd3bc10524629058a2bee796e0a03,10,6,6,6,0,4,0,0,0,660,36,624,0.05454545454545454,1,0.027777777777777776,35,4.0,1922648,True,0,0,0,,0,0
28,TargetedFedPhoenix,1,0.125,10,update_norm,all,1,51.72999954223633,8.91030389998923,"[99, 88, 69, 16, 46, 29, 90, 91, 4, 45]","[2900082, 2901079, 2902076, 2903073, 2904070, 2905067, 2906064, 2907061, 2908058, 2909055]",12caccefdbb32c49e46f2b119bc9946bf92c938190fead93b4f95c46876b083b,10,7,7,7,0,3,0,0,0,660,42,618,0.06363636363636363,2,0.047619047619047616,40,3.5714285714285716,1922648,True,0,0,0,,0,0
29,TargetedFedPhoenix,1,0.125,10,update_norm,all,1,47.45000076293945,12.486852900008671,"[80, 73, 28, 34, 1, 10, 13, 65, 5, 49]","[3000085, 3001082, 3002079, 3003076, 3004073, 3005070, 3006067, 3007064, 3008061, 3009058]",4e52d8481088bf513faee3fd666e714a671363ea3f05fb9c172f395f0bf0ceb4,9,5,5,5,1,4,0,0,0,660,30,630,0.045454545454545456,1,0.03333333333333333,29,4.8,1943776,True,0,0,0,,0,0
30,TargetedFedPhoenix,1,0.125,10,update_norm,all,1,55.959999084472656,10.21263789999648,"[62, 41, 74, 11, 99, 8, 75, 26, 81, 85]","[3100088, 3101085, 3102082, 3103079, 3104076, 3105073, 3106070, 3107067, 3108064, 3109061]",6eedd6859d714214ccaf6e09198a0c809ecc118e4a1e31073256fd274f42f25e,10,6,6,6,0,4,0,0,0,660,36,624,0.05454545454545454,0,0.0,36,5.166666666666667,1943776,True,0,0,0,,0,0
31,TargetedFedPhoenix,1,0.125,10,update_norm,all,1,56.9900016784668,8.544119700003648,"[96, 81, 77, 83, 14, 50, 13, 67, 53, 91]","[3200091, 3201088, 3202085, 3203082, 3204079, 3205076, 3206073, 3207070, 3208067, 3209064]",f52e88a292bae9b2dcebfc2a62a064c948e874cc16868a527940bbf17b58c2ae,8,5,5,5,2,3,0,0,0,660,30,630,0.045454545454545456,0,0.0,30,3.6,1986032,True,0,0,0,,0,0
32,TargetedFedPhoenix,1,0.125,10,update_norm,all,1,56.4900016784668,11.988118600012967,"[40, 73, 70, 3, 6, 94, 1, 25, 20, 10]","[3300094, 3301091, 3302088, 3303085, 3304082, 3305079, 3306076, 3307073, 3308070, 3309067]",8b8cbe1c6b26cb770aa4cde5b7f7bcfb842263436ed5bfa74443380f15c8e865,9,7,7,7,1,2,0,0,0,660,42,618,0.06363636363636363,0,0.0,42,6.142857142857143,2007160,True,0,0,0,,0,0
33,TargetedFedPhoenix,1,0.125,10,update_norm,all,1,58.209999084472656,11.649426599993603,"[45, 16, 51, 88, 17, 78, 36, 44, 21, 62]","[3400097, 3401094, 3402091, 3403088, 3404085, 3405082, 3406079, 3407076, 3408073, 3409070]",f1ea8f6f199d2369b71594c1f11912e75c6c49d3fac35c1e4148d066ac12d289,9,8,8,8,1,1,0,0,0,660,48,612,0.07272727272727272,1,0.020833333333333332,47,6.25,2028288,True,0,0,0,,0,0
34,TargetedFedPhoenix,1,0.125,10,update_norm,all,1,64.26000213623047,8.525598099993658,"[92, 43, 97, 61, 58, 67, 1, 98, 30, 75]","[3500100, 3501097, 3502094, 3503091, 3504088, 3505085, 3506082, 3507079, 3508076, 3509073]",1358261a80800b5b01279309b070fa1a9108e0d79cddac09eba489de1be91743,10,6,6,6,0,4,0,0,0,660,36,624,0.05454545454545454,1,0.027777777777777776,35,5.333333333333333,2028288,True,0,0,0,,0,0
35,TargetedFedPhoenix,1,0.125,10,update_norm,all,1,54.709999084472656,10.927284800010966,"[31, 89, 17, 66, 92, 23, 96, 9, 35, 20]","[3600103, 3601100, 3602097, 3603094, 3604091, 3605088, 3606085, 3607082, 3608079, 3609076]",5eb020d0b2475c616ca881ad9565be202dc2cd469955d8b1e28310641b9ae763,10,4,4,4,0,6,0,0,0,660,24,636,0.03636363636363636,0,0.0,24,2.5,2028288,True,0,0,0,,0,0
36,TargetedFedPhoenix,1,0.125,10,update_norm,all,1,52.880001068115234,14.022268700005952,"[72, 68, 65, 28, 23, 85, 16, 60, 73, 78]","[3700106, 3701103, 3702100, 3703097, 3704094, 3705091, 3706088, 3707085, 3708082, 3709079]",fba06f10170ca05e59bfee365ca1edc4b93f1d86d35a3cd2a6bfdb6ede8aee39,10,7,7,7,0,3,0,0,0,660,42,618,0.06363636363636363,0,0.0,42,4.428571428571429,2028288,True,0,0,0,,0,0
37,TargetedFedPhoenix,1,0.125,10,update_norm,all,1,60.459999084472656,10.871385100006592,"[66, 49, 62, 9, 84, 68, 74, 3, 44, 71]","[3800109, 3801106, 3802103, 3803100, 3804097, 3805094, 3806091, 3807088, 3808085, 3809082]",a2c8bf1949c201a91c47a802c7576f9eb387e7e1e6cdec0bc34ae7ca06afe6d1,10,9,9,9,0,1,0,0,0,660,54,606,0.08181818181818182,1,0.018518518518518517,53,4.777777777777778,2028288,True,0,0,0,,0,0
38,TargetedFedPhoenix,1,0.125,10,update_norm,all,1,57.83000183105469,8.83187779999571,"[50, 73, 27, 38, 8, 53, 21, 14, 28, 64]","[3900112, 3901109, 3902106, 3903103, 3904100, 3905097, 3906094, 3907091, 3908088, 3909085]",57bb803b36bb38c2ea892d02b360d64285127c9c3b6ffb7fa575f64c16ce3ddc,10,7,7,7,0,3,0,0,0,660,42,618,0.06363636363636363,1,0.023809523809523808,41,5.428571428571429,2028288,True,0,0,0,,0,0
39,TargetedFedPhoenix,1,0.125,10,update_norm,all,1,58.400001525878906,10.411378499993589,"[48, 87, 40, 59, 3, 10, 75, 35, 49, 89]","[4000115, 4001112, 4002109, 4003106, 4004103, 4005100, 4006097, 4007094, 4008091, 4009088]",6fea1842970c76ad30511936dbbb1469b40b95c1cd608c8ee6115121c9d30d41,10,7,7,7,0,3,0,0,0,660,42,618,0.06363636363636363,0,0.0,42,4.428571428571429,2028288,True,0,0,0,,0,0
40,TargetedFedPhoenix,1,0.125,10,update_norm,all,1,65.37000274658203,9.96335380000528,"[83, 93, 34, 60, 90, 45, 42, 41, 91, 36]","[4100118, 4101115, 4102112, 4103109, 4104106, 4105103, 4106100, 4107097, 4108094, 4109091]",d1e2c798f04108c67eecb4532dbebf79912bf24623408daf8eed4a1a0b8df008,10,6,6,6,0,4,0,0,0,660,36,624,0.05454545454545454,0,0.0,36,7.666666666666667,2028288,True,0,0,0,,0,0
41,TargetedFedPhoenix,1,0.125,10,update_norm,all,1,64.7699966430664,10.192006299999775,"[75, 52, 20, 80, 90, 93, 4, 51, 13, 98]","[4200121, 4201118, 4202115, 4203112, 4204109, 4205106, 4206103, 4207100, 4208097, 4209094]",87a0685e47ee4910f68477e9d08be7e81c2a058852636297ef47b3136e68b47f,10,7,7,7,0,3,0,0,0,660,42,618,0.06363636363636363,1,0.023809523809523808,41,5.0,2028288,True,0,0,0,,0,0
42,TargetedFedPhoenix,1,0.125,10,update_norm,all,1,58.7400016784668,11.116828099999111,"[98, 79, 17, 10, 3, 12, 29, 26, 54, 58]","[4300124, 4301121, 4302118, 4303115, 4304112, 4305109, 4306106, 4307103, 4308100, 4309097]",836e0acb4319fdda9f397a57cfb1c2d62a9881e9f22ca7739b2beef818f45701,10,5,5,5,0,5,0,0,0,660,30,630,0.045454545454545456,0,0.0,30,4.4,2028288,True,0,0,0,,0,0
43,TargetedFedPhoenix,1,0.125,10,update_norm,all,1,60.5099983215332,12.03296070000215,"[32, 15, 47, 9, 7, 16, 24, 57, 71, 28]","[4400127, 4401124, 4402121, 4403118, 4404115, 4405112, 4406109, 4407106, 4408103, 4409100]",8582dc722608e938e9b00f6224521b473a2ab7c3db56926808168843137d61bf,9,4,4,4,1,5,0,0,0,660,24,636,0.03636363636363636,0,0.0,24,6.0,2049416,True,0,0,0,,0,0
44,TargetedFedPhoenix,1,0.125,10,update_norm,all,1,61.15999984741211,9.822768099998939,"[76, 67, 81, 35, 44, 49, 32, 99, 69, 51]","[4500130, 4501127, 4502124, 4503121, 4504118, 4505115, 4506112, 4507109, 4508106, 4509103]",d4dd743063df8798bee68626a61e9037cb95dd560b5b5f77f16623fccb008ddd,10,6,6,6,0,4,0,0,0,660,36,624,0.05454545454545454,0,0.0,36,5.166666666666667,2049416,True,0,0,0,,0,0
45,TargetedFedPhoenix,1,0.125,10,update_norm,all,1,53.83000183105469,9.631454000002122,"[42, 4, 95, 71, 84, 22, 61, 5, 10, 28]","[4600133, 4601130, 4602127, 4603124, 4604121, 4605118, 4606115, 4607112, 4608109, 4609106]",b759dd71781dbeab725058080d2b82d0db163a389238941847da68d4842fd350,10,6,6,6,0,4,0,0,0,660,36,624,0.05454545454545454,0,0.0,36,4.0,2049416,True,0,0,0,,0,0
46,TargetedFedPhoenix,1,0.125,10,update_norm,all,1,65.02999877929688,11.350322900005267,"[61, 52, 80, 26, 37, 44, 85, 1, 99, 55]","[4700136, 4701133, 4702130, 4703127, 4704124, 4705121, 4706118, 4707115, 4708112, 4709109]",85fc53d8a8a0961ac4246dacf2107d96f04113b061932309fc88484f02d15d4a,10,7,7,7,0,3,0,0,0,660,42,618,0.06363636363636363,0,0.0,42,4.142857142857143,2049416,True,0,0,0,,0,0
47,TargetedFedPhoenix,1,0.125,10,update_norm,all,1,60.27000045776367,9.879043199995067,"[23, 10, 75, 28, 19, 22, 43, 13, 98, 85]","[4800139, 4801136, 4802133, 4803130, 4804127, 4805124, 4806121, 4807118, 4808115, 4809112]",152b941288296df9dfeb9588a5ffa98d3b6e96959343dfb94df39cb65229196f,9,7,7,7,1,2,0,0,0,660,42,618,0.06363636363636363,0,0.0,42,3.4285714285714284,2070544,True,0,0,0,,0,0
48,TargetedFedPhoenix,1,0.125,10,update_norm,all,1,59.29999923706055,8.84532290000061,"[18, 1, 96, 63, 59, 71, 88, 39, 97, 68]","[4900142, 4901139, 4902136, 4903133, 4904130, 4905127, 4906124, 4907121, 4908118, 4909115]",c84def5d9146e6c38f148dd06b717658033304791c69bf8587ea227152db26c7,8,3,3,3,2,5,0,0,0,660,18,642,0.02727272727272727,0,0.0,18,4.666666666666667,2112800,True,0,0,0,,0,0
49,TargetedFedPhoenix,1,0.125,10,update_norm,all,1,60.25,12.696266700004344,"[44, 11, 93, 47, 54, 9, 81, 94, 45, 65]","[5000145, 5001142, 5002139, 5003136, 5004133, 5005130, 5006127, 5007124, 5008121, 5009118]",2ab57ffe1d02df351c8336b05e36f0dde912ca20e531c7e16259f1165c85e0eb,10,7,7,7,0,3,0,0,0,660,42,618,0.06363636363636363,1,0.023809523809523808,41,6.285714285714286,2112800,True,0,0,0,,0,0
50,TargetedFedPhoenix,1,0.125,10,update_norm,all,1,59.040000915527344,8.834640000000945,"[48, 43, 51, 76, 99, 39, 38, 73, 89, 80]","[5100148, 5101145, 5102142, 5103139, 5104136, 5105133, 5106130, 5107127, 5108124, 5109121]",fb093907c39ee7e4ba5b1ad71add90c87f9ed18e752e689e060939f551dca7a4,10,6,6,6,0,4,0,0,0,660,36,624,0.05454545454545454,3,0.08333333333333333,33,4.166666666666667,2112800,True,0,0,0,,0,0
51,TargetedFedPhoenix,1,0.125,10,update_norm,all,1,56.5099983215332,11.180503099996713,"[34, 16, 99, 17, 62, 58, 96, 29, 90, 30]","[5200151, 5201148, 5202145, 5203142, 5204139, 5205136, 5206133, 5207130, 5208127, 5209124]",01a010f621eab34cceb1ee843642feac7f5358380962b032079f1d6fa53f64c5,10,7,7,7,0,3,0,0,0,660,42,618,0.06363636363636363,2,0.047619047619047616,40,7.0,2112800,True,0,0,0,,0,0
52,TargetedFedPhoenix,1,0.125,10,update_norm,all,1,63.869998931884766,9.3294206999999,"[8, 59, 78, 95, 25, 35, 99, 86, 54, 64]","[5300154, 5301151, 5302148, 5303145, 5304142, 5305139, 5306136, 5307133, 5308130, 5309127]",0de8f73f392b73686abf227940024306077c8b575c9aa5aae4a5352e90363d42,10,5,5,5,0,5,0,0,0,660,30,630,0.045454545454545456,1,0.03333333333333333,29,4.6,2112800,True,0,0,0,,0,0
53,TargetedFedPhoenix,1,0.125,10,update_norm,all,1,62.54999923706055,11.58988159999717,"[87, 42, 55, 74, 37, 10, 26, 23, 57, 62]","[5400157, 5401154, 5402151, 5403148, 5404145, 5405142, 5406139, 5407136, 5408133, 5409130]",0e3661efea4b4b0867123cf280be48ac37d76c7b262b3184858b929b97ef0f6c,10,8,8,8,0,2,0,0,0,660,48,612,0.07272727272727272,0,0.0,48,6.625,2112800,True,0,0,0,,0,0
54,TargetedFedPhoenix,1,0.125,10,update_norm,all,1,51.31999969482422,8.631070100003853,"[84, 2, 76, 48, 68, 40, 92, 8, 42, 46]","[5500160, 5501157, 5502154, 5503151, 5504148, 5505145, 5506142, 5507139, 5508136, 5509133]",d77aa39cc0dfb095da63a04cf8035f4955104d2ca9d2a765188a6510e0277c2e,10,6,6,6,0,4,0,0,0,660,36,624,0.05454545454545454,0,0.0,36,4.333333333333333,2112800,True,0,0,0,,0,0
55,TargetedFedPhoenix,1,0.125,10,update_norm,all,1,66.47000122070312,11.17377700000361,"[91, 70, 16, 58, 10, 35, 31, 86, 62, 54]","[5600163, 5601160, 5602157, 5603154, 5604151, 5605148, 5606145, 5607142, 5608139, 5609136]",83f9c9bd7fa057ecd18322874aaba4707ab1a6d26f0c64431be7216ca17b9808,10,7,7,7,0,3,0,0,0,660,42,618,0.06363636363636363,0,0.0,42,3.0,2112800,True,0,0,0,,0,0
56,TargetedFedPhoenix,1,0.125,10,update_norm,all,1,64.95999908447266,11.29513989998668,"[32, 41, 20, 75, 69, 62, 74, 38, 80, 58]","[5700166, 5701163, 5702160, 5703157, 5704154, 5705151, 5706148, 5707145, 5708142, 5709139]",eed9ca1d91dab8219578cd11519dbf1e7ed8645744984a6ed6e3337c052d345d,10,6,6,6,0,4,0,0,0,660,36,624,0.05454545454545454,2,0.05555555555555555,34,4.333333333333333,2112800,True,0,0,0,,0,0
57,TargetedFedPhoenix,1,0.125,10,update_norm,all,1,59.86000061035156,9.333526800008258,"[89, 0, 84, 16, 97, 67, 41, 38, 59, 60]","[5800169, 5801166, 5802163, 5803160, 5804157, 5805154, 5806151, 5807148, 5808145, 5809142]",b4659cb011027a87455bfc0f2a524e874deae4b6daf77b82aed01b0446e6dbb2,10,7,7,7,0,3,0,0,0,660,42,618,0.06363636363636363,1,0.023809523809523808,41,4.0,2112800,True,0,0,0,,0,0
58,TargetedFedPhoenix,1,0.125,10,update_norm,all,1,52.619998931884766,9.30916449999495,"[59, 21, 34, 35, 95, 41, 9, 12, 47, 42]","[5900172, 5901169, 5902166, 5903163, 5904160, 5905157, 5906154, 5907151, 5908148, 5909145]",7d351f366e192be92af839d42d647caaf712c95b503dc17d96773d827deb3181,10,8,8,8,0,2,0,0,0,660,48,612,0.07272727272727272,0,0.0,48,5.0,2112800,True,0,0,0,,0,0
59,TargetedFedPhoenix,1,0.125,10,update_norm,all,1,63.970001220703125,11.373580400002538,"[88, 78, 75, 43, 57, 63, 34, 79, 17, 93]","[6000175, 6001172, 6002169, 6003166, 6004163, 6005160, 6006157, 6007154, 6008151, 6009148]",315ad073b4018365de315395cd8870a083ec784012b6a483e7b78fdf58ae7783,10,7,7,7,0,3,0,0,0,660,42,618,0.06363636363636363,1,0.023809523809523808,41,6.285714285714286,2112800,True,0,0,0,,0,0
60,TargetedFedPhoenix,1,0.125,10,update_norm,all,1,66.2300033569336,8.688592299993616,"[76, 35, 9, 75, 32, 97, 53, 72, 27, 91]","[6100178, 6101175, 6102172, 6103169, 6104166, 6105163, 6106160, 6107157, 6108154, 6109151]",dd23f19bdc1b236f9f3d09a7e1e2a858f8170464fa91a6a16866e80abb695383,10,7,7,7,0,3,0,0,0,660,42,618,0.06363636363636363,0,0.0,42,3.2857142857142856,2112800,True,0,0,0,,0,0
61,TargetedFedPhoenix,1,0.125,10,update_norm,all,1,65.72000122070312,13.303758199996082,"[60, 14, 9, 43, 15, 68, 7, 44, 65, 89]","[6200181, 6201178, 6202175, 6203172, 6204169, 6205166, 6206163, 6207160, 6208157, 6209154]",d5d06d412bca8ca600ca2180d98482ecbc68c357ea51fe3b0a50245e0d7ada1d,10,5,5,5,0,5,0,0,0,660,30,630,0.045454545454545456,2,0.06666666666666667,28,3.6,2112800,True,0,0,0,,0,0
62,TargetedFedPhoenix,1,0.125,10,update_norm,all,1,65.19999694824219,10.859446400005254,"[56, 67, 28, 93, 30, 71, 78, 48, 25, 19]","[6300184, 6301181, 6302178, 6303175, 6304172, 6305169, 6306166, 6307163, 6308160, 6309157]",8cb933499f6a8cb4a2db925831f969005716a736b71e8797bc635c398336a78f,10,5,5,5,0,5,0,0,0,660,30,630,0.045454545454545456,0,0.0,30,5.8,2112800,True,0,0,0,,0,0
63,TargetedFedPhoenix,1,0.125,10,update_norm,all,1,65.47000122070312,10.705549899998005,"[61, 18, 63, 89, 0, 99, 42, 76, 81, 9]","[6400187, 6401184, 6402181, 6403178, 6404175, 6405172, 6406169, 6407166, 6408163, 6409160]",4410272049cd3d5b8affbd40bb84a535defa88775815018211a7883c147afd55,10,6,6,6,0,4,0,0,0,660,36,624,0.05454545454545454,1,0.027777777777777776,35,3.6666666666666665,2112800,True,0,0,0,,0,0
64,TargetedFedPhoenix,1,0.125,10,update_norm,all,1,63.95000076293945,11.75161519998801,"[14, 22, 8, 93, 29, 90, 73, 28, 57, 58]","[6500190, 6501187, 6502184, 6503181, 6504178, 6505175, 6506172, 6507169, 6508166, 6509163]",2546e228a053eacc9f82b0723be5257412b7f5203318c5fece953f4c0b5d6332,10,6,6,6,0,4,0,0,0,660,36,624,0.05454545454545454,2,0.05555555555555555,34,5.0,2112800,True,0,0,0,,0,0
65,TargetedFedPhoenix,1,0.125,10,update_norm,all,1,65.08999633789062,11.72922780000954,"[16, 90, 78, 23, 55, 61, 31, 0, 11, 82]","[6600193, 6601190, 6602187, 6603184, 6604181, 6605178, 6606175, 6607172, 6608169, 6609166]",ffde24aa742c82ffd0670d3c078ec71f97e55cbdff7918023180c4042a4c0294,10,6,6,6,0,4,0,0,0,660,36,624,0.05454545454545454,0,0.0,36,4.333333333333333,2112800,True,0,0,0,,0,0
66,TargetedFedPhoenix,1,0.125,10,update_norm,all,1,64.83999633789062,13.088452800002415,"[28, 65, 16, 72, 11, 36, 19, 51, 81, 53]","[6700196, 6701193, 6702190, 6703187, 6704184, 6705181, 6706178, 6707175, 6708172, 6709169]",405ca9ab54099c6fec664819266f2f7b1ba8dfc7b73eebf2bc24b52c0b63a6f1,10,8,8,8,0,2,0,0,0,660,48,612,0.07272727272727272,1,0.020833333333333332,47,3.5,2112800,True,0,0,0,,0,0
67,TargetedFedPhoenix,1,0.125,10,update_norm,all,1,61.97999954223633,10.352103199998965,"[53, 63, 96, 28, 78, 90, 58, 73, 34, 4]","[6800199, 6801196, 6802193, 6803190, 6804187, 6805184, 6806181, 6807178, 6808175, 6809172]",49cb1df486064e8669e423827b505e54ad258aafef088eeacb059cf61125b737,10,8,8,8,0,2,0,0,0,660,48,612,0.07272727272727272,0,0.0,48,3.0,2112800,True,0,0,0,,0,0
68,TargetedFedPhoenix,1,0.125,10,update_norm,all,1,55.970001220703125,10.48875709999993,"[38, 57, 22, 41, 70, 39, 10, 5, 17, 32]","[6900202, 6901199, 6902196, 6903193, 6904190, 6905187, 6906184, 6907181, 6908178, 6909175]",2638c1a6989da63b1b8e1cb1d32ee71b9e4a26c7a070e99b2a7e12b9d370cede,10,5,5,5,0,5,0,0,0,660,30,630,0.045454545454545456,0,0.0,30,7.0,2112800,True,0,0,0,,0,0
69,TargetedFedPhoenix,1,0.125,10,update_norm,all,1,69.69000244140625,9.496859199993196,"[60, 67, 48, 59, 46, 94, 22, 29, 53, 97]","[7000205, 7001202, 7002199, 7003196, 7004193, 7005190, 7006187, 7007184, 7008181, 7009178]",c948049e8f2a1ade58880feaecd229de4437ecf14c4430b819dbac07f988dfe6,10,7,7,7,0,3,0,0,0,660,42,618,0.06363636363636363,0,0.0,42,5.571428571428571,2112800,True,0,0,0,,0,0
70,TargetedFedPhoenix,1,0.125,10,update_norm,all,1,62.150001525878906,9.452233499992872,"[61, 33, 76, 48, 37, 54, 38, 13, 8, 39]","[7100208, 7101205, 7102202, 7103199, 7104196, 7105193, 7106190, 7107187, 7108184, 7109181]",4a4cf9f06b192237466e4a978f85e600116fa1fc5e371d14effa585c5e726d26,10,6,6,6,0,4,0,0,0,660,36,624,0.05454545454545454,1,0.027777777777777776,35,3.8333333333333335,2112800,True,0,0,0,,0,0
71,TargetedFedPhoenix,1,0.125,10,update_norm,all,1,62.45000076293945,9.82190619999892,"[31, 88, 91, 25, 50, 95, 67, 45, 80, 70]","[7200211, 7201208, 7202205, 7203202, 7204199, 7205196, 7206193, 7207190, 7208187, 7209184]",402206b16a0c9f5c4276df39df0fdb1322860f230fc6c85753b0d1b24b534ae8,10,4,4,4,0,6,0,0,0,660,24,636,0.03636363636363636,0,0.0,24,5.0,2112800,True,0,0,0,,0,0
72,TargetedFedPhoenix,1,0.125,10,update_norm,all,1,62.2599983215332,11.520414999991772,"[3, 23, 17, 94, 61, 43, 63, 91, 37, 84]","[7300214, 7301211, 7302208, 7303205, 7304202, 7305199, 7306196, 7307193, 7308190, 7309187]",421330c85a8fca4625acff6855e38488e6c2686a5bab90ab100419e492620e97,10,7,7,7,0,3,0,0,0,660,42,618,0.06363636363636363,0,0.0,42,3.4285714285714284,2112800,True,0,0,0,,0,0
73,TargetedFedPhoenix,1,0.125,10,update_norm,all,1,67.94999694824219,11.472589299999527,"[11, 73, 78, 47, 45, 83, 36, 75, 91, 57]","[7400217, 7401214, 7402211, 7403208, 7404205, 7405202, 7406199, 7407196, 7408193, 7409190]",4c6ac1efdc206276bd756d6aad43b19fbffe5954bc838dc38cedb46e9a5e9375,10,7,7,7,0,3,0,0,0,660,42,618,0.06363636363636363,0,0.0,42,4.857142857142857,2112800,True,0,0,0,,0,0
74,TargetedFedPhoenix,1,0.125,10,update_norm,all,1,67.94999694824219,10.876359100002446,"[46, 54, 66, 62, 96, 49, 24, 75, 60, 52]","[7500220, 7501217, 7502214, 7503211, 7504208, 7505205, 7506202, 7507199, 7508196, 7509193]",1185ff069ce0ac020aaaf6da3d52cdd86d64f61905096bd0bf33c253cd90e148,10,5,5,5,0,5,0,0,0,660,30,630,0.045454545454545456,0,0.0,30,4.4,2112800,True,0,0,0,,0,0
75,TargetedFedPhoenix,1,0.125,10,update_norm,all,1,73.38999938964844,11.15038980000827,"[75, 51, 39, 89, 14, 54, 41, 30, 24, 80]","[7600223, 7601220, 7602217, 7603214, 7604211, 7605208, 7606205, 7607202, 7608199, 7609196]",66071aaba4e0c54f581ff7d7a93f08f33bd7b980547fad1531753e3f9babaaa7,10,7,7,7,0,3,0,0,0,660,42,618,0.06363636363636363,0,0.0,42,4.0,2112800,True,0,0,0,,0,0
76,TargetedFedPhoenix,1,0.125,10,update_norm,all,1,64.62999725341797,10.448346999997739,"[67, 90, 45, 78, 32, 86, 50, 55, 33, 60]","[7700226, 7701223, 7702220, 7703217, 7704214, 7705211, 7706208, 7707205, 7708202, 7709199]",390f79dca5b23bec37f5aa27fde578b3ebbc1efb9ba70bbc0ae88b0f3d0a9ab1,10,8,8,8,0,2,0,0,0,660,48,612,0.07272727272727272,0,0.0,48,5.125,2112800,True,0,0,0,,0,0
77,TargetedFedPhoenix,1,0.125,10,update_norm,all,1,66.72000122070312,8.838833100002375,"[4, 16, 51, 33, 89, 30, 13, 77, 43, 85]","[7800229, 7801226, 7802223, 7803220, 7804217, 7805214, 7806211, 7807208, 7808205, 7809202]",a3b796423537e72150d4a61787878a5bb3916b12b5128393064b9e409823e3cc,10,7,7,7,0,3,0,0,0,660,42,618,0.06363636363636363,0,0.0,42,4.142857142857143,2112800,True,0,0,0,,0,0
78,TargetedFedPhoenix,1,0.125,10,update_norm,all,1,63.439998626708984,10.903584399988176,"[97, 76, 96, 72, 42, 17, 33, 51, 24, 36]","[7900232, 7901229, 7902226, 7903223, 7904220, 7905217, 7906214, 7907211, 7908208, 7909205]",33b05d3708f2def356ce8bc8871ff5f0d0221ce18637c33c1c56b6dd0c6ce425,10,8,8,8,0,2,0,0,0,650,48,602,0.07384615384615385,0,0.0,48,4.625,2112800,True,0,0,0,,0,0
79,TargetedFedPhoenix,1,0.125,10,update_norm,all,1,69.44999694824219,9.36671980000392,"[22, 47, 61, 27, 50, 96, 89, 97, 85, 30]","[8000235, 8001232, 8002229, 8003226, 8004223, 8005220, 8006217, 8007214, 8008211, 8009208]",bc69b403b6d4f54ca55aa83b1b7846648a6e78f4ace699e915792fddbf73c938,10,9,9,9,0,1,0,0,0,650,54,596,0.08307692307692308,0,0.0,54,3.7777777777777777,2112800,True,0,0,0,,0,0
80,TargetedFedPhoenix,1,0.125,10,update_norm,all,1,64.2699966430664,9.730287500002305,"[44, 70, 23, 38, 74, 21, 82, 4, 88, 98]","[8100238, 8101235, 8102232, 8103229, 8104226, 8105223, 8106220, 8107217, 8108214, 8109211]",681a875f2943653c923ac4797cb8bd39cc6e5231cb55ddb7c3bcbca6f75e9bdb,10,5,5,5,0,5,0,0,0,650,30,620,0.046153846153846156,0,0.0,30,7.8,2112800,True,0,0,0,,0,0
81,TargetedFedPhoenix,1,0.125,10,update_norm,all,1,64.97000122070312,11.541537299999618,"[90, 72, 65, 50, 85, 56, 4, 80, 31, 17]","[8200241, 8201238, 8202235, 8203232, 8204229, 8205226, 8206223, 8207220, 8208217, 8209214]",06175d0f935c2296d4e4320e0c9e2e5b373d7c0f23162f0c72d9ca6e88393635,10,8,8,8,0,2,0,0,0,650,48,602,0.07384615384615385,1,0.020833333333333332,47,4.0,2112800,True,0,0,0,,0,0
82,TargetedFedPhoenix,1,0.125,10,update_norm,all,1,68.05999755859375,8.898740999997244,"[61, 40, 41, 34, 97, 51, 50, 13, 22, 8]","[8300244, 8301241, 8302238, 8303235, 8304232, 8305229, 8306226, 8307223, 8308220, 8309217]",b7239d59ec0817f46b4f80644e8dfc7e1de16f14983eb5b4fd123c2c76cb7c22,10,7,7,7,0,3,0,0,0,650,42,608,0.06461538461538462,0,0.0,42,3.7142857142857144,2112800,True,0,0,0,,0,0
83,TargetedFedPhoenix,1,0.125,10,update_norm,all,1,69.27999877929688,9.584892799990484,"[87, 54, 63, 83, 96, 26, 0, 59, 69, 14]","[8400247, 8401244, 8402241, 8403238, 8404235, 8405232, 8406229, 8407226, 8408223, 8409220]",2a894509736ec121ee536046ff456c56c97058e01c09c6a32d39d11046962d5a,10,4,4,4,0,6,0,0,0,650,24,626,0.036923076923076927,0,0.0,24,7.5,2112800,True,0,0,0,,0,0
84,TargetedFedPhoenix,1,0.125,10,update_norm,all,1,66.02999877929688,9.967809900001157,"[58, 47, 83, 36, 8, 2, 56, 49, 10, 38]","[8500250, 8501247, 8502244, 8503241, 8504238, 8505235, 8506232, 8507229, 8508226, 8509223]",6c91370e45e38670195061fe56bb7de2ab72876b90966b2940023735999133a7,10,7,7,7,0,3,0,0,0,650,42,608,0.06461538461538462,1,0.023809523809523808,41,4.428571428571429,2112800,True,0,0,0,,0,0
85,TargetedFedPhoenix,1,0.125,10,update_norm,all,1,69.22000122070312,10.088771099995938,"[89, 90, 81, 54, 59, 4, 53, 47, 52, 19]","[8600253, 8601250, 8602247, 8603244, 8604241, 8605238, 8606235, 8607232, 8608229, 8609226]",39046265b13a5c96868cac47371b0444a9395956a023f81a1235093f7c677270,10,6,6,6,0,4,0,0,0,650,36,614,0.055384615384615386,1,0.027777777777777776,35,3.1666666666666665,2112800,True,0,0,0,,0,0
86,TargetedFedPhoenix,1,0.125,10,update_norm,all,1,65.95999908447266,10.72615049999149,"[24, 13, 81, 73, 19, 55, 40, 76, 57, 96]","[8700256, 8701253, 8702250, 8703247, 8704244, 8705241, 8706238, 8707235, 8708232, 8709229]",d49419e6071a8b8bd20de5620e8972d4e27284551bcd755c96927fa06d9071a4,10,8,8,8,0,2,0,0,0,650,48,602,0.07384615384615385,0,0.0,48,4.875,2112800,True,0,0,0,,0,0
87,TargetedFedPhoenix,1,0.125,10,update_norm,all,1,69.47000122070312,10.111446599999908,"[31, 75, 94, 20, 87, 26, 29, 70, 2, 50]","[8800259, 8801256, 8802253, 8803250, 8804247, 8805244, 8806241, 8807238, 8808235, 8809232]",4f231d619dfe389b2bceb295d10034fbbc2ae5b51766aa6f6856b2df7b0a3118,10,6,6,6,0,4,0,0,0,650,36,614,0.055384615384615386,0,0.0,36,4.833333333333333,2112800,True,0,0,0,,0,0
88,TargetedFedPhoenix,1,0.125,10,update_norm,all,1,69.86000061035156,9.99838639999507,"[0, 9, 46, 37, 72, 83, 73, 16, 55, 27]","[8900262, 8901259, 8902256, 8903253, 8904250, 8905247, 8906244, 8907241, 8908238, 8909235]",6714e2d56ac977789f512b9828709a35c5d0bd906f7a7f054affd787d5a1fbdd,10,6,6,6,0,4,0,0,0,650,36,614,0.055384615384615386,0,0.0,36,4.833333333333333,2112800,True,0,0,0,,0,0
89,TargetedFedPhoenix,1,0.125,10,update_norm,all,1,71.11000061035156,12.459315100000822,"[80, 29, 9, 50, 26, 81, 48, 82, 37, 15]","[9000265, 9001262, 9002259, 9003256, 9004253, 9005250, 9006247, 9007244, 9008241, 9009238]",681a84db72d5ab8a6ea7fb0741ca77af98e3c4c37bdd2fde898705cad3be5ae6,10,8,8,8,0,2,0,0,0,650,48,602,0.07384615384615385,0,0.0,48,3.5,2112800,True,0,0,0,,0,0
90,TargetedFedPhoenix,1,0.125,10,update_norm,all,1,70.20999908447266,11.109499099999084,"[82, 6, 87, 74, 29, 50, 62, 67, 12, 83]","[9100268, 9101265, 9102262, 9103259, 9104256, 9105253, 9106250, 9107247, 9108244, 9109241]",459c820ec49515617e9a04dd1dc0941e5460fc124a770efc8407237835b6e6d1,10,6,6,6,0,4,0,0,0,650,36,614,0.055384615384615386,0,0.0,36,3.0,2112800,True,0,0,0,,0,0
91,TargetedFedPhoenix,1,0.125,10,update_norm,all,1,70.02999877929688,11.572466400000849,"[36, 75, 89, 43, 12, 21, 95, 72, 24, 63]","[9200271, 9201268, 9202265, 9203262, 9204259, 9205256, 9206253, 9207250, 9208247, 9209244]",52b28fbb8f76644d17dbd8d0ffa162f6954475a122026d45871f49f1381d6097,10,7,7,7,0,3,0,0,0,650,42,608,0.06461538461538462,0,0.0,42,4.857142857142857,2112800,True,0,0,0,,0,0
92,TargetedFedPhoenix,1,0.125,10,update_norm,all,1,68.91000366210938,12.050215600000229,"[34, 15, 31, 94, 46, 70, 19, 80, 6, 88]","[9300274, 9301271, 9302268, 9303265, 9304262, 9305259, 9306256, 9307253, 9308250, 9309247]",1997f1b423e53a4d63f563ee0781cb05f415df295f41c68520a8c7717b85fc0a,10,9,9,9,0,1,0,0,0,650,54,596,0.08307692307692308,1,0.018518518518518517,53,4.777777777777778,2112800,True,0,0,0,,0,0
93,TargetedFedPhoenix,1,0.125,10,update_norm,all,1,67.97000122070312,10.226077300001634,"[70, 92, 72, 77, 23, 53, 1, 12, 97, 93]","[9400277, 9401274, 9402271, 9403268, 9404265, 9405262, 9406259, 9407256, 9408253, 9409250]",b5447f80392159add50aa559bce9c28a5c5835226ac265163848e2a9ed55faf8,10,4,4,4,0,6,0,0,0,650,24,626,0.036923076923076927,0,0.0,24,3.25,2112800,True,0,0,0,,0,0
94,TargetedFedPhoenix,1,0.125,10,update_norm,all,1,67.30999755859375,11.009706999990158,"[13, 38, 36, 14, 57, 77, 66, 73, 3, 0]","[9500280, 9501277, 9502274, 9503271, 9504268, 9505265, 9506262, 9507259, 9508256, 9509253]",f693324ddbf106b5bfa0b2091a9f76cfa772be7b6f757e9ec1f974d09204e727,10,7,7,7,0,3,0,0,0,650,42,608,0.06461538461538462,1,0.023809523809523808,41,6.0,2112800,True,0,0,0,,0,0
95,TargetedFedPhoenix,1,0.125,10,update_norm,all,1,70.08999633789062,11.40323549999448,"[13, 19, 10, 24, 76, 57, 88, 23, 61, 31]","[9600283, 9601280, 9602277, 9603274, 9604271, 9605268, 9606265, 9607262, 9608259, 9609256]",70008f6a1b69e923db517423cda70c8e5e686f1cfeea819ec84619a5061dacd6,10,8,8,8,0,2,0,0,0,650,48,602,0.07384615384615385,1,0.020833333333333332,47,3.25,2112800,True,0,0,0,,0,0
96,TargetedFedPhoenix,1,0.125,10,update_norm,all,1,67.88999938964844,9.60213990000193,"[18, 45, 94, 24, 56, 67, 10, 14, 13, 9]","[9700286, 9701283, 9702280, 9703277, 9704274, 9705271, 9706268, 9707265, 9708262, 9709259]",b05a70fe1d65aa7d2f56d81c07069d7080bd3f3c9a744b3f39e738afad2d6e17,10,7,7,7,0,3,0,0,0,650,42,608,0.06461538461538462,1,0.023809523809523808,41,3.142857142857143,2112800,True,0,0,0,,0,0
97,TargetedFedPhoenix,1,0.125,10,update_norm,all,1,64.22000122070312,8.439296900003683,"[13, 48, 73, 93, 70, 1, 43, 77, 76, 88]","[9800289, 9801286, 9802283, 9803280, 9804277, 9805274, 9806271, 9807268, 9808265, 9809262]",0ac21264dca5dc0a965341c8ea28a2791b56ed783a7aa74f376ba9b5e89eced3,10,10,10,10,0,0,0,0,0,650,60,590,0.09230769230769231,2,0.03333333333333333,58,3.7,2112800,True,0,0,0,,0,0
98,TargetedFedPhoenix,1,0.125,10,update_norm,all,1,64.66000366210938,10.230245300001116,"[21, 45, 83, 68, 75, 65, 96, 1, 77, 73]","[9900292, 9901289, 9902286, 9903283, 9904280, 9905277, 9906274, 9907271, 9908268, 9909265]",7f98a8c8a2aa88efad31dd38b667a7dd0837d1ae89280b2d34e8187ea6dad1fc,10,7,7,7,0,3,0,0,0,650,42,608,0.06461538461538462,1,0.023809523809523808,41,3.857142857142857,2112800,True,0,0,0,,0,0
99,TargetedFedPhoenix,1,0.125,10,update_norm,all,1,62.779998779296875,10.218621300009545,"[81, 84, 60, 18, 45, 47, 94, 83, 76, 22]","[10000295, 10001292, 10002289, 10003286, 10004283, 10005280, 10006277, 10007274, 10008271, 10009268]",c59bb7795e6038bdcc1a855f51e28090e897637317863e291a910b7bdcd90df9,10,6,6,6,0,4,0,0,0,650,36,614,0.055384615384615386,1,0.027777777777777776,35,3.3333333333333335,2112800,True,0,0,0,,0,0
100,TargetedFedPhoenix,1,0.125,10,update_norm,all,1,63.529998779296875,13.37063560000388,"[21, 69, 47, 34, 65, 81, 93, 44, 30, 84]","[10100298, 10101295, 10102292, 10103289, 10104286, 10105283, 10106280, 10107277, 10108274, 10109271]",816822ee7cfa5495181f0cf8d5ce3dcbbd44da6db45211599eb317ed8b480e51,10,7,7,7,0,3,0,0,0,650,42,608,0.06461538461538462,1,0.023809523809523808,41,2.5714285714285716,2112800,True,0,0,0,,0,0
101,TargetedFedPhoenix,1,0.125,10,update_norm,all,1,68.93000030517578,9.633756199997151,"[22, 38, 77, 15, 11, 61, 37, 34, 87, 3]","[10200301, 10201298, 10202295, 10203292, 10204289, 10205286, 10206283, 10207280, 10208277, 10209274]",c617657b1076f46e1a45cd61cc1d8ba8dc7acba0a6bae408def2a3c1bac89f5c,10,7,7,7,0,3,0,0,0,650,42,608,0.06461538461538462,3,0.07142857142857142,39,5.0,2112800,True,0,0,0,,0,0
102,TargetedFedPhoenix,1,0.125,10,update_norm,all,1,73.02999877929688,10.046554200001992,"[96, 9, 26, 58, 69, 44, 13, 93, 61, 43]","[10300304, 10301301, 10302298, 10303295, 10304292, 10305289, 10306286, 10307283, 10308280, 10309277]",0a55737437f817ab575dac5bd1206a7c7eea8ca12f7453107b5fc3826cd781ab,10,8,8,8,0,2,0,0,0,650,48,602,0.07384615384615385,0,0.0,48,3.375,2112800,True,0,0,0,,0,0
103,TargetedFedPhoenix,1,0.125,10,update_norm,all,1,73.36000061035156,9.271033900004113,"[13, 34, 27, 16, 72, 98, 14, 19, 9, 46]","[10400307, 10401304, 10402301, 10403298, 10404295, 10405292, 10406289, 10407286, 10408283, 10409280]",6fa85f22d7d84a28782f0facec01059bd7ef0421b5a967b6fa3328b6e623a473,10,6,6,6,0,4,0,0,0,650,36,614,0.055384615384615386,1,0.027777777777777776,35,4.833333333333333,2112800,True,0,0,0,,0,0
104,TargetedFedPhoenix,1,0.125,10,update_norm,all,1,70.54000091552734,12.387043700000504,"[29, 72, 81, 80, 68, 85, 14, 0, 93, 52]","[10500310, 10501307, 10502304, 10503301, 10504298, 10505295, 10506292, 10507289, 10508286, 10509283]",500d3427bb0fb310edd1bd56e163937d5bd71d0708413975d0bb6e1208bba9c9,10,6,6,6,0,4,0,0,0,650,36,614,0.055384615384615386,1,0.027777777777777776,35,4.0,2112800,True,0,0,0,,0,0
105,TargetedFedPhoenix,1,0.125,10,update_norm,all,1,69.56999969482422,11.41060319999815,"[17, 69, 35, 86, 83, 84, 23, 56, 89, 60]","[10600313, 10601310, 10602307, 10603304, 10604301, 10605298, 10606295, 10607292, 10608289, 10609286]",8ee4c0bb7363721a2aaae99fdb923d7e6e349799f2d943894762301b731b309f,10,6,6,6,0,4,0,0,0,650,36,614,0.055384615384615386,0,0.0,36,6.5,2112800,True,0,0,0,,0,0
106,TargetedFedPhoenix,1,0.125,10,update_norm,all,1,69.97000122070312,11.09175970000797,"[94, 79, 36, 8, 19, 16, 13, 30, 25, 3]","[10700316, 10701313, 10702310, 10703307, 10704304, 10705301, 10706298, 10707295, 10708292, 10709289]",cfcea41f4df555a46b2af202b675733386b2429312e338fd7335021025af2b91,10,6,6,6,0,4,0,0,0,650,36,614,0.055384615384615386,1,0.027777777777777776,35,4.5,2112800,True,0,0,0,,0,0
107,TargetedFedPhoenix,1,0.125,10,update_norm,all,1,52.290000915527344,10.53114910000295,"[45, 82, 32, 52, 17, 96, 6, 57, 67, 74]","[10800319, 10801316, 10802313, 10803310, 10804307, 10805304, 10806301, 10807298, 10808295, 10809292]",80dc422e3a6c21e76913222c8e37fcc267fe6fa7d88d3c89ec8a7e37fc26970e,10,4,4,4,0,6,0,0,0,650,24,626,0.036923076923076927,0,0.0,24,4.5,2112800,True,0,0,0,,0,0
108,TargetedFedPhoenix,1,0.125,10,update_norm,all,1,71.31999969482422,9.013964900004794,"[61, 20, 59, 99, 39, 42, 73, 53, 45, 8]","[10900322, 10901319, 10902316, 10903313, 10904310, 10905307, 10906304, 10907301, 10908298, 10909295]",685cea255bdbf916ebaa793dd61eb2888cf27506d8fe2be23d4c823d3dc6c25d,10,4,4,4,0,6,0,0,0,650,24,626,0.036923076923076927,1,0.041666666666666664,23,4.75,2112800,True,0,0,0,,0,0
109,TargetedFedPhoenix,1,0.125,10,update_norm,all,1,72.30999755859375,10.252162999997381,"[60, 38, 5, 54, 66, 33, 80, 83, 9, 4]","[11000325, 11001322, 11002319, 11003316, 11004313, 11005310, 11006307, 11007304, 11008301, 11009298]",aa17ac765b9dc5b15aad6cd54b2ab569b8661ef1ee4c006e8e41655559f15793,10,5,5,5,0,5,0,0,0,650,30,620,0.046153846153846156,2,0.06666666666666667,28,5.4,2112800,True,0,0,0,,0,0
110,TargetedFedPhoenix,1,0.125,10,update_norm,all,1,72.6500015258789,9.70645759999752,"[39, 44, 62, 4, 42, 25, 0, 45, 29, 93]","[11100328, 11101325, 11102322, 11103319, 11104316, 11105313, 11106310, 11107307, 11108304, 11109301]",9cca3178037e6eff3462b06985353de448b20bba56ad9493e848bf07bf2887e0,10,9,9,9,0,1,0,0,0,650,54,596,0.08307692307692308,1,0.018518518518518517,53,4.111111111111111,2112800,True,0,0,0,,0,0
111,TargetedFedPhoenix,1,0.125,10,update_norm,all,1,72.12999725341797,8.79502269999648,"[96, 54, 19, 97, 92, 31, 81, 2, 24, 9]","[11200331, 11201328, 11202325, 11203322, 11204319, 11205316, 11206313, 11207310, 11208307, 11209304]",791c83524ed71892e1202a2c39a3859b194dc22f3a83cc8c435fb7ec27a570fe,10,5,5,5,0,5,0,0,0,650,30,620,0.046153846153846156,1,0.03333333333333333,29,4.0,2112800,True,0,0,0,,0,0
112,TargetedFedPhoenix,1,0.125,10,update_norm,all,1,70.01000213623047,11.499636699998518,"[9, 19, 7, 49, 45, 35, 80, 85, 40, 89]","[11300334, 11301331, 11302328, 11303325, 11304322, 11305319, 11306316, 11307313, 11308310, 11309307]",3aa4678b2af6f50d230b7cc0b207701101090d6a15aae4d50898dfcbcb8550da,10,7,7,7,0,3,0,0,0,650,42,608,0.06461538461538462,0,0.0,42,4.142857142857143,2112800,True,0,0,0,,0,0
113,TargetedFedPhoenix,1,0.125,10,update_norm,all,1,69.08999633789062,9.563224700003047,"[73, 66, 18, 74, 33, 2, 87, 29, 98, 91]","[11400337, 11401334, 11402331, 11403328, 11404325, 11405322, 11406319, 11407316, 11408313, 11409310]",565c33f4d846fcae2f561495e2554c8cbe5a6c245bfe8d7df7b5f6a4367feee2,10,7,7,7,0,3,0,0,0,650,42,608,0.06461538461538462,0,0.0,42,4.857142857142857,2112800,True,0,0,0,,0,0
114,TargetedFedPhoenix,1,0.125,10,update_norm,all,1,69.98999786376953,10.342424300004495,"[40, 31, 27, 50, 71, 81, 99, 97, 73, 49]","[11500340, 11501337, 11502334, 11503331, 11504328, 11505325, 11506322, 11507319, 11508316, 11509313]",d61259a6897c2a8e0086144cdd8d0a3d9694d89a0971a365563eeeeb0d3327e6,10,7,7,7,0,3,0,0,0,650,42,608,0.06461538461538462,0,0.0,42,2.857142857142857,2112800,True,0,0,0,,0,0
115,TargetedFedPhoenix,1,0.125,10,update_norm,all,1,57.5,7.555789599995478,"[61, 64, 42, 88, 27, 95, 92, 50, 45, 85]","[11600343, 11601340, 11602337, 11603334, 11604331, 11605328, 11606325, 11607322, 11608319, 11609316]",45521081727a44248ad618e12097c310b75b12b6d373d67b785db1c0604c36cc,10,7,7,7,0,3,0,0,0,650,42,608,0.06461538461538462,1,0.023809523809523808,41,3.4285714285714284,2112800,True,0,0,0,,0,0
116,TargetedFedPhoenix,1,0.125,10,update_norm,all,1,74.47000122070312,8.385491099994397,"[27, 8, 49, 32, 15, 35, 70, 59, 31, 30]","[11700346, 11701343, 11702340, 11703337, 11704334, 11705331, 11706328, 11707325, 11708322, 11709319]",220dec926984939c73db45ba99d41f665cb063af2df654a310b8181535c875f6,10,8,8,8,0,2,0,0,0,650,48,602,0.07384615384615385,0,0.0,48,5.5,2112800,True,0,0,0,,0,0
117,TargetedFedPhoenix,1,0.125,10,update_norm,all,1,64.26000213623047,9.029432199997245,"[69, 35, 52, 51, 26, 15, 76, 48, 98, 12]","[11800349, 11801346, 11802343, 11803340, 11804337, 11805334, 11806331, 11807328, 11808325, 11809322]",82c795ff7cb51a18db3a9f5d6ff743eabcdb9188fb4b7b948c84e8441999dc5d,10,4,4,4,0,6,0,0,0,650,24,626,0.036923076923076927,0,0.0,24,4.0,2112800,True,0,0,0,,0,0
118,TargetedFedPhoenix,1,0.125,10,update_norm,all,1,72.87999725341797,12.250460000010207,"[46, 57, 0, 86, 26, 80, 73, 20, 63, 98]","[11900352, 11901349, 11902346, 11903343, 11904340, 11905337, 11906334, 11907331, 11908328, 11909325]",768cd6f1d8a47bcbb6e993615b48717649f0f5395263192d9b19747bef14ba4e,10,6,6,6,0,4,0,0,0,650,36,614,0.055384615384615386,1,0.027777777777777776,35,5.0,2112800,True,0,0,0,,0,0
119,TargetedFedPhoenix,1,0.125,10,update_norm,all,1,74.16999816894531,9.491417699988233,"[81, 6, 64, 84, 20, 2, 8, 4, 66, 92]","[12000355, 12001352, 12002349, 12003346, 12004343, 12005340, 12006337, 12007334, 12008331, 12009328]",5838fb2dd8b8acc31f3f49aa3747a84434b60029e4186c02ae8c21fa99fc6320,10,8,8,8,0,2,0,0,0,650,48,602,0.07384615384615385,3,0.0625,45,4.75,2112800,True,0,0,0,,0,0
120,TargetedFedPhoenix,1,0.125,10,update_norm,all,1,70.2300033569336,9.510121599989361,"[61, 34, 64, 11, 96, 18, 82, 52, 72, 92]","[12100358, 12101355, 12102352, 12103349, 12104346, 12105343, 12106340, 12107337, 12108334, 12109331]",babee841525ffebbfdadb1989caca69694dff18853f789d5539386dfc001698e,10,6,6,6,0,4,0,0,0,650,36,614,0.055384615384615386,0,0.0,36,4.333333333333333,2112800,True,0,0,0,,0,0
121,TargetedFedPhoenix,1,0.125,10,update_norm,all,1,73.12000274658203,11.748111600012635,"[93, 68, 94, 13, 36, 11, 5, 1, 40, 7]","[12200361, 12201358, 12202355, 12203352, 12204349, 12205346, 12206343, 12207340, 12208337, 12209334]",1c03dec400e858de7eb7f708437d6a9a60e3b926acc93252c3e27a789ffdfe0a,10,3,3,3,0,7,0,0,0,650,18,632,0.027692307692307693,1,0.05555555555555555,17,5.666666666666667,2112800,True,0,0,0,,0,0
122,TargetedFedPhoenix,1,0.125,10,update_norm,all,1,69.79000091552734,9.692247600003611,"[73, 64, 37, 69, 31, 48, 77, 41, 53, 75]","[12300364, 12301361, 12302358, 12303355, 12304352, 12305349, 12306346, 12307343, 12308340, 12309337]",178a46810bba8c78133d9c96c09b6fdc803fcd721d22638221623d22ac7699f8,10,5,5,5,0,5,0,0,0,650,30,620,0.046153846153846156,0,0.0,30,4.4,2112800,True,0,0,0,,0,0
123,TargetedFedPhoenix,1,0.125,10,update_norm,all,1,70.73999786376953,8.98142939999525,"[46, 43, 84, 11, 66, 92, 16, 19, 96, 37]","[12400367, 12401364, 12402361, 12403358, 12404355, 12405352, 12406349, 12407346, 12408343, 12409340]",950c78a531cd2557a5b9c88b60c3234111c0e0ca9885ddc12f74ce7d20acc2cf,10,7,7,7,0,3,0,0,0,650,42,608,0.06461538461538462,1,0.023809523809523808,41,3.142857142857143,2112800,True,0,0,0,,0,0
124,TargetedFedPhoenix,1,0.125,10,update_norm,all,1,64.44000244140625,8.485342400002992,"[43, 96, 9, 0, 74, 19, 1, 23, 38, 66]","[12500370, 12501367, 12502364, 12503361, 12504358, 12505355, 12506352, 12507349, 12508346, 12509343]",52719cb61fc16364e63175054de2bea646b7078ddff7ac002287f41a7d68d1df,10,6,6,6,0,4,0,0,0,650,36,614,0.055384615384615386,1,0.027777777777777776,35,2.1666666666666665,2112800,True,0,0,0,,0,0
125,TargetedFedPhoenix,1,0.125,10,update_norm,all,1,66.5999984741211,10.066164300005767,"[27, 62, 32, 10, 22, 72, 64, 25, 86, 60]","[12600373, 12601370, 12602367, 12603364, 12604361, 12605358, 12606355, 12607352, 12608349, 12609346]",68aa1d7890bfc30f509d77bdb7a7645648a3414a77c641dfe98c5f0a455c101f,10,5,5,5,0,5,0,0,0,650,30,620,0.046153846153846156,0,0.0,30,6.6,2112800,True,0,0,0,,0,0
126,TargetedFedPhoenix,1,0.125,10,update_norm,all,1,65.30000305175781,10.61254810000537,"[84, 7, 64, 76, 15, 46, 27, 47, 40, 69]","[12700376, 12701373, 12702370, 12703367, 12704364, 12705361, 12706358, 12707355, 12708352, 12709349]",e92c7c09dd3e29416bd6985004c758e4871cb329a358fd38d76585d644bd59c8,10,9,9,9,0,1,0,0,0,650,54,596,0.08307692307692308,0,0.0,54,4.444444444444445,2112800,True,0,0,0,,0,0
127,TargetedFedPhoenix,1,0.125,10,update_norm,all,1,71.55999755859375,11.573112700003549,"[75, 97, 79, 87, 11, 7, 37, 92, 41, 12]","[12800379, 12801376, 12802373, 12803370, 12804367, 12805364, 12806361, 12807358, 12808355, 12809352]",eb818cc354ebc9fb5fdfa0db55b6745eb1f580148b610a9d49675c816ad56b3a,10,7,7,7,0,3,0,0,0,650,42,608,0.06461538461538462,2,0.047619047619047616,40,4.714285714285714,2112800,True,0,0,0,,0,0
128,TargetedFedPhoenix,1,0.125,10,update_norm,all,1,69.80000305175781,10.346425900002941,"[78, 4, 17, 21, 76, 74, 19, 61, 45, 86]","[12900382, 12901379, 12902376, 12903373, 12904370, 12905367, 12906364, 12907361, 12908358, 12909355]",f7093d02926e6b88be9de653425c26fde22f2f45a7c78501ab8b80f88ebb8b58,10,6,6,6,0,4,0,0,0,650,36,614,0.055384615384615386,1,0.027777777777777776,35,5.0,2112800,True,0,0,0,,0,0
129,TargetedFedPhoenix,1,0.125,10,update_norm,all,1,75.7699966430664,13.069210000001476,"[23, 41, 75, 36, 26, 49, 95, 16, 93, 72]","[13000385, 13001382, 13002379, 13003376, 13004373, 13005370, 13006367, 13007364, 13008361, 13009358]",c9b145060d22ba44f7326db8f88fa4b2dd2ee953c228425cdbc31d95d1d91ca5,10,7,7,7,0,3,0,0,0,650,42,608,0.06461538461538462,0,0.0,42,5.0,2112800,True,0,0,0,,0,0
130,TargetedFedPhoenix,1,0.125,10,update_norm,all,1,68.69999694824219,11.619317699995008,"[59, 53, 65, 8, 68, 35, 13, 55, 23, 97]","[13100388, 13101385, 13102382, 13103379, 13104376, 13105373, 13106370, 13107367, 13108364, 13109361]",f703bd04fb183960955a7f3cbacdfff014af892e9fc94147d2bd66884cd08596,10,5,5,5,0,5,0,0,0,650,30,620,0.046153846153846156,1,0.03333333333333333,29,6.0,2112800,True,0,0,0,,0,0
131,TargetedFedPhoenix,1,0.125,10,update_norm,all,1,67.0,8.649962600000435,"[74, 98, 22, 45, 97, 87, 92, 71, 47, 79]","[13200391, 13201388, 13202385, 13203382, 13204379, 13205376, 13206373, 13207370, 13208367, 13209364]",3899b9ee1fd763a0b55620ba3a63b52327b9485e961d949f87e9d702b89a34ff,10,8,8,8,0,2,0,0,0,650,48,602,0.07384615384615385,1,0.020833333333333332,47,3.75,2112800,True,0,0,0,,0,0
132,TargetedFedPhoenix,1,0.125,10,update_norm,all,1,75.18000030517578,10.465952799990191,"[35, 70, 59, 49, 36, 91, 82, 50, 26, 72]","[13300394, 13301391, 13302388, 13303385, 13304382, 13305379, 13306376, 13307373, 13308370, 13309367]",ae723ca700d875722376e2ab62c23695e8ec3b258deede4a76b699f7f6f1f4ce,10,6,6,6,0,4,0,0,0,650,36,614,0.055384615384615386,1,0.027777777777777776,35,2.6666666666666665,2112800,True,0,0,0,,0,0
133,TargetedFedPhoenix,1,0.125,10,update_norm,all,1,71.16999816894531,9.875363700004527,"[22, 83, 75, 29, 66, 48, 12, 10, 86, 1]","[13400397, 13401394, 13402391, 13403388, 13404385, 13405382, 13406379, 13407376, 13408373, 13409370]",3e842a796c93f23a73136798d9ff6cd87a055c84011e732103a955b8f83c9c38,10,7,7,7,0,3,0,0,0,650,42,608,0.06461538461538462,0,0.0,42,6.142857142857143,2112800,True,0,0,0,,0,0
134,TargetedFedPhoenix,1,0.125,10,update_norm,all,1,74.26000213623047,14.085591199996998,"[76, 33, 40, 59, 65, 63, 73, 36, 99, 82]","[13500400, 13501397, 13502394, 13503391, 13504388, 13505385, 13506382, 13507379, 13508376, 13509373]",6a29fd8d8d11d55a99ea85777577b070200ae7d529f357c302a30928c190709b,10,6,6,6,0,4,0,0,0,650,36,614,0.055384615384615386,0,0.0,36,4.0,2112800,True,0,0,0,,0,0
135,TargetedFedPhoenix,1,0.125,10,update_norm,all,1,67.4800033569336,9.796415799995884,"[85, 88, 54, 40, 70, 67, 86, 38, 58, 42]","[13600403, 13601400, 13602397, 13603394, 13604391, 13605388, 13606385, 13607382, 13608379, 13609376]",4c70130efeaea8fd57ee692ea6773ca62ab3d2a26b13bda7cb6cb51a0fc164bb,10,3,3,3,0,7,0,0,0,650,18,632,0.027692307692307693,0,0.0,18,2.0,2112800,True,0,0,0,,0,0
136,TargetedFedPhoenix,1,0.125,10,update_norm,all,1,67.48999786376953,9.460282999993069,"[89, 56, 12, 90, 94, 86, 19, 78, 92, 59]","[13700406, 13701403, 13702400, 13703397, 13704394, 13705391, 13706388, 13707385, 13708382, 13709379]",36c1d33f5a43f4841d32c3566c14ddf70a32866967144a6f58f9c7688fbaefa0,10,6,6,6,0,4,0,0,0,650,36,614,0.055384615384615386,0,0.0,36,4.5,2112800,True,0,0,0,,0,0
137,TargetedFedPhoenix,1,0.125,10,update_norm,all,1,71.87000274658203,12.625294099998428,"[7, 94, 69, 44, 50, 26, 75, 24, 33, 18]","[13800409, 13801406, 13802403, 13803400, 13804397, 13805394, 13806391, 13807388, 13808385, 13809382]",adf8331d9c5f65a54a120152c4cbb11381d3d8d3e026ed5be22291957160b398,10,6,6,6,0,4,0,0,0,650,36,614,0.055384615384615386,1,0.027777777777777776,35,4.666666666666667,2112800,True,0,0,0,,0,0
138,TargetedFedPhoenix,1,0.125,10,update_norm,all,1,74.18000030517578,10.484321900003124,"[89, 75, 84, 93, 35, 71, 19, 63, 59, 94]","[13900412, 13901409, 13902406, 13903403, 13904400, 13905397, 13906394, 13907391, 13908388, 13909385]",8dac83e67f470c20d9cce6336e1db41f87a5ef0f92f0759b6fd648137e6ab034,10,9,9,9,0,1,0,0,0,650,54,596,0.08307692307692308,2,0.037037037037037035,52,3.7777777777777777,2112800,True,0,0,0,,0,0
139,TargetedFedPhoenix,1,0.125,10,update_norm,all,1,71.22000122070312,9.3702154999919,"[54, 66, 17, 43, 53, 40, 76, 1, 4, 81]","[14000415, 14001412, 14002409, 14003406, 14004403, 14005400, 14006397, 14007394, 14008391, 14009388]",662facdbe64b43b2ecb30718b2762ebcccbd23dcb3a7434723e3ecd0e6fd8643,10,6,6,6,0,4,0,0,0,650,36,614,0.055384615384615386,1,0.027777777777777776,35,5.666666666666667,2112800,True,0,0,0,,0,0
140,TargetedFedPhoenix,1,0.125,10,update_norm,all,1,73.19999694824219,10.968522700000904,"[52, 51, 97, 7, 41, 61, 29, 88, 49, 26]","[14100418, 14101415, 14102412, 14103409, 14104406, 14105403, 14106400, 14107397, 14108394, 14109391]",8016f3864a69fa51f3ae1edf9f27cf025e182672c0ed799ff6fc8f301d911f22,10,6,6,6,0,4,0,0,0,650,36,614,0.055384615384615386,0,0.0,36,5.833333333333333,2112800,True,0,0,0,,0,0
141,TargetedFedPhoenix,1,0.125,10,update_norm,all,1,72.72000122070312,10.346879100005026,"[21, 47, 20, 59, 85, 2, 99, 70, 54, 50]","[14200421, 14201418, 14202415, 14203412, 14204409, 14205406, 14206403, 14207400, 14208397, 14209394]",8564dc19a4da8e96ba302f0b5fb59b6a02c9aa41f0032d0fc3748f5fdc78898a,10,7,7,7,0,3,0,0,0,650,42,608,0.06461538461538462,0,0.0,42,5.428571428571429,2112800,True,0,0,0,,0,0
142,TargetedFedPhoenix,1,0.125,10,update_norm,all,1,66.88999938964844,13.971548000001349,"[65, 98, 79, 6, 58, 92, 19, 37, 33, 75]","[14300424, 14301421, 14302418, 14303415, 14304412, 14305409, 14306406, 14307403, 14308400, 14309397]",9243931e597f44fe5e8e6222500771cb388f5313c7eef1e5b66877674f849561,10,6,6,6,0,4,0,0,0,650,36,614,0.055384615384615386,1,0.027777777777777776,35,5.666666666666667,2112800,True,0,0,0,,0,0
143,TargetedFedPhoenix,1,0.125,10,update_norm,all,1,66.4800033569336,9.924645099992631,"[44, 84, 56, 0, 69, 15, 66, 78, 42, 95]","[14400427, 14401424, 14402421, 14403418, 14404415, 14405412, 14406409, 14407406, 14408403, 14409400]",3acf218a5260cc15eae9c68545ac2c5e4881655f815acc5741912cceb53d89b8,10,7,7,7,0,3,0,0,0,650,42,608,0.06461538461538462,1,0.023809523809523808,41,6.142857142857143,2112800,True,0,0,0,,0,0
144,TargetedFedPhoenix,1,0.125,10,update_norm,all,1,75.08000183105469,12.225759500011918,"[36, 20, 53, 26, 80, 67, 25, 37, 39, 10]","[14500430, 14501427, 14502424, 14503421, 14504418, 14505415, 14506412, 14507409, 14508406, 14509403]",6728b03da9def2bca70b5b2d5a24514b7dd9f5c9e6d1711eb2abd9d994a052ad,10,6,6,6,0,4,0,0,0,650,36,614,0.055384615384615386,1,0.027777777777777776,35,5.5,2112800,True,0,0,0,,0,0
145,TargetedFedPhoenix,1,0.125,10,update_norm,all,1,67.7300033569336,12.18051779999223,"[54, 62, 65, 69, 82, 46, 64, 70, 59, 11]","[14600433, 14601430, 14602427, 14603424, 14604421, 14605418, 14606415, 14607412, 14608409, 14609406]",ccd5343ceb53f6d1380a2d4f8ac4253cf16e615834a1f8f47753e64ca75b875e,10,5,5,5,0,5,0,0,0,650,30,620,0.046153846153846156,0,0.0,30,3.4,2112800,True,0,0,0,,0,0
146,TargetedFedPhoenix,1,0.125,10,update_norm,all,1,66.81999969482422,10.310649200007902,"[78, 89, 64, 25, 85, 9, 57, 41, 97, 45]","[14700436, 14701433, 14702430, 14703427, 14704424, 14705421, 14706418, 14707415, 14708412, 14709409]",c05cbc0d6003846482cb004c2a996dc7fee4eec4b5c41b6c78f1209e59bcf038,10,7,7,7,0,3,0,0,0,650,42,608,0.06461538461538462,0,0.0,42,4.428571428571429,2112800,True,0,0,0,,0,0
147,TargetedFedPhoenix,1,0.125,10,update_norm,all,1,72.94999694824219,10.26024519999919,"[32, 8, 70, 41, 12, 19, 88, 20, 98, 33]","[14800439, 14801436, 14802433, 14803430, 14804427, 14805424, 14806421, 14807418, 14808415, 14809412]",6cf3f46bb41c024a57d714dfaee3919309b028208f09bc163441700b6b3c8589,10,7,7,7,0,3,0,0,0,650,42,608,0.06461538461538462,0,0.0,42,4.0,2112800,True,0,0,0,,0,0
148,TargetedFedPhoenix,1,0.125,10,update_norm,all,1,69.62999725341797,11.536151399996015,"[50, 29, 81, 33, 44, 69, 2, 68, 93, 85]","[14900442, 14901439, 14902436, 14903433, 14904430, 14905427, 14906424, 14907421, 14908418, 14909415]",b37a4c0c0b169ed3a0b478e1eab8d9d1b863dd5dd568408204097fc77163688a,10,9,9,9,0,1,0,0,0,650,54,596,0.08307692307692308,0,0.0,54,5.777777777777778,2112800,True,0,0,0,,0,0
149,TargetedFedPhoenix,1,0.125,10,update_norm,all,1,65.1500015258789,9.94679349999933,"[5, 84, 70, 73, 31, 62, 69, 13, 86, 74]","[15000445, 15001442, 15002439, 15003436, 15004433, 15005430, 15006427, 15007424, 15008421, 15009418]",ec6221f5491ce285706f41ab6a24c85efb5799cf834119b0698ce70d4a4f0713,10,4,4,4,0,6,0,0,0,650,24,626,0.036923076923076927,0,0.0,24,3.25,2112800,True,0,0,0,,0,0
150,TargetedFedPhoenix,1,0.125,10,update_norm,all,1,75.31999969482422,10.079555000003893,"[69, 9, 41, 83, 76, 63, 34, 67, 36, 87]","[15100448, 15101445, 15102442, 15103439, 15104436, 15105433, 15106430, 15107427, 15108424, 15109421]",3fe66b455c77a8c05f50d55eef7c2dd1147785e52a6446ca68e26208c825392c,10,5,5,5,0,5,0,0,0,650,30,620,0.046153846153846156,1,0.03333333333333333,29,4.0,2112800,True,0,0,0,,0,0
151,TargetedFedPhoenix,1,0.125,10,update_norm,all,1,63.029998779296875,10.121361900004558,"[40, 77, 95, 52, 25, 38, 46, 47, 93, 88]","[15200451, 15201448, 15202445, 15203442, 15204439, 15205436, 15206433, 15207430, 15208427, 15209424]",6b84788bb40ded63ec9d096a0e83bbee79370ed486ac53cf341471664be2ee02,10,6,6,6,0,4,0,0,0,650,36,614,0.055384615384615386,2,0.05555555555555555,34,6.0,2112800,True,0,0,0,,0,0
152,TargetedFedPhoenix,1,0.125,10,update_norm,all,1,69.16999816894531,12.062590600005933,"[14, 22, 87, 6, 15, 36, 37, 44, 48, 38]","[15300454, 15301451, 15302448, 15303445, 15304442, 15305439, 15306436, 15307433, 15308430, 15309427]",19bae44a7365c75c681610de6eb8fbab29dbfd86c68d428fa92ea61f9571cd59,10,7,7,7,0,3,0,0,0,650,42,608,0.06461538461538462,0,0.0,42,5.142857142857143,2112800,True,0,0,0,,0,0
153,TargetedFedPhoenix,1,0.125,10,update_norm,all,1,73.01000213623047,11.180142800003523,"[14, 66, 74, 62, 49, 45, 18, 79, 15, 68]","[15400457, 15401454, 15402451, 15403448, 15404445, 15405442, 15406439, 15407436, 15408433, 15409430]",ac330f759d5609332496b7c62e9665dfd10326f70be5e52b2485b474153f55e4,10,7,7,7,0,3,0,0,0,650,42,608,0.06461538461538462,0,0.0,42,4.571428571428571,2112800,True,0,0,0,,0,0
154,TargetedFedPhoenix,1,0.125,10,update_norm,all,1,74.5,8.923117400001502,"[92, 32, 77, 87, 27, 13, 14, 47, 22, 73]","[15500460, 15501457, 15502454, 15503451, 15504448, 15505445, 15506442, 15507439, 15508436, 15509433]",8fe21fbcc7cc46078175a25bf48f37cb9b945f7303813ea7f88ebad803e58ed3,10,8,8,8,0,2,0,0,0,650,48,602,0.07384615384615385,1,0.020833333333333332,47,3.5,2112800,True,0,0,0,,0,0
155,TargetedFedPhoenix,1,0.125,10,update_norm,all,1,69.87999725341797,10.91638760000933,"[60, 31, 44, 3, 84, 25, 98, 73, 52, 82]","[15600463, 15601460, 15602457, 15603454, 15604451, 15605448, 15606445, 15607442, 15608439, 15609436]",3bfc528a664f7054c32021220d43b8aec1bca2b53a1910f53a4f2fbc9ca46c0c,10,8,8,8,0,2,0,0,0,640,48,592,0.075,0,0.0,48,5.25,2112800,True,0,0,0,,0,0
156,TargetedFedPhoenix,1,0.125,10,update_norm,all,1,73.2300033569336,10.982910999999149,"[66, 38, 74, 49, 46, 45, 12, 0, 81, 23]","[15700466, 15701463, 15702460, 15703457, 15704454, 15705451, 15706448, 15707445, 15708442, 15709439]",f6299c4939f75e3b6472c1c174e1e609026fa1db38ca8b1e72485e231affb9e7,10,8,8,8,0,2,0,0,0,640,48,592,0.075,0,0.0,48,4.75,2112800,True,0,0,0,,0,0
157,TargetedFedPhoenix,1,0.125,10,update_norm,all,1,60.06999969482422,12.488054999994347,"[6, 14, 56, 8, 37, 71, 68, 53, 88, 65]","[15800469, 15801466, 15802463, 15803460, 15804457, 15805454, 15806451, 15807448, 15808445, 15809442]",48f7d9bfaef806310885002c10cd7269ea9e41f91e280a6e9b21c1c07b33f3db,10,6,6,6,0,4,0,0,0,640,36,604,0.05625,0,0.0,36,5.5,2112800,True,0,0,0,,0,0
158,TargetedFedPhoenix,1,0.125,10,update_norm,all,1,63.9900016784668,9.43651349999709,"[76, 40, 68, 38, 91, 92, 18, 11, 69, 94]","[15900472, 15901469, 15902466, 15903463, 15904460, 15905457, 15906454, 15907451, 15908448, 15909445]",265a55a7bad17446a64e7475a032e0b6238b66d8946f0f88e8fdb75a2e12bd21,10,7,7,7,0,3,0,0,0,640,42,598,0.065625,1,0.023809523809523808,41,5.0,2112800,True,0,0,0,,0,0
159,TargetedFedPhoenix,1,0.125,10,update_norm,all,1,70.8499984741211,9.93982159999723,"[0, 23, 91, 83, 98, 64, 90, 32, 84, 36]","[16000475, 16001472, 16002469, 16003466, 16004463, 16005460, 16006457, 16007454, 16008451, 16009448]",d3c23b4f64d74e678363d5218338766e5a312ffa41efa0b8131fd30f68fe7a71,10,8,8,8,0,2,0,0,0,640,48,592,0.075,1,0.020833333333333332,47,4.5,2112800,True,0,0,0,,0,0
160,TargetedFedPhoenix,1,0.125,10,update_norm,all,1,70.61000061035156,10.617392600004678,"[15, 9, 95, 71, 80, 49, 39, 81, 30, 8]","[16100478, 16101475, 16102472, 16103469, 16104466, 16105463, 16106460, 16107457, 16108454, 16109451]",798f15ae5f78b8dac421b5c661e70f77ef5aac74edaa142ffdfd2283a94a12f8,10,7,7,7,0,3,0,0,0,640,42,598,0.065625,0,0.0,42,5.714285714285714,2112800,True,0,0,0,,0,0
161,TargetedFedPhoenix,1,0.125,10,update_norm,all,1,75.72000122070312,9.676656399999047,"[29, 87, 67, 36, 35, 96, 15, 61, 24, 62]","[16200481, 16201478, 16202475, 16203472, 16204469, 16205466, 16206463, 16207460, 16208457, 16209454]",534955d94852180fe492d7d8283f69a31567d380319b96f4e5ea227c9dba98c4,10,4,4,4,0,6,0,0,0,640,24,616,0.0375,0,0.0,24,4.5,2112800,True,0,0,0,,0,0
162,TargetedFedPhoenix,1,0.125,10,update_norm,all,1,72.5199966430664,11.03104399998847,"[13, 58, 87, 52, 50, 60, 3, 19, 35, 0]","[16300484, 16301481, 16302478, 16303475, 16304472, 16305469, 16306466, 16307463, 16308460, 16309457]",577dbb0deb586b5ca2da9011a53659d12d96267ceea4ae963467865404daaebf,10,7,7,7,0,3,0,0,0,640,42,598,0.065625,2,0.047619047619047616,40,4.857142857142857,2112800,True,0,0,0,,0,0
163,TargetedFedPhoenix,1,0.125,10,update_norm,all,1,70.18000030517578,9.748077199998079,"[55, 46, 66, 67, 73, 12, 51, 1, 57, 90]","[16400487, 16401484, 16402481, 16403478, 16404475, 16405472, 16406469, 16407466, 16408463, 16409460]",75b27e93d419a648639babfb8e0b18c0eed19b7fd19df6768626e6e4f506cea2,10,6,6,6,0,4,0,0,0,640,36,604,0.05625,0,0.0,36,5.833333333333333,2112800,True,0,0,0,,0,0
164,TargetedFedPhoenix,1,0.125,10,update_norm,all,1,69.75,10.244373400011682,"[40, 72, 92, 86, 89, 90, 16, 98, 73, 58]","[16500490, 16501487, 16502484, 16503481, 16504478, 16505475, 16506472, 16507469, 16508466, 16509463]",b49bc3742ff8712a7fc9675fc6220e722018c5c1766c2756717bb0b674ee1c05,10,6,6,6,0,4,0,0,0,640,36,604,0.05625,2,0.05555555555555555,34,3.5,2112800,True,0,0,0,,0,0
165,TargetedFedPhoenix,1,0.125,10,update_norm,all,1,75.12000274658203,11.64614199999778,"[0, 58, 47, 44, 94, 66, 4, 7, 27, 2]","[16600493, 16601490, 16602487, 16603484, 16604481, 16605478, 16606475, 16607472, 16608469, 16609466]",d2c1c07a7cb81182da3e7b0e893eec49de793c4f0514c9bd23c696fe076c0f03,10,5,5,5,0,5,0,0,0,640,30,610,0.046875,1,0.03333333333333333,29,4.6,2112800,True,0,0,0,,0,0
166,TargetedFedPhoenix,1,0.125,10,update_norm,all,1,70.7699966430664,11.718800999995437,"[58, 87, 14, 78, 40, 83, 73, 18, 52, 31]","[16700496, 16701493, 16702490, 16703487, 16704484, 16705481, 16706478, 16707475, 16708472, 16709469]",d921f64023085c871706a06dc3fe057226a27a25b48243af3bc769cd7470685f,10,8,8,8,0,2,0,0,0,640,48,592,0.075,0,0.0,48,4.625,2112800,True,0,0,0,,0,0
167,TargetedFedPhoenix,1,0.125,10,update_norm,all,1,71.36000061035156,11.652629799995339,"[99, 22, 62, 86, 5, 20, 9, 51, 7, 54]","[16800499, 16801496, 16802493, 16803490, 16804487, 16805484, 16806481, 16807478, 16808475, 16809472]",88d6e06ba77d3d2fcc21604678df5992dde6a420faae7a36a26c8e95566bd270,10,5,5,5,0,5,0,0,0,640,30,610,0.046875,1,0.03333333333333333,29,4.4,2112800,True,0,0,0,,0,0
168,TargetedFedPhoenix,1,0.125,10,update_norm,all,1,71.4000015258789,11.828803500000504,"[97, 37, 42, 7, 22, 5, 24, 56, 69, 12]","[16900502, 16901499, 16902496, 16903493, 16904490, 16905487, 16906484, 16907481, 16908478, 16909475]",015c2e8f7017d816799b9fba2cfa578a0069d9d1ab4e957f4d79edfb80f8af2e,10,6,6,6,0,4,0,0,0,640,36,604,0.05625,0,0.0,36,4.166666666666667,2112800,True,0,0,0,,0,0
169,TargetedFedPhoenix,1,0.125,10,update_norm,all,1,72.36000061035156,10.525908400013577,"[96, 22, 76, 44, 59, 78, 12, 68, 94, 87]","[17000505, 17001502, 17002499, 17003496, 17004493, 17005490, 17006487, 17007484, 17008481, 17009478]",97986eb9991d8db7a14ba27e10054638d3eccea79deab53ea569ad86c1eeeb2e,10,7,7,7,0,3,0,0,0,640,42,598,0.065625,0,0.0,42,3.4285714285714284,2112800,True,0,0,0,,0,0
170,TargetedFedPhoenix,1,0.125,10,update_norm,all,1,61.689998626708984,13.985039300008793,"[45, 7, 65, 19, 95, 16, 35, 23, 83, 88]","[17100508, 17101505, 17102502, 17103499, 17104496, 17105493, 17106490, 17107487, 17108484, 17109481]",96a5293761b8e8eee126e18182242fc200bbc37d79d6967a4d489b852409ed36,10,6,6,6,0,4,0,0,0,640,36,604,0.05625,0,0.0,36,6.333333333333333,2112800,True,0,0,0,,0,0
171,TargetedFedPhoenix,1,0.125,10,update_norm,all,1,67.80000305175781,10.995359799999278,"[12, 91, 4, 90, 47, 66, 33, 9, 61, 84]","[17200511, 17201508, 17202505, 17203502, 17204499, 17205496, 17206493, 17207490, 17208487, 17209484]",cdc0eec25779a45f36fc6b3e36d1e8394dcd051f4678196ef7b5424f37ef06a0,10,7,7,7,0,3,0,0,0,640,42,598,0.065625,1,0.023809523809523808,41,5.857142857142857,2112800,True,0,0,0,,0,0
172,TargetedFedPhoenix,1,0.125,10,update_norm,all,1,69.11000061035156,10.66024290000496,"[46, 60, 83, 2, 37, 70, 93, 29, 3, 43]","[17300514, 17301511, 17302508, 17303505, 17304502, 17305499, 17306496, 17307493, 17308490, 17309487]",0ede4ee701edf1caedc2cbd7844bc9028903db3ffb305d00325bf8fc2aab6252,10,6,6,6,0,4,0,0,0,640,36,604,0.05625,0,0.0,36,7.0,2112800,True,0,0,0,,0,0
173,TargetedFedPhoenix,1,0.125,10,update_norm,all,1,69.9800033569336,9.619506900009583,"[27, 45, 49, 4, 31, 62, 9, 95, 69, 72]","[17400517, 17401514, 17402511, 17403508, 17404505, 17405502, 17406499, 17407496, 17408493, 17409490]",f80bdfb09a57b61f20ec76f61e075398f97fa6ff4d7661cb764f416f248b3e3a,10,9,9,9,0,1,0,0,0,640,54,586,0.084375,2,0.037037037037037035,52,5.0,2112800,True,0,0,0,,0,0
174,TargetedFedPhoenix,1,0.125,10,update_norm,all,1,71.6500015258789,10.001087999989977,"[27, 28, 1, 92, 55, 48, 74, 7, 99, 62]","[17500520, 17501517, 17502514, 17503511, 17504508, 17505505, 17506502, 17507499, 17508496, 17509493]",6da1d5dd70a39183e50a7798a4ddb66914fb7dc111493a3e1685d5899571bd73,10,5,5,5,0,5,0,0,0,640,30,610,0.046875,0,0.0,30,4.6,2112800,True,0,0,0,,0,0
175,TargetedFedPhoenix,1,0.125,10,update_norm,all,1,75.33999633789062,10.566877499994007,"[24, 0, 9, 11, 31, 45, 58, 35, 69, 21]","[17600523, 17601520, 17602517, 17603514, 17604511, 17605508, 17606505, 17607502, 17608499, 17609496]",2af26b745716846f03b968505d07c9145cf553d20fcf0661af0af0456705327d,10,8,8,8,0,2,0,0,0,640,48,592,0.075,0,0.0,48,4.875,2112800,True,0,0,0,,0,0
176,TargetedFedPhoenix,1,0.125,10,update_norm,all,1,74.06999969482422,10.494708900005207,"[42, 98, 67, 21, 24, 81, 20, 75, 29, 36]","[17700526, 17701523, 17702520, 17703517, 17704514, 17705511, 17706508, 17707505, 17708502, 17709499]",017e7afed7e634654a48dbf7807dfd73e0c404bfbb9aa2b8ae0f815bfb72fcf1,10,5,5,5,0,5,0,0,0,640,30,610,0.046875,1,0.03333333333333333,29,4.6,2112800,True,0,0,0,,0,0
177,TargetedFedPhoenix,1,0.125,10,update_norm,all,1,70.37999725341797,11.512324800001807,"[49, 75, 33, 60, 42, 64, 69, 11, 47, 70]","[17800529, 17801526, 17802523, 17803520, 17804517, 17805514, 17806511, 17807508, 17808505, 17809502]",e9a787c9827cf2ce92f402a140ed07c99d943f2019c7e3d86d3f3f449cd55f10,10,9,9,9,0,1,0,0,0,640,54,586,0.084375,1,0.018518518518518517,53,3.5555555555555554,2112800,True,0,0,0,,0,0
178,TargetedFedPhoenix,1,0.125,10,update_norm,all,1,63.790000915527344,11.068546599999536,"[96, 60, 16, 70, 73, 40, 11, 24, 87, 93]","[17900532, 17901529, 17902526, 17903523, 17904520, 17905517, 17906514, 17907511, 17908508, 17909505]",7181217ff88ace8a6045e9e49ebac0e84e1c6bb7b57d0f735155fc2ee79db7ab,10,8,8,8,0,2,0,0,0,640,48,592,0.075,2,0.041666666666666664,46,4.625,2112800,True,0,0,0,,0,0
179,TargetedFedPhoenix,1,0.125,10,update_norm,all,1,76.4800033569336,10.399812299991027,"[37, 16, 85, 31, 69, 36, 54, 25, 32, 38]","[18000535, 18001532, 18002529, 18003526, 18004523, 18005520, 18006517, 18007514, 18008511, 18009508]",69c928b31667d6a69b3fce1c115ec79c34672d14979791b25651b58ee4ecf5b2,10,5,5,5,0,5,0,0,0,640,30,610,0.046875,0,0.0,30,3.4,2112800,True,0,0,0,,0,0
180,TargetedFedPhoenix,1,0.125,10,update_norm,all,1,73.11000061035156,10.82416249999369,"[80, 92, 61, 76, 19, 28, 7, 73, 67, 38]","[18100538, 18101535, 18102532, 18103529, 18104526, 18105523, 18106520, 18107517, 18108514, 18109511]",ca1f830ac228898feffd0c6b221281dbd4c900bd6cc888ba33426c41a74a3c7e,10,8,8,8,0,2,0,0,0,640,48,592,0.075,0,0.0,48,5.5,2112800,True,0,0,0,,0,0
181,TargetedFedPhoenix,1,0.125,10,update_norm,all,1,73.7300033569336,9.634568299996317,"[78, 26, 35, 44, 29, 85, 64, 66, 97, 21]","[18200541, 18201538, 18202535, 18203532, 18204529, 18205526, 18206523, 18207520, 18208517, 18209514]",44845c685ffc0d627d5c20cee65e739e610352be5457a506f317f923ec610f8d,10,6,6,6,0,4,0,0,0,640,36,604,0.05625,0,0.0,36,5.333333333333333,2112800,True,0,0,0,,0,0
182,TargetedFedPhoenix,1,0.125,10,update_norm,all,1,64.80000305175781,11.285995199999888,"[78, 73, 10, 52, 54, 24, 44, 70, 99, 90]","[18300544, 18301541, 18302538, 18303535, 18304532, 18305529, 18306526, 18307523, 18308520, 18309517]",6d83f2dfd2a3a2cb011bc17e12c310ea66502dfe2d8b0b3fb7688a1c7f944824,10,7,7,7,0,3,0,0,0,640,42,598,0.065625,0,0.0,42,3.2857142857142856,2112800,True,0,0,0,,0,0
183,TargetedFedPhoenix,1,0.125,10,update_norm,all,1,77.01000213623047,8.906654299993534,"[96, 38, 1, 4, 36, 19, 77, 52, 41, 49]","[18400547, 18401544, 18402541, 18403538, 18404535, 18405532, 18406529, 18407526, 18408523, 18409520]",eb4c655d00061cd35ed8a027ee3838adf88b949477388b48630d7616cc708261,10,8,8,8,0,2,0,0,0,640,48,592,0.075,0,0.0,48,5.125,2112800,True,0,0,0,,0,0
184,TargetedFedPhoenix,1,0.125,10,update_norm,all,1,75.04000091552734,11.179435500002,"[87, 55, 49, 7, 51, 67, 40, 21, 34, 0]","[18500550, 18501547, 18502544, 18503541, 18504538, 18505535, 18506532, 18507529, 18508526, 18509523]",96d3d1c403cd6a54381629bf74f244d7780403115fd8773b2ee57826af119bd7,10,8,8,8,0,2,0,0,0,640,48,592,0.075,1,0.020833333333333332,47,5.375,2112800,True,0,0,0,,0,0
185,TargetedFedPhoenix,1,0.125,10,update_norm,all,1,76.01000213623047,9.019079200006672,"[74, 63, 39, 14, 96, 82, 21, 45, 88, 13]","[18600553, 18601550, 18602547, 18603544, 18604541, 18605538, 18606535, 18607532, 18608529, 18609526]",939cac50e09a79735527711e4cbca143ab1c98fc8e55f703ceb16d5292400f2f,10,3,3,3,0,7,0,0,0,640,18,622,0.028125,0,0.0,18,4.333333333333333,2112800,True,0,0,0,,0,0
186,TargetedFedPhoenix,1,0.125,10,update_norm,all,1,73.18000030517578,10.801662899990333,"[1, 26, 23, 59, 22, 57, 27, 60, 18, 69]","[18700556, 18701553, 18702550, 18703547, 18704544, 18705541, 18706538, 18707535, 18708532, 18709529]",8bf08cf8b97b587536a15c6e6baeb3ba2a4300e754448f56929d64371e138134,10,4,4,4,0,6,0,0,0,640,24,616,0.0375,1,0.041666666666666664,23,5.75,2112800,True,0,0,0,,0,0
187,TargetedFedPhoenix,1,0.125,10,update_norm,all,1,69.66999816894531,9.397284599996055,"[34, 87, 43, 64, 27, 92, 78, 55, 68, 7]","[18800559, 18801556, 18802553, 18803550, 18804547, 18805544, 18806541, 18807538, 18808535, 18809532]",0b2a83b3ede12c04bbcd03421578c3aef3f51dfd777a89ed5d891daaba2600ff,10,8,8,8,0,2,0,0,0,640,48,592,0.075,0,0.0,48,3.875,2112800,True,0,0,0,,0,0
188,TargetedFedPhoenix,1,0.125,10,update_norm,all,1,75.61000061035156,12.415366200002609,"[67, 20, 34, 69, 85, 14, 86, 81, 36, 76]","[18900562, 18901559, 18902556, 18903553, 18904550, 18905547, 18906544, 18907541, 18908538, 18909535]",c1ce054472e2966c4ebc400e66e57dbf11d386dd45acad6b34463027b933c5e4,10,7,7,7,0,3,0,0,0,640,42,598,0.065625,0,0.0,42,4.285714285714286,2112800,True,0,0,0,,0,0
189,TargetedFedPhoenix,1,0.125,10,update_norm,all,1,66.66000366210938,13.919321800000034,"[57, 7, 53, 49, 74, 65, 76, 29, 78, 80]","[19000565, 19001562, 19002559, 19003556, 19004553, 19005550, 19006547, 19007544, 19008541, 19009538]",3f8ed76501272abb29148172a5426accc89aa6c86987965055a7517014a819ee,10,8,8,8,0,2,0,0,0,640,48,592,0.075,1,0.020833333333333332,47,4.25,2112800,True,0,0,0,,0,0
190,TargetedFedPhoenix,1,0.125,10,update_norm,all,1,69.5,10.012716999990516,"[71, 25, 7, 77, 39, 51, 87, 5, 45, 11]","[19100568, 19101565, 19102562, 19103559, 19104556, 19105553, 19106550, 19107547, 19108544, 19109541]",12b401e65e88c820443533376df2b8bd853be93b8ddc3d2ca261f43a53c0d9ab,10,6,6,6,0,4,0,0,0,640,36,604,0.05625,0,0.0,36,4.5,2112800,True,0,0,0,,0,0
191,TargetedFedPhoenix,1,0.125,10,update_norm,all,1,64.0,11.713796500000171,"[60, 21, 34, 0, 98, 92, 44, 65, 66, 3]","[19200571, 19201568, 19202565, 19203562, 19204559, 19205556, 19206553, 19207550, 19208547, 19209544]",3b4580e4c7231c8ac008296e143475acdb591a627f879704de56ea569d00bfde,10,8,8,8,0,2,0,0,0,640,48,592,0.075,0,0.0,48,5.75,2112800,True,0,0,0,,0,0
192,TargetedFedPhoenix,1,0.125,10,update_norm,all,1,70.7699966430664,11.431105500014382,"[36, 59, 66, 20, 0, 16, 86, 71, 90, 56]","[19300574, 19301571, 19302568, 19303565, 19304562, 19305559, 19306556, 19307553, 19308550, 19309547]",d33390f14df96f10b085c2aa3adcfd88450cf8e71798ad6e8db28584b96d27b4,10,8,8,8,0,2,0,0,0,640,48,592,0.075,1,0.020833333333333332,47,4.0,2112800,True,0,0,0,,0,0
193,TargetedFedPhoenix,1,0.125,10,update_norm,all,1,74.51000213623047,9.286726000005729,"[19, 22, 51, 45, 91, 26, 14, 83, 15, 67]","[19400577, 19401574, 19402571, 19403568, 19404565, 19405562, 19406559, 19407556, 19408553, 19409550]",bed1c49a3a634b1774ddd1ce7b5fa04cd58ff4be5571a303cf329cea2e330c27,10,7,7,7,0,3,0,0,0,640,42,598,0.065625,0,0.0,42,5.714285714285714,2112800,True,0,0,0,,0,0
194,TargetedFedPhoenix,1,0.125,10,update_norm,all,1,72.12999725341797,11.673930900011328,"[62, 14, 3, 92, 78, 33, 89, 48, 70, 31]","[19500580, 19501577, 19502574, 19503571, 19504568, 19505565, 19506562, 19507559, 19508556, 19509553]",4918ec2ee8282cf83dff61abcb7c2cf814b63b1ddcfc048e6fb8a82b18b6adf5,10,4,4,4,0,6,0,0,0,640,24,616,0.0375,0,0.0,24,3.0,2112800,True,0,0,0,,0,0
195,TargetedFedPhoenix,1,0.125,10,update_norm,all,1,74.87000274658203,10.258065899994108,"[37, 10, 88, 63, 53, 68, 2, 52, 26, 59]","[19600583, 19601580, 19602577, 19603574, 19604571, 19605568, 19606565, 19607562, 19608559, 19609556]",30e8b562746f3625b138f2ffe42d2defb299d2822d2e7d220be3ae39e48f2820,10,6,6,6,0,4,0,0,0,640,36,604,0.05625,0,0.0,36,6.5,2112800,True,0,0,0,,0,0
196,TargetedFedPhoenix,1,0.125,10,update_norm,all,1,76.66000366210938,12.048066300005303,"[59, 71, 85, 49, 20, 10, 3, 86, 88, 33]","[19700586, 19701583, 19702580, 19703577, 19704574, 19705571, 19706568, 19707565, 19708562, 19709559]",239f5573fb4c3b35d815906e0f9f412d6b7641acf1ff8a4795e7e9f41f6ffa8f,10,10,10,10,0,0,0,0,0,640,60,580,0.09375,0,0.0,60,3.4,2112800,True,0,0,0,,0,0
197,TargetedFedPhoenix,1,0.125,10,update_norm,all,1,56.209999084472656,9.944909099998767,"[9, 0, 18, 66, 44, 17, 92, 95, 64, 96]","[19800589, 19801586, 19802583, 19803580, 19804577, 19805574, 19806571, 19807568, 19808565, 19809562]",46e55366b4203c7884ba772f9c9b2ffa7e43023ef8525a9e587ddab6178ca84a,10,5,5,5,0,5,0,0,0,640,30,610,0.046875,0,0.0,30,5.8,2112800,True,0,0,0,,0,0
198,TargetedFedPhoenix,1,0.125,10,update_norm,all,1,70.2699966430664,12.218141099991044,"[70, 58, 24, 57, 32, 19, 43, 65, 5, 88]","[19900592, 19901589, 19902586, 19903583, 19904580, 19905577, 19906574, 19907571, 19908568, 19909565]",961302456c5237fa7bc7f252bdcf4bc649a4fa46d42e65c1e00611351713a7f9,10,6,6,6,0,4,0,0,0,640,36,604,0.05625,0,0.0,36,5.833333333333333,2112800,True,0,0,0,,0,0
199,TargetedFedPhoenix,1,0.125,10,update_norm,all,1,59.11000061035156,9.790564599999925,"[61, 75, 68, 2, 6, 26, 1, 56, 78, 74]","[20000595, 20001592, 20002589, 20003586, 20004583, 20005580, 20006577, 20007574, 20008571, 20009568]",45a4f64eeffb08f2e340e585916552b5911e9d91a72df5d235a8b1980a2208ab,10,6,6,6,0,4,0,0,0,640,36,604,0.05625,0,0.0,36,5.666666666666667,2112800,True,0,0,0,,0,0
200,TargetedFedPhoenix,1,0.125,10,update_norm,all,1,55.31999969482422,9.282918400000199,"[8, 57, 22, 90, 46, 9, 56, 99, 89, 4]","[20100598, 20101595, 20102592, 20103589, 20104586, 20105583, 20106580, 20107577, 20108574, 20109571]",cfb7c47371b1064ce3b60cdf162748c183b787c9c3ab61363c979cc92d20c455,10,6,6,6,0,4,0,0,0,640,36,604,0.05625,0,0.0,36,4.5,2112800,True,0,0,0,,0,0
201,TargetedFedPhoenix,1,0.125,10,update_norm,all,1,68.63999938964844,10.327690999998595,"[83, 41, 69, 7, 63, 51, 78, 89, 43, 81]","[20200601, 20201598, 20202595, 20203592, 20204589, 20205586, 20206583, 20207580, 20208577, 20209574]",0b75cbb2d7f32b55cb9ff3c8ce48886e9072b28c5b62e929767da7452b83282d,10,6,6,6,0,4,0,0,0,640,36,604,0.05625,1,0.027777777777777776,35,4.666666666666667,2112800,True,0,0,0,,0,0
202,TargetedFedPhoenix,1,0.125,10,update_norm,all,1,72.54000091552734,10.139562399999704,"[74, 76, 14, 98, 73, 37, 94, 68, 39, 11]","[20300604, 20301601, 20302598, 20303595, 20304592, 20305589, 20306586, 20307583, 20308580, 20309577]",31936279c5acf86263c6458f77238b3efc7707b3e2922135aac7a0553aca0be0,10,4,4,4,0,6,0,0,0,640,24,616,0.0375,0,0.0,24,5.25,2112800,True,0,0,0,,0,0
203,TargetedFedPhoenix,1,0.125,10,update_norm,all,1,62.880001068115234,8.834848499987856,"[38, 78, 17, 56, 90, 34, 42, 0, 1, 12]","[20400607, 20401604, 20402601, 20403598, 20404595, 20405592, 20406589, 20407586, 20408583, 20409580]",4d5c24bbcb7cbd389c390256362e389ae5b4e6fb11f6cfcfebfa0199b592ee68,10,6,6,6,0,4,0,0,0,640,36,604,0.05625,1,0.027777777777777776,35,4.0,2112800,True,0,0,0,,0,0
204,TargetedFedPhoenix,1,0.125,10,update_norm,all,1,75.76000213623047,11.2757649999985,"[45, 36, 95, 8, 99, 75, 93, 4, 24, 58]","[20500610, 20501607, 20502604, 20503601, 20504598, 20505595, 20506592, 20507589, 20508586, 20509583]",5be68ad94da914cce095bd8616f4557040c67fce5352756cd38011659fe363f6,10,7,7,7,0,3,0,0,0,640,42,598,0.065625,0,0.0,42,5.142857142857143,2112800,True,0,0,0,,0,0
205,TargetedFedPhoenix,1,0.125,10,update_norm,all,1,70.13999938964844,11.75373720000789,"[66, 46, 89, 23, 4, 97, 78, 26, 79, 52]","[20600613, 20601610, 20602607, 20603604, 20604601, 20605598, 20606595, 20607592, 20608589, 20609586]",d49a0331cfc76db7c1d4c1e98f2df99b29031797ca0d81fb4070565569a00348,10,7,7,7,0,3,0,0,0,640,42,598,0.065625,0,0.0,42,5.142857142857143,2112800,True,0,0,0,,0,0
206,TargetedFedPhoenix,1,0.125,10,update_norm,all,1,73.5199966430664,13.275381400002516,"[71, 79, 23, 7, 97, 86, 72, 57, 70, 64]","[20700616, 20701613, 20702610, 20703607, 20704604, 20705601, 20706598, 20707595, 20708592, 20709589]",9834873988844b659ae1d2fe12dc676937756595703d29242f813e903b545d28,10,9,9,9,0,1,0,0,0,640,54,586,0.084375,1,0.018518518518518517,53,5.666666666666667,2112800,True,0,0,0,,0,0
207,TargetedFedPhoenix,1,0.125,10,update_norm,all,1,75.31999969482422,9.937913300003856,"[55, 14, 21, 43, 5, 30, 35, 15, 28, 34]","[20800619, 20801616, 20802613, 20803610, 20804607, 20805604, 20806601, 20807598, 20808595, 20809592]",f1207c3d354cc39a4bd013e2186f791b89da3483b6b6c5a7b3ca144d07ac51e7,10,4,4,4,0,6,0,0,0,640,24,616,0.0375,2,0.08333333333333333,22,6.0,2112800,True,0,0,0,,0,0
208,TargetedFedPhoenix,1,0.125,10,update_norm,all,1,75.63999938964844,9.966923300002236,"[54, 51, 22, 85, 73, 90, 4, 69, 75, 6]","[20900622, 20901619, 20902616, 20903613, 20904610, 20905607, 20906604, 20907601, 20908598, 20909595]",ff2f6ed47a13a1a7288a44ccc1605ec428527152d36d51c25f8f3f7a67860532,10,8,8,8,0,2,0,0,0,640,48,592,0.075,0,0.0,48,6.125,2112800,True,0,0,0,,0,0
209,TargetedFedPhoenix,1,0.125,10,update_norm,all,1,70.23999786376953,10.952328300001682,"[78, 98, 48, 28, 76, 96, 97, 69, 66, 65]","[21000625, 21001622, 21002619, 21003616, 21004613, 21005610, 21006607, 21007604, 21008601, 21009598]",0cbf72cddf82c606c0861ba92c882771c17ad8520201b01eaf105fbdf12e9633,10,7,7,7,0,3,0,0,0,640,42,598,0.065625,1,0.023809523809523808,41,4.0,2112800,True,0,0,0,,0,0
210,TargetedFedPhoenix,1,0.125,10,update_norm,all,1,74.13999938964844,9.979202400005306,"[52, 54, 70, 39, 89, 14, 77, 74, 15, 88]","[21100628, 21101625, 21102622, 21103619, 21104616, 21105613, 21106610, 21107607, 21108604, 21109601]",4b26de562de4ca3c062db8dfde96a1d1786727022d97d58194561c0ae1e9b778,10,8,8,8,0,2,0,0,0,640,48,592,0.075,0,0.0,48,4.75,2112800,True,0,0,0,,0,0
211,TargetedFedPhoenix,1,0.125,10,update_norm,all,1,69.5199966430664,12.44359650000115,"[58, 12, 87, 84, 91, 62, 82, 57, 6, 21]","[21200631, 21201628, 21202625, 21203622, 21204619, 21205616, 21206613, 21207610, 21208607, 21209604]",2b61258c9ead9558f0a465438b2f2a8b377ec52014d42e51a7841aa20af37346,10,5,5,5,0,5,0,0,0,640,30,610,0.046875,1,0.03333333333333333,29,5.4,2112800,True,0,0,0,,0,0
212,TargetedFedPhoenix,1,0.125,10,update_norm,all,1,77.83000183105469,11.438597400003346,"[59, 99, 54, 55, 14, 63, 7, 88, 91, 52]","[21300634, 21301631, 21302628, 21303625, 21304622, 21305619, 21306616, 21307613, 21308610, 21309607]",eee46be4d5e24adaa63ec478342466bc30df08bb70618d5fb19b1792dc6691da,10,8,8,8,0,2,0,0,0,640,48,592,0.075,1,0.020833333333333332,47,3.5,2112800,True,0,0,0,,0,0
213,TargetedFedPhoenix,1,0.125,10,update_norm,all,1,71.5999984741211,10.100116900008288,"[44, 73, 39, 28, 18, 92, 52, 79, 54, 77]","[21400637, 21401634, 21402631, 21403628, 21404625, 21405622, 21406619, 21407616, 21408613, 21409610]",cc5c56d14234aab4aa0a84bfed6433a13fda4368d18aecb475f5141ac9b616f0,10,7,7,7,0,3,0,0,0,640,42,598,0.065625,0,0.0,42,3.4285714285714284,2112800,True,0,0,0,,0,0
214,TargetedFedPhoenix,1,0.125,10,update_norm,all,1,75.02999877929688,9.970453299989458,"[59, 70, 54, 27, 89, 21, 42, 25, 60, 49]","[21500640, 21501637, 21502634, 21503631, 21504628, 21505625, 21506622, 21507619, 21508616, 21509613]",19ce5e4d23a9efd161f10fdc047f6fc2c5b96670c33f600340fbb877c01f5876,10,5,5,5,0,5,0,0,0,640,30,610,0.046875,0,0.0,30,2.8,2112800,True,0,0,0,,0,0
215,TargetedFedPhoenix,1,0.125,10,update_norm,all,1,75.37000274658203,10.129682900005719,"[2, 56, 59, 80, 62, 19, 42, 33, 72, 35]","[21600643, 21601640, 21602637, 21603634, 21604631, 21605628, 21606625, 21607622, 21608619, 21609616]",ea1562365e9dace36cfafc7c2b0a349cdc0e1c7f6d0644411b9a5b618af43f5a,10,5,5,5,0,5,0,0,0,640,30,610,0.046875,0,0.0,30,4.6,2112800,True,0,0,0,,0,0
216,TargetedFedPhoenix,1,0.125,10,update_norm,all,1,74.69999694824219,11.596354900000733,"[53, 17, 11, 78, 66, 39, 94, 4, 47, 90]","[21700646, 21701643, 21702640, 21703637, 21704634, 21705631, 21706628, 21707625, 21708622, 21709619]",9e5a65bb6e9fa653b62af31acc5a56c5cb5b9a21f837fe55114c51884016a722,10,5,5,5,0,5,0,0,0,640,30,610,0.046875,2,0.06666666666666667,28,6.6,2112800,True,0,0,0,,0,0
217,TargetedFedPhoenix,1,0.125,10,update_norm,all,1,65.63999938964844,8.544688900001347,"[48, 51, 34, 78, 92, 54, 96, 84, 88, 74]","[21800649, 21801646, 21802643, 21803640, 21804637, 21805634, 21806631, 21807628, 21808625, 21809622]",f8ffdb37fe8e4cb8145a5cd08f201abf63a8c19137d9f4f213955d2562b78be8,10,10,10,10,0,0,0,0,0,640,60,580,0.09375,1,0.016666666666666666,59,6.1,2112800,True,0,0,0,,0,0
218,TargetedFedPhoenix,1,0.125,10,update_norm,all,1,78.55999755859375,11.250256600003922,"[15, 25, 50, 89, 72, 20, 85, 47, 1, 3]","[21900652, 21901649, 21902646, 21903643, 21904640, 21905637, 21906634, 21907631, 21908628, 21909625]",b877d2fffe748f407ba0482682cfbaa21c45a11af751e32fd466a29ed24136f8,10,6,6,6,0,4,0,0,0,640,36,604,0.05625,0,0.0,36,5.166666666666667,2112800,True,0,0,0,,0,0
219,TargetedFedPhoenix,1,0.125,10,update_norm,all,1,71.51000213623047,10.830583000002662,"[91, 39, 11, 12, 93, 64, 30, 79, 29, 49]","[22000655, 22001652, 22002649, 22003646, 22004643, 22005640, 22006637, 22007634, 22008631, 22009628]",0220dac1e26b530880b33060d7f118233690a5f4785e2ed8217b5bb9164d8126,10,6,6,6,0,4,0,0,0,640,36,604,0.05625,0,0.0,36,5.333333333333333,2112800,True,0,0,0,,0,0
220,TargetedFedPhoenix,1,0.125,10,update_norm,all,1,72.12000274658203,12.058395900006872,"[21, 88, 95, 65, 60, 8, 46, 31, 63, 72]","[22100658, 22101655, 22102652, 22103649, 22104646, 22105643, 22106640, 22107637, 22108634, 22109631]",54aea948dad1d56f98568c79849c7010159199806e06d85492d1f1acf0c0d053,10,5,5,5,0,5,0,0,0,640,30,610,0.046875,1,0.03333333333333333,29,5.0,2112800,True,0,0,0,,0,0
221,TargetedFedPhoenix,1,0.125,10,update_norm,all,1,74.95999908447266,11.412283400000888,"[96, 63, 58, 77, 95, 23, 61, 29, 91, 59]","[22200661, 22201658, 22202655, 22203652, 22204649, 22205646, 22206643, 22207640, 22208637, 22209634]",e9d6d50d36c1065f356c889e0e3f6903678aedbcc0b0535a42cc1d8bde1f9ec2,10,8,8,8,0,2,0,0,0,640,48,592,0.075,2,0.041666666666666664,46,4.25,2112800,True,0,0,0,,0,0
222,TargetedFedPhoenix,1,0.125,10,update_norm,all,1,68.36000061035156,10.028544100001454,"[8, 69, 44, 89, 49, 36, 77, 19, 92, 72]","[22300664, 22301661, 22302658, 22303655, 22304652, 22305649, 22306646, 22307643, 22308640, 22309637]",942ab80559f9d9cf3d8f5420cf7ee596120f4abab90149c26f9dbf8b7694651a,10,8,8,8,0,2,0,0,0,640,48,592,0.075,0,0.0,48,4.125,2112800,True,0,0,0,,0,0
223,TargetedFedPhoenix,1,0.125,10,update_norm,all,1,75.16000366210938,8.91565389999596,"[47, 49, 1, 80, 27, 9, 83, 72, 76, 92]","[22400667, 22401664, 22402661, 22403658, 22404655, 22405652, 22406649, 22407646, 22408643, 22409640]",80b29449826e5f81ebd11570cc4828c9dcfc5eae8b4ce9248e59d2f228d222a4,10,7,7,7,0,3,0,0,0,640,42,598,0.065625,1,0.023809523809523808,41,4.285714285714286,2112800,True,0,0,0,,0,0
224,TargetedFedPhoenix,1,0.125,10,update_norm,all,1,75.12999725341797,11.151510899988352,"[10, 57, 54, 1, 80, 76, 56, 39, 14, 20]","[22500670, 22501667, 22502664, 22503661, 22504658, 22505655, 22506652, 22507649, 22508646, 22509643]",0e8e5a909aa430edb5e4bb34da46fd2753983232abc634042e11f191ddb5161f,10,7,7,7,0,3,0,0,0,640,42,598,0.065625,0,0.0,42,4.285714285714286,2112800,True,0,0,0,,0,0
225,TargetedFedPhoenix,1,0.125,10,update_norm,all,1,75.95999908447266,11.149101500006509,"[6, 62, 31, 90, 3, 51, 24, 91, 23, 55]","[22600673, 22601670, 22602667, 22603664, 22604661, 22605658, 22606655, 22607652, 22608649, 22609646]",8ae88cddf240923d3b269edeac150a1ea45325e2488d534638161d586e0fae17,10,7,7,7,0,3,0,0,0,640,42,598,0.065625,0,0.0,42,6.714285714285714,2112800,True,0,0,0,,0,0
226,TargetedFedPhoenix,1,0.125,10,update_norm,all,1,66.05999755859375,10.87219670000195,"[98, 18, 78, 89, 27, 80, 33, 86, 88, 15]","[22700676, 22701673, 22702670, 22703667, 22704664, 22705661, 22706658, 22707655, 22708652, 22709649]",764c784fa56258bc7590bcb4e2571c026f3c182e9a89c163d61a93dc1cfe8291,10,6,6,6,0,4,0,0,0,640,36,604,0.05625,1,0.027777777777777776,35,5.333333333333333,2112800,True,0,0,0,,0,0
227,TargetedFedPhoenix,1,0.125,10,update_norm,all,1,74.63999938964844,11.769385300009162,"[85, 12, 59, 60, 73, 80, 0, 10, 23, 13]","[22800679, 22801676, 22802673, 22803670, 22804667, 22805664, 22806661, 22807658, 22808655, 22809652]",0237d6f43a380eb5c34d3899728fe13e6426e543a9f75bdbc13bac5c607d6b1c,10,7,7,7,0,3,0,0,0,640,42,598,0.065625,0,0.0,42,5.142857142857143,2112800,True,0,0,0,,0,0
228,TargetedFedPhoenix,1,0.125,10,update_norm,all,1,68.86000061035156,9.139537700000801,"[35, 46, 54, 87, 84, 51, 27, 95, 21, 61]","[22900682, 22901679, 22902676, 22903673, 22904670, 22905667, 22906664, 22907661, 22908658, 22909655]",24e9e3ad1de5cc34b74c0f091da797d285cb8d11f3b7a071cd5732a997f24fbb,10,7,7,7,0,3,0,0,0,640,42,598,0.065625,0,0.0,42,5.571428571428571,2112800,True,0,0,0,,0,0
229,TargetedFedPhoenix,1,0.125,10,update_norm,all,1,72.08000183105469,8.613559899997199,"[64, 6, 96, 98, 27, 71, 18, 3, 1, 95]","[23000685, 23001682, 23002679, 23003676, 23004673, 23005670, 23006667, 23007664, 23008661, 23009658]",beb8dd6c1e063bfd0dc986a538fcbf44902c8f2e559d7e55e7b4b2eaa1a5f2b1,10,9,9,9,0,1,0,0,0,640,54,586,0.084375,1,0.018518518518518517,53,4.333333333333333,2112800,True,0,0,0,,0,0
230,TargetedFedPhoenix,1,0.125,10,update_norm,all,1,78.0199966430664,9.790193199994974,"[88, 90, 96, 35, 69, 11, 60, 48, 23, 42]","[23100688, 23101685, 23102682, 23103679, 23104676, 23105673, 23106670, 23107667, 23108664, 23109661]",99f2b7d86dc00dc99f101474b78ba4a95a9614490386015190c06aa1d44c97c2,10,7,7,7,0,3,0,0,0,640,42,598,0.065625,1,0.023809523809523808,41,3.7142857142857144,2112800,True,0,0,0,,0,0
231,TargetedFedPhoenix,1,0.125,10,update_norm,all,1,75.06999969482422,9.419849099998828,"[98, 88, 43, 57, 48, 99, 63, 53, 94, 55]","[23200691, 23201688, 23202685, 23203682, 23204679, 23205676, 23206673, 23207670, 23208667, 23209664]",9d7bddab96cb1c004c1b267f56fc699f485dbb57ef6d0d3e0268ca1c78195e98,10,6,6,6,0,4,0,0,0,640,36,604,0.05625,0,0.0,36,4.5,2112800,True,0,0,0,,0,0
232,TargetedFedPhoenix,1,0.125,10,update_norm,all,1,77.33000183105469,10.736152199999196,"[96, 75, 74, 76, 39, 80, 34, 12, 60, 20]","[23300694, 23301691, 23302688, 23303685, 23304682, 23305679, 23306676, 23307673, 23308670, 23309667]",c464a38b50f4736439fe7b703b777e6d4f65526ae571410996c9803f948dd411,10,7,7,7,0,3,0,0,0,620,42,578,0.06774193548387097,0,0.0,42,5.428571428571429,2112800,True,0,0,0,,0,0
233,TargetedFedPhoenix,1,0.125,10,update_norm,all,1,72.30999755859375,9.668701499991585,"[20, 47, 38, 59, 64, 82, 60, 45, 63, 85]","[23400697, 23401694, 23402691, 23403688, 23404685, 23405682, 23406679, 23407676, 23408673, 23409670]",67aff0fff671070b9a67c86fa2df48247d9c6d53c8c3c466cdbe9f399dc80a70,10,7,7,7,0,3,0,0,0,620,42,578,0.06774193548387097,0,0.0,42,4.285714285714286,2112800,True,0,0,0,,0,0
234,TargetedFedPhoenix,1,0.125,10,update_norm,all,1,69.05999755859375,9.387050999997882,"[32, 6, 51, 4, 8, 22, 72, 86, 55, 12]","[23500700, 23501697, 23502694, 23503691, 23504688, 23505685, 23506682, 23507679, 23508676, 23509673]",50e1507c1df9931f545786e1e4d6a13abb50a61a85f16268436f44d440f9b1da,10,5,5,5,0,5,0,0,0,620,30,590,0.04838709677419355,1,0.03333333333333333,29,4.8,2112800,True,0,0,0,,0,0
235,TargetedFedPhoenix,1,0.125,10,update_norm,all,1,61.810001373291016,10.185272700007772,"[45, 71, 84, 65, 61, 83, 87, 53, 77, 51]","[23600703, 23601700, 23602697, 23603694, 23604691, 23605688, 23606685, 23607682, 23608679, 23609676]",5e9e3c9a74c1ba9393d8e8f7e6618f4e0fbad95c155ff46843b1b614ea2948de,10,7,7,7,0,3,0,0,0,620,42,578,0.06774193548387097,1,0.023809523809523808,41,4.857142857142857,2112800,True,0,0,0,,0,0
236,TargetedFedPhoenix,1,0.125,10,update_norm,all,1,75.94999694824219,10.22583019999729,"[13, 71, 56, 63, 49, 44, 85, 76, 50, 93]","[23700706, 23701703, 23702700, 23703697, 23704694, 23705691, 23706688, 23707685, 23708682, 23709679]",4bb8c22f62989d75993733ecd4658b742d5fe33e5d16ad14dd3eb6103afef409,10,5,5,5,0,5,0,0,0,620,30,590,0.04838709677419355,1,0.03333333333333333,29,4.0,2112800,True,0,0,0,,0,0
237,TargetedFedPhoenix,1,0.125,10,update_norm,all,1,69.66999816894531,9.281343700000434,"[45, 52, 95, 68, 64, 15, 29, 54, 43, 93]","[23800709, 23801706, 23802703, 23803700, 23804697, 23805694, 23806691, 23807688, 23808685, 23809682]",94454ded775d8ea8c15655521370e698d4577577af2d5772a96e94e0ebde4d5b,10,6,6,6,0,4,0,0,0,620,36,584,0.05806451612903226,0,0.0,36,5.0,2112800,True,0,0,0,,0,0
238,TargetedFedPhoenix,1,0.125,10,update_norm,all,1,67.87999725341797,10.049388300001738,"[58, 70, 25, 56, 87, 27, 94, 1, 74, 44]","[23900712, 23901709, 23902706, 23903703, 23904700, 23905697, 23906694, 23907691, 23908688, 23909685]",0bd110e8b0af8a3635cdbab1b18515a0deb2adb12482ed4392c409fb0e09a684,10,7,7,7,0,3,0,0,0,620,42,578,0.06774193548387097,1,0.023809523809523808,41,5.428571428571429,2112800,True,0,0,0,,0,0
239,TargetedFedPhoenix,1,0.125,10,update_norm,all,1,74.88999938964844,11.581066500002635,"[2, 7, 31, 45, 81, 62, 23, 97, 18, 27]","[24000715, 24001712, 24002709, 24003706, 24004703, 24005700, 24006697, 24007694, 24008691, 24009688]",943acacbdbde0b620464e5b60b5fd8aadc1a66a311390f74fce10ee87954becf,10,4,4,4,0,6,0,0,0,620,24,596,0.03870967741935484,1,0.041666666666666664,23,5.5,2112800,True,0,0,0,,0,0
240,TargetedFedPhoenix,1,0.125,10,update_norm,all,1,66.69000244140625,10.834582299998146,"[25, 13, 40, 64, 52, 44, 22, 48, 3, 46]","[24100718, 24101715, 24102712, 24103709, 24104706, 24105703, 24106700, 24107697, 24108694, 24109691]",2d5d30f5e4ae6290259ebf6b295a47241a38d00e64ea4382d0e22e203a0e96b4,10,7,7,7,0,3,0,0,0,620,42,578,0.06774193548387097,1,0.023809523809523808,41,4.142857142857143,2112800,True,0,0,0,,0,0
241,TargetedFedPhoenix,1,0.125,10,update_norm,all,1,74.79000091552734,8.789225900007295,"[84, 9, 72, 56, 13, 98, 21, 79, 71, 32]","[24200721, 24201718, 24202715, 24203712, 24204709, 24205706, 24206703, 24207700, 24208697, 24209694]",1c5f10a55c94fb8003582ee64df828076cc8719ab4a8f50edc4f03ec94ed2b12,10,7,7,7,0,3,0,0,0,620,42,578,0.06774193548387097,0,0.0,42,5.571428571428571,2112800,True,0,0,0,,0,0
242,TargetedFedPhoenix,1,0.125,10,update_norm,all,1,73.36000061035156,11.740190199998324,"[32, 2, 36, 91, 58, 81, 87, 68, 25, 5]","[24300724, 24301721, 24302718, 24303715, 24304712, 24305709, 24306706, 24307703, 24308700, 24309697]",cb6ef39297f175492e241bd3925a9b69cfbd5ce9809c06b28873f3ff91000b12,10,7,7,7,0,3,0,0,0,620,42,578,0.06774193548387097,1,0.023809523809523808,41,3.142857142857143,2112800,True,0,0,0,,0,0
243,TargetedFedPhoenix,1,0.125,10,update_norm,all,1,73.88999938964844,10.556862400000682,"[25, 41, 74, 21, 97, 69, 4, 17, 3, 88]","[24400727, 24401724, 24402721, 24403718, 24404715, 24405712, 24406709, 24407706, 24408703, 24409700]",9f34a1aa0d284d71386201e7e4e3d24a2239fc6a64a0200122155a17aa8e70d6,10,6,6,6,0,4,0,0,0,620,36,584,0.05806451612903226,0,0.0,36,4.0,2112800,True,0,0,0,,0,0
244,TargetedFedPhoenix,1,0.125,10,update_norm,all,1,73.4000015258789,11.422894900009851,"[80, 19, 97, 75, 60, 93, 78, 40, 32, 87]","[24500730, 24501727, 24502724, 24503721, 24504718, 24505715, 24506712, 24507709, 24508706, 24509703]",ae9ac99d2981b4f0e72467d16bdc666fd8876ab0f835f85f7dd2a788fb05e9f2,10,5,5,5,0,5,0,0,0,620,30,590,0.04838709677419355,0,0.0,30,3.2,2112800,True,0,0,0,,0,0
245,TargetedFedPhoenix,1,0.125,10,update_norm,all,1,75.04000091552734,10.325118399996427,"[70, 59, 68, 16, 36, 72, 71, 45, 91, 56]","[24600733, 24601730, 24602727, 24603724, 24604721, 24605718, 24606715, 24607712, 24608709, 24609706]",31d8ad5497d8efbf326c48d5d2d7e7edb524794edeb0e076ad80090ce30d55cb,10,8,8,8,0,2,0,0,0,620,48,572,0.07741935483870968,0,0.0,48,4.25,2112800,True,0,0,0,,0,0
246,TargetedFedPhoenix,1,0.125,10,update_norm,all,1,76.2300033569336,8.699372500006575,"[83, 81, 9, 39, 2, 67, 66, 98, 80, 51]","[24700736, 24701733, 24702730, 24703727, 24704724, 24705721, 24706718, 24707715, 24708712, 24709709]",73df13ddd1e908ff9f27b630a7ed9eedae5eb0306c98d65468160d2bb8c3bf68,10,5,5,5,0,5,0,0,0,620,30,590,0.04838709677419355,1,0.03333333333333333,29,4.0,2112800,True,0,0,0,,0,0
247,TargetedFedPhoenix,1,0.125,10,update_norm,all,1,54.119998931884766,8.337597800011281,"[43, 64, 42, 4, 78, 0, 39, 57, 37, 98]","[24800739, 24801736, 24802733, 24803730, 24804727, 24805724, 24806721, 24807718, 24808715, 24809712]",fde1c4d26aa71a16efed04121505646472aa841fa23cbf634d228dde9f011fe9,10,6,6,6,0,4,0,0,0,620,36,584,0.05806451612903226,0,0.0,36,4.333333333333333,2112800,True,0,0,0,,0,0
248,TargetedFedPhoenix,1,0.125,10,update_norm,all,1,73.81999969482422,12.121148399994127,"[11, 6, 16, 48, 14, 19, 68, 82, 94, 39]","[24900742, 24901739, 24902736, 24903733, 24904730, 24905727, 24906724, 24907721, 24908718, 24909715]",6cc958caec840343de9076ee05f318244dce90657e98f0114969a1e8568a3ef1,10,6,6,6,0,4,0,0,0,620,36,584,0.05806451612903226,1,0.027777777777777776,35,4.833333333333333,2112800,True,0,0,0,,0,0
249,TargetedFedPhoenix,1,0.125,10,update_norm,all,1,69.91999816894531,10.210442099996726,"[0, 7, 93, 77, 78, 38, 46, 99, 42, 54]","[25000745, 25001742, 25002739, 25003736, 25004733, 25005730, 25006727, 25007724, 25008721, 25009718]",df40b33427baa4711f536cf15a67da442f0ba0863361b3f7bbb13fbb422f9d1d,10,6,6,6,0,4,0,0,0,620,36,584,0.05806451612903226,1,0.027777777777777776,35,5.0,2112800,True,0,0,0,,0,0
250,TargetedFedPhoenix,1,0.125,10,update_norm,all,1,73.58999633789062,13.125614100004896,"[36, 70, 71, 57, 63, 73, 69, 17, 48, 47]","[25100748, 25101745, 25102742, 25103739, 25104736, 25105733, 25106730, 25107727, 25108724, 25109721]",d6d9d7a7c2d7a23a027aea139fa215b79635e69f445ce70c22e90b49aa8ad53a,10,7,7,7,0,3,0,0,0,620,42,578,0.06774193548387097,1,0.023809523809523808,41,4.857142857142857,2112800,True,0,0,0,,0,0
251,TargetedFedPhoenix,1,0.125,10,update_norm,all,1,76.9000015258789,8.745138500002213,"[10, 42, 60, 43, 85, 48, 1, 91, 22, 26]","[25200751, 25201748, 25202745, 25203742, 25204739, 25205736, 25206733, 25207730, 25208727, 25209724]",204ff43f5f2013d34d61f410fe56fc77331def9caad2b54dd30267cda472568b,10,5,5,5,0,5,0,0,0,620,30,590,0.04838709677419355,0,0.0,30,4.0,2112800,True,0,0,0,,0,0
252,TargetedFedPhoenix,1,0.125,10,update_norm,all,1,72.6500015258789,11.346340899995994,"[46, 3, 23, 96, 47, 32, 52, 50, 82, 28]","[25300754, 25301751, 25302748, 25303745, 25304742, 25305739, 25306736, 25307733, 25308730, 25309727]",af6d20f2501f082c392adb37f95ce79cc7d0c91594528676b7efa9431dac7b5d,10,5,5,5,0,5,0,0,0,620,30,590,0.04838709677419355,0,0.0,30,5.2,2112800,True,0,0,0,,0,0
253,TargetedFedPhoenix,1,0.125,10,update_norm,all,1,71.6500015258789,9.336153299998841,"[2, 55, 26, 94, 14, 72, 5, 50, 91, 42]","[25400757, 25401754, 25402751, 25403748, 25404745, 25405742, 25406739, 25407736, 25408733, 25409730]",17037ad89a3d5bf8d2b98512bc5280a800a7e377d5c4ec25b982a13843ce1abe,10,8,8,8,0,2,0,0,0,620,48,572,0.07741935483870968,0,0.0,48,4.0,2112800,True,0,0,0,,0,0
254,TargetedFedPhoenix,1,0.125,10,update_norm,all,1,69.94000244140625,10.509270199996536,"[75, 69, 0, 7, 53, 77, 67, 64, 62, 73]","[25500760, 25501757, 25502754, 25503751, 25504748, 25505745, 25506742, 25507739, 25508736, 25509733]",b8eeb86735866562a6bd968a49ebb98a2d5834b7dbe0e6d15e4be1f9fe6f7bd2,10,8,8,8,0,2,0,0,0,620,48,572,0.07741935483870968,1,0.020833333333333332,47,6.0,2112800,True,0,0,0,,0,0
255,TargetedFedPhoenix,1,0.125,10,update_norm,all,1,77.3499984741211,10.749228999993647,"[14, 27, 66, 5, 15, 75, 91, 28, 63, 62]","[25600763, 25601760, 25602757, 25603754, 25604751, 25605748, 25606745, 25607742, 25608739, 25609736]",917e419d13da32cad852ecb372fd2b153e71111dec64f8943923ec7458cba361,10,8,8,8,0,2,0,0,0,620,48,572,0.07741935483870968,1,0.020833333333333332,47,3.125,2112800,True,0,0,0,,0,0
256,TargetedFedPhoenix,1,0.125,10,update_norm,all,1,69.66999816894531,10.589213900006143,"[74, 39, 76, 51, 46, 12, 95, 17, 68, 93]","[25700766, 25701763, 25702760, 25703757, 25704754, 25705751, 25706748, 25707745, 25708742, 25709739]",73eca1c9a6f0e80af169124a5cda33203a2b6cba38522eda8485b212e4ea09ef,10,6,6,6,0,4,0,0,0,620,36,584,0.05806451612903226,1,0.027777777777777776,35,7.166666666666667,2112800,True,0,0,0,,0,0
257,TargetedFedPhoenix,1,0.125,10,update_norm,all,1,76.20999908447266,11.533945999995922,"[46, 28, 88, 96, 20, 23, 19, 15, 91, 11]","[25800769, 25801766, 25802763, 25803760, 25804757, 25805754, 25806751, 25807748, 25808745, 25809742]",4b40460caeb106b4b589c9d87e8061d9d0d54e6956f3b5fab0b90cf6a0dc2b86,10,8,8,8,0,2,0,0,0,620,48,572,0.07741935483870968,1,0.020833333333333332,47,4.375,2112800,True,0,0,0,,0,0
258,TargetedFedPhoenix,1,0.125,10,update_norm,all,1,74.2300033569336,10.542959700003848,"[18, 46, 87, 61, 79, 50, 69, 97, 72, 37]","[25900772, 25901769, 25902766, 25903763, 25904760, 25905757, 25906754, 25907751, 25908748, 25909745]",b418f427fb5ed1c34c67572d4dbb85a271d5c48172fc2134211b9283f42e5022,10,4,4,4,0,6,0,0,0,620,24,596,0.03870967741935484,0,0.0,24,3.75,2112800,True,0,0,0,,0,0
259,TargetedFedPhoenix,1,0.125,10,update_norm,all,1,75.86000061035156,11.284844599998905,"[34, 57, 53, 30, 72, 9, 37, 19, 5, 14]","[26000775, 26001772, 26002769, 26003766, 26004763, 26005760, 26006757, 26007754, 26008751, 26009748]",fa8baf7aea8a28a1adc8d2e564475d92210adff73a42d56ac25454298f9e0cc1,10,7,7,7,0,3,0,0,0,620,42,578,0.06774193548387097,0,0.0,42,3.7142857142857144,2112800,True,0,0,0,,0,0
260,TargetedFedPhoenix,1,0.125,10,update_norm,all,1,76.43000030517578,9.361789600006887,"[4, 67, 61, 35, 96, 86, 63, 9, 8, 36]","[26100778, 26101775, 26102772, 26103769, 26104766, 26105763, 26106760, 26107757, 26108754, 26109751]",e20de806a31687a26f80205d615a492ad1bed8d2ab34a091d37dca8dfedb5982,10,6,6,6,0,4,0,0,0,620,36,584,0.05806451612903226,0,0.0,36,4.5,2112800,True,0,0,0,,0,0
261,TargetedFedPhoenix,1,0.125,10,update_norm,all,1,75.8499984741211,9.993086400005268,"[89, 41, 20, 92, 67, 44, 61, 77, 3, 9]","[26200781, 26201778, 26202775, 26203772, 26204769, 26205766, 26206763, 26207760, 26208757, 26209754]",d3083ce9726a9ebaec35f79a6e1696f1924dbd01276e87027472a45e08e146f1,10,6,6,6,0,4,0,0,0,620,36,584,0.05806451612903226,0,0.0,36,3.8333333333333335,2112800,True,0,0,0,,0,0
262,TargetedFedPhoenix,1,0.125,10,update_norm,all,1,74.48999786376953,10.032772999998997,"[87, 20, 97, 50, 35, 68, 33, 98, 53, 96]","[26300784, 26301781, 26302778, 26303775, 26304772, 26305769, 26306766, 26307763, 26308760, 26309757]",fe29bd266129f72a5c554e995feca4de52236ed24ad672c599b85f6ecb775459,10,8,8,8,0,2,0,0,0,620,48,572,0.07741935483870968,1,0.020833333333333332,47,3.25,2112800,True,0,0,0,,0,0
263,TargetedFedPhoenix,1,0.125,10,update_norm,all,1,70.37999725341797,11.505523200001335,"[89, 57, 26, 69, 23, 54, 68, 92, 4, 82]","[26400787, 26401784, 26402781, 26403778, 26404775, 26405772, 26406769, 26407766, 26408763, 26409760]",443de9de639fc84448d40de90b159500ce80edf70b4a3a09c5b4ee4950be4cc1,10,8,8,8,0,2,0,0,0,620,48,572,0.07741935483870968,1,0.020833333333333332,47,4.125,2112800,True,0,0,0,,0,0
264,TargetedFedPhoenix,1,0.125,10,update_norm,all,1,72.43000030517578,10.583588300010888,"[45, 31, 11, 28, 39, 71, 7, 91, 4, 93]","[26500790, 26501787, 26502784, 26503781, 26504778, 26505775, 26506772, 26507769, 26508766, 26509763]",3fa9b52ece93cc4a9cda47b3a53e162673e8e9ce3e5eb00e71cd37c605739f44,10,7,7,7,0,3,0,0,0,620,42,578,0.06774193548387097,1,0.023809523809523808,41,6.857142857142857,2112800,True,0,0,0,,0,0
265,TargetedFedPhoenix,1,0.125,10,update_norm,all,1,75.73999786376953,12.113540599995758,"[2, 85, 50, 23, 46, 82, 83, 20, 49, 6]","[26600793, 26601790, 26602787, 26603784, 26604781, 26605778, 26606775, 26607772, 26608769, 26609766]",959a26fd4ffc884b34db78b7a0d034a3b3371ba734eb86ea6d572fda721ee1c7,10,5,5,5,0,5,0,0,0,620,30,590,0.04838709677419355,0,0.0,30,3.4,2112800,True,0,0,0,,0,0
266,TargetedFedPhoenix,1,0.125,10,update_norm,all,1,75.31999969482422,11.834366600000067,"[3, 42, 84, 62, 69, 25, 23, 76, 52, 75]","[26700796, 26701793, 26702790, 26703787, 26704784, 26705781, 26706778, 26707775, 26708772, 26709769]",0b2bfbdcc98e52bb358df79fc551b68b90d4a3f47a2190165c35c7729b2cb2f9,10,4,4,4,0,6,0,0,0,620,24,596,0.03870967741935484,0,0.0,24,4.75,2112800,True,0,0,0,,0,0
267,TargetedFedPhoenix,1,0.125,10,update_norm,all,1,72.23999786376953,9.717080200003693,"[4, 95, 1, 21, 83, 23, 48, 78, 42, 31]","[26800799, 26801796, 26802793, 26803790, 26804787, 26805784, 26806781, 26807778, 26808775, 26809772]",201080174753747bd40f01eba20c72567e0463fb89398f7f7f138b9d3edfcd35,10,5,5,5,0,5,0,0,0,620,30,590,0.04838709677419355,0,0.0,30,2.0,2112800,True,0,0,0,,0,0
268,TargetedFedPhoenix,1,0.125,10,update_norm,all,1,53.61000061035156,8.837465200005681,"[38, 6, 37, 55, 34, 97, 98, 74, 56, 45]","[26900802, 26901799, 26902796, 26903793, 26904790, 26905787, 26906784, 26907781, 26908778, 26909775]",480d27d5c72ec2d845443cfef80697d0c1e888a83e81bbd936988ca178037712,10,6,6,6,0,4,0,0,0,620,36,584,0.05806451612903226,1,0.027777777777777776,35,6.166666666666667,2112800,True,0,0,0,,0,0
269,TargetedFedPhoenix,1,0.125,10,update_norm,all,1,72.8499984741211,9.307795899992925,"[54, 93, 74, 85, 16, 98, 50, 59, 70, 3]","[27000805, 27001802, 27002799, 27003796, 27004793, 27005790, 27006787, 27007784, 27008781, 27009778]",177fdece0f91c7854c99e42bcfa9694e23469ea4c6a908d91345221811ee6cd9,10,7,7,7,0,3,0,0,0,620,42,578,0.06774193548387097,3,0.07142857142857142,39,3.4285714285714284,2112800,True,0,0,0,,0,0
270,TargetedFedPhoenix,1,0.125,10,update_norm,all,1,70.08000183105469,9.668510300005437,"[39, 20, 43, 1, 78, 0, 60, 31, 15, 6]","[27100808, 27101805, 27102802, 27103799, 27104796, 27105793, 27106790, 27107787, 27108784, 27109781]",89b61860f0e4bb90445f016a39d1dd0cea208f36cdc5914d47f09840806d56b9,10,6,6,6,0,4,0,0,0,620,36,584,0.05806451612903226,1,0.027777777777777776,35,3.6666666666666665,2112800,True,0,0,0,,0,0
271,TargetedFedPhoenix,1,0.125,10,update_norm,all,1,73.44000244140625,9.047673799999757,"[42, 76, 2, 31, 19, 17, 83, 92, 44, 35]","[27200811, 27201808, 27202805, 27203802, 27204799, 27205796, 27206793, 27207790, 27208787, 27209784]",6d39ae2bbf50bfdeba4d0bb33de0df35b389217112ae2cc1084c9ccd40fac875,10,8,8,8,0,2,0,0,0,620,48,572,0.07741935483870968,1,0.020833333333333332,47,5.875,2112800,True,0,0,0,,0,0
272,TargetedFedPhoenix,1,0.125,10,update_norm,all,1,66.31999969482422,8.262123699998483,"[56, 91, 92, 28, 38, 82, 32, 98, 63, 85]","[27300814, 27301811, 27302808, 27303805, 27304802, 27305799, 27306796, 27307793, 27308790, 27309787]",ba591e6dff07eca39261c5af664dc39b18cadb6747c92c00d30b4ce00ab3caaa,10,8,8,8,0,2,0,0,0,620,48,572,0.07741935483870968,1,0.020833333333333332,47,4.75,2112800,True,0,0,0,,0,0
273,TargetedFedPhoenix,1,0.125,10,update_norm,all,1,67.2300033569336,11.194897699999274,"[5, 84, 60, 47, 3, 13, 65, 92, 19, 74]","[27400817, 27401814, 27402811, 27403808, 27404805, 27405802, 27406799, 27407796, 27408793, 27409790]",264b5321b19bf516168e93cfe73a327bee014b4c2963fa30fa6604928a5ed57c,10,6,6,6,0,4,0,0,0,620,36,584,0.05806451612903226,1,0.027777777777777776,35,3.5,2112800,True,0,0,0,,0,0
274,TargetedFedPhoenix,1,0.125,10,update_norm,all,1,50.189998626708984,10.6124073999963,"[59, 45, 39, 67, 6, 78, 84, 80, 22, 57]","[27500820, 27501817, 27502814, 27503811, 27504808, 27505805, 27506802, 27507799, 27508796, 27509793]",d7fa70057394d3b2e93b385e0018ebb37ef3c4d10251bf2a419af6f441cb77c2,10,6,6,6,0,4,0,0,0,620,36,584,0.05806451612903226,1,0.027777777777777776,35,4.0,2112800,True,0,0,0,,0,0
275,TargetedFedPhoenix,1,0.125,10,update_norm,all,1,75.16000366210938,8.762520600008429,"[64, 42, 43, 38, 94, 36, 68, 8, 11, 89]","[27600823, 27601820, 27602817, 27603814, 27604811, 27605808, 27606805, 27607802, 27608799, 27609796]",10882c56bc9d7ff03b83ae7757e1d36713103f2ea8f55dc6e5da88846e741252,10,3,3,3,0,7,0,0,0,620,18,602,0.02903225806451613,0,0.0,18,4.0,2112800,True,0,0,0,,0,0
276,TargetedFedPhoenix,1,0.125,10,update_norm,all,1,67.47000122070312,11.681732299999567,"[23, 69, 89, 9, 42, 74, 62, 68, 57, 93]","[27700826, 27701823, 27702820, 27703817, 27704814, 27705811, 27706808, 27707805, 27708802, 27709799]",14d593c1ca4d13c5abfb54f12d715f9bed204e165431212067610873a4c0cefd,10,9,9,9,0,1,0,0,0,620,54,566,0.08709677419354839,0,0.0,54,4.888888888888889,2112800,True,0,0,0,,0,0
277,TargetedFedPhoenix,1,0.125,10,update_norm,all,1,76.9000015258789,11.56230510000023,"[85, 66, 93, 44, 48, 13, 3, 21, 23, 39]","[27800829, 27801826, 27802823, 27803820, 27804817, 27805814, 27806811, 27807808, 27808805, 27809802]",2bdc9410f4bd4417274fd6389fa29c4a05622a8db43a5009da2d0d0b388dd37f,10,9,9,9,0,1,0,0,0,620,54,566,0.08709677419354839,0,0.0,54,4.888888888888889,2112800,True,0,0,0,,0,0
278,TargetedFedPhoenix,1,0.125,10,update_norm,all,1,71.06999969482422,12.256595500002732,"[28, 94, 18, 68, 65, 53, 66, 75, 12, 92]","[27900832, 27901829, 27902826, 27903823, 27904820, 27905817, 27906814, 27907811, 27908808, 27909805]",d4c93706b776e7c69aa5f75945043960bf1e86bbe556ae581d791e084fc3228c,10,6,6,6,0,4,0,0,0,620,36,584,0.05806451612903226,0,0.0,36,3.6666666666666665,2112800,True,0,0,0,,0,0
279,TargetedFedPhoenix,1,0.125,10,update_norm,all,1,78.20999908447266,9.4152224999998,"[90, 75, 39, 64, 49, 44, 66, 50, 60, 98]","[28000835, 28001832, 28002829, 28003826, 28004823, 28005820, 28006817, 28007814, 28008811, 28009808]",345665e432d0fb095597ea89d2cafee217769e8b9b9ebd98cb9c8081a3b9de72,10,8,8,8,0,2,0,0,0,620,48,572,0.07741935483870968,0,0.0,48,4.125,2112800,True,0,0,0,,0,0
280,TargetedFedPhoenix,1,0.125,10,update_norm,all,1,72.55000305175781,11.132561499995063,"[61, 27, 77, 23, 66, 33, 26, 42, 37, 78]","[28100838, 28101835, 28102832, 28103829, 28104826, 28105823, 28106820, 28107817, 28108814, 28109811]",557023517fe8c933d73a8b3aeb7e3448d249439fe4f439b6b6e270136a66ae7b,10,4,4,4,0,6,0,0,0,620,24,596,0.03870967741935484,2,0.08333333333333333,22,3.5,2112800,True,0,0,0,,0,0
281,TargetedFedPhoenix,1,0.125,10,update_norm,all,1,71.19000244140625,9.872197299991967,"[0, 56, 5, 30, 76, 95, 53, 73, 63, 88]","[28200841, 28201838, 28202835, 28203832, 28204829, 28205826, 28206823, 28207820, 28208817, 28209814]",a59563b9d0ef0a205ec0afdb7afa38beb28ca16e5b528554493c7f4ee5417bfb,10,5,5,5,0,5,0,0,0,620,30,590,0.04838709677419355,1,0.03333333333333333,29,7.8,2112800,True,0,0,0,,0,0
282,TargetedFedPhoenix,1,0.125,10,update_norm,all,1,62.90999984741211,10.891605800003163,"[84, 89, 68, 64, 78, 62, 28, 30, 49, 41]","[28300844, 28301841, 28302838, 28303835, 28304832, 28305829, 28306826, 28307823, 28308820, 28309817]",3caf439bbcdd5e9739d2998bef604963bd3ef3c0543a01180b8fd4a35412b54b,10,9,9,9,0,1,0,0,0,620,54,566,0.08709677419354839,2,0.037037037037037035,52,4.111111111111111,2112800,True,0,0,0,,0,0
283,TargetedFedPhoenix,1,0.125,10,update_norm,all,1,73.79000091552734,9.974290700003621,"[67, 45, 94, 35, 39, 72, 5, 22, 7, 62]","[28400847, 28401844, 28402841, 28403838, 28404835, 28405832, 28406829, 28407826, 28408823, 28409820]",24ba2eab59dce4fff513e2aae770a7ada40cf2026270416b0492badfbd65d25f,10,7,7,7,0,3,0,0,0,620,42,578,0.06774193548387097,0,0.0,42,5.571428571428571,2112800,True,0,0,0,,0,0
284,TargetedFedPhoenix,1,0.125,10,update_norm,all,1,76.27999877929688,9.297242599990568,"[90, 91, 9, 58, 98, 5, 97, 92, 55, 12]","[28500850, 28501847, 28502844, 28503841, 28504838, 28505835, 28506832, 28507829, 28508826, 28509823]",7619af19ce2fef2713dfbcf05543bf902189f245c4295f25f93fdd8e053de3ee,10,6,6,6,0,4,0,0,0,620,36,584,0.05806451612903226,2,0.05555555555555555,34,5.166666666666667,2112800,True,0,0,0,,0,0
285,TargetedFedPhoenix,1,0.125,10,update_norm,all,1,72.02999877929688,9.19564679999894,"[84, 9, 22, 95, 91, 55, 21, 15, 13, 1]","[28600853, 28601850, 28602847, 28603844, 28604841, 28605838, 28606835, 28607832, 28608829, 28609826]",4091ea9e6da7e63175a47b76d0d98b27c788aa826bc248910140e749d82ccbdb,10,8,8,8,0,2,0,0,0,620,48,572,0.07741935483870968,1,0.020833333333333332,47,3.5,2112800,True,0,0,0,,0,0
286,TargetedFedPhoenix,1,0.125,10,update_norm,all,1,61.720001220703125,10.543869900007849,"[1, 53, 10, 7, 6, 90, 21, 92, 78, 46]","[28700856, 28701853, 28702850, 28703847, 28704844, 28705841, 28706838, 28707835, 28708832, 28709829]",792dd04ea3e196806711c7a5e266bf49882ef44ab206fb0b8385a2f4103ccba3,10,7,7,7,0,3,0,0,0,620,42,578,0.06774193548387097,1,0.023809523809523808,41,2.5714285714285716,2112800,True,0,0,0,,0,0
287,TargetedFedPhoenix,1,0.125,10,update_norm,all,1,72.04000091552734,11.443674000009196,"[85, 92, 66, 58, 24, 86, 82, 2, 7, 64]","[28800859, 28801856, 28802853, 28803850, 28804847, 28805844, 28806841, 28807838, 28808835, 28809832]",f0ffc318eb4c2cfedc75b02cc2dd66c14a7ad9c8eac678ef65b684d8815ae58b,10,6,6,6,0,4,0,0,0,620,36,584,0.05806451612903226,1,0.027777777777777776,35,4.5,2112800,True,0,0,0,,0,0
288,TargetedFedPhoenix,1,0.125,10,update_norm,all,1,69.52999877929688,11.95696529999259,"[40, 50, 36, 99, 33, 79, 62, 74, 16, 22]","[28900862, 28901859, 28902856, 28903853, 28904850, 28905847, 28906844, 28907841, 28908838, 28909835]",474c8cb606af1846ad93b2c88c7ff7cacbd626d2c695063638fe3f84830ab3d2,10,4,4,4,0,6,0,0,0,620,24,596,0.03870967741935484,1,0.041666666666666664,23,6.25,2112800,True,0,0,0,,0,0
289,TargetedFedPhoenix,1,0.125,10,update_norm,all,1,74.68000030517578,11.282315999997081,"[25, 33, 10, 14, 87, 8, 51, 83, 69, 57]","[29000865, 29001862, 29002859, 29003856, 29004853, 29005850, 29006847, 29007844, 29008841, 29009838]",87de3d1c301f67492fd9a6654ffbd71955f784a28a707dc0b373f21fd1ccdd2f,10,2,2,2,0,8,0,0,0,620,12,608,0.01935483870967742,0,0.0,12,2.0,2112800,True,0,0,0,,0,0
290,TargetedFedPhoenix,1,0.125,10,update_norm,all,1,77.19999694824219,9.928446700010682,"[35, 15, 38, 19, 52, 46, 71, 9, 47, 75]","[29100868, 29101865, 29102862, 29103859, 29104856, 29105853, 29106850, 29107847, 29108844, 29109841]",c9e1bf661522170d2c28b6037dd1307ba6e04ef7003891b1387057506ad84d38,10,4,4,4,0,6,0,0,0,620,24,596,0.03870967741935484,0,0.0,24,5.25,2112800,True,0,0,0,,0,0
291,TargetedFedPhoenix,1,0.125,10,update_norm,all,1,76.87000274658203,9.723668000006,"[86, 92, 14, 8, 45, 38, 60, 63, 82, 46]","[29200871, 29201868, 29202865, 29203862, 29204859, 29205856, 29206853, 29207850, 29208847, 29209844]",859e28aecd0a217531517ab95f9cace3e36aa66a898a4692317df8b4a31b0089,10,9,9,9,0,1,0,0,0,620,54,566,0.08709677419354839,1,0.018518518518518517,53,4.0,2112800,True,0,0,0,,0,0
292,TargetedFedPhoenix,1,0.125,10,update_norm,all,1,68.0199966430664,11.13962819999142,"[73, 57, 67, 14, 40, 24, 63, 35, 72, 69]","[29300874, 29301871, 29302868, 29303865, 29304862, 29305859, 29306856, 29307853, 29308850, 29309847]",fc3d4665fdf4cbfb9e04ce5502bbcbf783fc15bc483f51120602c34a4e0e11c2,10,9,9,9,0,1,0,0,0,620,54,566,0.08709677419354839,1,0.018518518518518517,53,4.111111111111111,2112800,True,0,0,0,,0,0
293,TargetedFedPhoenix,1,0.125,10,update_norm,all,1,72.31999969482422,9.202800999992178,"[77, 55, 61, 34, 18, 35, 0, 97, 98, 26]","[29400877, 29401874, 29402871, 29403868, 29404865, 29405862, 29406859, 29407856, 29408853, 29409850]",381a050ea3fab9cd502fbcc7e8308b45daeaecc90040b3cc557b82834b7507c0,10,4,4,4,0,6,0,0,0,620,24,596,0.03870967741935484,2,0.08333333333333333,22,6.75,2112800,True,0,0,0,,0,0
294,TargetedFedPhoenix,1,0.125,10,update_norm,all,1,72.16000366210938,8.741399100006674,"[90, 30, 53, 77, 76, 85, 8, 35, 81, 69]","[29500880, 29501877, 29502874, 29503871, 29504868, 29505865, 29506862, 29507859, 29508856, 29509853]",c212d2f8c42559ef9e332ae0d969e2fa198c0b9f8b3b8aea24415044b9214a6b,10,7,7,7,0,3,0,0,0,620,42,578,0.06774193548387097,1,0.023809523809523808,41,4.285714285714286,2112800,True,0,0,0,,0,0
295,TargetedFedPhoenix,1,0.125,10,update_norm,all,1,74.30999755859375,11.617769000004046,"[52, 30, 46, 49, 35, 90, 6, 40, 20, 97]","[29600883, 29601880, 29602877, 29603874, 29604871, 29605868, 29606865, 29607862, 29608859, 29609856]",9e25fce3aa83a151816f8e6aa3c1cc9db9fef49d63be2799ef4ed5220c3d4af9,10,8,8,8,0,2,0,0,0,620,48,572,0.07741935483870968,3,0.0625,45,3.25,2112800,True,0,0,0,,0,0
296,TargetedFedPhoenix,1,0.125,10,update_norm,all,1,75.83999633789062,10.261061700002756,"[42, 21, 97, 18, 44, 48, 98, 45, 7, 95]","[29700886, 29701883, 29702880, 29703877, 29704874, 29705871, 29706868, 29707865, 29708862, 29709859]",490df7e31e9a513da422251a07b01bad8d403f7bbf09f3f7068bc154f24e2b7a,10,6,6,6,0,4,0,0,0,620,36,584,0.05806451612903226,0,0.0,36,5.166666666666667,2112800,True,0,0,0,,0,0
297,TargetedFedPhoenix,1,0.125,10,update_norm,all,1,76.86000061035156,10.108782900002552,"[67, 72, 49, 58, 2, 66, 55, 98, 25, 53]","[29800889, 29801886, 29802883, 29803880, 29804877, 29805874, 29806871, 29807868, 29808865, 29809862]",0432ec2f6331a427ea78220ff66e6a217b86d5cb880c48069a01565027c749f3,10,10,10,10,0,0,0,0,0,620,60,560,0.0967741935483871,2,0.03333333333333333,58,5.8,2112800,True,0,0,0,,0,0
298,TargetedFedPhoenix,1,0.125,10,update_norm,all,1,64.16999816894531,11.771048099995824,"[16, 2, 36, 77, 86, 40, 87, 33, 95, 75]","[29900892, 29901889, 29902886, 29903883, 29904880, 29905877, 29906874, 29907871, 29908868, 29909865]",f868a4bc58f5b1e4c6cec8f6ed72f43d0bbb2402e0377ef20c342b4cad4cdf95,10,10,10,10,0,0,0,0,0,620,60,560,0.0967741935483871,0,0.0,60,6.3,2112800,True,0,0,0,,0,0
299,TargetedFedPhoenix,1,0.125,10,update_norm,all,1,70.58000183105469,10.951760800002376,"[1, 66, 81, 52, 47, 99, 38, 56, 65, 4]","[30000895, 30001892, 30002889, 30003886, 30004883, 30005880, 30006877, 30007874, 30008871, 30009868]",a542166d650ad57431d30b4da961dd0f89d4f71b075f0a085814829a4dabab92,10,5,5,5,0,5,0,0,0,620,30,590,0.04838709677419355,0,0.0,30,5.6,2112800,True,0,0,0,,0,0
300,TargetedFedPhoenix,1,0.125,10,update_norm,all,1,75.16000366210938,10.264207800006261,"[73, 93, 90, 66, 22, 52, 77, 18, 71, 39]","[30100898, 30101895, 30102892, 30103889, 30104886, 30105883, 30106880, 30107877, 30108874, 30109871]",734acf400cbc28fe06b150e81bb8105f494c1ee3dd369262e83742c9903490d2,10,7,7,7,0,3,0,0,0,620,42,578,0.06774193548387097,0,0.0,42,4.428571428571429,2112800,True,0,0,0,,0,0
