round,algorithm,seed,tfp_target_ratio,tfp_max_history_gap,tfp_score_type,tfp_target_layers,tfp_start_round,test_accuracy,round_train_seconds,selected_clients,task_seeds,global_state_sha256,clients_with_history,clients_history_eligible,clients_targeted,clients_dispatch_changed,clients_cold_start,clients_stale,clients_no_valid_history,clients_no_target_slots,clients_before_start_round,total_reset_slots,targeted_reset_slots,random_reset_slots,actual_target_fraction,baseline_random_overlap_slots,baseline_random_overlap_rate,replaced_reset_slots,mean_history_gap_for_targeted,history_memory_bytes,controller_rng_unchanged,failed_client_updates,residual_total_kernels,residual_valid_kernels,residual_valid_fraction,residual_own_reset_invalid,residual_no_clean_peer_invalid
1,TargetedFedPhoenix,1,0.25,20,update_norm,"features.20,features.24,features.27,features.30",1,10.0,16.741681699990295,"[80, 84, 33, 81, 93, 17, 36, 82, 69, 65]","[200001, 200998, 201995, 202992, 203989, 204986, 205983, 206980, 207977, 208974]",a54a841b1d8aaeb288f234a154b547d09329b79e22caa07bce35605dcd56155e,0,0,0,0,10,0,0,0,0,660,0,660,0.0,0,0.0,0,,211280,True,0,0,0,,0,0
2,TargetedFedPhoenix,1,0.25,20,update_norm,"features.20,features.24,features.27,features.30",1,14.279999732971191,9.154961400010507,"[44, 96, 1, 35, 26, 11, 38, 82, 87, 3]","[300004, 301001, 301998, 302995, 303992, 304989, 305986, 306983, 307980, 308977]",3723e3acdc1b62f3259d5c1daf158ae4271df6c103f9cf8da6535b34d6c93ffb,1,1,1,1,9,0,0,0,0,660,7,653,0.010606060606060607,0,0.0,7,1.0,401432,True,0,0,0,,0,0
3,TargetedFedPhoenix,1,0.25,20,update_norm,"features.20,features.24,features.27,features.30",1,12.960000038146973,9.487893199999235,"[95, 67, 96, 71, 1, 80, 99, 45, 52, 27]","[400007, 401004, 402001, 402998, 403995, 404992, 405989, 406986, 407983, 408980]",48f4f50522845a9bade64ce11b7377010da7a560805411e20652c8b52967c69a,3,3,3,3,7,0,0,0,0,660,21,639,0.031818181818181815,1,0.047619047619047616,20,1.3333333333333333,549328,True,0,0,0,,0,0
4,TargetedFedPhoenix,1,0.25,20,update_norm,"features.20,features.24,features.27,features.30",1,17.350000381469727,10.24721220000356,"[40, 10, 96, 66, 89, 32, 95, 55, 25, 5]","[500010, 501007, 502004, 503001, 503998, 504995, 505992, 506989, 507986, 508983]",151032d488eeff9fef5a61465f2e0eeae09e3cb5cff174524249934094e3a276,2,2,2,2,8,0,0,0,0,660,14,646,0.021212121212121213,0,0.0,14,1.0,718352,True,0,0,0,,0,0
5,TargetedFedPhoenix,1,0.25,20,update_norm,"features.20,features.24,features.27,features.30",1,33.869998931884766,7.488722699999926,"[89, 99, 45, 96, 72, 9, 74, 88, 1, 38]","[600013, 601010, 602007, 603004, 604001, 604998, 605995, 606992, 607989, 608986]",1c4c107ac5b2315bc77899817565441b04117eb351131c8df1f270fb59aab6e8,6,6,6,6,4,0,0,0,0,660,42,618,0.06363636363636363,0,0.0,42,1.8333333333333333,802864,True,0,0,0,,0,0
6,TargetedFedPhoenix,1,0.25,20,update_norm,"features.20,features.24,features.27,features.30",1,17.690000534057617,11.421083100009128,"[0, 86, 4, 23, 24, 1, 62, 83, 66, 93]","[700016, 701013, 702010, 703007, 704004, 705001, 705998, 706995, 707992, 708989]",a2e927c5c3041c494bcded791e2e2007bdc08d859f6b53b7a617b294ef463b82,3,3,3,3,7,0,0,0,0,660,21,639,0.031818181818181815,0,0.0,21,2.6666666666666665,950760,True,0,0,0,,0,0
7,TargetedFedPhoenix,1,0.25,20,update_norm,"features.20,features.24,features.27,features.30",1,21.329999923706055,9.616102600004524,"[6, 59, 72, 30, 91, 43, 75, 76, 15, 61]","[800019, 801016, 802013, 803010, 804007, 805004, 806001, 806998, 807995, 808992]",ab0151f95298f51aa73ff0c238edb4b9dc44c94dd82da9f40171dd2dd238a7ec,1,1,1,1,9,0,0,0,0,660,7,653,0.010606060606060607,0,0.0,7,2.0,1140912,True,0,0,0,,0,0
8,TargetedFedPhoenix,1,0.25,20,update_norm,"features.20,features.24,features.27,features.30",1,23.479999542236328,10.378651800012449,"[44, 88, 74, 48, 59, 79, 25, 52, 45, 55]","[900022, 901019, 902016, 903013, 904010, 905007, 906004, 907001, 907998, 908995]",ef8487ed9fb48a349a23182dc7533703dfa1102e605b04ca8c2a8f80a89c6aaf,8,8,8,8,2,0,0,0,0,660,56,604,0.08484848484848485,0,0.0,56,3.625,1183168,True,0,0,0,,0,0
9,TargetedFedPhoenix,1,0.25,20,update_norm,"features.20,features.24,features.27,features.30",1,28.899999618530273,11.230053599996609,"[3, 60, 35, 33, 22, 66, 45, 68, 67, 75]","[1000025, 1001022, 1002019, 1003016, 1004013, 1005010, 1006007, 1007004, 1008001, 1008998]",378acaea31d63c0f1f69620542ebd68ab8d09722e59cc5986b9fc463769b25cd,7,7,7,7,3,0,0,0,0,660,49,611,0.07424242424242425,2,0.04081632653061224,47,4.857142857142857,1246552,True,0,0,0,,0,0
10,TargetedFedPhoenix,1,0.25,20,update_norm,"features.20,features.24,features.27,features.30",1,29.280000686645508,13.360327999995206,"[64, 91, 12, 52, 16, 65, 50, 68, 33, 30]","[1100028, 1101025, 1102022, 1103019, 1104016, 1105013, 1106010, 1107007, 1108004, 1109001]",907524a5223ec0e9c693bfd277e9d9f23a53882f2e38cd3664ca59d9f9ca8db5,6,6,6,6,4,0,0,0,0,660,42,618,0.06363636363636363,1,0.023809523809523808,41,3.1666666666666665,1331064,True,0,0,0,,0,0
11,TargetedFedPhoenix,1,0.25,20,update_norm,"features.20,features.24,features.27,features.30",1,36.0,12.896732399996836,"[54, 27, 23, 37, 75, 33, 41, 46, 52, 24]","[1200031, 1201028, 1202025, 1203022, 1204019, 1205016, 1206013, 1207010, 1208007, 1209004]",fca7e222ff51e7a8b40aa4c3d6951124b9a8e3abb878d1694b8d2c109e68c7c3,6,6,6,6,4,0,0,0,0,660,42,618,0.06363636363636363,2,0.047619047619047616,40,3.6666666666666665,1415576,True,0,0,0,,0,0
12,TargetedFedPhoenix,1,0.25,20,update_norm,"features.20,features.24,features.27,features.30",1,36.95000076293945,10.050820999997086,"[54, 45, 28, 44, 15, 1, 93, 12, 88, 40]","[1300034, 1301031, 1302028, 1303025, 1304022, 1305019, 1306016, 1307013, 1308010, 1309007]",ad17754872423411cfeaf044269800c95e2ea25504734a5b86ac2a622dd34f3e,9,9,9,9,1,0,0,0,0,660,63,597,0.09545454545454546,2,0.031746031746031744,61,4.333333333333333,1436704,True,0,0,0,,0,0
13,TargetedFedPhoenix,1,0.25,20,update_norm,"features.20,features.24,features.27,features.30",1,33.08000183105469,12.80101179999474,"[70, 75, 5, 68, 36, 79, 72, 78, 57, 44]","[1400037, 1401034, 1402031, 1403028, 1404025, 1405022, 1406019, 1407016, 1408013, 1409010]",cc5557e42108910fe006e967c1da2eba7e9ed53a40e53ea9f7b6c96dbd74226d,7,7,7,7,3,0,0,0,0,660,49,611,0.07424242424242425,2,0.04081632653061224,47,5.428571428571429,1500088,True,0,0,0,,0,0
14,TargetedFedPhoenix,1,0.25,20,update_norm,"features.20,features.24,features.27,features.30",1,45.869998931884766,10.616869299992686,"[41, 9, 30, 89, 40, 49, 3, 22, 8, 16]","[1500040, 1501037, 1502034, 1503031, 1504028, 1505025, 1506022, 1507019, 1508016, 1509013]",11278a0c5eb7159e4282c8e13aab8aac62d06a84116302e56be177850936bf15,8,8,8,8,2,0,0,0,0,660,56,604,0.08484848484848485,1,0.017857142857142856,55,5.125,1542344,True,0,0,0,,0,0
15,TargetedFedPhoenix,1,0.25,20,update_norm,"features.20,features.24,features.27,features.30",1,42.689998626708984,10.636702099989634,"[82, 28, 69, 81, 56, 71, 85, 27, 37, 66]","[1600043, 1601040, 1602037, 1603034, 1604031, 1605028, 1606025, 1607022, 1608019, 1609016]",8228ac9998c2297abee5b640ec97ec8caee03a577a9aa752dd2e2f17788da5f5,8,8,8,8,2,0,0,0,0,660,56,604,0.08484848484848485,0,0.0,56,8.75,1584600,True,0,0,0,,0,0
16,TargetedFedPhoenix,1,0.25,20,update_norm,"features.20,features.24,features.27,features.30",1,45.02000045776367,9.268017800000962,"[60, 13, 26, 12, 1, 28, 88, 86, 11, 43]","[1700046, 1701043, 1702040, 1703037, 1704034, 1705031, 1706028, 1707025, 1708022, 1709019]",257419dd7a19648482a72d975a78a7c47bbea1cc0221efa4e41ccd7bb88bd2bc,9,9,9,9,1,0,0,0,0,660,63,597,0.09545454545454546,1,0.015873015873015872,62,7.444444444444445,1605728,True,0,0,0,,0,0
17,TargetedFedPhoenix,1,0.25,20,update_norm,"features.20,features.24,features.27,features.30",1,45.470001220703125,9.680770799997845,"[93, 16, 72, 75, 10, 4, 38, 71, 42, 62]","[1800049, 1801046, 1802043, 1803040, 1804037, 1805034, 1806031, 1807028, 1808025, 1809022]",0191e435548e1f61b8a4c660d954d1d56f18e2e8fa056129bd50bfe8610265fe,9,9,9,9,1,0,0,0,0,660,63,597,0.09545454545454546,1,0.015873015873015872,62,7.222222222222222,1626856,True,0,0,0,,0,0
18,TargetedFedPhoenix,1,0.25,20,update_norm,"features.20,features.24,features.27,features.30",1,29.450000762939453,10.367096200003289,"[36, 47, 1, 64, 57, 97, 29, 6, 67, 92]","[1900052, 1901049, 1902046, 1903043, 1904040, 1905037, 1906034, 1907031, 1908028, 1909025]",25e72e04bb3054f0cc15f3a699663a09c8b442feb830100dd4a6624f646dfb77,6,6,6,6,4,0,0,0,0,660,42,618,0.06363636363636363,1,0.023809523809523808,41,6.666666666666667,1711368,True,0,0,0,,0,0
19,TargetedFedPhoenix,1,0.25,20,update_norm,"features.20,features.24,features.27,features.30",1,40.119998931884766,11.433285999999498,"[48, 87, 17, 57, 22, 81, 4, 51, 94, 63]","[2000055, 2001052, 2002049, 2003046, 2004043, 2005040, 2006037, 2007034, 2008031, 2009028]",c34e4ca9391c6f6ab8c6f0ec65369b3ec84417c4a83df3fed2c8b9163ad8bef3,7,7,7,7,3,0,0,0,0,660,49,611,0.07424242424242425,0,0.0,49,8.285714285714286,1774752,True,0,0,0,,0,0
20,TargetedFedPhoenix,1,0.25,20,update_norm,"features.20,features.24,features.27,features.30",1,43.88999938964844,11.66135189999477,"[9, 17, 59, 11, 2, 95, 68, 28, 60, 14]","[2100058, 2101055, 2102052, 2103049, 2104046, 2105043, 2106040, 2107037, 2108034, 2109031]",0137c58d13c6aaa343a7dc11b1fa0ac83caf635ddfe3d06f1863ea78fd572fb9,8,8,8,8,2,0,0,0,0,660,56,604,0.08484848484848485,1,0.017857142857142856,55,6.75,1817008,True,0,0,0,,0,0
21,TargetedFedPhoenix,1,0.25,20,update_norm,"features.20,features.24,features.27,features.30",1,48.5099983215332,10.584025299991481,"[26, 25, 15, 93, 45, 54, 68, 90, 76, 10]","[2200061, 2201058, 2202055, 2203052, 2204049, 2205046, 2206043, 2207040, 2208037, 2209034]",efb2f99bdbc492cc0c0dcdc31e27e454350a17eb64ab8728cad7b2e52c08075e,9,9,9,9,1,0,0,0,0,660,63,597,0.09545454545454546,2,0.031746031746031744,61,7.555555555555555,1838136,True,0,0,0,,0,0
22,TargetedFedPhoenix,1,0.25,20,update_norm,"features.20,features.24,features.27,features.30",1,54.459999084472656,9.99618489999557,"[84, 74, 93, 1, 48, 44, 29, 26, 94, 75]","[2300064, 2301061, 2302058, 2303055, 2304052, 2305049, 2306046, 2307043, 2308040, 2309037]",00abb0caf05aeb74f6d8c20f0aee8fb943b6294c1809bf42d76ceef56cb6ad29,10,9,9,9,0,1,0,0,0,660,63,597,0.09545454545454546,2,0.031746031746031744,61,4.888888888888889,1838136,True,0,0,0,,0,0
23,TargetedFedPhoenix,1,0.25,20,update_norm,"features.20,features.24,features.27,features.30",1,48.43000030517578,9.799250500000198,"[71, 58, 50, 22, 59, 84, 10, 70, 43, 67]","[2400067, 2401064, 2402061, 2403058, 2404055, 2405052, 2406049, 2407046, 2408043, 2409040]",81994d29b79a9f041a263412044be1a597e9cf32a3bc4b8e29dce27fd814f5a4,9,9,9,9,1,0,0,0,0,660,63,597,0.09545454545454546,1,0.015873015873015872,62,5.666666666666667,1859264,True,0,0,0,,0,0
24,TargetedFedPhoenix,1,0.25,20,update_norm,"features.20,features.24,features.27,features.30",1,51.040000915527344,13.180533899998409,"[70, 54, 33, 75, 31, 58, 17, 6, 3, 51]","[2500070, 2501067, 2502064, 2503061, 2504058, 2505055, 2506052, 2507049, 2508046, 2509043]",257aa8138378d4f67cc74bcbc0eb5e2a72c96c86502c80529005e8b34b2db497,9,9,9,9,1,0,0,0,0,660,63,597,0.09545454545454546,0,0.0,63,5.0,1880392,True,0,0,0,,0,0
25,TargetedFedPhoenix,1,0.25,20,update_norm,"features.20,features.24,features.27,features.30",1,54.709999084472656,10.978020299997297,"[42, 87, 33, 36, 30, 84, 78, 98, 71, 75]","[2600073, 2601070, 2602067, 2603064, 2604061, 2605058, 2606055, 2607052, 2608049, 2609046]",732c85dcf2e8ddd498711c70c75bb67c88d8ad90ff60c793b7945cceab02df57,9,9,9,9,1,0,0,0,0,660,63,597,0.09545454545454546,0,0.0,63,5.555555555555555,1901520,True,0,0,0,,0,0
26,TargetedFedPhoenix,1,0.25,20,update_norm,"features.20,features.24,features.27,features.30",1,49.06999969482422,10.137031399994157,"[41, 47, 34, 10, 51, 11, 50, 16, 86, 64]","[2700076, 2701073, 2702070, 2703067, 2704064, 2705061, 2706058, 2707055, 2708052, 2709049]",05283ab1f7ecd71fa762463f7784552b488f76ed113deba0c9715f2b21cb537a,9,9,9,9,1,0,0,0,0,660,63,597,0.09545454545454546,1,0.015873015873015872,62,6.777777777777778,1922648,True,0,0,0,,0,0
27,TargetedFedPhoenix,1,0.25,20,update_norm,"features.20,features.24,features.27,features.30",1,48.709999084472656,11.830402899999171,"[58, 82, 63, 50, 98, 84, 4, 46, 65, 88]","[2800079, 2801076, 2802073, 2803070, 2804067, 2805064, 2806061, 2807058, 2808055, 2809052]",516387d97b6f681caa44a880562bc691d449e464d83b5a886bad2825feb239f6,10,10,10,10,0,0,0,0,0,660,70,590,0.10606060606060606,0,0.0,70,8.0,1922648,True,0,0,0,,0,0
28,TargetedFedPhoenix,1,0.25,20,update_norm,"features.20,features.24,features.27,features.30",1,50.83000183105469,8.886889000001247,"[99, 88, 69, 16, 46, 29, 90, 91, 4, 45]","[2900082, 2901079, 2902076, 2903073, 2904070, 2905067, 2906064, 2907061, 2908058, 2909055]",b93eb45e92bff819b8e31eacf167e8749bece8246be1f086719bf58e14d2b473,10,9,9,9,0,1,0,0,0,660,63,597,0.09545454545454546,1,0.015873015873015872,62,6.222222222222222,1922648,True,0,0,0,,0,0
29,TargetedFedPhoenix,1,0.25,20,update_norm,"features.20,features.24,features.27,features.30",1,47.349998474121094,12.429023400007281,"[80, 73, 28, 34, 1, 10, 13, 65, 5, 49]","[3000085, 3001082, 3002079, 3003076, 3004073, 3005070, 3006067, 3007064, 3008061, 3009058]",428634dc9e9b8a93a9fe320ef7472c4b827440d63d0a2403cb2a31458d3001a2,9,8,8,8,1,1,0,0,0,660,56,604,0.08484848484848485,1,0.017857142857142856,55,8.5,1943776,True,0,0,0,,0,0
30,TargetedFedPhoenix,1,0.25,20,update_norm,"features.20,features.24,features.27,features.30",1,55.810001373291016,10.18641559999378,"[62, 41, 74, 11, 99, 8, 75, 26, 81, 85]","[3100088, 3101085, 3102082, 3103079, 3104076, 3105073, 3106070, 3107067, 3108064, 3109061]",95fc720045b63f836da120b525c251cfa2f630816c47698f954540faa79b5c01,10,10,10,10,0,0,0,0,0,660,70,590,0.10606060606060606,1,0.014285714285714285,69,8.6,1943776,True,0,0,0,,0,0
31,TargetedFedPhoenix,1,0.25,20,update_norm,"features.20,features.24,features.27,features.30",1,59.0,8.401037400006317,"[96, 81, 77, 83, 14, 50, 13, 67, 53, 91]","[3200091, 3201088, 3202085, 3203082, 3204079, 3205076, 3206073, 3207070, 3208067, 3209064]",49379e63862d1fa08a15c9f553062298a847e68a51992b374ca0063502835948,8,6,6,6,2,2,0,0,0,660,42,618,0.06363636363636363,1,0.023809523809523808,41,4.833333333333333,1986032,True,0,0,0,,0,0
32,TargetedFedPhoenix,1,0.25,20,update_norm,"features.20,features.24,features.27,features.30",1,56.040000915527344,11.914054199995007,"[40, 73, 70, 3, 6, 94, 1, 25, 20, 10]","[3300094, 3301091, 3302088, 3303085, 3304082, 3305079, 3306076, 3307073, 3308070, 3309067]",38fddf6590c5e6cd052b34065d656d881fd474e52b1fa5e182a6e1be73003c7e,9,9,9,9,1,0,0,0,0,660,63,597,0.09545454545454546,1,0.015873015873015872,62,8.0,2007160,True,0,0,0,,0,0
33,TargetedFedPhoenix,1,0.25,20,update_norm,"features.20,features.24,features.27,features.30",1,56.709999084472656,11.364096099991002,"[45, 16, 51, 88, 17, 78, 36, 44, 21, 62]","[3400097, 3401094, 3402091, 3403088, 3404085, 3405082, 3406079, 3407076, 3408073, 3409070]",791ec68476eb8164b56867d62a746a71c6428b91e59d1da078254755c4ffa09b,9,9,9,9,1,0,0,0,0,660,63,597,0.09545454545454546,0,0.0,63,6.777777777777778,2028288,True,0,0,0,,0,0
34,TargetedFedPhoenix,1,0.25,20,update_norm,"features.20,features.24,features.27,features.30",1,66.22000122070312,8.411183100004564,"[92, 43, 97, 61, 58, 67, 1, 98, 30, 75]","[3500100, 3501097, 3502094, 3503091, 3504088, 3505085, 3506082, 3507079, 3508076, 3509073]",778a035f734c600a7e37576a4da95019d0325f9c25feac7c47c0d7bfd4af6e2b,10,9,9,9,0,1,0,0,0,660,63,597,0.09545454545454546,1,0.015873015873015872,62,8.333333333333334,2028288,True,0,0,0,,0,0
35,TargetedFedPhoenix,1,0.25,20,update_norm,"features.20,features.24,features.27,features.30",1,54.52000045776367,10.806633300002431,"[31, 89, 17, 66, 92, 23, 96, 9, 35, 20]","[3600103, 3601100, 3602097, 3603094, 3604091, 3605088, 3606085, 3607082, 3608079, 3609076]",ca41c417bd374c3dca78994000df20f5d2b38884ba348810e59086e7fd283a59,10,7,7,7,0,3,0,0,0,660,49,611,0.07424242424242425,1,0.02040816326530612,48,8.0,2028288,True,0,0,0,,0,0
36,TargetedFedPhoenix,1,0.25,20,update_norm,"features.20,features.24,features.27,features.30",1,53.119998931884766,13.912051799998153,"[72, 68, 65, 28, 23, 85, 16, 60, 73, 78]","[3700106, 3701103, 3702100, 3703097, 3704094, 3705091, 3706088, 3707085, 3708082, 3709079]",3f61b828d5ab1456076aa9cd21465e823fc5987f891cbdb335bdb90601e0bd11,10,10,10,10,0,0,0,0,0,660,70,590,0.10606060606060606,3,0.04285714285714286,67,8.1,2028288,True,0,0,0,,0,0
37,TargetedFedPhoenix,1,0.25,20,update_norm,"features.20,features.24,features.27,features.30",1,60.630001068115234,10.81324129999848,"[66, 49, 62, 9, 84, 68, 74, 3, 44, 71]","[3800109, 3801106, 3802103, 3803100, 3804097, 3805094, 3806091, 3807088, 3808085, 3809082]",f032e6258c56bfec134ac62a591efffaa75c8a0aa3de5b6bdaee5525bb1ebe48,10,10,10,10,0,0,0,0,0,660,70,590,0.10606060606060606,1,0.014285714285714285,69,5.5,2028288,True,0,0,0,,0,0
38,TargetedFedPhoenix,1,0.25,20,update_norm,"features.20,features.24,features.27,features.30",1,60.5,8.665110000001732,"[50, 73, 27, 38, 8, 53, 21, 14, 28, 64]","[3900112, 3901109, 3902106, 3903103, 3904100, 3905097, 3906094, 3907091, 3908088, 3909085]",70f0d9fcfc5ed721de411e0c0e2a9f8e59c814e841301b240be7bd7f0f695cb2,10,8,8,8,0,2,0,0,0,660,56,604,0.08484848484848485,1,0.017857142857142856,55,6.25,2028288,True,0,0,0,,0,0
39,TargetedFedPhoenix,1,0.25,20,update_norm,"features.20,features.24,features.27,features.30",1,59.77000045776367,10.514983600005507,"[48, 87, 40, 59, 3, 10, 75, 35, 49, 89]","[4000115, 4001112, 4002109, 4003106, 4004103, 4005100, 4006097, 4007094, 4008091, 4009088]",8e9401e2380402186ecd17b310f3643611fb5f98bc5b10008f7209f4912f7042,10,10,10,10,0,0,0,0,0,660,70,590,0.10606060606060606,2,0.02857142857142857,68,7.8,2028288,True,0,0,0,,0,0
40,TargetedFedPhoenix,1,0.25,20,update_norm,"features.20,features.24,features.27,features.30",1,65.55999755859375,9.96879950001312,"[83, 93, 34, 60, 90, 45, 42, 41, 91, 36]","[4100118, 4101115, 4102112, 4103109, 4104106, 4105103, 4106100, 4107097, 4108094, 4109091]",3d1aaab67644752237842afd1ed9ae158a93ef54246ba401c936cf9c37af0735,10,10,10,10,0,0,0,0,0,660,70,590,0.10606060606060606,0,0.0,70,10.2,2028288,True,0,0,0,,0,0
41,TargetedFedPhoenix,1,0.25,20,update_norm,"features.20,features.24,features.27,features.30",1,66.4000015258789,10.11664419999579,"[75, 52, 20, 80, 90, 93, 4, 51, 13, 98]","[4200121, 4201118, 4202115, 4203112, 4204109, 4205106, 4206103, 4207100, 4208097, 4209094]",8379c39ae838c5598e890858953ee4899d5a41e3c8d6b2090d9974c7379bcfa2,10,9,9,9,0,1,0,0,0,660,63,597,0.09545454545454546,1,0.015873015873015872,62,6.666666666666667,2028288,True,0,0,0,,0,0
42,TargetedFedPhoenix,1,0.25,20,update_norm,"features.20,features.24,features.27,features.30",1,60.189998626708984,11.097091100004036,"[98, 79, 17, 10, 3, 12, 29, 26, 54, 58]","[4300124, 4301121, 4302118, 4303115, 4304112, 4305109, 4306106, 4307103, 4308100, 4309097]",66c9eefadaf4b06e062f2cd07e7047dd7d3bf6588103383792577a4c50338db5,10,8,8,8,0,2,0,0,0,660,56,604,0.08484848484848485,1,0.017857142857142856,55,8.25,2028288,True,0,0,0,,0,0
43,TargetedFedPhoenix,1,0.25,20,update_norm,"features.20,features.24,features.27,features.30",1,61.11000061035156,11.879485299999942,"[32, 15, 47, 9, 7, 16, 24, 57, 71, 28]","[4400127, 4401124, 4402121, 4403118, 4404115, 4405112, 4406109, 4407106, 4408103, 4409100]",513f3f690429734062a712e5e87bf5b5f782f3079953eeeaed9d8cccc8359362,9,5,5,5,1,4,0,0,0,660,35,625,0.05303030303030303,0,0.0,35,8.2,2049416,True,0,0,0,,0,0
44,TargetedFedPhoenix,1,0.25,20,update_norm,"features.20,features.24,features.27,features.30",1,61.900001525878906,9.872920699999668,"[76, 67, 81, 35, 44, 49, 32, 99, 69, 51]","[4500130, 4501127, 4502124, 4503121, 4504118, 4505115, 4506112, 4507109, 4508106, 4509103]",d349a2297f6b6d3976deecac5216da9c504c6c474821182afbaff919ec3b8efe,10,9,9,9,0,1,0,0,0,660,63,597,0.09545454545454546,0,0.0,63,8.222222222222221,2049416,True,0,0,0,,0,0
45,TargetedFedPhoenix,1,0.25,20,update_norm,"features.20,features.24,features.27,features.30",1,51.619998931884766,9.717243100007181,"[42, 4, 95, 71, 84, 22, 61, 5, 10, 28]","[4600133, 4601130, 4602127, 4603124, 4604121, 4605118, 4606115, 4607112, 4608109, 4609106]",d12103ed9be547c0353472597015a101721fea85e356d0c3b8b62b0b1ddb9d6e,10,8,8,8,0,2,0,0,0,660,56,604,0.08484848484848485,1,0.017857142857142856,55,6.375,2049416,True,0,0,0,,0,0
46,TargetedFedPhoenix,1,0.25,20,update_norm,"features.20,features.24,features.27,features.30",1,67.33000183105469,11.297831300005782,"[61, 52, 80, 26, 37, 44, 85, 1, 99, 55]","[4700136, 4701133, 4702130, 4703127, 4704124, 4705121, 4706118, 4707115, 4708112, 4709109]",4cae00029f40183ddc9b1715f8d161b9010d78e78a4c16bfaa3eb690767b2af4,10,8,8,8,0,2,0,0,0,660,56,604,0.08484848484848485,0,0.0,56,5.125,2049416,True,0,0,0,,0,0
47,TargetedFedPhoenix,1,0.25,20,update_norm,"features.20,features.24,features.27,features.30",1,59.689998626708984,9.847539599999436,"[23, 10, 75, 28, 19, 22, 43, 13, 98, 85]","[4800139, 4801136, 4802133, 4803130, 4804127, 4805124, 4806121, 4807118, 4808115, 4809112]",a1c7742bf0d59e70798f0a2e3b342c02f7f369f49c0050a0f71c4f5d83a693e6,9,9,9,9,1,0,0,0,0,660,63,597,0.09545454545454546,1,0.015873015873015872,62,5.333333333333333,2070544,True,0,0,0,,0,0
48,TargetedFedPhoenix,1,0.25,20,update_norm,"features.20,features.24,features.27,features.30",1,60.88999938964844,8.968693000002531,"[18, 1, 96, 63, 59, 71, 88, 39, 97, 68]","[4900142, 4901139, 4902136, 4903133, 4904130, 4905127, 4906124, 4907121, 4908118, 4909115]",28027da5f6400df8837b773e3193d12468b0978bacf0b127a4020c786be69fae,8,7,7,7,2,1,0,0,0,660,49,611,0.07424242424242425,1,0.02040816326530612,48,9.571428571428571,2112800,True,0,0,0,,0,0
49,TargetedFedPhoenix,1,0.25,20,update_norm,"features.20,features.24,features.27,features.30",1,57.279998779296875,12.899200500003644,"[44, 11, 93, 47, 54, 9, 81, 94, 45, 65]","[5000145, 5001142, 5002139, 5003136, 5004133, 5005130, 5006127, 5007124, 5008121, 5009118]",31dd3c7c66ad491880244277f653d21c49543efa2409486d4af5104b526f18dc,10,10,10,10,0,0,0,0,0,660,70,590,0.10606060606060606,0,0.0,70,9.3,2112800,True,0,0,0,,0,0
50,TargetedFedPhoenix,1,0.25,20,update_norm,"features.20,features.24,features.27,features.30",1,60.02000045776367,8.996918500008178,"[48, 43, 51, 76, 99, 39, 38, 73, 89, 80]","[5100148, 5101145, 5102142, 5103139, 5104136, 5105133, 5106130, 5107127, 5108124, 5109121]",c53c7d662e14ab423bab8eed69ed773bc4a7ecc6e0ca1eea26f1ba833a8e3833,10,10,10,10,0,0,0,0,0,660,70,590,0.10606060606060606,2,0.02857142857142857,68,7.1,2112800,True,0,0,0,,0,0
51,TargetedFedPhoenix,1,0.25,20,update_norm,"features.20,features.24,features.27,features.30",1,57.15999984741211,11.22954669999308,"[34, 16, 99, 17, 62, 58, 96, 29, 90, 30]","[5200151, 5201148, 5202145, 5203142, 5204139, 5205136, 5206133, 5207130, 5208127, 5209124]",3896a822ec99267b8a443ecb3736b056258c593d44d4daaa1f8778d99b65c7c3,10,10,10,10,0,0,0,0,0,660,70,590,0.10606060606060606,0,0.0,70,9.1,2112800,True,0,0,0,,0,0
52,TargetedFedPhoenix,1,0.25,20,update_norm,"features.20,features.24,features.27,features.30",1,67.19000244140625,9.36323670001002,"[8, 59, 78, 95, 25, 35, 99, 86, 54, 64]","[5300154, 5301151, 5302148, 5303145, 5304142, 5305139, 5306136, 5307133, 5308130, 5309127]",894938adcdbbc01ff39662c0de9efb2eb815caa9978490fa0c49b94096672223,10,9,9,9,0,1,0,0,0,660,63,597,0.09545454545454546,0,0.0,63,9.666666666666666,2112800,True,0,0,0,,0,0
53,TargetedFedPhoenix,1,0.25,20,update_norm,"features.20,features.24,features.27,features.30",1,61.150001525878906,11.602370900000096,"[87, 42, 55, 74, 37, 10, 26, 23, 57, 62]","[5400157, 5401154, 5402151, 5403148, 5404145, 5405142, 5406139, 5407136, 5408133, 5409130]",908ce5288ad293973ca9f34c2fc3f88979a06e5dfba116208aa3004c97840ecf,10,10,10,10,0,0,0,0,0,660,70,590,0.10606060606060606,0,0.0,70,8.3,2112800,True,0,0,0,,0,0
54,TargetedFedPhoenix,1,0.25,20,update_norm,"features.20,features.24,features.27,features.30",1,52.4900016784668,8.739976600001683,"[84, 2, 76, 48, 68, 40, 92, 8, 42, 46]","[5500160, 5501157, 5502154, 5503151, 5504148, 5505145, 5506142, 5507139, 5508136, 5509133]",00752f06d2f4ca6e7cbc5f54b599625a8fd47066db16760ed8cf64264134142c,10,8,8,8,0,2,0,0,0,660,56,604,0.08484848484848485,2,0.03571428571428571,54,7.5,2112800,True,0,0,0,,0,0
55,TargetedFedPhoenix,1,0.25,20,update_norm,"features.20,features.24,features.27,features.30",1,66.7300033569336,11.1507583999919,"[91, 70, 16, 58, 10, 35, 31, 86, 62, 54]","[5600163, 5601160, 5602157, 5603154, 5604151, 5605148, 5606145, 5607142, 5608139, 5609136]",adbb44d6db330a1b5b48ad7e0da310e993eb07695d059a4068b39a2e3e4dc83c,10,9,9,9,0,1,0,0,0,660,63,597,0.09545454545454546,0,0.0,63,6.222222222222222,2112800,True,0,0,0,,0,0
56,TargetedFedPhoenix,1,0.25,20,update_norm,"features.20,features.24,features.27,features.30",1,65.6500015258789,11.3868669999938,"[32, 41, 20, 75, 69, 62, 74, 38, 80, 58]","[5700166, 5701163, 5702160, 5703157, 5704154, 5705151, 5706148, 5707145, 5708142, 5709139]",1e583540989075382d5cdb3c4aa5d1b160ed5e541e53fc48244678b5c45f8cbf,10,10,10,10,0,0,0,0,0,660,70,590,0.10606060606060606,0,0.0,70,8.1,2112800,True,0,0,0,,0,0
57,TargetedFedPhoenix,1,0.25,20,update_norm,"features.20,features.24,features.27,features.30",1,61.22999954223633,9.291279400000349,"[89, 0, 84, 16, 97, 67, 41, 38, 59, 60]","[5800169, 5801166, 5802163, 5803160, 5804157, 5805154, 5806151, 5807148, 5808145, 5809142]",ee97a2a6cfedc215d5530686f6cb7e8e69eccea5721c4e173a41e714fc7f9dc2,10,9,9,9,0,1,0,0,0,660,63,597,0.09545454545454546,1,0.015873015873015872,62,6.444444444444445,2112800,True,0,0,0,,0,0
58,TargetedFedPhoenix,1,0.25,20,update_norm,"features.20,features.24,features.27,features.30",1,49.7400016784668,9.283318800007692,"[59, 21, 34, 35, 95, 41, 9, 12, 47, 42]","[5900172, 5901169, 5902166, 5903163, 5904160, 5905157, 5906154, 5907151, 5908148, 5909145]",5fff697ccbfebabb4815407fc73d43fdca44af9775792ee56d141d20f5302012,10,10,10,10,0,0,0,0,0,660,70,590,0.10606060606060606,2,0.02857142857142857,68,7.6,2112800,True,0,0,0,,0,0
59,TargetedFedPhoenix,1,0.25,20,update_norm,"features.20,features.24,features.27,features.30",1,63.56999969482422,11.52799159999995,"[88, 78, 75, 43, 57, 63, 34, 79, 17, 93]","[6000175, 6001172, 6002169, 6003166, 6004163, 6005160, 6006157, 6007154, 6008151, 6009148]",46a1f739aadf7f5d9c5b88c3ae426950de621d974031280aaa2929005234eefb,10,10,10,10,0,0,0,0,0,660,70,590,0.10606060606060606,1,0.014285714285714285,69,8.3,2112800,True,0,0,0,,0,0
60,TargetedFedPhoenix,1,0.25,20,update_norm,"features.20,features.24,features.27,features.30",1,65.63999938964844,8.69858570001088,"[76, 35, 9, 75, 32, 97, 53, 72, 27, 91]","[6100178, 6101175, 6102172, 6103169, 6104166, 6105163, 6106160, 6107157, 6108154, 6109151]",f7c3e1117e08963783d3f37fbcb0bbba4524858e29cf686665037d155f412fb6,10,7,7,7,0,3,0,0,0,660,49,611,0.07424242424242425,0,0.0,49,3.2857142857142856,2112800,True,0,0,0,,0,0
61,TargetedFedPhoenix,1,0.25,20,update_norm,"features.20,features.24,features.27,features.30",1,64.6500015258789,13.376774299991666,"[60, 14, 9, 43, 15, 68, 7, 44, 65, 89]","[6200181, 6201178, 6202175, 6203172, 6204169, 6205166, 6206163, 6207160, 6208157, 6209154]",9690be22619773046d8facac2b64bbf60f7521274a31fd444d70cb64a4684535,10,9,9,9,0,1,0,0,0,660,63,597,0.09545454545454546,2,0.031746031746031744,61,8.666666666666666,2112800,True,0,0,0,,0,0
62,TargetedFedPhoenix,1,0.25,20,update_norm,"features.20,features.24,features.27,features.30",1,63.11000061035156,10.905530700008967,"[56, 67, 28, 93, 30, 71, 78, 48, 25, 19]","[6300184, 6301181, 6302178, 6303175, 6304172, 6305169, 6306166, 6307163, 6308160, 6309157]",40ce64e92357a4b6bc4effb93154bc7e78bcb36eb88af4b25967cbb7a6adf071,10,9,9,9,0,1,0,0,0,660,63,597,0.09545454545454546,0,0.0,63,9.333333333333334,2112800,True,0,0,0,,0,0
63,TargetedFedPhoenix,1,0.25,20,update_norm,"features.20,features.24,features.27,features.30",1,66.08999633789062,10.643668900011107,"[61, 18, 63, 89, 0, 99, 42, 76, 81, 9]","[6400187, 6401184, 6402181, 6403178, 6404175, 6405172, 6406169, 6407166, 6408163, 6409160]",d0c3f7b0fba30019b9b663684b85433b69a4c40fdb475d1b953a66dd08fa973b,10,10,10,10,0,0,0,0,0,660,70,590,0.10606060606060606,1,0.014285714285714285,69,7.9,2112800,True,0,0,0,,0,0
64,TargetedFedPhoenix,1,0.25,20,update_norm,"features.20,features.24,features.27,features.30",1,62.59000015258789,11.903403700009221,"[14, 22, 8, 93, 29, 90, 73, 28, 57, 58]","[6500190, 6501187, 6502184, 6503181, 6504178, 6505175, 6506172, 6507169, 6508166, 6509163]",e47387e0a4489b603b9d3cbd1a507839663e3459235eb723cd5ed512826d2eee,10,10,10,10,0,0,0,0,0,660,70,590,0.10606060606060606,2,0.02857142857142857,68,8.7,2112800,True,0,0,0,,0,0
65,TargetedFedPhoenix,1,0.25,20,update_norm,"features.20,features.24,features.27,features.30",1,66.56999969482422,11.742683700009366,"[16, 90, 78, 23, 55, 61, 31, 0, 11, 82]","[6600193, 6601190, 6602187, 6603184, 6604181, 6605178, 6606175, 6607172, 6608169, 6609166]",bb35a7cd7144e16c75d62b6d0edb0168ad5f0b8afc535f5ba981d9024fd5dc2a,10,9,9,9,0,1,0,0,0,660,63,597,0.09545454545454546,0,0.0,63,7.333333333333333,2112800,True,0,0,0,,0,0
66,TargetedFedPhoenix,1,0.25,20,update_norm,"features.20,features.24,features.27,features.30",1,65.20999908447266,13.035876000009011,"[28, 65, 16, 72, 11, 36, 19, 51, 81, 53]","[6700196, 6701193, 6702190, 6703187, 6704184, 6705181, 6706178, 6707175, 6708172, 6709169]",33cd43ab204de2848163ac114de241d60d8cc67fa0382b7e59b88ee872fcba90,10,9,9,9,0,1,0,0,0,660,63,597,0.09545454545454546,2,0.031746031746031744,61,4.888888888888889,2112800,True,0,0,0,,0,0
67,TargetedFedPhoenix,1,0.25,20,update_norm,"features.20,features.24,features.27,features.30",1,61.72999954223633,10.316660600001342,"[53, 63, 96, 28, 78, 90, 58, 73, 34, 4]","[6800199, 6801196, 6802193, 6803190, 6804187, 6805184, 6806181, 6807178, 6808175, 6809172]",ee5d0db82af4ebef4bcedc43f9499db921f739f71b21ef20d12d85a8f672a95a,10,9,9,9,0,1,0,0,0,660,63,597,0.09545454545454546,0,0.0,63,4.444444444444445,2112800,True,0,0,0,,0,0
68,TargetedFedPhoenix,1,0.25,20,update_norm,"features.20,features.24,features.27,features.30",1,58.43000030517578,10.552144200002658,"[38, 57, 22, 41, 70, 39, 10, 5, 17, 32]","[6900202, 6901199, 6902196, 6903193, 6904190, 6905187, 6906184, 6907181, 6908178, 6909175]",54db56716cb157b16e6d686d16836265b1c6f7edbfa4d9e79e81df7519606d11,10,9,9,9,0,1,0,0,0,660,63,597,0.09545454545454546,0,0.0,63,10.0,2112800,True,0,0,0,,0,0
69,TargetedFedPhoenix,1,0.25,20,update_norm,"features.20,features.24,features.27,features.30",1,70.19999694824219,9.79765110000153,"[60, 67, 48, 59, 46, 94, 22, 29, 53, 97]","[7000205, 7001202, 7002199, 7003196, 7004193, 7005190, 7006187, 7007184, 7008181, 7009178]",57872a3701e8946550c49aff739f99cfa074191e1d55375ab91bad93fb95de17,10,10,10,10,0,0,0,0,0,660,70,590,0.10606060606060606,4,0.05714285714285714,66,8.5,2112800,True,0,0,0,,0,0
70,TargetedFedPhoenix,1,0.25,20,update_norm,"features.20,features.24,features.27,features.30",1,62.08000183105469,10.980524200000218,"[61, 33, 76, 48, 37, 54, 38, 13, 8, 39]","[7100208, 7101205, 7102202, 7103199, 7104196, 7105193, 7106190, 7107187, 7108184, 7109181]",aebd3d451d0af27e2d5b6639f0fd8a7f5466915d4ed971b4d95bb39470eb2f8d,10,8,8,8,0,2,0,0,0,660,56,604,0.08484848484848485,0,0.0,56,6.875,2112800,True,0,0,0,,0,0
71,TargetedFedPhoenix,1,0.25,20,update_norm,"features.20,features.24,features.27,features.30",1,60.75,11.38582189999579,"[31, 88, 91, 25, 50, 95, 67, 45, 80, 70]","[7200211, 7201208, 7202205, 7203202, 7204199, 7205196, 7206193, 7207190, 7208187, 7209184]",244eda74a9057a772741e5735c546c30e7861027fdff9a175f6a415eceb5b3d1,10,8,8,8,0,2,0,0,0,660,56,604,0.08484848484848485,1,0.017857142857142856,55,8.875,2112800,True,0,0,0,,0,0
72,TargetedFedPhoenix,1,0.25,20,update_norm,"features.20,features.24,features.27,features.30",1,62.5099983215332,13.26129179999407,"[3, 23, 17, 94, 61, 43, 63, 91, 37, 84]","[7300214, 7301211, 7302208, 7303205, 7304202, 7305199, 7306196, 7307193, 7308190, 7309187]",80b7e3159f041a628e1fcfcb86f2ba6936f56a5a7f7493bfce07f36b6260d1ab,10,9,9,9,0,1,0,0,0,660,63,597,0.09545454545454546,1,0.015873015873015872,62,5.555555555555555,2112800,True,0,0,0,,0,0
73,TargetedFedPhoenix,1,0.25,20,update_norm,"features.20,features.24,features.27,features.30",1,67.0,13.223131199993077,"[11, 73, 78, 47, 45, 83, 36, 75, 91, 57]","[7400217, 7401214, 7402211, 7403208, 7404205, 7405202, 7406199, 7407196, 7408193, 7409190]",7e724f93fec660a6ca728e6b6f8f815c62586188d9fe0b5c4b6287753eef9dc9,10,9,9,9,0,1,0,0,0,660,63,597,0.09545454545454546,1,0.015873015873015872,62,6.888888888888889,2112800,True,0,0,0,,0,0
74,TargetedFedPhoenix,1,0.25,20,update_norm,"features.20,features.24,features.27,features.30",1,69.62000274658203,12.789491000003181,"[46, 54, 66, 62, 96, 49, 24, 75, 60, 52]","[7500220, 7501217, 7502214, 7503211, 7504208, 7505205, 7506202, 7507199, 7508196, 7509193]",c7460ab8469e4c26ca9d374198254885c45a992739afefa62a51a9d7e33c14ad,10,6,6,6,0,4,0,0,0,660,42,618,0.06363636363636363,1,0.023809523809523808,41,6.666666666666667,2112800,True,0,0,0,,0,0
75,TargetedFedPhoenix,1,0.25,20,update_norm,"features.20,features.24,features.27,features.30",1,71.87000274658203,12.864759899995988,"[75, 51, 39, 89, 14, 54, 41, 30, 24, 80]","[7600223, 7601220, 7602217, 7603214, 7604211, 7605208, 7606205, 7607202, 7608199, 7609196]",be4a009dea0e1c8f0d00fcef1bdef20bbc7e985221f081379ba5458ac098c26a,10,10,10,10,0,0,0,0,0,660,70,590,0.10606060606060606,0,0.0,70,6.4,2112800,True,0,0,0,,0,0
76,TargetedFedPhoenix,1,0.25,20,update_norm,"features.20,features.24,features.27,features.30",1,63.83000183105469,12.027994600008242,"[67, 90, 45, 78, 32, 86, 50, 55, 33, 60]","[7700226, 7701223, 7702220, 7703217, 7704214, 7705211, 7706208, 7707205, 7708202, 7709199]",05ea2232a26e3ef9ac909da9d40f0aef281eb1245ce575cb1e5a5fb87e374561,10,9,9,9,0,1,0,0,0,660,63,597,0.09545454545454546,3,0.047619047619047616,60,5.777777777777778,2112800,True,0,0,0,,0,0
77,TargetedFedPhoenix,1,0.25,20,update_norm,"features.20,features.24,features.27,features.30",1,62.25,10.432983000006061,"[4, 16, 51, 33, 89, 30, 13, 77, 43, 85]","[7800229, 7801226, 7802223, 7803220, 7804217, 7805214, 7806211, 7807208, 7808205, 7809202]",cddb25b3866c487e5566957deeb659472e0f5da2e1166a1e13d6c214c4584f15,10,8,8,8,0,2,0,0,0,660,56,604,0.08484848484848485,0,0.0,56,5.0,2112800,True,0,0,0,,0,0
78,TargetedFedPhoenix,1,0.25,20,update_norm,"features.20,features.24,features.27,features.30",1,63.279998779296875,12.69551330000104,"[97, 76, 96, 72, 42, 17, 33, 51, 24, 36]","[7900232, 7901229, 7902226, 7903223, 7904220, 7905217, 7906214, 7907211, 7908208, 7909205]",69988664ce00c81be27ab269a3c6a9ae5946e635669c145b1f1a735319ef6b1d,10,10,10,10,0,0,0,0,0,650,70,580,0.1076923076923077,2,0.02857142857142857,68,6.4,2112800,True,0,0,0,,0,0
79,TargetedFedPhoenix,1,0.25,20,update_norm,"features.20,features.24,features.27,features.30",1,68.7300033569336,10.951480899995659,"[22, 47, 61, 27, 50, 96, 89, 97, 85, 30]","[8000235, 8001232, 8002229, 8003226, 8004223, 8005220, 8006217, 8007214, 8008211, 8009208]",fcb80f710281903b225c5d9f646ee5fc0242567a2a1ed05a87bf2fc3e23e1a54,10,10,10,10,0,0,0,0,0,650,70,580,0.1076923076923077,1,0.014285714285714285,69,5.3,2112800,True,0,0,0,,0,0
80,TargetedFedPhoenix,1,0.25,20,update_norm,"features.20,features.24,features.27,features.30",1,66.83999633789062,11.216289700008929,"[44, 70, 23, 38, 74, 21, 82, 4, 88, 98]","[8100238, 8101235, 8102232, 8103229, 8104226, 8105223, 8106220, 8107217, 8108214, 8109211]",028b10d7e0391b2135191f21bf1d69fc7fc647b2244981237a096577dfedb21e,10,7,7,7,0,3,0,0,0,650,49,601,0.07538461538461538,1,0.02040816326530612,48,10.428571428571429,2112800,True,0,0,0,,0,0
81,TargetedFedPhoenix,1,0.25,20,update_norm,"features.20,features.24,features.27,features.30",1,66.06999969482422,13.505298799995217,"[90, 72, 65, 50, 85, 56, 4, 80, 31, 17]","[8200241, 8201238, 8202235, 8203232, 8204229, 8205226, 8206223, 8207220, 8208217, 8209214]",393d07773f8882abbba9ce2eec472840721919c60026ef61fff8f32bf58f4450,10,10,10,10,0,0,0,0,0,650,70,580,0.1076923076923077,1,0.014285714285714285,69,6.6,2112800,True,0,0,0,,0,0
82,TargetedFedPhoenix,1,0.25,20,update_norm,"features.20,features.24,features.27,features.30",1,67.33999633789062,10.275439900011406,"[61, 40, 41, 34, 97, 51, 50, 13, 22, 8]","[8300244, 8301241, 8302238, 8303235, 8304232, 8305229, 8306226, 8307223, 8308220, 8309217]",db3ff951d73ba84813f367a4e20ee50fbc019a5e5d46a210bb884baeb8a85327,10,9,9,9,0,1,0,0,0,650,63,587,0.09692307692307692,0,0.0,63,5.888888888888889,2112800,True,0,0,0,,0,0
83,TargetedFedPhoenix,1,0.25,20,update_norm,"features.20,features.24,features.27,features.30",1,69.37000274658203,11.202493599994341,"[87, 54, 63, 83, 96, 26, 0, 59, 69, 14]","[8400247, 8401244, 8402241, 8403238, 8404235, 8405232, 8406229, 8407226, 8408223, 8409220]",fb814caab6bb827902707ec8766cf7b2ddacebf59cae383aa8360e23144bf57b,10,7,7,7,0,3,0,0,0,650,49,601,0.07538461538461538,0,0.0,49,10.428571428571429,2112800,True,0,0,0,,0,0
84,TargetedFedPhoenix,1,0.25,20,update_norm,"features.20,features.24,features.27,features.30",1,64.5199966430664,11.777517500013346,"[58, 47, 83, 36, 8, 2, 56, 49, 10, 38]","[8500250, 8501247, 8502244, 8503241, 8504238, 8505235, 8506232, 8507229, 8508226, 8509223]",e53cd35358d2e9d2b4dcc186f8f4fa8c51659325e8fce103bb8dfd7121b57962,10,9,9,9,0,1,0,0,0,650,63,587,0.09692307692307692,1,0.015873015873015872,62,7.111111111111111,2112800,True,0,0,0,,0,0
85,TargetedFedPhoenix,1,0.25,20,update_norm,"features.20,features.24,features.27,features.30",1,68.11000061035156,11.601086999988183,"[89, 90, 81, 54, 59, 4, 53, 47, 52, 19]","[8600253, 8601250, 8602247, 8603244, 8604241, 8605238, 8606235, 8607232, 8608229, 8609226]",610681354faf5d5bf94448e10d5573122975050df37e58a14f7b208ae25576cd,10,10,10,10,0,0,0,0,0,650,70,580,0.1076923076923077,1,0.014285714285714285,69,8.4,2112800,True,0,0,0,,0,0
86,TargetedFedPhoenix,1,0.25,20,update_norm,"features.20,features.24,features.27,features.30",1,66.61000061035156,12.700617199996486,"[24, 13, 81, 73, 19, 55, 40, 76, 57, 96]","[8700256, 8701253, 8702250, 8703247, 8704244, 8705241, 8706238, 8707235, 8708232, 8709229]",28d34a020db5d61ecb7fa84e2f6ff53c69436354f43fbb9e725ebd55d64d7282,10,10,10,10,0,0,0,0,0,650,70,580,0.1076923076923077,0,0.0,70,6.5,2112800,True,0,0,0,,0,0
87,TargetedFedPhoenix,1,0.25,20,update_norm,"features.20,features.24,features.27,features.30",1,69.13999938964844,11.703217900008895,"[31, 75, 94, 20, 87, 26, 29, 70, 2, 50]","[8800259, 8801256, 8802253, 8803250, 8804247, 8805244, 8806241, 8807238, 8808235, 8809232]",40e7c8066028d66cac07cde88af905a40afe0fd9f3b8c375ce960cfe98b6ec46,10,9,9,9,0,1,0,0,0,650,63,587,0.09692307692307692,0,0.0,63,8.222222222222221,2112800,True,0,0,0,,0,0
88,TargetedFedPhoenix,1,0.25,20,update_norm,"features.20,features.24,features.27,features.30",1,69.63999938964844,10.6631611000048,"[0, 9, 46, 37, 72, 83, 73, 16, 55, 27]","[8900262, 8901259, 8902256, 8903253, 8904250, 8905247, 8906244, 8907241, 8908238, 8909235]",51bfc1dbc70d864e6b28253bdd14e8909768b742973b01e30f681a813203f023,10,9,9,9,0,1,0,0,0,650,63,587,0.09692307692307692,2,0.031746031746031744,61,7.777777777777778,2112800,True,0,0,0,,0,0
89,TargetedFedPhoenix,1,0.25,20,update_norm,"features.20,features.24,features.27,features.30",1,69.9800033569336,11.351544800010743,"[80, 29, 9, 50, 26, 81, 48, 82, 37, 15]","[9000265, 9001262, 9002259, 9003256, 9004253, 9005250, 9006247, 9007244, 9008241, 9009238]",543f518ec9006b223effa5daaeed158644795974249365efcd64a27b023c7f97,10,9,9,9,0,1,0,0,0,650,63,587,0.09692307692307692,2,0.031746031746031744,61,5.222222222222222,2112800,True,0,0,0,,0,0
90,TargetedFedPhoenix,1,0.25,20,update_norm,"features.20,features.24,features.27,features.30",1,64.2300033569336,9.624458300007973,"[82, 6, 87, 74, 29, 50, 62, 67, 12, 83]","[9100268, 9101265, 9102262, 9103259, 9104256, 9105253, 9106250, 9107247, 9108244, 9109241]",cec3ac3bbd317eb3a2c9b346bc82ff042985fca4cfb5dca27fb2ef9155ed3a71,10,8,8,8,0,2,0,0,0,650,56,594,0.08615384615384615,1,0.017857142857142856,55,6.0,2112800,True,0,0,0,,0,0
91,TargetedFedPhoenix,1,0.25,20,update_norm,"features.20,features.24,features.27,features.30",1,70.01000213623047,10.7332172000024,"[36, 75, 89, 43, 12, 21, 95, 72, 24, 63]","[9200271, 9201268, 9202265, 9203262, 9204259, 9205256, 9206253, 9207250, 9208247, 9209244]",5436d3a375f4d1079ae44e9dd589dc7c5142e9406a733925f93927ba5a1ce204,10,10,10,10,0,0,0,0,0,650,70,580,0.1076923076923077,3,0.04285714285714286,67,7.9,2112800,True,0,0,0,,0,0
92,TargetedFedPhoenix,1,0.25,20,update_norm,"features.20,features.24,features.27,features.30",1,67.2300033569336,11.285086200005026,"[34, 15, 31, 94, 46, 70, 19, 80, 6, 88]","[9300274, 9301271, 9302268, 9303265, 9304262, 9305259, 9306256, 9307253, 9308250, 9309247]",1603d408e019f54a77ce21978b675cb2b1ae1cb67ea524cf40d0549846111186,10,10,10,10,0,0,0,0,0,650,70,580,0.1076923076923077,1,0.014285714285714285,69,5.5,2112800,True,0,0,0,,0,0
93,TargetedFedPhoenix,1,0.25,20,update_norm,"features.20,features.24,features.27,features.30",1,66.23999786376953,10.119694699998945,"[70, 92, 72, 77, 23, 53, 1, 12, 97, 93]","[9400277, 9401274, 9402271, 9403268, 9404265, 9405262, 9406259, 9407256, 9408253, 9409250]",31b291df1587bd5a5a91d4606b30983f1ae7d8a77c092b423dec8877fd527505,10,7,7,7,0,3,0,0,0,650,49,601,0.07538461538461538,3,0.061224489795918366,46,7.571428571428571,2112800,True,0,0,0,,0,0
94,TargetedFedPhoenix,1,0.25,20,update_norm,"features.20,features.24,features.27,features.30",1,66.83000183105469,10.933780600011232,"[13, 38, 36, 14, 57, 77, 66, 73, 3, 0]","[9500280, 9501277, 9502274, 9503271, 9504268, 9505265, 9506262, 9507259, 9508256, 9509253]",4d0ca9af260b6690494b377256e15d3c72618f62dccee0cb2246f6f2e73fc4ea,10,9,9,9,0,1,0,0,0,650,63,587,0.09692307692307692,0,0.0,63,8.11111111111111,2112800,True,0,0,0,,0,0
95,TargetedFedPhoenix,1,0.25,20,update_norm,"features.20,features.24,features.27,features.30",1,69.38999938964844,11.321000899988576,"[13, 19, 10, 24, 76, 57, 88, 23, 61, 31]","[9600283, 9601280, 9602277, 9603274, 9604271, 9605268, 9606265, 9607262, 9608259, 9609256]",88169791e9b1e186cd0b4768a3a3b160ca57c9a6aa61f059cd17b4e9d74dc52c,10,10,10,10,0,0,0,0,0,650,70,580,0.1076923076923077,1,0.014285714285714285,69,5.0,2112800,True,0,0,0,,0,0
96,TargetedFedPhoenix,1,0.25,20,update_norm,"features.20,features.24,features.27,features.30",1,68.80999755859375,9.700543500002823,"[18, 45, 94, 24, 56, 67, 10, 14, 13, 9]","[9700286, 9701283, 9702280, 9703277, 9704274, 9705271, 9706268, 9707265, 9708262, 9709259]",00bc58a15251ce97c06591d7c9186ddcbb82d3cf7148d962e6e930c372f95d99,10,9,9,9,0,1,0,0,0,650,63,587,0.09692307692307692,2,0.031746031746031744,61,6.0,2112800,True,0,0,0,,0,0
97,TargetedFedPhoenix,1,0.25,20,update_norm,"features.20,features.24,features.27,features.30",1,64.70999908447266,8.26430270000128,"[13, 48, 73, 93, 70, 1, 43, 77, 76, 88]","[9800289, 9801286, 9802283, 9803280, 9804277, 9805274, 9806271, 9807268, 9808265, 9809262]",805c7d5912f8f55cfb26b54cfe884e9f8d978591a604ebf10071d931a91a8a02,10,10,10,10,0,0,0,0,0,650,70,580,0.1076923076923077,2,0.02857142857142857,68,3.7,2112800,True,0,0,0,,0,0
98,TargetedFedPhoenix,1,0.25,20,update_norm,"features.20,features.24,features.27,features.30",1,63.22999954223633,10.264535800000886,"[21, 45, 83, 68, 75, 65, 96, 1, 77, 73]","[9900292, 9901289, 9902286, 9903283, 9904280, 9905277, 9906274, 9907271, 9908268, 9909265]",3925d887308a1fa71698eb647a09365666d64cf863ca760712be04c5ee544066,10,9,9,9,0,1,0,0,0,650,63,587,0.09692307692307692,1,0.015873015873015872,62,6.222222222222222,2112800,True,0,0,0,,0,0
99,TargetedFedPhoenix,1,0.25,20,update_norm,"features.20,features.24,features.27,features.30",1,63.2599983215332,10.293133500003023,"[81, 84, 60, 18, 45, 47, 94, 83, 76, 22]","[10000295, 10001292, 10002289, 10003286, 10004283, 10005280, 10006277, 10007274, 10008271, 10009268]",494a7c4649e0d19c9c7892d60e5e102e05114cd1f5a118c82e7c9a885596cc65,10,8,8,8,0,2,0,0,0,650,56,594,0.08615384615384615,1,0.017857142857142856,55,6.375,2112800,True,0,0,0,,0,0
100,TargetedFedPhoenix,1,0.25,20,update_norm,"features.20,features.24,features.27,features.30",1,62.849998474121094,13.370338799999445,"[21, 69, 47, 34, 65, 81, 93, 44, 30, 84]","[10100298, 10101295, 10102292, 10103289, 10104286, 10105283, 10106280, 10107277, 10108274, 10109271]",757699d136ff03c4f0832abb7e5bc1d7073a0ac8b1e4d1ddeb852703846ec636,10,9,9,9,0,1,0,0,0,650,63,587,0.09692307692307692,0,0.0,63,6.111111111111111,2112800,True,0,0,0,,0,0
101,TargetedFedPhoenix,1,0.25,20,update_norm,"features.20,features.24,features.27,features.30",1,68.11000061035156,9.713206600004924,"[22, 38, 77, 15, 11, 61, 37, 34, 87, 3]","[10200301, 10201298, 10202295, 10203292, 10204289, 10205286, 10206283, 10207280, 10208277, 10209274]",de36947e2cae151c7a59e43e29283e4a10c48488a3b5914d9a0f618b5522ade8,10,9,9,9,0,1,0,0,0,650,63,587,0.09692307692307692,1,0.015873015873015872,62,6.444444444444445,2112800,True,0,0,0,,0,0
102,TargetedFedPhoenix,1,0.25,20,update_norm,"features.20,features.24,features.27,features.30",1,72.5,9.936115000004065,"[96, 9, 26, 58, 69, 44, 13, 93, 61, 43]","[10300304, 10301301, 10302298, 10303295, 10304292, 10305289, 10306286, 10307283, 10308280, 10309277]",dd2def327f2158397368486fc6890fab01b4d2423fbefa799a482c37a4672c38,10,10,10,10,0,0,0,0,0,650,70,580,0.1076923076923077,1,0.014285714285714285,69,5.8,2112800,True,0,0,0,,0,0
103,TargetedFedPhoenix,1,0.25,20,update_norm,"features.20,features.24,features.27,features.30",1,72.19000244140625,9.272291000001132,"[13, 34, 27, 16, 72, 98, 14, 19, 9, 46]","[10400307, 10401304, 10402301, 10403298, 10404295, 10405292, 10406289, 10407286, 10408283, 10409280]",f2933a052771bd80bc745b37b56c54947a9bc2da7589d77c31bc0a599d17abda,10,9,9,9,0,1,0,0,0,650,63,587,0.09692307692307692,2,0.031746031746031744,61,7.777777777777778,2112800,True,0,0,0,,0,0
104,TargetedFedPhoenix,1,0.25,20,update_norm,"features.20,features.24,features.27,features.30",1,71.79000091552734,12.295843700005207,"[29, 72, 81, 80, 68, 85, 14, 0, 93, 52]","[10500310, 10501307, 10502304, 10503301, 10504298, 10505295, 10506292, 10507289, 10508286, 10509283]",3cf0040d54fba911562a19959ea7359b62c6baf26afdb6af0ee88e97cbe238a7,10,9,9,9,0,1,0,0,0,650,63,587,0.09692307692307692,2,0.031746031746031744,61,7.666666666666667,2112800,True,0,0,0,,0,0
105,TargetedFedPhoenix,1,0.25,20,update_norm,"features.20,features.24,features.27,features.30",1,69.88999938964844,11.452686399992672,"[17, 69, 35, 86, 83, 84, 23, 56, 89, 60]","[10600313, 10601310, 10602307, 10603304, 10604301, 10605298, 10606295, 10607292, 10608289, 10609286]",691824929daea67ec3d392a8a1793c7f0e154bd799501ba187649cf8b654c6e4,10,7,7,7,0,3,0,0,0,650,49,601,0.07538461538461538,2,0.04081632653061224,47,7.571428571428571,2112800,True,0,0,0,,0,0
106,TargetedFedPhoenix,1,0.25,20,update_norm,"features.20,features.24,features.27,features.30",1,69.77999877929688,11.06477850000374,"[94, 79, 36, 8, 19, 16, 13, 30, 25, 3]","[10700316, 10701313, 10702310, 10703307, 10704304, 10705301, 10706298, 10707295, 10708292, 10709289]",f36bd1fbdd04428e7e10e6684e32568f2d83646457b9b4795ccdac758430bf97,10,7,7,7,0,3,0,0,0,650,49,601,0.07538461538461538,2,0.04081632653061224,47,5.571428571428571,2112800,True,0,0,0,,0,0
107,TargetedFedPhoenix,1,0.25,20,update_norm,"features.20,features.24,features.27,features.30",1,48.959999084472656,10.626924499985762,"[45, 82, 32, 52, 17, 96, 6, 57, 67, 74]","[10800319, 10801316, 10802313, 10803310, 10804307, 10805304, 10806301, 10807298, 10808295, 10809292]",5b9d9ea9f2214eb3c02760ef0a207648ed29bd2152824594c1053c976691cd35,10,9,9,9,0,1,0,0,0,650,63,587,0.09692307692307692,1,0.015873015873015872,62,10.0,2112800,True,0,0,0,,0,0
108,TargetedFedPhoenix,1,0.25,20,update_norm,"features.20,features.24,features.27,features.30",1,69.8499984741211,8.941692099993816,"[61, 20, 59, 99, 39, 42, 73, 53, 45, 8]","[10900322, 10901319, 10902316, 10903313, 10904310, 10905307, 10906304, 10907301, 10908298, 10909295]",4108fd9242efb6a11eaca762100b97ca3546f56e8141c6cfcdea24f3ceff7b84,10,5,5,5,0,5,0,0,0,650,35,615,0.05384615384615385,1,0.02857142857142857,34,6.8,2112800,True,0,0,0,,0,0
109,TargetedFedPhoenix,1,0.25,20,update_norm,"features.20,features.24,features.27,features.30",1,73.6500015258789,10.25773830000253,"[60, 38, 5, 54, 66, 33, 80, 83, 9, 4]","[11000325, 11001322, 11002319, 11003316, 11004313, 11005310, 11006307, 11007304, 11008301, 11009298]",0235e51ceafc8d0e51da768b35c95654dea579001bf1354ba29cb98ac1031ddf,10,6,6,6,0,4,0,0,0,650,42,608,0.06461538461538462,0,0.0,42,7.0,2112800,True,0,0,0,,0,0
110,TargetedFedPhoenix,1,0.25,20,update_norm,"features.20,features.24,features.27,features.30",1,72.8499984741211,9.895471499999985,"[39, 44, 62, 4, 42, 25, 0, 45, 29, 93]","[11100328, 11101325, 11102322, 11103319, 11104316, 11105313, 11106310, 11107307, 11108304, 11109301]",5b324ade2a68aae932cb6096f3dc02703996b233b402631b707d5248c4e714fa,10,10,10,10,0,0,0,0,0,650,70,580,0.1076923076923077,0,0.0,70,5.7,2112800,True,0,0,0,,0,0
111,TargetedFedPhoenix,1,0.25,20,update_norm,"features.20,features.24,features.27,features.30",1,73.3499984741211,8.903120100003434,"[96, 54, 19, 97, 92, 31, 81, 2, 24, 9]","[11200331, 11201328, 11202325, 11203322, 11204319, 11205316, 11206313, 11207310, 11208307, 11209304]",099cc98b57a3f8da37494d18c0aadaa3d1a196059324dcd7b0e47195e213bb8f,10,9,9,9,0,1,0,0,0,650,63,587,0.09692307692307692,1,0.015873015873015872,62,9.666666666666666,2112800,True,0,0,0,,0,0
112,TargetedFedPhoenix,1,0.25,20,update_norm,"features.20,features.24,features.27,features.30",1,70.80000305175781,11.43302520000725,"[9, 19, 7, 49, 45, 35, 80, 85, 40, 89]","[11300334, 11301331, 11302328, 11303325, 11304322, 11305319, 11306316, 11307313, 11308310, 11309307]",45912962b7e9cd5c9fd0e833ead111433cab55b2a68262080028b1626b274ed5,10,7,7,7,0,3,0,0,0,650,49,601,0.07538461538461538,1,0.02040816326530612,48,4.142857142857143,2112800,True,0,0,0,,0,0
113,TargetedFedPhoenix,1,0.25,20,update_norm,"features.20,features.24,features.27,features.30",1,66.77999877929688,9.472107399997185,"[73, 66, 18, 74, 33, 2, 87, 29, 98, 91]","[11400337, 11401334, 11402331, 11403328, 11404325, 11405322, 11406319, 11407316, 11408313, 11409310]",69d3ed3d4a34f364acebdee0267a94b873bab0659fa4540a62c97cbc08a04b16,10,9,9,9,0,1,0,0,0,650,63,587,0.09692307692307692,0,0.0,63,6.666666666666667,2112800,True,0,0,0,,0,0
114,TargetedFedPhoenix,1,0.25,20,update_norm,"features.20,features.24,features.27,features.30",1,67.66000366210938,10.343240100002731,"[40, 31, 27, 50, 71, 81, 99, 97, 73, 49]","[11500340, 11501337, 11502334, 11503331, 11504328, 11505325, 11506322, 11507319, 11508316, 11509313]",f31f2a49d2ac8bf0597a58aaf8b8abc6248e2489e7d7e8c04b6b5b4e18597240,10,8,8,8,0,2,0,0,0,650,56,594,0.08615384615384615,2,0.03571428571428571,54,3.875,2112800,True,0,0,0,,0,0
115,TargetedFedPhoenix,1,0.25,20,update_norm,"features.20,features.24,features.27,features.30",1,61.279998779296875,7.444961500004865,"[61, 64, 42, 88, 27, 95, 92, 50, 45, 85]","[11600343, 11601340, 11602337, 11603334, 11604331, 11605328, 11606325, 11607322, 11608319, 11609316]",8866fe0ed7f91b63604b055f43d4481ee02e3f73c39b4c6dd57b1323ae06ef29,10,8,8,8,0,2,0,0,0,650,56,594,0.08615384615384615,1,0.017857142857142856,55,5.25,2112800,True,0,0,0,,0,0
116,TargetedFedPhoenix,1,0.25,20,update_norm,"features.20,features.24,features.27,features.30",1,70.91999816894531,8.596266299995477,"[27, 8, 49, 32, 15, 35, 70, 59, 31, 30]","[11700346, 11701343, 11702340, 11703337, 11704334, 11705331, 11706328, 11707325, 11708322, 11709319]",a6dedface71690ff3ecedf8b4d93cc7ef0b593b442fb8633d660e09b2846bfef,10,10,10,10,0,0,0,0,0,650,70,580,0.1076923076923077,0,0.0,70,7.8,2112800,True,0,0,0,,0,0
117,TargetedFedPhoenix,1,0.25,20,update_norm,"features.20,features.24,features.27,features.30",1,63.900001525878906,9.045132500003092,"[69, 35, 52, 51, 26, 15, 76, 48, 98, 12]","[11800349, 11801346, 11802343, 11803340, 11804337, 11805334, 11806331, 11807328, 11808325, 11809322]",980499cf251b5310fb8962e9b5b373d04e72cc99879fb3917eb3bd8adc69ab62,10,8,8,8,0,2,0,0,0,650,56,594,0.08615384615384615,1,0.017857142857142856,55,10.125,2112800,True,0,0,0,,0,0
118,TargetedFedPhoenix,1,0.25,20,update_norm,"features.20,features.24,features.27,features.30",1,70.5199966430664,12.31693699999596,"[46, 57, 0, 86, 26, 80, 73, 20, 63, 98]","[11900352, 11901349, 11902346, 11903343, 11904340, 11905337, 11906334, 11907331, 11908328, 11909325]",9827811b2fc1b4ab910aa4f086716ef70581249f4d90a4479fcaf09c55c5b837,10,9,9,9,0,1,0,0,0,650,63,587,0.09692307692307692,0,0.0,63,7.666666666666667,2112800,True,0,0,0,,0,0
119,TargetedFedPhoenix,1,0.25,20,update_norm,"features.20,features.24,features.27,features.30",1,73.58999633789062,9.436350000003586,"[81, 6, 64, 84, 20, 2, 8, 4, 66, 92]","[12000355, 12001352, 12002349, 12003346, 12004343, 12005340, 12006337, 12007334, 12008331, 12009328]",708b5da5283aa76c956794a3afcc99ccef4e7cf09593453e47f7157a6425058f,10,10,10,10,0,0,0,0,0,650,70,580,0.1076923076923077,1,0.014285714285714285,69,6.4,2112800,True,0,0,0,,0,0
120,TargetedFedPhoenix,1,0.25,20,update_norm,"features.20,features.24,features.27,features.30",1,69.05999755859375,9.696343799994793,"[61, 34, 64, 11, 96, 18, 82, 52, 72, 92]","[12100358, 12101355, 12102352, 12103349, 12104346, 12105343, 12106340, 12107337, 12108334, 12109331]",6069101e9854b2b482d49f4e66bd9c9972ce6581dfdb71c3d8434e2196dfd293,10,10,10,10,0,0,0,0,0,650,70,580,0.1076923076923077,0,0.0,70,9.1,2112800,True,0,0,0,,0,0
121,TargetedFedPhoenix,1,0.25,20,update_norm,"features.20,features.24,features.27,features.30",1,74.05999755859375,11.885294499996235,"[93, 68, 94, 13, 36, 11, 5, 1, 40, 7]","[12200361, 12201358, 12202355, 12203352, 12204349, 12205346, 12206343, 12207340, 12208337, 12209334]",d2d73c094927a92085f66048a0c7a43068426c576de402f0b39bebc8e8706fed,10,9,9,9,0,1,0,0,0,650,63,587,0.09692307692307692,0,0.0,63,11.333333333333334,2112800,True,0,0,0,,0,0
122,TargetedFedPhoenix,1,0.25,20,update_norm,"features.20,features.24,features.27,features.30",1,69.5999984741211,9.601086700000451,"[73, 64, 37, 69, 31, 48, 77, 41, 53, 75]","[12300364, 12301361, 12302358, 12303355, 12304352, 12305349, 12306346, 12307343, 12308340, 12309337]",add70ec77508e5d16edf5452c685faf8f7b9f5478341aff221c85294a0b73640,10,6,6,6,0,4,0,0,0,650,42,608,0.06461538461538462,1,0.023809523809523808,41,6.0,2112800,True,0,0,0,,0,0
123,TargetedFedPhoenix,1,0.25,20,update_norm,"features.20,features.24,features.27,features.30",1,70.11000061035156,8.938170399997034,"[46, 43, 84, 11, 66, 92, 16, 19, 96, 37]","[12400367, 12401364, 12402361, 12403358, 12404355, 12405352, 12406349, 12407346, 12408343, 12409340]",ab43b1164f1ca1eea861cc1c86c3be4e719debc08b89a669424f1f612cf1dde3,10,9,9,9,0,1,0,0,0,650,63,587,0.09692307692307692,1,0.015873015873015872,62,5.555555555555555,2112800,True,0,0,0,,0,0
124,TargetedFedPhoenix,1,0.25,20,update_norm,"features.20,features.24,features.27,features.30",1,62.84000015258789,8.454281500002253,"[43, 96, 9, 0, 74, 19, 1, 23, 38, 66]","[12500370, 12501367, 12502364, 12503361, 12504358, 12505355, 12506352, 12507349, 12508346, 12509343]",414c40e24026340da31a0f630e803a6394800bb4d2e5e7e5f5d029010e5c8526,10,10,10,10,0,0,0,0,0,650,70,580,0.1076923076923077,0,0.0,70,7.0,2112800,True,0,0,0,,0,0
125,TargetedFedPhoenix,1,0.25,20,update_norm,"features.20,features.24,features.27,features.30",1,64.91999816894531,10.053245599992806,"[27, 62, 32, 10, 22, 72, 64, 25, 86, 60]","[12600373, 12601370, 12602367, 12603364, 12604361, 12605358, 12606355, 12607352, 12608349, 12609346]",ce66344819accd719cf6bfa90ffb1096d890a3410f84bc460c9941f017993d8c,10,8,8,8,0,2,0,0,0,650,56,594,0.08615384615384615,1,0.017857142857142856,55,9.875,2112800,True,0,0,0,,0,0
126,TargetedFedPhoenix,1,0.25,20,update_norm,"features.20,features.24,features.27,features.30",1,64.41999816894531,10.573235599993495,"[84, 7, 64, 76, 15, 46, 27, 47, 40, 69]","[12700376, 12701373, 12702370, 12703367, 12704364, 12705361, 12706358, 12707355, 12708352, 12709349]",45e7c31da64555fb0b5a54270624e42e25862c623d954a9555b249e070ec2f26,10,9,9,9,0,1,0,0,0,650,63,587,0.09692307692307692,0,0.0,63,4.444444444444445,2112800,True,0,0,0,,0,0
127,TargetedFedPhoenix,1,0.25,20,update_norm,"features.20,features.24,features.27,features.30",1,73.38999938964844,11.575986899988493,"[75, 97, 79, 87, 11, 7, 37, 92, 41, 12]","[12800379, 12801376, 12802373, 12803370, 12804367, 12805364, 12806361, 12807358, 12808355, 12809352]",b4c41e53de87f5dce8737a76857415848c6b1f0614fd91176b1d3ebe3ef20f07,10,9,9,9,0,1,0,0,0,650,63,587,0.09692307692307692,2,0.031746031746031744,61,6.666666666666667,2112800,True,0,0,0,,0,0
128,TargetedFedPhoenix,1,0.25,20,update_norm,"features.20,features.24,features.27,features.30",1,70.0199966430664,10.348515899997437,"[78, 4, 17, 21, 76, 74, 19, 61, 45, 86]","[12900382, 12901379, 12902376, 12903373, 12904370, 12905367, 12906364, 12907361, 12908358, 12909355]",51234b3de047fbb379fa6678c2545d17c30391104efc4fb098ddeb378844c182,10,7,7,7,0,3,0,0,0,650,49,601,0.07538461538461538,0,0.0,49,6.142857142857143,2112800,True,0,0,0,,0,0
129,TargetedFedPhoenix,1,0.25,20,update_norm,"features.20,features.24,features.27,features.30",1,75.36000061035156,12.92163929999515,"[23, 41, 75, 36, 26, 49, 95, 16, 93, 72]","[13000385, 13001382, 13002379, 13003376, 13004373, 13005370, 13006367, 13007364, 13008361, 13009358]",a8f22ebf96c5b5f2f22811921488678178343c6c6771e24bf817331c89cc1fab,10,10,10,10,0,0,0,0,0,650,70,580,0.1076923076923077,1,0.014285714285714285,69,7.3,2112800,True,0,0,0,,0,0
130,TargetedFedPhoenix,1,0.25,20,update_norm,"features.20,features.24,features.27,features.30",1,67.29000091552734,11.681072200008202,"[59, 53, 65, 8, 68, 35, 13, 55, 23, 97]","[13100388, 13101385, 13102382, 13103379, 13104376, 13105373, 13106370, 13107367, 13108364, 13109361]",d3da903e698ef49b625bc24903dfd4238a44b07561ab9a85649a92c32a2b65df,10,8,8,8,0,2,0,0,0,650,56,594,0.08615384615384615,0,0.0,56,8.5,2112800,True,0,0,0,,0,0
131,TargetedFedPhoenix,1,0.25,20,update_norm,"features.20,features.24,features.27,features.30",1,66.98999786376953,8.618219500000123,"[74, 98, 22, 45, 97, 87, 92, 71, 47, 79]","[13200391, 13201388, 13202385, 13203382, 13204379, 13205376, 13206373, 13207370, 13208367, 13209364]",1a57321c206fcb75aa9112b5095eff20bc1602e8bfb01e3697cae443ac03a111,10,10,10,10,0,0,0,0,0,650,70,580,0.1076923076923077,1,0.014285714285714285,69,6.0,2112800,True,0,0,0,,0,0
132,TargetedFedPhoenix,1,0.25,20,update_norm,"features.20,features.24,features.27,features.30",1,75.0199966430664,10.389625600000727,"[35, 70, 59, 49, 36, 91, 82, 50, 26, 72]","[13300394, 13301391, 13302388, 13303385, 13304382, 13305379, 13306376, 13307373, 13308370, 13309367]",94eb3ee7de9ab92c435bdb2281c01f076a63de0befcce61289137a0a2b115d0b,10,10,10,10,0,0,0,0,0,650,70,580,0.1076923076923077,2,0.02857142857142857,68,8.0,2112800,True,0,0,0,,0,0
133,TargetedFedPhoenix,1,0.25,20,update_norm,"features.20,features.24,features.27,features.30",1,69.5,9.789257800002815,"[22, 83, 75, 29, 66, 48, 12, 10, 86, 1]","[13400397, 13401394, 13402391, 13403388, 13404385, 13405382, 13406379, 13407376, 13408373, 13409370]",4364097e7ebd750db25881bc1fee1592c9d2ce32912ff0b70d3abc1c8750e6b7,10,9,9,9,0,1,0,0,0,650,63,587,0.09692307692307692,2,0.031746031746031744,61,8.222222222222221,2112800,True,0,0,0,,0,0
134,TargetedFedPhoenix,1,0.25,20,update_norm,"features.20,features.24,features.27,features.30",1,74.88999938964844,14.000769000005675,"[76, 33, 40, 59, 65, 63, 73, 36, 99, 82]","[13500400, 13501397, 13502394, 13503391, 13504388, 13505385, 13506382, 13507379, 13508376, 13509373]",667b522c0ae52afb6c2370f54639656377fc98bfca1a41c93f0c07167f2fb451,10,9,9,9,0,1,0,0,0,650,63,587,0.09692307692307692,0,0.0,63,8.0,2112800,True,0,0,0,,0,0
135,TargetedFedPhoenix,1,0.25,20,update_norm,"features.20,features.24,features.27,features.30",1,67.44000244140625,9.838212100003147,"[85, 88, 54, 40, 70, 67, 86, 38, 58, 42]","[13600403, 13601400, 13602397, 13603394, 13604391, 13605388, 13606385, 13607382, 13608379, 13609376]",ce2ccac3ae733b2762efc27b4ef115e38251a45c9c88ebf6308b024b2762fcfd,10,7,7,7,0,3,0,0,0,650,49,601,0.07538461538461538,0,0.0,49,11.0,2112800,True,0,0,0,,0,0
136,TargetedFedPhoenix,1,0.25,20,update_norm,"features.20,features.24,features.27,features.30",1,68.26000213623047,9.472105099994224,"[89, 56, 12, 90, 94, 86, 19, 78, 92, 59]","[13700406, 13701403, 13702400, 13703397, 13704394, 13705391, 13706388, 13707385, 13708382, 13709379]",dbdac74d9fe24abc52088c7d299e434e061baa35662510703acfc83a7ff770c7,10,7,7,7,0,3,0,0,0,650,49,601,0.07538461538461538,0,0.0,49,6.0,2112800,True,0,0,0,,0,0
137,TargetedFedPhoenix,1,0.25,20,update_norm,"features.20,features.24,features.27,features.30",1,72.16000366210938,12.787595899993903,"[7, 94, 69, 44, 50, 26, 75, 24, 33, 18]","[13800409, 13801406, 13802403, 13803400, 13804397, 13805394, 13806391, 13807388, 13808385, 13809382]",84d597fdbd79648f84fc8013d392eb300580dfd70b3c3d940a803997359b0265,10,8,8,8,0,2,0,0,0,650,56,594,0.08615384615384615,1,0.017857142857142856,55,7.0,2112800,True,0,0,0,,0,0
138,TargetedFedPhoenix,1,0.25,20,update_norm,"features.20,features.24,features.27,features.30",1,75.04000091552734,10.417180400007055,"[89, 75, 84, 93, 35, 71, 19, 63, 59, 94]","[13900412, 13901409, 13902406, 13903403, 13904400, 13905397, 13906394, 13907391, 13908388, 13909385]",b98872652f048700d7b701d2146bd70e25c57679bbf5db557d68b5bbc489fb2a,10,10,10,10,0,0,0,0,0,650,70,580,0.1076923076923077,2,0.02857142857142857,68,4.6,2112800,True,0,0,0,,0,0
139,TargetedFedPhoenix,1,0.25,20,update_norm,"features.20,features.24,features.27,features.30",1,71.83999633789062,9.414316100010183,"[54, 66, 17, 43, 53, 40, 76, 1, 4, 81]","[14000415, 14001412, 14002409, 14003406, 14004403, 14005400, 14006397, 14007394, 14008391, 14009388]",d1f9c3dad671f1986db027530c616bb6d8d354a56b599c2e77a8048e27e153c2,10,10,10,10,0,0,0,0,0,650,70,580,0.1076923076923077,1,0.014285714285714285,69,9.1,2112800,True,0,0,0,,0,0
140,TargetedFedPhoenix,1,0.25,20,update_norm,"features.20,features.24,features.27,features.30",1,74.16000366210938,11.014864900003886,"[52, 51, 97, 7, 41, 61, 29, 88, 49, 26]","[14100418, 14101415, 14102412, 14103409, 14104406, 14105403, 14106400, 14107397, 14108394, 14109391]",43af99aab280860b75852f61a1d4992ba7feb865d0b0b24439b570eea5edf32d,10,9,9,9,0,1,0,0,0,650,63,587,0.09692307692307692,0,0.0,63,8.666666666666666,2112800,True,0,0,0,,0,0
141,TargetedFedPhoenix,1,0.25,20,update_norm,"features.20,features.24,features.27,features.30",1,75.79000091552734,10.389567199992598,"[21, 47, 20, 59, 85, 2, 99, 70, 54, 50]","[14200421, 14201418, 14202415, 14203412, 14204409, 14205406, 14206403, 14207400, 14208397, 14209394]",4c597713f39620c5f587fe6e85a6e076dab6df955445fbcbc61b1c2dd915d844,10,8,8,8,0,2,0,0,0,650,56,594,0.08615384615384615,0,0.0,56,6.375,2112800,True,0,0,0,,0,0
142,TargetedFedPhoenix,1,0.25,20,update_norm,"features.20,features.24,features.27,features.30",1,65.23999786376953,13.831218399995123,"[65, 98, 79, 6, 58, 92, 19, 37, 33, 75]","[14300424, 14301421, 14302418, 14303415, 14304412, 14305409, 14306406, 14307403, 14308400, 14309397]",eacd043c4c24389f49303d82424987f0f6b514df0bffd4fe216551a384f654e5,10,9,9,9,0,1,0,0,0,650,63,587,0.09692307692307692,2,0.031746031746031744,61,7.888888888888889,2112800,True,0,0,0,,0,0
143,TargetedFedPhoenix,1,0.25,20,update_norm,"features.20,features.24,features.27,features.30",1,64.33999633789062,9.940185500003281,"[44, 84, 56, 0, 69, 15, 66, 78, 42, 95]","[14400427, 14401424, 14402421, 14403418, 14404415, 14405412, 14406409, 14407406, 14408403, 14409400]",431418a6aae1a1753f0f06b23a9019feab480ca09f0d9b31cc336def1957fb47,10,10,10,10,0,0,0,0,0,650,70,580,0.1076923076923077,1,0.014285714285714285,69,9.3,2112800,True,0,0,0,,0,0
144,TargetedFedPhoenix,1,0.25,20,update_norm,"features.20,features.24,features.27,features.30",1,73.2300033569336,12.281362099995022,"[36, 20, 53, 26, 80, 67, 25, 37, 39, 10]","[14500430, 14501427, 14502424, 14503421, 14504418, 14505415, 14506412, 14507409, 14508406, 14509403]",b47ed68c1e6c16c2bac2f91f7d624ecce4a48082a8aa0b13619154dcdadb7d66,10,8,8,8,0,2,0,0,0,650,56,594,0.08615384615384615,3,0.05357142857142857,53,7.875,2112800,True,0,0,0,,0,0
145,TargetedFedPhoenix,1,0.25,20,update_norm,"features.20,features.24,features.27,features.30",1,67.9000015258789,11.984584399993764,"[54, 62, 65, 69, 82, 46, 64, 70, 59, 11]","[14600433, 14601430, 14602427, 14603424, 14604421, 14605418, 14606415, 14607412, 14608409, 14609406]",d762a45a17f25218cb7a512538e4847fdaf632dcca2422d141703a028c56d64c,10,10,10,10,0,0,0,0,0,650,70,580,0.1076923076923077,0,0.0,70,10.4,2112800,True,0,0,0,,0,0
146,TargetedFedPhoenix,1,0.25,20,update_norm,"features.20,features.24,features.27,features.30",1,66.41000366210938,10.352084600002854,"[78, 89, 64, 25, 85, 9, 57, 41, 97, 45]","[14700436, 14701433, 14702430, 14703427, 14704424, 14705421, 14706418, 14707415, 14708412, 14709409]",832379449b0d633ab3ed3f635f2ff1214fe76f3b8f131d4053ecde23ff422029,10,8,8,8,0,2,0,0,0,650,56,594,0.08615384615384615,2,0.03571428571428571,54,5.75,2112800,True,0,0,0,,0,0
147,TargetedFedPhoenix,1,0.25,20,update_norm,"features.20,features.24,features.27,features.30",1,73.94999694824219,10.209232499997597,"[32, 8, 70, 41, 12, 19, 88, 20, 98, 33]","[14800439, 14801436, 14802433, 14803430, 14804427, 14805424, 14806421, 14807418, 14808415, 14809412]",51f4595f618f3e65a10592498484262ac1e40ec551569057a133d56f3dd144b9,10,9,9,9,0,1,0,0,0,650,63,587,0.09692307692307692,2,0.031746031746031744,61,6.222222222222222,2112800,True,0,0,0,,0,0
148,TargetedFedPhoenix,1,0.25,20,update_norm,"features.20,features.24,features.27,features.30",1,70.79000091552734,11.48945979999553,"[50, 29, 81, 33, 44, 69, 2, 68, 93, 85]","[14900442, 14901439, 14902436, 14903433, 14904430, 14905427, 14906424, 14907421, 14908418, 14909415]",787d5f6b415cc0c2c7e3d51046d5275b88a538d35aaf8666a554ccabb9be87c8,10,10,10,10,0,0,0,0,0,650,70,580,0.1076923076923077,1,0.014285714285714285,69,7.0,2112800,True,0,0,0,,0,0
149,TargetedFedPhoenix,1,0.25,20,update_norm,"features.20,features.24,features.27,features.30",1,67.27999877929688,9.95124899999064,"[5, 84, 70, 73, 31, 62, 69, 13, 86, 74]","[15000445, 15001442, 15002439, 15003436, 15004433, 15005430, 15006427, 15007424, 15008421, 15009418]",5d95437405dd378723236f1c6415051ce2cde2a9ba1c53fd2195e00765e41c07,10,8,8,8,0,2,0,0,0,650,56,594,0.08615384615384615,1,0.017857142857142856,55,9.75,2112800,True,0,0,0,,0,0
150,TargetedFedPhoenix,1,0.25,20,update_norm,"features.20,features.24,features.27,features.30",1,74.37000274658203,10.143768800000544,"[69, 9, 41, 83, 76, 63, 34, 67, 36, 87]","[15100448, 15101445, 15102442, 15103439, 15104436, 15105433, 15106430, 15107427, 15108424, 15109421]",0b17ad59ba97afe989efe6ab9349d4c41676c891796d59531a40b28948a09616,10,9,9,9,0,1,0,0,0,650,63,587,0.09692307692307692,3,0.047619047619047616,60,8.777777777777779,2112800,True,0,0,0,,0,0
151,TargetedFedPhoenix,1,0.25,20,update_norm,"features.20,features.24,features.27,features.30",1,62.619998931884766,10.109144799993373,"[40, 77, 95, 52, 25, 38, 46, 47, 93, 88]","[15200451, 15201448, 15202445, 15203442, 15204439, 15205436, 15206433, 15207430, 15208427, 15209424]",0c7e0ca381227167e996360d7ca9b648cb8d300f78a2e57ea7fc3813198a9746,10,9,9,9,0,1,0,0,0,650,63,587,0.09692307692307692,1,0.015873015873015872,62,8.333333333333334,2112800,True,0,0,0,,0,0
152,TargetedFedPhoenix,1,0.25,20,update_norm,"features.20,features.24,features.27,features.30",1,69.2300033569336,11.93882750000921,"[14, 22, 87, 6, 15, 36, 37, 44, 48, 38]","[15300454, 15301451, 15302448, 15303445, 15304442, 15305439, 15306436, 15307433, 15308430, 15309427]",680bd4c08b3f7256c566c2e570a8faf63dde38d4eb2975338a40b862dd026ec1,10,9,9,9,0,1,0,0,0,650,63,587,0.09692307692307692,2,0.031746031746031744,61,8.222222222222221,2112800,True,0,0,0,,0,0
153,TargetedFedPhoenix,1,0.25,20,update_norm,"features.20,features.24,features.27,features.30",1,72.69999694824219,11.055747699996573,"[14, 66, 74, 62, 49, 45, 18, 79, 15, 68]","[15400457, 15401454, 15402451, 15403448, 15404445, 15405442, 15406439, 15407436, 15408433, 15409430]",20d7e4f1fe9130154c9412b36ee3044a672b8a61be8197684b5455c43e3e67bd,10,10,10,10,0,0,0,0,0,650,70,580,0.1076923076923077,1,0.014285714285714285,69,7.2,2112800,True,0,0,0,,0,0
154,TargetedFedPhoenix,1,0.25,20,update_norm,"features.20,features.24,features.27,features.30",1,74.4000015258789,8.901344700003392,"[92, 32, 77, 87, 27, 13, 14, 47, 22, 73]","[15500460, 15501457, 15502454, 15503451, 15504448, 15505445, 15506442, 15507439, 15508436, 15509433]",f9c0f781dc9f023b05bb4965df2d77d71a5a1a59290b52ebf69f416499c4bfa1,10,9,9,9,0,1,0,0,0,650,63,587,0.09692307692307692,0,0.0,63,4.444444444444445,2112800,True,0,0,0,,0,0
155,TargetedFedPhoenix,1,0.25,20,update_norm,"features.20,features.24,features.27,features.30",1,69.51000213623047,10.820667199994205,"[60, 31, 44, 3, 84, 25, 98, 73, 52, 82]","[15600463, 15601460, 15602457, 15603454, 15604451, 15605448, 15606445, 15607442, 15608439, 15609436]",56e0d92daaf3a4b022686c25dfc3d1a9bac9154d5d4306c08e969c4f437aafb7,10,8,8,8,0,2,0,0,0,640,56,584,0.0875,0,0.0,56,5.25,2112800,True,0,0,0,,0,0
156,TargetedFedPhoenix,1,0.25,20,update_norm,"features.20,features.24,features.27,features.30",1,72.44000244140625,11.032417599999462,"[66, 38, 74, 49, 46, 45, 12, 0, 81, 23]","[15700466, 15701463, 15702460, 15703457, 15704454, 15705451, 15706448, 15707445, 15708442, 15709439]",e5847a86db13d755a3529fad50ff688865c03cf4fa5cf8266f50685ad9084f1c,10,9,9,9,0,1,0,0,0,640,63,577,0.0984375,2,0.031746031746031744,61,5.666666666666667,2112800,True,0,0,0,,0,0
157,TargetedFedPhoenix,1,0.25,20,update_norm,"features.20,features.24,features.27,features.30",1,67.2699966430664,12.434369999988121,"[6, 14, 56, 8, 37, 71, 68, 53, 88, 65]","[15800469, 15801466, 15802463, 15803460, 15804457, 15805454, 15806451, 15807448, 15808445, 15809442]",05afae85a4f4813b0fa96f36d74393782dc98c13cbee12e83080da26cc6ac93b,10,10,10,10,0,0,0,0,0,640,70,570,0.109375,0,0.0,70,9.1,2112800,True,0,0,0,,0,0
158,TargetedFedPhoenix,1,0.25,20,update_norm,"features.20,features.24,features.27,features.30",1,67.55999755859375,9.493893499995465,"[76, 40, 68, 38, 91, 92, 18, 11, 69, 94]","[15900472, 15901469, 15902466, 15903463, 15904460, 15905457, 15906454, 15907451, 15908448, 15909445]",b8c9d6e9092c2cae8cabbe6adfe53be00cf08e9caf66080ba3fcc7e190caf483,10,9,9,9,0,1,0,0,0,640,63,577,0.0984375,4,0.06349206349206349,59,7.555555555555555,2112800,True,0,0,0,,0,0
159,TargetedFedPhoenix,1,0.25,20,update_norm,"features.20,features.24,features.27,features.30",1,68.72000122070312,9.920695000007981,"[0, 23, 91, 83, 98, 64, 90, 32, 84, 36]","[16000475, 16001472, 16002469, 16003466, 16004463, 16005460, 16006457, 16007454, 16008451, 16009448]",bc49e641c41c45eee5d7a29f53c04b8f685dd5b41dbfd11f7052c80275607696,10,9,9,9,0,1,0,0,0,640,63,577,0.0984375,1,0.015873015873015872,62,5.444444444444445,2112800,True,0,0,0,,0,0
160,TargetedFedPhoenix,1,0.25,20,update_norm,"features.20,features.24,features.27,features.30",1,71.9800033569336,10.61813939998683,"[15, 9, 95, 71, 80, 49, 39, 81, 30, 8]","[16100478, 16101475, 16102472, 16103469, 16104466, 16105463, 16106460, 16107457, 16108454, 16109451]",3113d8e85153bfff6081456ca17196ff289750c3fc3c73c3d422dba94e12d882,10,9,9,9,0,1,0,0,0,640,63,577,0.0984375,0,0.0,63,8.0,2112800,True,0,0,0,,0,0
161,TargetedFedPhoenix,1,0.25,20,update_norm,"features.20,features.24,features.27,features.30",1,75.5199966430664,9.582960500003537,"[29, 87, 67, 36, 35, 96, 15, 61, 24, 62]","[16200481, 16201478, 16202475, 16203472, 16204469, 16205466, 16206463, 16207460, 16208457, 16209454]",5abc67563f667f88938bc5691166a120a6a541ab8af532673ce2c8d830650303,10,6,6,6,0,4,0,0,0,640,42,598,0.065625,0,0.0,42,7.0,2112800,True,0,0,0,,0,0
162,TargetedFedPhoenix,1,0.25,20,update_norm,"features.20,features.24,features.27,features.30",1,71.29000091552734,10.93179250000685,"[13, 58, 87, 52, 50, 60, 3, 19, 35, 0]","[16300484, 16301481, 16302478, 16303475, 16304472, 16305469, 16306466, 16307463, 16308460, 16309457]",f23aae01bc2744a2e67bd52f46e0971f86f525c7fc55a99960fdf569174a414b,10,10,10,10,0,0,0,0,0,640,70,570,0.109375,1,0.014285714285714285,69,8.3,2112800,True,0,0,0,,0,0
163,TargetedFedPhoenix,1,0.25,20,update_norm,"features.20,features.24,features.27,features.30",1,70.31999969482422,9.600880099998903,"[55, 46, 66, 67, 73, 12, 51, 1, 57, 90]","[16400487, 16401484, 16402481, 16403478, 16404475, 16405472, 16406469, 16407466, 16408463, 16409460]",6c6f8866d361b6f1c5718907f8444ca677a3d298fdaf858e1bd57e0d132058ec,10,7,7,7,0,3,0,0,0,640,49,591,0.0765625,2,0.04081632653061224,47,7.428571428571429,2112800,True,0,0,0,,0,0
164,TargetedFedPhoenix,1,0.25,20,update_norm,"features.20,features.24,features.27,features.30",1,70.77999877929688,10.238924100005534,"[40, 72, 92, 86, 89, 90, 16, 98, 73, 58]","[16500490, 16501487, 16502484, 16503481, 16504478, 16505475, 16506472, 16507469, 16508466, 16509463]",e8a58d8a8d54ddd3c0cbb3194dc4e63dc9506aeaa5186810fe5ab2ba9023fb7e,10,8,8,8,0,2,0,0,0,640,56,584,0.0875,0,0.0,56,6.75,2112800,True,0,0,0,,0,0
165,TargetedFedPhoenix,1,0.25,20,update_norm,"features.20,features.24,features.27,features.30",1,72.91999816894531,11.672124599994277,"[0, 58, 47, 44, 94, 66, 4, 7, 27, 2]","[16600493, 16601490, 16602487, 16603484, 16604481, 16605478, 16606475, 16607472, 16608469, 16609466]",365c4d6161e319eec262df8f8883245eec75ac072a30a2f9a4a2870c70c860aa,10,8,8,8,0,2,0,0,0,640,56,584,0.0875,3,0.05357142857142857,53,7.75,2112800,True,0,0,0,,0,0
166,TargetedFedPhoenix,1,0.25,20,update_norm,"features.20,features.24,features.27,features.30",1,70.52999877929688,11.702826399996411,"[58, 87, 14, 78, 40, 83, 73, 18, 52, 31]","[16700496, 16701493, 16702490, 16703487, 16704484, 16705481, 16706478, 16707475, 16708472, 16709469]",59cd85d0644c614d86296f0240ed1a94c23c620195d51995dedd7602cc04c6dc,10,10,10,10,0,0,0,0,0,640,70,570,0.109375,1,0.014285714285714285,69,6.8,2112800,True,0,0,0,,0,0
167,TargetedFedPhoenix,1,0.25,20,update_norm,"features.20,features.24,features.27,features.30",1,70.18000030517578,11.690277000001515,"[99, 22, 62, 86, 5, 20, 9, 51, 7, 54]","[16800499, 16801496, 16802493, 16803490, 16804487, 16805484, 16806481, 16807478, 16808475, 16809472]",b2fd511edaa7aa718a3c14fb33dd3841af5e5ded1cb3a09db080b901a08f51a5,10,8,8,8,0,2,0,0,0,640,56,584,0.0875,1,0.017857142857142856,55,9.125,2112800,True,0,0,0,,0,0
168,TargetedFedPhoenix,1,0.25,20,update_norm,"features.20,features.24,features.27,features.30",1,67.80000305175781,10.713501999998698,"[97, 37, 42, 7, 22, 5, 24, 56, 69, 12]","[16900502, 16901499, 16902496, 16903493, 16904490, 16905487, 16906484, 16907481, 16908478, 16909475]",580691213ffc3e041fd937c7d379486fc82843d6245dcc96bb3f2221a37233cc,10,8,8,8,0,2,0,0,0,640,56,584,0.0875,1,0.017857142857142856,55,5.875,2112800,True,0,0,0,,0,0
169,TargetedFedPhoenix,1,0.25,20,update_norm,"features.20,features.24,features.27,features.30",1,71.9000015258789,9.754825600000913,"[96, 22, 76, 44, 59, 78, 12, 68, 94, 87]","[17000505, 17001502, 17002499, 17003496, 17004493, 17005490, 17006487, 17007484, 17008481, 17009478]",0d3e8a7b9881aff49d2dc17b44c9943c710613f5d3f46a3c59a97707dd512965,10,9,9,9,0,1,0,0,0,640,63,577,0.0984375,1,0.015873015873015872,62,5.111111111111111,2112800,True,0,0,0,,0,0
170,TargetedFedPhoenix,1,0.25,20,update_norm,"features.20,features.24,features.27,features.30",1,36.4900016784668,13.161552899997332,"[45, 7, 65, 19, 95, 16, 35, 23, 83, 88]","[17100508, 17101505, 17102502, 17103499, 17104496, 17105493, 17106490, 17107487, 17108484, 17109481]",108dcfa86c9230c5acf6c18d3b8f24b71acdd0af85194286b5782416ca712936,10,10,10,10,0,0,0,0,0,640,70,570,0.109375,2,0.02857142857142857,68,8.9,2112800,True,0,0,0,,0,0
171,TargetedFedPhoenix,1,0.25,20,update_norm,"features.20,features.24,features.27,features.30",1,65.02999877929688,10.400852400009171,"[12, 91, 4, 90, 47, 66, 33, 9, 61, 84]","[17200511, 17201508, 17202505, 17203502, 17204499, 17205496, 17206493, 17207490, 17208487, 17209484]",ad23e4a76aeef8f6080fe030e9bab362fbccbc069e176c60f81d378c27fe9a32,10,9,9,9,0,1,0,0,0,640,63,577,0.0984375,1,0.015873015873015872,62,7.222222222222222,2112800,True,0,0,0,,0,0
172,TargetedFedPhoenix,1,0.25,20,update_norm,"features.20,features.24,features.27,features.30",1,69.44000244140625,9.67276370000036,"[46, 60, 83, 2, 37, 70, 93, 29, 3, 43]","[17300514, 17301511, 17302508, 17303505, 17304502, 17305499, 17306496, 17307493, 17308490, 17309487]",2e910902f11fc7e2443b4b5cbbef159965047472e93a96e6a612d1a72d1b5502,10,7,7,7,0,3,0,0,0,640,49,591,0.0765625,0,0.0,49,7.571428571428571,2112800,True,0,0,0,,0,0
173,TargetedFedPhoenix,1,0.25,20,update_norm,"features.20,features.24,features.27,features.30",1,66.23999786376953,8.915222700001323,"[27, 45, 49, 4, 31, 62, 9, 95, 69, 72]","[17400517, 17401514, 17402511, 17403508, 17404505, 17405502, 17406499, 17407496, 17408493, 17409490]",1467cff4f6efeeb9046a9817b5716ee6128a1dc3a0203e419fa243500b3bb6cb,10,10,10,10,0,0,0,0,0,640,70,570,0.109375,0,0.0,70,5.8,2112800,True,0,0,0,,0,0
174,TargetedFedPhoenix,1,0.25,20,update_norm,"features.20,features.24,features.27,features.30",1,72.3499984741211,9.895099999994272,"[27, 28, 1, 92, 55, 48, 74, 7, 99, 62]","[17500520, 17501517, 17502514, 17503511, 17504508, 17505505, 17506502, 17507499, 17508496, 17509493]",4f45b329387a19b69b17e3e77a501a6a1302f5f5a6cefedcd2c0624e79cefb62,10,8,8,8,0,2,0,0,0,640,56,584,0.0875,2,0.03571428571428571,54,7.875,2112800,True,0,0,0,,0,0
175,TargetedFedPhoenix,1,0.25,20,update_norm,"features.20,features.24,features.27,features.30",1,74.95999908447266,10.538060699997004,"[24, 0, 9, 11, 31, 45, 58, 35, 69, 21]","[17600523, 17601520, 17602517, 17603514, 17604511, 17605508, 17606505, 17607502, 17608499, 17609496]",c4f20e5af81044f4f9aac9ed9dbdf91895901a0021e081f5d4cc5aa9e8fe4d50,10,9,9,9,0,1,0,0,0,640,63,577,0.0984375,0,0.0,63,6.222222222222222,2112800,True,0,0,0,,0,0
176,TargetedFedPhoenix,1,0.25,20,update_norm,"features.20,features.24,features.27,features.30",1,74.44999694824219,10.55657619998965,"[42, 98, 67, 21, 24, 81, 20, 75, 29, 36]","[17700526, 17701523, 17702520, 17703517, 17704514, 17705511, 17706508, 17707505, 17708502, 17709499]",d81df308d2d099f83180bbc2a8e894d2aa63ce251ead0408e1c47a7a3e8d4dc0,10,9,9,9,0,1,0,0,0,640,63,577,0.0984375,2,0.031746031746031744,61,8.777777777777779,2112800,True,0,0,0,,0,0
177,TargetedFedPhoenix,1,0.25,20,update_norm,"features.20,features.24,features.27,features.30",1,69.87000274658203,11.53314890000911,"[49, 75, 33, 60, 42, 64, 69, 11, 47, 70]","[17800529, 17801526, 17802523, 17803520, 17804517, 17805514, 17806511, 17807508, 17808505, 17809502]",38fc7de58227a92a62f0d319cfe36c415a10f66e1576439cebebfc9f3f4fe52f,10,10,10,10,0,0,0,0,0,640,70,570,0.109375,0,0.0,70,5.0,2112800,True,0,0,0,,0,0
178,TargetedFedPhoenix,1,0.25,20,update_norm,"features.20,features.24,features.27,features.30",1,65.95999908447266,11.158093399993959,"[96, 60, 16, 70, 73, 40, 11, 24, 87, 93]","[17900532, 17901529, 17902526, 17903523, 17904520, 17905517, 17906514, 17907511, 17908508, 17909505]",f412afe449fca263416ef09cd4573fb6e7a7f2dfef10725a34cb0f71dbf4b1f8,10,10,10,10,0,0,0,0,0,640,70,570,0.109375,1,0.014285714285714285,69,6.1,2112800,True,0,0,0,,0,0
179,TargetedFedPhoenix,1,0.25,20,update_norm,"features.20,features.24,features.27,features.30",1,75.88999938964844,10.317478799988749,"[37, 16, 85, 31, 69, 36, 54, 25, 32, 38]","[18000535, 18001532, 18002529, 18003526, 18004523, 18005520, 18006517, 18007514, 18008511, 18009508]",3089017e2baf2dcb2198bab2052b28aa7186c177e8ed9f752652cd3075459b59,10,7,7,7,0,3,0,0,0,640,49,591,0.0765625,0,0.0,49,7.0,2112800,True,0,0,0,,0,0
180,TargetedFedPhoenix,1,0.25,20,update_norm,"features.20,features.24,features.27,features.30",1,72.44000244140625,10.67165030000615,"[80, 92, 61, 76, 19, 28, 7, 73, 67, 38]","[18100538, 18101535, 18102532, 18103529, 18104526, 18105523, 18106520, 18107517, 18108514, 18109511]",8a5100e979501ed848b27139f3316dc888fbf9deca5848a0bb6918ddf2c4d41c,10,10,10,10,0,0,0,0,0,640,70,570,0.109375,2,0.02857142857142857,68,7.5,2112800,True,0,0,0,,0,0
181,TargetedFedPhoenix,1,0.25,20,update_norm,"features.20,features.24,features.27,features.30",1,72.9000015258789,9.559956299999612,"[78, 26, 35, 44, 29, 85, 64, 66, 97, 21]","[18200541, 18201538, 18202535, 18203532, 18204529, 18205526, 18206523, 18207520, 18208517, 18209514]",95b5042281736f4fa8fdf87907cc6f00b8d496d687f3d7644c8b4214ac6f292d,10,9,9,9,0,1,0,0,0,640,63,577,0.0984375,0,0.0,63,7.666666666666667,2112800,True,0,0,0,,0,0
182,TargetedFedPhoenix,1,0.25,20,update_norm,"features.20,features.24,features.27,features.30",1,65.6500015258789,11.0413944000029,"[78, 73, 10, 52, 54, 24, 44, 70, 99, 90]","[18300544, 18301541, 18302538, 18303535, 18304532, 18305529, 18306526, 18307523, 18308520, 18309517]",9b899209a6ec61dc87dc0cf86410b8eae4664657138f83e7dca3d4c8384b306f,10,9,9,9,0,1,0,0,0,640,63,577,0.0984375,1,0.015873015873015872,62,5.555555555555555,2112800,True,0,0,0,,0,0
183,TargetedFedPhoenix,1,0.25,20,update_norm,"features.20,features.24,features.27,features.30",1,76.66999816894531,8.930658700002823,"[96, 38, 1, 4, 36, 19, 77, 52, 41, 49]","[18400547, 18401544, 18402541, 18403538, 18404535, 18405532, 18406529, 18407526, 18408523, 18409520]",33d2e8502de1b802ee4bd27767ca52eacf63d666d3bd0fefb1fc04d556f2e27d,10,8,8,8,0,2,0,0,0,640,56,584,0.0875,2,0.03571428571428571,54,5.125,2112800,True,0,0,0,,0,0
184,TargetedFedPhoenix,1,0.25,20,update_norm,"features.20,features.24,features.27,features.30",1,76.05000305175781,11.305727300001308,"[87, 55, 49, 7, 51, 67, 40, 21, 34, 0]","[18500550, 18501547, 18502544, 18503541, 18504538, 18505535, 18506532, 18507529, 18508526, 18509523]",869addd322c590d78b45ad4195876d834ed8bdd4f9ae7ffb718380b1036fb8d7,10,9,9,9,0,1,0,0,0,640,63,577,0.0984375,0,0.0,63,6.666666666666667,2112800,True,0,0,0,,0,0
185,TargetedFedPhoenix,1,0.25,20,update_norm,"features.20,features.24,features.27,features.30",1,75.62999725341797,9.08844659999886,"[74, 63, 39, 14, 96, 82, 21, 45, 88, 13]","[18600553, 18601550, 18602547, 18603544, 18604541, 18605538, 18606535, 18607532, 18608529, 18609526]",605f36a0e3f712505618223ca8ec47bc020ddcfba1600d58dc94f7f2af522bf7,10,6,6,6,0,4,0,0,0,640,42,598,0.065625,0,0.0,42,9.666666666666666,2112800,True,0,0,0,,0,0
186,TargetedFedPhoenix,1,0.25,20,update_norm,"features.20,features.24,features.27,features.30",1,71.18000030517578,10.917464099999052,"[1, 26, 23, 59, 22, 57, 27, 60, 18, 69]","[18700556, 18701553, 18702550, 18703547, 18704544, 18705541, 18706538, 18707535, 18708532, 18709529]",f6437405abbc8c228b694b331b014b4be3fa6ac285c815fbbafdbbd1d452a7af,10,9,9,9,0,1,0,0,0,640,63,577,0.0984375,1,0.015873015873015872,62,11.666666666666666,2112800,True,0,0,0,,0,0
187,TargetedFedPhoenix,1,0.25,20,update_norm,"features.20,features.24,features.27,features.30",1,69.68000030517578,9.385028599994257,"[34, 87, 43, 64, 27, 92, 78, 55, 68, 7]","[18800559, 18801556, 18802553, 18803550, 18804547, 18805544, 18806541, 18807538, 18808535, 18809532]",1fae8be61e75952777b42828695ee539f504e87e6e1c653becb47a19623a0f6b,10,10,10,10,0,0,0,0,0,640,70,570,0.109375,1,0.014285714285714285,69,6.4,2112800,True,0,0,0,,0,0
188,TargetedFedPhoenix,1,0.25,20,update_norm,"features.20,features.24,features.27,features.30",1,75.06999969482422,12.56619359999604,"[67, 20, 34, 69, 85, 14, 86, 81, 36, 76]","[18900562, 18901559, 18902556, 18903553, 18904550, 18905547, 18906544, 18907541, 18908538, 18909535]",695bdfeb02085edfb6f6290cf962f211be5e04759966e2b23c78f76cf5514f59,10,9,9,9,0,1,0,0,0,640,63,577,0.0984375,2,0.031746031746031744,61,6.0,2112800,True,0,0,0,,0,0
189,TargetedFedPhoenix,1,0.25,20,update_norm,"features.20,features.24,features.27,features.30",1,65.8499984741211,13.70396850000543,"[57, 7, 53, 49, 74, 65, 76, 29, 78, 80]","[19000565, 19001562, 19002559, 19003556, 19004553, 19005550, 19006547, 19007544, 19008541, 19009538]",3501f934559db02a8ce33b5ec4a94789f1f394091c234cf327f9d31da66d5116,10,9,9,9,0,1,0,0,0,640,63,577,0.0984375,0,0.0,63,5.888888888888889,2112800,True,0,0,0,,0,0
190,TargetedFedPhoenix,1,0.25,20,update_norm,"features.20,features.24,features.27,features.30",1,68.13999938964844,9.985847099989769,"[71, 25, 7, 77, 39, 51, 87, 5, 45, 11]","[19100568, 19101565, 19102562, 19103559, 19104556, 19105553, 19106550, 19107547, 19108544, 19109541]",b1e45f8dbb14a643cc983231f4dbeda14bcca49ec2c8e66b495853d036eb9ddf,10,8,8,8,0,2,0,0,0,640,56,584,0.0875,1,0.017857142857142856,55,6.25,2112800,True,0,0,0,,0,0
191,TargetedFedPhoenix,1,0.25,20,update_norm,"features.20,features.24,features.27,features.30",1,60.529998779296875,11.793323199992301,"[60, 21, 34, 0, 98, 92, 44, 65, 66, 3]","[19200571, 19201568, 19202565, 19203562, 19204559, 19205556, 19206553, 19207550, 19208547, 19209544]",2db3964c898473d70c40b8199172c7da21dd8024c0b7c34f2b6578bf4319ee70,10,10,10,10,0,0,0,0,0,640,70,570,0.109375,0,0.0,70,8.0,2112800,True,0,0,0,,0,0
192,TargetedFedPhoenix,1,0.25,20,update_norm,"features.20,features.24,features.27,features.30",1,70.58999633789062,11.364036099999794,"[36, 59, 66, 20, 0, 16, 86, 71, 90, 56]","[19300574, 19301571, 19302568, 19303565, 19304562, 19305559, 19306556, 19307553, 19308550, 19309547]",e31e3fcd57aa2ce10873e2a079171cb47890c8953f984b4bffebeed40fa2cbe1,10,9,9,9,0,1,0,0,0,640,63,577,0.0984375,1,0.015873015873015872,62,5.0,2112800,True,0,0,0,,0,0
193,TargetedFedPhoenix,1,0.25,20,update_norm,"features.20,features.24,features.27,features.30",1,73.41000366210938,9.277790899999673,"[19, 22, 51, 45, 91, 26, 14, 83, 15, 67]","[19400577, 19401574, 19402571, 19403568, 19404565, 19405562, 19406559, 19407556, 19408553, 19409550]",7ca518edd843c064586eb86b3e3dd3a10ad58a8f3ac3f39337b7368d2d5629da,10,7,7,7,0,3,0,0,0,640,49,591,0.0765625,1,0.02040816326530612,48,5.714285714285714,2112800,True,0,0,0,,0,0
194,TargetedFedPhoenix,1,0.25,20,update_norm,"features.20,features.24,features.27,features.30",1,71.83000183105469,11.82479620000231,"[62, 14, 3, 92, 78, 33, 89, 48, 70, 31]","[19500580, 19501577, 19502574, 19503571, 19504568, 19505565, 19506562, 19507559, 19508556, 19509553]",fad5f569e36306ac7ff29c998cf1d1325ccbd505c32509d2b447beedf7fdb484,10,9,9,9,0,1,0,0,0,640,63,577,0.0984375,3,0.047619047619047616,60,10.666666666666666,2112800,True,0,0,0,,0,0
195,TargetedFedPhoenix,1,0.25,20,update_norm,"features.20,features.24,features.27,features.30",1,73.69999694824219,10.18641869998828,"[37, 10, 88, 63, 53, 68, 2, 52, 26, 59]","[19600583, 19601580, 19602577, 19603574, 19604571, 19605568, 19606565, 19607562, 19608559, 19609556]",579484c3b4ccdeeeeb0dc4bd7378d245fa127b589f47d2eb90decccc47b88f0a,10,9,9,9,0,1,0,0,0,640,63,577,0.0984375,3,0.047619047619047616,60,8.88888888888889,2112800,True,0,0,0,,0,0
196,TargetedFedPhoenix,1,0.25,20,update_norm,"features.20,features.24,features.27,features.30",1,76.66000366210938,11.97515420000127,"[59, 71, 85, 49, 20, 10, 3, 86, 88, 33]","[19700586, 19701583, 19702580, 19703577, 19704574, 19705571, 19706568, 19707565, 19708562, 19709559]",3b82a4617b6ed90527fe0e663ca5bccde04e26085487b26f4f23b7ce0df51580,10,10,10,10,0,0,0,0,0,640,70,570,0.109375,0,0.0,70,3.4,2112800,True,0,0,0,,0,0
197,TargetedFedPhoenix,1,0.25,20,update_norm,"features.20,features.24,features.27,features.30",1,66.97000122070312,9.882495700003346,"[9, 0, 18, 66, 44, 17, 92, 95, 64, 96]","[19800589, 19801586, 19802583, 19803580, 19804577, 19805574, 19806571, 19807568, 19808565, 19809562]",ce9787196559d7bb7795c2fec62c79c4db8dd3259a1589d2a5616697728a52a6,10,7,7,7,0,3,0,0,0,640,49,591,0.0765625,0,0.0,49,7.428571428571429,2112800,True,0,0,0,,0,0
198,TargetedFedPhoenix,1,0.25,20,update_norm,"features.20,features.24,features.27,features.30",1,70.05000305175781,12.453621099994052,"[70, 58, 24, 57, 32, 19, 43, 65, 5, 88]","[19900592, 19901589, 19902586, 19903583, 19904580, 19905577, 19906574, 19907571, 19908568, 19909565]",1afcbe558c2aed694ca50b700885dc5556360eab0265cbd166267505e6cfeaf4,10,9,9,9,0,1,0,0,0,640,63,577,0.0984375,1,0.015873015873015872,62,9.0,2112800,True,0,0,0,,0,0
199,TargetedFedPhoenix,1,0.25,20,update_norm,"features.20,features.24,features.27,features.30",1,63.93000030517578,9.715689399992698,"[61, 75, 68, 2, 6, 26, 1, 56, 78, 74]","[20000595, 20001592, 20002589, 20003586, 20004583, 20005580, 20006577, 20007574, 20008571, 20009568]",13d2be87019781c6ed339628462a25137d4e5ed4a3f61cfd51ba943b61d8935e,10,8,8,8,0,2,0,0,0,640,56,584,0.0875,0,0.0,56,8.25,2112800,True,0,0,0,,0,0
200,TargetedFedPhoenix,1,0.25,20,update_norm,"features.20,features.24,features.27,features.30",1,58.58000183105469,9.25372249999782,"[8, 57, 22, 90, 46, 9, 56, 99, 89, 4]","[20100598, 20101595, 20102592, 20103589, 20104586, 20105583, 20106580, 20107577, 20108574, 20109571]",57828f186a5303abf50246d54a423e4ad432481fd9065dfb9390538523c203f3,10,8,8,8,0,2,0,0,0,640,56,584,0.0875,1,0.017857142857142856,55,7.75,2112800,True,0,0,0,,0,0
201,TargetedFedPhoenix,1,0.25,20,update_norm,"features.20,features.24,features.27,features.30",1,69.47000122070312,10.265653599999496,"[83, 41, 69, 7, 63, 51, 78, 89, 43, 81]","[20200601, 20201598, 20202595, 20203592, 20204589, 20205586, 20206583, 20207580, 20208577, 20209574]",4662125dc332b3a16aa5d88a5487c57f710105623359414c48c8c74d9be2365b,10,10,10,10,0,0,0,0,0,640,70,570,0.109375,0,0.0,70,8.3,2112800,True,0,0,0,,0,0
202,TargetedFedPhoenix,1,0.25,20,update_norm,"features.20,features.24,features.27,features.30",1,71.8499984741211,10.080998200006434,"[74, 76, 14, 98, 73, 37, 94, 68, 39, 11]","[20300604, 20301601, 20302598, 20303595, 20304592, 20305589, 20306586, 20307583, 20308580, 20309577]",9178e795f512a145be04ffb214f389dd8f0917e2966b85f2ed72c6b7d8222543,10,9,9,9,0,1,0,0,0,640,63,577,0.0984375,1,0.015873015873015872,62,9.88888888888889,2112800,True,0,0,0,,0,0
203,TargetedFedPhoenix,1,0.25,20,update_norm,"features.20,features.24,features.27,features.30",1,64.16000366210938,8.837167300007422,"[38, 78, 17, 56, 90, 34, 42, 0, 1, 12]","[20400607, 20401604, 20402601, 20403598, 20404595, 20405592, 20406589, 20407586, 20408583, 20409580]",322091ada77e56f5291aa1243a88a8cfb3fe4c292f9e19f71c13368df7261da4,10,8,8,8,0,2,0,0,0,640,56,584,0.0875,2,0.03571428571428571,54,7.0,2112800,True,0,0,0,,0,0
204,TargetedFedPhoenix,1,0.25,20,update_norm,"features.20,features.24,features.27,features.30",1,74.13999938964844,11.239364799999748,"[45, 36, 95, 8, 99, 75, 93, 4, 24, 58]","[20500610, 20501607, 20502604, 20503601, 20504598, 20505595, 20506592, 20507589, 20508586, 20509583]",8e69e751ad2f32787429adedee2bcbd382b210678dee0098a5d135858ca722f8,10,9,9,9,0,1,0,0,0,640,63,577,0.0984375,1,0.015873015873015872,62,6.555555555555555,2112800,True,0,0,0,,0,0
205,TargetedFedPhoenix,1,0.25,20,update_norm,"features.20,features.24,features.27,features.30",1,71.13999938964844,11.884514499994111,"[66, 46, 89, 23, 4, 97, 78, 26, 79, 52]","[20600613, 20601610, 20602607, 20603604, 20604601, 20605598, 20606595, 20607592, 20608589, 20609586]",24651594beb8fb2069efc924c09032ffda3bdf2f65944fb3de133be93d5df14f,10,8,8,8,0,2,0,0,0,640,56,584,0.0875,1,0.017857142857142856,55,6.875,2112800,True,0,0,0,,0,0
206,TargetedFedPhoenix,1,0.25,20,update_norm,"features.20,features.24,features.27,features.30",1,74.33000183105469,13.302835399998003,"[71, 79, 23, 7, 97, 86, 72, 57, 70, 64]","[20700616, 20701613, 20702610, 20703607, 20704604, 20705601, 20706598, 20707595, 20708592, 20709589]",eba81518f3c360655521d414dae3f508d4293f873bf2f1685779dbd62313a23d,10,9,9,9,0,1,0,0,0,640,63,577,0.0984375,0,0.0,63,5.666666666666667,2112800,True,0,0,0,,0,0
207,TargetedFedPhoenix,1,0.25,20,update_norm,"features.20,features.24,features.27,features.30",1,74.72000122070312,9.752270600001793,"[55, 14, 21, 43, 5, 30, 35, 15, 28, 34]","[20800619, 20801616, 20802613, 20803610, 20804607, 20805604, 20806601, 20807598, 20808595, 20809592]",cbc98a77b6766256fbe18983fce06be9be0cce825427b14ff0c86b36cf9546db,10,7,7,7,0,3,0,0,0,640,49,591,0.0765625,0,0.0,49,10.571428571428571,2112800,True,0,0,0,,0,0
208,TargetedFedPhoenix,1,0.25,20,update_norm,"features.20,features.24,features.27,features.30",1,74.38999938964844,9.981576499994844,"[54, 51, 22, 85, 73, 90, 4, 69, 75, 6]","[20900622, 20901619, 20902616, 20903613, 20904610, 20905607, 20906604, 20907601, 20908598, 20909595]",af46f5d348a0382e9306c4c1800393598d40a11c3b72c5c6fa2f2a8252710367,10,9,9,9,0,1,0,0,0,640,63,577,0.0984375,1,0.015873015873015872,62,6.777777777777778,2112800,True,0,0,0,,0,0
209,TargetedFedPhoenix,1,0.25,20,update_norm,"features.20,features.24,features.27,features.30",1,69.83000183105469,10.906298699992476,"[78, 98, 48, 28, 76, 96, 97, 69, 66, 65]","[21000625, 21001622, 21002619, 21003616, 21004613, 21005610, 21006607, 21007604, 21008601, 21009598]",818e80359707ecb64d45343821f85a533c38ae2774af955da8b2df2f877f75e3,10,10,10,10,0,0,0,0,0,640,70,570,0.109375,2,0.02857142857142857,68,6.6,2112800,True,0,0,0,,0,0
210,TargetedFedPhoenix,1,0.25,20,update_norm,"features.20,features.24,features.27,features.30",1,72.08999633789062,9.766274800000247,"[52, 54, 70, 39, 89, 14, 77, 74, 15, 88]","[21100628, 21101625, 21102622, 21103619, 21104616, 21105613, 21106610, 21107607, 21108604, 21109601]",d13db941ec20a2d40c4edae8ae4593afdc62cbe1d8385350c8e9747db3cf376d,10,10,10,10,0,0,0,0,0,640,70,570,0.109375,1,0.014285714285714285,69,7.0,2112800,True,0,0,0,,0,0
211,TargetedFedPhoenix,1,0.25,20,update_norm,"features.20,features.24,features.27,features.30",1,54.34000015258789,12.332136700002593,"[58, 12, 87, 84, 91, 62, 82, 57, 6, 21]","[21200631, 21201628, 21202625, 21203622, 21204619, 21205616, 21206613, 21207610, 21208607, 21209604]",e3fe12f8852b1c548d16e51740c8510949c1dc573fc45528aa10136ef2e4a32b,10,7,7,7,0,3,0,0,0,640,49,591,0.0765625,2,0.04081632653061224,47,8.857142857142858,2112800,True,0,0,0,,0,0
212,TargetedFedPhoenix,1,0.25,20,update_norm,"features.20,features.24,features.27,features.30",1,77.23999786376953,11.53713310000603,"[59, 99, 54, 55, 14, 63, 7, 88, 91, 52]","[21300634, 21301631, 21302628, 21303625, 21304622, 21305619, 21306616, 21307613, 21308610, 21309607]",111777b9bf0519d804d7c759c59ba5177dbd22c7e147afc84168bf7eaed288c6,10,10,10,10,0,0,0,0,0,640,70,570,0.109375,0,0.0,70,5.5,2112800,True,0,0,0,,0,0
213,TargetedFedPhoenix,1,0.25,20,update_norm,"features.20,features.24,features.27,features.30",1,69.51000213623047,9.975699500006158,"[44, 73, 39, 28, 18, 92, 52, 79, 54, 77]","[21400637, 21401634, 21402631, 21403628, 21404625, 21405622, 21406619, 21407616, 21408613, 21409610]",9b4873138e999501faabf5b72ba170f999cf033838785ad18a14a1ad8268c223,10,10,10,10,0,0,0,0,0,640,70,570,0.109375,1,0.014285714285714285,69,7.2,2112800,True,0,0,0,,0,0
214,TargetedFedPhoenix,1,0.25,20,update_norm,"features.20,features.24,features.27,features.30",1,75.77999877929688,10.214461099996697,"[59, 70, 54, 27, 89, 21, 42, 25, 60, 49]","[21500640, 21501637, 21502634, 21503631, 21504628, 21505625, 21506622, 21507619, 21508616, 21509613]",1cb3d667ee9c1228e41fa3ed5a9caa32ccd258c7d36782361aabe68e96079e63,10,7,7,7,0,3,0,0,0,640,49,591,0.0765625,1,0.02040816326530612,48,6.142857142857143,2112800,True,0,0,0,,0,0
215,TargetedFedPhoenix,1,0.25,20,update_norm,"features.20,features.24,features.27,features.30",1,73.37999725341797,9.940811299995403,"[2, 56, 59, 80, 62, 19, 42, 33, 72, 35]","[21600643, 21601640, 21602637, 21603634, 21604631, 21605628, 21606625, 21607622, 21608619, 21609616]",41539c6e88a648ae643a8b2bce2223d0862c5100736b30b5083b5b0798d805bc,10,9,9,9,0,1,0,0,0,640,63,577,0.0984375,1,0.015873015873015872,62,9.666666666666666,2112800,True,0,0,0,,0,0
216,TargetedFedPhoenix,1,0.25,20,update_norm,"features.20,features.24,features.27,features.30",1,73.45999908447266,10.207205300001078,"[53, 17, 11, 78, 66, 39, 94, 4, 47, 90]","[21700646, 21701643, 21702640, 21703637, 21704634, 21705631, 21706628, 21707625, 21708622, 21709619]",8b9301ae3dc6c11077426e14719e5c271b7217a46ba539465625a67a2b80b68f,10,8,8,8,0,2,0,0,0,640,56,584,0.0875,1,0.017857142857142856,55,9.25,2112800,True,0,0,0,,0,0
217,TargetedFedPhoenix,1,0.25,20,update_norm,"features.20,features.24,features.27,features.30",1,67.9800033569336,8.041651999999885,"[48, 51, 34, 78, 92, 54, 96, 84, 88, 74]","[21800649, 21801646, 21802643, 21803640, 21804637, 21805634, 21806631, 21807628, 21808625, 21809622]",331634c85aee3f9e3e40d817d92c456a06b9c7260eb24c206c4083b775ebf872,10,10,10,10,0,0,0,0,0,640,70,570,0.109375,0,0.0,70,6.1,2112800,True,0,0,0,,0,0
218,TargetedFedPhoenix,1,0.25,20,update_norm,"features.20,features.24,features.27,features.30",1,77.8499984741211,10.694472299990593,"[15, 25, 50, 89, 72, 20, 85, 47, 1, 3]","[21900652, 21901649, 21902646, 21903643, 21904640, 21905637, 21906634, 21907631, 21908628, 21909625]",bfea105e4ffb45bae287f72055449c9c8bf15d4698fc69118cf4f2c1e519e484,10,7,7,7,0,3,0,0,0,640,49,591,0.0765625,0,0.0,49,6.571428571428571,2112800,True,0,0,0,,0,0
219,TargetedFedPhoenix,1,0.25,20,update_norm,"features.20,features.24,features.27,features.30",1,71.16000366210938,10.264038299996173,"[91, 39, 11, 12, 93, 64, 30, 79, 29, 49]","[22000655, 22001652, 22002649, 22003646, 22004643, 22005640, 22006637, 22007634, 22008631, 22009628]",ebeebb0ba19cca136498c8c6ffa923e2b8937e92539dc3f61af93e633ee7c471,10,9,9,9,0,1,0,0,0,640,63,577,0.0984375,0,0.0,63,8.0,2112800,True,0,0,0,,0,0
220,TargetedFedPhoenix,1,0.25,20,update_norm,"features.20,features.24,features.27,features.30",1,69.94000244140625,11.270257700001821,"[21, 88, 95, 65, 60, 8, 46, 31, 63, 72]","[22100658, 22101655, 22102652, 22103649, 22104646, 22105643, 22106640, 22107637, 22108634, 22109631]",ab208a3c52f00f11c55a17e8efc5c88ec17029301cb903ab680aa5f5e4730323,10,9,9,9,0,1,0,0,0,640,63,577,0.0984375,1,0.015873015873015872,62,9.222222222222221,2112800,True,0,0,0,,0,0
221,TargetedFedPhoenix,1,0.25,20,update_norm,"features.20,features.24,features.27,features.30",1,73.11000061035156,10.586267999999109,"[96, 63, 58, 77, 95, 23, 61, 29, 91, 59]","[22200661, 22201658, 22202655, 22203652, 22204649, 22205646, 22206643, 22207640, 22208637, 22209634]",1e7fe4be7bb3ca4e5ee904475538694e4c321d147761db6d9e04303039fa28e2,10,9,9,9,0,1,0,0,0,640,63,577,0.0984375,0,0.0,63,5.444444444444445,2112800,True,0,0,0,,0,0
222,TargetedFedPhoenix,1,0.25,20,update_norm,"features.20,features.24,features.27,features.30",1,67.79000091552734,9.897067899990361,"[8, 69, 44, 89, 49, 36, 77, 19, 92, 72]","[22300664, 22301661, 22302658, 22303655, 22304652, 22305649, 22306646, 22307643, 22308640, 22309637]",6a54156ecb2f1f9faa5358830543338e5556d51cf682121d7b0f25d5aed5944d,10,10,10,10,0,0,0,0,0,640,70,570,0.109375,1,0.014285714285714285,69,6.4,2112800,True,0,0,0,,0,0
223,TargetedFedPhoenix,1,0.25,20,update_norm,"features.20,features.24,features.27,features.30",1,75.30000305175781,8.859062500006985,"[47, 49, 1, 80, 27, 9, 83, 72, 76, 92]","[22400667, 22401664, 22402661, 22403658, 22404655, 22405652, 22406649, 22407646, 22408643, 22409640]",9f859d5a1e2ec7061e050e7248ba4b5b5456a7453a592bc3d310d3f64d6015b6,10,8,8,8,0,2,0,0,0,640,56,584,0.0875,0,0.0,56,5.5,2112800,True,0,0,0,,0,0
224,TargetedFedPhoenix,1,0.25,20,update_norm,"features.20,features.24,features.27,features.30",1,76.36000061035156,11.179234000010183,"[10, 57, 54, 1, 80, 76, 56, 39, 14, 20]","[22500670, 22501667, 22502664, 22503661, 22504658, 22505655, 22506652, 22507649, 22508646, 22509643]",e24ff4593e2cdcf8e9465f62dc0bc52526297f982c65057e9e39d990211b60d9,10,9,9,9,0,1,0,0,0,640,63,577,0.0984375,1,0.015873015873015872,62,6.111111111111111,2112800,True,0,0,0,,0,0
225,TargetedFedPhoenix,1,0.25,20,update_norm,"features.20,features.24,features.27,features.30",1,75.45999908447266,11.243180199991912,"[6, 62, 31, 90, 3, 51, 24, 91, 23, 55]","[22600673, 22601670, 22602667, 22603664, 22604661, 22605658, 22606655, 22607652, 22608649, 22609646]",387a9cd73e7c9139e2b73224f53a612edfc825ccc64404c786fc07dcca9c1c6d,10,9,9,9,0,1,0,0,0,640,63,577,0.0984375,3,0.047619047619047616,60,8.222222222222221,2112800,True,0,0,0,,0,0
226,TargetedFedPhoenix,1,0.25,20,update_norm,"features.20,features.24,features.27,features.30",1,66.63999938964844,10.891620099995635,"[98, 18, 78, 89, 27, 80, 33, 86, 88, 15]","[22700676, 22701673, 22702670, 22703667, 22704664, 22705661, 22706658, 22707655, 22708652, 22709649]",e1bd2d7f917a6b485046725d36ce192ac4db16f76384971140cae0c5348f8a75,10,10,10,10,0,0,0,0,0,640,70,570,0.109375,2,0.02857142857142857,68,9.3,2112800,True,0,0,0,,0,0
227,TargetedFedPhoenix,1,0.25,20,update_norm,"features.20,features.24,features.27,features.30",1,74.69999694824219,11.822168400001829,"[85, 12, 59, 60, 73, 80, 0, 10, 23, 13]","[22800679, 22801676, 22802673, 22803670, 22804667, 22805664, 22806661, 22807658, 22808655, 22809652]",f1b074371f6e4ea7579e1be5ae048f73fc7c169984f5276baab5d15ddfcf4d6c,10,8,8,8,0,2,0,0,0,640,56,584,0.0875,0,0.0,56,6.25,2112800,True,0,0,0,,0,0
228,TargetedFedPhoenix,1,0.25,20,update_norm,"features.20,features.24,features.27,features.30",1,70.2699966430664,9.11468590000004,"[35, 46, 54, 87, 84, 51, 27, 95, 21, 61]","[22900682, 22901679, 22902676, 22903673, 22904670, 22905667, 22906664, 22907661, 22908658, 22909655]",ba0948b7b49c962b693b45cb54bdddd2772697a168e1b120c00087e7992af850,10,10,10,10,0,0,0,0,0,640,70,570,0.109375,2,0.02857142857142857,68,8.0,2112800,True,0,0,0,,0,0
229,TargetedFedPhoenix,1,0.25,20,update_norm,"features.20,features.24,features.27,features.30",1,66.63999938964844,8.452984200004721,"[64, 6, 96, 98, 27, 71, 18, 3, 1, 95]","[23000685, 23001682, 23002679, 23003676, 23004673, 23005670, 23006667, 23007664, 23008661, 23009658]",7389fc54274bf8e7a38697ed3c3fcc6e48d99f5665de3712f159864f66faec33,10,9,9,9,0,1,0,0,0,640,63,577,0.0984375,0,0.0,63,4.333333333333333,2112800,True,0,0,0,,0,0
230,TargetedFedPhoenix,1,0.25,20,update_norm,"features.20,features.24,features.27,features.30",1,76.80000305175781,9.886776100000134,"[88, 90, 96, 35, 69, 11, 60, 48, 23, 42]","[23100688, 23101685, 23102682, 23103679, 23104676, 23105673, 23106670, 23107667, 23108664, 23109661]",7b1bbff620d91b95bd49203abf91c3dca6c12cbb79ad8df77e5b63805485143f,10,10,10,10,0,0,0,0,0,640,70,570,0.109375,0,0.0,70,6.5,2112800,True,0,0,0,,0,0
231,TargetedFedPhoenix,1,0.25,20,update_norm,"features.20,features.24,features.27,features.30",1,73.62999725341797,9.227589200003422,"[98, 88, 43, 57, 48, 99, 63, 53, 94, 55]","[23200691, 23201688, 23202685, 23203682, 23204679, 23205676, 23206673, 23207670, 23208667, 23209664]",77d6d7dc9b3726f2c758ee39e1bfc812c2c9e200bf4ab12602535f7692f57f79,10,9,9,9,0,1,0,0,0,640,63,577,0.0984375,2,0.031746031746031744,61,8.444444444444445,2112800,True,0,0,0,,0,0
232,TargetedFedPhoenix,1,0.25,20,update_norm,"features.20,features.24,features.27,features.30",1,77.05999755859375,10.718181200005347,"[96, 75, 74, 76, 39, 80, 34, 12, 60, 20]","[23300694, 23301691, 23302688, 23303685, 23304682, 23305679, 23306676, 23307673, 23308670, 23309667]",20aeb995b44014f0f1ae72e8a5e2212a3d6943f0082e6bbe1adf9d09ccb8ebc5,10,9,9,9,0,1,0,0,0,620,63,557,0.10161290322580645,2,0.031746031746031744,61,7.555555555555555,2112800,True,0,0,0,,0,0
233,TargetedFedPhoenix,1,0.25,20,update_norm,"features.20,features.24,features.27,features.30",1,73.38999938964844,9.612673000010545,"[20, 47, 38, 59, 64, 82, 60, 45, 63, 85]","[23400697, 23401694, 23402691, 23403688, 23404685, 23405682, 23406679, 23407676, 23408673, 23409670]",32463108e0444f92cc7913f443be6f9f83056c47604fae942798cec2e7429dae,10,7,7,7,0,3,0,0,0,620,49,571,0.07903225806451612,2,0.04081632653061224,47,4.285714285714286,2112800,True,0,0,0,,0,0
234,TargetedFedPhoenix,1,0.25,20,update_norm,"features.20,features.24,features.27,features.30",1,65.83000183105469,9.397561999998288,"[32, 6, 51, 4, 8, 22, 72, 86, 55, 12]","[23500700, 23501697, 23502694, 23503691, 23504688, 23505685, 23506682, 23507679, 23508676, 23509673]",1f050d3d49faa7a40c60882782b3844fa4885f2298be40e834c361761f1c958f,10,8,8,8,0,2,0,0,0,620,56,564,0.09032258064516129,1,0.017857142857142856,55,8.125,2112800,True,0,0,0,,0,0
235,TargetedFedPhoenix,1,0.25,20,update_norm,"features.20,features.24,features.27,features.30",1,62.810001373291016,10.322549100004835,"[45, 71, 84, 65, 61, 83, 87, 53, 77, 51]","[23600703, 23601700, 23602697, 23603694, 23604691, 23605688, 23606685, 23607682, 23608679, 23609676]",dc3098ca01136b6b518265ee586811f933abf64aba378bb89cc75081e04876d0,10,10,10,10,0,0,0,0,0,620,70,550,0.11290322580645161,3,0.04285714285714286,67,7.4,2112800,True,0,0,0,,0,0
236,TargetedFedPhoenix,1,0.25,20,update_norm,"features.20,features.24,features.27,features.30",1,77.1500015258789,10.314071799992234,"[13, 71, 56, 63, 49, 44, 85, 76, 50, 93]","[23700706, 23701703, 23702700, 23703697, 23704694, 23705691, 23706688, 23707685, 23708682, 23709679]",5956ad1b9e1a66c2ae2c51000d6c4b3c0bb07bbd0e82d638fd1923139930309c,10,10,10,10,0,0,0,0,0,620,70,550,0.11290322580645161,2,0.02857142857142857,68,9.4,2112800,True,0,0,0,,0,0
237,TargetedFedPhoenix,1,0.25,20,update_norm,"features.20,features.24,features.27,features.30",1,70.12999725341797,9.167471000007936,"[45, 52, 95, 68, 64, 15, 29, 54, 43, 93]","[23800709, 23801706, 23802703, 23803700, 23804697, 23805694, 23806691, 23807688, 23808685, 23809682]",117ea5418dca37ebd0776751e59a30d46a6d2a4ed579d6073996359676af999c,10,8,8,8,0,2,0,0,0,620,56,564,0.09032258064516129,1,0.017857142857142856,55,7.125,2112800,True,0,0,0,,0,0
238,TargetedFedPhoenix,1,0.25,20,update_norm,"features.20,features.24,features.27,features.30",1,69.16999816894531,10.275849099998595,"[58, 70, 25, 56, 87, 27, 94, 1, 74, 44]","[23900712, 23901709, 23902706, 23903703, 23904700, 23905697, 23906694, 23907691, 23908688, 23909685]",441b927967141f5af89fb5467b38cf754443b725a4dfe61c76f21f55b179232d,10,9,9,9,0,1,0,0,0,620,63,557,0.10161290322580645,1,0.015873015873015872,62,8.333333333333334,2112800,True,0,0,0,,0,0
239,TargetedFedPhoenix,1,0.25,20,update_norm,"features.20,features.24,features.27,features.30",1,75.83999633789062,13.576960799997323,"[2, 7, 31, 45, 81, 62, 23, 97, 18, 27]","[24000715, 24001712, 24002709, 24003706, 24004703, 24005700, 24006697, 24007694, 24008691, 24009688]",039354b6b3e41fdb0cb85f5d2d9d7e93d7fd816fd8fcf3d7f7374ffb34caf195,10,6,6,6,0,4,0,0,0,620,42,578,0.06774193548387097,0,0.0,42,8.333333333333334,2112800,True,0,0,0,,0,0
240,TargetedFedPhoenix,1,0.25,20,update_norm,"features.20,features.24,features.27,features.30",1,66.12999725341797,12.644250000012107,"[25, 13, 40, 64, 52, 44, 22, 48, 3, 46]","[24100718, 24101715, 24102712, 24103709, 24104706, 24105703, 24106700, 24107697, 24108694, 24109691]",dbb7c5f900165de921392a24a6cb3d48ae6a6189b038ecfc21e539468a7375ee,10,9,9,9,0,1,0,0,0,620,63,557,0.10161290322580645,1,0.015873015873015872,62,5.777777777777778,2112800,True,0,0,0,,0,0
241,TargetedFedPhoenix,1,0.25,20,update_norm,"features.20,features.24,features.27,features.30",1,73.81999969482422,9.466018099992652,"[84, 9, 72, 56, 13, 98, 21, 79, 71, 32]","[24200721, 24201718, 24202715, 24203712, 24204709, 24205706, 24206703, 24207700, 24208697, 24209694]",f747f0453f17ce45c8ce7cd8f33e464b5597571674693249309e552c96f57c07,10,9,9,9,0,1,0,0,0,620,63,557,0.10161290322580645,1,0.015873015873015872,62,7.777777777777778,2112800,True,0,0,0,,0,0
242,TargetedFedPhoenix,1,0.25,20,update_norm,"features.20,features.24,features.27,features.30",1,74.56999969482422,13.723170199999004,"[32, 2, 36, 91, 58, 81, 87, 68, 25, 5]","[24300724, 24301721, 24302718, 24303715, 24304712, 24305709, 24306706, 24307703, 24308700, 24309697]",4367e9b8d7872c24fe7aa1fe244cc036ef103833bcd46a9949612fa2dc8fbce1,10,9,9,9,0,1,0,0,0,620,63,557,0.10161290322580645,3,0.047619047619047616,60,6.555555555555555,2112800,True,0,0,0,,0,0
243,TargetedFedPhoenix,1,0.25,20,update_norm,"features.20,features.24,features.27,features.30",1,73.56999969482422,12.142786199998227,"[25, 41, 74, 21, 97, 69, 4, 17, 3, 88]","[24400727, 24401724, 24402721, 24403718, 24404715, 24405712, 24406709, 24407706, 24408703, 24409700]",ca5cf3c3046d9be1b530aa62f1c88d483a7138812789151588a1ddc1eadcb17e,10,8,8,8,0,2,0,0,0,620,56,564,0.09032258064516129,0,0.0,56,6.125,2112800,True,0,0,0,,0,0
244,TargetedFedPhoenix,1,0.25,20,update_norm,"features.20,features.24,features.27,features.30",1,73.12999725341797,13.65698459999112,"[80, 19, 97, 75, 60, 93, 78, 40, 32, 87]","[24500730, 24501727, 24502724, 24503721, 24504718, 24505715, 24506712, 24507709, 24508706, 24509703]",4fa4e8bbecb03d5753dfb8d4bc87e555f5bcc5f7d5d5bcebba4ada3bc171a0b4,10,9,9,9,0,1,0,0,0,620,63,557,0.10161290322580645,1,0.015873015873015872,62,7.666666666666667,2112800,True,0,0,0,,0,0
245,TargetedFedPhoenix,1,0.25,20,update_norm,"features.20,features.24,features.27,features.30",1,76.16000366210938,11.929759100006777,"[70, 59, 68, 16, 36, 72, 71, 45, 91, 56]","[24600733, 24601730, 24602727, 24603724, 24604721, 24605718, 24606715, 24607712, 24608709, 24609706]",1ecc8a349d4eccbf9704a21e883f18edb38a0fb6842e3c25f4271b9a1aceb895,10,9,9,9,0,1,0,0,0,620,63,557,0.10161290322580645,2,0.031746031746031744,61,5.111111111111111,2112800,True,0,0,0,,0,0
246,TargetedFedPhoenix,1,0.25,20,update_norm,"features.20,features.24,features.27,features.30",1,75.79000091552734,10.155083100005868,"[83, 81, 9, 39, 2, 67, 66, 98, 80, 51]","[24700736, 24701733, 24702730, 24703727, 24704724, 24705721, 24706718, 24707715, 24708712, 24709709]",1ed829faf00aa0c094738a7704b80c52af90b6e6512aa120d1ee84c88b8d2344,10,8,8,8,0,2,0,0,0,620,56,564,0.09032258064516129,2,0.03571428571428571,54,7.0,2112800,True,0,0,0,,0,0
247,TargetedFedPhoenix,1,0.25,20,update_norm,"features.20,features.24,features.27,features.30",1,52.91999816894531,9.52410680000321,"[43, 64, 42, 4, 78, 0, 39, 57, 37, 98]","[24800739, 24801736, 24802733, 24803730, 24804727, 24805724, 24806721, 24807718, 24808715, 24809712]",fd8f16250e2d90ee1d7de99934cda85b167cd80a6e5816884bcef24ed439e629,10,9,9,9,0,1,0,0,0,620,63,557,0.10161290322580645,0,0.0,63,8.777777777777779,2112800,True,0,0,0,,0,0
248,TargetedFedPhoenix,1,0.25,20,update_norm,"features.20,features.24,features.27,features.30",1,73.20999908447266,14.22290380000777,"[11, 6, 16, 48, 14, 19, 68, 82, 94, 39]","[24900742, 24901739, 24902736, 24903733, 24904730, 24905727, 24906724, 24907721, 24908718, 24909715]",2b2b8a4e4c55115721be06b0d06ca0e13ef31ca4539c232e7c9c7502ff8fc0af,10,9,9,9,0,1,0,0,0,620,63,557,0.10161290322580645,1,0.015873015873015872,62,8.444444444444445,2112800,True,0,0,0,,0,0
249,TargetedFedPhoenix,1,0.25,20,update_norm,"features.20,features.24,features.27,features.30",1,69.58000183105469,11.86415299998771,"[0, 7, 93, 77, 78, 38, 46, 99, 42, 54]","[25000745, 25001742, 25002739, 25003736, 25004733, 25005730, 25006727, 25007724, 25008721, 25009718]",cfaab75ed14097d58700992cc6eb6cc595d16fd06d97ae833c2160b6d22c44fa,10,10,10,10,0,0,0,0,0,620,70,550,0.11290322580645161,1,0.014285714285714285,69,9.0,2112800,True,0,0,0,,0,0
250,TargetedFedPhoenix,1,0.25,20,update_norm,"features.20,features.24,features.27,features.30",1,72.83999633789062,14.735381200007396,"[36, 70, 71, 57, 63, 73, 69, 17, 48, 47]","[25100748, 25101745, 25102742, 25103739, 25104736, 25105733, 25106730, 25107727, 25108724, 25109721]",c7a8c0e359e45f0b16303f90d6d51f136d250bffb7dfb1568ee1456dd8581454,10,9,9,9,0,1,0,0,0,620,63,557,0.10161290322580645,1,0.015873015873015872,62,7.222222222222222,2112800,True,0,0,0,,0,0
251,TargetedFedPhoenix,1,0.25,20,update_norm,"features.20,features.24,features.27,features.30",1,76.48999786376953,9.053695499998867,"[10, 42, 60, 43, 85, 48, 1, 91, 22, 26]","[25200751, 25201748, 25202745, 25203742, 25204739, 25205736, 25206733, 25207730, 25208727, 25209724]",7c5483cfba43b16ce7cf6057784e7f0a188260d50f95494242d8bd438f41428e,10,8,8,8,0,2,0,0,0,620,56,564,0.09032258064516129,0,0.0,56,7.375,2112800,True,0,0,0,,0,0
252,TargetedFedPhoenix,1,0.25,20,update_norm,"features.20,features.24,features.27,features.30",1,69.51000213623047,12.305657400007476,"[46, 3, 23, 96, 47, 32, 52, 50, 82, 28]","[25300754, 25301751, 25302748, 25303745, 25304742, 25305739, 25306736, 25307733, 25308730, 25309727]",ceb6f8bafd48951b57a06748c889d1b53d20d42171247a2799cf4f13440bbb31,10,9,9,9,0,1,0,0,0,620,63,557,0.10161290322580645,0,0.0,63,9.666666666666666,2112800,True,0,0,0,,0,0
253,TargetedFedPhoenix,1,0.25,20,update_norm,"features.20,features.24,features.27,features.30",1,69.9000015258789,10.402075899997726,"[2, 55, 26, 94, 14, 72, 5, 50, 91, 42]","[25400757, 25401754, 25402751, 25403748, 25404745, 25405742, 25406739, 25407736, 25408733, 25409730]",8b74c060595300d40ce9d0666a0b27b29d4ffdf7d5360b1aeca27ebac6289974,10,10,10,10,0,0,0,0,0,620,70,550,0.11290322580645161,0,0.0,70,6.2,2112800,True,0,0,0,,0,0
254,TargetedFedPhoenix,1,0.25,20,update_norm,"features.20,features.24,features.27,features.30",1,68.5999984741211,11.416559899997083,"[75, 69, 0, 7, 53, 77, 67, 64, 62, 73]","[25500760, 25501757, 25502754, 25503751, 25504748, 25505745, 25506742, 25507739, 25508736, 25509733]",7d55aabd495f1de3aaa0dac2e32a0c61fd3bea8ba43b75a61697bb6fc235a8ed,10,10,10,10,0,0,0,0,0,620,70,550,0.11290322580645161,2,0.02857142857142857,68,8.2,2112800,True,0,0,0,,0,0
255,TargetedFedPhoenix,1,0.25,20,update_norm,"features.20,features.24,features.27,features.30",1,77.9800033569336,11.65236220000952,"[14, 27, 66, 5, 15, 75, 91, 28, 63, 62]","[25600763, 25601760, 25602757, 25603754, 25604751, 25605748, 25606745, 25607742, 25608739, 25609736]",3d743202d80034d3b4c84dc9977b89b74079db665b41070aca99dbbd756f23aa,10,10,10,10,0,0,0,0,0,620,70,550,0.11290322580645161,3,0.04285714285714286,67,5.9,2112800,True,0,0,0,,0,0
256,TargetedFedPhoenix,1,0.25,20,update_norm,"features.20,features.24,features.27,features.30",1,67.81999969482422,11.626204800006235,"[74, 39, 76, 51, 46, 12, 95, 17, 68, 93]","[25700766, 25701763, 25702760, 25703757, 25704754, 25705751, 25706748, 25707745, 25708742, 25709739]",77b6a3ac57de1b201d3adff34b55829f9d37f026e98675be0cc03e25efe8d775,10,9,9,9,0,1,0,0,0,620,63,557,0.10161290322580645,4,0.06349206349206349,59,10.555555555555555,2112800,True,0,0,0,,0,0
257,TargetedFedPhoenix,1,0.25,20,update_norm,"features.20,features.24,features.27,features.30",1,75.62000274658203,12.478533299989067,"[46, 28, 88, 96, 20, 23, 19, 15, 91, 11]","[25800769, 25801766, 25802763, 25803760, 25804757, 25805754, 25806751, 25807748, 25808745, 25809742]",736b34f735c23e536a5badbf5062395a7518102f6aeb17dd60baa7caa91cca54,10,9,9,9,0,1,0,0,0,620,63,557,0.10161290322580645,0,0.0,63,5.444444444444445,2112800,True,0,0,0,,0,0
258,TargetedFedPhoenix,1,0.25,20,update_norm,"features.20,features.24,features.27,features.30",1,74.02999877929688,11.470929899995099,"[18, 46, 87, 61, 79, 50, 69, 97, 72, 37]","[25900772, 25901769, 25902766, 25903763, 25904760, 25905757, 25906754, 25907751, 25908748, 25909745]",f9652710a8d04af71a2b8bee45c81c48019f99f0db5d2cd693d0467d7ded8677,10,9,9,9,0,1,0,0,0,620,63,557,0.10161290322580645,0,0.0,63,10.0,2112800,True,0,0,0,,0,0
259,TargetedFedPhoenix,1,0.25,20,update_norm,"features.20,features.24,features.27,features.30",1,75.51000213623047,12.336078000007547,"[34, 57, 53, 30, 72, 9, 37, 19, 5, 14]","[26000775, 26001772, 26002769, 26003766, 26004763, 26005760, 26006757, 26007754, 26008751, 26009748]",0859afa71364cd7109538bc2dfc816be4860da6713eb581afb7ebcef335254f1,10,8,8,8,0,2,0,0,0,620,56,564,0.09032258064516129,1,0.017857142857142856,55,4.875,2112800,True,0,0,0,,0,0
260,TargetedFedPhoenix,1,0.25,20,update_norm,"features.20,features.24,features.27,features.30",1,75.19000244140625,10.102190899997368,"[4, 67, 61, 35, 96, 86, 63, 9, 8, 36]","[26100778, 26101775, 26102772, 26103769, 26104766, 26105763, 26106760, 26107757, 26108754, 26109751]",c4fc1a4f1c874d53c41a59e3fdfdb17f3444ee97a4650fce082afb44b355dbc0,10,7,7,7,0,3,0,0,0,620,49,571,0.07903225806451612,1,0.02040816326530612,48,5.714285714285714,2112800,True,0,0,0,,0,0
261,TargetedFedPhoenix,1,0.25,20,update_norm,"features.20,features.24,features.27,features.30",1,76.73999786376953,10.856431100008194,"[89, 41, 20, 92, 67, 44, 61, 77, 3, 9]","[26200781, 26201778, 26202775, 26203772, 26204769, 26205766, 26206763, 26207760, 26208757, 26209754]",03d74b156c311ea9c50a3d51303fd5eab42992421c840ba3f0daf3bf91e2d241,10,7,7,7,0,3,0,0,0,620,49,571,0.07903225806451612,1,0.02040816326530612,48,5.857142857142857,2112800,True,0,0,0,,0,0
262,TargetedFedPhoenix,1,0.25,20,update_norm,"features.20,features.24,features.27,features.30",1,71.37000274658203,11.222422199993161,"[87, 20, 97, 50, 35, 68, 33, 98, 53, 96]","[26300784, 26301781, 26302778, 26303775, 26304772, 26305769, 26306766, 26307763, 26308760, 26309757]",65b9e7b7c8234557bbfd052f6ac854b35bef28fc140c2ee821476c4b982956f7,10,9,9,9,0,1,0,0,0,620,63,557,0.10161290322580645,1,0.015873015873015872,62,4.555555555555555,2112800,True,0,0,0,,0,0
263,TargetedFedPhoenix,1,0.25,20,update_norm,"features.20,features.24,features.27,features.30",1,66.27999877929688,12.594337600006838,"[89, 57, 26, 69, 23, 54, 68, 92, 4, 82]","[26400787, 26401784, 26402781, 26403778, 26404775, 26405772, 26406769, 26407766, 26408763, 26409760]",9e99e8c6bf7018922d30a94ea6547269550c4c6ff2e257403b3f82c83b0266ca,10,10,10,10,0,0,0,0,0,620,70,550,0.11290322580645161,1,0.014285714285714285,69,5.8,2112800,True,0,0,0,,0,0
264,TargetedFedPhoenix,1,0.25,20,update_norm,"features.20,features.24,features.27,features.30",1,69.75,11.488368400008767,"[45, 31, 11, 28, 39, 71, 7, 91, 4, 93]","[26500790, 26501787, 26502784, 26503781, 26504778, 26505775, 26506772, 26507769, 26508766, 26509763]",fdac4c958e0b466ff80bc8ba09413ee2d0763c1e543159fae8664d739f6e37a7,10,9,9,9,0,1,0,0,0,620,63,557,0.10161290322580645,0,0.0,63,9.0,2112800,True,0,0,0,,0,0
265,TargetedFedPhoenix,1,0.25,20,update_norm,"features.20,features.24,features.27,features.30",1,66.61000061035156,13.309298899999703,"[2, 85, 50, 23, 46, 82, 83, 20, 49, 6]","[26600793, 26601790, 26602787, 26603784, 26604781, 26605778, 26606775, 26607772, 26608769, 26609766]",6fa97e789a4f37ac32fc657c4246b8ab6fdf0ec98d0440e7ca43b44cc3872d08,10,9,9,9,0,1,0,0,0,620,63,557,0.10161290322580645,0,0.0,63,8.777777777777779,2112800,True,0,0,0,,0,0
266,TargetedFedPhoenix,1,0.25,20,update_norm,"features.20,features.24,features.27,features.30",1,74.58999633789062,12.796148800000083,"[3, 42, 84, 62, 69, 25, 23, 76, 52, 75]","[26700796, 26701793, 26702790, 26703787, 26704784, 26705781, 26706778, 26707775, 26708772, 26709769]",262e1a8921b048009fdeacc561fef86b8cc20e7bf196d3b9357c938af0223f33,10,8,8,8,0,2,0,0,0,620,56,564,0.09032258064516129,1,0.017857142857142856,55,8.5,2112800,True,0,0,0,,0,0
267,TargetedFedPhoenix,1,0.25,20,update_norm,"features.20,features.24,features.27,features.30",1,74.29000091552734,10.419165999992401,"[4, 95, 1, 21, 83, 23, 48, 78, 42, 31]","[26800799, 26801796, 26802793, 26803790, 26804787, 26805784, 26806781, 26807778, 26808775, 26809772]",bf1058b43180a29baaeddd3662aa534cffd8b7e7f93c84ee70aa632a4d233a09,10,9,9,9,0,1,0,0,0,620,63,557,0.10161290322580645,2,0.031746031746031744,61,7.888888888888889,2112800,True,0,0,0,,0,0
268,TargetedFedPhoenix,1,0.25,20,update_norm,"features.20,features.24,features.27,features.30",1,55.66999816894531,9.397905000005267,"[38, 6, 37, 55, 34, 97, 98, 74, 56, 45]","[26900802, 26901799, 26902796, 26903793, 26904790, 26905787, 26906784, 26907781, 26908778, 26909775]",9e4378dcedc11057dfd1ac59a7ab4cb13e9e7e4c893d8cc9b80ccb202a14b9cf,10,9,9,9,0,1,0,0,0,620,63,557,0.10161290322580645,0,0.0,63,9.222222222222221,2112800,True,0,0,0,,0,0
269,TargetedFedPhoenix,1,0.25,20,update_norm,"features.20,features.24,features.27,features.30",1,71.5999984741211,10.040837199994712,"[54, 93, 74, 85, 16, 98, 50, 59, 70, 3]","[27000805, 27001802, 27002799, 27003796, 27004793, 27005790, 27006787, 27007784, 27008781, 27009778]",e4fae81039d03ff8c71849e720aaa7a4f00be5c3f1c5b28d85698f7371d0a8bb,10,8,8,8,0,2,0,0,0,620,56,564,0.09032258064516129,1,0.017857142857142856,55,5.375,2112800,True,0,0,0,,0,0
270,TargetedFedPhoenix,1,0.25,20,update_norm,"features.20,features.24,features.27,features.30",1,61.75,10.895195099990815,"[39, 20, 43, 1, 78, 0, 60, 31, 15, 6]","[27100808, 27101805, 27102802, 27103799, 27104796, 27105793, 27106790, 27107787, 27108784, 27109781]",fc39fdadbbef332bfb200ac7a799bc48369e8c09d899e9a758bb0adabd18deac,10,10,10,10,0,0,0,0,0,620,70,550,0.11290322580645161,1,0.014285714285714285,69,8.9,2112800,True,0,0,0,,0,0
271,TargetedFedPhoenix,1,0.25,20,update_norm,"features.20,features.24,features.27,features.30",1,68.30000305175781,9.909384400001727,"[42, 76, 2, 31, 19, 17, 83, 92, 44, 35]","[27200811, 27201808, 27202805, 27203802, 27204799, 27205796, 27206793, 27207790, 27208787, 27209784]",27eb5e6f6ab981822bc9de26e462e24d5720bfac6b08469e3618c696c481792d,10,10,10,10,0,0,0,0,0,620,70,550,0.11290322580645161,1,0.014285714285714285,69,7.4,2112800,True,0,0,0,,0,0
272,TargetedFedPhoenix,1,0.25,20,update_norm,"features.20,features.24,features.27,features.30",1,64.83999633789062,8.70944989999407,"[56, 91, 92, 28, 38, 82, 32, 98, 63, 85]","[27300814, 27301811, 27302808, 27303805, 27304802, 27305799, 27306796, 27307793, 27308790, 27309787]",a273d1fc96002ff2203f98e7e2c5447cd022ecad14266c8688f44a39a7636499,10,10,10,10,0,0,0,0,0,620,70,550,0.11290322580645161,2,0.02857142857142857,68,7.0,2112800,True,0,0,0,,0,0
273,TargetedFedPhoenix,1,0.25,20,update_norm,"features.20,features.24,features.27,features.30",1,65.47000122070312,12.245159199999762,"[5, 84, 60, 47, 3, 13, 65, 92, 19, 74]","[27400817, 27401814, 27402811, 27403808, 27404805, 27405802, 27406799, 27407796, 27408793, 27409790]",dc06ea97d4cd0548f5833b83f6ffe0f36f4581bd6770e35250981942e86580b9,10,7,7,7,0,3,0,0,0,620,49,571,0.07903225806451612,0,0.0,49,5.0,2112800,True,0,0,0,,0,0
274,TargetedFedPhoenix,1,0.25,20,update_norm,"features.20,features.24,features.27,features.30",1,56.709999084472656,11.670523900000262,"[59, 45, 39, 67, 6, 78, 84, 80, 22, 57]","[27500820, 27501817, 27502814, 27503811, 27504808, 27505805, 27506802, 27507799, 27508796, 27509793]",e63373f99218dbbe2814e22596981a1bac1d541201b8354eb51a3cdf0c26a891,10,8,8,8,0,2,0,0,0,620,56,564,0.09032258064516129,1,0.017857142857142856,55,6.0,2112800,True,0,0,0,,0,0
275,TargetedFedPhoenix,1,0.25,20,update_norm,"features.20,features.24,features.27,features.30",1,76.0199966430664,9.281201599995256,"[64, 42, 43, 38, 94, 36, 68, 8, 11, 89]","[27600823, 27601820, 27602817, 27603814, 27604811, 27605808, 27606805, 27607802, 27608799, 27609796]",eebfe5c3b78d5b645d510892d0f42958743e7f17a2ddeab09ba70408ef6e93c4,10,8,8,8,0,2,0,0,0,620,56,564,0.09032258064516129,0,0.0,56,9.625,2112800,True,0,0,0,,0,0
276,TargetedFedPhoenix,1,0.25,20,update_norm,"features.20,features.24,features.27,features.30",1,69.18000030517578,12.786830900004134,"[23, 69, 89, 9, 42, 74, 62, 68, 57, 93]","[27700826, 27701823, 27702820, 27703817, 27704814, 27705811, 27706808, 27707805, 27708802, 27709799]",62718460d03633feb6e405486e6b4e755e500f44ab93230d6b75b80edd6aac07,10,10,10,10,0,0,0,0,0,620,70,550,0.11290322580645161,0,0.0,70,5.9,2112800,True,0,0,0,,0,0
277,TargetedFedPhoenix,1,0.25,20,update_norm,"features.20,features.24,features.27,features.30",1,77.3499984741211,12.585608999987016,"[85, 66, 93, 44, 48, 13, 3, 21, 23, 39]","[27800829, 27801826, 27802823, 27803820, 27804817, 27805814, 27806811, 27807808, 27808805, 27809802]",199da2edcfe21cbfee6fc7be233af1f500355ac31c41b921aaa9c1fd3d85d751,10,9,9,9,0,1,0,0,0,620,63,557,0.10161290322580645,0,0.0,63,4.888888888888889,2112800,True,0,0,0,,0,0
278,TargetedFedPhoenix,1,0.25,20,update_norm,"features.20,features.24,features.27,features.30",1,74.2300033569336,13.170406999997795,"[28, 94, 18, 68, 65, 53, 66, 75, 12, 92]","[27900832, 27901829, 27902826, 27903823, 27904820, 27905817, 27906814, 27907811, 27908808, 27909805]",61c4673f68873183aa2588bbda85eac63b2ba4fe5c4a3475a82f631152732566,10,9,9,9,0,1,0,0,0,620,63,557,0.10161290322580645,2,0.031746031746031744,61,7.777777777777778,2112800,True,0,0,0,,0,0
279,TargetedFedPhoenix,1,0.25,20,update_norm,"features.20,features.24,features.27,features.30",1,77.76000213623047,10.039304900012212,"[90, 75, 39, 64, 49, 44, 66, 50, 60, 98]","[28000835, 28001832, 28002829, 28003826, 28004823, 28005820, 28006817, 28007814, 28008811, 28009808]",65153a9416831aa02dabb2f115bd6eb214727f8239dea61711cda41e89162302,10,9,9,9,0,1,0,0,0,620,63,557,0.10161290322580645,0,0.0,63,5.222222222222222,2112800,True,0,0,0,,0,0
280,TargetedFedPhoenix,1,0.25,20,update_norm,"features.20,features.24,features.27,features.30",1,75.0199966430664,12.349775499998941,"[61, 27, 77, 23, 66, 33, 26, 42, 37, 78]","[28100838, 28101835, 28102832, 28103829, 28104826, 28105823, 28106820, 28107817, 28108814, 28109811]",a6df7a84c977b8bc6b15be1712f7006776728bf6c3fb0f71fdb3c32754dd39fd,10,9,9,9,0,1,0,0,0,620,63,557,0.10161290322580645,1,0.015873015873015872,62,11.0,2112800,True,0,0,0,,0,0
281,TargetedFedPhoenix,1,0.25,20,update_norm,"features.20,features.24,features.27,features.30",1,68.2699966430664,10.854044099993189,"[0, 56, 5, 30, 76, 95, 53, 73, 63, 88]","[28200841, 28201838, 28202835, 28203832, 28204829, 28205826, 28206823, 28207820, 28208817, 28209814]",e9c27032dbfbb07b2ac8a61c6d4ec6a5fcdc03ea7f484c48bf877a1f806975c6,10,7,7,7,0,3,0,0,0,620,49,571,0.07903225806451612,0,0.0,49,9.142857142857142,2112800,True,0,0,0,,0,0
282,TargetedFedPhoenix,1,0.25,20,update_norm,"features.20,features.24,features.27,features.30",1,63.38999938964844,11.784682999990764,"[84, 89, 68, 64, 78, 62, 28, 30, 49, 41]","[28300844, 28301841, 28302838, 28303835, 28304832, 28305829, 28306826, 28307823, 28308820, 28309817]",78dedf6eab9312d3e86522f1995c28b6e9eb3d24cad58e73e469fbe41ae75410,10,9,9,9,0,1,0,0,0,620,63,557,0.10161290322580645,0,0.0,63,4.111111111111111,2112800,True,0,0,0,,0,0
283,TargetedFedPhoenix,1,0.25,20,update_norm,"features.20,features.24,features.27,features.30",1,72.87999725341797,10.81790130000445,"[67, 45, 94, 35, 39, 72, 5, 22, 7, 62]","[28400847, 28401844, 28402841, 28403838, 28404835, 28405832, 28406829, 28407826, 28408823, 28409820]",5b02f3bfd3ff465ad6737c7db7fadd4b97f301d24d56695e79204eea981f5d06,10,9,9,9,0,1,0,0,0,620,63,557,0.10161290322580645,2,0.031746031746031744,61,7.777777777777778,2112800,True,0,0,0,,0,0
284,TargetedFedPhoenix,1,0.25,20,update_norm,"features.20,features.24,features.27,features.30",1,78.25,9.80710760000511,"[90, 91, 9, 58, 98, 5, 97, 92, 55, 12]","[28500850, 28501847, 28502844, 28503841, 28504838, 28505835, 28506832, 28507829, 28508826, 28509823]",cce5f16cbcd768477d193b20b02092c6f07fd504fa6b242530edf44f7d850fa2,10,9,9,9,0,1,0,0,0,620,63,557,0.10161290322580645,1,0.015873015873015872,62,8.333333333333334,2112800,True,0,0,0,,0,0
285,TargetedFedPhoenix,1,0.25,20,update_norm,"features.20,features.24,features.27,features.30",1,67.91000366210938,9.850709899998037,"[84, 9, 22, 95, 91, 55, 21, 15, 13, 1]","[28600853, 28601850, 28602847, 28603844, 28604841, 28605838, 28606835, 28607832, 28608829, 28609826]",77cb32c391b4b5980c3875cfc54a616d472bfeae8bea77017c6c2dee458ed69e,10,10,10,10,0,0,0,0,0,620,70,550,0.11290322580645161,1,0.014285714285714285,69,5.8,2112800,True,0,0,0,,0,0
286,TargetedFedPhoenix,1,0.25,20,update_norm,"features.20,features.24,features.27,features.30",1,62.380001068115234,11.399806600005832,"[1, 53, 10, 7, 6, 90, 21, 92, 78, 46]","[28700856, 28701853, 28702850, 28703847, 28704844, 28705841, 28706838, 28707835, 28708832, 28709829]",164ae4d5278c2d76c1c0408ea61cba84e786f175f50efb7aaa156abe5598a702,10,8,8,8,0,2,0,0,0,620,56,564,0.09032258064516129,0,0.0,56,3.75,2112800,True,0,0,0,,0,0
287,TargetedFedPhoenix,1,0.25,20,update_norm,"features.20,features.24,features.27,features.30",1,72.47000122070312,12.465923299998394,"[85, 92, 66, 58, 24, 86, 82, 2, 7, 64]","[28800859, 28801856, 28802853, 28803850, 28804847, 28805844, 28806841, 28807838, 28808835, 28809832]",46e671b6b647d029d784d09f0e15ff10cc0abf70e7c0b58cc0f1b955fa566594,10,8,8,8,0,2,0,0,0,620,56,564,0.09032258064516129,0,0.0,56,7.25,2112800,True,0,0,0,,0,0
288,TargetedFedPhoenix,1,0.25,20,update_norm,"features.20,features.24,features.27,features.30",1,71.4000015258789,12.12551440000243,"[40, 50, 36, 99, 33, 79, 62, 74, 16, 22]","[28900862, 28901859, 28902856, 28903853, 28904850, 28905847, 28906844, 28907841, 28908838, 28909835]",e53c5b8c91e21ad297ea9903bd85bbb858da4874132f81e1a83bc85c0226af6a,10,7,7,7,0,3,0,0,0,620,49,571,0.07903225806451612,0,0.0,49,9.857142857142858,2112800,True,0,0,0,,0,0
289,TargetedFedPhoenix,1,0.25,20,update_norm,"features.20,features.24,features.27,features.30",1,73.95999908447266,11.274860499994247,"[25, 33, 10, 14, 87, 8, 51, 83, 69, 57]","[29000865, 29001862, 29002859, 29003856, 29004853, 29005850, 29006847, 29007844, 29008841, 29009838]",4a065a12bfc6dc0d0418b68accb576e4a1de85da1bb33a15a44b531bd23aa98b,10,6,6,6,0,4,0,0,0,620,42,578,0.06774193548387097,1,0.023809523809523808,41,10.333333333333334,2112800,True,0,0,0,,0,0
290,TargetedFedPhoenix,1,0.25,20,update_norm,"features.20,features.24,features.27,features.30",1,77.05000305175781,9.966797799992491,"[35, 15, 38, 19, 52, 46, 71, 9, 47, 75]","[29100868, 29101865, 29102862, 29103859, 29104856, 29105853, 29106850, 29107847, 29108844, 29109841]",dc15759c9d27bc5263f10f1cbfebabac1afcc04ce94ed7360134e5f998b0f4dd,10,8,8,8,0,2,0,0,0,620,56,564,0.09032258064516129,0,0.0,56,10.125,2112800,True,0,0,0,,0,0
291,TargetedFedPhoenix,1,0.25,20,update_norm,"features.20,features.24,features.27,features.30",1,75.0999984741211,9.683374500003993,"[86, 92, 14, 8, 45, 38, 60, 63, 82, 46]","[29200871, 29201868, 29202865, 29203862, 29204859, 29205856, 29206853, 29207850, 29208847, 29209844]",6d3c3b841c06e48ced9b610db1242eb23260cd78fa02efc9aaec9b6f5de61a1a,10,10,10,10,0,0,0,0,0,620,70,550,0.11290322580645161,1,0.014285714285714285,69,4.8,2112800,True,0,0,0,,0,0
292,TargetedFedPhoenix,1,0.25,20,update_norm,"features.20,features.24,features.27,features.30",1,69.45999908447266,10.958777699997881,"[73, 57, 67, 14, 40, 24, 63, 35, 72, 69]","[29300874, 29301871, 29302868, 29303865, 29304862, 29305859, 29306856, 29307853, 29308850, 29309847]",ad230bcbb70b6cee837c00109d432fa57d1c4f11342b67a42f406b7c6e76ca87,10,10,10,10,0,0,0,0,0,620,70,550,0.11290322580645161,1,0.014285714285714285,69,4.8,2112800,True,0,0,0,,0,0
293,TargetedFedPhoenix,1,0.25,20,update_norm,"features.20,features.24,features.27,features.30",1,74.48999786376953,9.14721080000163,"[77, 55, 61, 34, 18, 35, 0, 97, 98, 26]","[29400877, 29401874, 29402871, 29403868, 29404865, 29405862, 29406859, 29407856, 29408853, 29409850]",0b1b16326319d5e80fe5f4449d2cdea2e89e6020fbec6818ac7c2f649870e9dd,10,9,9,9,0,1,0,0,0,620,63,557,0.10161290322580645,1,0.015873015873015872,62,10.333333333333334,2112800,True,0,0,0,,0,0
294,TargetedFedPhoenix,1,0.25,20,update_norm,"features.20,features.24,features.27,features.30",1,73.16999816894531,8.56686279999849,"[90, 30, 53, 77, 76, 85, 8, 35, 81, 69]","[29500880, 29501877, 29502874, 29503871, 29504868, 29505865, 29506862, 29507859, 29508856, 29509853]",58aa5d2b1b08ac66e59bc94d4a3b8935328b6c4f04268c0220a9cd6984fa827f,10,9,9,9,0,1,0,0,0,620,63,557,0.10161290322580645,2,0.031746031746031744,61,6.111111111111111,2112800,True,0,0,0,,0,0
295,TargetedFedPhoenix,1,0.25,20,update_norm,"features.20,features.24,features.27,features.30",1,73.62999725341797,11.747790500012343,"[52, 30, 46, 49, 35, 90, 6, 40, 20, 97]","[29600883, 29601880, 29602877, 29603874, 29604871, 29605868, 29606865, 29607862, 29608859, 29609856]",7f0f295bf915a3d8378a604cd90c520788ea904cf7eabbb789fcec159b08f15f,10,9,9,9,0,1,0,0,0,620,63,557,0.10161290322580645,2,0.031746031746031744,61,4.333333333333333,2112800,True,0,0,0,,0,0
296,TargetedFedPhoenix,1,0.25,20,update_norm,"features.20,features.24,features.27,features.30",1,75.77999877929688,10.369600700010778,"[42, 21, 97, 18, 44, 48, 98, 45, 7, 95]","[29700886, 29701883, 29702880, 29703877, 29704874, 29705871, 29706868, 29707865, 29708862, 29709859]",fa7c90608e2ee60490da60a6e2ad583bec445ea832b72daf1ee643c3e05d6272,10,10,10,10,0,0,0,0,0,620,70,550,0.11290322580645161,1,0.014285714285714285,69,9.4,2112800,True,0,0,0,,0,0
297,TargetedFedPhoenix,1,0.25,20,update_norm,"features.20,features.24,features.27,features.30",1,75.77999877929688,10.144453800006886,"[67, 72, 49, 58, 2, 66, 55, 98, 25, 53]","[29800889, 29801886, 29802883, 29803880, 29804877, 29805874, 29806871, 29807868, 29808865, 29809862]",6aaf7d8d9d0e2f243020b1b784027cc2256d4f28314200071eaf415e0d84084f,10,10,10,10,0,0,0,0,0,620,70,550,0.11290322580645161,0,0.0,70,5.8,2112800,True,0,0,0,,0,0
298,TargetedFedPhoenix,1,0.25,20,update_norm,"features.20,features.24,features.27,features.30",1,67.69000244140625,11.713307099998929,"[16, 2, 36, 77, 86, 40, 87, 33, 95, 75]","[29900892, 29901889, 29902886, 29903883, 29904880, 29905877, 29906874, 29907871, 29908868, 29909865]",83cb4121d05e771aa4f6b8dd3f1ab36cfbe8bbb164ebb4bf16baad56a8c58560,10,10,10,10,0,0,0,0,0,620,70,550,0.11290322580645161,3,0.04285714285714286,67,6.3,2112800,True,0,0,0,,0,0
299,TargetedFedPhoenix,1,0.25,20,update_norm,"features.20,features.24,features.27,features.30",1,72.2699966430664,11.040461299999151,"[1, 66, 81, 52, 47, 99, 38, 56, 65, 4]","[30000895, 30001892, 30002889, 30003886, 30004883, 30005880, 30006877, 30007874, 30008871, 30009868]",0be65de2ac1123494f788f803e9b484970d755dd5278719a259c32c29d9edeb6,10,8,8,8,0,2,0,0,0,620,56,564,0.09032258064516129,0,0.0,56,8.75,2112800,True,0,0,0,,0,0
300,TargetedFedPhoenix,1,0.25,20,update_norm,"features.20,features.24,features.27,features.30",1,71.33999633789062,10.124104900009115,"[73, 93, 90, 66, 22, 52, 77, 18, 71, 39]","[30100898, 30101895, 30102892, 30103889, 30104886, 30105883, 30106880, 30107877, 30108874, 30109871]",e525856695afc1636a0c8dd01e2c8c1a599a3a9cdbb3afd44ee8e8402ba45640,10,9,9,9,0,1,0,0,0,620,63,557,0.10161290322580645,0,0.0,63,6.666666666666667,2112800,True,0,0,0,,0,0
