round,algorithm,seed,tfp_target_ratio,tfp_max_history_gap,tfp_score_type,tfp_target_layers,tfp_start_round,test_accuracy,round_train_seconds,selected_clients,task_seeds,global_state_sha256,clients_with_history,clients_history_eligible,clients_targeted,clients_dispatch_changed,clients_cold_start,clients_stale,clients_no_valid_history,clients_no_target_slots,clients_before_start_round,total_reset_slots,targeted_reset_slots,random_reset_slots,actual_target_fraction,baseline_random_overlap_slots,baseline_random_overlap_rate,replaced_reset_slots,mean_history_gap_for_targeted,history_memory_bytes,controller_rng_unchanged,failed_client_updates,residual_total_kernels,residual_valid_kernels,residual_valid_fraction,residual_own_reset_invalid,residual_no_clean_peer_invalid
1,TargetedFedPhoenix,1,0.125,10,update_norm,all,151,10.0,16.98086670000339,"[80, 84, 33, 81, 93, 17, 36, 82, 69, 65]","[200001, 200998, 201995, 202992, 203989, 204986, 205983, 206980, 207977, 208974]",a54a841b1d8aaeb288f234a154b547d09329b79e22caa07bce35605dcd56155e,0,0,0,0,0,0,0,0,10,660,0,660,0.0,0,0.0,0,,211280,True,0,0,0,,0,0
2,TargetedFedPhoenix,1,0.125,10,update_norm,all,151,13.229999542236328,9.385958600003505,"[44, 96, 1, 35, 26, 11, 38, 82, 87, 3]","[300004, 301001, 301998, 302995, 303992, 304989, 305986, 306983, 307980, 308977]",2194ac717a388eb692c5e8dbcfd4582c630ebbca68c3432af3aa44c25f01c179,1,1,0,0,0,0,0,0,10,660,0,660,0.0,0,0.0,0,,401432,True,0,0,0,,0,0
3,TargetedFedPhoenix,1,0.125,10,update_norm,all,151,12.229999542236328,9.617926800012356,"[95, 67, 96, 71, 1, 80, 99, 45, 52, 27]","[400007, 401004, 402001, 402998, 403995, 404992, 405989, 406986, 407983, 408980]",464268fdecd2a7461cd6b6d423aeb6f70e76c845b2bdb10244a52cdd3f26ab5a,3,3,0,0,0,0,0,0,10,660,0,660,0.0,0,0.0,0,,549328,True,0,0,0,,0,0
4,TargetedFedPhoenix,1,0.125,10,update_norm,all,151,16.290000915527344,10.512749100016663,"[40, 10, 96, 66, 89, 32, 95, 55, 25, 5]","[500010, 501007, 502004, 503001, 503998, 504995, 505992, 506989, 507986, 508983]",e22f19850d9ffd368150cc18dcfce18ed881198cdbb4732274eb2ba7b4f44ea6,2,2,0,0,0,0,0,0,10,660,0,660,0.0,0,0.0,0,,718352,True,0,0,0,,0,0
5,TargetedFedPhoenix,1,0.125,10,update_norm,all,151,32.41999816894531,7.635517799993977,"[89, 99, 45, 96, 72, 9, 74, 88, 1, 38]","[600013, 601010, 602007, 603004, 604001, 604998, 605995, 606992, 607989, 608986]",dec108ab3bddc195ba215513fa42218f87170fb81aa3f55e61013047af4886ce,6,6,0,0,0,0,0,0,10,660,0,660,0.0,0,0.0,0,,802864,True,0,0,0,,0,0
6,TargetedFedPhoenix,1,0.125,10,update_norm,all,151,17.6200008392334,11.796870499994839,"[0, 86, 4, 23, 24, 1, 62, 83, 66, 93]","[700016, 701013, 702010, 703007, 704004, 705001, 705998, 706995, 707992, 708989]",2a589299f75dc9f48b5bf8dc473cb0fb39c645bc9af3f2b430bd9e12c4cc3b78,3,3,0,0,0,0,0,0,10,660,0,660,0.0,0,0.0,0,,950760,True,0,0,0,,0,0
7,TargetedFedPhoenix,1,0.125,10,update_norm,all,151,24.139999389648438,9.792829399986658,"[6, 59, 72, 30, 91, 43, 75, 76, 15, 61]","[800019, 801016, 802013, 803010, 804007, 805004, 806001, 806998, 807995, 808992]",8334d2af90c834b0ce15a5af328493a8d27a0f9bc380131c06d39f189d91a950,1,1,0,0,0,0,0,0,10,660,0,660,0.0,0,0.0,0,,1140912,True,0,0,0,,0,0
8,TargetedFedPhoenix,1,0.125,10,update_norm,all,151,23.68000030517578,10.498077700001886,"[44, 88, 74, 48, 59, 79, 25, 52, 45, 55]","[900022, 901019, 902016, 903013, 904010, 905007, 906004, 907001, 907998, 908995]",0ac5b8aa96c895ebcb3079902ee2ce786b998f818a103b57cd0b0ad8f66979d5,8,8,0,0,0,0,0,0,10,660,0,660,0.0,0,0.0,0,,1183168,True,0,0,0,,0,0
9,TargetedFedPhoenix,1,0.125,10,update_norm,all,151,30.1299991607666,11.411400000011781,"[3, 60, 35, 33, 22, 66, 45, 68, 67, 75]","[1000025, 1001022, 1002019, 1003016, 1004013, 1005010, 1006007, 1007004, 1008001, 1008998]",c39a40875e3ecaa80fa41e132e67e6c788407cc8faf11d2f66eeeca91e0fb7d4,7,7,0,0,0,0,0,0,10,660,0,660,0.0,0,0.0,0,,1246552,True,0,0,0,,0,0
10,TargetedFedPhoenix,1,0.125,10,update_norm,all,151,29.729999542236328,13.568161100003636,"[64, 91, 12, 52, 16, 65, 50, 68, 33, 30]","[1100028, 1101025, 1102022, 1103019, 1104016, 1105013, 1106010, 1107007, 1108004, 1109001]",ef68434933199d80bb34ae08584a2e009f046e61f3635c49204e19e80e496515,6,6,0,0,0,0,0,0,10,660,0,660,0.0,0,0.0,0,,1331064,True,0,0,0,,0,0
11,TargetedFedPhoenix,1,0.125,10,update_norm,all,151,38.22999954223633,13.130784799985122,"[54, 27, 23, 37, 75, 33, 41, 46, 52, 24]","[1200031, 1201028, 1202025, 1203022, 1204019, 1205016, 1206013, 1207010, 1208007, 1209004]",1df4f27e7c01ea33e7dac5834f33f86fbef5b1f212635254837d7bbe815636cb,6,6,0,0,0,0,0,0,10,660,0,660,0.0,0,0.0,0,,1415576,True,0,0,0,,0,0
12,TargetedFedPhoenix,1,0.125,10,update_norm,all,151,36.90999984741211,10.201798800000688,"[54, 45, 28, 44, 15, 1, 93, 12, 88, 40]","[1300034, 1301031, 1302028, 1303025, 1304022, 1305019, 1306016, 1307013, 1308010, 1309007]",69f516a41de82d3c552c6771ea41db758dee008c7260acfdad1ad3dc91cfdf85,9,9,0,0,0,0,0,0,10,660,0,660,0.0,0,0.0,0,,1436704,True,0,0,0,,0,0
13,TargetedFedPhoenix,1,0.125,10,update_norm,all,151,38.220001220703125,12.996549100003904,"[70, 75, 5, 68, 36, 79, 72, 78, 57, 44]","[1400037, 1401034, 1402031, 1403028, 1404025, 1405022, 1406019, 1407016, 1408013, 1409010]",7bc03e17d2d6ecd6d8aeeacde99452c651540a8cc851e6384a9187a84eebe014,7,6,0,0,0,0,0,0,10,660,0,660,0.0,0,0.0,0,,1500088,True,0,0,0,,0,0
14,TargetedFedPhoenix,1,0.125,10,update_norm,all,151,46.650001525878906,10.781092399993213,"[41, 9, 30, 89, 40, 49, 3, 22, 8, 16]","[1500040, 1501037, 1502034, 1503031, 1504028, 1505025, 1506022, 1507019, 1508016, 1509013]",2dc67b248fee29d127c0a456fd2066ec4682a71e3ebb67b25e8debe70cc0d6b8,8,8,0,0,0,0,0,0,10,660,0,660,0.0,0,0.0,0,,1542344,True,0,0,0,,0,0
15,TargetedFedPhoenix,1,0.125,10,update_norm,all,151,45.459999084472656,10.80887450001319,"[82, 28, 69, 81, 56, 71, 85, 27, 37, 66]","[1600043, 1601040, 1602037, 1603034, 1604031, 1605028, 1606025, 1607022, 1608019, 1609016]",bab4caa6987681d874f41e0f010ee2daf1e8f1dfa2463a4e6d9927566aa7a82b,8,4,0,0,0,0,0,0,10,660,0,660,0.0,0,0.0,0,,1584600,True,0,0,0,,0,0
16,TargetedFedPhoenix,1,0.125,10,update_norm,all,151,46.720001220703125,9.506418100005249,"[60, 13, 26, 12, 1, 28, 88, 86, 11, 43]","[1700046, 1701043, 1702040, 1703037, 1704034, 1705031, 1706028, 1707025, 1708022, 1709019]",5aaf6b8fbd3dc5473d11060bd5ca7c12b5cd0aab470ffafdb0b47bf02161ce73,9,7,0,0,0,0,0,0,10,660,0,660,0.0,0,0.0,0,,1605728,True,0,0,0,,0,0
17,TargetedFedPhoenix,1,0.125,10,update_norm,all,151,45.529998779296875,9.810372900014045,"[93, 16, 72, 75, 10, 4, 38, 71, 42, 62]","[1800049, 1801046, 1802043, 1803040, 1804037, 1805034, 1806031, 1807028, 1808025, 1809022]",32c9882c326a3283c5391d8b9bf1f28bca3f0b0e7110e3d035dd9a402ba1dc1a,9,5,0,0,0,0,0,0,10,660,0,660,0.0,0,0.0,0,,1626856,True,0,0,0,,0,0
18,TargetedFedPhoenix,1,0.125,10,update_norm,all,151,35.709999084472656,10.426880200015148,"[36, 47, 1, 64, 57, 97, 29, 6, 67, 92]","[1900052, 1901049, 1902046, 1903043, 1904040, 1905037, 1906034, 1907031, 1908028, 1909025]",1799d2b8ebbb42025925aaa2e12b4a964c6df1f280d7816b1e79255f74185d58,6,5,0,0,0,0,0,0,10,660,0,660,0.0,0,0.0,0,,1711368,True,0,0,0,,0,0
19,TargetedFedPhoenix,1,0.125,10,update_norm,all,151,44.220001220703125,11.716359799989732,"[48, 87, 17, 57, 22, 81, 4, 51, 94, 63]","[2000055, 2001052, 2002049, 2003046, 2004043, 2005040, 2006037, 2007034, 2008031, 2009028]",38a3c3b8af9a766b0cccbf47012eab40de45ec2be9bedb936228727d23583123,7,4,0,0,0,0,0,0,10,660,0,660,0.0,0,0.0,0,,1774752,True,0,0,0,,0,0
20,TargetedFedPhoenix,1,0.125,10,update_norm,all,151,45.060001373291016,11.872113899997203,"[9, 17, 59, 11, 2, 95, 68, 28, 60, 14]","[2100058, 2101055, 2102052, 2103049, 2104046, 2105043, 2106040, 2107037, 2108034, 2109031]",18711ce1ba79affefda06755fcc3655af13b84372d1b823d6108fe3d26a90d9b,8,6,0,0,0,0,0,0,10,660,0,660,0.0,0,0.0,0,,1817008,True,0,0,0,,0,0
21,TargetedFedPhoenix,1,0.125,10,update_norm,all,151,52.31999969482422,10.718215300003067,"[26, 25, 15, 93, 45, 54, 68, 90, 76, 10]","[2200061, 2201058, 2202055, 2203052, 2204049, 2205046, 2206043, 2207040, 2208037, 2209034]",b2d544f11c4c0e9e218a442dd5736517aba0e776497f592f1e29e278370ccacd,9,7,0,0,0,0,0,0,10,660,0,660,0.0,0,0.0,0,,1838136,True,0,0,0,,0,0
22,TargetedFedPhoenix,1,0.125,10,update_norm,all,151,56.310001373291016,10.082944999972824,"[84, 74, 93, 1, 48, 44, 29, 26, 94, 75]","[2300064, 2301061, 2302058, 2303055, 2304052, 2305049, 2306046, 2307043, 2308040, 2309037]",4a42252c01ff8a668303c4684b039588af7a1a3db5def862a2ab07f38f1cf84b,10,8,0,0,0,0,0,0,10,660,0,660,0.0,0,0.0,0,,1838136,True,0,0,0,,0,0
23,TargetedFedPhoenix,1,0.125,10,update_norm,all,151,49.59000015258789,9.90610269998433,"[71, 58, 50, 22, 59, 84, 10, 70, 43, 67]","[2400067, 2401064, 2402061, 2403058, 2404055, 2405052, 2406049, 2407046, 2408043, 2409040]",d399e4faad784888d02ca559e41a0833e071fc5d1668b43e4c938de32fd546c6,9,8,0,0,0,0,0,0,10,660,0,660,0.0,0,0.0,0,,1859264,True,0,0,0,,0,0
24,TargetedFedPhoenix,1,0.125,10,update_norm,all,151,51.36000061035156,13.344346900004894,"[70, 54, 33, 75, 31, 58, 17, 6, 3, 51]","[2500070, 2501067, 2502064, 2503061, 2504058, 2505055, 2506052, 2507049, 2508046, 2509043]",d6fed7d28826e74c75d64c99b79fe17dd4732a25202bc4f80b5d9f023d916a16,9,8,0,0,0,0,0,0,10,660,0,660,0.0,0,0.0,0,,1880392,True,0,0,0,,0,0
25,TargetedFedPhoenix,1,0.125,10,update_norm,all,151,55.150001525878906,11.18638140000985,"[42, 87, 33, 36, 30, 84, 78, 98, 71, 75]","[2600073, 2601070, 2602067, 2603064, 2604061, 2605058, 2606055, 2607052, 2608049, 2609046]",e98fe0b68ce1108c5c9fb30c0f665bd48a492c8a2fbd9caf7efabfad3e32a041,9,7,0,0,0,0,0,0,10,660,0,660,0.0,0,0.0,0,,1901520,True,0,0,0,,0,0
26,TargetedFedPhoenix,1,0.125,10,update_norm,all,151,51.04999923706055,10.46989089998533,"[41, 47, 34, 10, 51, 11, 50, 16, 86, 64]","[2700076, 2701073, 2702070, 2703067, 2704064, 2705061, 2706058, 2707055, 2708052, 2709049]",ae0ce974f2410426cacebe2a79574c0aa4be1f9ac02fdc86a5f10e4b467795a5,9,8,0,0,0,0,0,0,10,660,0,660,0.0,0,0.0,0,,1922648,True,0,0,0,,0,0
27,TargetedFedPhoenix,1,0.125,10,update_norm,all,151,51.61000061035156,11.894136099988827,"[58, 82, 63, 50, 98, 84, 4, 46, 65, 88]","[2800079, 2801076, 2802073, 2803070, 2804067, 2805064, 2806061, 2807058, 2808055, 2809052]",278d809bda834a764e535ba55f464803e3afa19876a4d671076928cb578165d0,10,6,0,0,0,0,0,0,10,660,0,660,0.0,0,0.0,0,,1922648,True,0,0,0,,0,0
28,TargetedFedPhoenix,1,0.125,10,update_norm,all,151,51.5,8.95618770000874,"[99, 88, 69, 16, 46, 29, 90, 91, 4, 45]","[2900082, 2901079, 2902076, 2903073, 2904070, 2905067, 2906064, 2907061, 2908058, 2909055]",63cb20c1f8ca2140ce3da9e6311939337fd68a42b3bb199d9f4e20ab0fb3ac7f,10,7,0,0,0,0,0,0,10,660,0,660,0.0,0,0.0,0,,1922648,True,0,0,0,,0,0
29,TargetedFedPhoenix,1,0.125,10,update_norm,all,151,47.15999984741211,12.62898259999929,"[80, 73, 28, 34, 1, 10, 13, 65, 5, 49]","[3000085, 3001082, 3002079, 3003076, 3004073, 3005070, 3006067, 3007064, 3008061, 3009058]",0b1e32b4eca58a1bbaaf9b362f8129a90810ab83b0b404dd8281395abea30eef,9,5,0,0,0,0,0,0,10,660,0,660,0.0,0,0.0,0,,1943776,True,0,0,0,,0,0
30,TargetedFedPhoenix,1,0.125,10,update_norm,all,151,56.86000061035156,10.342052699998021,"[62, 41, 74, 11, 99, 8, 75, 26, 81, 85]","[3100088, 3101085, 3102082, 3103079, 3104076, 3105073, 3106070, 3107067, 3108064, 3109061]",698df8206ea7b9aa2a1d0f9e16bf9c9ad8c3d94132d294bb1dbc7c19961a2fb1,10,6,0,0,0,0,0,0,10,660,0,660,0.0,0,0.0,0,,1943776,True,0,0,0,,0,0
31,TargetedFedPhoenix,1,0.125,10,update_norm,all,151,57.20000076293945,8.564790500007803,"[96, 81, 77, 83, 14, 50, 13, 67, 53, 91]","[3200091, 3201088, 3202085, 3203082, 3204079, 3205076, 3206073, 3207070, 3208067, 3209064]",041f461ee7a6a0e9880c0f8f16055b4218054cec85032e234142240362dd44d6,8,5,0,0,0,0,0,0,10,660,0,660,0.0,0,0.0,0,,1986032,True,0,0,0,,0,0
32,TargetedFedPhoenix,1,0.125,10,update_norm,all,151,57.790000915527344,12.099028700002236,"[40, 73, 70, 3, 6, 94, 1, 25, 20, 10]","[3300094, 3301091, 3302088, 3303085, 3304082, 3305079, 3306076, 3307073, 3308070, 3309067]",1be4ac320530c79e2ecb7f7bda6213ff5825f1b4ac43b215cdf9743a1f4bff98,9,7,0,0,0,0,0,0,10,660,0,660,0.0,0,0.0,0,,2007160,True,0,0,0,,0,0
33,TargetedFedPhoenix,1,0.125,10,update_norm,all,151,56.36000061035156,11.483772000006866,"[45, 16, 51, 88, 17, 78, 36, 44, 21, 62]","[3400097, 3401094, 3402091, 3403088, 3404085, 3405082, 3406079, 3407076, 3408073, 3409070]",2212bee3e7f00e172d34461831e3cbde0089841f35249c8438ef7f7234df0186,9,8,0,0,0,0,0,0,10,660,0,660,0.0,0,0.0,0,,2028288,True,0,0,0,,0,0
34,TargetedFedPhoenix,1,0.125,10,update_norm,all,151,66.2300033569336,8.574340499995742,"[92, 43, 97, 61, 58, 67, 1, 98, 30, 75]","[3500100, 3501097, 3502094, 3503091, 3504088, 3505085, 3506082, 3507079, 3508076, 3509073]",f4fd6cea7db8de192b25f1fa4eec1dca1c241878ed2f98c2564efa57818520b1,10,6,0,0,0,0,0,0,10,660,0,660,0.0,0,0.0,0,,2028288,True,0,0,0,,0,0
35,TargetedFedPhoenix,1,0.125,10,update_norm,all,151,55.4900016784668,11.045616999996128,"[31, 89, 17, 66, 92, 23, 96, 9, 35, 20]","[3600103, 3601100, 3602097, 3603094, 3604091, 3605088, 3606085, 3607082, 3608079, 3609076]",8a8abf4582d937e3fa02adda914ac03d8893d6ee7c707549b87a621ae6f428ae,10,4,0,0,0,0,0,0,10,660,0,660,0.0,0,0.0,0,,2028288,True,0,0,0,,0,0
36,TargetedFedPhoenix,1,0.125,10,update_norm,all,151,53.540000915527344,14.170787999988534,"[72, 68, 65, 28, 23, 85, 16, 60, 73, 78]","[3700106, 3701103, 3702100, 3703097, 3704094, 3705091, 3706088, 3707085, 3708082, 3709079]",45fe513856c9de8d515df16532fefe0b161ca285457e457b50507c1c00814a5a,10,7,0,0,0,0,0,0,10,660,0,660,0.0,0,0.0,0,,2028288,True,0,0,0,,0,0
37,TargetedFedPhoenix,1,0.125,10,update_norm,all,151,61.36000061035156,10.941038600023603,"[66, 49, 62, 9, 84, 68, 74, 3, 44, 71]","[3800109, 3801106, 3802103, 3803100, 3804097, 3805094, 3806091, 3807088, 3808085, 3809082]",56ba993dadbffa65e7e4d3fde1210f8a82c5d4dd1f3614de90bbbbe341cd6677,10,9,0,0,0,0,0,0,10,660,0,660,0.0,0,0.0,0,,2028288,True,0,0,0,,0,0
38,TargetedFedPhoenix,1,0.125,10,update_norm,all,151,57.97999954223633,8.905424700002186,"[50, 73, 27, 38, 8, 53, 21, 14, 28, 64]","[3900112, 3901109, 3902106, 3903103, 3904100, 3905097, 3906094, 3907091, 3908088, 3909085]",cdbfb9e34da2236815af03d5b993498b4d1a70e26454809f0adfde4489f084f6,10,7,0,0,0,0,0,0,10,660,0,660,0.0,0,0.0,0,,2028288,True,0,0,0,,0,0
39,TargetedFedPhoenix,1,0.125,10,update_norm,all,151,59.81999969482422,10.587848899973324,"[48, 87, 40, 59, 3, 10, 75, 35, 49, 89]","[4000115, 4001112, 4002109, 4003106, 4004103, 4005100, 4006097, 4007094, 4008091, 4009088]",2a0489e949b2c1b10b3b51df4f1718bf2f84be8532e041b40f53279e51070ba2,10,7,0,0,0,0,0,0,10,660,0,660,0.0,0,0.0,0,,2028288,True,0,0,0,,0,0
40,TargetedFedPhoenix,1,0.125,10,update_norm,all,151,65.27999877929688,10.029727999994066,"[83, 93, 34, 60, 90, 45, 42, 41, 91, 36]","[4100118, 4101115, 4102112, 4103109, 4104106, 4105103, 4106100, 4107097, 4108094, 4109091]",c49595381a88911ea853fcaa80ae50010c208b65d62acec6a38ff97d26c7f7ee,10,6,0,0,0,0,0,0,10,660,0,660,0.0,0,0.0,0,,2028288,True,0,0,0,,0,0
41,TargetedFedPhoenix,1,0.125,10,update_norm,all,151,67.66999816894531,10.331430400023237,"[75, 52, 20, 80, 90, 93, 4, 51, 13, 98]","[4200121, 4201118, 4202115, 4203112, 4204109, 4205106, 4206103, 4207100, 4208097, 4209094]",48ada7c01d8faee6a6497016fee0cdf51face997e6a127458f7a9f0886414ea4,10,7,0,0,0,0,0,0,10,660,0,660,0.0,0,0.0,0,,2028288,True,0,0,0,,0,0
42,TargetedFedPhoenix,1,0.125,10,update_norm,all,151,57.77000045776367,11.341667500004405,"[98, 79, 17, 10, 3, 12, 29, 26, 54, 58]","[4300124, 4301121, 4302118, 4303115, 4304112, 4305109, 4306106, 4307103, 4308100, 4309097]",41d0dd0f5e5169ccd7d9a9b4302110a8621d61dde0fa380f14991eb7614602ca,10,5,0,0,0,0,0,0,10,660,0,660,0.0,0,0.0,0,,2028288,True,0,0,0,,0,0
43,TargetedFedPhoenix,1,0.125,10,update_norm,all,151,62.060001373291016,12.213307800004259,"[32, 15, 47, 9, 7, 16, 24, 57, 71, 28]","[4400127, 4401124, 4402121, 4403118, 4404115, 4405112, 4406109, 4407106, 4408103, 4409100]",5a9cd09c9df050e1027d0f6c8cfc782899eb76276b5fa82f3f8696334d05f14a,9,4,0,0,0,0,0,0,10,660,0,660,0.0,0,0.0,0,,2049416,True,0,0,0,,0,0
44,TargetedFedPhoenix,1,0.125,10,update_norm,all,151,63.189998626708984,9.999271699984092,"[76, 67, 81, 35, 44, 49, 32, 99, 69, 51]","[4500130, 4501127, 4502124, 4503121, 4504118, 4505115, 4506112, 4507109, 4508106, 4509103]",4bba0b341781a4fbb0197081bc1932671f2b7cfc5b7b79908afde450d5b0f525,10,6,0,0,0,0,0,0,10,660,0,660,0.0,0,0.0,0,,2049416,True,0,0,0,,0,0
45,TargetedFedPhoenix,1,0.125,10,update_norm,all,151,55.09000015258789,9.894398700009333,"[42, 4, 95, 71, 84, 22, 61, 5, 10, 28]","[4600133, 4601130, 4602127, 4603124, 4604121, 4605118, 4606115, 4607112, 4608109, 4609106]",a1f3c8f9a001608919163a5b259013cbd313af66cd3e3c12bcbfe33ac9930f9a,10,6,0,0,0,0,0,0,10,660,0,660,0.0,0,0.0,0,,2049416,True,0,0,0,,0,0
46,TargetedFedPhoenix,1,0.125,10,update_norm,all,151,66.11000061035156,11.546768500003964,"[61, 52, 80, 26, 37, 44, 85, 1, 99, 55]","[4700136, 4701133, 4702130, 4703127, 4704124, 4705121, 4706118, 4707115, 4708112, 4709109]",86ca07e8f5c43b52257601ee4ac12df0227f41bfac2710066fa8c9a29b0409be,10,7,0,0,0,0,0,0,10,660,0,660,0.0,0,0.0,0,,2049416,True,0,0,0,,0,0
47,TargetedFedPhoenix,1,0.125,10,update_norm,all,151,61.189998626708984,10.061535300017567,"[23, 10, 75, 28, 19, 22, 43, 13, 98, 85]","[4800139, 4801136, 4802133, 4803130, 4804127, 4805124, 4806121, 4807118, 4808115, 4809112]",05a1a5be7b97d084b603534e88f2c109387a1fa625e61a01c5c4b9d6ce16d950,9,7,0,0,0,0,0,0,10,660,0,660,0.0,0,0.0,0,,2070544,True,0,0,0,,0,0
48,TargetedFedPhoenix,1,0.125,10,update_norm,all,151,61.599998474121094,9.038666100008413,"[18, 1, 96, 63, 59, 71, 88, 39, 97, 68]","[4900142, 4901139, 4902136, 4903133, 4904130, 4905127, 4906124, 4907121, 4908118, 4909115]",df87dc8b6ca256eeb6caf2ad47e4d97dc42e389fc37c839d80c1ca6c1cda6099,8,3,0,0,0,0,0,0,10,660,0,660,0.0,0,0.0,0,,2112800,True,0,0,0,,0,0
49,TargetedFedPhoenix,1,0.125,10,update_norm,all,151,59.5099983215332,12.981232300022384,"[44, 11, 93, 47, 54, 9, 81, 94, 45, 65]","[5000145, 5001142, 5002139, 5003136, 5004133, 5005130, 5006127, 5007124, 5008121, 5009118]",ce52d807ab6d33c01c589aebe2c61a722b7a11a6e5af6c577df3af9403bfc290,10,7,0,0,0,0,0,0,10,660,0,660,0.0,0,0.0,0,,2112800,True,0,0,0,,0,0
50,TargetedFedPhoenix,1,0.125,10,update_norm,all,151,62.38999938964844,9.133500800002366,"[48, 43, 51, 76, 99, 39, 38, 73, 89, 80]","[5100148, 5101145, 5102142, 5103139, 5104136, 5105133, 5106130, 5107127, 5108124, 5109121]",6db1c3d35808857d3d6d6de97d003bcafd0320e55a87b864dd1acb2dfd274cad,10,6,0,0,0,0,0,0,10,660,0,660,0.0,0,0.0,0,,2112800,True,0,0,0,,0,0
51,TargetedFedPhoenix,1,0.125,10,update_norm,all,151,56.099998474121094,11.31614839998656,"[34, 16, 99, 17, 62, 58, 96, 29, 90, 30]","[5200151, 5201148, 5202145, 5203142, 5204139, 5205136, 5206133, 5207130, 5208127, 5209124]",cb24458f9ca27534e8303ed6963a9da047a136119a1284c54f352540d3d316ab,10,7,0,0,0,0,0,0,10,660,0,660,0.0,0,0.0,0,,2112800,True,0,0,0,,0,0
52,TargetedFedPhoenix,1,0.125,10,update_norm,all,151,66.94999694824219,9.516325000004144,"[8, 59, 78, 95, 25, 35, 99, 86, 54, 64]","[5300154, 5301151, 5302148, 5303145, 5304142, 5305139, 5306136, 5307133, 5308130, 5309127]",25fff03acb1f79802df5a2a4e4292fcac98c6ef766588668a57a66e15364aac5,10,5,0,0,0,0,0,0,10,660,0,660,0.0,0,0.0,0,,2112800,True,0,0,0,,0,0
53,TargetedFedPhoenix,1,0.125,10,update_norm,all,151,60.72999954223633,11.732789300003788,"[87, 42, 55, 74, 37, 10, 26, 23, 57, 62]","[5400157, 5401154, 5402151, 5403148, 5404145, 5405142, 5406139, 5407136, 5408133, 5409130]",d994065182a7844f95f8088a92805c9a658fe0254bf2acf76fb38b59d78f8de4,10,8,0,0,0,0,0,0,10,660,0,660,0.0,0,0.0,0,,2112800,True,0,0,0,,0,0
54,TargetedFedPhoenix,1,0.125,10,update_norm,all,151,51.72999954223633,8.766778499993961,"[84, 2, 76, 48, 68, 40, 92, 8, 42, 46]","[5500160, 5501157, 5502154, 5503151, 5504148, 5505145, 5506142, 5507139, 5508136, 5509133]",3a78976a074ae83fadea238e25921d45a4ff4793b79f3ede7853b98b17bb6553,10,6,0,0,0,0,0,0,10,660,0,660,0.0,0,0.0,0,,2112800,True,0,0,0,,0,0
55,TargetedFedPhoenix,1,0.125,10,update_norm,all,151,67.12000274658203,11.552346499986015,"[91, 70, 16, 58, 10, 35, 31, 86, 62, 54]","[5600163, 5601160, 5602157, 5603154, 5604151, 5605148, 5606145, 5607142, 5608139, 5609136]",a0b905a6c5e703bb5990527f3e5934849fb14c1b05603ec297eed4488febb4b9,10,7,0,0,0,0,0,0,10,660,0,660,0.0,0,0.0,0,,2112800,True,0,0,0,,0,0
56,TargetedFedPhoenix,1,0.125,10,update_norm,all,151,65.16000366210938,11.582324599992717,"[32, 41, 20, 75, 69, 62, 74, 38, 80, 58]","[5700166, 5701163, 5702160, 5703157, 5704154, 5705151, 5706148, 5707145, 5708142, 5709139]",787d1ba923c5a57fafd3fb177737a6449a5c5e075b477af187386cc2d9b54d56,10,6,0,0,0,0,0,0,10,660,0,660,0.0,0,0.0,0,,2112800,True,0,0,0,,0,0
57,TargetedFedPhoenix,1,0.125,10,update_norm,all,151,56.97999954223633,9.492901099991286,"[89, 0, 84, 16, 97, 67, 41, 38, 59, 60]","[5800169, 5801166, 5802163, 5803160, 5804157, 5805154, 5806151, 5807148, 5808145, 5809142]",21a3543c41f6cc31b21789355cd7280fa2e0b4b304a99d8b8d0454f7dea450c7,10,7,0,0,0,0,0,0,10,660,0,660,0.0,0,0.0,0,,2112800,True,0,0,0,,0,0
58,TargetedFedPhoenix,1,0.125,10,update_norm,all,151,53.369998931884766,9.510311999998521,"[59, 21, 34, 35, 95, 41, 9, 12, 47, 42]","[5900172, 5901169, 5902166, 5903163, 5904160, 5905157, 5906154, 5907151, 5908148, 5909145]",c19d33980a3103e29e34c77ff4cd84c64a1ac2bd9d03ef88b2646ee1bd4a097e,10,8,0,0,0,0,0,0,10,660,0,660,0.0,0,0.0,0,,2112800,True,0,0,0,,0,0
59,TargetedFedPhoenix,1,0.125,10,update_norm,all,151,61.20000076293945,11.655294800002594,"[88, 78, 75, 43, 57, 63, 34, 79, 17, 93]","[6000175, 6001172, 6002169, 6003166, 6004163, 6005160, 6006157, 6007154, 6008151, 6009148]",ccf215cffd65a5d95ad1f493229af756bb2a21eb3d45176075d94652aabe17bb,10,7,0,0,0,0,0,0,10,660,0,660,0.0,0,0.0,0,,2112800,True,0,0,0,,0,0
60,TargetedFedPhoenix,1,0.125,10,update_norm,all,151,64.73999786376953,8.71909699999378,"[76, 35, 9, 75, 32, 97, 53, 72, 27, 91]","[6100178, 6101175, 6102172, 6103169, 6104166, 6105163, 6106160, 6107157, 6108154, 6109151]",f215b179699ec9d87dba400a8792aa31ce3d8c47e6bb1be57acdb574a47daade,10,7,0,0,0,0,0,0,10,660,0,660,0.0,0,0.0,0,,2112800,True,0,0,0,,0,0
61,TargetedFedPhoenix,1,0.125,10,update_norm,all,151,66.75,13.595160299999407,"[60, 14, 9, 43, 15, 68, 7, 44, 65, 89]","[6200181, 6201178, 6202175, 6203172, 6204169, 6205166, 6206163, 6207160, 6208157, 6209154]",dc78b5d28be944c1d15b9ff146cc0ae0ef2d99152ff88973816c4d42ad4007b5,10,5,0,0,0,0,0,0,10,660,0,660,0.0,0,0.0,0,,2112800,True,0,0,0,,0,0
62,TargetedFedPhoenix,1,0.125,10,update_norm,all,151,63.790000915527344,11.040178700000979,"[56, 67, 28, 93, 30, 71, 78, 48, 25, 19]","[6300184, 6301181, 6302178, 6303175, 6304172, 6305169, 6306166, 6307163, 6308160, 6309157]",13a2ac6663025ad9fad45c1120f16106d92c4b22cffda9c660dbdec7d4b87023,10,5,0,0,0,0,0,0,10,660,0,660,0.0,0,0.0,0,,2112800,True,0,0,0,,0,0
63,TargetedFedPhoenix,1,0.125,10,update_norm,all,151,64.2300033569336,10.861427299998468,"[61, 18, 63, 89, 0, 99, 42, 76, 81, 9]","[6400187, 6401184, 6402181, 6403178, 6404175, 6405172, 6406169, 6407166, 6408163, 6409160]",e51f912427dd2ac4a6d30a20c4fe6367c4939e6add44c04f1d0cc7141e6d7f4d,10,6,0,0,0,0,0,0,10,660,0,660,0.0,0,0.0,0,,2112800,True,0,0,0,,0,0
64,TargetedFedPhoenix,1,0.125,10,update_norm,all,151,64.52999877929688,12.023529199999757,"[14, 22, 8, 93, 29, 90, 73, 28, 57, 58]","[6500190, 6501187, 6502184, 6503181, 6504178, 6505175, 6506172, 6507169, 6508166, 6509163]",66c6aacb64270ed7d20d6f7b1d21ce8059eb9f647d87fc0e8a5ae5f8d9db68d5,10,6,0,0,0,0,0,0,10,660,0,660,0.0,0,0.0,0,,2112800,True,0,0,0,,0,0
65,TargetedFedPhoenix,1,0.125,10,update_norm,all,151,65.80999755859375,12.022425200004363,"[16, 90, 78, 23, 55, 61, 31, 0, 11, 82]","[6600193, 6601190, 6602187, 6603184, 6604181, 6605178, 6606175, 6607172, 6608169, 6609166]",2a57c8f85c3a108bb053d0460babb7343b3dbecda9f5db8377d74c33e2ce7c20,10,6,0,0,0,0,0,0,10,660,0,660,0.0,0,0.0,0,,2112800,True,0,0,0,,0,0
66,TargetedFedPhoenix,1,0.125,10,update_norm,all,151,64.66999816894531,13.205898999993224,"[28, 65, 16, 72, 11, 36, 19, 51, 81, 53]","[6700196, 6701193, 6702190, 6703187, 6704184, 6705181, 6706178, 6707175, 6708172, 6709169]",adecc6a10af6dd5e9c4abae3e82f074e05c451378de3c3a495936c578fde1d9b,10,8,0,0,0,0,0,0,10,660,0,660,0.0,0,0.0,0,,2112800,True,0,0,0,,0,0
67,TargetedFedPhoenix,1,0.125,10,update_norm,all,151,63.15999984741211,10.561587899981532,"[53, 63, 96, 28, 78, 90, 58, 73, 34, 4]","[6800199, 6801196, 6802193, 6803190, 6804187, 6805184, 6806181, 6807178, 6808175, 6809172]",ef3d0631d24afb47917ad4df27ee99c6013847f8981941a6ca54a92ad3412c50,10,8,0,0,0,0,0,0,10,660,0,660,0.0,0,0.0,0,,2112800,True,0,0,0,,0,0
68,TargetedFedPhoenix,1,0.125,10,update_norm,all,151,57.5,10.655334200011566,"[38, 57, 22, 41, 70, 39, 10, 5, 17, 32]","[6900202, 6901199, 6902196, 6903193, 6904190, 6905187, 6906184, 6907181, 6908178, 6909175]",cb796a2a7f7fea1a356e5bcc5645f8b46b7d91a2d415276a401781f67c5278a2,10,5,0,0,0,0,0,0,10,660,0,660,0.0,0,0.0,0,,2112800,True,0,0,0,,0,0
69,TargetedFedPhoenix,1,0.125,10,update_norm,all,151,69.98999786376953,9.70540050001,"[60, 67, 48, 59, 46, 94, 22, 29, 53, 97]","[7000205, 7001202, 7002199, 7003196, 7004193, 7005190, 7006187, 7007184, 7008181, 7009178]",63ed900d4e9e8fc8bd0ffe135411e56cd5a4f283ee85c8c376d52d8b4f84ca80,10,7,0,0,0,0,0,0,10,660,0,660,0.0,0,0.0,0,,2112800,True,0,0,0,,0,0
70,TargetedFedPhoenix,1,0.125,10,update_norm,all,151,59.650001525878906,9.51184199997806,"[61, 33, 76, 48, 37, 54, 38, 13, 8, 39]","[7100208, 7101205, 7102202, 7103199, 7104196, 7105193, 7106190, 7107187, 7108184, 7109181]",576a8b9838a5dd27e5bb25a94422efeb61e9ab9ac029299e386575b975aac0db,10,6,0,0,0,0,0,0,10,660,0,660,0.0,0,0.0,0,,2112800,True,0,0,0,,0,0
71,TargetedFedPhoenix,1,0.125,10,update_norm,all,151,58.91999816894531,10.052355699997861,"[31, 88, 91, 25, 50, 95, 67, 45, 80, 70]","[7200211, 7201208, 7202205, 7203202, 7204199, 7205196, 7206193, 7207190, 7208187, 7209184]",f44e98e0788f3b137df534f80b1caf1816aa508a4596bcab6ce58f586b434ff7,10,4,0,0,0,0,0,0,10,660,0,660,0.0,0,0.0,0,,2112800,True,0,0,0,,0,0
72,TargetedFedPhoenix,1,0.125,10,update_norm,all,151,62.560001373291016,11.735543499991763,"[3, 23, 17, 94, 61, 43, 63, 91, 37, 84]","[7300214, 7301211, 7302208, 7303205, 7304202, 7305199, 7306196, 7307193, 7308190, 7309187]",165e1e4a46f2a580d1641607139bfec1e1d9530ebfc35ea8b120fab4285ff199,10,7,0,0,0,0,0,0,10,660,0,660,0.0,0,0.0,0,,2112800,True,0,0,0,,0,0
73,TargetedFedPhoenix,1,0.125,10,update_norm,all,151,69.18000030517578,11.559254499996314,"[11, 73, 78, 47, 45, 83, 36, 75, 91, 57]","[7400217, 7401214, 7402211, 7403208, 7404205, 7405202, 7406199, 7407196, 7408193, 7409190]",7af97bc77cc974aead1cfa5f51142637cd4ab890f500e7e2cd74209b9684a3e6,10,7,0,0,0,0,0,0,10,660,0,660,0.0,0,0.0,0,,2112800,True,0,0,0,,0,0
74,TargetedFedPhoenix,1,0.125,10,update_norm,all,151,67.22000122070312,11.073774599994067,"[46, 54, 66, 62, 96, 49, 24, 75, 60, 52]","[7500220, 7501217, 7502214, 7503211, 7504208, 7505205, 7506202, 7507199, 7508196, 7509193]",e0575019daab44ec1d9670bf0e18a96c7ad349cf2569b45c81b636b533352e3f,10,5,0,0,0,0,0,0,10,660,0,660,0.0,0,0.0,0,,2112800,True,0,0,0,,0,0
75,TargetedFedPhoenix,1,0.125,10,update_norm,all,151,71.70999908447266,11.468719900003634,"[75, 51, 39, 89, 14, 54, 41, 30, 24, 80]","[7600223, 7601220, 7602217, 7603214, 7604211, 7605208, 7606205, 7607202, 7608199, 7609196]",c87be577c0363f804ffeb8a8f0d46dd7375d084de02b6557c8f555c3063b2feb,10,7,0,0,0,0,0,0,10,660,0,660,0.0,0,0.0,0,,2112800,True,0,0,0,,0,0
76,TargetedFedPhoenix,1,0.125,10,update_norm,all,151,66.94999694824219,10.42022959998576,"[67, 90, 45, 78, 32, 86, 50, 55, 33, 60]","[7700226, 7701223, 7702220, 7703217, 7704214, 7705211, 7706208, 7707205, 7708202, 7709199]",a5363c71a46a46c51d1502e7df1ea4744ac57966c2b145033c3bce1bc42cea8b,10,8,0,0,0,0,0,0,10,660,0,660,0.0,0,0.0,0,,2112800,True,0,0,0,,0,0
77,TargetedFedPhoenix,1,0.125,10,update_norm,all,151,65.30000305175781,8.906120700004976,"[4, 16, 51, 33, 89, 30, 13, 77, 43, 85]","[7800229, 7801226, 7802223, 7803220, 7804217, 7805214, 7806211, 7807208, 7808205, 7809202]",eb23959e96a471d0f91ffe814ac3cf5c40c9208946ce7e6748e4761ea8899cef,10,7,0,0,0,0,0,0,10,660,0,660,0.0,0,0.0,0,,2112800,True,0,0,0,,0,0
78,TargetedFedPhoenix,1,0.125,10,update_norm,all,151,64.62000274658203,11.070991899992805,"[97, 76, 96, 72, 42, 17, 33, 51, 24, 36]","[7900232, 7901229, 7902226, 7903223, 7904220, 7905217, 7906214, 7907211, 7908208, 7909205]",bc5357ade264b6d5db5a223a06bfe0d7d3e4ce334811737fbcdd6d3bac0e78f9,10,8,0,0,0,0,0,0,10,650,0,650,0.0,0,0.0,0,,2112800,True,0,0,0,,0,0
79,TargetedFedPhoenix,1,0.125,10,update_norm,all,151,69.20999908447266,9.430311300005997,"[22, 47, 61, 27, 50, 96, 89, 97, 85, 30]","[8000235, 8001232, 8002229, 8003226, 8004223, 8005220, 8006217, 8007214, 8008211, 8009208]",d0e94c1722b598387df0df72b1f33681eefa96741e6ea7d60c60365290307f9c,10,9,0,0,0,0,0,0,10,650,0,650,0.0,0,0.0,0,,2112800,True,0,0,0,,0,0
80,TargetedFedPhoenix,1,0.125,10,update_norm,all,151,66.68000030517578,9.886938300012844,"[44, 70, 23, 38, 74, 21, 82, 4, 88, 98]","[8100238, 8101235, 8102232, 8103229, 8104226, 8105223, 8106220, 8107217, 8108214, 8109211]",35c314ac5e974251308e2cfd5d95499ac0b0838cbb18032c277ea24647552805,10,5,0,0,0,0,0,0,10,650,0,650,0.0,0,0.0,0,,2112800,True,0,0,0,,0,0
81,TargetedFedPhoenix,1,0.125,10,update_norm,all,151,65.19999694824219,11.581862399994861,"[90, 72, 65, 50, 85, 56, 4, 80, 31, 17]","[8200241, 8201238, 8202235, 8203232, 8204229, 8205226, 8206223, 8207220, 8208217, 8209214]",bbd7972869dcad3276593e7c362eee7380458c383ac7863954319e4d6245e4d2,10,8,0,0,0,0,0,0,10,650,0,650,0.0,0,0.0,0,,2112800,True,0,0,0,,0,0
82,TargetedFedPhoenix,1,0.125,10,update_norm,all,151,66.30999755859375,9.14457560001756,"[61, 40, 41, 34, 97, 51, 50, 13, 22, 8]","[8300244, 8301241, 8302238, 8303235, 8304232, 8305229, 8306226, 8307223, 8308220, 8309217]",61f7a7d2f587fc064be503bf94108fe390aa68aaf2d2eed40caca6c5c02a67c5,10,7,0,0,0,0,0,0,10,650,0,650,0.0,0,0.0,0,,2112800,True,0,0,0,,0,0
83,TargetedFedPhoenix,1,0.125,10,update_norm,all,151,69.41000366210938,9.616702500003157,"[87, 54, 63, 83, 96, 26, 0, 59, 69, 14]","[8400247, 8401244, 8402241, 8403238, 8404235, 8405232, 8406229, 8407226, 8408223, 8409220]",f8117c38bdd482e63e5319cdc488b6d430bd6942871c7c22bdda213b0b86d118,10,4,0,0,0,0,0,0,10,650,0,650,0.0,0,0.0,0,,2112800,True,0,0,0,,0,0
84,TargetedFedPhoenix,1,0.125,10,update_norm,all,151,65.27999877929688,10.18449879999389,"[58, 47, 83, 36, 8, 2, 56, 49, 10, 38]","[8500250, 8501247, 8502244, 8503241, 8504238, 8505235, 8506232, 8507229, 8508226, 8509223]",7f7193b728e321443d0f1305b643f0b67a22dffb871721dfd9ceb8566d08efd7,10,7,0,0,0,0,0,0,10,650,0,650,0.0,0,0.0,0,,2112800,True,0,0,0,,0,0
85,TargetedFedPhoenix,1,0.125,10,update_norm,all,151,68.44000244140625,10.154696500016144,"[89, 90, 81, 54, 59, 4, 53, 47, 52, 19]","[8600253, 8601250, 8602247, 8603244, 8604241, 8605238, 8606235, 8607232, 8608229, 8609226]",47a683c014fb0152ad1ad8df1726f8bd39f90a91e86d5c26e830039702d6c06d,10,6,0,0,0,0,0,0,10,650,0,650,0.0,0,0.0,0,,2112800,True,0,0,0,,0,0
86,TargetedFedPhoenix,1,0.125,10,update_norm,all,151,67.23999786376953,10.752683300001081,"[24, 13, 81, 73, 19, 55, 40, 76, 57, 96]","[8700256, 8701253, 8702250, 8703247, 8704244, 8705241, 8706238, 8707235, 8708232, 8709229]",bd6de4e723548e0972a09b3b436a42e81107bfe97dcf7f73d8e0357abc33af2c,10,8,0,0,0,0,0,0,10,650,0,650,0.0,0,0.0,0,,2112800,True,0,0,0,,0,0
87,TargetedFedPhoenix,1,0.125,10,update_norm,all,151,70.0999984741211,10.220588399999542,"[31, 75, 94, 20, 87, 26, 29, 70, 2, 50]","[8800259, 8801256, 8802253, 8803250, 8804247, 8805244, 8806241, 8807238, 8808235, 8809232]",56b6b5114d7fc2da78cb3b0af197e6cca60c1e199cd4c5d49bf3082b5676c5e2,10,6,0,0,0,0,0,0,10,650,0,650,0.0,0,0.0,0,,2112800,True,0,0,0,,0,0
88,TargetedFedPhoenix,1,0.125,10,update_norm,all,151,69.8499984741211,10.139375400001882,"[0, 9, 46, 37, 72, 83, 73, 16, 55, 27]","[8900262, 8901259, 8902256, 8903253, 8904250, 8905247, 8906244, 8907241, 8908238, 8909235]",686c726258daf8f6c67b271b88263a2ee08dca8b996f3e870624fa707d3714a1,10,6,0,0,0,0,0,0,10,650,0,650,0.0,0,0.0,0,,2112800,True,0,0,0,,0,0
89,TargetedFedPhoenix,1,0.125,10,update_norm,all,151,70.08000183105469,11.336405899986858,"[80, 29, 9, 50, 26, 81, 48, 82, 37, 15]","[9000265, 9001262, 9002259, 9003256, 9004253, 9005250, 9006247, 9007244, 9008241, 9009238]",c48494e06fa514724ec5a055e2930e45b2f6df7e2d44887a40771be04f49eda4,10,8,0,0,0,0,0,0,10,650,0,650,0.0,0,0.0,0,,2112800,True,0,0,0,,0,0
90,TargetedFedPhoenix,1,0.125,10,update_norm,all,151,68.87000274658203,9.712492499995278,"[82, 6, 87, 74, 29, 50, 62, 67, 12, 83]","[9100268, 9101265, 9102262, 9103259, 9104256, 9105253, 9106250, 9107247, 9108244, 9109241]",3ea794c2b63d35ad838376c935d14d7afd557010c23ca2198f579c1f076442c4,10,6,0,0,0,0,0,0,10,650,0,650,0.0,0,0.0,0,,2112800,True,0,0,0,,0,0
91,TargetedFedPhoenix,1,0.125,10,update_norm,all,151,64.2300033569336,10.87999819999095,"[36, 75, 89, 43, 12, 21, 95, 72, 24, 63]","[9200271, 9201268, 9202265, 9203262, 9204259, 9205256, 9206253, 9207250, 9208247, 9209244]",b981df2e6a20fc51fd82fa3ea43d4b3699230b29292b441a8bb176e4ef9ec335,10,7,0,0,0,0,0,0,10,650,0,650,0.0,0,0.0,0,,2112800,True,0,0,0,,0,0
92,TargetedFedPhoenix,1,0.125,10,update_norm,all,151,66.58999633789062,11.535304299992276,"[34, 15, 31, 94, 46, 70, 19, 80, 6, 88]","[9300274, 9301271, 9302268, 9303265, 9304262, 9305259, 9306256, 9307253, 9308250, 9309247]",741bb096d2b71f007b4137c2fb3f2c5e257a1d71c061a5a313012b7d4555415f,10,9,0,0,0,0,0,0,10,650,0,650,0.0,0,0.0,0,,2112800,True,0,0,0,,0,0
93,TargetedFedPhoenix,1,0.125,10,update_norm,all,151,67.05000305175781,10.349285000003874,"[70, 92, 72, 77, 23, 53, 1, 12, 97, 93]","[9400277, 9401274, 9402271, 9403268, 9404265, 9405262, 9406259, 9407256, 9408253, 9409250]",8eefdc169ff1f82e8898c5f7314c3536c0ee2188069e1b8417d83be26ec5b3a0,10,4,0,0,0,0,0,0,10,650,0,650,0.0,0,0.0,0,,2112800,True,0,0,0,,0,0
94,TargetedFedPhoenix,1,0.125,10,update_norm,all,151,68.36000061035156,11.301571699994383,"[13, 38, 36, 14, 57, 77, 66, 73, 3, 0]","[9500280, 9501277, 9502274, 9503271, 9504268, 9505265, 9506262, 9507259, 9508256, 9509253]",51250d0e67fedd670599f1fad833d11ce7d2f4cecce244fda12af3974318da52,10,7,0,0,0,0,0,0,10,650,0,650,0.0,0,0.0,0,,2112800,True,0,0,0,,0,0
95,TargetedFedPhoenix,1,0.125,10,update_norm,all,151,69.05000305175781,11.403420999995433,"[13, 19, 10, 24, 76, 57, 88, 23, 61, 31]","[9600283, 9601280, 9602277, 9603274, 9604271, 9605268, 9606265, 9607262, 9608259, 9609256]",290bb36369ccad2c917ad0fa77153a563a84ab600751e2734d5ec20b8ac829b9,10,8,0,0,0,0,0,0,10,650,0,650,0.0,0,0.0,0,,2112800,True,0,0,0,,0,0
96,TargetedFedPhoenix,1,0.125,10,update_norm,all,151,67.61000061035156,9.690455799980555,"[18, 45, 94, 24, 56, 67, 10, 14, 13, 9]","[9700286, 9701283, 9702280, 9703277, 9704274, 9705271, 9706268, 9707265, 9708262, 9709259]",9a4942c58ceccb20f2b3dc10c9daf7d17615d534b616c0efccec10059483197f,10,7,0,0,0,0,0,0,10,650,0,650,0.0,0,0.0,0,,2112800,True,0,0,0,,0,0
97,TargetedFedPhoenix,1,0.125,10,update_norm,all,151,66.91000366210938,8.362433000002056,"[13, 48, 73, 93, 70, 1, 43, 77, 76, 88]","[9800289, 9801286, 9802283, 9803280, 9804277, 9805274, 9806271, 9807268, 9808265, 9809262]",77f430f0d22a250cac3be0d62a46874af70af63051e608f92f962140337533e3,10,10,0,0,0,0,0,0,10,650,0,650,0.0,0,0.0,0,,2112800,True,0,0,0,,0,0
98,TargetedFedPhoenix,1,0.125,10,update_norm,all,151,65.58000183105469,10.62962220000918,"[21, 45, 83, 68, 75, 65, 96, 1, 77, 73]","[9900292, 9901289, 9902286, 9903283, 9904280, 9905277, 9906274, 9907271, 9908268, 9909265]",6b4fd6398f811a44c1092246a5a83bc8b93d605e6f2402542c2a646f66544ed9,10,7,0,0,0,0,0,0,10,650,0,650,0.0,0,0.0,0,,2112800,True,0,0,0,,0,0
99,TargetedFedPhoenix,1,0.125,10,update_norm,all,151,62.150001525878906,10.407707699981984,"[81, 84, 60, 18, 45, 47, 94, 83, 76, 22]","[10000295, 10001292, 10002289, 10003286, 10004283, 10005280, 10006277, 10007274, 10008271, 10009268]",415aa444f12d0f3de7a72cc251e2e9a5f9fc6e201f49691d6806a3e789a112a5,10,6,0,0,0,0,0,0,10,650,0,650,0.0,0,0.0,0,,2112800,True,0,0,0,,0,0
100,TargetedFedPhoenix,1,0.125,10,update_norm,all,151,64.0199966430664,13.590344400028698,"[21, 69, 47, 34, 65, 81, 93, 44, 30, 84]","[10100298, 10101295, 10102292, 10103289, 10104286, 10105283, 10106280, 10107277, 10108274, 10109271]",e945a9b19b1928bf5070a4ec16537ff51d0e1a88b1cbff25f5401fd90137c14a,10,7,0,0,0,0,0,0,10,650,0,650,0.0,0,0.0,0,,2112800,True,0,0,0,,0,0
101,TargetedFedPhoenix,1,0.125,10,update_norm,all,151,68.4800033569336,9.858978300006129,"[22, 38, 77, 15, 11, 61, 37, 34, 87, 3]","[10200301, 10201298, 10202295, 10203292, 10204289, 10205286, 10206283, 10207280, 10208277, 10209274]",e119f8a97d66c420e60a61a14e6653c37086b555b7327bd948015183277e9079,10,7,0,0,0,0,0,0,10,650,0,650,0.0,0,0.0,0,,2112800,True,0,0,0,,0,0
102,TargetedFedPhoenix,1,0.125,10,update_norm,all,151,73.33000183105469,9.917356399993878,"[96, 9, 26, 58, 69, 44, 13, 93, 61, 43]","[10300304, 10301301, 10302298, 10303295, 10304292, 10305289, 10306286, 10307283, 10308280, 10309277]",1879e5cd81abb5a918bb7f41651549869abf399f3eb466cdc59a8989a676b2f7,10,8,0,0,0,0,0,0,10,650,0,650,0.0,0,0.0,0,,2112800,True,0,0,0,,0,0
103,TargetedFedPhoenix,1,0.125,10,update_norm,all,151,72.45999908447266,9.380349799990654,"[13, 34, 27, 16, 72, 98, 14, 19, 9, 46]","[10400307, 10401304, 10402301, 10403298, 10404295, 10405292, 10406289, 10407286, 10408283, 10409280]",2c8aac9b9d55ab22c3e52a28a4e55793191b5da9dfa3c80ca2cf940fce0be9e0,10,6,0,0,0,0,0,0,10,650,0,650,0.0,0,0.0,0,,2112800,True,0,0,0,,0,0
104,TargetedFedPhoenix,1,0.125,10,update_norm,all,151,72.48999786376953,12.659164900018368,"[29, 72, 81, 80, 68, 85, 14, 0, 93, 52]","[10500310, 10501307, 10502304, 10503301, 10504298, 10505295, 10506292, 10507289, 10508286, 10509283]",0d55b2ad123d765af6677f5ceeb874458dae7dc366ba9457d90f4af4f647e47a,10,6,0,0,0,0,0,0,10,650,0,650,0.0,0,0.0,0,,2112800,True,0,0,0,,0,0
105,TargetedFedPhoenix,1,0.125,10,update_norm,all,151,70.95999908447266,11.575996700004907,"[17, 69, 35, 86, 83, 84, 23, 56, 89, 60]","[10600313, 10601310, 10602307, 10603304, 10604301, 10605298, 10606295, 10607292, 10608289, 10609286]",47b9f969cff4c40c1fa11285669a79228ddb1c277b279752e0c1da22c7c5bdc0,10,6,0,0,0,0,0,0,10,650,0,650,0.0,0,0.0,0,,2112800,True,0,0,0,,0,0
106,TargetedFedPhoenix,1,0.125,10,update_norm,all,151,69.55000305175781,11.167436499992618,"[94, 79, 36, 8, 19, 16, 13, 30, 25, 3]","[10700316, 10701313, 10702310, 10703307, 10704304, 10705301, 10706298, 10707295, 10708292, 10709289]",a6d9b48ca053a4bd5fc0cfcecd10b046058db9490ef758250eb7c7871bcb081b,10,6,0,0,0,0,0,0,10,650,0,650,0.0,0,0.0,0,,2112800,True,0,0,0,,0,0
107,TargetedFedPhoenix,1,0.125,10,update_norm,all,151,45.15999984741211,10.864150699984748,"[45, 82, 32, 52, 17, 96, 6, 57, 67, 74]","[10800319, 10801316, 10802313, 10803310, 10804307, 10805304, 10806301, 10807298, 10808295, 10809292]",bdd37bc0034b4f0f6431382d27baa4269c42705574ebe94f42e8b465cfcbba1f,10,4,0,0,0,0,0,0,10,650,0,650,0.0,0,0.0,0,,2112800,True,0,0,0,,0,0
108,TargetedFedPhoenix,1,0.125,10,update_norm,all,151,69.4800033569336,9.094677999994019,"[61, 20, 59, 99, 39, 42, 73, 53, 45, 8]","[10900322, 10901319, 10902316, 10903313, 10904310, 10905307, 10906304, 10907301, 10908298, 10909295]",6e3650b959afe52fe96106ca62ac98cb83295e087ae0c208a250b427bb82cf46,10,4,0,0,0,0,0,0,10,650,0,650,0.0,0,0.0,0,,2112800,True,0,0,0,,0,0
109,TargetedFedPhoenix,1,0.125,10,update_norm,all,151,72.97000122070312,10.37747269999818,"[60, 38, 5, 54, 66, 33, 80, 83, 9, 4]","[11000325, 11001322, 11002319, 11003316, 11004313, 11005310, 11006307, 11007304, 11008301, 11009298]",ff7fac178a34b8b9000b098d0ba1c8c9779d42cbde10e8f00456e325e3614eb7,10,5,0,0,0,0,0,0,10,650,0,650,0.0,0,0.0,0,,2112800,True,0,0,0,,0,0
110,TargetedFedPhoenix,1,0.125,10,update_norm,all,151,71.6500015258789,9.904105800000252,"[39, 44, 62, 4, 42, 25, 0, 45, 29, 93]","[11100328, 11101325, 11102322, 11103319, 11104316, 11105313, 11106310, 11107307, 11108304, 11109301]",472f54122aaab4a4113b7d0240fa35698325637e5266641eb303fe4cbcbe506e,10,9,0,0,0,0,0,0,10,650,0,650,0.0,0,0.0,0,,2112800,True,0,0,0,,0,0
111,TargetedFedPhoenix,1,0.125,10,update_norm,all,151,72.83000183105469,8.989427200023783,"[96, 54, 19, 97, 92, 31, 81, 2, 24, 9]","[11200331, 11201328, 11202325, 11203322, 11204319, 11205316, 11206313, 11207310, 11208307, 11209304]",67c917f818746cc1730c662fa81706b6776e3b1cb0c298fa0663ff82ba2b2ad1,10,5,0,0,0,0,0,0,10,650,0,650,0.0,0,0.0,0,,2112800,True,0,0,0,,0,0
112,TargetedFedPhoenix,1,0.125,10,update_norm,all,151,72.61000061035156,11.707684900000459,"[9, 19, 7, 49, 45, 35, 80, 85, 40, 89]","[11300334, 11301331, 11302328, 11303325, 11304322, 11305319, 11306316, 11307313, 11308310, 11309307]",6adc5888cbe7f731cdf362787848fff5b2115b2a9d40a8d1ab47dfb706867e00,10,7,0,0,0,0,0,0,10,650,0,650,0.0,0,0.0,0,,2112800,True,0,0,0,,0,0
113,TargetedFedPhoenix,1,0.125,10,update_norm,all,151,67.66000366210938,9.659267200011527,"[73, 66, 18, 74, 33, 2, 87, 29, 98, 91]","[11400337, 11401334, 11402331, 11403328, 11404325, 11405322, 11406319, 11407316, 11408313, 11409310]",3734034ea9c81a318e27bba8cc3caa48bdbc12ca93acac5d3d29ba735da49fe0,10,7,0,0,0,0,0,0,10,650,0,650,0.0,0,0.0,0,,2112800,True,0,0,0,,0,0
114,TargetedFedPhoenix,1,0.125,10,update_norm,all,151,67.5,10.527637499995762,"[40, 31, 27, 50, 71, 81, 99, 97, 73, 49]","[11500340, 11501337, 11502334, 11503331, 11504328, 11505325, 11506322, 11507319, 11508316, 11509313]",a668801565d41ff8ae02fca31ce47b65c07167f0b7ea5db3c1340e6a26bc6181,10,7,0,0,0,0,0,0,10,650,0,650,0.0,0,0.0,0,,2112800,True,0,0,0,,0,0
115,TargetedFedPhoenix,1,0.125,10,update_norm,all,151,64.06999969482422,7.611005400016438,"[61, 64, 42, 88, 27, 95, 92, 50, 45, 85]","[11600343, 11601340, 11602337, 11603334, 11604331, 11605328, 11606325, 11607322, 11608319, 11609316]",28d3a720c1613781b2b9c6d65a47334a094a67f2271a70d5dff1f7870b1034b9,10,7,0,0,0,0,0,0,10,650,0,650,0.0,0,0.0,0,,2112800,True,0,0,0,,0,0
116,TargetedFedPhoenix,1,0.125,10,update_norm,all,151,69.8499984741211,8.496567499998491,"[27, 8, 49, 32, 15, 35, 70, 59, 31, 30]","[11700346, 11701343, 11702340, 11703337, 11704334, 11705331, 11706328, 11707325, 11708322, 11709319]",bd6c1af009f80bc6bbf8412a65f9dde53e4f1268a1f5255a3cd51a85206c9153,10,8,0,0,0,0,0,0,10,650,0,650,0.0,0,0.0,0,,2112800,True,0,0,0,,0,0
117,TargetedFedPhoenix,1,0.125,10,update_norm,all,151,66.8499984741211,9.165872000012314,"[69, 35, 52, 51, 26, 15, 76, 48, 98, 12]","[11800349, 11801346, 11802343, 11803340, 11804337, 11805334, 11806331, 11807328, 11808325, 11809322]",f0d652e8d0f45847dd85cf788996e8d6e6b8bd912aba3222d3c62628816f7cc0,10,4,0,0,0,0,0,0,10,650,0,650,0.0,0,0.0,0,,2112800,True,0,0,0,,0,0
118,TargetedFedPhoenix,1,0.125,10,update_norm,all,151,71.13999938964844,12.368885500007309,"[46, 57, 0, 86, 26, 80, 73, 20, 63, 98]","[11900352, 11901349, 11902346, 11903343, 11904340, 11905337, 11906334, 11907331, 11908328, 11909325]",d0be59ea1ef848bcb3566a5c4f108f81c9a18947bfcd906b5ffa6a046cf16f7e,10,6,0,0,0,0,0,0,10,650,0,650,0.0,0,0.0,0,,2112800,True,0,0,0,,0,0
119,TargetedFedPhoenix,1,0.125,10,update_norm,all,151,71.2300033569336,9.589966399973491,"[81, 6, 64, 84, 20, 2, 8, 4, 66, 92]","[12000355, 12001352, 12002349, 12003346, 12004343, 12005340, 12006337, 12007334, 12008331, 12009328]",030b8756a60260fccce9c983779a9402c6ee0fa55d0f249dd74df50ac0515aac,10,8,0,0,0,0,0,0,10,650,0,650,0.0,0,0.0,0,,2112800,True,0,0,0,,0,0
120,TargetedFedPhoenix,1,0.125,10,update_norm,all,151,66.44999694824219,9.776161800022237,"[61, 34, 64, 11, 96, 18, 82, 52, 72, 92]","[12100358, 12101355, 12102352, 12103349, 12104346, 12105343, 12106340, 12107337, 12108334, 12109331]",d2e89223a194d4b5c904fb0f44aa58e0eefa5ea1e3deeb58278fd1b98d583ee6,10,6,0,0,0,0,0,0,10,650,0,650,0.0,0,0.0,0,,2112800,True,0,0,0,,0,0
121,TargetedFedPhoenix,1,0.125,10,update_norm,all,151,72.16999816894531,12.086630799982231,"[93, 68, 94, 13, 36, 11, 5, 1, 40, 7]","[12200361, 12201358, 12202355, 12203352, 12204349, 12205346, 12206343, 12207340, 12208337, 12209334]",9c9b044e29bf39ef1a076f96012349b02c19c8fb9152f7a24b220c6dbd4ffee0,10,3,0,0,0,0,0,0,10,650,0,650,0.0,0,0.0,0,,2112800,True,0,0,0,,0,0
122,TargetedFedPhoenix,1,0.125,10,update_norm,all,151,68.86000061035156,9.739182499994058,"[73, 64, 37, 69, 31, 48, 77, 41, 53, 75]","[12300364, 12301361, 12302358, 12303355, 12304352, 12305349, 12306346, 12307343, 12308340, 12309337]",e495a2b23ec229b0ba15e602018225131667b5c0523d07464e71659e8ca8862d,10,5,0,0,0,0,0,0,10,650,0,650,0.0,0,0.0,0,,2112800,True,0,0,0,,0,0
123,TargetedFedPhoenix,1,0.125,10,update_norm,all,151,70.01000213623047,9.146411900001112,"[46, 43, 84, 11, 66, 92, 16, 19, 96, 37]","[12400367, 12401364, 12402361, 12403358, 12404355, 12405352, 12406349, 12407346, 12408343, 12409340]",11b75de230c1e05574c8e326d33ba53282009a5d980c565b712abb8b0a8d2faf,10,7,0,0,0,0,0,0,10,650,0,650,0.0,0,0.0,0,,2112800,True,0,0,0,,0,0
124,TargetedFedPhoenix,1,0.125,10,update_norm,all,151,65.7300033569336,8.5663676999975,"[43, 96, 9, 0, 74, 19, 1, 23, 38, 66]","[12500370, 12501367, 12502364, 12503361, 12504358, 12505355, 12506352, 12507349, 12508346, 12509343]",23f96926ee7d073b36c610a4892857928a721ce552329175abbe2e6d959531e7,10,6,0,0,0,0,0,0,10,650,0,650,0.0,0,0.0,0,,2112800,True,0,0,0,,0,0
125,TargetedFedPhoenix,1,0.125,10,update_norm,all,151,66.08000183105469,10.307025199988857,"[27, 62, 32, 10, 22, 72, 64, 25, 86, 60]","[12600373, 12601370, 12602367, 12603364, 12604361, 12605358, 12606355, 12607352, 12608349, 12609346]",056dd0e31b6f9d91298c2af0dd6f2121061dd7653070aa15da2ead95974e37c7,10,5,0,0,0,0,0,0,10,650,0,650,0.0,0,0.0,0,,2112800,True,0,0,0,,0,0
126,TargetedFedPhoenix,1,0.125,10,update_norm,all,151,61.970001220703125,10.682897999999113,"[84, 7, 64, 76, 15, 46, 27, 47, 40, 69]","[12700376, 12701373, 12702370, 12703367, 12704364, 12705361, 12706358, 12707355, 12708352, 12709349]",33f202e709ad174291e6c34b7a50d90968203cd02caf61cc4b4ea58061f63360,10,9,0,0,0,0,0,0,10,650,0,650,0.0,0,0.0,0,,2112800,True,0,0,0,,0,0
127,TargetedFedPhoenix,1,0.125,10,update_norm,all,151,71.27999877929688,11.771446099999594,"[75, 97, 79, 87, 11, 7, 37, 92, 41, 12]","[12800379, 12801376, 12802373, 12803370, 12804367, 12805364, 12806361, 12807358, 12808355, 12809352]",81077ad2323f6288c11eebe18a597c795b2578daf44e8c00c258f3d147e9dc26,10,7,0,0,0,0,0,0,10,650,0,650,0.0,0,0.0,0,,2112800,True,0,0,0,,0,0
128,TargetedFedPhoenix,1,0.125,10,update_norm,all,151,67.5199966430664,10.41896410001209,"[78, 4, 17, 21, 76, 74, 19, 61, 45, 86]","[12900382, 12901379, 12902376, 12903373, 12904370, 12905367, 12906364, 12907361, 12908358, 12909355]",36d55ee184641aa2759039176ce4190d7306c00224368ddcfc498000aaf27d5f,10,6,0,0,0,0,0,0,10,650,0,650,0.0,0,0.0,0,,2112800,True,0,0,0,,0,0
129,TargetedFedPhoenix,1,0.125,10,update_norm,all,151,74.44999694824219,13.186851299979025,"[23, 41, 75, 36, 26, 49, 95, 16, 93, 72]","[13000385, 13001382, 13002379, 13003376, 13004373, 13005370, 13006367, 13007364, 13008361, 13009358]",abf660f686cf97c51dcda261b057ededdddafccfee085fdb4e07138cd9bb63c4,10,7,0,0,0,0,0,0,10,650,0,650,0.0,0,0.0,0,,2112800,True,0,0,0,,0,0
130,TargetedFedPhoenix,1,0.125,10,update_norm,all,151,65.5199966430664,11.988756899983855,"[59, 53, 65, 8, 68, 35, 13, 55, 23, 97]","[13100388, 13101385, 13102382, 13103379, 13104376, 13105373, 13106370, 13107367, 13108364, 13109361]",397223dda0b3044cc2e570d102e757970c1536dd75514321dcd8ffb129195092,10,5,0,0,0,0,0,0,10,650,0,650,0.0,0,0.0,0,,2112800,True,0,0,0,,0,0
131,TargetedFedPhoenix,1,0.125,10,update_norm,all,151,66.22000122070312,8.708961600001203,"[74, 98, 22, 45, 97, 87, 92, 71, 47, 79]","[13200391, 13201388, 13202385, 13203382, 13204379, 13205376, 13206373, 13207370, 13208367, 13209364]",8455330c2aa86be89eb515842688e7b358ef9f8c550a4c22171fcb0591285c0e,10,8,0,0,0,0,0,0,10,650,0,650,0.0,0,0.0,0,,2112800,True,0,0,0,,0,0
132,TargetedFedPhoenix,1,0.125,10,update_norm,all,151,74.7699966430664,10.598187600000529,"[35, 70, 59, 49, 36, 91, 82, 50, 26, 72]","[13300394, 13301391, 13302388, 13303385, 13304382, 13305379, 13306376, 13307373, 13308370, 13309367]",044db21f4fac3e7215dd387aa55cfbb8e93759e578cefddb824d36b6b7938f28,10,6,0,0,0,0,0,0,10,650,0,650,0.0,0,0.0,0,,2112800,True,0,0,0,,0,0
133,TargetedFedPhoenix,1,0.125,10,update_norm,all,151,66.5999984741211,10.048488800006453,"[22, 83, 75, 29, 66, 48, 12, 10, 86, 1]","[13400397, 13401394, 13402391, 13403388, 13404385, 13405382, 13406379, 13407376, 13408373, 13409370]",37995d000af5b45de88aa3d486bae311926e86ca35816ca57683b12b1323fca3,10,7,0,0,0,0,0,0,10,650,0,650,0.0,0,0.0,0,,2112800,True,0,0,0,,0,0
134,TargetedFedPhoenix,1,0.125,10,update_norm,all,151,72.9000015258789,14.313284600008046,"[76, 33, 40, 59, 65, 63, 73, 36, 99, 82]","[13500400, 13501397, 13502394, 13503391, 13504388, 13505385, 13506382, 13507379, 13508376, 13509373]",b3f33e344d41803755f028513b147058ac2604b05618edce9851436f37b8e1c3,10,6,0,0,0,0,0,0,10,650,0,650,0.0,0,0.0,0,,2112800,True,0,0,0,,0,0
135,TargetedFedPhoenix,1,0.125,10,update_norm,all,151,66.58000183105469,9.834578699985286,"[85, 88, 54, 40, 70, 67, 86, 38, 58, 42]","[13600403, 13601400, 13602397, 13603394, 13604391, 13605388, 13606385, 13607382, 13608379, 13609376]",b7e86ea81a100681f4eec065d72e1e5bab60d2e5d4d4142bacfe529da9b3278b,10,3,0,0,0,0,0,0,10,650,0,650,0.0,0,0.0,0,,2112800,True,0,0,0,,0,0
136,TargetedFedPhoenix,1,0.125,10,update_norm,all,151,68.69999694824219,9.546331199991982,"[89, 56, 12, 90, 94, 86, 19, 78, 92, 59]","[13700406, 13701403, 13702400, 13703397, 13704394, 13705391, 13706388, 13707385, 13708382, 13709379]",9f14cf35defac32cea6393259885a99dee8df8ff2ff0f828e7953b8b479ba9aa,10,6,0,0,0,0,0,0,10,650,0,650,0.0,0,0.0,0,,2112800,True,0,0,0,,0,0
137,TargetedFedPhoenix,1,0.125,10,update_norm,all,151,71.13999938964844,13.019171399995685,"[7, 94, 69, 44, 50, 26, 75, 24, 33, 18]","[13800409, 13801406, 13802403, 13803400, 13804397, 13805394, 13806391, 13807388, 13808385, 13809382]",f13ace1651a1e553031224f67963b4b6c144de71477e0d6369f22b4e506d86fd,10,6,0,0,0,0,0,0,10,650,0,650,0.0,0,0.0,0,,2112800,True,0,0,0,,0,0
138,TargetedFedPhoenix,1,0.125,10,update_norm,all,151,74.33999633789062,10.569860799994785,"[89, 75, 84, 93, 35, 71, 19, 63, 59, 94]","[13900412, 13901409, 13902406, 13903403, 13904400, 13905397, 13906394, 13907391, 13908388, 13909385]",1b8cf9dc00928832095817069d26145dde433f2411e3b9ab2dda0204cdab8a97,10,9,0,0,0,0,0,0,10,650,0,650,0.0,0,0.0,0,,2112800,True,0,0,0,,0,0
139,TargetedFedPhoenix,1,0.125,10,update_norm,all,151,72.20999908447266,9.448133400001097,"[54, 66, 17, 43, 53, 40, 76, 1, 4, 81]","[14000415, 14001412, 14002409, 14003406, 14004403, 14005400, 14006397, 14007394, 14008391, 14009388]",07bef5ce854c83d4384d3c6aca0068890609f04b58f3dfef83087bc090d75544,10,6,0,0,0,0,0,0,10,650,0,650,0.0,0,0.0,0,,2112800,True,0,0,0,,0,0
140,TargetedFedPhoenix,1,0.125,10,update_norm,all,151,73.44000244140625,11.083636399998795,"[52, 51, 97, 7, 41, 61, 29, 88, 49, 26]","[14100418, 14101415, 14102412, 14103409, 14104406, 14105403, 14106400, 14107397, 14108394, 14109391]",4664b0536e2cd988436e5b785d9de22bcf8247f9e8a6339f6d3ea7c6d1735c10,10,6,0,0,0,0,0,0,10,650,0,650,0.0,0,0.0,0,,2112800,True,0,0,0,,0,0
141,TargetedFedPhoenix,1,0.125,10,update_norm,all,151,75.58999633789062,10.593028900009813,"[21, 47, 20, 59, 85, 2, 99, 70, 54, 50]","[14200421, 14201418, 14202415, 14203412, 14204409, 14205406, 14206403, 14207400, 14208397, 14209394]",5b3b12a6a9ddb8cd009187391cc3c719a00f79d32a55b49dbc4978d11b894d99,10,7,0,0,0,0,0,0,10,650,0,650,0.0,0,0.0,0,,2112800,True,0,0,0,,0,0
142,TargetedFedPhoenix,1,0.125,10,update_norm,all,151,67.88999938964844,14.100377700000536,"[65, 98, 79, 6, 58, 92, 19, 37, 33, 75]","[14300424, 14301421, 14302418, 14303415, 14304412, 14305409, 14306406, 14307403, 14308400, 14309397]",37eb510d7e82b0e4f5ca6a61e8892a6b8b5b1ac1cc905d330c933abb78c89152,10,6,0,0,0,0,0,0,10,650,0,650,0.0,0,0.0,0,,2112800,True,0,0,0,,0,0
143,TargetedFedPhoenix,1,0.125,10,update_norm,all,151,64.80999755859375,9.94951089998358,"[44, 84, 56, 0, 69, 15, 66, 78, 42, 95]","[14400427, 14401424, 14402421, 14403418, 14404415, 14405412, 14406409, 14407406, 14408403, 14409400]",178bd0446a55cdd76bdd17b29fa299de72b5b61c61453b2f775c36fd8d8144c6,10,7,0,0,0,0,0,0,10,650,0,650,0.0,0,0.0,0,,2112800,True,0,0,0,,0,0
144,TargetedFedPhoenix,1,0.125,10,update_norm,all,151,74.97000122070312,12.60779419998289,"[36, 20, 53, 26, 80, 67, 25, 37, 39, 10]","[14500430, 14501427, 14502424, 14503421, 14504418, 14505415, 14506412, 14507409, 14508406, 14509403]",6af994f7bb1b4884a51f1475f4bbc3f1440e3ecd90975dbc21b34f2544e3e8bd,10,6,0,0,0,0,0,0,10,650,0,650,0.0,0,0.0,0,,2112800,True,0,0,0,,0,0
145,TargetedFedPhoenix,1,0.125,10,update_norm,all,151,68.2699966430664,12.1907213999948,"[54, 62, 65, 69, 82, 46, 64, 70, 59, 11]","[14600433, 14601430, 14602427, 14603424, 14604421, 14605418, 14606415, 14607412, 14608409, 14609406]",cfeeef2a5891f98e6069dc03ea48a9a998f8d7126d5a9fbb8fe7cb5a2aa8da29,10,5,0,0,0,0,0,0,10,650,0,650,0.0,0,0.0,0,,2112800,True,0,0,0,,0,0
146,TargetedFedPhoenix,1,0.125,10,update_norm,all,151,66.8499984741211,10.461600500013446,"[78, 89, 64, 25, 85, 9, 57, 41, 97, 45]","[14700436, 14701433, 14702430, 14703427, 14704424, 14705421, 14706418, 14707415, 14708412, 14709409]",9e4909cc8fd19e9e464f4d4926c9ed28c008628f2511719b51665770a1027f67,10,7,0,0,0,0,0,0,10,650,0,650,0.0,0,0.0,0,,2112800,True,0,0,0,,0,0
147,TargetedFedPhoenix,1,0.125,10,update_norm,all,151,70.13999938964844,10.527710399997886,"[32, 8, 70, 41, 12, 19, 88, 20, 98, 33]","[14800439, 14801436, 14802433, 14803430, 14804427, 14805424, 14806421, 14807418, 14808415, 14809412]",7aaeb18be70313015b30525e25bf0434c24002c7f5ba63e40cd56f5f6c17db77,10,7,0,0,0,0,0,0,10,650,0,650,0.0,0,0.0,0,,2112800,True,0,0,0,,0,0
148,TargetedFedPhoenix,1,0.125,10,update_norm,all,151,69.58999633789062,11.71336729999166,"[50, 29, 81, 33, 44, 69, 2, 68, 93, 85]","[14900442, 14901439, 14902436, 14903433, 14904430, 14905427, 14906424, 14907421, 14908418, 14909415]",919dcf7c54df64c792854dbc99be56e4ff946910a3998d69918517ea7ca0ba13,10,9,0,0,0,0,0,0,10,650,0,650,0.0,0,0.0,0,,2112800,True,0,0,0,,0,0
149,TargetedFedPhoenix,1,0.125,10,update_norm,all,151,68.26000213623047,9.941155100008473,"[5, 84, 70, 73, 31, 62, 69, 13, 86, 74]","[15000445, 15001442, 15002439, 15003436, 15004433, 15005430, 15006427, 15007424, 15008421, 15009418]",90653bc7c19cdd40873095ca5ff191c2c4057c706ae06b18267b2709752dfd2d,10,4,0,0,0,0,0,0,10,650,0,650,0.0,0,0.0,0,,2112800,True,0,0,0,,0,0
150,TargetedFedPhoenix,1,0.125,10,update_norm,all,151,74.44999694824219,10.364100599981612,"[69, 9, 41, 83, 76, 63, 34, 67, 36, 87]","[15100448, 15101445, 15102442, 15103439, 15104436, 15105433, 15106430, 15107427, 15108424, 15109421]",fecb212c6abe0ceb0e02aaa9a1fd24654538d2e6c7fd6d5845aaf90a44b4acb3,10,5,0,0,0,0,0,0,10,650,0,650,0.0,0,0.0,0,,2112800,True,0,0,0,,0,0
151,TargetedFedPhoenix,1,0.125,10,update_norm,all,151,58.59000015258789,10.263073599984637,"[40, 77, 95, 52, 25, 38, 46, 47, 93, 88]","[15200451, 15201448, 15202445, 15203442, 15204439, 15205436, 15206433, 15207430, 15208427, 15209424]",a04dbce9bd5930ae3bb5c79b5ae3c1c304362783df5c1fc5235e2723cb2b7e68,10,6,6,6,0,4,0,0,0,650,36,614,0.055384615384615386,0,0.0,36,6.0,2112800,True,0,0,0,,0,0
152,TargetedFedPhoenix,1,0.125,10,update_norm,all,151,65.27999877929688,12.35239540002658,"[14, 22, 87, 6, 15, 36, 37, 44, 48, 38]","[15300454, 15301451, 15302448, 15303445, 15304442, 15305439, 15306436, 15307433, 15308430, 15309427]",2eb762c5210386b3ef85e19fe107d503fc948fd020d18b6bb69ef68b88ec9081,10,7,7,7,0,3,0,0,0,650,42,608,0.06461538461538462,0,0.0,42,5.142857142857143,2112800,True,0,0,0,,0,0
153,TargetedFedPhoenix,1,0.125,10,update_norm,all,151,73.91999816894531,11.374200399994152,"[14, 66, 74, 62, 49, 45, 18, 79, 15, 68]","[15400457, 15401454, 15402451, 15403448, 15404445, 15405442, 15406439, 15407436, 15408433, 15409430]",adf54e3bf42b179c97a03e023e01f33655ccd8e8c51d3a1ad7e5d2cef8c89539,10,7,7,7,0,3,0,0,0,650,42,608,0.06461538461538462,2,0.047619047619047616,40,4.571428571428571,2112800,True,0,0,0,,0,0
154,TargetedFedPhoenix,1,0.125,10,update_norm,all,151,72.12000274658203,9.104973399982555,"[92, 32, 77, 87, 27, 13, 14, 47, 22, 73]","[15500460, 15501457, 15502454, 15503451, 15504448, 15505445, 15506442, 15507439, 15508436, 15509433]",304865a8cbc3f30edd0828c7e36b10d422412e011ac45fb1a9057175e50f85e8,10,8,8,8,0,2,0,0,0,650,48,602,0.07384615384615385,2,0.041666666666666664,46,3.5,2112800,True,0,0,0,,0,0
155,TargetedFedPhoenix,1,0.125,10,update_norm,all,151,69.31999969482422,10.947517499997048,"[60, 31, 44, 3, 84, 25, 98, 73, 52, 82]","[15600463, 15601460, 15602457, 15603454, 15604451, 15605448, 15606445, 15607442, 15608439, 15609436]",681fe9520a7262b7c26456c909d65a7ec935d377200bc532c03f681388fd5013,10,8,8,8,0,2,0,0,0,640,48,592,0.075,1,0.020833333333333332,47,5.25,2112800,True,0,0,0,,0,0
156,TargetedFedPhoenix,1,0.125,10,update_norm,all,151,73.62000274658203,12.1964614999888,"[66, 38, 74, 49, 46, 45, 12, 0, 81, 23]","[15700466, 15701463, 15702460, 15703457, 15704454, 15705451, 15706448, 15707445, 15708442, 15709439]",f7fa49f23307f4b8c1e587f93ecaeec4de3bec7dcafee1f0c39be6d45acdb651,10,8,8,8,0,2,0,0,0,640,48,592,0.075,0,0.0,48,4.75,2112800,True,0,0,0,,0,0
157,TargetedFedPhoenix,1,0.125,10,update_norm,all,151,65.80999755859375,12.856891900009941,"[6, 14, 56, 8, 37, 71, 68, 53, 88, 65]","[15800469, 15801466, 15802463, 15803460, 15804457, 15805454, 15806451, 15807448, 15808445, 15809442]",06aad35927c070f0b8c721a8e7cb0ff960133683df122488ca8624350a42ac52,10,6,6,6,0,4,0,0,0,640,36,604,0.05625,1,0.027777777777777776,35,5.5,2112800,True,0,0,0,,0,0
158,TargetedFedPhoenix,1,0.125,10,update_norm,all,151,67.93000030517578,10.112782099982724,"[76, 40, 68, 38, 91, 92, 18, 11, 69, 94]","[15900472, 15901469, 15902466, 15903463, 15904460, 15905457, 15906454, 15907451, 15908448, 15909445]",a1c5f0b08c49897e0e44b29ec981d25347caaa686851d955173e522efb028901,10,7,7,7,0,3,0,0,0,640,42,598,0.065625,0,0.0,42,5.0,2112800,True,0,0,0,,0,0
159,TargetedFedPhoenix,1,0.125,10,update_norm,all,151,69.94999694824219,10.32990820001578,"[0, 23, 91, 83, 98, 64, 90, 32, 84, 36]","[16000475, 16001472, 16002469, 16003466, 16004463, 16005460, 16006457, 16007454, 16008451, 16009448]",c95562eece1aa94e858166d4b9b6d8aa4a8e58ba80cc4c32c0c75e1dd8bfe373,10,8,8,8,0,2,0,0,0,640,48,592,0.075,2,0.041666666666666664,46,4.5,2112800,True,0,0,0,,0,0
160,TargetedFedPhoenix,1,0.125,10,update_norm,all,151,70.30999755859375,11.199948499997845,"[15, 9, 95, 71, 80, 49, 39, 81, 30, 8]","[16100478, 16101475, 16102472, 16103469, 16104466, 16105463, 16106460, 16107457, 16108454, 16109451]",69a780a97332579bdd6c6fdd35230af29a009a712634775cfccc4fdb9a11ae62,10,7,7,7,0,3,0,0,0,640,42,598,0.065625,0,0.0,42,5.714285714285714,2112800,True,0,0,0,,0,0
161,TargetedFedPhoenix,1,0.125,10,update_norm,all,151,75.02999877929688,10.177832099987427,"[29, 87, 67, 36, 35, 96, 15, 61, 24, 62]","[16200481, 16201478, 16202475, 16203472, 16204469, 16205466, 16206463, 16207460, 16208457, 16209454]",535b65af2ec009eaf374436f7be1ff39e48f6938363c162748eff5623014613c,10,4,4,4,0,6,0,0,0,640,24,616,0.0375,1,0.041666666666666664,23,4.5,2112800,True,0,0,0,,0,0
162,TargetedFedPhoenix,1,0.125,10,update_norm,all,151,71.93000030517578,11.63303110000561,"[13, 58, 87, 52, 50, 60, 3, 19, 35, 0]","[16300484, 16301481, 16302478, 16303475, 16304472, 16305469, 16306466, 16307463, 16308460, 16309457]",1b1a3ce313100cb0eb8129230e4786bccd04171935904365f48945227613ac5d,10,7,7,7,0,3,0,0,0,640,42,598,0.065625,0,0.0,42,4.857142857142857,2112800,True,0,0,0,,0,0
163,TargetedFedPhoenix,1,0.125,10,update_norm,all,151,71.29000091552734,10.226118399994448,"[55, 46, 66, 67, 73, 12, 51, 1, 57, 90]","[16400487, 16401484, 16402481, 16403478, 16404475, 16405472, 16406469, 16407466, 16408463, 16409460]",b4d9c4fab564e62056923c8ba90e98166508b23df78b44615753653add85a363,10,6,6,6,0,4,0,0,0,640,36,604,0.05625,1,0.027777777777777776,35,5.833333333333333,2112800,True,0,0,0,,0,0
164,TargetedFedPhoenix,1,0.125,10,update_norm,all,151,66.41000366210938,10.660554600006435,"[40, 72, 92, 86, 89, 90, 16, 98, 73, 58]","[16500490, 16501487, 16502484, 16503481, 16504478, 16505475, 16506472, 16507469, 16508466, 16509463]",8af81f627f4fc2a380433a39e47908779d20ee8d2541be1ea8cbb772b9811772,10,6,6,6,0,4,0,0,0,640,36,604,0.05625,0,0.0,36,3.5,2112800,True,0,0,0,,0,0
165,TargetedFedPhoenix,1,0.125,10,update_norm,all,151,73.25,12.33867850000388,"[0, 58, 47, 44, 94, 66, 4, 7, 27, 2]","[16600493, 16601490, 16602487, 16603484, 16604481, 16605478, 16606475, 16607472, 16608469, 16609466]",f68402842726e608d7cc107e39364feb183daff027bde27f5098af1bf1927ccc,10,5,5,5,0,5,0,0,0,640,30,610,0.046875,0,0.0,30,4.6,2112800,True,0,0,0,,0,0
166,TargetedFedPhoenix,1,0.125,10,update_norm,all,151,71.47000122070312,12.361064600001555,"[58, 87, 14, 78, 40, 83, 73, 18, 52, 31]","[16700496, 16701493, 16702490, 16703487, 16704484, 16705481, 16706478, 16707475, 16708472, 16709469]",ebf6ea04fc8c3e4cec651af81e16d27491d9deb5920113b61dd55bd08a2895aa,10,8,8,8,0,2,0,0,0,640,48,592,0.075,1,0.020833333333333332,47,4.625,2112800,True,0,0,0,,0,0
167,TargetedFedPhoenix,1,0.125,10,update_norm,all,151,68.4800033569336,12.413517900014995,"[99, 22, 62, 86, 5, 20, 9, 51, 7, 54]","[16800499, 16801496, 16802493, 16803490, 16804487, 16805484, 16806481, 16807478, 16808475, 16809472]",d66197a8241c3dbb45ffa26e0c52245246f57d6dc9c0588ccce64c4484b0ec51,10,5,5,5,0,5,0,0,0,640,30,610,0.046875,2,0.06666666666666667,28,4.4,2112800,True,0,0,0,,0,0
168,TargetedFedPhoenix,1,0.125,10,update_norm,all,151,68.58000183105469,11.387655800004723,"[97, 37, 42, 7, 22, 5, 24, 56, 69, 12]","[16900502, 16901499, 16902496, 16903493, 16904490, 16905487, 16906484, 16907481, 16908478, 16909475]",f1d8ea8020a0684eb1207d3fdc92f432111807fdfc13a958d592712465712ad1,10,6,6,6,0,4,0,0,0,640,36,604,0.05625,0,0.0,36,4.166666666666667,2112800,True,0,0,0,,0,0
169,TargetedFedPhoenix,1,0.125,10,update_norm,all,151,71.44000244140625,10.384234400000423,"[96, 22, 76, 44, 59, 78, 12, 68, 94, 87]","[17000505, 17001502, 17002499, 17003496, 17004493, 17005490, 17006487, 17007484, 17008481, 17009478]",e8f2775de30d9724593b2f36515ea09b798b86d0672863fdda743b43c0b49c73,10,7,7,7,0,3,0,0,0,640,42,598,0.065625,0,0.0,42,3.4285714285714284,2112800,True,0,0,0,,0,0
170,TargetedFedPhoenix,1,0.125,10,update_norm,all,151,63.90999984741211,13.881012799974997,"[45, 7, 65, 19, 95, 16, 35, 23, 83, 88]","[17100508, 17101505, 17102502, 17103499, 17104496, 17105493, 17106490, 17107487, 17108484, 17109481]",a7b73e118ac8f6e72a147aff5e9663f6c0536bf61576f17776027e2e4cd37043,10,6,6,6,0,4,0,0,0,640,36,604,0.05625,1,0.027777777777777776,35,6.333333333333333,2112800,True,0,0,0,,0,0
171,TargetedFedPhoenix,1,0.125,10,update_norm,all,151,66.52999877929688,10.984603799995966,"[12, 91, 4, 90, 47, 66, 33, 9, 61, 84]","[17200511, 17201508, 17202505, 17203502, 17204499, 17205496, 17206493, 17207490, 17208487, 17209484]",f20bd63ec18e1ab3df90340301a92c102d9b59659f1aabddedcc9e0a309b7673,10,7,7,7,0,3,0,0,0,640,42,598,0.065625,1,0.023809523809523808,41,5.857142857142857,2112800,True,0,0,0,,0,0
172,TargetedFedPhoenix,1,0.125,10,update_norm,all,151,66.56999969482422,10.33517489998485,"[46, 60, 83, 2, 37, 70, 93, 29, 3, 43]","[17300514, 17301511, 17302508, 17303505, 17304502, 17305499, 17306496, 17307493, 17308490, 17309487]",d468286ae9f5dec274e8b5524da73c0296608fed83b50ff6c61f69206fc0e833,10,6,6,6,0,4,0,0,0,640,36,604,0.05625,2,0.05555555555555555,34,7.0,2112800,True,0,0,0,,0,0
173,TargetedFedPhoenix,1,0.125,10,update_norm,all,151,67.81999969482422,9.367597000004025,"[27, 45, 49, 4, 31, 62, 9, 95, 69, 72]","[17400517, 17401514, 17402511, 17403508, 17404505, 17405502, 17406499, 17407496, 17408493, 17409490]",b0dc2e20325b582f961b7e4607f08151e623c9de5ee55e949da86feba92fcf6b,10,9,9,9,0,1,0,0,0,640,54,586,0.084375,1,0.018518518518518517,53,5.0,2112800,True,0,0,0,,0,0
174,TargetedFedPhoenix,1,0.125,10,update_norm,all,151,71.2699966430664,10.44645620000665,"[27, 28, 1, 92, 55, 48, 74, 7, 99, 62]","[17500520, 17501517, 17502514, 17503511, 17504508, 17505505, 17506502, 17507499, 17508496, 17509493]",c501e79a623c86efcf66a5b3fe5457f6a41bd3ad71230e4c6d6d437328d79f41,10,5,5,5,0,5,0,0,0,640,30,610,0.046875,1,0.03333333333333333,29,4.6,2112800,True,0,0,0,,0,0
175,TargetedFedPhoenix,1,0.125,10,update_norm,all,151,74.79000091552734,10.969627799990121,"[24, 0, 9, 11, 31, 45, 58, 35, 69, 21]","[17600523, 17601520, 17602517, 17603514, 17604511, 17605508, 17606505, 17607502, 17608499, 17609496]",e1a9773d99516a5d97deb7d550fc5bb019c31a615f998c149c3d42617275ef7d,10,8,8,8,0,2,0,0,0,640,48,592,0.075,2,0.041666666666666664,46,4.875,2112800,True,0,0,0,,0,0
176,TargetedFedPhoenix,1,0.125,10,update_norm,all,151,75.38999938964844,11.098717599990778,"[42, 98, 67, 21, 24, 81, 20, 75, 29, 36]","[17700526, 17701523, 17702520, 17703517, 17704514, 17705511, 17706508, 17707505, 17708502, 17709499]",914871bdbbcc9645103ece6f863ba26e67fc922a9387fc094d74b793de38894e,10,5,5,5,0,5,0,0,0,640,30,610,0.046875,0,0.0,30,4.6,2112800,True,0,0,0,,0,0
177,TargetedFedPhoenix,1,0.125,10,update_norm,all,151,70.7699966430664,12.093995200004429,"[49, 75, 33, 60, 42, 64, 69, 11, 47, 70]","[17800529, 17801526, 17802523, 17803520, 17804517, 17805514, 17806511, 17807508, 17808505, 17809502]",d23b901003f17d3d4e32e53f1df35fbc240c250dcca382dee3a5ce03064df208,10,9,9,9,0,1,0,0,0,640,54,586,0.084375,2,0.037037037037037035,52,3.5555555555555554,2112800,True,0,0,0,,0,0
178,TargetedFedPhoenix,1,0.125,10,update_norm,all,151,66.2699966430664,11.739625299989711,"[96, 60, 16, 70, 73, 40, 11, 24, 87, 93]","[17900532, 17901529, 17902526, 17903523, 17904520, 17905517, 17906514, 17907511, 17908508, 17909505]",bf7421fdeb0dc69ff9fb6fae349fc56bdc547ab640e00e3f3ad548833968abe9,10,8,8,8,0,2,0,0,0,640,48,592,0.075,1,0.020833333333333332,47,4.625,2112800,True,0,0,0,,0,0
179,TargetedFedPhoenix,1,0.125,10,update_norm,all,151,75.7699966430664,10.973369000013918,"[37, 16, 85, 31, 69, 36, 54, 25, 32, 38]","[18000535, 18001532, 18002529, 18003526, 18004523, 18005520, 18006517, 18007514, 18008511, 18009508]",661d76f793e6e98478f880c32846bdf023f9c9b415dc58bf1c2b01c992d00a8b,10,5,5,5,0,5,0,0,0,640,30,610,0.046875,1,0.03333333333333333,29,3.4,2112800,True,0,0,0,,0,0
180,TargetedFedPhoenix,1,0.125,10,update_norm,all,151,71.70999908447266,11.459639999986393,"[80, 92, 61, 76, 19, 28, 7, 73, 67, 38]","[18100538, 18101535, 18102532, 18103529, 18104526, 18105523, 18106520, 18107517, 18108514, 18109511]",fa526a834c3b0386e1166023542292b9b957cb838461581a0e28e0a53afaa773,10,8,8,8,0,2,0,0,0,640,48,592,0.075,1,0.020833333333333332,47,5.5,2112800,True,0,0,0,,0,0
181,TargetedFedPhoenix,1,0.125,10,update_norm,all,151,74.73999786376953,10.065898900007596,"[78, 26, 35, 44, 29, 85, 64, 66, 97, 21]","[18200541, 18201538, 18202535, 18203532, 18204529, 18205526, 18206523, 18207520, 18208517, 18209514]",c10ea585302913ef61e6b660c0676dbe9d9ecfcd93431134dfd7960259fe4310,10,6,6,6,0,4,0,0,0,640,36,604,0.05625,2,0.05555555555555555,34,5.333333333333333,2112800,True,0,0,0,,0,0
182,TargetedFedPhoenix,1,0.125,10,update_norm,all,151,66.5,11.67563089999021,"[78, 73, 10, 52, 54, 24, 44, 70, 99, 90]","[18300544, 18301541, 18302538, 18303535, 18304532, 18305529, 18306526, 18307523, 18308520, 18309517]",dcd9a17a3eac72d5793c95e84c6f068ff360243edcccc6b6ee1a14cd15f41b92,10,7,7,7,0,3,0,0,0,640,42,598,0.065625,1,0.023809523809523808,41,3.2857142857142856,2112800,True,0,0,0,,0,0
183,TargetedFedPhoenix,1,0.125,10,update_norm,all,151,76.63999938964844,9.430977700016228,"[96, 38, 1, 4, 36, 19, 77, 52, 41, 49]","[18400547, 18401544, 18402541, 18403538, 18404535, 18405532, 18406529, 18407526, 18408523, 18409520]",08d44b9a1dc78e93a2a8e6b546b53d34c5674134ca700814ed6503186fb851ef,10,8,8,8,0,2,0,0,0,640,48,592,0.075,1,0.020833333333333332,47,5.125,2112800,True,0,0,0,,0,0
184,TargetedFedPhoenix,1,0.125,10,update_norm,all,151,74.05999755859375,11.857515199983027,"[87, 55, 49, 7, 51, 67, 40, 21, 34, 0]","[18500550, 18501547, 18502544, 18503541, 18504538, 18505535, 18506532, 18507529, 18508526, 18509523]",91c88877502537de1036f1594e7dc8fa91818512350b0a5a48596cfcec24808f,10,8,8,8,0,2,0,0,0,640,48,592,0.075,0,0.0,48,5.375,2112800,True,0,0,0,,0,0
185,TargetedFedPhoenix,1,0.125,10,update_norm,all,151,75.54000091552734,9.443502400012221,"[74, 63, 39, 14, 96, 82, 21, 45, 88, 13]","[18600553, 18601550, 18602547, 18603544, 18604541, 18605538, 18606535, 18607532, 18608529, 18609526]",3e431f66403d93d1697ddd4ca6f3499f6366257b823430852cea912162ff91d3,10,3,3,3,0,7,0,0,0,640,18,622,0.028125,0,0.0,18,4.333333333333333,2112800,True,0,0,0,,0,0
186,TargetedFedPhoenix,1,0.125,10,update_norm,all,151,72.94000244140625,11.532366600004025,"[1, 26, 23, 59, 22, 57, 27, 60, 18, 69]","[18700556, 18701553, 18702550, 18703547, 18704544, 18705541, 18706538, 18707535, 18708532, 18709529]",8465d2c9f686d0bc2c124f21853356f20dff050e0f4003bac5acb1ae2dfa19ec,10,4,4,4,0,6,0,0,0,640,24,616,0.0375,2,0.08333333333333333,22,5.75,2112800,True,0,0,0,,0,0
187,TargetedFedPhoenix,1,0.125,10,update_norm,all,151,70.01000213623047,9.959490800014464,"[34, 87, 43, 64, 27, 92, 78, 55, 68, 7]","[18800559, 18801556, 18802553, 18803550, 18804547, 18805544, 18806541, 18807538, 18808535, 18809532]",2d156ef51610bc61b630e5b0e99635be811c692ba4b4b75441ce00b39e80f860,10,8,8,8,0,2,0,0,0,640,48,592,0.075,1,0.020833333333333332,47,3.875,2112800,True,0,0,0,,0,0
188,TargetedFedPhoenix,1,0.125,10,update_norm,all,151,72.38999938964844,13.149893199995859,"[67, 20, 34, 69, 85, 14, 86, 81, 36, 76]","[18900562, 18901559, 18902556, 18903553, 18904550, 18905547, 18906544, 18907541, 18908538, 18909535]",6d5c5a40982c034169b63bfc5a5d19a2576742e5cadb8cf9c80d6f279eac87b9,10,7,7,7,0,3,0,0,0,640,42,598,0.065625,0,0.0,42,4.285714285714286,2112800,True,0,0,0,,0,0
189,TargetedFedPhoenix,1,0.125,10,update_norm,all,151,64.87000274658203,14.502965799998492,"[57, 7, 53, 49, 74, 65, 76, 29, 78, 80]","[19000565, 19001562, 19002559, 19003556, 19004553, 19005550, 19006547, 19007544, 19008541, 19009538]",9333331c6e9a0569bc2963180ba73a1d4f43da12e92a329a99c817ca96252a11,10,8,8,8,0,2,0,0,0,640,48,592,0.075,1,0.020833333333333332,47,4.25,2112800,True,0,0,0,,0,0
190,TargetedFedPhoenix,1,0.125,10,update_norm,all,151,66.51000213623047,10.55553320000763,"[71, 25, 7, 77, 39, 51, 87, 5, 45, 11]","[19100568, 19101565, 19102562, 19103559, 19104556, 19105553, 19106550, 19107547, 19108544, 19109541]",627048369e0cad037ff10c347d6ced427522684fd21f87293afc9f59dfe6ae63,10,6,6,6,0,4,0,0,0,640,36,604,0.05625,0,0.0,36,4.5,2112800,True,0,0,0,,0,0
191,TargetedFedPhoenix,1,0.125,10,update_norm,all,151,63.439998626708984,12.529324199975235,"[60, 21, 34, 0, 98, 92, 44, 65, 66, 3]","[19200571, 19201568, 19202565, 19203562, 19204559, 19205556, 19206553, 19207550, 19208547, 19209544]",d95a98f3f13d01833e102d2feb67c98d03bc2554facb0d0b658187dea7495c16,10,8,8,8,0,2,0,0,0,640,48,592,0.075,1,0.020833333333333332,47,5.75,2112800,True,0,0,0,,0,0
192,TargetedFedPhoenix,1,0.125,10,update_norm,all,151,72.83000183105469,12.089371900015976,"[36, 59, 66, 20, 0, 16, 86, 71, 90, 56]","[19300574, 19301571, 19302568, 19303565, 19304562, 19305559, 19306556, 19307553, 19308550, 19309547]",2c563679979af8c457668b31cae85b636927dcd64337191797a08e9e1637f83c,10,8,8,8,0,2,0,0,0,640,48,592,0.075,0,0.0,48,4.0,2112800,True,0,0,0,,0,0
193,TargetedFedPhoenix,1,0.125,10,update_norm,all,151,74.55000305175781,9.769218999979785,"[19, 22, 51, 45, 91, 26, 14, 83, 15, 67]","[19400577, 19401574, 19402571, 19403568, 19404565, 19405562, 19406559, 19407556, 19408553, 19409550]",a52259e0b747f810d38941e78e01dc8db0f2d00f7aa55452377995559f294880,10,7,7,7,0,3,0,0,0,640,42,598,0.065625,0,0.0,42,5.714285714285714,2112800,True,0,0,0,,0,0
194,TargetedFedPhoenix,1,0.125,10,update_norm,all,151,72.55999755859375,12.26979650001158,"[62, 14, 3, 92, 78, 33, 89, 48, 70, 31]","[19500580, 19501577, 19502574, 19503571, 19504568, 19505565, 19506562, 19507559, 19508556, 19509553]",03b4586e8f8e8856a6881052d57bbef1bba74593c9f894fcf68be894cc640949,10,4,4,4,0,6,0,0,0,640,24,616,0.0375,0,0.0,24,3.0,2112800,True,0,0,0,,0,0
195,TargetedFedPhoenix,1,0.125,10,update_norm,all,151,72.87999725341797,10.757968999998411,"[37, 10, 88, 63, 53, 68, 2, 52, 26, 59]","[19600583, 19601580, 19602577, 19603574, 19604571, 19605568, 19606565, 19607562, 19608559, 19609556]",4ad02f94edba39cfbcce32403b2201531b21829b4da4047d32f115a3ff427697,10,6,6,6,0,4,0,0,0,640,36,604,0.05625,2,0.05555555555555555,34,6.5,2112800,True,0,0,0,,0,0
196,TargetedFedPhoenix,1,0.125,10,update_norm,all,151,76.12999725341797,12.734863799996674,"[59, 71, 85, 49, 20, 10, 3, 86, 88, 33]","[19700586, 19701583, 19702580, 19703577, 19704574, 19705571, 19706568, 19707565, 19708562, 19709559]",2de9276f6e162ced2474d0a32745a4ee07da2a9f6e7d3a41d2d1b20b543d3589,10,10,10,10,0,0,0,0,0,640,60,580,0.09375,1,0.016666666666666666,59,3.4,2112800,True,0,0,0,,0,0
197,TargetedFedPhoenix,1,0.125,10,update_norm,all,151,69.88999938964844,10.497205099993153,"[9, 0, 18, 66, 44, 17, 92, 95, 64, 96]","[19800589, 19801586, 19802583, 19803580, 19804577, 19805574, 19806571, 19807568, 19808565, 19809562]",4edda94bab40bd9c68a9dd0f99637749bd63b8e319958247da4585b6fc002c40,10,5,5,5,0,5,0,0,0,640,30,610,0.046875,0,0.0,30,5.8,2112800,True,0,0,0,,0,0
198,TargetedFedPhoenix,1,0.125,10,update_norm,all,151,70.08000183105469,12.899662000010721,"[70, 58, 24, 57, 32, 19, 43, 65, 5, 88]","[19900592, 19901589, 19902586, 19903583, 19904580, 19905577, 19906574, 19907571, 19908568, 19909565]",5f9f89c6bd00171dde696f805a8cb12088f5eacb84f042e140b33ff6030deeaa,10,6,6,6,0,4,0,0,0,640,36,604,0.05625,0,0.0,36,5.833333333333333,2112800,True,0,0,0,,0,0
199,TargetedFedPhoenix,1,0.125,10,update_norm,all,151,62.119998931884766,10.250560199987376,"[61, 75, 68, 2, 6, 26, 1, 56, 78, 74]","[20000595, 20001592, 20002589, 20003586, 20004583, 20005580, 20006577, 20007574, 20008571, 20009568]",af5a76ead4437b1f84fc6f960a37081556b16a1cc765d8fb6eee0674d958c110,10,6,6,6,0,4,0,0,0,640,36,604,0.05625,0,0.0,36,5.666666666666667,2112800,True,0,0,0,,0,0
200,TargetedFedPhoenix,1,0.125,10,update_norm,all,151,57.2400016784668,9.921563399984734,"[8, 57, 22, 90, 46, 9, 56, 99, 89, 4]","[20100598, 20101595, 20102592, 20103589, 20104586, 20105583, 20106580, 20107577, 20108574, 20109571]",191e5f6086eff936213a9efed15dad6fbd8162057487b7538e3ed5d67164392a,10,6,6,6,0,4,0,0,0,640,36,604,0.05625,2,0.05555555555555555,34,4.5,2112800,True,0,0,0,,0,0
201,TargetedFedPhoenix,1,0.125,10,update_norm,all,151,68.05000305175781,10.931994899990968,"[83, 41, 69, 7, 63, 51, 78, 89, 43, 81]","[20200601, 20201598, 20202595, 20203592, 20204589, 20205586, 20206583, 20207580, 20208577, 20209574]",b31978c582cd99be1424cac0d190d68df8137bbdfaa4cc2753c2820a42d3cdc9,10,6,6,6,0,4,0,0,0,640,36,604,0.05625,1,0.027777777777777776,35,4.666666666666667,2112800,True,0,0,0,,0,0
202,TargetedFedPhoenix,1,0.125,10,update_norm,all,151,72.04000091552734,10.634394199994858,"[74, 76, 14, 98, 73, 37, 94, 68, 39, 11]","[20300604, 20301601, 20302598, 20303595, 20304592, 20305589, 20306586, 20307583, 20308580, 20309577]",650d4cc88673d836165fde07bf84117cde168e3555c09302e07d73b9eed7bd6e,10,4,4,4,0,6,0,0,0,640,24,616,0.0375,0,0.0,24,5.25,2112800,True,0,0,0,,0,0
203,TargetedFedPhoenix,1,0.125,10,update_norm,all,151,61.7599983215332,9.342484200024046,"[38, 78, 17, 56, 90, 34, 42, 0, 1, 12]","[20400607, 20401604, 20402601, 20403598, 20404595, 20405592, 20406589, 20407586, 20408583, 20409580]",a21520852f494272ced13599f2ba9ab71afb435aff1b32e7a2ed7f07e4bc4e9c,10,6,6,6,0,4,0,0,0,640,36,604,0.05625,0,0.0,36,4.0,2112800,True,0,0,0,,0,0
204,TargetedFedPhoenix,1,0.125,10,update_norm,all,151,72.62999725341797,11.865041599987308,"[45, 36, 95, 8, 99, 75, 93, 4, 24, 58]","[20500610, 20501607, 20502604, 20503601, 20504598, 20505595, 20506592, 20507589, 20508586, 20509583]",e363534d372ea501e4b86f9186cc32a1337e0dec6f9f98661c6b0db5b72c8368,10,7,7,7,0,3,0,0,0,640,42,598,0.065625,0,0.0,42,5.142857142857143,2112800,True,0,0,0,,0,0
205,TargetedFedPhoenix,1,0.125,10,update_norm,all,151,72.5999984741211,12.404761399986455,"[66, 46, 89, 23, 4, 97, 78, 26, 79, 52]","[20600613, 20601610, 20602607, 20603604, 20604601, 20605598, 20606595, 20607592, 20608589, 20609586]",28b5fa49d5a125573595a7ab58a169f31e775ab1192f4b0bc6edede920c1510e,10,7,7,7,0,3,0,0,0,640,42,598,0.065625,1,0.023809523809523808,41,5.142857142857143,2112800,True,0,0,0,,0,0
206,TargetedFedPhoenix,1,0.125,10,update_norm,all,151,75.12000274658203,14.111190399999032,"[71, 79, 23, 7, 97, 86, 72, 57, 70, 64]","[20700616, 20701613, 20702610, 20703607, 20704604, 20705601, 20706598, 20707595, 20708592, 20709589]",a162132da118f1fc14b65f8a270443f40dbeebfc9d77515de2050ffeeb552543,10,9,9,9,0,1,0,0,0,640,54,586,0.084375,1,0.018518518518518517,53,5.666666666666667,2112800,True,0,0,0,,0,0
207,TargetedFedPhoenix,1,0.125,10,update_norm,all,151,75.19999694824219,10.374041700008092,"[55, 14, 21, 43, 5, 30, 35, 15, 28, 34]","[20800619, 20801616, 20802613, 20803610, 20804607, 20805604, 20806601, 20807598, 20808595, 20809592]",8e47fa35c956be231cc105334dd23651a8b3c2c36d9a3cfa8b943457205f1021,10,4,4,4,0,6,0,0,0,640,24,616,0.0375,1,0.041666666666666664,23,6.0,2112800,True,0,0,0,,0,0
208,TargetedFedPhoenix,1,0.125,10,update_norm,all,151,72.66000366210938,10.513581200008048,"[54, 51, 22, 85, 73, 90, 4, 69, 75, 6]","[20900622, 20901619, 20902616, 20903613, 20904610, 20905607, 20906604, 20907601, 20908598, 20909595]",ed686db59b0317832311c7a88a18cf94b870e702be51b7b306891b564193beb4,10,8,8,8,0,2,0,0,0,640,48,592,0.075,0,0.0,48,6.125,2112800,True,0,0,0,,0,0
209,TargetedFedPhoenix,1,0.125,10,update_norm,all,151,71.81999969482422,11.522747800016077,"[78, 98, 48, 28, 76, 96, 97, 69, 66, 65]","[21000625, 21001622, 21002619, 21003616, 21004613, 21005610, 21006607, 21007604, 21008601, 21009598]",417a9042ce39e0d4903ea400e91390e51d0768b768170a2c7b905c38fce40fb9,10,7,7,7,0,3,0,0,0,640,42,598,0.065625,1,0.023809523809523808,41,4.0,2112800,True,0,0,0,,0,0
210,TargetedFedPhoenix,1,0.125,10,update_norm,all,151,75.22000122070312,10.297470200021053,"[52, 54, 70, 39, 89, 14, 77, 74, 15, 88]","[21100628, 21101625, 21102622, 21103619, 21104616, 21105613, 21106610, 21107607, 21108604, 21109601]",6afcbe4f9e3f9b88e188e2310c1aa67a0b3d33994ec192ee75e83699c9572cf7,10,8,8,8,0,2,0,0,0,640,48,592,0.075,1,0.020833333333333332,47,4.75,2112800,True,0,0,0,,0,0
211,TargetedFedPhoenix,1,0.125,10,update_norm,all,151,66.70999908447266,13.066800100001274,"[58, 12, 87, 84, 91, 62, 82, 57, 6, 21]","[21200631, 21201628, 21202625, 21203622, 21204619, 21205616, 21206613, 21207610, 21208607, 21209604]",5da60c76fcf94afa430495e28d520622d78e7fd880529c44fba459850c4ef4e0,10,5,5,5,0,5,0,0,0,640,30,610,0.046875,0,0.0,30,5.4,2112800,True,0,0,0,,0,0
212,TargetedFedPhoenix,1,0.125,10,update_norm,all,151,77.37999725341797,12.251889800012577,"[59, 99, 54, 55, 14, 63, 7, 88, 91, 52]","[21300634, 21301631, 21302628, 21303625, 21304622, 21305619, 21306616, 21307613, 21308610, 21309607]",89ed3439877c8ef5e1e6808fbc094325b68f888bc3161541bb46cc8b196ff533,10,8,8,8,0,2,0,0,0,640,48,592,0.075,0,0.0,48,3.5,2112800,True,0,0,0,,0,0
213,TargetedFedPhoenix,1,0.125,10,update_norm,all,151,72.93000030517578,10.67778850000468,"[44, 73, 39, 28, 18, 92, 52, 79, 54, 77]","[21400637, 21401634, 21402631, 21403628, 21404625, 21405622, 21406619, 21407616, 21408613, 21409610]",4095a2b48ce511a264ca247c1f49843bc4a3e6dc00f8f7ee9c730bb7a2e70c2f,10,7,7,7,0,3,0,0,0,640,42,598,0.065625,0,0.0,42,3.4285714285714284,2112800,True,0,0,0,,0,0
214,TargetedFedPhoenix,1,0.125,10,update_norm,all,151,76.44999694824219,11.660620199982077,"[59, 70, 54, 27, 89, 21, 42, 25, 60, 49]","[21500640, 21501637, 21502634, 21503631, 21504628, 21505625, 21506622, 21507619, 21508616, 21509613]",eb2c2be7144c388ad580a90c52f40c45958513ad5ebc339df93bd84bd25eee02,10,5,5,5,0,5,0,0,0,640,30,610,0.046875,0,0.0,30,2.8,2112800,True,0,0,0,,0,0
215,TargetedFedPhoenix,1,0.125,10,update_norm,all,151,75.77999877929688,11.473389899998438,"[2, 56, 59, 80, 62, 19, 42, 33, 72, 35]","[21600643, 21601640, 21602637, 21603634, 21604631, 21605628, 21606625, 21607622, 21608619, 21609616]",5400645379e39d4ee58ed147343df595767d24ed25fddc52fdd5f502d248a545,10,5,5,5,0,5,0,0,0,640,30,610,0.046875,2,0.06666666666666667,28,4.6,2112800,True,0,0,0,,0,0
216,TargetedFedPhoenix,1,0.125,10,update_norm,all,151,73.55999755859375,11.730155600002035,"[53, 17, 11, 78, 66, 39, 94, 4, 47, 90]","[21700646, 21701643, 21702640, 21703637, 21704634, 21705631, 21706628, 21707625, 21708622, 21709619]",ed573599e51098b127a73f3996afbe0b2cec4803930ea903b033ec51e31e5f59,10,5,5,5,0,5,0,0,0,640,30,610,0.046875,2,0.06666666666666667,28,6.6,2112800,True,0,0,0,,0,0
217,TargetedFedPhoenix,1,0.125,10,update_norm,all,151,65.80999755859375,9.375408599997172,"[48, 51, 34, 78, 92, 54, 96, 84, 88, 74]","[21800649, 21801646, 21802643, 21803640, 21804637, 21805634, 21806631, 21807628, 21808625, 21809622]",ad0b9faa0ea98c95e74e4a3c6735f6f1d9186e9312e6a00bd58386fe7936f7d1,10,10,10,10,0,0,0,0,0,640,60,580,0.09375,1,0.016666666666666666,59,6.1,2112800,True,0,0,0,,0,0
218,TargetedFedPhoenix,1,0.125,10,update_norm,all,151,77.7300033569336,12.471743499976583,"[15, 25, 50, 89, 72, 20, 85, 47, 1, 3]","[21900652, 21901649, 21902646, 21903643, 21904640, 21905637, 21906634, 21907631, 21908628, 21909625]",468403dda0d5a88bfb02081d7eb221db0437ef5571056cf0fcd0230ca130eb43,10,6,6,6,0,4,0,0,0,640,36,604,0.05625,1,0.027777777777777776,35,5.166666666666667,2112800,True,0,0,0,,0,0
219,TargetedFedPhoenix,1,0.125,10,update_norm,all,151,72.02999877929688,11.79069160000654,"[91, 39, 11, 12, 93, 64, 30, 79, 29, 49]","[22000655, 22001652, 22002649, 22003646, 22004643, 22005640, 22006637, 22007634, 22008631, 22009628]",d4dddaacfed9a1b49a1733aee93325d2d1958f294f13bf416f2ab05cb9a88256,10,6,6,6,0,4,0,0,0,640,36,604,0.05625,1,0.027777777777777776,35,5.333333333333333,2112800,True,0,0,0,,0,0
220,TargetedFedPhoenix,1,0.125,10,update_norm,all,151,70.37000274658203,13.117742400005227,"[21, 88, 95, 65, 60, 8, 46, 31, 63, 72]","[22100658, 22101655, 22102652, 22103649, 22104646, 22105643, 22106640, 22107637, 22108634, 22109631]",ed2d702a036138c48a54672732fa65535525c5a5dfef2e9ff90dbccd565d4c28,10,5,5,5,0,5,0,0,0,640,30,610,0.046875,0,0.0,30,5.0,2112800,True,0,0,0,,0,0
221,TargetedFedPhoenix,1,0.125,10,update_norm,all,151,71.11000061035156,12.143176700017648,"[96, 63, 58, 77, 95, 23, 61, 29, 91, 59]","[22200661, 22201658, 22202655, 22203652, 22204649, 22205646, 22206643, 22207640, 22208637, 22209634]",0b0efc1a0fa32571047079e4c82e165a3cac560092864b5059bf40cab6a0ad17,10,8,8,8,0,2,0,0,0,640,48,592,0.075,1,0.020833333333333332,47,4.25,2112800,True,0,0,0,,0,0
222,TargetedFedPhoenix,1,0.125,10,update_norm,all,151,69.29000091552734,11.29955660001724,"[8, 69, 44, 89, 49, 36, 77, 19, 92, 72]","[22300664, 22301661, 22302658, 22303655, 22304652, 22305649, 22306646, 22307643, 22308640, 22309637]",17f660dd2b44f7b420dba22c23a5bdd2c332d5b8b4be5644f67133a8a8cf03ca,10,8,8,8,0,2,0,0,0,640,48,592,0.075,1,0.020833333333333332,47,4.125,2112800,True,0,0,0,,0,0
223,TargetedFedPhoenix,1,0.125,10,update_norm,all,151,73.45999908447266,10.292558999994071,"[47, 49, 1, 80, 27, 9, 83, 72, 76, 92]","[22400667, 22401664, 22402661, 22403658, 22404655, 22405652, 22406649, 22407646, 22408643, 22409640]",cc89fad4aaf07c9355c2473412c6e00553fe051c22ff3a15cb21db795a87794f,10,7,7,7,0,3,0,0,0,640,42,598,0.065625,1,0.023809523809523808,41,4.285714285714286,2112800,True,0,0,0,,0,0
224,TargetedFedPhoenix,1,0.125,10,update_norm,all,151,75.80000305175781,12.986693300015759,"[10, 57, 54, 1, 80, 76, 56, 39, 14, 20]","[22500670, 22501667, 22502664, 22503661, 22504658, 22505655, 22506652, 22507649, 22508646, 22509643]",5bbcf3fae81bd9251353a3299dc89e07d04147971641f319317f53b23a7e1997,10,7,7,7,0,3,0,0,0,640,42,598,0.065625,1,0.023809523809523808,41,4.285714285714286,2112800,True,0,0,0,,0,0
225,TargetedFedPhoenix,1,0.125,10,update_norm,all,151,72.37999725341797,12.899919399991632,"[6, 62, 31, 90, 3, 51, 24, 91, 23, 55]","[22600673, 22601670, 22602667, 22603664, 22604661, 22605658, 22606655, 22607652, 22608649, 22609646]",d79590f68a72a66b61e189f6eb120afe27f6936c17a7667ecef5b1aec85cf983,10,7,7,7,0,3,0,0,0,640,42,598,0.065625,0,0.0,42,6.714285714285714,2112800,True,0,0,0,,0,0
226,TargetedFedPhoenix,1,0.125,10,update_norm,all,151,65.68000030517578,12.548832300002687,"[98, 18, 78, 89, 27, 80, 33, 86, 88, 15]","[22700676, 22701673, 22702670, 22703667, 22704664, 22705661, 22706658, 22707655, 22708652, 22709649]",2847121a3ca4f2924d0faa6058075567bb6b923f8263eef8dc01dba2af34fd09,10,6,6,6,0,4,0,0,0,640,36,604,0.05625,0,0.0,36,5.333333333333333,2112800,True,0,0,0,,0,0
227,TargetedFedPhoenix,1,0.125,10,update_norm,all,151,72.75,13.709901700000046,"[85, 12, 59, 60, 73, 80, 0, 10, 23, 13]","[22800679, 22801676, 22802673, 22803670, 22804667, 22805664, 22806661, 22807658, 22808655, 22809652]",077c6118ec2d7105d2659e2262cffa10caad0a2dddf6d978f6c98a05121b46fc,10,7,7,7,0,3,0,0,0,640,42,598,0.065625,0,0.0,42,5.142857142857143,2112800,True,0,0,0,,0,0
228,TargetedFedPhoenix,1,0.125,10,update_norm,all,151,67.37999725341797,10.46086859999923,"[35, 46, 54, 87, 84, 51, 27, 95, 21, 61]","[22900682, 22901679, 22902676, 22903673, 22904670, 22905667, 22906664, 22907661, 22908658, 22909655]",2410092a2c1e3fbcc9b261621e54bdd7e36415400c08d1aee1949e1ee4c3ad74,10,7,7,7,0,3,0,0,0,640,42,598,0.065625,2,0.047619047619047616,40,5.571428571428571,2112800,True,0,0,0,,0,0
229,TargetedFedPhoenix,1,0.125,10,update_norm,all,151,69.80999755859375,10.017286900023464,"[64, 6, 96, 98, 27, 71, 18, 3, 1, 95]","[23000685, 23001682, 23002679, 23003676, 23004673, 23005670, 23006667, 23007664, 23008661, 23009658]",8822699bde882a4f7771efb4f5d118164ff2b67409dc458202a94e9345fed74a,10,9,9,9,0,1,0,0,0,640,54,586,0.084375,2,0.037037037037037035,52,4.333333333333333,2112800,True,0,0,0,,0,0
230,TargetedFedPhoenix,1,0.125,10,update_norm,all,151,77.68000030517578,11.342299600015394,"[88, 90, 96, 35, 69, 11, 60, 48, 23, 42]","[23100688, 23101685, 23102682, 23103679, 23104676, 23105673, 23106670, 23107667, 23108664, 23109661]",0e2639f7dfa8ee4608f29050d8beee457fff5ec8afa4fa9b4f2a2fd5ba2d974d,10,7,7,7,0,3,0,0,0,640,42,598,0.065625,1,0.023809523809523808,41,3.7142857142857144,2112800,True,0,0,0,,0,0
231,TargetedFedPhoenix,1,0.125,10,update_norm,all,151,74.27999877929688,10.571912399987923,"[98, 88, 43, 57, 48, 99, 63, 53, 94, 55]","[23200691, 23201688, 23202685, 23203682, 23204679, 23205676, 23206673, 23207670, 23208667, 23209664]",d7af222b0a2cf35eedefdc9cf4908ad8fb0a67a81ac00c4e8de1c002ab15531b,10,6,6,6,0,4,0,0,0,640,36,604,0.05625,2,0.05555555555555555,34,4.5,2112800,True,0,0,0,,0,0
232,TargetedFedPhoenix,1,0.125,10,update_norm,all,151,77.91999816894531,12.36492060002638,"[96, 75, 74, 76, 39, 80, 34, 12, 60, 20]","[23300694, 23301691, 23302688, 23303685, 23304682, 23305679, 23306676, 23307673, 23308670, 23309667]",7d8f715eaa6ff0fa068b534c73d21358b8238062edb33bb23c9315fd35b72d41,10,7,7,7,0,3,0,0,0,620,42,578,0.06774193548387097,0,0.0,42,5.428571428571429,2112800,True,0,0,0,,0,0
233,TargetedFedPhoenix,1,0.125,10,update_norm,all,151,70.62999725341797,11.232038499991177,"[20, 47, 38, 59, 64, 82, 60, 45, 63, 85]","[23400697, 23401694, 23402691, 23403688, 23404685, 23405682, 23406679, 23407676, 23408673, 23409670]",be3baeef8b0312666e946d752671e993928a0e705974557e1b38dc9d2c5f9bfe,10,7,7,7,0,3,0,0,0,620,42,578,0.06774193548387097,0,0.0,42,4.285714285714286,2112800,True,0,0,0,,0,0
234,TargetedFedPhoenix,1,0.125,10,update_norm,all,151,70.26000213623047,10.7852436999965,"[32, 6, 51, 4, 8, 22, 72, 86, 55, 12]","[23500700, 23501697, 23502694, 23503691, 23504688, 23505685, 23506682, 23507679, 23508676, 23509673]",3c1d9befb417f7fac0cf097e47198a717193114f337955b2abda1d3a29286afe,10,5,5,5,0,5,0,0,0,620,30,590,0.04838709677419355,0,0.0,30,4.8,2112800,True,0,0,0,,0,0
235,TargetedFedPhoenix,1,0.125,10,update_norm,all,151,61.08000183105469,11.88403789998847,"[45, 71, 84, 65, 61, 83, 87, 53, 77, 51]","[23600703, 23601700, 23602697, 23603694, 23604691, 23605688, 23606685, 23607682, 23608679, 23609676]",984f073ad932a3ee959c4f0b3ce8f8b59cf8cb733f4916d15b29ccaa1e80aaf7,10,7,7,7,0,3,0,0,0,620,42,578,0.06774193548387097,0,0.0,42,4.857142857142857,2112800,True,0,0,0,,0,0
236,TargetedFedPhoenix,1,0.125,10,update_norm,all,151,76.88999938964844,11.856190499995137,"[13, 71, 56, 63, 49, 44, 85, 76, 50, 93]","[23700706, 23701703, 23702700, 23703697, 23704694, 23705691, 23706688, 23707685, 23708682, 23709679]",bd035d7c1b36d17ce579ee6a72c3b045852ebbed55c720ca803149b517ba745a,10,5,5,5,0,5,0,0,0,620,30,590,0.04838709677419355,2,0.06666666666666667,28,4.0,2112800,True,0,0,0,,0,0
237,TargetedFedPhoenix,1,0.125,10,update_norm,all,151,70.3499984741211,10.589689199987333,"[45, 52, 95, 68, 64, 15, 29, 54, 43, 93]","[23800709, 23801706, 23802703, 23803700, 23804697, 23805694, 23806691, 23807688, 23808685, 23809682]",f112d8304ecf530cba0db5a973e531786309bd5b660219f012eb461e4af4c3aa,10,6,6,6,0,4,0,0,0,620,36,584,0.05806451612903226,1,0.027777777777777776,35,5.0,2112800,True,0,0,0,,0,0
238,TargetedFedPhoenix,1,0.125,10,update_norm,all,151,69.8499984741211,11.523629499977687,"[58, 70, 25, 56, 87, 27, 94, 1, 74, 44]","[23900712, 23901709, 23902706, 23903703, 23904700, 23905697, 23906694, 23907691, 23908688, 23909685]",c4644899dec04cbbc70efe02a925c193fa6fd8dc22006a07918d66c7bb0a23db,10,7,7,7,0,3,0,0,0,620,42,578,0.06774193548387097,0,0.0,42,5.428571428571429,2112800,True,0,0,0,,0,0
239,TargetedFedPhoenix,1,0.125,10,update_norm,all,151,74.47000122070312,13.404392199998256,"[2, 7, 31, 45, 81, 62, 23, 97, 18, 27]","[24000715, 24001712, 24002709, 24003706, 24004703, 24005700, 24006697, 24007694, 24008691, 24009688]",ec85f492660db2d85e9efe62fdf81d6d0fb71647a0c715c2dc502e055820b91a,10,4,4,4,0,6,0,0,0,620,24,596,0.03870967741935484,1,0.041666666666666664,23,5.5,2112800,True,0,0,0,,0,0
240,TargetedFedPhoenix,1,0.125,10,update_norm,all,151,66.47000122070312,12.82722659999854,"[25, 13, 40, 64, 52, 44, 22, 48, 3, 46]","[24100718, 24101715, 24102712, 24103709, 24104706, 24105703, 24106700, 24107697, 24108694, 24109691]",5b4b57a8caec52a3b2754f8ce435c68633d06af45b6bdfd253dc7ce3334b8c46,10,7,7,7,0,3,0,0,0,620,42,578,0.06774193548387097,0,0.0,42,4.142857142857143,2112800,True,0,0,0,,0,0
241,TargetedFedPhoenix,1,0.125,10,update_norm,all,151,74.37000274658203,9.939903999998933,"[84, 9, 72, 56, 13, 98, 21, 79, 71, 32]","[24200721, 24201718, 24202715, 24203712, 24204709, 24205706, 24206703, 24207700, 24208697, 24209694]",08949e100232f26012a1fdf557fca70077bc1b99992a6491f077e2008b392d86,10,7,7,7,0,3,0,0,0,620,42,578,0.06774193548387097,0,0.0,42,5.571428571428571,2112800,True,0,0,0,,0,0
242,TargetedFedPhoenix,1,0.125,10,update_norm,all,151,76.2699966430664,13.738817300007213,"[32, 2, 36, 91, 58, 81, 87, 68, 25, 5]","[24300724, 24301721, 24302718, 24303715, 24304712, 24305709, 24306706, 24307703, 24308700, 24309697]",6a115e671c7a9f97b42f724d87e5f15038b6edc38fcef7d873181c4cdbecb451,10,7,7,7,0,3,0,0,0,620,42,578,0.06774193548387097,2,0.047619047619047616,40,3.142857142857143,2112800,True,0,0,0,,0,0
243,TargetedFedPhoenix,1,0.125,10,update_norm,all,151,72.87999725341797,12.066558500024257,"[25, 41, 74, 21, 97, 69, 4, 17, 3, 88]","[24400727, 24401724, 24402721, 24403718, 24404715, 24405712, 24406709, 24407706, 24408703, 24409700]",de65b74c6907f6f0a3b1e5353eba1fa5b6361af7d38096e9864bced59643ec21,10,6,6,6,0,4,0,0,0,620,36,584,0.05806451612903226,1,0.027777777777777776,35,4.0,2112800,True,0,0,0,,0,0
244,TargetedFedPhoenix,1,0.125,10,update_norm,all,151,74.05999755859375,13.555058700003428,"[80, 19, 97, 75, 60, 93, 78, 40, 32, 87]","[24500730, 24501727, 24502724, 24503721, 24504718, 24505715, 24506712, 24507709, 24508706, 24509703]",7e7161243e9f87b6f19ab7f7e1832369983f2a9c6d5b9deed31391c871f2879e,10,5,5,5,0,5,0,0,0,620,30,590,0.04838709677419355,0,0.0,30,3.2,2112800,True,0,0,0,,0,0
245,TargetedFedPhoenix,1,0.125,10,update_norm,all,151,75.08999633789062,11.97347379999701,"[70, 59, 68, 16, 36, 72, 71, 45, 91, 56]","[24600733, 24601730, 24602727, 24603724, 24604721, 24605718, 24606715, 24607712, 24608709, 24609706]",7bec824a13c72a18182ffc252b7842bcdab253ca095ffc7f83ee465975392480,10,8,8,8,0,2,0,0,0,620,48,572,0.07741935483870968,0,0.0,48,4.25,2112800,True,0,0,0,,0,0
246,TargetedFedPhoenix,1,0.125,10,update_norm,all,151,76.19000244140625,10.027504700003192,"[83, 81, 9, 39, 2, 67, 66, 98, 80, 51]","[24700736, 24701733, 24702730, 24703727, 24704724, 24705721, 24706718, 24707715, 24708712, 24709709]",608649c149cda046f485941acf88e32a82d1ed7dcd377d24394c3d00a949a0f7,10,5,5,5,0,5,0,0,0,620,30,590,0.04838709677419355,0,0.0,30,4.0,2112800,True,0,0,0,,0,0
247,TargetedFedPhoenix,1,0.125,10,update_norm,all,151,55.040000915527344,9.725189899996622,"[43, 64, 42, 4, 78, 0, 39, 57, 37, 98]","[24800739, 24801736, 24802733, 24803730, 24804727, 24805724, 24806721, 24807718, 24808715, 24809712]",024eb2b72493d53593c08c213f7c5f0474a05ac5cd7901f8897c4eb6d0eff234,10,6,6,6,0,4,0,0,0,620,36,584,0.05806451612903226,0,0.0,36,4.333333333333333,2112800,True,0,0,0,,0,0
248,TargetedFedPhoenix,1,0.125,10,update_norm,all,151,72.41999816894531,13.53913280001143,"[11, 6, 16, 48, 14, 19, 68, 82, 94, 39]","[24900742, 24901739, 24902736, 24903733, 24904730, 24905727, 24906724, 24907721, 24908718, 24909715]",e1c922319f873873bb03524aed83421906f0b7f567ec3dbad3d83f1526499494,10,6,6,6,0,4,0,0,0,620,36,584,0.05806451612903226,0,0.0,36,4.833333333333333,2112800,True,0,0,0,,0,0
249,TargetedFedPhoenix,1,0.125,10,update_norm,all,151,68.94999694824219,11.875433800014434,"[0, 7, 93, 77, 78, 38, 46, 99, 42, 54]","[25000745, 25001742, 25002739, 25003736, 25004733, 25005730, 25006727, 25007724, 25008721, 25009718]",09783b1c8fa8ed29199d8bda4bcf0091a571e937f98b649029bb3e3fb86fa002,10,6,6,6,0,4,0,0,0,620,36,584,0.05806451612903226,1,0.027777777777777776,35,5.0,2112800,True,0,0,0,,0,0
250,TargetedFedPhoenix,1,0.125,10,update_norm,all,151,73.36000061035156,13.910316900000907,"[36, 70, 71, 57, 63, 73, 69, 17, 48, 47]","[25100748, 25101745, 25102742, 25103739, 25104736, 25105733, 25106730, 25107727, 25108724, 25109721]",a7f345b28609937387b49d95ec60ecc740e10107093957132d1585f0112fe1b6,10,7,7,7,0,3,0,0,0,620,42,578,0.06774193548387097,1,0.023809523809523808,41,4.857142857142857,2112800,True,0,0,0,,0,0
251,TargetedFedPhoenix,1,0.125,10,update_norm,all,151,76.27999877929688,9.007692999992287,"[10, 42, 60, 43, 85, 48, 1, 91, 22, 26]","[25200751, 25201748, 25202745, 25203742, 25204739, 25205736, 25206733, 25207730, 25208727, 25209724]",c6f95dd6017cc34bb8b7eef3675e298228c995db0d391bda36a7b7ad8324c545,10,5,5,5,0,5,0,0,0,620,30,590,0.04838709677419355,0,0.0,30,4.0,2112800,True,0,0,0,,0,0
252,TargetedFedPhoenix,1,0.125,10,update_norm,all,151,71.79000091552734,12.083937800023705,"[46, 3, 23, 96, 47, 32, 52, 50, 82, 28]","[25300754, 25301751, 25302748, 25303745, 25304742, 25305739, 25306736, 25307733, 25308730, 25309727]",45ee6917440da0bc6355add1dd3d4d15923326ded014900c680f9aa23391b681,10,5,5,5,0,5,0,0,0,620,30,590,0.04838709677419355,0,0.0,30,5.2,2112800,True,0,0,0,,0,0
253,TargetedFedPhoenix,1,0.125,10,update_norm,all,151,72.5999984741211,9.911488599987933,"[2, 55, 26, 94, 14, 72, 5, 50, 91, 42]","[25400757, 25401754, 25402751, 25403748, 25404745, 25405742, 25406739, 25407736, 25408733, 25409730]",a217caf55320dfeae8e8ce90f03f784687c19dbc0a51945c3934b78beef2fb9b,10,8,8,8,0,2,0,0,0,620,48,572,0.07741935483870968,0,0.0,48,4.0,2112800,True,0,0,0,,0,0
254,TargetedFedPhoenix,1,0.125,10,update_norm,all,151,69.36000061035156,11.27645649999613,"[75, 69, 0, 7, 53, 77, 67, 64, 62, 73]","[25500760, 25501757, 25502754, 25503751, 25504748, 25505745, 25506742, 25507739, 25508736, 25509733]",ad3e11c991eea34dafa5f09e59f7550e8e8c3d53ab99acc197c29828e789dcf6,10,8,8,8,0,2,0,0,0,620,48,572,0.07741935483870968,1,0.020833333333333332,47,6.0,2112800,True,0,0,0,,0,0
255,TargetedFedPhoenix,1,0.125,10,update_norm,all,151,76.20999908447266,11.278686300007394,"[14, 27, 66, 5, 15, 75, 91, 28, 63, 62]","[25600763, 25601760, 25602757, 25603754, 25604751, 25605748, 25606745, 25607742, 25608739, 25609736]",6c8d3f93b90a557dc775a880f6db2b81332975c15974cc5ed47a9b25b0ae065a,10,8,8,8,0,2,0,0,0,620,48,572,0.07741935483870968,0,0.0,48,3.125,2112800,True,0,0,0,,0,0
256,TargetedFedPhoenix,1,0.125,10,update_norm,all,151,66.16999816894531,11.358881699998165,"[74, 39, 76, 51, 46, 12, 95, 17, 68, 93]","[25700766, 25701763, 25702760, 25703757, 25704754, 25705751, 25706748, 25707745, 25708742, 25709739]",a77b4867870b80fb528b24de899dcf30f6f77a1af05db2fbd4f8884d9bea2776,10,6,6,6,0,4,0,0,0,620,36,584,0.05806451612903226,0,0.0,36,7.166666666666667,2112800,True,0,0,0,,0,0
257,TargetedFedPhoenix,1,0.125,10,update_norm,all,151,76.05999755859375,12.15566280001076,"[46, 28, 88, 96, 20, 23, 19, 15, 91, 11]","[25800769, 25801766, 25802763, 25803760, 25804757, 25805754, 25806751, 25807748, 25808745, 25809742]",f9bce5c0341425ed6e6ad58d32d06d5bf7d46c9d427298481239f0023c37fa35,10,8,8,8,0,2,0,0,0,620,48,572,0.07741935483870968,1,0.020833333333333332,47,4.375,2112800,True,0,0,0,,0,0
258,TargetedFedPhoenix,1,0.125,10,update_norm,all,151,73.44000244140625,11.188598899985664,"[18, 46, 87, 61, 79, 50, 69, 97, 72, 37]","[25900772, 25901769, 25902766, 25903763, 25904760, 25905757, 25906754, 25907751, 25908748, 25909745]",2f4b280527a1777e0e88b3d325bd91cc167ef4387c6eded5a355af8c4231b86c,10,4,4,4,0,6,0,0,0,620,24,596,0.03870967741935484,0,0.0,24,3.75,2112800,True,0,0,0,,0,0
259,TargetedFedPhoenix,1,0.125,10,update_norm,all,151,76.38999938964844,12.024711399979424,"[34, 57, 53, 30, 72, 9, 37, 19, 5, 14]","[26000775, 26001772, 26002769, 26003766, 26004763, 26005760, 26006757, 26007754, 26008751, 26009748]",9fae2845ceb9b50fe35e1cdf52e79865dd20b752505fb0e34585d4e56dce154b,10,7,7,7,0,3,0,0,0,620,42,578,0.06774193548387097,1,0.023809523809523808,41,3.7142857142857144,2112800,True,0,0,0,,0,0
260,TargetedFedPhoenix,1,0.125,10,update_norm,all,151,73.63999938964844,9.821297899994534,"[4, 67, 61, 35, 96, 86, 63, 9, 8, 36]","[26100778, 26101775, 26102772, 26103769, 26104766, 26105763, 26106760, 26107757, 26108754, 26109751]",6a0a1d844b3f3e48b61448615220182c45656dd2ad772dca4e385a4758069d49,10,6,6,6,0,4,0,0,0,620,36,584,0.05806451612903226,0,0.0,36,4.5,2112800,True,0,0,0,,0,0
261,TargetedFedPhoenix,1,0.125,10,update_norm,all,151,76.8499984741211,10.355262400000356,"[89, 41, 20, 92, 67, 44, 61, 77, 3, 9]","[26200781, 26201778, 26202775, 26203772, 26204769, 26205766, 26206763, 26207760, 26208757, 26209754]",a754a9b38b04edeb76bc18b7b2e774c918c4244178cb10e0bbe9c170cafdaab2,10,6,6,6,0,4,0,0,0,620,36,584,0.05806451612903226,0,0.0,36,3.8333333333333335,2112800,True,0,0,0,,0,0
262,TargetedFedPhoenix,1,0.125,10,update_norm,all,151,77.22000122070312,10.546221700002206,"[87, 20, 97, 50, 35, 68, 33, 98, 53, 96]","[26300784, 26301781, 26302778, 26303775, 26304772, 26305769, 26306766, 26307763, 26308760, 26309757]",25d5ba08d3da852f84f412f5f2af60565e5928e67197a387456ebaf9d191056c,10,8,8,8,0,2,0,0,0,620,48,572,0.07741935483870968,2,0.041666666666666664,46,3.25,2112800,True,0,0,0,,0,0
263,TargetedFedPhoenix,1,0.125,10,update_norm,all,151,68.12000274658203,12.559047400020063,"[89, 57, 26, 69, 23, 54, 68, 92, 4, 82]","[26400787, 26401784, 26402781, 26403778, 26404775, 26405772, 26406769, 26407766, 26408763, 26409760]",d746671aa6b329964f1d3076c175645674dfc05ae5a890f206831c4e6a51d9e8,10,8,8,8,0,2,0,0,0,620,48,572,0.07741935483870968,1,0.020833333333333332,47,4.125,2112800,True,0,0,0,,0,0
264,TargetedFedPhoenix,1,0.125,10,update_norm,all,151,70.54000091552734,11.198306300007971,"[45, 31, 11, 28, 39, 71, 7, 91, 4, 93]","[26500790, 26501787, 26502784, 26503781, 26504778, 26505775, 26506772, 26507769, 26508766, 26509763]",5c564203ca04ed5a3de03d0ece6bc1cc39f77b002208801a25ada6fc8deb57d8,10,7,7,7,0,3,0,0,0,620,42,578,0.06774193548387097,2,0.047619047619047616,40,6.857142857142857,2112800,True,0,0,0,,0,0
265,TargetedFedPhoenix,1,0.125,10,update_norm,all,151,72.8499984741211,12.874503800005186,"[2, 85, 50, 23, 46, 82, 83, 20, 49, 6]","[26600793, 26601790, 26602787, 26603784, 26604781, 26605778, 26606775, 26607772, 26608769, 26609766]",bdf645881257ec011f9bd47777e7666d1546021f9e9f38e1db171dec26926fcb,10,5,5,5,0,5,0,0,0,620,30,590,0.04838709677419355,1,0.03333333333333333,29,3.4,2112800,True,0,0,0,,0,0
266,TargetedFedPhoenix,1,0.125,10,update_norm,all,151,75.37000274658203,12.436723499995423,"[3, 42, 84, 62, 69, 25, 23, 76, 52, 75]","[26700796, 26701793, 26702790, 26703787, 26704784, 26705781, 26706778, 26707775, 26708772, 26709769]",6cce1240ee836c3dd057ae37f5b9e7cbdb5b9442a5b06c0c1773b971f24cae40,10,4,4,4,0,6,0,0,0,620,24,596,0.03870967741935484,0,0.0,24,4.75,2112800,True,0,0,0,,0,0
267,TargetedFedPhoenix,1,0.125,10,update_norm,all,151,67.43000030517578,10.194364599999972,"[4, 95, 1, 21, 83, 23, 48, 78, 42, 31]","[26800799, 26801796, 26802793, 26803790, 26804787, 26805784, 26806781, 26807778, 26808775, 26809772]",5edaaf68b5dc92dc7227e5aecb54663b007ec19269a3e6842c87ec7d47e98dba,10,5,5,5,0,5,0,0,0,620,30,590,0.04838709677419355,0,0.0,30,2.0,2112800,True,0,0,0,,0,0
268,TargetedFedPhoenix,1,0.125,10,update_norm,all,151,44.459999084472656,9.35351489999448,"[38, 6, 37, 55, 34, 97, 98, 74, 56, 45]","[26900802, 26901799, 26902796, 26903793, 26904790, 26905787, 26906784, 26907781, 26908778, 26909775]",5ef6035143de992e79068ddcf51a8bc603877b7e89bf862214a800fb968bce99,10,6,6,6,0,4,0,0,0,620,36,584,0.05806451612903226,1,0.027777777777777776,35,6.166666666666667,2112800,True,0,0,0,,0,0
269,TargetedFedPhoenix,1,0.125,10,update_norm,all,151,71.95999908447266,10.529703400010476,"[54, 93, 74, 85, 16, 98, 50, 59, 70, 3]","[27000805, 27001802, 27002799, 27003796, 27004793, 27005790, 27006787, 27007784, 27008781, 27009778]",a1ec0cd635816300519ef910a5f1d8785926225cf3c4ca07f4f3a0f62135d887,10,7,7,7,0,3,0,0,0,620,42,578,0.06774193548387097,0,0.0,42,3.4285714285714284,2112800,True,0,0,0,,0,0
270,TargetedFedPhoenix,1,0.125,10,update_norm,all,151,72.36000061035156,11.186416400014423,"[39, 20, 43, 1, 78, 0, 60, 31, 15, 6]","[27100808, 27101805, 27102802, 27103799, 27104796, 27105793, 27106790, 27107787, 27108784, 27109781]",ccc7cf16f105be4d3cffb564b6ca3a47f386a132cf11791e597137545449e259,10,6,6,6,0,4,0,0,0,620,36,584,0.05806451612903226,0,0.0,36,3.6666666666666665,2112800,True,0,0,0,,0,0
271,TargetedFedPhoenix,1,0.125,10,update_norm,all,151,70.2300033569336,10.398130299989134,"[42, 76, 2, 31, 19, 17, 83, 92, 44, 35]","[27200811, 27201808, 27202805, 27203802, 27204799, 27205796, 27206793, 27207790, 27208787, 27209784]",90f4a491fa24469a6f83eeb109b91a6fd37a53645ea538ff82a30d5b83230993,10,8,8,8,0,2,0,0,0,620,48,572,0.07741935483870968,0,0.0,48,5.875,2112800,True,0,0,0,,0,0
272,TargetedFedPhoenix,1,0.125,10,update_norm,all,151,68.54000091552734,9.544434500014177,"[56, 91, 92, 28, 38, 82, 32, 98, 63, 85]","[27300814, 27301811, 27302808, 27303805, 27304802, 27305799, 27306796, 27307793, 27308790, 27309787]",0966a134916eeaade488130f4c22b38824b383c619e3e4fc9fce59858f888f1d,10,8,8,8,0,2,0,0,0,620,48,572,0.07741935483870968,1,0.020833333333333332,47,4.75,2112800,True,0,0,0,,0,0
273,TargetedFedPhoenix,1,0.125,10,update_norm,all,151,69.05999755859375,12.802692700002808,"[5, 84, 60, 47, 3, 13, 65, 92, 19, 74]","[27400817, 27401814, 27402811, 27403808, 27404805, 27405802, 27406799, 27407796, 27408793, 27409790]",bdcd847f4a8721b95fdc17ab0621934f222620380174de2f7cbe49e1eacdfa5c,10,6,6,6,0,4,0,0,0,620,36,584,0.05806451612903226,1,0.027777777777777776,35,3.5,2112800,True,0,0,0,,0,0
274,TargetedFedPhoenix,1,0.125,10,update_norm,all,151,53.209999084472656,12.530128000013065,"[59, 45, 39, 67, 6, 78, 84, 80, 22, 57]","[27500820, 27501817, 27502814, 27503811, 27504808, 27505805, 27506802, 27507799, 27508796, 27509793]",3504c21ef9ef9adaa2249309185771cf8d59c642a29d84ee5a5bb0bc33acba09,10,6,6,6,0,4,0,0,0,620,36,584,0.05806451612903226,1,0.027777777777777776,35,4.0,2112800,True,0,0,0,,0,0
275,TargetedFedPhoenix,1,0.125,10,update_norm,all,151,75.93000030517578,9.79929429999902,"[64, 42, 43, 38, 94, 36, 68, 8, 11, 89]","[27600823, 27601820, 27602817, 27603814, 27604811, 27605808, 27606805, 27607802, 27608799, 27609796]",dca052a40dcbdf0f7fdae69a0cbbd77d5be76a97432c6eec86ba70fef65a013c,10,3,3,3,0,7,0,0,0,620,18,602,0.02903225806451613,0,0.0,18,4.0,2112800,True,0,0,0,,0,0
276,TargetedFedPhoenix,1,0.125,10,update_norm,all,151,66.58000183105469,13.582481799996458,"[23, 69, 89, 9, 42, 74, 62, 68, 57, 93]","[27700826, 27701823, 27702820, 27703817, 27704814, 27705811, 27706808, 27707805, 27708802, 27709799]",1186c27310f9cb6cf0a7a8bbff7e2574ec22460190f499cb1ef7718e5083a7af,10,9,9,9,0,1,0,0,0,620,54,566,0.08709677419354839,0,0.0,54,4.888888888888889,2112800,True,0,0,0,,0,0
277,TargetedFedPhoenix,1,0.125,10,update_norm,all,151,77.18000030517578,13.415918299986515,"[85, 66, 93, 44, 48, 13, 3, 21, 23, 39]","[27800829, 27801826, 27802823, 27803820, 27804817, 27805814, 27806811, 27807808, 27808805, 27809802]",eace13059ee191a58433270a437d341f7f4f07165a33ca10c2b9dbf8c61f4499,10,9,9,9,0,1,0,0,0,620,54,566,0.08709677419354839,1,0.018518518518518517,53,4.888888888888889,2112800,True,0,0,0,,0,0
278,TargetedFedPhoenix,1,0.125,10,update_norm,all,151,64.37999725341797,14.213049899990438,"[28, 94, 18, 68, 65, 53, 66, 75, 12, 92]","[27900832, 27901829, 27902826, 27903823, 27904820, 27905817, 27906814, 27907811, 27908808, 27909805]",9c980127dfa866f67823367d090bbbc32ef55d70a3799c9c53301299020023ca,10,6,6,6,0,4,0,0,0,620,36,584,0.05806451612903226,0,0.0,36,3.6666666666666665,2112800,True,0,0,0,,0,0
279,TargetedFedPhoenix,1,0.125,10,update_norm,all,151,77.1500015258789,10.902211200009333,"[90, 75, 39, 64, 49, 44, 66, 50, 60, 98]","[28000835, 28001832, 28002829, 28003826, 28004823, 28005820, 28006817, 28007814, 28008811, 28009808]",acb8bad4820869fcfa0ba4399a70d8d7086ecd28cd43d3ced9b0dcc397c745da,10,8,8,8,0,2,0,0,0,620,48,572,0.07741935483870968,0,0.0,48,4.125,2112800,True,0,0,0,,0,0
280,TargetedFedPhoenix,1,0.125,10,update_norm,all,151,74.33000183105469,13.305456300004153,"[61, 27, 77, 23, 66, 33, 26, 42, 37, 78]","[28100838, 28101835, 28102832, 28103829, 28104826, 28105823, 28106820, 28107817, 28108814, 28109811]",0d9b830a56c367c4c25edace4389f17567890186c1ca18b45091f117b105e44b,10,4,4,4,0,6,0,0,0,620,24,596,0.03870967741935484,1,0.041666666666666664,23,3.5,2112800,True,0,0,0,,0,0
281,TargetedFedPhoenix,1,0.125,10,update_norm,all,151,69.68000030517578,11.567434900003718,"[0, 56, 5, 30, 76, 95, 53, 73, 63, 88]","[28200841, 28201838, 28202835, 28203832, 28204829, 28205826, 28206823, 28207820, 28208817, 28209814]",8e648cdd314764dd85ca9812633c3a07f710a2ebf6a97d6661089049f006454a,10,5,5,5,0,5,0,0,0,620,30,590,0.04838709677419355,1,0.03333333333333333,29,7.8,2112800,True,0,0,0,,0,0
282,TargetedFedPhoenix,1,0.125,10,update_norm,all,151,65.56999969482422,12.53895710001234,"[84, 89, 68, 64, 78, 62, 28, 30, 49, 41]","[28300844, 28301841, 28302838, 28303835, 28304832, 28305829, 28306826, 28307823, 28308820, 28309817]",fa300ce2c90afae4497161ff596c1402366b0cf649e023ce4325326cdb8ab42b,10,9,9,9,0,1,0,0,0,620,54,566,0.08709677419354839,0,0.0,54,4.111111111111111,2112800,True,0,0,0,,0,0
283,TargetedFedPhoenix,1,0.125,10,update_norm,all,151,72.44999694824219,11.649113799998304,"[67, 45, 94, 35, 39, 72, 5, 22, 7, 62]","[28400847, 28401844, 28402841, 28403838, 28404835, 28405832, 28406829, 28407826, 28408823, 28409820]",806504cdbd2399c4d3c34d1e52520f03ffa15c185c14cb273b4d57e60698b8cd,10,7,7,7,0,3,0,0,0,620,42,578,0.06774193548387097,0,0.0,42,5.571428571428571,2112800,True,0,0,0,,0,0
284,TargetedFedPhoenix,1,0.125,10,update_norm,all,151,74.9800033569336,10.663307700015139,"[90, 91, 9, 58, 98, 5, 97, 92, 55, 12]","[28500850, 28501847, 28502844, 28503841, 28504838, 28505835, 28506832, 28507829, 28508826, 28509823]",81f8b4f7145974dbf63f9382ab36c98b062f85180899f2937722b560a4c3b08f,10,6,6,6,0,4,0,0,0,620,36,584,0.05806451612903226,1,0.027777777777777776,35,5.166666666666667,2112800,True,0,0,0,,0,0
285,TargetedFedPhoenix,1,0.125,10,update_norm,all,151,64.7300033569336,10.682465899997624,"[84, 9, 22, 95, 91, 55, 21, 15, 13, 1]","[28600853, 28601850, 28602847, 28603844, 28604841, 28605838, 28606835, 28607832, 28608829, 28609826]",7fd0e36d46471da57dfc4c39f3bbba620cbb0cb9a1d2f0ca4385258cb55f0ace,10,8,8,8,0,2,0,0,0,620,48,572,0.07741935483870968,0,0.0,48,3.5,2112800,True,0,0,0,,0,0
286,TargetedFedPhoenix,1,0.125,10,update_norm,all,151,64.93000030517578,12.228173899988178,"[1, 53, 10, 7, 6, 90, 21, 92, 78, 46]","[28700856, 28701853, 28702850, 28703847, 28704844, 28705841, 28706838, 28707835, 28708832, 28709829]",8ade8ba9f813eee4a233062985e9b82a5db285f939c9f9b7ce16178f0a0969dd,10,7,7,7,0,3,0,0,0,620,42,578,0.06774193548387097,1,0.023809523809523808,41,2.5714285714285716,2112800,True,0,0,0,,0,0
287,TargetedFedPhoenix,1,0.125,10,update_norm,all,151,74.08000183105469,13.3674514000013,"[85, 92, 66, 58, 24, 86, 82, 2, 7, 64]","[28800859, 28801856, 28802853, 28803850, 28804847, 28805844, 28806841, 28807838, 28808835, 28809832]",55854c9e095d8d939c71caac26ca37483f5b03d0669a02e07907920a8ac87d3f,10,6,6,6,0,4,0,0,0,620,36,584,0.05806451612903226,1,0.027777777777777776,35,4.5,2112800,True,0,0,0,,0,0
288,TargetedFedPhoenix,1,0.125,10,update_norm,all,151,70.33000183105469,13.903460699977586,"[40, 50, 36, 99, 33, 79, 62, 74, 16, 22]","[28900862, 28901859, 28902856, 28903853, 28904850, 28905847, 28906844, 28907841, 28908838, 28909835]",183fa2b4152929e84e962f85ac03afde7bab939d212dfd3579cd5b8d374ea953,10,4,4,4,0,6,0,0,0,620,24,596,0.03870967741935484,0,0.0,24,6.25,2112800,True,0,0,0,,0,0
289,TargetedFedPhoenix,1,0.125,10,update_norm,all,151,72.61000061035156,13.001841199991759,"[25, 33, 10, 14, 87, 8, 51, 83, 69, 57]","[29000865, 29001862, 29002859, 29003856, 29004853, 29005850, 29006847, 29007844, 29008841, 29009838]",cada818e683ef939ea4c0878ff3f1f30a8f8713dd142a5e2997dd7e760623ff1,10,2,2,2,0,8,0,0,0,620,12,608,0.01935483870967742,0,0.0,12,2.0,2112800,True,0,0,0,,0,0
290,TargetedFedPhoenix,1,0.125,10,update_norm,all,151,77.7300033569336,11.537505599990254,"[35, 15, 38, 19, 52, 46, 71, 9, 47, 75]","[29100868, 29101865, 29102862, 29103859, 29104856, 29105853, 29106850, 29107847, 29108844, 29109841]",4e1c80020149a089f933706795ba445b695eaed4ef674824da2ac6fd733e737e,10,4,4,4,0,6,0,0,0,620,24,596,0.03870967741935484,0,0.0,24,5.25,2112800,True,0,0,0,,0,0
291,TargetedFedPhoenix,1,0.125,10,update_norm,all,151,72.80000305175781,11.354579699982423,"[86, 92, 14, 8, 45, 38, 60, 63, 82, 46]","[29200871, 29201868, 29202865, 29203862, 29204859, 29205856, 29206853, 29207850, 29208847, 29209844]",c3f3944236a91122915dbf0faba86a40dd0fa854c45cbe2f9a9deeb327872213,10,9,9,9,0,1,0,0,0,620,54,566,0.08709677419354839,0,0.0,54,4.0,2112800,True,0,0,0,,0,0
292,TargetedFedPhoenix,1,0.125,10,update_norm,all,151,69.58999633789062,12.983446999976877,"[73, 57, 67, 14, 40, 24, 63, 35, 72, 69]","[29300874, 29301871, 29302868, 29303865, 29304862, 29305859, 29306856, 29307853, 29308850, 29309847]",4b3c4e2edc3491229e595c550d7530deca120174d83fff2582260f0422961935,10,9,9,9,0,1,0,0,0,620,54,566,0.08709677419354839,2,0.037037037037037035,52,4.111111111111111,2112800,True,0,0,0,,0,0
293,TargetedFedPhoenix,1,0.125,10,update_norm,all,151,74.04000091552734,10.645163599983789,"[77, 55, 61, 34, 18, 35, 0, 97, 98, 26]","[29400877, 29401874, 29402871, 29403868, 29404865, 29405862, 29406859, 29407856, 29408853, 29409850]",37e2376895ea1adf74aa7607c69637af4264a09791e1b4eb01d51841ff6e6709,10,4,4,4,0,6,0,0,0,620,24,596,0.03870967741935484,1,0.041666666666666664,23,6.75,2112800,True,0,0,0,,0,0
294,TargetedFedPhoenix,1,0.125,10,update_norm,all,151,75.51000213623047,9.923973600001773,"[90, 30, 53, 77, 76, 85, 8, 35, 81, 69]","[29500880, 29501877, 29502874, 29503871, 29504868, 29505865, 29506862, 29507859, 29508856, 29509853]",91ee5661ea8bce5c8d2f9509aae2095973659ed96dc2f02fc4401a797816b1f8,10,7,7,7,0,3,0,0,0,620,42,578,0.06774193548387097,1,0.023809523809523808,41,4.285714285714286,2112800,True,0,0,0,,0,0
295,TargetedFedPhoenix,1,0.125,10,update_norm,all,151,71.6500015258789,13.455945299996529,"[52, 30, 46, 49, 35, 90, 6, 40, 20, 97]","[29600883, 29601880, 29602877, 29603874, 29604871, 29605868, 29606865, 29607862, 29608859, 29609856]",cadbfa11b2a778ee78e1f6da497db38f139751e8c9b9ac19d6020e403b20a724,10,8,8,8,0,2,0,0,0,620,48,572,0.07741935483870968,1,0.020833333333333332,47,3.25,2112800,True,0,0,0,,0,0
296,TargetedFedPhoenix,1,0.125,10,update_norm,all,151,74.30000305175781,11.88247969999793,"[42, 21, 97, 18, 44, 48, 98, 45, 7, 95]","[29700886, 29701883, 29702880, 29703877, 29704874, 29705871, 29706868, 29707865, 29708862, 29709859]",4a115f54f58d97d94baf04c6602a76afad6a2590c4f9200dd5efd18e133f06b4,10,6,6,6,0,4,0,0,0,620,36,584,0.05806451612903226,0,0.0,36,5.166666666666667,2112800,True,0,0,0,,0,0
297,TargetedFedPhoenix,1,0.125,10,update_norm,all,151,76.7300033569336,12.01391110001714,"[67, 72, 49, 58, 2, 66, 55, 98, 25, 53]","[29800889, 29801886, 29802883, 29803880, 29804877, 29805874, 29806871, 29807868, 29808865, 29809862]",5e623e1de4efdd6b6ffc606eb1ce9aa5045d48ab3f4390a03a35ceeec352ea14,10,10,10,10,0,0,0,0,0,620,60,560,0.0967741935483871,0,0.0,60,5.8,2112800,True,0,0,0,,0,0
298,TargetedFedPhoenix,1,0.125,10,update_norm,all,151,67.5,13.672839699982433,"[16, 2, 36, 77, 86, 40, 87, 33, 95, 75]","[29900892, 29901889, 29902886, 29903883, 29904880, 29905877, 29906874, 29907871, 29908868, 29909865]",c1bebca26def0f7fd6f188596223f661464e60244449bdb1044e411962782afa,10,10,10,10,0,0,0,0,0,620,60,560,0.0967741935483871,0,0.0,60,6.3,2112800,True,0,0,0,,0,0
299,TargetedFedPhoenix,1,0.125,10,update_norm,all,151,73.04000091552734,12.720987400010927,"[1, 66, 81, 52, 47, 99, 38, 56, 65, 4]","[30000895, 30001892, 30002889, 30003886, 30004883, 30005880, 30006877, 30007874, 30008871, 30009868]",04ce0d7a260996a8b2f8b99b118a5b86f04e1cd85d59e390d8f4b7e9a59463f6,10,5,5,5,0,5,0,0,0,620,30,590,0.04838709677419355,0,0.0,30,5.6,2112800,True,0,0,0,,0,0
300,TargetedFedPhoenix,1,0.125,10,update_norm,all,151,74.1500015258789,10.779756700008875,"[73, 93, 90, 66, 22, 52, 77, 18, 71, 39]","[30100898, 30101895, 30102892, 30103889, 30104886, 30105883, 30106880, 30107877, 30108874, 30109871]",9aa8894c4c00a0a491a9d61c8b15fbaf4f15d1606a30fe623d4802a25fe33602,10,7,7,7,0,3,0,0,0,620,42,578,0.06774193548387097,1,0.023809523809523808,41,4.428571428571429,2112800,True,0,0,0,,0,0
