round,algorithm,seed,tfp_target_ratio,tfp_max_history_gap,tfp_score_type,tfp_target_layers,tfp_start_round,test_accuracy,round_train_seconds,selected_clients,task_seeds,global_state_sha256,clients_with_history,clients_history_eligible,clients_targeted,clients_dispatch_changed,clients_cold_start,clients_stale,clients_no_valid_history,clients_no_target_slots,clients_before_start_round,total_reset_slots,targeted_reset_slots,random_reset_slots,actual_target_fraction,baseline_random_overlap_slots,baseline_random_overlap_rate,replaced_reset_slots,mean_history_gap_for_targeted,history_memory_bytes,controller_rng_unchanged,failed_client_updates,residual_total_kernels,residual_valid_kernels,residual_valid_fraction,residual_own_reset_invalid,residual_no_clean_peer_invalid
1,TargetedFedPhoenix,1,0.25,10,update_norm,all,1,10.0,17.482951499987394,"[80, 84, 33, 81, 93, 17, 36, 82, 69, 65]","[200001, 200998, 201995, 202992, 203989, 204986, 205983, 206980, 207977, 208974]",a54a841b1d8aaeb288f234a154b547d09329b79e22caa07bce35605dcd56155e,0,0,0,0,10,0,0,0,0,660,0,660,0.0,0,0.0,0,,211280,True,0,0,0,,0,0
2,TargetedFedPhoenix,1,0.25,10,update_norm,all,1,14.430000305175781,9.794713900002535,"[44, 96, 1, 35, 26, 11, 38, 82, 87, 3]","[300004, 301001, 301998, 302995, 303992, 304989, 305986, 306983, 307980, 308977]",6c885b77245c99fdd614589ac31b1c81bd2f9f405ae1953238ebdeef5530b959,1,1,1,1,9,0,0,0,0,660,15,645,0.022727272727272728,0,0.0,15,1.0,401432,True,0,0,0,,0,0
3,TargetedFedPhoenix,1,0.25,10,update_norm,all,1,12.819999694824219,10.004657199999201,"[95, 67, 96, 71, 1, 80, 99, 45, 52, 27]","[400007, 401004, 402001, 402998, 403995, 404992, 405989, 406986, 407983, 408980]",3112f363cb343d37496c744303d15e491dcbdab0341e7b87dddde696976701d7,3,3,3,3,7,0,0,0,0,660,45,615,0.06818181818181818,1,0.022222222222222223,44,1.3333333333333333,549328,True,0,0,0,,0,0
4,TargetedFedPhoenix,1,0.25,10,update_norm,all,1,18.209999084472656,10.960472299993853,"[40, 10, 96, 66, 89, 32, 95, 55, 25, 5]","[500010, 501007, 502004, 503001, 503998, 504995, 505992, 506989, 507986, 508983]",971b988b8291e264d801ddc010317eb27749f7b6398ea3e0ceac4eef81107e17,2,2,2,2,8,0,0,0,0,660,30,630,0.045454545454545456,2,0.06666666666666667,28,1.0,718352,True,0,0,0,,0,0
5,TargetedFedPhoenix,1,0.25,10,update_norm,all,1,34.119998931884766,8.185356000001775,"[89, 99, 45, 96, 72, 9, 74, 88, 1, 38]","[600013, 601010, 602007, 603004, 604001, 604998, 605995, 606992, 607989, 608986]",498c27b971c4cf2742359cc865596ed84625fc7ec2ef064ca843ce7216cd5b82,6,6,6,6,4,0,0,0,0,660,90,570,0.13636363636363635,0,0.0,90,1.8333333333333333,802864,True,0,0,0,,0,0
6,TargetedFedPhoenix,1,0.25,10,update_norm,all,1,16.809999465942383,12.439604400002281,"[0, 86, 4, 23, 24, 1, 62, 83, 66, 93]","[700016, 701013, 702010, 703007, 704004, 705001, 705998, 706995, 707992, 708989]",bdcd596755ce610c1bf909c8574c14ae1358c3b1e292896825fac69c72d305b4,3,3,3,3,7,0,0,0,0,660,45,615,0.06818181818181818,0,0.0,45,2.6666666666666665,950760,True,0,0,0,,0,0
7,TargetedFedPhoenix,1,0.25,10,update_norm,all,1,22.34000015258789,10.30764349999663,"[6, 59, 72, 30, 91, 43, 75, 76, 15, 61]","[800019, 801016, 802013, 803010, 804007, 805004, 806001, 806998, 807995, 808992]",7c505a3c5c9c0fb201fdf5c903ab2dda9d4b14fa480b8fef664a5b9020b73e35,1,1,1,1,9,0,0,0,0,660,15,645,0.022727272727272728,0,0.0,15,2.0,1140912,True,0,0,0,,0,0
8,TargetedFedPhoenix,1,0.25,10,update_norm,all,1,24.75,11.133686000001035,"[44, 88, 74, 48, 59, 79, 25, 52, 45, 55]","[900022, 901019, 902016, 903013, 904010, 905007, 906004, 907001, 907998, 908995]",fd3307872d7ecdb361ad6d5a94bd1997a4400d921a8655050faea4833d037fb3,8,8,8,8,2,0,0,0,0,660,120,540,0.18181818181818182,2,0.016666666666666666,118,3.625,1183168,True,0,0,0,,0,0
9,TargetedFedPhoenix,1,0.25,10,update_norm,all,1,30.540000915527344,12.19723669999803,"[3, 60, 35, 33, 22, 66, 45, 68, 67, 75]","[1000025, 1001022, 1002019, 1003016, 1004013, 1005010, 1006007, 1007004, 1008001, 1008998]",5c7b99fa0f6c59b779d8024dd733536d6000590f489b6452b9eb16da25e0ee4b,7,7,7,7,3,0,0,0,0,660,105,555,0.1590909090909091,4,0.0380952380952381,101,4.857142857142857,1246552,True,0,0,0,,0,0
10,TargetedFedPhoenix,1,0.25,10,update_norm,all,1,29.399999618530273,14.287223600011203,"[64, 91, 12, 52, 16, 65, 50, 68, 33, 30]","[1100028, 1101025, 1102022, 1103019, 1104016, 1105013, 1106010, 1107007, 1108004, 1109001]",3009f990fc07cf1f87c2f399d699ab292c9bb5037b0d48d62f0a2dfd89a64db7,6,6,6,6,4,0,0,0,0,660,90,570,0.13636363636363635,1,0.011111111111111112,89,3.1666666666666665,1331064,True,0,0,0,,0,0
11,TargetedFedPhoenix,1,0.25,10,update_norm,all,1,38.040000915527344,13.90401220000058,"[54, 27, 23, 37, 75, 33, 41, 46, 52, 24]","[1200031, 1201028, 1202025, 1203022, 1204019, 1205016, 1206013, 1207010, 1208007, 1209004]",887cdad722ee38fb375720363db2f3265e6c7ad4492ed4640933551b7893ee67,6,6,6,6,4,0,0,0,0,660,90,570,0.13636363636363635,1,0.011111111111111112,89,3.6666666666666665,1415576,True,0,0,0,,0,0
12,TargetedFedPhoenix,1,0.25,10,update_norm,all,1,34.83000183105469,11.344899999996414,"[54, 45, 28, 44, 15, 1, 93, 12, 88, 40]","[1300034, 1301031, 1302028, 1303025, 1304022, 1305019, 1306016, 1307013, 1308010, 1309007]",855befc40a543601ed3db58a984d67a899f0b87dab8a2f861c4fa81b1899d737,9,9,9,9,1,0,0,0,0,660,135,525,0.20454545454545456,2,0.014814814814814815,133,4.333333333333333,1436704,True,0,0,0,,0,0
13,TargetedFedPhoenix,1,0.25,10,update_norm,all,1,35.150001525878906,13.244666700004018,"[70, 75, 5, 68, 36, 79, 72, 78, 57, 44]","[1400037, 1401034, 1402031, 1403028, 1404025, 1405022, 1406019, 1407016, 1408013, 1409010]",973ac4c2b7eaf3ef370657bebdfdf95f0c6131c80c1378a5d823fbc0e4d5b645,7,6,6,6,3,1,0,0,0,660,90,570,0.13636363636363635,1,0.011111111111111112,89,4.333333333333333,1500088,True,0,0,0,,0,0
14,TargetedFedPhoenix,1,0.25,10,update_norm,all,1,45.04999923706055,10.873092200010433,"[41, 9, 30, 89, 40, 49, 3, 22, 8, 16]","[1500040, 1501037, 1502034, 1503031, 1504028, 1505025, 1506022, 1507019, 1508016, 1509013]",413552c4faa8cf79c7c6b210132d85305df934ba91972127c9e0bc663c8d4bc3,8,8,8,8,2,0,0,0,0,660,120,540,0.18181818181818182,1,0.008333333333333333,119,5.125,1542344,True,0,0,0,,0,0
15,TargetedFedPhoenix,1,0.25,10,update_norm,all,1,46.959999084472656,10.756111900001997,"[82, 28, 69, 81, 56, 71, 85, 27, 37, 66]","[1600043, 1601040, 1602037, 1603034, 1604031, 1605028, 1606025, 1607022, 1608019, 1609016]",febb4deca469f4dc76eb930c121e8a6d6b811575d37048de9b3cfd1da07f759b,8,4,4,4,2,4,0,0,0,660,60,600,0.09090909090909091,0,0.0,60,4.25,1584600,True,0,0,0,,0,0
16,TargetedFedPhoenix,1,0.25,10,update_norm,all,1,49.119998931884766,9.284220699992147,"[60, 13, 26, 12, 1, 28, 88, 86, 11, 43]","[1700046, 1701043, 1702040, 1703037, 1704034, 1705031, 1706028, 1707025, 1708022, 1709019]",70565c27ffdd368a7d95be23907379b843436d203bea68720c473b4218abbfa4,9,7,7,7,1,2,0,0,0,660,105,555,0.1590909090909091,2,0.01904761904761905,103,5.571428571428571,1605728,True,0,0,0,,0,0
17,TargetedFedPhoenix,1,0.25,10,update_norm,all,1,47.470001220703125,9.884823800006416,"[93, 16, 72, 75, 10, 4, 38, 71, 42, 62]","[1800049, 1801046, 1802043, 1803040, 1804037, 1805034, 1806031, 1807028, 1808025, 1809022]",06f9f683473a4cc8a93049e248e274cb436fd1f825fd9e495aea82107ee77e1b,9,5,5,5,1,4,0,0,0,660,75,585,0.11363636363636363,4,0.05333333333333334,71,3.6,1626856,True,0,0,0,,0,0
18,TargetedFedPhoenix,1,0.25,10,update_norm,all,1,33.189998626708984,10.417231699990225,"[36, 47, 1, 64, 57, 97, 29, 6, 67, 92]","[1900052, 1901049, 1902046, 1903043, 1904040, 1905037, 1906034, 1907031, 1908028, 1909025]",a59e10beefdbaf12df4e682f9e608ff238ca2991766d73b904f12460a7d8f5ae,6,5,5,5,4,1,0,0,0,660,75,585,0.11363636363636363,1,0.013333333333333334,74,5.8,1711368,True,0,0,0,,0,0
19,TargetedFedPhoenix,1,0.25,10,update_norm,all,1,42.45000076293945,11.505562300008023,"[48, 87, 17, 57, 22, 81, 4, 51, 94, 63]","[2000055, 2001052, 2002049, 2003046, 2004043, 2005040, 2006037, 2007034, 2008031, 2009028]",9384c279c944a844fe851dba6a72be8549e86678eee2f61517fddf9f07b44951,7,4,4,4,3,3,0,0,0,660,60,600,0.09090909090909091,0,0.0,60,3.0,1774752,True,0,0,0,,0,0
20,TargetedFedPhoenix,1,0.25,10,update_norm,all,1,46.810001373291016,11.667977999997674,"[9, 17, 59, 11, 2, 95, 68, 28, 60, 14]","[2100058, 2101055, 2102052, 2103049, 2104046, 2105043, 2106040, 2107037, 2108034, 2109031]",add03604f4d2539e3e5af074a97efd4a797b6a283f6d8acaeaf1888540cd8341,8,6,6,6,2,2,0,0,0,660,90,570,0.13636363636363635,2,0.022222222222222223,88,4.333333333333333,1817008,True,0,0,0,,0,0
21,TargetedFedPhoenix,1,0.25,10,update_norm,all,1,51.5,10.589074599993182,"[26, 25, 15, 93, 45, 54, 68, 90, 76, 10]","[2200061, 2201058, 2202055, 2203052, 2204049, 2205046, 2206043, 2207040, 2208037, 2209034]",3a1d86124a548506cf19835171aeb6e4965aeda31229f3e4ec43b389c1617edf,9,7,7,7,1,2,0,0,0,660,105,555,0.1590909090909091,1,0.009523809523809525,104,5.857142857142857,1838136,True,0,0,0,,0,0
22,TargetedFedPhoenix,1,0.25,10,update_norm,all,1,55.279998779296875,10.060905599995749,"[84, 74, 93, 1, 48, 44, 29, 26, 94, 75]","[2300064, 2301061, 2302058, 2303055, 2304052, 2305049, 2306046, 2307043, 2308040, 2309037]",3b5e63d159e256904b844c4a63817a064733c6f43cd3ca30be239ed0acb77d97,10,8,8,8,0,2,0,0,0,660,120,540,0.18181818181818182,3,0.025,117,3.75,1838136,True,0,0,0,,0,0
23,TargetedFedPhoenix,1,0.25,10,update_norm,all,1,49.81999969482422,10.010730900001363,"[71, 58, 50, 22, 59, 84, 10, 70, 43, 67]","[2400067, 2401064, 2402061, 2403058, 2404055, 2405052, 2406049, 2407046, 2408043, 2409040]",23ae29bdb4c40da74febed4e20426c2510e41968f2bceb34804fcd6ac4e7b96d,9,8,8,8,1,1,0,0,0,660,120,540,0.18181818181818182,3,0.025,117,4.75,1859264,True,0,0,0,,0,0
24,TargetedFedPhoenix,1,0.25,10,update_norm,all,1,54.72999954223633,13.367556900004274,"[70, 54, 33, 75, 31, 58, 17, 6, 3, 51]","[2500070, 2501067, 2502064, 2503061, 2504058, 2505055, 2506052, 2507049, 2508046, 2509043]",737c7d1a26309adf560083a045d442d4a40d0651b2de5ddaec9a1dcc6d9da36e,9,8,8,8,1,1,0,0,0,660,120,540,0.18181818181818182,1,0.008333333333333333,119,4.0,1880392,True,0,0,0,,0,0
25,TargetedFedPhoenix,1,0.25,10,update_norm,all,1,54.18000030517578,10.984576700007892,"[42, 87, 33, 36, 30, 84, 78, 98, 71, 75]","[2600073, 2601070, 2602067, 2603064, 2604061, 2605058, 2606055, 2607052, 2608049, 2609046]",2d754a9326e8aa69b95c03db34217bfb6fb32a88632d81b7ef79fecfefa8c0a7,9,7,7,7,1,2,0,0,0,660,105,555,0.1590909090909091,0,0.0,105,3.857142857142857,1901520,True,0,0,0,,0,0
26,TargetedFedPhoenix,1,0.25,10,update_norm,all,1,52.04999923706055,10.399732999998378,"[41, 47, 34, 10, 51, 11, 50, 16, 86, 64]","[2700076, 2701073, 2702070, 2703067, 2704064, 2705061, 2706058, 2707055, 2708052, 2709049]",b7717059937e7f59b69c969e6ef4c4fd052e586f9c86175343ac1227ef344d73,9,8,8,8,1,1,0,0,0,660,120,540,0.18181818181818182,2,0.016666666666666666,118,6.125,1922648,True,0,0,0,,0,0
27,TargetedFedPhoenix,1,0.25,10,update_norm,all,1,52.34000015258789,11.89608639999642,"[58, 82, 63, 50, 98, 84, 4, 46, 65, 88]","[2800079, 2801076, 2802073, 2803070, 2804067, 2805064, 2806061, 2807058, 2808055, 2809052]",e285cdc4c7b9f85100519b96f36a1b94f165c1284837e0784a302172379ef1ad,10,6,6,6,0,4,0,0,0,660,90,570,0.13636363636363635,2,0.022222222222222223,88,4.0,1922648,True,0,0,0,,0,0
28,TargetedFedPhoenix,1,0.25,10,update_norm,all,1,51.2599983215332,9.034020000006421,"[99, 88, 69, 16, 46, 29, 90, 91, 4, 45]","[2900082, 2901079, 2902076, 2903073, 2904070, 2905067, 2906064, 2907061, 2908058, 2909055]",5b6ae9946756afb80e5a34ce55f78eff966180d7c177a57108ee91465f46afee,10,7,7,7,0,3,0,0,0,660,105,555,0.1590909090909091,1,0.009523809523809525,104,3.5714285714285716,1922648,True,0,0,0,,0,0
29,TargetedFedPhoenix,1,0.25,10,update_norm,all,1,47.2599983215332,12.504834099992877,"[80, 73, 28, 34, 1, 10, 13, 65, 5, 49]","[3000085, 3001082, 3002079, 3003076, 3004073, 3005070, 3006067, 3007064, 3008061, 3009058]",b73b774aa73723a2279d2545795e5556d24c55681005f9ffb381942a7476aed3,9,5,5,5,1,4,0,0,0,660,75,585,0.11363636363636363,1,0.013333333333333334,74,4.8,1943776,True,0,0,0,,0,0
30,TargetedFedPhoenix,1,0.25,10,update_norm,all,1,57.939998626708984,10.36761070000648,"[62, 41, 74, 11, 99, 8, 75, 26, 81, 85]","[3100088, 3101085, 3102082, 3103079, 3104076, 3105073, 3106070, 3107067, 3108064, 3109061]",9d2ed1e8cf3b47aef5e1cc7f084d89f683ff322514fa23727c27d8876c8a4176,10,6,6,6,0,4,0,0,0,660,90,570,0.13636363636363635,1,0.011111111111111112,89,5.166666666666667,1943776,True,0,0,0,,0,0
31,TargetedFedPhoenix,1,0.25,10,update_norm,all,1,58.43000030517578,8.620091100005084,"[96, 81, 77, 83, 14, 50, 13, 67, 53, 91]","[3200091, 3201088, 3202085, 3203082, 3204079, 3205076, 3206073, 3207070, 3208067, 3209064]",fce76a97e5dd8cbcf0933d5f08ef9d972da7917e08e91708c4bb3a36eee69ee6,8,5,5,5,2,3,0,0,0,660,75,585,0.11363636363636363,0,0.0,75,3.6,1986032,True,0,0,0,,0,0
32,TargetedFedPhoenix,1,0.25,10,update_norm,all,1,59.439998626708984,12.18135379999876,"[40, 73, 70, 3, 6, 94, 1, 25, 20, 10]","[3300094, 3301091, 3302088, 3303085, 3304082, 3305079, 3306076, 3307073, 3308070, 3309067]",8b3a53255514ffd61936c4da0539cc55fbf74ae291ddec02d564c86ad2173dad,9,7,7,7,1,2,0,0,0,660,105,555,0.1590909090909091,4,0.0380952380952381,101,6.142857142857143,2007160,True,0,0,0,,0,0
33,TargetedFedPhoenix,1,0.25,10,update_norm,all,1,58.68000030517578,11.666490699994029,"[45, 16, 51, 88, 17, 78, 36, 44, 21, 62]","[3400097, 3401094, 3402091, 3403088, 3404085, 3405082, 3406079, 3407076, 3408073, 3409070]",73a16a89469291d080667dd99d2c0e6a49e0412ce76790b3a31ea86259a2adb4,9,8,8,8,1,1,0,0,0,660,120,540,0.18181818181818182,1,0.008333333333333333,119,6.25,2028288,True,0,0,0,,0,0
34,TargetedFedPhoenix,1,0.25,10,update_norm,all,1,66.30000305175781,8.689186799994786,"[92, 43, 97, 61, 58, 67, 1, 98, 30, 75]","[3500100, 3501097, 3502094, 3503091, 3504088, 3505085, 3506082, 3507079, 3508076, 3509073]",96e0cfced684b55c417a13ac8df067bd98041e7b55b52538f8bfe6628e317c50,10,6,6,6,0,4,0,0,0,660,90,570,0.13636363636363635,0,0.0,90,5.333333333333333,2028288,True,0,0,0,,0,0
35,TargetedFedPhoenix,1,0.25,10,update_norm,all,1,55.54999923706055,11.002726799997617,"[31, 89, 17, 66, 92, 23, 96, 9, 35, 20]","[3600103, 3601100, 3602097, 3603094, 3604091, 3605088, 3606085, 3607082, 3608079, 3609076]",b19fb5a282878870c910bc1c6d107fd1f89acf9342fa7a1895b54743f4cdd0bd,10,4,4,4,0,6,0,0,0,660,60,600,0.09090909090909091,0,0.0,60,2.5,2028288,True,0,0,0,,0,0
36,TargetedFedPhoenix,1,0.25,10,update_norm,all,1,51.59000015258789,14.076451400003862,"[72, 68, 65, 28, 23, 85, 16, 60, 73, 78]","[3700106, 3701103, 3702100, 3703097, 3704094, 3705091, 3706088, 3707085, 3708082, 3709079]",738974edc27afa217e4727fde505f29f3dca9013e49d3c3dc4d2c7a210595a7b,10,7,7,7,0,3,0,0,0,660,105,555,0.1590909090909091,1,0.009523809523809525,104,4.428571428571429,2028288,True,0,0,0,,0,0
37,TargetedFedPhoenix,1,0.25,10,update_norm,all,1,64.0999984741211,10.915639500002726,"[66, 49, 62, 9, 84, 68, 74, 3, 44, 71]","[3800109, 3801106, 3802103, 3803100, 3804097, 3805094, 3806091, 3807088, 3808085, 3809082]",5b422f67d334c757eeb33a2ca7ddd5fb29b0aecb915c8bc539941d2eabba8c34,10,9,9,9,0,1,0,0,0,660,135,525,0.20454545454545456,2,0.014814814814814815,133,4.777777777777778,2028288,True,0,0,0,,0,0
38,TargetedFedPhoenix,1,0.25,10,update_norm,all,1,57.150001525878906,8.868003999989014,"[50, 73, 27, 38, 8, 53, 21, 14, 28, 64]","[3900112, 3901109, 3902106, 3903103, 3904100, 3905097, 3906094, 3907091, 3908088, 3909085]",835997993022d4c0a610f5c3868aaed0e80612af7f49a2ab8d1ddfdd0501038c,10,7,7,7,0,3,0,0,0,660,105,555,0.1590909090909091,3,0.02857142857142857,102,5.428571428571429,2028288,True,0,0,0,,0,0
39,TargetedFedPhoenix,1,0.25,10,update_norm,all,1,60.720001220703125,10.509502999993856,"[48, 87, 40, 59, 3, 10, 75, 35, 49, 89]","[4000115, 4001112, 4002109, 4003106, 4004103, 4005100, 4006097, 4007094, 4008091, 4009088]",951cea355fffd338b3854aaf693e6760bcbf13958e5293eae2ea2dc1e94554c9,10,7,7,7,0,3,0,0,0,660,105,555,0.1590909090909091,0,0.0,105,4.428571428571429,2028288,True,0,0,0,,0,0
40,TargetedFedPhoenix,1,0.25,10,update_norm,all,1,64.83999633789062,9.96963350000442,"[83, 93, 34, 60, 90, 45, 42, 41, 91, 36]","[4100118, 4101115, 4102112, 4103109, 4104106, 4105103, 4106100, 4107097, 4108094, 4109091]",b83e3b97ae57d6079b69790dca2b855fd4e9cbb4ae1fa9798f26c95e039313ff,10,6,6,6,0,4,0,0,0,660,90,570,0.13636363636363635,2,0.022222222222222223,88,7.666666666666667,2028288,True,0,0,0,,0,0
41,TargetedFedPhoenix,1,0.25,10,update_norm,all,1,67.22000122070312,10.197040699989884,"[75, 52, 20, 80, 90, 93, 4, 51, 13, 98]","[4200121, 4201118, 4202115, 4203112, 4204109, 4205106, 4206103, 4207100, 4208097, 4209094]",5f7adeb9a4269c5b271bda2b459bec904094e3deacfb6acdcc37c16a8d456a98,10,7,7,7,0,3,0,0,0,660,105,555,0.1590909090909091,2,0.01904761904761905,103,5.0,2028288,True,0,0,0,,0,0
42,TargetedFedPhoenix,1,0.25,10,update_norm,all,1,57.36000061035156,11.263169500001823,"[98, 79, 17, 10, 3, 12, 29, 26, 54, 58]","[4300124, 4301121, 4302118, 4303115, 4304112, 4305109, 4306106, 4307103, 4308100, 4309097]",3e866264bfabbc596f6ad741ab83464a953436587ea9b96346623c3a3b81702c,10,5,5,5,0,5,0,0,0,660,75,585,0.11363636363636363,1,0.013333333333333334,74,4.4,2028288,True,0,0,0,,0,0
43,TargetedFedPhoenix,1,0.25,10,update_norm,all,1,62.20000076293945,12.070211400001426,"[32, 15, 47, 9, 7, 16, 24, 57, 71, 28]","[4400127, 4401124, 4402121, 4403118, 4404115, 4405112, 4406109, 4407106, 4408103, 4409100]",64eaf953f768cd8a1ec88bb4358650ab664a9c22867a5bbd05401cbc259f009e,9,4,4,4,1,5,0,0,0,660,60,600,0.09090909090909091,0,0.0,60,6.0,2049416,True,0,0,0,,0,0
44,TargetedFedPhoenix,1,0.25,10,update_norm,all,1,62.70000076293945,9.87159409999731,"[76, 67, 81, 35, 44, 49, 32, 99, 69, 51]","[4500130, 4501127, 4502124, 4503121, 4504118, 4505115, 4506112, 4507109, 4508106, 4509103]",2fdaf05ade212390a66424f6498f744add9b8a9445a85b09901da6491fa504e0,10,6,6,6,0,4,0,0,0,660,90,570,0.13636363636363635,0,0.0,90,5.166666666666667,2049416,True,0,0,0,,0,0
45,TargetedFedPhoenix,1,0.25,10,update_norm,all,1,50.970001220703125,9.622681799999555,"[42, 4, 95, 71, 84, 22, 61, 5, 10, 28]","[4600133, 4601130, 4602127, 4603124, 4604121, 4605118, 4606115, 4607112, 4608109, 4609106]",74ada728d84698e93eaf798fcdef3e5c5986233fe8f003139876836fe49d14a3,10,6,6,6,0,4,0,0,0,660,90,570,0.13636363636363635,1,0.011111111111111112,89,4.0,2049416,True,0,0,0,,0,0
46,TargetedFedPhoenix,1,0.25,10,update_norm,all,1,66.93000030517578,11.41155720000097,"[61, 52, 80, 26, 37, 44, 85, 1, 99, 55]","[4700136, 4701133, 4702130, 4703127, 4704124, 4705121, 4706118, 4707115, 4708112, 4709109]",69ab712c56b3508da0635e0951c591ac40f0bc572f03dc2e9ee51a4d0d709f4b,10,7,7,7,0,3,0,0,0,660,105,555,0.1590909090909091,2,0.01904761904761905,103,4.142857142857143,2049416,True,0,0,0,,0,0
47,TargetedFedPhoenix,1,0.25,10,update_norm,all,1,59.529998779296875,9.87657880000188,"[23, 10, 75, 28, 19, 22, 43, 13, 98, 85]","[4800139, 4801136, 4802133, 4803130, 4804127, 4805124, 4806121, 4807118, 4808115, 4809112]",04e5990156765824cc95a5a41d420b4d3b5b8cdcf20c45c0310f0cc4f97846ee,9,7,7,7,1,2,0,0,0,660,105,555,0.1590909090909091,3,0.02857142857142857,102,3.4285714285714284,2070544,True,0,0,0,,0,0
48,TargetedFedPhoenix,1,0.25,10,update_norm,all,1,61.91999816894531,8.940083499997854,"[18, 1, 96, 63, 59, 71, 88, 39, 97, 68]","[4900142, 4901139, 4902136, 4903133, 4904130, 4905127, 4906124, 4907121, 4908118, 4909115]",a8f78d4809d6ecb851af410c9310efbb9cfe271573b6076312fc900837aa792b,8,3,3,3,2,5,0,0,0,660,45,615,0.06818181818181818,0,0.0,45,4.666666666666667,2112800,True,0,0,0,,0,0
49,TargetedFedPhoenix,1,0.25,10,update_norm,all,1,58.599998474121094,12.726912700003595,"[44, 11, 93, 47, 54, 9, 81, 94, 45, 65]","[5000145, 5001142, 5002139, 5003136, 5004133, 5005130, 5006127, 5007124, 5008121, 5009118]",1f2aee26cb1c82fd35cc8e54feda9ee41b43ab2183e9ed5828f7d0c459573845,10,7,7,7,0,3,0,0,0,660,105,555,0.1590909090909091,1,0.009523809523809525,104,6.285714285714286,2112800,True,0,0,0,,0,0
50,TargetedFedPhoenix,1,0.25,10,update_norm,all,1,61.959999084472656,8.990473499987274,"[48, 43, 51, 76, 99, 39, 38, 73, 89, 80]","[5100148, 5101145, 5102142, 5103139, 5104136, 5105133, 5106130, 5107127, 5108124, 5109121]",1b82dbdb4624dd4cfd8b42034b2b57792beaa0a1cc41b4d57cc393b26153ea15,10,6,6,6,0,4,0,0,0,660,90,570,0.13636363636363635,0,0.0,90,4.166666666666667,2112800,True,0,0,0,,0,0
51,TargetedFedPhoenix,1,0.25,10,update_norm,all,1,58.040000915527344,11.22102189999714,"[34, 16, 99, 17, 62, 58, 96, 29, 90, 30]","[5200151, 5201148, 5202145, 5203142, 5204139, 5205136, 5206133, 5207130, 5208127, 5209124]",ede1653ae08ebc604d68a0fec3ddd00c5521a35469a3b2b4c262e11ebed8bf2d,10,7,7,7,0,3,0,0,0,660,105,555,0.1590909090909091,1,0.009523809523809525,104,7.0,2112800,True,0,0,0,,0,0
52,TargetedFedPhoenix,1,0.25,10,update_norm,all,1,66.87999725341797,9.411970300003304,"[8, 59, 78, 95, 25, 35, 99, 86, 54, 64]","[5300154, 5301151, 5302148, 5303145, 5304142, 5305139, 5306136, 5307133, 5308130, 5309127]",029633e4167df44ac1c4979d8c988fdc324fa5a99d4b74bb8574d5391b156219,10,5,5,5,0,5,0,0,0,660,75,585,0.11363636363636363,1,0.013333333333333334,74,4.6,2112800,True,0,0,0,,0,0
53,TargetedFedPhoenix,1,0.25,10,update_norm,all,1,60.15999984741211,11.66867819998879,"[87, 42, 55, 74, 37, 10, 26, 23, 57, 62]","[5400157, 5401154, 5402151, 5403148, 5404145, 5405142, 5406139, 5407136, 5408133, 5409130]",d15eed964078d20a7fe5c2e14f8ce3cd3132957af0dc2c097c313f8f4c9cdc3e,10,8,8,8,0,2,0,0,0,660,120,540,0.18181818181818182,1,0.008333333333333333,119,6.625,2112800,True,0,0,0,,0,0
54,TargetedFedPhoenix,1,0.25,10,update_norm,all,1,50.95000076293945,8.679226000007475,"[84, 2, 76, 48, 68, 40, 92, 8, 42, 46]","[5500160, 5501157, 5502154, 5503151, 5504148, 5505145, 5506142, 5507139, 5508136, 5509133]",f0a8246673520e087f13f19b67f3a40b0a32687d20d77418f87389909d035cb1,10,6,6,6,0,4,0,0,0,660,90,570,0.13636363636363635,4,0.044444444444444446,86,4.333333333333333,2112800,True,0,0,0,,0,0
55,TargetedFedPhoenix,1,0.25,10,update_norm,all,1,67.83000183105469,11.242399099995964,"[91, 70, 16, 58, 10, 35, 31, 86, 62, 54]","[5600163, 5601160, 5602157, 5603154, 5604151, 5605148, 5606145, 5607142, 5608139, 5609136]",f994579e08c91fbd1c5783ffb25184afa1929204e8b1314440aa737efece789f,10,7,7,7,0,3,0,0,0,660,105,555,0.1590909090909091,0,0.0,105,3.0,2112800,True,0,0,0,,0,0
56,TargetedFedPhoenix,1,0.25,10,update_norm,all,1,65.02999877929688,11.438833399995929,"[32, 41, 20, 75, 69, 62, 74, 38, 80, 58]","[5700166, 5701163, 5702160, 5703157, 5704154, 5705151, 5706148, 5707145, 5708142, 5709139]",310a095071d1c358f04410747cb319b2fe43ce18dff8c23a3f58c827d9af3e11,10,6,6,6,0,4,0,0,0,660,90,570,0.13636363636363635,2,0.022222222222222223,88,4.333333333333333,2112800,True,0,0,0,,0,0
57,TargetedFedPhoenix,1,0.25,10,update_norm,all,1,59.029998779296875,9.396064300002763,"[89, 0, 84, 16, 97, 67, 41, 38, 59, 60]","[5800169, 5801166, 5802163, 5803160, 5804157, 5805154, 5806151, 5807148, 5808145, 5809142]",d2ffcc4401305efa2a4e9cad45ba238ccc8bdc659157f455d15d1ac9c87086f2,10,7,7,7,0,3,0,0,0,660,105,555,0.1590909090909091,2,0.01904761904761905,103,4.0,2112800,True,0,0,0,,0,0
58,TargetedFedPhoenix,1,0.25,10,update_norm,all,1,60.2400016784668,9.357016900001327,"[59, 21, 34, 35, 95, 41, 9, 12, 47, 42]","[5900172, 5901169, 5902166, 5903163, 5904160, 5905157, 5906154, 5907151, 5908148, 5909145]",10a7ebe8aeb10f7b3e5401164d3d6a0e2d71aa4214971d29bcb528cfd26ff100,10,8,8,8,0,2,0,0,0,660,120,540,0.18181818181818182,3,0.025,117,5.0,2112800,True,0,0,0,,0,0
59,TargetedFedPhoenix,1,0.25,10,update_norm,all,1,62.20000076293945,11.50411909999093,"[88, 78, 75, 43, 57, 63, 34, 79, 17, 93]","[6000175, 6001172, 6002169, 6003166, 6004163, 6005160, 6006157, 6007154, 6008151, 6009148]",5110b31b26306ee8be298192c853c189166f812188a7a674256b4e39fa14510e,10,7,7,7,0,3,0,0,0,660,105,555,0.1590909090909091,4,0.0380952380952381,101,6.285714285714286,2112800,True,0,0,0,,0,0
60,TargetedFedPhoenix,1,0.25,10,update_norm,all,1,66.30000305175781,8.518917299996247,"[76, 35, 9, 75, 32, 97, 53, 72, 27, 91]","[6100178, 6101175, 6102172, 6103169, 6104166, 6105163, 6106160, 6107157, 6108154, 6109151]",97daf65414bb5c2908945e2fb6519ba81078851f5f1298c2d9d576e4032aca50,10,7,7,7,0,3,0,0,0,660,105,555,0.1590909090909091,1,0.009523809523809525,104,3.2857142857142856,2112800,True,0,0,0,,0,0
61,TargetedFedPhoenix,1,0.25,10,update_norm,all,1,65.52999877929688,13.40371210000012,"[60, 14, 9, 43, 15, 68, 7, 44, 65, 89]","[6200181, 6201178, 6202175, 6203172, 6204169, 6205166, 6206163, 6207160, 6208157, 6209154]",669cdfaaef1cc848eaf2f44e60f642ed3518ee90be62f87bc3f182b09e544e18,10,5,5,5,0,5,0,0,0,660,75,585,0.11363636363636363,2,0.02666666666666667,73,3.6,2112800,True,0,0,0,,0,0
62,TargetedFedPhoenix,1,0.25,10,update_norm,all,1,63.939998626708984,10.895224799998687,"[56, 67, 28, 93, 30, 71, 78, 48, 25, 19]","[6300184, 6301181, 6302178, 6303175, 6304172, 6305169, 6306166, 6307163, 6308160, 6309157]",cc0c22f4c7d2ef0d44aa7baa45bf6dc8552ae9c45bf8e1ecf5de15af5d7fdcdc,10,5,5,5,0,5,0,0,0,660,75,585,0.11363636363636363,2,0.02666666666666667,73,5.8,2112800,True,0,0,0,,0,0
63,TargetedFedPhoenix,1,0.25,10,update_norm,all,1,66.25,10.640398600007757,"[61, 18, 63, 89, 0, 99, 42, 76, 81, 9]","[6400187, 6401184, 6402181, 6403178, 6404175, 6405172, 6406169, 6407166, 6408163, 6409160]",57af65c8ba4fa65f227c72bc1cf7cf9baf2870438b3b8fb42cdc4fb326154743,10,6,6,6,0,4,0,0,0,660,90,570,0.13636363636363635,1,0.011111111111111112,89,3.6666666666666665,2112800,True,0,0,0,,0,0
64,TargetedFedPhoenix,1,0.25,10,update_norm,all,1,63.970001220703125,11.855695799997193,"[14, 22, 8, 93, 29, 90, 73, 28, 57, 58]","[6500190, 6501187, 6502184, 6503181, 6504178, 6505175, 6506172, 6507169, 6508166, 6509163]",aaa9dca3b51634cd323ce38a5b5b7973b2d2e4a0655edd82bf2554b3f1ee1aff,10,6,6,6,0,4,0,0,0,660,90,570,0.13636363636363635,4,0.044444444444444446,86,5.0,2112800,True,0,0,0,,0,0
65,TargetedFedPhoenix,1,0.25,10,update_norm,all,1,67.11000061035156,11.888089799991576,"[16, 90, 78, 23, 55, 61, 31, 0, 11, 82]","[6600193, 6601190, 6602187, 6603184, 6604181, 6605178, 6606175, 6607172, 6608169, 6609166]",e5efc2925c4ac211c3521ede50c0cd074c0fb6a96b79981e1401b48c319e25f4,10,6,6,6,0,4,0,0,0,660,90,570,0.13636363636363635,0,0.0,90,4.333333333333333,2112800,True,0,0,0,,0,0
66,TargetedFedPhoenix,1,0.25,10,update_norm,all,1,65.33000183105469,13.113141500012716,"[28, 65, 16, 72, 11, 36, 19, 51, 81, 53]","[6700196, 6701193, 6702190, 6703187, 6704184, 6705181, 6706178, 6707175, 6708172, 6709169]",1e0cb869c7ccec2c7d211133dd2f80d6b7736cf35d29153455e371824b09935e,10,8,8,8,0,2,0,0,0,660,120,540,0.18181818181818182,4,0.03333333333333333,116,3.5,2112800,True,0,0,0,,0,0
67,TargetedFedPhoenix,1,0.25,10,update_norm,all,1,61.2400016784668,10.415598899999168,"[53, 63, 96, 28, 78, 90, 58, 73, 34, 4]","[6800199, 6801196, 6802193, 6803190, 6804187, 6805184, 6806181, 6807178, 6808175, 6809172]",52e5c005cac7ce9b512d1a3db6cd52f0464130be802998eee464d22e02080a37,10,8,8,8,0,2,0,0,0,660,120,540,0.18181818181818182,3,0.025,117,3.0,2112800,True,0,0,0,,0,0
68,TargetedFedPhoenix,1,0.25,10,update_norm,all,1,60.47999954223633,10.555074500007322,"[38, 57, 22, 41, 70, 39, 10, 5, 17, 32]","[6900202, 6901199, 6902196, 6903193, 6904190, 6905187, 6906184, 6907181, 6908178, 6909175]",8db2d14d7c7b6f775bbd7b53bcba10af986723abec1a09a79493e05af20d13f5,10,5,5,5,0,5,0,0,0,660,75,585,0.11363636363636363,0,0.0,75,7.0,2112800,True,0,0,0,,0,0
69,TargetedFedPhoenix,1,0.25,10,update_norm,all,1,70.22000122070312,9.776032399997348,"[60, 67, 48, 59, 46, 94, 22, 29, 53, 97]","[7000205, 7001202, 7002199, 7003196, 7004193, 7005190, 7006187, 7007184, 7008181, 7009178]",80d5956ee6625057b588832d6d4bb3f626a50aed9405dee6058a699029e9b927,10,7,7,7,0,3,0,0,0,660,105,555,0.1590909090909091,0,0.0,105,5.571428571428571,2112800,True,0,0,0,,0,0
70,TargetedFedPhoenix,1,0.25,10,update_norm,all,1,59.34000015258789,9.467579000003752,"[61, 33, 76, 48, 37, 54, 38, 13, 8, 39]","[7100208, 7101205, 7102202, 7103199, 7104196, 7105193, 7106190, 7107187, 7108184, 7109181]",c87d770bcd56ffdcf9eb6eecd3aadbeb0c5bdd272d48ee7925586479fba71818,10,6,6,6,0,4,0,0,0,660,90,570,0.13636363636363635,1,0.011111111111111112,89,3.8333333333333335,2112800,True,0,0,0,,0,0
71,TargetedFedPhoenix,1,0.25,10,update_norm,all,1,60.86000061035156,9.947736400004942,"[31, 88, 91, 25, 50, 95, 67, 45, 80, 70]","[7200211, 7201208, 7202205, 7203202, 7204199, 7205196, 7206193, 7207190, 7208187, 7209184]",78b7114a790c903fc157c250bb5c498188a4c70339dc260bb86c6e3d1a2fb982,10,4,4,4,0,6,0,0,0,660,60,600,0.09090909090909091,1,0.016666666666666666,59,5.0,2112800,True,0,0,0,,0,0
72,TargetedFedPhoenix,1,0.25,10,update_norm,all,1,62.970001220703125,11.55243860000337,"[3, 23, 17, 94, 61, 43, 63, 91, 37, 84]","[7300214, 7301211, 7302208, 7303205, 7304202, 7305199, 7306196, 7307193, 7308190, 7309187]",46cf26de3f04153aabad0b692007eb8b1d2d408c4a2396555aa2166c32203f58,10,7,7,7,0,3,0,0,0,660,105,555,0.1590909090909091,3,0.02857142857142857,102,3.4285714285714284,2112800,True,0,0,0,,0,0
73,TargetedFedPhoenix,1,0.25,10,update_norm,all,1,68.16000366210938,11.542580799999996,"[11, 73, 78, 47, 45, 83, 36, 75, 91, 57]","[7400217, 7401214, 7402211, 7403208, 7404205, 7405202, 7406199, 7407196, 7408193, 7409190]",600a3bb0c002b12c312f3d4c680a9c754e7bde270e4bff2841ebeb6c6040ada0,10,7,7,7,0,3,0,0,0,660,105,555,0.1590909090909091,2,0.01904761904761905,103,4.857142857142857,2112800,True,0,0,0,,0,0
74,TargetedFedPhoenix,1,0.25,10,update_norm,all,1,67.54000091552734,10.815093199998955,"[46, 54, 66, 62, 96, 49, 24, 75, 60, 52]","[7500220, 7501217, 7502214, 7503211, 7504208, 7505205, 7506202, 7507199, 7508196, 7509193]",e4b8b6805b833c61262a88fe632cedfa6782d5f16f65a2ce3c368c42529c7fb8,10,5,5,5,0,5,0,0,0,660,75,585,0.11363636363636363,0,0.0,75,4.4,2112800,True,0,0,0,,0,0
75,TargetedFedPhoenix,1,0.25,10,update_norm,all,1,71.5999984741211,11.154285600001458,"[75, 51, 39, 89, 14, 54, 41, 30, 24, 80]","[7600223, 7601220, 7602217, 7603214, 7604211, 7605208, 7606205, 7607202, 7608199, 7609196]",235036b5ebbfb6eecaac3174b72c2b0110768f1a85dd9a1bf93b0382903b0cf3,10,7,7,7,0,3,0,0,0,660,105,555,0.1590909090909091,1,0.009523809523809525,104,4.0,2112800,True,0,0,0,,0,0
76,TargetedFedPhoenix,1,0.25,10,update_norm,all,1,64.63999938964844,10.454058199989959,"[67, 90, 45, 78, 32, 86, 50, 55, 33, 60]","[7700226, 7701223, 7702220, 7703217, 7704214, 7705211, 7706208, 7707205, 7708202, 7709199]",9a5462d7eba4f0f4ccee312e8d8cec38b8632c4f7d5c9deec08aee2eb27b1187,10,8,8,8,0,2,0,0,0,660,120,540,0.18181818181818182,3,0.025,117,5.125,2112800,True,0,0,0,,0,0
77,TargetedFedPhoenix,1,0.25,10,update_norm,all,1,63.72999954223633,8.788167399994563,"[4, 16, 51, 33, 89, 30, 13, 77, 43, 85]","[7800229, 7801226, 7802223, 7803220, 7804217, 7805214, 7806211, 7807208, 7808205, 7809202]",b831c8a246378705a7f5f5339d65f49ca969b3b08247bf0e74acd14fe61b5a5f,10,7,7,7,0,3,0,0,0,660,105,555,0.1590909090909091,0,0.0,105,4.142857142857143,2112800,True,0,0,0,,0,0
78,TargetedFedPhoenix,1,0.25,10,update_norm,all,1,65.54000091552734,10.98344630000065,"[97, 76, 96, 72, 42, 17, 33, 51, 24, 36]","[7900232, 7901229, 7902226, 7903223, 7904220, 7905217, 7906214, 7907211, 7908208, 7909205]",5b2010106658389e3e1afe8779d9e7cb2500009c57e72247c398d81ac6997862,10,8,8,8,0,2,0,0,0,650,120,530,0.18461538461538463,1,0.008333333333333333,119,4.625,2112800,True,0,0,0,,0,0
79,TargetedFedPhoenix,1,0.25,10,update_norm,all,1,70.04000091552734,9.469921399999293,"[22, 47, 61, 27, 50, 96, 89, 97, 85, 30]","[8000235, 8001232, 8002229, 8003226, 8004223, 8005220, 8006217, 8007214, 8008211, 8009208]",0d757dc48ff75a9bd1294fccc191098b9949af60cbb3e3e01f1cffe0f05bcd2a,10,9,9,9,0,1,0,0,0,650,135,515,0.2076923076923077,3,0.022222222222222223,132,3.7777777777777777,2112800,True,0,0,0,,0,0
80,TargetedFedPhoenix,1,0.25,10,update_norm,all,1,67.93000030517578,9.780695399997057,"[44, 70, 23, 38, 74, 21, 82, 4, 88, 98]","[8100238, 8101235, 8102232, 8103229, 8104226, 8105223, 8106220, 8107217, 8108214, 8109211]",1f31313565c5427c2875fa2f30312230f5a1c9e3b2d46f583f6adb4a0a5c7634,10,5,5,5,0,5,0,0,0,650,75,575,0.11538461538461539,2,0.02666666666666667,73,7.8,2112800,True,0,0,0,,0,0
81,TargetedFedPhoenix,1,0.25,10,update_norm,all,1,63.63999938964844,11.587216900006752,"[90, 72, 65, 50, 85, 56, 4, 80, 31, 17]","[8200241, 8201238, 8202235, 8203232, 8204229, 8205226, 8206223, 8207220, 8208217, 8209214]",c5dd9258145154b5ae9c0d7d91d0fc96113d7d2ca1d0ac89fcbe7e346a64203b,10,8,8,8,0,2,0,0,0,650,120,530,0.18461538461538463,1,0.008333333333333333,119,4.0,2112800,True,0,0,0,,0,0
82,TargetedFedPhoenix,1,0.25,10,update_norm,all,1,66.9000015258789,9.066999700007727,"[61, 40, 41, 34, 97, 51, 50, 13, 22, 8]","[8300244, 8301241, 8302238, 8303235, 8304232, 8305229, 8306226, 8307223, 8308220, 8309217]",561154d990c3c393363aca7bc0058890d4f23cbb637738a227ad3315f325cec2,10,7,7,7,0,3,0,0,0,650,105,545,0.16153846153846155,1,0.009523809523809525,104,3.7142857142857144,2112800,True,0,0,0,,0,0
83,TargetedFedPhoenix,1,0.25,10,update_norm,all,1,69.62000274658203,9.891774000003352,"[87, 54, 63, 83, 96, 26, 0, 59, 69, 14]","[8400247, 8401244, 8402241, 8403238, 8404235, 8405232, 8406229, 8407226, 8408223, 8409220]",d6b2cea121a30540a6e2a36d7826a857259bb25f9ef55b18a6e4a546bf0e36fc,10,4,4,4,0,6,0,0,0,650,60,590,0.09230769230769231,0,0.0,60,7.5,2112800,True,0,0,0,,0,0
84,TargetedFedPhoenix,1,0.25,10,update_norm,all,1,63.75,10.005084999997052,"[58, 47, 83, 36, 8, 2, 56, 49, 10, 38]","[8500250, 8501247, 8502244, 8503241, 8504238, 8505235, 8506232, 8507229, 8508226, 8509223]",6c1ad38a4dd2dbb2f4892426bcf4fa10313276dd16dc508e7feebe6b61d71ff9,10,7,7,7,0,3,0,0,0,650,105,545,0.16153846153846155,1,0.009523809523809525,104,4.428571428571429,2112800,True,0,0,0,,0,0
85,TargetedFedPhoenix,1,0.25,10,update_norm,all,1,68.38999938964844,9.970727199994144,"[89, 90, 81, 54, 59, 4, 53, 47, 52, 19]","[8600253, 8601250, 8602247, 8603244, 8604241, 8605238, 8606235, 8607232, 8608229, 8609226]",c8043b31dfea64d210ab77846f071aa9ea12409404532980add3fe999f0ceec4,10,6,6,6,0,4,0,0,0,650,90,560,0.13846153846153847,0,0.0,90,3.1666666666666665,2112800,True,0,0,0,,0,0
86,TargetedFedPhoenix,1,0.25,10,update_norm,all,1,67.44000244140625,10.65750579998712,"[24, 13, 81, 73, 19, 55, 40, 76, 57, 96]","[8700256, 8701253, 8702250, 8703247, 8704244, 8705241, 8706238, 8707235, 8708232, 8709229]",2686782c51a6fb575d45c07eb69adc522826d191d5702ad7f73b5448043f06fe,10,8,8,8,0,2,0,0,0,650,120,530,0.18461538461538463,1,0.008333333333333333,119,4.875,2112800,True,0,0,0,,0,0
87,TargetedFedPhoenix,1,0.25,10,update_norm,all,1,70.0199966430664,10.146323199995095,"[31, 75, 94, 20, 87, 26, 29, 70, 2, 50]","[8800259, 8801256, 8802253, 8803250, 8804247, 8805244, 8806241, 8807238, 8808235, 8809232]",390ed713390e8336585e1fab5259a90fbba668b9872ad47f92a88ae5ae03b8bb,10,6,6,6,0,4,0,0,0,650,90,560,0.13846153846153847,2,0.022222222222222223,88,4.833333333333333,2112800,True,0,0,0,,0,0
88,TargetedFedPhoenix,1,0.25,10,update_norm,all,1,69.06999969482422,10.094716699997662,"[0, 9, 46, 37, 72, 83, 73, 16, 55, 27]","[8900262, 8901259, 8902256, 8903253, 8904250, 8905247, 8906244, 8907241, 8908238, 8909235]",613b456cf51909caf5dba799a081bf668b63e05ea37c93c7c51df539f1221cf4,10,6,6,6,0,4,0,0,0,650,90,560,0.13846153846153847,3,0.03333333333333333,87,4.833333333333333,2112800,True,0,0,0,,0,0
89,TargetedFedPhoenix,1,0.25,10,update_norm,all,1,71.12000274658203,12.891750499999034,"[80, 29, 9, 50, 26, 81, 48, 82, 37, 15]","[9000265, 9001262, 9002259, 9003256, 9004253, 9005250, 9006247, 9007244, 9008241, 9009238]",07f733170fef13936f3702b2fc5b9475d49e67f7ae05507d549222e440d06de9,10,8,8,8,0,2,0,0,0,650,120,530,0.18461538461538463,3,0.025,117,3.5,2112800,True,0,0,0,,0,0
90,TargetedFedPhoenix,1,0.25,10,update_norm,all,1,67.97000122070312,10.751751999996486,"[82, 6, 87, 74, 29, 50, 62, 67, 12, 83]","[9100268, 9101265, 9102262, 9103259, 9104256, 9105253, 9106250, 9107247, 9108244, 9109241]",61dbb76205215193ff9dcc6d288f9c17d68817c46d397ab11306882fc7a11722,10,6,6,6,0,4,0,0,0,650,90,560,0.13846153846153847,0,0.0,90,3.0,2112800,True,0,0,0,,0,0
91,TargetedFedPhoenix,1,0.25,10,update_norm,all,1,70.20999908447266,11.579596099996706,"[36, 75, 89, 43, 12, 21, 95, 72, 24, 63]","[9200271, 9201268, 9202265, 9203262, 9204259, 9205256, 9206253, 9207250, 9208247, 9209244]",1f32d4803dde82f6ef627814cb05f796341b451ad669066d1c13756e98afdf17,10,7,7,7,0,3,0,0,0,650,105,545,0.16153846153846155,2,0.01904761904761905,103,4.857142857142857,2112800,True,0,0,0,,0,0
92,TargetedFedPhoenix,1,0.25,10,update_norm,all,1,67.37999725341797,11.978003200012608,"[34, 15, 31, 94, 46, 70, 19, 80, 6, 88]","[9300274, 9301271, 9302268, 9303265, 9304262, 9305259, 9306256, 9307253, 9308250, 9309247]",3430635fd47f611829dde315c96940077c0877299093ac08b6562fb9c5d9341e,10,9,9,9,0,1,0,0,0,650,135,515,0.2076923076923077,1,0.007407407407407408,134,4.777777777777778,2112800,True,0,0,0,,0,0
93,TargetedFedPhoenix,1,0.25,10,update_norm,all,1,67.16999816894531,10.120628699994995,"[70, 92, 72, 77, 23, 53, 1, 12, 97, 93]","[9400277, 9401274, 9402271, 9403268, 9404265, 9405262, 9406259, 9407256, 9408253, 9409250]",847c1d20c9131410b5a4307f7539e2c5a1c8891b162f8d57144f982704969446,10,4,4,4,0,6,0,0,0,650,60,590,0.09230769230769231,3,0.05,57,3.25,2112800,True,0,0,0,,0,0
94,TargetedFedPhoenix,1,0.25,10,update_norm,all,1,68.62999725341797,10.99765999999363,"[13, 38, 36, 14, 57, 77, 66, 73, 3, 0]","[9500280, 9501277, 9502274, 9503271, 9504268, 9505265, 9506262, 9507259, 9508256, 9509253]",c0ab8bf3fe7437fd3575f263126b75729cc2dfac234c2fdc1b55949221d19c86,10,7,7,7,0,3,0,0,0,650,105,545,0.16153846153846155,1,0.009523809523809525,104,6.0,2112800,True,0,0,0,,0,0
95,TargetedFedPhoenix,1,0.25,10,update_norm,all,1,68.19000244140625,11.248704600002384,"[13, 19, 10, 24, 76, 57, 88, 23, 61, 31]","[9600283, 9601280, 9602277, 9603274, 9604271, 9605268, 9606265, 9607262, 9608259, 9609256]",154a6297fd8563979f291a213de5b1655d0dadfd289d1f418f061338e58e1f36,10,8,8,8,0,2,0,0,0,650,120,530,0.18461538461538463,1,0.008333333333333333,119,3.25,2112800,True,0,0,0,,0,0
96,TargetedFedPhoenix,1,0.25,10,update_norm,all,1,69.30999755859375,9.655556600002456,"[18, 45, 94, 24, 56, 67, 10, 14, 13, 9]","[9700286, 9701283, 9702280, 9703277, 9704274, 9705271, 9706268, 9707265, 9708262, 9709259]",1a8a61a7fc53d11aa28f177b3bb8f126a66392368ee938ea2b32905503589902,10,7,7,7,0,3,0,0,0,650,105,545,0.16153846153846155,3,0.02857142857142857,102,3.142857142857143,2112800,True,0,0,0,,0,0
97,TargetedFedPhoenix,1,0.25,10,update_norm,all,1,66.6500015258789,8.280208700001822,"[13, 48, 73, 93, 70, 1, 43, 77, 76, 88]","[9800289, 9801286, 9802283, 9803280, 9804277, 9805274, 9806271, 9807268, 9808265, 9809262]",72157031cccbaa7cdb0b50a08de4941e015f3785b69177f78744586f644f7678,10,10,10,10,0,0,0,0,0,650,150,500,0.23076923076923078,0,0.0,150,3.7,2112800,True,0,0,0,,0,0
98,TargetedFedPhoenix,1,0.25,10,update_norm,all,1,62.25,10.34578390000388,"[21, 45, 83, 68, 75, 65, 96, 1, 77, 73]","[9900292, 9901289, 9902286, 9903283, 9904280, 9905277, 9906274, 9907271, 9908268, 9909265]",a84e39d6d7a7640c5b29ee438bf2b0bbe157c9ddde15f0a27ae0e827bfa7dedd,10,7,7,7,0,3,0,0,0,650,105,545,0.16153846153846155,1,0.009523809523809525,104,3.857142857142857,2112800,True,0,0,0,,0,0
99,TargetedFedPhoenix,1,0.25,10,update_norm,all,1,62.36000061035156,10.18687969999155,"[81, 84, 60, 18, 45, 47, 94, 83, 76, 22]","[10000295, 10001292, 10002289, 10003286, 10004283, 10005280, 10006277, 10007274, 10008271, 10009268]",b55de2b128bccca5bea43f988c7400fe4cae6a5f294afaaefe2a76a6fee89507,10,6,6,6,0,4,0,0,0,650,90,560,0.13846153846153847,2,0.022222222222222223,88,3.3333333333333335,2112800,True,0,0,0,,0,0
100,TargetedFedPhoenix,1,0.25,10,update_norm,all,1,64.58999633789062,13.289871000000858,"[21, 69, 47, 34, 65, 81, 93, 44, 30, 84]","[10100298, 10101295, 10102292, 10103289, 10104286, 10105283, 10106280, 10107277, 10108274, 10109271]",3c9441b1fd15f26de47b248bf66c7eb81bba33cb0c33eeb83a0ebb32a734d030,10,7,7,7,0,3,0,0,0,650,105,545,0.16153846153846155,1,0.009523809523809525,104,2.5714285714285716,2112800,True,0,0,0,,0,0
101,TargetedFedPhoenix,1,0.25,10,update_norm,all,1,68.62999725341797,9.737742899989826,"[22, 38, 77, 15, 11, 61, 37, 34, 87, 3]","[10200301, 10201298, 10202295, 10203292, 10204289, 10205286, 10206283, 10207280, 10208277, 10209274]",cea1d1d7b956c9e31d2201c049b9f8eec8fb29bb4e48d85cfd7ab720d8a2e720,10,7,7,7,0,3,0,0,0,650,105,545,0.16153846153846155,4,0.0380952380952381,101,5.0,2112800,True,0,0,0,,0,0
102,TargetedFedPhoenix,1,0.25,10,update_norm,all,1,72.36000061035156,9.91797619999852,"[96, 9, 26, 58, 69, 44, 13, 93, 61, 43]","[10300304, 10301301, 10302298, 10303295, 10304292, 10305289, 10306286, 10307283, 10308280, 10309277]",0c5fdc7b051b978fd82194fad0cb4f41337f14f5e3ed209390a318e85e89673e,10,8,8,8,0,2,0,0,0,650,120,530,0.18461538461538463,1,0.008333333333333333,119,3.375,2112800,True,0,0,0,,0,0
103,TargetedFedPhoenix,1,0.25,10,update_norm,all,1,71.44000244140625,9.369176499996684,"[13, 34, 27, 16, 72, 98, 14, 19, 9, 46]","[10400307, 10401304, 10402301, 10403298, 10404295, 10405292, 10406289, 10407286, 10408283, 10409280]",753ff39be510d09c559f13b9984b544ede6f1ab25295eae59edd812ff9b3495e,10,6,6,6,0,4,0,0,0,650,90,560,0.13846153846153847,2,0.022222222222222223,88,4.833333333333333,2112800,True,0,0,0,,0,0
104,TargetedFedPhoenix,1,0.25,10,update_norm,all,1,73.12999725341797,12.331075399997644,"[29, 72, 81, 80, 68, 85, 14, 0, 93, 52]","[10500310, 10501307, 10502304, 10503301, 10504298, 10505295, 10506292, 10507289, 10508286, 10509283]",18924de67fd03d43a1754ea3e7a5e3f6b419b34385d59b01448b2aa9cb93b243,10,6,6,6,0,4,0,0,0,650,90,560,0.13846153846153847,1,0.011111111111111112,89,4.0,2112800,True,0,0,0,,0,0
105,TargetedFedPhoenix,1,0.25,10,update_norm,all,1,70.41000366210938,11.388410500003374,"[17, 69, 35, 86, 83, 84, 23, 56, 89, 60]","[10600313, 10601310, 10602307, 10603304, 10604301, 10605298, 10606295, 10607292, 10608289, 10609286]",636d552bfff5946a9f1f7dfa93e91c8cbeba3efbcd0cfe0f85175d3d309e1329,10,6,6,6,0,4,0,0,0,650,90,560,0.13846153846153847,4,0.044444444444444446,86,6.5,2112800,True,0,0,0,,0,0
106,TargetedFedPhoenix,1,0.25,10,update_norm,all,1,69.69000244140625,11.04761100000178,"[94, 79, 36, 8, 19, 16, 13, 30, 25, 3]","[10700316, 10701313, 10702310, 10703307, 10704304, 10705301, 10706298, 10707295, 10708292, 10709289]",ec8ae54860651be209820edb1eaf6974ba35e9d04cd913ed20a370cd16f81cac,10,6,6,6,0,4,0,0,0,650,90,560,0.13846153846153847,3,0.03333333333333333,87,4.5,2112800,True,0,0,0,,0,0
107,TargetedFedPhoenix,1,0.25,10,update_norm,all,1,56.150001525878906,10.509488299998338,"[45, 82, 32, 52, 17, 96, 6, 57, 67, 74]","[10800319, 10801316, 10802313, 10803310, 10804307, 10805304, 10806301, 10807298, 10808295, 10809292]",3764717096902d810f1ad68810f92cf3de2fc14d3dc8628fd39fbfd2179bc4fe,10,4,4,4,0,6,0,0,0,650,60,590,0.09230769230769231,1,0.016666666666666666,59,4.5,2112800,True,0,0,0,,0,0
108,TargetedFedPhoenix,1,0.25,10,update_norm,all,1,71.73999786376953,8.905337399992277,"[61, 20, 59, 99, 39, 42, 73, 53, 45, 8]","[10900322, 10901319, 10902316, 10903313, 10904310, 10905307, 10906304, 10907301, 10908298, 10909295]",d65234351848b5a84e5d712ba362b18fe4db20a658cb88be493bb6714a691f8b,10,4,4,4,0,6,0,0,0,650,60,590,0.09230769230769231,1,0.016666666666666666,59,4.75,2112800,True,0,0,0,,0,0
109,TargetedFedPhoenix,1,0.25,10,update_norm,all,1,72.56999969482422,10.090872600005241,"[60, 38, 5, 54, 66, 33, 80, 83, 9, 4]","[11000325, 11001322, 11002319, 11003316, 11004313, 11005310, 11006307, 11007304, 11008301, 11009298]",6586dd0fd943daca3bef31c4f6b7edd46bb2c8d2f2e154aa48b6eed8b2ae0081,10,5,5,5,0,5,0,0,0,650,75,575,0.11538461538461539,2,0.02666666666666667,73,5.4,2112800,True,0,0,0,,0,0
110,TargetedFedPhoenix,1,0.25,10,update_norm,all,1,73.38999938964844,9.896311599994078,"[39, 44, 62, 4, 42, 25, 0, 45, 29, 93]","[11100328, 11101325, 11102322, 11103319, 11104316, 11105313, 11106310, 11107307, 11108304, 11109301]",88cb9c1b94fcdd4239f5d2771ef9cb4360f098fc92cb6181eeaea0b5a0e9c86d,10,9,9,9,0,1,0,0,0,650,135,515,0.2076923076923077,2,0.014814814814814815,133,4.111111111111111,2112800,True,0,0,0,,0,0
111,TargetedFedPhoenix,1,0.25,10,update_norm,all,1,71.16000366210938,8.837821900000563,"[96, 54, 19, 97, 92, 31, 81, 2, 24, 9]","[11200331, 11201328, 11202325, 11203322, 11204319, 11205316, 11206313, 11207310, 11208307, 11209304]",1ab3822b03360e5b86caef5193ff2bc6cc2c9c33236b965fce703796c36f3ad0,10,5,5,5,0,5,0,0,0,650,75,575,0.11538461538461539,1,0.013333333333333334,74,4.0,2112800,True,0,0,0,,0,0
112,TargetedFedPhoenix,1,0.25,10,update_norm,all,1,70.5199966430664,11.455053699988639,"[9, 19, 7, 49, 45, 35, 80, 85, 40, 89]","[11300334, 11301331, 11302328, 11303325, 11304322, 11305319, 11306316, 11307313, 11308310, 11309307]",4f39724cb6eb74b89c9bbfe40f39af0d89f770f43cf92d6424e0c70dc092cb18,10,7,7,7,0,3,0,0,0,650,105,545,0.16153846153846155,2,0.01904761904761905,103,4.142857142857143,2112800,True,0,0,0,,0,0
113,TargetedFedPhoenix,1,0.25,10,update_norm,all,1,68.16000366210938,9.503988000011304,"[73, 66, 18, 74, 33, 2, 87, 29, 98, 91]","[11400337, 11401334, 11402331, 11403328, 11404325, 11405322, 11406319, 11407316, 11408313, 11409310]",367b8a626b0f0a463fe9b37b76f4a477a4c049c4ed43002682ffa3793a7604a0,10,7,7,7,0,3,0,0,0,650,105,545,0.16153846153846155,2,0.01904761904761905,103,4.857142857142857,2112800,True,0,0,0,,0,0
114,TargetedFedPhoenix,1,0.25,10,update_norm,all,1,68.69000244140625,10.502408599990304,"[40, 31, 27, 50, 71, 81, 99, 97, 73, 49]","[11500340, 11501337, 11502334, 11503331, 11504328, 11505325, 11506322, 11507319, 11508316, 11509313]",11c000f48150ec6a937ec4ab29b8c2fbbd4d1f25bc0dd5ec7b5bd385b1fd16e8,10,7,7,7,0,3,0,0,0,650,105,545,0.16153846153846155,0,0.0,105,2.857142857142857,2112800,True,0,0,0,,0,0
115,TargetedFedPhoenix,1,0.25,10,update_norm,all,1,63.61000061035156,7.563428699999349,"[61, 64, 42, 88, 27, 95, 92, 50, 45, 85]","[11600343, 11601340, 11602337, 11603334, 11604331, 11605328, 11606325, 11607322, 11608319, 11609316]",15d16e758c7bcdfb6da5a3c2fe11151aaab9498bf78d18bbbd53d26ddfb67627,10,7,7,7,0,3,0,0,0,650,105,545,0.16153846153846155,0,0.0,105,3.4285714285714284,2112800,True,0,0,0,,0,0
116,TargetedFedPhoenix,1,0.25,10,update_norm,all,1,73.91000366210938,8.599509899999248,"[27, 8, 49, 32, 15, 35, 70, 59, 31, 30]","[11700346, 11701343, 11702340, 11703337, 11704334, 11705331, 11706328, 11707325, 11708322, 11709319]",265f2ac45f47abc057c9a6658f33bbb53df65c65a6256ecff5b829ff109896c3,10,8,8,8,0,2,0,0,0,650,120,530,0.18461538461538463,2,0.016666666666666666,118,5.5,2112800,True,0,0,0,,0,0
117,TargetedFedPhoenix,1,0.25,10,update_norm,all,1,67.5999984741211,9.080263100011507,"[69, 35, 52, 51, 26, 15, 76, 48, 98, 12]","[11800349, 11801346, 11802343, 11803340, 11804337, 11805334, 11806331, 11807328, 11808325, 11809322]",1d112c6f7c62749bdb917aef0f4bac222a432f274168b4f22c1f482ca40dac72,10,4,4,4,0,6,0,0,0,650,60,590,0.09230769230769231,2,0.03333333333333333,58,4.0,2112800,True,0,0,0,,0,0
118,TargetedFedPhoenix,1,0.25,10,update_norm,all,1,71.41999816894531,12.317828999992344,"[46, 57, 0, 86, 26, 80, 73, 20, 63, 98]","[11900352, 11901349, 11902346, 11903343, 11904340, 11905337, 11906334, 11907331, 11908328, 11909325]",7915b306373f519486ffae03eb28360e27943b05e080fc36fbacb0e036aecdbb,10,6,6,6,0,4,0,0,0,650,90,560,0.13846153846153847,3,0.03333333333333333,87,5.0,2112800,True,0,0,0,,0,0
119,TargetedFedPhoenix,1,0.25,10,update_norm,all,1,72.0999984741211,9.536725600002683,"[81, 6, 64, 84, 20, 2, 8, 4, 66, 92]","[12000355, 12001352, 12002349, 12003346, 12004343, 12005340, 12006337, 12007334, 12008331, 12009328]",193dd656db8d517884d2e4074b7407812b6765f8a2010fde946956605fb15efe,10,8,8,8,0,2,0,0,0,650,120,530,0.18461538461538463,1,0.008333333333333333,119,4.75,2112800,True,0,0,0,,0,0
120,TargetedFedPhoenix,1,0.25,10,update_norm,all,1,65.9800033569336,9.622088900010567,"[61, 34, 64, 11, 96, 18, 82, 52, 72, 92]","[12100358, 12101355, 12102352, 12103349, 12104346, 12105343, 12106340, 12107337, 12108334, 12109331]",7ecca202d0a4e48824ad65f743faed9941788e6b57102d28bf24ad7474fdb138,10,6,6,6,0,4,0,0,0,650,90,560,0.13846153846153847,3,0.03333333333333333,87,4.333333333333333,2112800,True,0,0,0,,0,0
121,TargetedFedPhoenix,1,0.25,10,update_norm,all,1,73.3499984741211,11.73402519999945,"[93, 68, 94, 13, 36, 11, 5, 1, 40, 7]","[12200361, 12201358, 12202355, 12203352, 12204349, 12205346, 12206343, 12207340, 12208337, 12209334]",3c9a3f6ee3ca21f09e96fe30ecd906f538e3c17ba833bd5749e63e53e8c3fabd,10,3,3,3,0,7,0,0,0,650,45,605,0.06923076923076923,1,0.022222222222222223,44,5.666666666666667,2112800,True,0,0,0,,0,0
122,TargetedFedPhoenix,1,0.25,10,update_norm,all,1,69.97000122070312,9.534064899999066,"[73, 64, 37, 69, 31, 48, 77, 41, 53, 75]","[12300364, 12301361, 12302358, 12303355, 12304352, 12305349, 12306346, 12307343, 12308340, 12309337]",21f03fbc1ddd12de16f13d43d00d49d037190357a2c33b5f124899a272c1ad15,10,5,5,5,0,5,0,0,0,650,75,575,0.11538461538461539,2,0.02666666666666667,73,4.4,2112800,True,0,0,0,,0,0
123,TargetedFedPhoenix,1,0.25,10,update_norm,all,1,70.62999725341797,9.188450599991484,"[46, 43, 84, 11, 66, 92, 16, 19, 96, 37]","[12400367, 12401364, 12402361, 12403358, 12404355, 12405352, 12406349, 12407346, 12408343, 12409340]",c4f63c7f6e0ac8c1ec00cb17480f1243119266f2955d90822bccb65f0bc457a7,10,7,7,7,0,3,0,0,0,650,105,545,0.16153846153846155,2,0.01904761904761905,103,3.142857142857143,2112800,True,0,0,0,,0,0
124,TargetedFedPhoenix,1,0.25,10,update_norm,all,1,63.56999969482422,8.513706300000194,"[43, 96, 9, 0, 74, 19, 1, 23, 38, 66]","[12500370, 12501367, 12502364, 12503361, 12504358, 12505355, 12506352, 12507349, 12508346, 12509343]",08e1218a181c1856da56afe5b3f0049ac8f9a58be7670e4dc8827d55b97cceaf,10,6,6,6,0,4,0,0,0,650,90,560,0.13846153846153847,3,0.03333333333333333,87,2.1666666666666665,2112800,True,0,0,0,,0,0
125,TargetedFedPhoenix,1,0.25,10,update_norm,all,1,66.75,10.085724900010973,"[27, 62, 32, 10, 22, 72, 64, 25, 86, 60]","[12600373, 12601370, 12602367, 12603364, 12604361, 12605358, 12606355, 12607352, 12608349, 12609346]",261ab264b778816fc51b892f1767e23354d911a6b42cb36c33d122ec7adcf382,10,5,5,5,0,5,0,0,0,650,75,575,0.11538461538461539,1,0.013333333333333334,74,6.6,2112800,True,0,0,0,,0,0
126,TargetedFedPhoenix,1,0.25,10,update_norm,all,1,64.79000091552734,10.709942800007411,"[84, 7, 64, 76, 15, 46, 27, 47, 40, 69]","[12700376, 12701373, 12702370, 12703367, 12704364, 12705361, 12706358, 12707355, 12708352, 12709349]",d3d324acee38b3000c7de0b4ca1112216090e6c096db7c8a491e927e624a1ef9,10,9,9,9,0,1,0,0,0,650,135,515,0.2076923076923077,0,0.0,135,4.444444444444445,2112800,True,0,0,0,,0,0
127,TargetedFedPhoenix,1,0.25,10,update_norm,all,1,71.68000030517578,11.714062099999865,"[75, 97, 79, 87, 11, 7, 37, 92, 41, 12]","[12800379, 12801376, 12802373, 12803370, 12804367, 12805364, 12806361, 12807358, 12808355, 12809352]",179a640b928bdeb5cbbcef4ff6f7b0f9b96c36b906565a8bb0da5b786183e5e7,10,7,7,7,0,3,0,0,0,650,105,545,0.16153846153846155,0,0.0,105,4.714285714285714,2112800,True,0,0,0,,0,0
128,TargetedFedPhoenix,1,0.25,10,update_norm,all,1,68.7300033569336,10.449430199994822,"[78, 4, 17, 21, 76, 74, 19, 61, 45, 86]","[12900382, 12901379, 12902376, 12903373, 12904370, 12905367, 12906364, 12907361, 12908358, 12909355]",f6814d5e225bd39d84a0da8bfd7c58166704fa58987931d67ef9f96e233d88ff,10,6,6,6,0,4,0,0,0,650,90,560,0.13846153846153847,1,0.011111111111111112,89,5.0,2112800,True,0,0,0,,0,0
129,TargetedFedPhoenix,1,0.25,10,update_norm,all,1,74.9000015258789,13.04642439998861,"[23, 41, 75, 36, 26, 49, 95, 16, 93, 72]","[13000385, 13001382, 13002379, 13003376, 13004373, 13005370, 13006367, 13007364, 13008361, 13009358]",890dee5d03118dc5216eea4351aeb4fa574eac0205c7e55cbaaeff3aa14e0fc1,10,7,7,7,0,3,0,0,0,650,105,545,0.16153846153846155,3,0.02857142857142857,102,5.0,2112800,True,0,0,0,,0,0
130,TargetedFedPhoenix,1,0.25,10,update_norm,all,1,67.94000244140625,11.732163099994068,"[59, 53, 65, 8, 68, 35, 13, 55, 23, 97]","[13100388, 13101385, 13102382, 13103379, 13104376, 13105373, 13106370, 13107367, 13108364, 13109361]",1662dfc45a27da5a652d07dff1103d6735b742e05216e6beaa4dd435407cfa73,10,5,5,5,0,5,0,0,0,650,75,575,0.11538461538461539,1,0.013333333333333334,74,6.0,2112800,True,0,0,0,,0,0
131,TargetedFedPhoenix,1,0.25,10,update_norm,all,1,65.98999786376953,8.750956300005782,"[74, 98, 22, 45, 97, 87, 92, 71, 47, 79]","[13200391, 13201388, 13202385, 13203382, 13204379, 13205376, 13206373, 13207370, 13208367, 13209364]",fb216dc0cca0c448ccad69e3e69c1cc3cf5f41d2f849995f4b4e5b9457092f14,10,8,8,8,0,2,0,0,0,650,120,530,0.18461538461538463,2,0.016666666666666666,118,3.75,2112800,True,0,0,0,,0,0
132,TargetedFedPhoenix,1,0.25,10,update_norm,all,1,75.04000091552734,10.423359299995354,"[35, 70, 59, 49, 36, 91, 82, 50, 26, 72]","[13300394, 13301391, 13302388, 13303385, 13304382, 13305379, 13306376, 13307373, 13308370, 13309367]",0181eb515c963905c04861a015a952a418ddaa2cd443a8a57e62f24ee88a9704,10,6,6,6,0,4,0,0,0,650,90,560,0.13846153846153847,0,0.0,90,2.6666666666666665,2112800,True,0,0,0,,0,0
133,TargetedFedPhoenix,1,0.25,10,update_norm,all,1,70.29000091552734,9.978249799998594,"[22, 83, 75, 29, 66, 48, 12, 10, 86, 1]","[13400397, 13401394, 13402391, 13403388, 13404385, 13405382, 13406379, 13407376, 13408373, 13409370]",222bd0cdfe09bac8f366c9b55efe1e81a007de2668cc1a546d5c43c07220be50,10,7,7,7,0,3,0,0,0,650,105,545,0.16153846153846155,1,0.009523809523809525,104,6.142857142857143,2112800,True,0,0,0,,0,0
134,TargetedFedPhoenix,1,0.25,10,update_norm,all,1,73.33999633789062,14.044987999994191,"[76, 33, 40, 59, 65, 63, 73, 36, 99, 82]","[13500400, 13501397, 13502394, 13503391, 13504388, 13505385, 13506382, 13507379, 13508376, 13509373]",efbead86001bb0d6578cf22d2b5172496a66f53c536fe84388d574541b192208,10,6,6,6,0,4,0,0,0,650,90,560,0.13846153846153847,2,0.022222222222222223,88,4.0,2112800,True,0,0,0,,0,0
135,TargetedFedPhoenix,1,0.25,10,update_norm,all,1,64.98999786376953,9.77894109999761,"[85, 88, 54, 40, 70, 67, 86, 38, 58, 42]","[13600403, 13601400, 13602397, 13603394, 13604391, 13605388, 13606385, 13607382, 13608379, 13609376]",c2525673f867f0c16f29e71b4979b7b6f6788486d01b330910271c181462b0c4,10,3,3,3,0,7,0,0,0,650,45,605,0.06923076923076923,0,0.0,45,2.0,2112800,True,0,0,0,,0,0
136,TargetedFedPhoenix,1,0.25,10,update_norm,all,1,67.80999755859375,9.309735000002547,"[89, 56, 12, 90, 94, 86, 19, 78, 92, 59]","[13700406, 13701403, 13702400, 13703397, 13704394, 13705391, 13706388, 13707385, 13708382, 13709379]",7fc7b725c5a610ff0df51817c689b29717e33050f6c86ce1afd0d92c23576c0b,10,6,6,6,0,4,0,0,0,650,90,560,0.13846153846153847,0,0.0,90,4.5,2112800,True,0,0,0,,0,0
137,TargetedFedPhoenix,1,0.25,10,update_norm,all,1,71.94999694824219,12.768672600010177,"[7, 94, 69, 44, 50, 26, 75, 24, 33, 18]","[13800409, 13801406, 13802403, 13803400, 13804397, 13805394, 13806391, 13807388, 13808385, 13809382]",e91b12e189e07b54e700ee837a0bb9d46e851bcffc079e0a80a82e296874d7ed,10,6,6,6,0,4,0,0,0,650,90,560,0.13846153846153847,3,0.03333333333333333,87,4.666666666666667,2112800,True,0,0,0,,0,0
138,TargetedFedPhoenix,1,0.25,10,update_norm,all,1,71.9000015258789,10.53052359999856,"[89, 75, 84, 93, 35, 71, 19, 63, 59, 94]","[13900412, 13901409, 13902406, 13903403, 13904400, 13905397, 13906394, 13907391, 13908388, 13909385]",fdfa92a046e6696cc3b6ccdf1e8197250eb0f5e9fe8b1654eaea64f10983f995,10,9,9,9,0,1,0,0,0,650,135,515,0.2076923076923077,2,0.014814814814814815,133,3.7777777777777777,2112800,True,0,0,0,,0,0
139,TargetedFedPhoenix,1,0.25,10,update_norm,all,1,71.12999725341797,9.328752900008112,"[54, 66, 17, 43, 53, 40, 76, 1, 4, 81]","[14000415, 14001412, 14002409, 14003406, 14004403, 14005400, 14006397, 14007394, 14008391, 14009388]",26a6e2e21f2252861c34c3575d43897c4c43a8d58ceed25f39ebaa82e5ecd983,10,6,6,6,0,4,0,0,0,650,90,560,0.13846153846153847,1,0.011111111111111112,89,5.666666666666667,2112800,True,0,0,0,,0,0
140,TargetedFedPhoenix,1,0.25,10,update_norm,all,1,72.87000274658203,10.935643699995126,"[52, 51, 97, 7, 41, 61, 29, 88, 49, 26]","[14100418, 14101415, 14102412, 14103409, 14104406, 14105403, 14106400, 14107397, 14108394, 14109391]",42f8ba3f2790166fc1027d64e79f2cb483f1c591aba500990d82c76eda5e769c,10,6,6,6,0,4,0,0,0,650,90,560,0.13846153846153847,1,0.011111111111111112,89,5.833333333333333,2112800,True,0,0,0,,0,0
141,TargetedFedPhoenix,1,0.25,10,update_norm,all,1,74.0999984741211,10.448374999992666,"[21, 47, 20, 59, 85, 2, 99, 70, 54, 50]","[14200421, 14201418, 14202415, 14203412, 14204409, 14205406, 14206403, 14207400, 14208397, 14209394]",09d3c48483cf6213edc4716d56501c3e2363b165944e0357fc315b05f1969e60,10,7,7,7,0,3,0,0,0,650,105,545,0.16153846153846155,1,0.009523809523809525,104,5.428571428571429,2112800,True,0,0,0,,0,0
142,TargetedFedPhoenix,1,0.25,10,update_norm,all,1,68.77999877929688,13.82687300001271,"[65, 98, 79, 6, 58, 92, 19, 37, 33, 75]","[14300424, 14301421, 14302418, 14303415, 14304412, 14305409, 14306406, 14307403, 14308400, 14309397]",816783fa5d2fb0939d2f3fb70d8574f020b5233f160bc68c66218c6f038f74b9,10,6,6,6,0,4,0,0,0,650,90,560,0.13846153846153847,1,0.011111111111111112,89,5.666666666666667,2112800,True,0,0,0,,0,0
143,TargetedFedPhoenix,1,0.25,10,update_norm,all,1,64.2699966430664,9.903699500006041,"[44, 84, 56, 0, 69, 15, 66, 78, 42, 95]","[14400427, 14401424, 14402421, 14403418, 14404415, 14405412, 14406409, 14407406, 14408403, 14409400]",be38e7dff41de58129c06494f2616105cd5fbc2a2bdb1d6976e0e27f81a5880b,10,7,7,7,0,3,0,0,0,650,105,545,0.16153846153846155,2,0.01904761904761905,103,6.142857142857143,2112800,True,0,0,0,,0,0
144,TargetedFedPhoenix,1,0.25,10,update_norm,all,1,74.30999755859375,12.397188899994944,"[36, 20, 53, 26, 80, 67, 25, 37, 39, 10]","[14500430, 14501427, 14502424, 14503421, 14504418, 14505415, 14506412, 14507409, 14508406, 14509403]",4d4b786843e0ce9bae79dc8ec894cd173869454d5d899a71ca7a4d4817022b94,10,6,6,6,0,4,0,0,0,650,90,560,0.13846153846153847,3,0.03333333333333333,87,5.5,2112800,True,0,0,0,,0,0
145,TargetedFedPhoenix,1,0.25,10,update_norm,all,1,67.12000274658203,12.08029890000762,"[54, 62, 65, 69, 82, 46, 64, 70, 59, 11]","[14600433, 14601430, 14602427, 14603424, 14604421, 14605418, 14606415, 14607412, 14608409, 14609406]",b47a88f1de9f8c8d40d34faff351bc387e4a954cb16217c71fe3e2d709a41b01,10,5,5,5,0,5,0,0,0,650,75,575,0.11538461538461539,1,0.013333333333333334,74,3.4,2112800,True,0,0,0,,0,0
146,TargetedFedPhoenix,1,0.25,10,update_norm,all,1,66.05000305175781,10.304492599985679,"[78, 89, 64, 25, 85, 9, 57, 41, 97, 45]","[14700436, 14701433, 14702430, 14703427, 14704424, 14705421, 14706418, 14707415, 14708412, 14709409]",d357c8a917cbfb55ce67468e1236089b293207cdd765b8681d69fe9aaec37b28,10,7,7,7,0,3,0,0,0,650,105,545,0.16153846153846155,2,0.01904761904761905,103,4.428571428571429,2112800,True,0,0,0,,0,0
147,TargetedFedPhoenix,1,0.25,10,update_norm,all,1,74.2300033569336,10.273186199992779,"[32, 8, 70, 41, 12, 19, 88, 20, 98, 33]","[14800439, 14801436, 14802433, 14803430, 14804427, 14805424, 14806421, 14807418, 14808415, 14809412]",e172167f0d61957b89cc62ec84685cd537f882baaf9ad06d6d2135ebe0de7092,10,7,7,7,0,3,0,0,0,650,105,545,0.16153846153846155,0,0.0,105,4.0,2112800,True,0,0,0,,0,0
148,TargetedFedPhoenix,1,0.25,10,update_norm,all,1,70.0999984741211,11.59670009999536,"[50, 29, 81, 33, 44, 69, 2, 68, 93, 85]","[14900442, 14901439, 14902436, 14903433, 14904430, 14905427, 14906424, 14907421, 14908418, 14909415]",041833498c6c8d8ccb3d32553b762d0ff944a9aacabc98ed7c4f7393d9427c4d,10,9,9,9,0,1,0,0,0,650,135,515,0.2076923076923077,2,0.014814814814814815,133,5.777777777777778,2112800,True,0,0,0,,0,0
149,TargetedFedPhoenix,1,0.25,10,update_norm,all,1,66.1500015258789,9.839649800007464,"[5, 84, 70, 73, 31, 62, 69, 13, 86, 74]","[15000445, 15001442, 15002439, 15003436, 15004433, 15005430, 15006427, 15007424, 15008421, 15009418]",cce5093c8b6ae854293743d7348f84ab56e54481f2183f204ed018a5110de09d,10,4,4,4,0,6,0,0,0,650,60,590,0.09230769230769231,1,0.016666666666666666,59,3.25,2112800,True,0,0,0,,0,0
150,TargetedFedPhoenix,1,0.25,10,update_norm,all,1,75.27999877929688,10.16518699999142,"[69, 9, 41, 83, 76, 63, 34, 67, 36, 87]","[15100448, 15101445, 15102442, 15103439, 15104436, 15105433, 15106430, 15107427, 15108424, 15109421]",3b3c46cfaf015a2a6b6015b91c6895627847ab70a1273e063ced3cbbdc7ec76c,10,5,5,5,0,5,0,0,0,650,75,575,0.11538461538461539,2,0.02666666666666667,73,4.0,2112800,True,0,0,0,,0,0
151,TargetedFedPhoenix,1,0.25,10,update_norm,all,1,62.54999923706055,10.319269400002668,"[40, 77, 95, 52, 25, 38, 46, 47, 93, 88]","[15200451, 15201448, 15202445, 15203442, 15204439, 15205436, 15206433, 15207430, 15208427, 15209424]",fa1db699c5e70ce599ffb0475e9526831777b247d982f0bc07f311c11a008007,10,6,6,6,0,4,0,0,0,650,90,560,0.13846153846153847,0,0.0,90,6.0,2112800,True,0,0,0,,0,0
152,TargetedFedPhoenix,1,0.25,10,update_norm,all,1,66.37999725341797,12.01944679999724,"[14, 22, 87, 6, 15, 36, 37, 44, 48, 38]","[15300454, 15301451, 15302448, 15303445, 15304442, 15305439, 15306436, 15307433, 15308430, 15309427]",91d354a2ef215363543587b73b3c5cc45e860afd0e62b31ff4abeb35f7bcb41e,10,7,7,7,0,3,0,0,0,650,105,545,0.16153846153846155,2,0.01904761904761905,103,5.142857142857143,2112800,True,0,0,0,,0,0
153,TargetedFedPhoenix,1,0.25,10,update_norm,all,1,73.41999816894531,11.05732770000759,"[14, 66, 74, 62, 49, 45, 18, 79, 15, 68]","[15400457, 15401454, 15402451, 15403448, 15404445, 15405442, 15406439, 15407436, 15408433, 15409430]",c92eb2aa81311574f544e9b247c0fff6acd2c87ee0aa615a06e52fc1686f69af,10,7,7,7,0,3,0,0,0,650,105,545,0.16153846153846155,1,0.009523809523809525,104,4.571428571428571,2112800,True,0,0,0,,0,0
154,TargetedFedPhoenix,1,0.25,10,update_norm,all,1,72.08000183105469,8.91757210000651,"[92, 32, 77, 87, 27, 13, 14, 47, 22, 73]","[15500460, 15501457, 15502454, 15503451, 15504448, 15505445, 15506442, 15507439, 15508436, 15509433]",f926d315c77badf7b2ff338f12c916a9e0d5561c3df7eeb223c0ab804c7dea83,10,8,8,8,0,2,0,0,0,650,120,530,0.18461538461538463,4,0.03333333333333333,116,3.5,2112800,True,0,0,0,,0,0
155,TargetedFedPhoenix,1,0.25,10,update_norm,all,1,69.97000122070312,10.761450299993157,"[60, 31, 44, 3, 84, 25, 98, 73, 52, 82]","[15600463, 15601460, 15602457, 15603454, 15604451, 15605448, 15606445, 15607442, 15608439, 15609436]",9d625f1bc841e763d3b5d0928517bba62089b5d45dcd6b1e3e4da5af51e9dea3,10,8,8,8,0,2,0,0,0,640,120,520,0.1875,0,0.0,120,5.25,2112800,True,0,0,0,,0,0
156,TargetedFedPhoenix,1,0.25,10,update_norm,all,1,73.37000274658203,10.900714300005347,"[66, 38, 74, 49, 46, 45, 12, 0, 81, 23]","[15700466, 15701463, 15702460, 15703457, 15704454, 15705451, 15706448, 15707445, 15708442, 15709439]",22b0e02ac2942fb271cd28ccff73f25569b393101779f3387de19f138d291dac,10,8,8,8,0,2,0,0,0,640,120,520,0.1875,0,0.0,120,4.75,2112800,True,0,0,0,,0,0
157,TargetedFedPhoenix,1,0.25,10,update_norm,all,1,67.18000030517578,12.31901089999883,"[6, 14, 56, 8, 37, 71, 68, 53, 88, 65]","[15800469, 15801466, 15802463, 15803460, 15804457, 15805454, 15806451, 15807448, 15808445, 15809442]",19602e022cffd219b1c4709becc859a765a02f4b5e1758b49585a23dbdf67765,10,6,6,6,0,4,0,0,0,640,90,550,0.140625,1,0.011111111111111112,89,5.5,2112800,True,0,0,0,,0,0
158,TargetedFedPhoenix,1,0.25,10,update_norm,all,1,67.04000091552734,9.546084500005236,"[76, 40, 68, 38, 91, 92, 18, 11, 69, 94]","[15900472, 15901469, 15902466, 15903463, 15904460, 15905457, 15906454, 15907451, 15908448, 15909445]",18590d0425f252f7d1cddebf01e0f448583cbf644997f2cac06a743e7e06d478,10,7,7,7,0,3,0,0,0,640,105,535,0.1640625,0,0.0,105,5.0,2112800,True,0,0,0,,0,0
159,TargetedFedPhoenix,1,0.25,10,update_norm,all,1,69.75,9.875774800006184,"[0, 23, 91, 83, 98, 64, 90, 32, 84, 36]","[16000475, 16001472, 16002469, 16003466, 16004463, 16005460, 16006457, 16007454, 16008451, 16009448]",4176b1208928ecfe338708659671327a4086958670e7e93abe25af729a8431b3,10,8,8,8,0,2,0,0,0,640,120,520,0.1875,4,0.03333333333333333,116,4.5,2112800,True,0,0,0,,0,0
160,TargetedFedPhoenix,1,0.25,10,update_norm,all,1,70.3499984741211,10.6723908999993,"[15, 9, 95, 71, 80, 49, 39, 81, 30, 8]","[16100478, 16101475, 16102472, 16103469, 16104466, 16105463, 16106460, 16107457, 16108454, 16109451]",f528c17960f9752dd9ababf496ae0f87220441fcef8aaa8cbcf99a45e4d0176e,10,7,7,7,0,3,0,0,0,640,105,535,0.1640625,4,0.0380952380952381,101,5.714285714285714,2112800,True,0,0,0,,0,0
161,TargetedFedPhoenix,1,0.25,10,update_norm,all,1,75.12000274658203,9.674084099999163,"[29, 87, 67, 36, 35, 96, 15, 61, 24, 62]","[16200481, 16201478, 16202475, 16203472, 16204469, 16205466, 16206463, 16207460, 16208457, 16209454]",1540634dc40801acad2f88e8854f31123724368140bd602c7ad4aa56f626eed0,10,4,4,4,0,6,0,0,0,640,60,580,0.09375,0,0.0,60,4.5,2112800,True,0,0,0,,0,0
162,TargetedFedPhoenix,1,0.25,10,update_norm,all,1,71.6500015258789,11.15203169999586,"[13, 58, 87, 52, 50, 60, 3, 19, 35, 0]","[16300484, 16301481, 16302478, 16303475, 16304472, 16305469, 16306466, 16307463, 16308460, 16309457]",1625d921261bee348c8c4d6c82cf4c28a7e4e7a26321dfb0a95167ce1d1cf82a,10,7,7,7,0,3,0,0,0,640,105,535,0.1640625,3,0.02857142857142857,102,4.857142857142857,2112800,True,0,0,0,,0,0
163,TargetedFedPhoenix,1,0.25,10,update_norm,all,1,68.41000366210938,9.643883800003096,"[55, 46, 66, 67, 73, 12, 51, 1, 57, 90]","[16400487, 16401484, 16402481, 16403478, 16404475, 16405472, 16406469, 16407466, 16408463, 16409460]",a37fea9978c84731e8056326965dc8a379295a2d4358a2f1f383cba77196571a,10,6,6,6,0,4,0,0,0,640,90,550,0.140625,0,0.0,90,5.833333333333333,2112800,True,0,0,0,,0,0
164,TargetedFedPhoenix,1,0.25,10,update_norm,all,1,68.76000213623047,10.268066300006467,"[40, 72, 92, 86, 89, 90, 16, 98, 73, 58]","[16500490, 16501487, 16502484, 16503481, 16504478, 16505475, 16506472, 16507469, 16508466, 16509463]",73a68cdfaad5d38924b954cd5fd77b4918f7838eadc59d59640fd3f93210907a,10,6,6,6,0,4,0,0,0,640,90,550,0.140625,0,0.0,90,3.5,2112800,True,0,0,0,,0,0
165,TargetedFedPhoenix,1,0.25,10,update_norm,all,1,74.48999786376953,11.71891319999122,"[0, 58, 47, 44, 94, 66, 4, 7, 27, 2]","[16600493, 16601490, 16602487, 16603484, 16604481, 16605478, 16606475, 16607472, 16608469, 16609466]",cd323b4c0090998f93fed36c9ef676f5bf49acddb425ece1413a991d7c973e59,10,5,5,5,0,5,0,0,0,640,75,565,0.1171875,0,0.0,75,4.6,2112800,True,0,0,0,,0,0
166,TargetedFedPhoenix,1,0.25,10,update_norm,all,1,71.44000244140625,11.726327299998957,"[58, 87, 14, 78, 40, 83, 73, 18, 52, 31]","[16700496, 16701493, 16702490, 16703487, 16704484, 16705481, 16706478, 16707475, 16708472, 16709469]",c1710f4e1744aea7b8439900659f5112a4cdf437cf7b38b0c72a085b01c3bca9,10,8,8,8,0,2,0,0,0,640,120,520,0.1875,2,0.016666666666666666,118,4.625,2112800,True,0,0,0,,0,0
167,TargetedFedPhoenix,1,0.25,10,update_norm,all,1,71.0999984741211,11.802989299991168,"[99, 22, 62, 86, 5, 20, 9, 51, 7, 54]","[16800499, 16801496, 16802493, 16803490, 16804487, 16805484, 16806481, 16807478, 16808475, 16809472]",17b34aa1a6292e56c7cc52d8000aae8606463fecbc696b9454457c3a8d38fc53,10,5,5,5,0,5,0,0,0,640,75,565,0.1171875,1,0.013333333333333334,74,4.4,2112800,True,0,0,0,,0,0
168,TargetedFedPhoenix,1,0.25,10,update_norm,all,1,70.02999877929688,11.84303390000423,"[97, 37, 42, 7, 22, 5, 24, 56, 69, 12]","[16900502, 16901499, 16902496, 16903493, 16904490, 16905487, 16906484, 16907481, 16908478, 16909475]",f495fe4c85a84cf769ad4aa6998311eee533bd9b4a866a04b99baa69e57fd396,10,6,6,6,0,4,0,0,0,640,90,550,0.140625,3,0.03333333333333333,87,4.166666666666667,2112800,True,0,0,0,,0,0
169,TargetedFedPhoenix,1,0.25,10,update_norm,all,1,68.2699966430664,10.650992099996074,"[96, 22, 76, 44, 59, 78, 12, 68, 94, 87]","[17000505, 17001502, 17002499, 17003496, 17004493, 17005490, 17006487, 17007484, 17008481, 17009478]",d2925ee34f1b45aa8f523088b070acabc2aedfdafe6f84a12b2251d9b172471d,10,7,7,7,0,3,0,0,0,640,105,535,0.1640625,2,0.01904761904761905,103,3.4285714285714284,2112800,True,0,0,0,,0,0
170,TargetedFedPhoenix,1,0.25,10,update_norm,all,1,67.0999984741211,14.146279299995513,"[45, 7, 65, 19, 95, 16, 35, 23, 83, 88]","[17100508, 17101505, 17102502, 17103499, 17104496, 17105493, 17106490, 17107487, 17108484, 17109481]",aa22bcc56d984b4363c9ed21cb80bb2d7239255ca5b1947afdcd0b07ba2dc4b4,10,6,6,6,0,4,0,0,0,640,90,550,0.140625,0,0.0,90,6.333333333333333,2112800,True,0,0,0,,0,0
171,TargetedFedPhoenix,1,0.25,10,update_norm,all,1,66.77999877929688,11.205971899995347,"[12, 91, 4, 90, 47, 66, 33, 9, 61, 84]","[17200511, 17201508, 17202505, 17203502, 17204499, 17205496, 17206493, 17207490, 17208487, 17209484]",2870687d124b9f3da12d4948f73c3e54b8391e5ac71f5d7dcd4117ad73dd95fc,10,7,7,7,0,3,0,0,0,640,105,535,0.1640625,0,0.0,105,5.857142857142857,2112800,True,0,0,0,,0,0
172,TargetedFedPhoenix,1,0.25,10,update_norm,all,1,69.55000305175781,10.59339799999725,"[46, 60, 83, 2, 37, 70, 93, 29, 3, 43]","[17300514, 17301511, 17302508, 17303505, 17304502, 17305499, 17306496, 17307493, 17308490, 17309487]",bc142b93147c92c76950b8151e42caabc74c1807c1402cc7c5e5f4e659935dd6,10,6,6,6,0,4,0,0,0,640,90,550,0.140625,0,0.0,90,7.0,2112800,True,0,0,0,,0,0
173,TargetedFedPhoenix,1,0.25,10,update_norm,all,1,58.900001525878906,8.91146529999969,"[27, 45, 49, 4, 31, 62, 9, 95, 69, 72]","[17400517, 17401514, 17402511, 17403508, 17404505, 17405502, 17406499, 17407496, 17408493, 17409490]",b837e2317d1a36b62c52705bc501546485d94daf034a06ceb5dfd2decd27834d,10,9,9,9,0,1,0,0,0,640,135,505,0.2109375,4,0.02962962962962963,131,5.0,2112800,True,0,0,0,,0,0
174,TargetedFedPhoenix,1,0.25,10,update_norm,all,1,69.94999694824219,9.872336200001882,"[27, 28, 1, 92, 55, 48, 74, 7, 99, 62]","[17500520, 17501517, 17502514, 17503511, 17504508, 17505505, 17506502, 17507499, 17508496, 17509493]",c49c23830f1cbfc87d4dd617e17d77db21e30b5febb59054a40bae65c40025ca,10,5,5,5,0,5,0,0,0,640,75,565,0.1171875,2,0.02666666666666667,73,4.6,2112800,True,0,0,0,,0,0
175,TargetedFedPhoenix,1,0.25,10,update_norm,all,1,73.69999694824219,10.574363699997775,"[24, 0, 9, 11, 31, 45, 58, 35, 69, 21]","[17600523, 17601520, 17602517, 17603514, 17604511, 17605508, 17606505, 17607502, 17608499, 17609496]",115d0a4ad81a7754a628f60f2f40239223ee2a1bec8591e7baaa5ad5b31a2c8b,10,8,8,8,0,2,0,0,0,640,120,520,0.1875,3,0.025,117,4.875,2112800,True,0,0,0,,0,0
176,TargetedFedPhoenix,1,0.25,10,update_norm,all,1,73.33000183105469,10.507450999997673,"[42, 98, 67, 21, 24, 81, 20, 75, 29, 36]","[17700526, 17701523, 17702520, 17703517, 17704514, 17705511, 17706508, 17707505, 17708502, 17709499]",7a5a50ab060124810374bf4c42881336ecb0bcb2f38194b1ced5b5a0c5f80b87,10,5,5,5,0,5,0,0,0,640,75,565,0.1171875,1,0.013333333333333334,74,4.6,2112800,True,0,0,0,,0,0
177,TargetedFedPhoenix,1,0.25,10,update_norm,all,1,70.62999725341797,11.478529200001503,"[49, 75, 33, 60, 42, 64, 69, 11, 47, 70]","[17800529, 17801526, 17802523, 17803520, 17804517, 17805514, 17806511, 17807508, 17808505, 17809502]",b01375802fada0fcbf557a22a91baf54ec3cbdddd1eab8b62f14bc56705b66af,10,9,9,9,0,1,0,0,0,640,135,505,0.2109375,1,0.007407407407407408,134,3.5555555555555554,2112800,True,0,0,0,,0,0
178,TargetedFedPhoenix,1,0.25,10,update_norm,all,1,67.26000213623047,11.069063699993421,"[96, 60, 16, 70, 73, 40, 11, 24, 87, 93]","[17900532, 17901529, 17902526, 17903523, 17904520, 17905517, 17906514, 17907511, 17908508, 17909505]",ae76693444f0c6c200587aa9938598f5f71a8a4763d19e90794c226f844b240d,10,8,8,8,0,2,0,0,0,640,120,520,0.1875,0,0.0,120,4.625,2112800,True,0,0,0,,0,0
179,TargetedFedPhoenix,1,0.25,10,update_norm,all,1,75.63999938964844,10.325124099996174,"[37, 16, 85, 31, 69, 36, 54, 25, 32, 38]","[18000535, 18001532, 18002529, 18003526, 18004523, 18005520, 18006517, 18007514, 18008511, 18009508]",7a9ee26e9d69c2018789e09390716ed96c9e055c12660c177decfdaf19ac4fde,10,5,5,5,0,5,0,0,0,640,75,565,0.1171875,1,0.013333333333333334,74,3.4,2112800,True,0,0,0,,0,0
180,TargetedFedPhoenix,1,0.25,10,update_norm,all,1,72.23999786376953,10.835825600006501,"[80, 92, 61, 76, 19, 28, 7, 73, 67, 38]","[18100538, 18101535, 18102532, 18103529, 18104526, 18105523, 18106520, 18107517, 18108514, 18109511]",8fd8854e5fd8d3768205152d191114a0c1ca214c13917d1b37831189b16db360,10,8,8,8,0,2,0,0,0,640,120,520,0.1875,1,0.008333333333333333,119,5.5,2112800,True,0,0,0,,0,0
181,TargetedFedPhoenix,1,0.25,10,update_norm,all,1,74.30999755859375,9.781788499996765,"[78, 26, 35, 44, 29, 85, 64, 66, 97, 21]","[18200541, 18201538, 18202535, 18203532, 18204529, 18205526, 18206523, 18207520, 18208517, 18209514]",d1b2fe55376b8d4963417b3003f8816eadea22c72fbc3bac7fb31a424f0df798,10,6,6,6,0,4,0,0,0,640,90,550,0.140625,0,0.0,90,5.333333333333333,2112800,True,0,0,0,,0,0
182,TargetedFedPhoenix,1,0.25,10,update_norm,all,1,66.12999725341797,11.12184169999091,"[78, 73, 10, 52, 54, 24, 44, 70, 99, 90]","[18300544, 18301541, 18302538, 18303535, 18304532, 18305529, 18306526, 18307523, 18308520, 18309517]",b308bcadc81304b682994c7e503e76968ed0db008e51f6ff3107a883dcf558e8,10,7,7,7,0,3,0,0,0,640,105,535,0.1640625,2,0.01904761904761905,103,3.2857142857142856,2112800,True,0,0,0,,0,0
183,TargetedFedPhoenix,1,0.25,10,update_norm,all,1,76.25,8.99934339999163,"[96, 38, 1, 4, 36, 19, 77, 52, 41, 49]","[18400547, 18401544, 18402541, 18403538, 18404535, 18405532, 18406529, 18407526, 18408523, 18409520]",bf5c0d76076ae903382c7da5980ef635958526b8f1052488b149dac58da9413e,10,8,8,8,0,2,0,0,0,640,120,520,0.1875,0,0.0,120,5.125,2112800,True,0,0,0,,0,0
184,TargetedFedPhoenix,1,0.25,10,update_norm,all,1,74.08000183105469,11.173234899993986,"[87, 55, 49, 7, 51, 67, 40, 21, 34, 0]","[18500550, 18501547, 18502544, 18503541, 18504538, 18505535, 18506532, 18507529, 18508526, 18509523]",3cc0077bafc27e27fddfe78a3cfb459c80f3ccf7e0bd417880e96a362f526074,10,8,8,8,0,2,0,0,0,640,120,520,0.1875,2,0.016666666666666666,118,5.375,2112800,True,0,0,0,,0,0
185,TargetedFedPhoenix,1,0.25,10,update_norm,all,1,74.2300033569336,9.193123400007607,"[74, 63, 39, 14, 96, 82, 21, 45, 88, 13]","[18600553, 18601550, 18602547, 18603544, 18604541, 18605538, 18606535, 18607532, 18608529, 18609526]",ffec873de7ca3389eab134514ef7be26281e15326c6ec7824822b623914ef751,10,3,3,3,0,7,0,0,0,640,45,595,0.0703125,0,0.0,45,4.333333333333333,2112800,True,0,0,0,,0,0
186,TargetedFedPhoenix,1,0.25,10,update_norm,all,1,73.37999725341797,10.956338000003598,"[1, 26, 23, 59, 22, 57, 27, 60, 18, 69]","[18700556, 18701553, 18702550, 18703547, 18704544, 18705541, 18706538, 18707535, 18708532, 18709529]",8e0d87ec1ca92c74575067f7d7c7c7e7f1e1c49a0d5874efbfc4298a46a7783a,10,4,4,4,0,6,0,0,0,640,60,580,0.09375,0,0.0,60,5.75,2112800,True,0,0,0,,0,0
187,TargetedFedPhoenix,1,0.25,10,update_norm,all,1,69.48999786376953,9.421004999996512,"[34, 87, 43, 64, 27, 92, 78, 55, 68, 7]","[18800559, 18801556, 18802553, 18803550, 18804547, 18805544, 18806541, 18807538, 18808535, 18809532]",b5597c26d358068a25e6ed77f407af38186d0f0a8651d65215933deac44e51ef,10,8,8,8,0,2,0,0,0,640,120,520,0.1875,3,0.025,117,3.875,2112800,True,0,0,0,,0,0
188,TargetedFedPhoenix,1,0.25,10,update_norm,all,1,75.20999908447266,12.588357099986752,"[67, 20, 34, 69, 85, 14, 86, 81, 36, 76]","[18900562, 18901559, 18902556, 18903553, 18904550, 18905547, 18906544, 18907541, 18908538, 18909535]",006feeefd5a7f3c3276f8c041ef8932bf3c6da72b2c15d78e88f9d609f8c3478,10,7,7,7,0,3,0,0,0,640,105,535,0.1640625,3,0.02857142857142857,102,4.285714285714286,2112800,True,0,0,0,,0,0
189,TargetedFedPhoenix,1,0.25,10,update_norm,all,1,65.88999938964844,13.784298599988688,"[57, 7, 53, 49, 74, 65, 76, 29, 78, 80]","[19000565, 19001562, 19002559, 19003556, 19004553, 19005550, 19006547, 19007544, 19008541, 19009538]",46dc619e91e13956a732d00e4aed5ab56f737476b8232ad8495d016c61371304,10,8,8,8,0,2,0,0,0,640,120,520,0.1875,3,0.025,117,4.25,2112800,True,0,0,0,,0,0
190,TargetedFedPhoenix,1,0.25,10,update_norm,all,1,68.83000183105469,10.105357799999183,"[71, 25, 7, 77, 39, 51, 87, 5, 45, 11]","[19100568, 19101565, 19102562, 19103559, 19104556, 19105553, 19106550, 19107547, 19108544, 19109541]",6c284e7892f476756f41e001ef0de0246ca0164f6dc310c09ddb8d9e1e1fa317,10,6,6,6,0,4,0,0,0,640,90,550,0.140625,1,0.011111111111111112,89,4.5,2112800,True,0,0,0,,0,0
191,TargetedFedPhoenix,1,0.25,10,update_norm,all,1,61.91999816894531,11.852305700012948,"[60, 21, 34, 0, 98, 92, 44, 65, 66, 3]","[19200571, 19201568, 19202565, 19203562, 19204559, 19205556, 19206553, 19207550, 19208547, 19209544]",e714016f161797caf4d44ff93c9f7807244dc28af9b5f446da9acd3f551c5687,10,8,8,8,0,2,0,0,0,640,120,520,0.1875,0,0.0,120,5.75,2112800,True,0,0,0,,0,0
192,TargetedFedPhoenix,1,0.25,10,update_norm,all,1,72.37000274658203,11.33233299999847,"[36, 59, 66, 20, 0, 16, 86, 71, 90, 56]","[19300574, 19301571, 19302568, 19303565, 19304562, 19305559, 19306556, 19307553, 19308550, 19309547]",aa353d8ebb9e4336612ce15327267731223f5f7e1f90bc69b49461a757544a76,10,8,8,8,0,2,0,0,0,640,120,520,0.1875,0,0.0,120,4.0,2112800,True,0,0,0,,0,0
193,TargetedFedPhoenix,1,0.25,10,update_norm,all,1,74.72000122070312,9.273722400001134,"[19, 22, 51, 45, 91, 26, 14, 83, 15, 67]","[19400577, 19401574, 19402571, 19403568, 19404565, 19405562, 19406559, 19407556, 19408553, 19409550]",d86e9de794670361d98a0d4661100af1924d9f9e12c01ee101372a16f2cfb5eb,10,7,7,7,0,3,0,0,0,640,105,535,0.1640625,0,0.0,105,5.714285714285714,2112800,True,0,0,0,,0,0
194,TargetedFedPhoenix,1,0.25,10,update_norm,all,1,71.5199966430664,11.778662900003837,"[62, 14, 3, 92, 78, 33, 89, 48, 70, 31]","[19500580, 19501577, 19502574, 19503571, 19504568, 19505565, 19506562, 19507559, 19508556, 19509553]",427def4ad725f82d74b91f35d6007c394e90ab0d4526b705f1f0bb0e94db7449,10,4,4,4,0,6,0,0,0,640,60,580,0.09375,0,0.0,60,3.0,2112800,True,0,0,0,,0,0
195,TargetedFedPhoenix,1,0.25,10,update_norm,all,1,73.23999786376953,10.082678899998427,"[37, 10, 88, 63, 53, 68, 2, 52, 26, 59]","[19600583, 19601580, 19602577, 19603574, 19604571, 19605568, 19606565, 19607562, 19608559, 19609556]",5833325f1696b96f517ba455745f938017a88e8c6e6cd2ca04d91031d14fc0f6,10,6,6,6,0,4,0,0,0,640,90,550,0.140625,1,0.011111111111111112,89,6.5,2112800,True,0,0,0,,0,0
196,TargetedFedPhoenix,1,0.25,10,update_norm,all,1,77.06999969482422,12.03611760000058,"[59, 71, 85, 49, 20, 10, 3, 86, 88, 33]","[19700586, 19701583, 19702580, 19703577, 19704574, 19705571, 19706568, 19707565, 19708562, 19709559]",033ba326b57ddf9e347e7656955a1ca7e93c720bcaafb45c59cb6c8dfa23759a,10,10,10,10,0,0,0,0,0,640,150,490,0.234375,1,0.006666666666666667,149,3.4,2112800,True,0,0,0,,0,0
197,TargetedFedPhoenix,1,0.25,10,update_norm,all,1,63.75,9.900637700004154,"[9, 0, 18, 66, 44, 17, 92, 95, 64, 96]","[19800589, 19801586, 19802583, 19803580, 19804577, 19805574, 19806571, 19807568, 19808565, 19809562]",622e68b7af01183b64fb7c0dece15e2d5a9ec1ef5a85e9fc5d3acb447534f943,10,5,5,5,0,5,0,0,0,640,75,565,0.1171875,3,0.04,72,5.8,2112800,True,0,0,0,,0,0
198,TargetedFedPhoenix,1,0.25,10,update_norm,all,1,71.18000030517578,12.4346566000022,"[70, 58, 24, 57, 32, 19, 43, 65, 5, 88]","[19900592, 19901589, 19902586, 19903583, 19904580, 19905577, 19906574, 19907571, 19908568, 19909565]",fcb38fc38714952823ffc59b7aef3479bf200ccf9cb1f726476aac9cbbc829b1,10,6,6,6,0,4,0,0,0,640,90,550,0.140625,1,0.011111111111111112,89,5.833333333333333,2112800,True,0,0,0,,0,0
199,TargetedFedPhoenix,1,0.25,10,update_norm,all,1,63.720001220703125,9.813992700001108,"[61, 75, 68, 2, 6, 26, 1, 56, 78, 74]","[20000595, 20001592, 20002589, 20003586, 20004583, 20005580, 20006577, 20007574, 20008571, 20009568]",b130e7101f0365e5597bb904324d078553dd03a32a303a8e137bc48eea301a0b,10,6,6,6,0,4,0,0,0,640,90,550,0.140625,3,0.03333333333333333,87,5.666666666666667,2112800,True,0,0,0,,0,0
200,TargetedFedPhoenix,1,0.25,10,update_norm,all,1,58.7400016784668,9.341750300009153,"[8, 57, 22, 90, 46, 9, 56, 99, 89, 4]","[20100598, 20101595, 20102592, 20103589, 20104586, 20105583, 20106580, 20107577, 20108574, 20109571]",00abbd85bb918b99bb6d47526c429d8cc2a32936fcad2701cbbe56e456f05956,10,6,6,6,0,4,0,0,0,640,90,550,0.140625,1,0.011111111111111112,89,4.5,2112800,True,0,0,0,,0,0
201,TargetedFedPhoenix,1,0.25,10,update_norm,all,1,69.47000122070312,10.405876299992087,"[83, 41, 69, 7, 63, 51, 78, 89, 43, 81]","[20200601, 20201598, 20202595, 20203592, 20204589, 20205586, 20206583, 20207580, 20208577, 20209574]",dd937cb7c423a81fe213687d0e4edaedb4a774aa7ec99730fce298c15c034c02,10,6,6,6,0,4,0,0,0,640,90,550,0.140625,1,0.011111111111111112,89,4.666666666666667,2112800,True,0,0,0,,0,0
202,TargetedFedPhoenix,1,0.25,10,update_norm,all,1,72.06999969482422,10.14111879999109,"[74, 76, 14, 98, 73, 37, 94, 68, 39, 11]","[20300604, 20301601, 20302598, 20303595, 20304592, 20305589, 20306586, 20307583, 20308580, 20309577]",4358f352e1cf56136716ee73ea149ea5ddec8971747454e2cea03b4cc423b41e,10,4,4,4,0,6,0,0,0,640,60,580,0.09375,2,0.03333333333333333,58,5.25,2112800,True,0,0,0,,0,0
203,TargetedFedPhoenix,1,0.25,10,update_norm,all,1,63.68000030517578,8.882551999995485,"[38, 78, 17, 56, 90, 34, 42, 0, 1, 12]","[20400607, 20401604, 20402601, 20403598, 20404595, 20405592, 20406589, 20407586, 20408583, 20409580]",02756fce0ace0227feb923d753ac9188aa7289fe269130f6d2128a5cde211bdf,10,6,6,6,0,4,0,0,0,640,90,550,0.140625,0,0.0,90,4.0,2112800,True,0,0,0,,0,0
204,TargetedFedPhoenix,1,0.25,10,update_norm,all,1,72.62000274658203,11.433530300011626,"[45, 36, 95, 8, 99, 75, 93, 4, 24, 58]","[20500610, 20501607, 20502604, 20503601, 20504598, 20505595, 20506592, 20507589, 20508586, 20509583]",c4768c8ad7a994f83092d2f14803713455b6cdf15936e37194fa345829c7bd9f,10,7,7,7,0,3,0,0,0,640,105,535,0.1640625,2,0.01904761904761905,103,5.142857142857143,2112800,True,0,0,0,,0,0
205,TargetedFedPhoenix,1,0.25,10,update_norm,all,1,71.33000183105469,11.839011000003666,"[66, 46, 89, 23, 4, 97, 78, 26, 79, 52]","[20600613, 20601610, 20602607, 20603604, 20604601, 20605598, 20606595, 20607592, 20608589, 20609586]",75f418fed67a8d9b980356c9f22c81bd1c5e5a0697cb7c270c92813f9e6751e9,10,7,7,7,0,3,0,0,0,640,105,535,0.1640625,2,0.01904761904761905,103,5.142857142857143,2112800,True,0,0,0,,0,0
206,TargetedFedPhoenix,1,0.25,10,update_norm,all,1,74.19000244140625,13.294714200004819,"[71, 79, 23, 7, 97, 86, 72, 57, 70, 64]","[20700616, 20701613, 20702610, 20703607, 20704604, 20705601, 20706598, 20707595, 20708592, 20709589]",cee6cf6a046f20fcf25d08329094f6c5ea50cdb4b41eff21a4eea423de630d25,10,9,9,9,0,1,0,0,0,640,135,505,0.2109375,1,0.007407407407407408,134,5.666666666666667,2112800,True,0,0,0,,0,0
207,TargetedFedPhoenix,1,0.25,10,update_norm,all,1,74.22000122070312,9.865019299992127,"[55, 14, 21, 43, 5, 30, 35, 15, 28, 34]","[20800619, 20801616, 20802613, 20803610, 20804607, 20805604, 20806601, 20807598, 20808595, 20809592]",756ef4c3442642b3718660132023209b809e781640b2e3b83dccc249ee7b4dd6,10,4,4,4,0,6,0,0,0,640,60,580,0.09375,2,0.03333333333333333,58,6.0,2112800,True,0,0,0,,0,0
208,TargetedFedPhoenix,1,0.25,10,update_norm,all,1,73.02999877929688,9.912263799997163,"[54, 51, 22, 85, 73, 90, 4, 69, 75, 6]","[20900622, 20901619, 20902616, 20903613, 20904610, 20905607, 20906604, 20907601, 20908598, 20909595]",8122215b0020071380b1608d03fe43ed7ff2f9b9b2b2fb04e323a1f63f427c12,10,8,8,8,0,2,0,0,0,640,120,520,0.1875,0,0.0,120,6.125,2112800,True,0,0,0,,0,0
209,TargetedFedPhoenix,1,0.25,10,update_norm,all,1,70.55000305175781,10.811201000004075,"[78, 98, 48, 28, 76, 96, 97, 69, 66, 65]","[21000625, 21001622, 21002619, 21003616, 21004613, 21005610, 21006607, 21007604, 21008601, 21009598]",7dc722a4eeb0c4a7371b053f512c875be387330b81814b130883c6b23dbe5628,10,7,7,7,0,3,0,0,0,640,105,535,0.1640625,2,0.01904761904761905,103,4.0,2112800,True,0,0,0,,0,0
210,TargetedFedPhoenix,1,0.25,10,update_norm,all,1,74.44999694824219,9.85955730000569,"[52, 54, 70, 39, 89, 14, 77, 74, 15, 88]","[21100628, 21101625, 21102622, 21103619, 21104616, 21105613, 21106610, 21107607, 21108604, 21109601]",ee89c737b1543371198a509b592693738ac6c6b9c0a07884df7d61efb325efd3,10,8,8,8,0,2,0,0,0,640,120,520,0.1875,2,0.016666666666666666,118,4.75,2112800,True,0,0,0,,0,0
211,TargetedFedPhoenix,1,0.25,10,update_norm,all,1,66.44000244140625,12.513008699999773,"[58, 12, 87, 84, 91, 62, 82, 57, 6, 21]","[21200631, 21201628, 21202625, 21203622, 21204619, 21205616, 21206613, 21207610, 21208607, 21209604]",c596af1be25a8eb633bc84b7bf73406109da13d04d1b02f7a97ebfa6e782eb59,10,5,5,5,0,5,0,0,0,640,75,565,0.1171875,0,0.0,75,5.4,2112800,True,0,0,0,,0,0
212,TargetedFedPhoenix,1,0.25,10,update_norm,all,1,76.9000015258789,11.520633599997382,"[59, 99, 54, 55, 14, 63, 7, 88, 91, 52]","[21300634, 21301631, 21302628, 21303625, 21304622, 21305619, 21306616, 21307613, 21308610, 21309607]",941add9c16283ea49f8cc631f99ce2014c68ca17b9d910c9364ef04ad27079d0,10,8,8,8,0,2,0,0,0,640,120,520,0.1875,2,0.016666666666666666,118,3.5,2112800,True,0,0,0,,0,0
213,TargetedFedPhoenix,1,0.25,10,update_norm,all,1,70.73999786376953,10.071871599997394,"[44, 73, 39, 28, 18, 92, 52, 79, 54, 77]","[21400637, 21401634, 21402631, 21403628, 21404625, 21405622, 21406619, 21407616, 21408613, 21409610]",1044bc14194ee278d379c08c24f4fed8ffd47ef157db4eadb886a48d6b3b2bf3,10,7,7,7,0,3,0,0,0,640,105,535,0.1640625,1,0.009523809523809525,104,3.4285714285714284,2112800,True,0,0,0,,0,0
214,TargetedFedPhoenix,1,0.25,10,update_norm,all,1,75.55999755859375,10.314977599991835,"[59, 70, 54, 27, 89, 21, 42, 25, 60, 49]","[21500640, 21501637, 21502634, 21503631, 21504628, 21505625, 21506622, 21507619, 21508616, 21509613]",cab42901e859fa1109855832fae16e2b04f1ee44b343c910f9cffa54d19df0fd,10,5,5,5,0,5,0,0,0,640,75,565,0.1171875,2,0.02666666666666667,73,2.8,2112800,True,0,0,0,,0,0
215,TargetedFedPhoenix,1,0.25,10,update_norm,all,1,73.47000122070312,11.270156300000963,"[2, 56, 59, 80, 62, 19, 42, 33, 72, 35]","[21600643, 21601640, 21602637, 21603634, 21604631, 21605628, 21606625, 21607622, 21608619, 21609616]",8d13eb8909aa44b2662fd925901f9e7056885f03be9c97b4c95401a56838ba28,10,5,5,5,0,5,0,0,0,640,75,565,0.1171875,0,0.0,75,4.6,2112800,True,0,0,0,,0,0
216,TargetedFedPhoenix,1,0.25,10,update_norm,all,1,72.38999938964844,10.968464199992013,"[53, 17, 11, 78, 66, 39, 94, 4, 47, 90]","[21700646, 21701643, 21702640, 21703637, 21704634, 21705631, 21706628, 21707625, 21708622, 21709619]",515c833563f800257f2ed106421fe633dfc59b00bde2fce58f646a41a7f96b33,10,5,5,5,0,5,0,0,0,640,75,565,0.1171875,1,0.013333333333333334,74,6.6,2112800,True,0,0,0,,0,0
217,TargetedFedPhoenix,1,0.25,10,update_norm,all,1,64.20999908447266,8.756113900002674,"[48, 51, 34, 78, 92, 54, 96, 84, 88, 74]","[21800649, 21801646, 21802643, 21803640, 21804637, 21805634, 21806631, 21807628, 21808625, 21809622]",31b54545564fd7d9ab2ae25e5c888a5f268efb1e5ffb300d5dec0e1c1c118c82,10,10,10,10,0,0,0,0,0,640,150,490,0.234375,2,0.013333333333333334,148,6.1,2112800,True,0,0,0,,0,0
218,TargetedFedPhoenix,1,0.25,10,update_norm,all,1,77.79000091552734,11.467042700009188,"[15, 25, 50, 89, 72, 20, 85, 47, 1, 3]","[21900652, 21901649, 21902646, 21903643, 21904640, 21905637, 21906634, 21907631, 21908628, 21909625]",a2e97316e0dad62099d6d372afd01572e73af8405bcd30989f8d36327803de96,10,6,6,6,0,4,0,0,0,640,90,550,0.140625,2,0.022222222222222223,88,5.166666666666667,2112800,True,0,0,0,,0,0
219,TargetedFedPhoenix,1,0.25,10,update_norm,all,1,68.98999786376953,11.066849800001364,"[91, 39, 11, 12, 93, 64, 30, 79, 29, 49]","[22000655, 22001652, 22002649, 22003646, 22004643, 22005640, 22006637, 22007634, 22008631, 22009628]",fcd8461a5d63d50daa3441f413a7b85cff4d04087d49411c52efc90bb81fe8a8,10,6,6,6,0,4,0,0,0,640,90,550,0.140625,1,0.011111111111111112,89,5.333333333333333,2112800,True,0,0,0,,0,0
220,TargetedFedPhoenix,1,0.25,10,update_norm,all,1,71.27999877929688,12.49816090000968,"[21, 88, 95, 65, 60, 8, 46, 31, 63, 72]","[22100658, 22101655, 22102652, 22103649, 22104646, 22105643, 22106640, 22107637, 22108634, 22109631]",19bcfb0a3793af8bfe919f818d943248ac72b1e4a4d76ffa621f920e91cf1654,10,5,5,5,0,5,0,0,0,640,75,565,0.1171875,1,0.013333333333333334,74,5.0,2112800,True,0,0,0,,0,0
221,TargetedFedPhoenix,1,0.25,10,update_norm,all,1,72.73999786376953,10.61581109999679,"[96, 63, 58, 77, 95, 23, 61, 29, 91, 59]","[22200661, 22201658, 22202655, 22203652, 22204649, 22205646, 22206643, 22207640, 22208637, 22209634]",6f5a18f245ec2c28716a47afd2a139bc0191e1ad3d95f83376f3184d65f495a8,10,8,8,8,0,2,0,0,0,640,120,520,0.1875,5,0.041666666666666664,115,4.25,2112800,True,0,0,0,,0,0
222,TargetedFedPhoenix,1,0.25,10,update_norm,all,1,67.86000061035156,9.947640200000023,"[8, 69, 44, 89, 49, 36, 77, 19, 92, 72]","[22300664, 22301661, 22302658, 22303655, 22304652, 22305649, 22306646, 22307643, 22308640, 22309637]",247ccf6207be78c1b27a5b309817b2b38894c718346ab7b6b778f3e9a2fadb81,10,8,8,8,0,2,0,0,0,640,120,520,0.1875,1,0.008333333333333333,119,4.125,2112800,True,0,0,0,,0,0
223,TargetedFedPhoenix,1,0.25,10,update_norm,all,1,75.25,9.00455040000088,"[47, 49, 1, 80, 27, 9, 83, 72, 76, 92]","[22400667, 22401664, 22402661, 22403658, 22404655, 22405652, 22406649, 22407646, 22408643, 22409640]",1f6a4b0597f092978c7373da66aecd81193810f7153262ed8297c973a2132793,10,7,7,7,0,3,0,0,0,640,105,535,0.1640625,1,0.009523809523809525,104,4.285714285714286,2112800,True,0,0,0,,0,0
224,TargetedFedPhoenix,1,0.25,10,update_norm,all,1,76.3499984741211,11.34580989999813,"[10, 57, 54, 1, 80, 76, 56, 39, 14, 20]","[22500670, 22501667, 22502664, 22503661, 22504658, 22505655, 22506652, 22507649, 22508646, 22509643]",f7f1659b6ffbca3cfb11c2c455a51c460f6d119ac4e722181cc1606ccde7bbf1,10,7,7,7,0,3,0,0,0,640,105,535,0.1640625,4,0.0380952380952381,101,4.285714285714286,2112800,True,0,0,0,,0,0
225,TargetedFedPhoenix,1,0.25,10,update_norm,all,1,74.8499984741211,11.232458899990888,"[6, 62, 31, 90, 3, 51, 24, 91, 23, 55]","[22600673, 22601670, 22602667, 22603664, 22604661, 22605658, 22606655, 22607652, 22608649, 22609646]",27b43edeafd18d34a8c1b2e82c757f1d022c3eb8b18cce374f1c16814443c71f,10,7,7,7,0,3,0,0,0,640,105,535,0.1640625,2,0.01904761904761905,103,6.714285714285714,2112800,True,0,0,0,,0,0
226,TargetedFedPhoenix,1,0.25,10,update_norm,all,1,67.06999969482422,10.937226900001406,"[98, 18, 78, 89, 27, 80, 33, 86, 88, 15]","[22700676, 22701673, 22702670, 22703667, 22704664, 22705661, 22706658, 22707655, 22708652, 22709649]",752ee473c2d7f5e6588b7b4e647c943a56d9b04283d195e50de15280737ebec0,10,6,6,6,0,4,0,0,0,640,90,550,0.140625,2,0.022222222222222223,88,5.333333333333333,2112800,True,0,0,0,,0,0
227,TargetedFedPhoenix,1,0.25,10,update_norm,all,1,74.44000244140625,11.871410699997796,"[85, 12, 59, 60, 73, 80, 0, 10, 23, 13]","[22800679, 22801676, 22802673, 22803670, 22804667, 22805664, 22806661, 22807658, 22808655, 22809652]",079ae8c432b2cf6641bc65d0a8e477c486fd6df4c50afa1e9ba16ab1cbd3d0c9,10,7,7,7,0,3,0,0,0,640,105,535,0.1640625,1,0.009523809523809525,104,5.142857142857143,2112800,True,0,0,0,,0,0
228,TargetedFedPhoenix,1,0.25,10,update_norm,all,1,67.48999786376953,9.073023300006753,"[35, 46, 54, 87, 84, 51, 27, 95, 21, 61]","[22900682, 22901679, 22902676, 22903673, 22904670, 22905667, 22906664, 22907661, 22908658, 22909655]",0a026fc3ce0a4c89fcd3b2cbe9baeecdadcb946a9113b7f2cabe511f9b446706,10,7,7,7,0,3,0,0,0,640,105,535,0.1640625,0,0.0,105,5.571428571428571,2112800,True,0,0,0,,0,0
229,TargetedFedPhoenix,1,0.25,10,update_norm,all,1,68.75,8.687009700006456,"[64, 6, 96, 98, 27, 71, 18, 3, 1, 95]","[23000685, 23001682, 23002679, 23003676, 23004673, 23005670, 23006667, 23007664, 23008661, 23009658]",80e59984a66a3b7d5034fb3936ea9f2632b5c69e969b89b741abe14d2501bec2,10,9,9,9,0,1,0,0,0,640,135,505,0.2109375,2,0.014814814814814815,133,4.333333333333333,2112800,True,0,0,0,,0,0
230,TargetedFedPhoenix,1,0.25,10,update_norm,all,1,77.12000274658203,9.971168000003672,"[88, 90, 96, 35, 69, 11, 60, 48, 23, 42]","[23100688, 23101685, 23102682, 23103679, 23104676, 23105673, 23106670, 23107667, 23108664, 23109661]",9d208ef514825a1ae078067b203195358bc51ceb3b04f904538be0949322f34e,10,7,7,7,0,3,0,0,0,640,105,535,0.1640625,0,0.0,105,3.7142857142857144,2112800,True,0,0,0,,0,0
231,TargetedFedPhoenix,1,0.25,10,update_norm,all,1,71.56999969482422,9.323996999999508,"[98, 88, 43, 57, 48, 99, 63, 53, 94, 55]","[23200691, 23201688, 23202685, 23203682, 23204679, 23205676, 23206673, 23207670, 23208667, 23209664]",5ec2bedd98fd039bacb536466ffb9a8895439b3da15c2785f3a3c38e2bd97206,10,6,6,6,0,4,0,0,0,640,90,550,0.140625,3,0.03333333333333333,87,4.5,2112800,True,0,0,0,,0,0
232,TargetedFedPhoenix,1,0.25,10,update_norm,all,1,77.13999938964844,10.76281200000085,"[96, 75, 74, 76, 39, 80, 34, 12, 60, 20]","[23300694, 23301691, 23302688, 23303685, 23304682, 23305679, 23306676, 23307673, 23308670, 23309667]",32384415822eb9f72948292e111b83bb7bb0ccd853322ee80943647432c832e4,10,7,7,7,0,3,0,0,0,620,105,515,0.1693548387096774,0,0.0,105,5.428571428571429,2112800,True,0,0,0,,0,0
233,TargetedFedPhoenix,1,0.25,10,update_norm,all,1,72.5,9.645611600004486,"[20, 47, 38, 59, 64, 82, 60, 45, 63, 85]","[23400697, 23401694, 23402691, 23403688, 23404685, 23405682, 23406679, 23407676, 23408673, 23409670]",751e83040fe98c1993ce4ac49624ecb51bd8aded4e0cda5cfdaf40a98ded1818,10,7,7,7,0,3,0,0,0,620,105,515,0.1693548387096774,1,0.009523809523809525,104,4.285714285714286,2112800,True,0,0,0,,0,0
234,TargetedFedPhoenix,1,0.25,10,update_norm,all,1,67.11000061035156,9.422209399999701,"[32, 6, 51, 4, 8, 22, 72, 86, 55, 12]","[23500700, 23501697, 23502694, 23503691, 23504688, 23505685, 23506682, 23507679, 23508676, 23509673]",45522bb12f043cc45c76d2a6d803206cb03ae4a81bf4ec5034defb90a4fa1e14,10,5,5,5,0,5,0,0,0,620,75,545,0.12096774193548387,3,0.04,72,4.8,2112800,True,0,0,0,,0,0
235,TargetedFedPhoenix,1,0.25,10,update_norm,all,1,61.25,10.198982000001706,"[45, 71, 84, 65, 61, 83, 87, 53, 77, 51]","[23600703, 23601700, 23602697, 23603694, 23604691, 23605688, 23606685, 23607682, 23608679, 23609676]",9ab594a2f3089a1b1468f621a8b2f40b25ba797a529462e638392bff1471b439,10,7,7,7,0,3,0,0,0,620,105,515,0.1693548387096774,0,0.0,105,4.857142857142857,2112800,True,0,0,0,,0,0
236,TargetedFedPhoenix,1,0.25,10,update_norm,all,1,75.94000244140625,10.284323700005189,"[13, 71, 56, 63, 49, 44, 85, 76, 50, 93]","[23700706, 23701703, 23702700, 23703697, 23704694, 23705691, 23706688, 23707685, 23708682, 23709679]",f8a9d1a4871ce9de409018f248ea6dbe95003ce1dd4061c4efe35c154c286b03,10,5,5,5,0,5,0,0,0,620,75,545,0.12096774193548387,1,0.013333333333333334,74,4.0,2112800,True,0,0,0,,0,0
237,TargetedFedPhoenix,1,0.25,10,update_norm,all,1,69.04000091552734,9.3256137999997,"[45, 52, 95, 68, 64, 15, 29, 54, 43, 93]","[23800709, 23801706, 23802703, 23803700, 23804697, 23805694, 23806691, 23807688, 23808685, 23809682]",8bf4a401abed9566e75153719614dd0915a1d2bb8f87f8fabf7957bc39e8391c,10,6,6,6,0,4,0,0,0,620,90,530,0.14516129032258066,0,0.0,90,5.0,2112800,True,0,0,0,,0,0
238,TargetedFedPhoenix,1,0.25,10,update_norm,all,1,70.26000213623047,10.223228200004087,"[58, 70, 25, 56, 87, 27, 94, 1, 74, 44]","[23900712, 23901709, 23902706, 23903703, 23904700, 23905697, 23906694, 23907691, 23908688, 23909685]",bc52a054fb85b4688239c9efbb590a7f3efec17c274c6a4c3c770000fa4645e5,10,7,7,7,0,3,0,0,0,620,105,515,0.1693548387096774,1,0.009523809523809525,104,5.428571428571429,2112800,True,0,0,0,,0,0
239,TargetedFedPhoenix,1,0.25,10,update_norm,all,1,74.2300033569336,11.611043400000199,"[2, 7, 31, 45, 81, 62, 23, 97, 18, 27]","[24000715, 24001712, 24002709, 24003706, 24004703, 24005700, 24006697, 24007694, 24008691, 24009688]",0cb331612b7d33194c69daeeb350d296d282813d4d7241dc24c0d0d3d6c94d20,10,4,4,4,0,6,0,0,0,620,60,560,0.0967741935483871,2,0.03333333333333333,58,5.5,2112800,True,0,0,0,,0,0
240,TargetedFedPhoenix,1,0.25,10,update_norm,all,1,66.79000091552734,10.89684909999778,"[25, 13, 40, 64, 52, 44, 22, 48, 3, 46]","[24100718, 24101715, 24102712, 24103709, 24104706, 24105703, 24106700, 24107697, 24108694, 24109691]",6f251478ac6d6154fbba849fd2159a85beea9bd0ad4bdf54dc931bed91512c10,10,7,7,7,0,3,0,0,0,620,105,515,0.1693548387096774,1,0.009523809523809525,104,4.142857142857143,2112800,True,0,0,0,,0,0
241,TargetedFedPhoenix,1,0.25,10,update_norm,all,1,74.5,8.544311599995126,"[84, 9, 72, 56, 13, 98, 21, 79, 71, 32]","[24200721, 24201718, 24202715, 24203712, 24204709, 24205706, 24206703, 24207700, 24208697, 24209694]",3dcec3ccf218703dbd39b0a000b8196edf51e967437c1b756b094461bea933f1,10,7,7,7,0,3,0,0,0,620,105,515,0.1693548387096774,4,0.0380952380952381,101,5.571428571428571,2112800,True,0,0,0,,0,0
242,TargetedFedPhoenix,1,0.25,10,update_norm,all,1,73.48999786376953,11.791748000003281,"[32, 2, 36, 91, 58, 81, 87, 68, 25, 5]","[24300724, 24301721, 24302718, 24303715, 24304712, 24305709, 24306706, 24307703, 24308700, 24309697]",26ac47a2ff80430a018802f1e924fab1894448c18971ea3ec30b388fb395b496,10,7,7,7,0,3,0,0,0,620,105,515,0.1693548387096774,2,0.01904761904761905,103,3.142857142857143,2112800,True,0,0,0,,0,0
243,TargetedFedPhoenix,1,0.25,10,update_norm,all,1,74.7699966430664,10.53495830000611,"[25, 41, 74, 21, 97, 69, 4, 17, 3, 88]","[24400727, 24401724, 24402721, 24403718, 24404715, 24405712, 24406709, 24407706, 24408703, 24409700]",9dd1e2ac10ada6da16c1c11ad73aae017586c68d8a05f4203339bb031e1b2163,10,6,6,6,0,4,0,0,0,620,90,530,0.14516129032258066,0,0.0,90,4.0,2112800,True,0,0,0,,0,0
244,TargetedFedPhoenix,1,0.25,10,update_norm,all,1,73.44000244140625,11.410707500006538,"[80, 19, 97, 75, 60, 93, 78, 40, 32, 87]","[24500730, 24501727, 24502724, 24503721, 24504718, 24505715, 24506712, 24507709, 24508706, 24509703]",cf3f971f255d65e72cf072b0c20db61b07004fd7acf53012fb790f3b3fefe908,10,5,5,5,0,5,0,0,0,620,75,545,0.12096774193548387,0,0.0,75,3.2,2112800,True,0,0,0,,0,0
245,TargetedFedPhoenix,1,0.25,10,update_norm,all,1,75.7699966430664,10.170449299999746,"[70, 59, 68, 16, 36, 72, 71, 45, 91, 56]","[24600733, 24601730, 24602727, 24603724, 24604721, 24605718, 24606715, 24607712, 24608709, 24609706]",bc524a843bc571b0584d571bcc1d3f24c0bee7a99a301d5e8fff52022a7036ab,10,8,8,8,0,2,0,0,0,620,120,500,0.1935483870967742,0,0.0,120,4.25,2112800,True,0,0,0,,0,0
246,TargetedFedPhoenix,1,0.25,10,update_norm,all,1,74.43000030517578,8.664532900002087,"[83, 81, 9, 39, 2, 67, 66, 98, 80, 51]","[24700736, 24701733, 24702730, 24703727, 24704724, 24705721, 24706718, 24707715, 24708712, 24709709]",5b016506cb60e598e06b785da5702b05ea1f69b071263dc23a2b65b4dcf037a1,10,5,5,5,0,5,0,0,0,620,75,545,0.12096774193548387,1,0.013333333333333334,74,4.0,2112800,True,0,0,0,,0,0
247,TargetedFedPhoenix,1,0.25,10,update_norm,all,1,53.91999816894531,8.399734899998293,"[43, 64, 42, 4, 78, 0, 39, 57, 37, 98]","[24800739, 24801736, 24802733, 24803730, 24804727, 24805724, 24806721, 24807718, 24808715, 24809712]",c23e547af4b441625093e3fd041d0ca0c03586cd250eb4ada03e7da41c4607b9,10,6,6,6,0,4,0,0,0,620,90,530,0.14516129032258066,2,0.022222222222222223,88,4.333333333333333,2112800,True,0,0,0,,0,0
248,TargetedFedPhoenix,1,0.25,10,update_norm,all,1,72.4000015258789,12.131747499995981,"[11, 6, 16, 48, 14, 19, 68, 82, 94, 39]","[24900742, 24901739, 24902736, 24903733, 24904730, 24905727, 24906724, 24907721, 24908718, 24909715]",5d0eec07c55131bbe028fb77cda0494fefd9f9ad8d32ac17951be2c5e950f77d,10,6,6,6,0,4,0,0,0,620,90,530,0.14516129032258066,2,0.022222222222222223,88,4.833333333333333,2112800,True,0,0,0,,0,0
249,TargetedFedPhoenix,1,0.25,10,update_norm,all,1,69.51000213623047,10.268572400003904,"[0, 7, 93, 77, 78, 38, 46, 99, 42, 54]","[25000745, 25001742, 25002739, 25003736, 25004733, 25005730, 25006727, 25007724, 25008721, 25009718]",0cb67552f72f9652e9636062d7b267cd2a4b647df7d405fcb645feac59fc50fd,10,6,6,6,0,4,0,0,0,620,90,530,0.14516129032258066,0,0.0,90,5.0,2112800,True,0,0,0,,0,0
250,TargetedFedPhoenix,1,0.25,10,update_norm,all,1,71.37000274658203,13.155159399990225,"[36, 70, 71, 57, 63, 73, 69, 17, 48, 47]","[25100748, 25101745, 25102742, 25103739, 25104736, 25105733, 25106730, 25107727, 25108724, 25109721]",8549fc30126f8613311fbee08be8f95dc0c8acf324517a4807625e3e9f8367e9,10,7,7,7,0,3,0,0,0,620,105,515,0.1693548387096774,0,0.0,105,4.857142857142857,2112800,True,0,0,0,,0,0
251,TargetedFedPhoenix,1,0.25,10,update_norm,all,1,76.66999816894531,8.621812299999874,"[10, 42, 60, 43, 85, 48, 1, 91, 22, 26]","[25200751, 25201748, 25202745, 25203742, 25204739, 25205736, 25206733, 25207730, 25208727, 25209724]",5cbc10d65e1e92a6451141a2f80e1eef4801d9c471488c6fe8f326e3783672fb,10,5,5,5,0,5,0,0,0,620,75,545,0.12096774193548387,1,0.013333333333333334,74,4.0,2112800,True,0,0,0,,0,0
252,TargetedFedPhoenix,1,0.25,10,update_norm,all,1,71.33000183105469,11.405958800009103,"[46, 3, 23, 96, 47, 32, 52, 50, 82, 28]","[25300754, 25301751, 25302748, 25303745, 25304742, 25305739, 25306736, 25307733, 25308730, 25309727]",63b3d979da4e70857f8aa7709f60c5f518b8b98b9189d6fbad82ab55a10326ec,10,5,5,5,0,5,0,0,0,620,75,545,0.12096774193548387,2,0.02666666666666667,73,5.2,2112800,True,0,0,0,,0,0
253,TargetedFedPhoenix,1,0.25,10,update_norm,all,1,70.5,9.468020200001774,"[2, 55, 26, 94, 14, 72, 5, 50, 91, 42]","[25400757, 25401754, 25402751, 25403748, 25404745, 25405742, 25406739, 25407736, 25408733, 25409730]",ae2699e7cdb449a657c0076ed46e81a9e6ab914fabfc0579ba682f12917093b7,10,8,8,8,0,2,0,0,0,620,120,500,0.1935483870967742,2,0.016666666666666666,118,4.0,2112800,True,0,0,0,,0,0
254,TargetedFedPhoenix,1,0.25,10,update_norm,all,1,69.19000244140625,10.66619720000017,"[75, 69, 0, 7, 53, 77, 67, 64, 62, 73]","[25500760, 25501757, 25502754, 25503751, 25504748, 25505745, 25506742, 25507739, 25508736, 25509733]",114e7c23f3ee3d3a35f8b93a3a6d63167d64f4eebfac4b2e7681ba971472360f,10,8,8,8,0,2,0,0,0,620,120,500,0.1935483870967742,1,0.008333333333333333,119,6.0,2112800,True,0,0,0,,0,0
255,TargetedFedPhoenix,1,0.25,10,update_norm,all,1,78.30000305175781,10.697426700004144,"[14, 27, 66, 5, 15, 75, 91, 28, 63, 62]","[25600763, 25601760, 25602757, 25603754, 25604751, 25605748, 25606745, 25607742, 25608739, 25609736]",adc40d613f2cd3155fd6bcaa73452e6bb374eb5bbeba38ae9415f9167675256e,10,8,8,8,0,2,0,0,0,620,120,500,0.1935483870967742,3,0.025,117,3.125,2112800,True,0,0,0,,0,0
256,TargetedFedPhoenix,1,0.25,10,update_norm,all,1,68.20999908447266,10.537596899986966,"[74, 39, 76, 51, 46, 12, 95, 17, 68, 93]","[25700766, 25701763, 25702760, 25703757, 25704754, 25705751, 25706748, 25707745, 25708742, 25709739]",28f9d07801c50f851a30fe2bef32ae83ea1eed53784e728387c8c35b43ae9511,10,6,6,6,0,4,0,0,0,620,90,530,0.14516129032258066,3,0.03333333333333333,87,7.166666666666667,2112800,True,0,0,0,,0,0
257,TargetedFedPhoenix,1,0.25,10,update_norm,all,1,75.55999755859375,11.504664899999625,"[46, 28, 88, 96, 20, 23, 19, 15, 91, 11]","[25800769, 25801766, 25802763, 25803760, 25804757, 25805754, 25806751, 25807748, 25808745, 25809742]",ae077915733ffec9461dbec074b2d02f1b56abcfbc8b2800d71efee82b809fdb,10,8,8,8,0,2,0,0,0,620,120,500,0.1935483870967742,4,0.03333333333333333,116,4.375,2112800,True,0,0,0,,0,0
258,TargetedFedPhoenix,1,0.25,10,update_norm,all,1,70.66999816894531,10.66958610000438,"[18, 46, 87, 61, 79, 50, 69, 97, 72, 37]","[25900772, 25901769, 25902766, 25903763, 25904760, 25905757, 25906754, 25907751, 25908748, 25909745]",d1b720e829ef300ee040f06c363fb626e54257d30a021307c1037efe4e0fc80d,10,4,4,4,0,6,0,0,0,620,60,560,0.0967741935483871,0,0.0,60,3.75,2112800,True,0,0,0,,0,0
259,TargetedFedPhoenix,1,0.25,10,update_norm,all,1,75.58000183105469,11.321718199993484,"[34, 57, 53, 30, 72, 9, 37, 19, 5, 14]","[26000775, 26001772, 26002769, 26003766, 26004763, 26005760, 26006757, 26007754, 26008751, 26009748]",c7f0406aed050d77f2accc7d799712b5fe097e3651a2c254e4d5570f494bd453,10,7,7,7,0,3,0,0,0,620,105,515,0.1693548387096774,3,0.02857142857142857,102,3.7142857142857144,2112800,True,0,0,0,,0,0
260,TargetedFedPhoenix,1,0.25,10,update_norm,all,1,76.20999908447266,9.230949299992062,"[4, 67, 61, 35, 96, 86, 63, 9, 8, 36]","[26100778, 26101775, 26102772, 26103769, 26104766, 26105763, 26106760, 26107757, 26108754, 26109751]",50734234f8a0a59151f02870c0b587053b7fa8b7cc4c60992929e244402bd099,10,6,6,6,0,4,0,0,0,620,90,530,0.14516129032258066,1,0.011111111111111112,89,4.5,2112800,True,0,0,0,,0,0
261,TargetedFedPhoenix,1,0.25,10,update_norm,all,1,75.52999877929688,9.956812899996294,"[89, 41, 20, 92, 67, 44, 61, 77, 3, 9]","[26200781, 26201778, 26202775, 26203772, 26204769, 26205766, 26206763, 26207760, 26208757, 26209754]",49b775bb74c582ab0ebf843cdaf9c23ddaec5db0a482257338aeed351a07d488,10,6,6,6,0,4,0,0,0,620,90,530,0.14516129032258066,3,0.03333333333333333,87,3.8333333333333335,2112800,True,0,0,0,,0,0
262,TargetedFedPhoenix,1,0.25,10,update_norm,all,1,76.19999694824219,10.069983099994715,"[87, 20, 97, 50, 35, 68, 33, 98, 53, 96]","[26300784, 26301781, 26302778, 26303775, 26304772, 26305769, 26306766, 26307763, 26308760, 26309757]",42bc4bb23e90dc3a8dee1a296f679296a92af7fa5f9f58ad4c4a6248d888d76c,10,8,8,8,0,2,0,0,0,620,120,500,0.1935483870967742,3,0.025,117,3.25,2112800,True,0,0,0,,0,0
263,TargetedFedPhoenix,1,0.25,10,update_norm,all,1,68.76000213623047,11.639172499999404,"[89, 57, 26, 69, 23, 54, 68, 92, 4, 82]","[26400787, 26401784, 26402781, 26403778, 26404775, 26405772, 26406769, 26407766, 26408763, 26409760]",a9c1d26d608954814f363218f4a21295fc4173d6556a6ce1080e0993055055d4,10,8,8,8,0,2,0,0,0,620,120,500,0.1935483870967742,1,0.008333333333333333,119,4.125,2112800,True,0,0,0,,0,0
264,TargetedFedPhoenix,1,0.25,10,update_norm,all,1,71.75,10.514478400000371,"[45, 31, 11, 28, 39, 71, 7, 91, 4, 93]","[26500790, 26501787, 26502784, 26503781, 26504778, 26505775, 26506772, 26507769, 26508766, 26509763]",dd83d44591c570b741d85aa4a16c5aa9da43ed9f6f5434fa7a0a909ec1fe6382,10,7,7,7,0,3,0,0,0,620,105,515,0.1693548387096774,1,0.009523809523809525,104,6.857142857142857,2112800,True,0,0,0,,0,0
265,TargetedFedPhoenix,1,0.25,10,update_norm,all,1,75.33999633789062,12.194645499999751,"[2, 85, 50, 23, 46, 82, 83, 20, 49, 6]","[26600793, 26601790, 26602787, 26603784, 26604781, 26605778, 26606775, 26607772, 26608769, 26609766]",8a84312e02ce1936a9736327ae9fbd91681904808a8f4f81d1a737e622405cea,10,5,5,5,0,5,0,0,0,620,75,545,0.12096774193548387,2,0.02666666666666667,73,3.4,2112800,True,0,0,0,,0,0
266,TargetedFedPhoenix,1,0.25,10,update_norm,all,1,74.31999969482422,11.757559699995909,"[3, 42, 84, 62, 69, 25, 23, 76, 52, 75]","[26700796, 26701793, 26702790, 26703787, 26704784, 26705781, 26706778, 26707775, 26708772, 26709769]",1c87589e74bbec3e6e97bf841f2f8b63e521aeda225e0cd4f2548684efe59e0e,10,4,4,4,0,6,0,0,0,620,60,560,0.0967741935483871,0,0.0,60,4.75,2112800,True,0,0,0,,0,0
267,TargetedFedPhoenix,1,0.25,10,update_norm,all,1,69.87000274658203,9.600367400009418,"[4, 95, 1, 21, 83, 23, 48, 78, 42, 31]","[26800799, 26801796, 26802793, 26803790, 26804787, 26805784, 26806781, 26807778, 26808775, 26809772]",a97798a83647de6fb4e7e313ac6911d4eff120f2566b8de1b8695b04930b68e8,10,5,5,5,0,5,0,0,0,620,75,545,0.12096774193548387,0,0.0,75,2.0,2112800,True,0,0,0,,0,0
268,TargetedFedPhoenix,1,0.25,10,update_norm,all,1,53.0,8.657864799999516,"[38, 6, 37, 55, 34, 97, 98, 74, 56, 45]","[26900802, 26901799, 26902796, 26903793, 26904790, 26905787, 26906784, 26907781, 26908778, 26909775]",bccd669475087e3d21e93048a6f17b63ea946e28648f2ccf78df773c68d16f73,10,6,6,6,0,4,0,0,0,620,90,530,0.14516129032258066,2,0.022222222222222223,88,6.166666666666667,2112800,True,0,0,0,,0,0
269,TargetedFedPhoenix,1,0.25,10,update_norm,all,1,72.75,9.306092700004228,"[54, 93, 74, 85, 16, 98, 50, 59, 70, 3]","[27000805, 27001802, 27002799, 27003796, 27004793, 27005790, 27006787, 27007784, 27008781, 27009778]",8c0f0e64b78b6bc2ce18cd83d24eaea6148a0b12ff0b4378fc61fcdff06d649f,10,7,7,7,0,3,0,0,0,620,105,515,0.1693548387096774,1,0.009523809523809525,104,3.4285714285714284,2112800,True,0,0,0,,0,0
270,TargetedFedPhoenix,1,0.25,10,update_norm,all,1,71.16999816894531,9.707185000006575,"[39, 20, 43, 1, 78, 0, 60, 31, 15, 6]","[27100808, 27101805, 27102802, 27103799, 27104796, 27105793, 27106790, 27107787, 27108784, 27109781]",44d87abac1ef3a9275cd2aa8784dedda595ad7b00ba351a0dc43a356ecb0ffa6,10,6,6,6,0,4,0,0,0,620,90,530,0.14516129032258066,0,0.0,90,3.6666666666666665,2112800,True,0,0,0,,0,0
271,TargetedFedPhoenix,1,0.25,10,update_norm,all,1,70.9800033569336,9.14360399999714,"[42, 76, 2, 31, 19, 17, 83, 92, 44, 35]","[27200811, 27201808, 27202805, 27203802, 27204799, 27205796, 27206793, 27207790, 27208787, 27209784]",045c6617130e58216c1b07a551734f5d01ea57a73d67806c0cfdfeb7c46a8742,10,8,8,8,0,2,0,0,0,620,120,500,0.1935483870967742,1,0.008333333333333333,119,5.875,2112800,True,0,0,0,,0,0
272,TargetedFedPhoenix,1,0.25,10,update_norm,all,1,56.56999969482422,8.17088409999269,"[56, 91, 92, 28, 38, 82, 32, 98, 63, 85]","[27300814, 27301811, 27302808, 27303805, 27304802, 27305799, 27306796, 27307793, 27308790, 27309787]",c0bf73dbe2e8c20f897d5f4603d4949cb8c465e948cb27ec9c496efb091a2dad,10,8,8,8,0,2,0,0,0,620,120,500,0.1935483870967742,3,0.025,117,4.75,2112800,True,0,0,0,,0,0
273,TargetedFedPhoenix,1,0.25,10,update_norm,all,1,66.4800033569336,11.23591590000433,"[5, 84, 60, 47, 3, 13, 65, 92, 19, 74]","[27400817, 27401814, 27402811, 27403808, 27404805, 27405802, 27406799, 27407796, 27408793, 27409790]",6da3d34ad6c4f5542128767316ef28fdbfc75b7bd3a6c66df73785841e2e1128,10,6,6,6,0,4,0,0,0,620,90,530,0.14516129032258066,2,0.022222222222222223,88,3.5,2112800,True,0,0,0,,0,0
274,TargetedFedPhoenix,1,0.25,10,update_norm,all,1,54.41999816894531,10.720592899990152,"[59, 45, 39, 67, 6, 78, 84, 80, 22, 57]","[27500820, 27501817, 27502814, 27503811, 27504808, 27505805, 27506802, 27507799, 27508796, 27509793]",3a790fc86cb3fff7829e7d6a6f15695db09c0bc9f9ec7c2910c5cec71575c584,10,6,6,6,0,4,0,0,0,620,90,530,0.14516129032258066,0,0.0,90,4.0,2112800,True,0,0,0,,0,0
275,TargetedFedPhoenix,1,0.25,10,update_norm,all,1,76.91000366210938,8.487581800000044,"[64, 42, 43, 38, 94, 36, 68, 8, 11, 89]","[27600823, 27601820, 27602817, 27603814, 27604811, 27605808, 27606805, 27607802, 27608799, 27609796]",7f6b0c77ef4d3430c287aaf7a21f482b6b42bb6180fa7afa22843149ec7b2d2d,10,3,3,3,0,7,0,0,0,620,45,575,0.07258064516129033,1,0.022222222222222223,44,4.0,2112800,True,0,0,0,,0,0
276,TargetedFedPhoenix,1,0.25,10,update_norm,all,1,65.4000015258789,11.762109699993744,"[23, 69, 89, 9, 42, 74, 62, 68, 57, 93]","[27700826, 27701823, 27702820, 27703817, 27704814, 27705811, 27706808, 27707805, 27708802, 27709799]",74d63fd59eada4d8b7a3a77e27d441d66277c92dad35d4b4f57914e43a917644,10,9,9,9,0,1,0,0,0,620,135,485,0.21774193548387097,0,0.0,135,4.888888888888889,2112800,True,0,0,0,,0,0
277,TargetedFedPhoenix,1,0.25,10,update_norm,all,1,76.7300033569336,11.733076299991808,"[85, 66, 93, 44, 48, 13, 3, 21, 23, 39]","[27800829, 27801826, 27802823, 27803820, 27804817, 27805814, 27806811, 27807808, 27808805, 27809802]",8dd6da2bc6cccffad9de45c5d6658758695b26dfe6e9b46c61ca7553547c70a7,10,9,9,9,0,1,0,0,0,620,135,485,0.21774193548387097,3,0.022222222222222223,132,4.888888888888889,2112800,True,0,0,0,,0,0
278,TargetedFedPhoenix,1,0.25,10,update_norm,all,1,74.3499984741211,12.206447799995658,"[28, 94, 18, 68, 65, 53, 66, 75, 12, 92]","[27900832, 27901829, 27902826, 27903823, 27904820, 27905817, 27906814, 27907811, 27908808, 27909805]",0cb5379766d5df34092d2833b963478682d4ba3fff6918cb38b7d64a84f475b7,10,6,6,6,0,4,0,0,0,620,90,530,0.14516129032258066,0,0.0,90,3.6666666666666665,2112800,True,0,0,0,,0,0
279,TargetedFedPhoenix,1,0.25,10,update_norm,all,1,77.0199966430664,9.339903900006902,"[90, 75, 39, 64, 49, 44, 66, 50, 60, 98]","[28000835, 28001832, 28002829, 28003826, 28004823, 28005820, 28006817, 28007814, 28008811, 28009808]",c06db08e01e63595135ab3cf538adb40faed743acb6c2394c49f0ab512eafb1d,10,8,8,8,0,2,0,0,0,620,120,500,0.1935483870967742,0,0.0,120,4.125,2112800,True,0,0,0,,0,0
280,TargetedFedPhoenix,1,0.25,10,update_norm,all,1,75.37000274658203,11.171799000003375,"[61, 27, 77, 23, 66, 33, 26, 42, 37, 78]","[28100838, 28101835, 28102832, 28103829, 28104826, 28105823, 28106820, 28107817, 28108814, 28109811]",9f04a241d501ad036d3ad7f74fe526d9c403e12b9ae3fda613eef2fa9160e8e5,10,4,4,4,0,6,0,0,0,620,60,560,0.0967741935483871,1,0.016666666666666666,59,3.5,2112800,True,0,0,0,,0,0
281,TargetedFedPhoenix,1,0.25,10,update_norm,all,1,69.3499984741211,9.960204000002705,"[0, 56, 5, 30, 76, 95, 53, 73, 63, 88]","[28200841, 28201838, 28202835, 28203832, 28204829, 28205826, 28206823, 28207820, 28208817, 28209814]",f746a81a552d35861415d51a3e2ddbc11c6216d3a451d40c11b81aff8e8d4c5e,10,5,5,5,0,5,0,0,0,620,75,545,0.12096774193548387,1,0.013333333333333334,74,7.8,2112800,True,0,0,0,,0,0
282,TargetedFedPhoenix,1,0.25,10,update_norm,all,1,64.16000366210938,10.790447299994412,"[84, 89, 68, 64, 78, 62, 28, 30, 49, 41]","[28300844, 28301841, 28302838, 28303835, 28304832, 28305829, 28306826, 28307823, 28308820, 28309817]",1522cc657c7afee073c40d48d3d37c4e6f5a9143689d6717f8c8cbc04bfa52a8,10,9,9,9,0,1,0,0,0,620,135,485,0.21774193548387097,0,0.0,135,4.111111111111111,2112800,True,0,0,0,,0,0
283,TargetedFedPhoenix,1,0.25,10,update_norm,all,1,73.97000122070312,9.79603510000743,"[67, 45, 94, 35, 39, 72, 5, 22, 7, 62]","[28400847, 28401844, 28402841, 28403838, 28404835, 28405832, 28406829, 28407826, 28408823, 28409820]",3b995b79a06fd05b1cb5f8d913e2a7432b4b5aba57881ad62bb707eec2f8a6d8,10,7,7,7,0,3,0,0,0,620,105,515,0.1693548387096774,2,0.01904761904761905,103,5.571428571428571,2112800,True,0,0,0,,0,0
284,TargetedFedPhoenix,1,0.25,10,update_norm,all,1,70.66000366210938,9.244349700005841,"[90, 91, 9, 58, 98, 5, 97, 92, 55, 12]","[28500850, 28501847, 28502844, 28503841, 28504838, 28505835, 28506832, 28507829, 28508826, 28509823]",3be8df449a7c51e4fa2a0e6f182522155509ad0553090dcd3feb9a2a5398ab7b,10,6,6,6,0,4,0,0,0,620,90,530,0.14516129032258066,2,0.022222222222222223,88,5.166666666666667,2112800,True,0,0,0,,0,0
285,TargetedFedPhoenix,1,0.25,10,update_norm,all,1,70.4000015258789,9.105142400003388,"[84, 9, 22, 95, 91, 55, 21, 15, 13, 1]","[28600853, 28601850, 28602847, 28603844, 28604841, 28605838, 28606835, 28607832, 28608829, 28609826]",b1254b69b2fac0a00dbcbc7f8cdfe09f1d79565764dc4e115e0f442a2e8cce93,10,8,8,8,0,2,0,0,0,620,120,500,0.1935483870967742,2,0.016666666666666666,118,3.5,2112800,True,0,0,0,,0,0
286,TargetedFedPhoenix,1,0.25,10,update_norm,all,1,54.2599983215332,10.722913599995081,"[1, 53, 10, 7, 6, 90, 21, 92, 78, 46]","[28700856, 28701853, 28702850, 28703847, 28704844, 28705841, 28706838, 28707835, 28708832, 28709829]",350acfdb1c786323b1f2397265e0915e68f454ecdb0b938a54c4527f9c4e66ad,10,7,7,7,0,3,0,0,0,620,105,515,0.1693548387096774,0,0.0,105,2.5714285714285716,2112800,True,0,0,0,,0,0
287,TargetedFedPhoenix,1,0.25,10,update_norm,all,1,73.5999984741211,11.582622399990214,"[85, 92, 66, 58, 24, 86, 82, 2, 7, 64]","[28800859, 28801856, 28802853, 28803850, 28804847, 28805844, 28806841, 28807838, 28808835, 28809832]",4b0b6bb68c68711a97e7cda9567bcac860ca29c0cb477107767ec091c2eaf0f4,10,6,6,6,0,4,0,0,0,620,90,530,0.14516129032258066,0,0.0,90,4.5,2112800,True,0,0,0,,0,0
288,TargetedFedPhoenix,1,0.25,10,update_norm,all,1,70.38999938964844,12.064746000003652,"[40, 50, 36, 99, 33, 79, 62, 74, 16, 22]","[28900862, 28901859, 28902856, 28903853, 28904850, 28905847, 28906844, 28907841, 28908838, 28909835]",41ca3c3910a041fbe7f114b289d7b777388d4fd1297c4fa6e030ce7b012b69a9,10,4,4,4,0,6,0,0,0,620,60,560,0.0967741935483871,1,0.016666666666666666,59,6.25,2112800,True,0,0,0,,0,0
289,TargetedFedPhoenix,1,0.25,10,update_norm,all,1,74.58999633789062,11.153967199992621,"[25, 33, 10, 14, 87, 8, 51, 83, 69, 57]","[29000865, 29001862, 29002859, 29003856, 29004853, 29005850, 29006847, 29007844, 29008841, 29009838]",cde4ff2e63a055dba01a8f75f11d725025d71423d39c341694f5894878a3efd3,10,2,2,2,0,8,0,0,0,620,30,590,0.04838709677419355,2,0.06666666666666667,28,2.0,2112800,True,0,0,0,,0,0
290,TargetedFedPhoenix,1,0.25,10,update_norm,all,1,78.33999633789062,9.85330369998701,"[35, 15, 38, 19, 52, 46, 71, 9, 47, 75]","[29100868, 29101865, 29102862, 29103859, 29104856, 29105853, 29106850, 29107847, 29108844, 29109841]",674035e16b5e5c17bae83af0b93ef441f849e2f9e4bd69a8df275fc95b8e3ae5,10,4,4,4,0,6,0,0,0,620,60,560,0.0967741935483871,1,0.016666666666666666,59,5.25,2112800,True,0,0,0,,0,0
291,TargetedFedPhoenix,1,0.25,10,update_norm,all,1,73.83999633789062,9.774505199995474,"[86, 92, 14, 8, 45, 38, 60, 63, 82, 46]","[29200871, 29201868, 29202865, 29203862, 29204859, 29205856, 29206853, 29207850, 29208847, 29209844]",e8ef3a4fe33c485e0d15bfc42ed6e2d47f9cd8386724175688fe02ecedb15b1f,10,9,9,9,0,1,0,0,0,620,135,485,0.21774193548387097,5,0.037037037037037035,130,4.0,2112800,True,0,0,0,,0,0
292,TargetedFedPhoenix,1,0.25,10,update_norm,all,1,68.5199966430664,11.163528300006874,"[73, 57, 67, 14, 40, 24, 63, 35, 72, 69]","[29300874, 29301871, 29302868, 29303865, 29304862, 29305859, 29306856, 29307853, 29308850, 29309847]",d01fb894bfa64d42f07cda664f468e1ca3ee60a281de2d13beb2b07a2d3bd07a,10,9,9,9,0,1,0,0,0,620,135,485,0.21774193548387097,4,0.02962962962962963,131,4.111111111111111,2112800,True,0,0,0,,0,0
293,TargetedFedPhoenix,1,0.25,10,update_norm,all,1,75.19999694824219,9.117989199992735,"[77, 55, 61, 34, 18, 35, 0, 97, 98, 26]","[29400877, 29401874, 29402871, 29403868, 29404865, 29405862, 29406859, 29407856, 29408853, 29409850]",0e644af2ccc4cadf6831c1bc8e620bf5a18bcf30ee69a6a6b4443a060d4af60c,10,4,4,4,0,6,0,0,0,620,60,560,0.0967741935483871,2,0.03333333333333333,58,6.75,2112800,True,0,0,0,,0,0
294,TargetedFedPhoenix,1,0.25,10,update_norm,all,1,73.72000122070312,8.777125699998578,"[90, 30, 53, 77, 76, 85, 8, 35, 81, 69]","[29500880, 29501877, 29502874, 29503871, 29504868, 29505865, 29506862, 29507859, 29508856, 29509853]",fcfc8e31ed308a201745c96211f81b466f6f6362110b42762941c111c295c030,10,7,7,7,0,3,0,0,0,620,105,515,0.1693548387096774,4,0.0380952380952381,101,4.285714285714286,2112800,True,0,0,0,,0,0
295,TargetedFedPhoenix,1,0.25,10,update_norm,all,1,74.56999969482422,11.544375099998433,"[52, 30, 46, 49, 35, 90, 6, 40, 20, 97]","[29600883, 29601880, 29602877, 29603874, 29604871, 29605868, 29606865, 29607862, 29608859, 29609856]",e2748d0fd252d65daa8c68bcd126743bc467d850f6a1c569412915d5e8bc1812,10,8,8,8,0,2,0,0,0,620,120,500,0.1935483870967742,3,0.025,117,3.25,2112800,True,0,0,0,,0,0
296,TargetedFedPhoenix,1,0.25,10,update_norm,all,1,74.77999877929688,10.385600699999486,"[42, 21, 97, 18, 44, 48, 98, 45, 7, 95]","[29700886, 29701883, 29702880, 29703877, 29704874, 29705871, 29706868, 29707865, 29708862, 29709859]",94895fbbe48e3eeadd352f94f484abc3209201c2cf4d518d2cb29b5603f53777,10,6,6,6,0,4,0,0,0,620,90,530,0.14516129032258066,2,0.022222222222222223,88,5.166666666666667,2112800,True,0,0,0,,0,0
297,TargetedFedPhoenix,1,0.25,10,update_norm,all,1,76.12999725341797,10.339854000005289,"[67, 72, 49, 58, 2, 66, 55, 98, 25, 53]","[29800889, 29801886, 29802883, 29803880, 29804877, 29805874, 29806871, 29807868, 29808865, 29809862]",d7af739f485ad4ee4c54576afeaa42c5661a711a8c8db2d90ce91abe221417a1,10,10,10,10,0,0,0,0,0,620,150,470,0.24193548387096775,4,0.02666666666666667,146,5.8,2112800,True,0,0,0,,0,0
298,TargetedFedPhoenix,1,0.25,10,update_norm,all,1,67.2699966430664,11.885581299997284,"[16, 2, 36, 77, 86, 40, 87, 33, 95, 75]","[29900892, 29901889, 29902886, 29903883, 29904880, 29905877, 29906874, 29907871, 29908868, 29909865]",f90869213080104ba246e82e9f53d4d38a29418d00c9671bc4c21af5601c497f,10,10,10,10,0,0,0,0,0,620,150,470,0.24193548387096775,6,0.04,144,6.3,2112800,True,0,0,0,,0,0
299,TargetedFedPhoenix,1,0.25,10,update_norm,all,1,73.4800033569336,11.088498899989645,"[1, 66, 81, 52, 47, 99, 38, 56, 65, 4]","[30000895, 30001892, 30002889, 30003886, 30004883, 30005880, 30006877, 30007874, 30008871, 30009868]",b296d278aed0c9f9e733fbcf0a1a8cd9d17ba8f3ce390df62567b611037c4e5c,10,5,5,5,0,5,0,0,0,620,75,545,0.12096774193548387,0,0.0,75,5.6,2112800,True,0,0,0,,0,0
300,TargetedFedPhoenix,1,0.25,10,update_norm,all,1,73.79000091552734,8.80133940000087,"[73, 93, 90, 66, 22, 52, 77, 18, 71, 39]","[30100898, 30101895, 30102892, 30103889, 30104886, 30105883, 30106880, 30107877, 30108874, 30109871]",6b0e438b3f897723e44f4b78b9abf4f6c047dfb12be47a318fb1cf4f0828da93,10,7,7,7,0,3,0,0,0,620,105,515,0.1693548387096774,5,0.047619047619047616,100,4.428571428571429,2112800,True,0,0,0,,0,0
