run,target_client_id,probe_count,unique_donor_count,recovery_pull_score_all_mean,recovery_pull_score_all_std,cos_WBA_minus_WB__WA_minus_Wt_all_mean,cos_WBA_minus_WB__WA_minus_Wt_all_std,cos_WBA_minus_WB__WB_minus_Wt_all_mean,cos_WBA_minus_WB__WB_minus_Wt_all_std,cos_WBA_minus_Wt__WA_minus_Wt_all_mean,cos_WBA_minus_Wt__WA_minus_Wt_all_std,cos_WBA_minus_Wt__WB_minus_Wt_all_mean,cos_WBA_minus_Wt__WB_minus_Wt_all_std,recovery_pull_score_conv_mean,recovery_pull_score_conv_std,cos_WBA_minus_WB__WA_minus_Wt_conv_mean,cos_WBA_minus_WB__WA_minus_Wt_conv_std,cos_WBA_minus_WB__WB_minus_Wt_conv_mean,cos_WBA_minus_WB__WB_minus_Wt_conv_std,cos_WBA_minus_Wt__WA_minus_Wt_conv_mean,cos_WBA_minus_Wt__WA_minus_Wt_conv_std,cos_WBA_minus_Wt__WB_minus_Wt_conv_mean,cos_WBA_minus_Wt__WB_minus_Wt_conv_std,recovery_pull_score_classifier_mean,recovery_pull_score_classifier_std,cos_WBA_minus_WB__WA_minus_Wt_classifier_mean,cos_WBA_minus_WB__WA_minus_Wt_classifier_std,cos_WBA_minus_WB__WB_minus_Wt_classifier_mean,cos_WBA_minus_WB__WB_minus_Wt_classifier_std,cos_WBA_minus_Wt__WA_minus_Wt_classifier_mean,cos_WBA_minus_Wt__WA_minus_Wt_classifier_std,cos_WBA_minus_Wt__WB_minus_Wt_classifier_mean,cos_WBA_minus_Wt__WB_minus_Wt_classifier_std
probe_0.2,0,13,12,-0.3078414296337323,0.17383677160489422,0.2499867038847975,0.12350810071465505,-0.0753836969502964,0.038020869649917986,0.24429129112072503,0.11355210547972164,0.4841528914553205,0.16629437545270603,-0.32077958496355047,0.17649115330809692,0.23657142646015691,0.12018825176653755,-0.06547406088032995,0.02999245465060959,0.22806053522942366,0.11096120119162774,0.49173215627532796,0.16401046547567819,-0.03737988370860152,0.31873495723456774,0.5460920553573569,0.18723760175360968,-0.24888174472624186,0.1895150487476265,0.6343166898816658,0.13875366003480694,0.2667050186407236,0.3025695001138888
probe_0.2,1,7,6,-0.2555744150875797,0.19606446769803174,0.1786365026463419,0.07508908357781179,-0.08465721759466296,0.026063933331503617,0.15306798152118492,0.08183152455368504,0.6080277144869708,0.19137630439462616,-0.2649882748128966,0.18605284961796695,0.158448541560191,0.09285601109516932,-0.056217741564716116,0.019471858259221576,0.13506006919213986,0.09255366712450551,0.6251779224821747,0.19338826470584922,-0.24463976932355624,0.42253555819638633,0.27819135493818076,0.20220043060110443,-0.3516017260561291,0.15400483307339646,0.3111182093802016,0.2124465370693471,0.3359897543726356,0.33416842266710217
probe_0.2,2,8,8,-0.3324466927531681,0.21214067669261663,0.2234332750400727,0.10466383488136,-0.07055646931788861,0.030230928927629682,0.205049734677589,0.10013259095168373,0.461788301649937,0.10912155864567016,-0.3341958421261959,0.2091926958765248,0.21956351417906336,0.10450712308593076,-0.06008106291264285,0.02327755730794884,0.200464237250746,0.0991523379021127,0.4714500508176016,0.1072744255870719,-0.24731733464294822,0.3807430415607948,0.37822439814746645,0.13743257119300573,-0.3707987344149364,0.1595446817818926,0.4080990539297396,0.15108178233673916,0.12809970872160398,0.23794085475352184
probe_0.2,3,9,9,-0.23707332220299474,0.2213564914217334,0.1489072148316116,0.037699055790744944,-0.07333645195250182,0.039922252134700784,0.1250526998568113,0.05438835230571303,0.6916510682125866,0.19876604456943478,-0.24038266115034634,0.22351377032182676,0.14182658196490877,0.03749802390709035,-0.06278402898388373,0.02670604438045525,0.1175978333177374,0.05254610904578638,0.6960627280271695,0.19794032039562542,-0.10741026087446387,0.15001273455625294,0.33408660682077185,0.19925294151216416,-0.23973623905170502,0.14577682542508577,0.4032717870172046,0.15737462114421105,0.570643944780921,0.25951498838564385
probe_0.2,4,13,13,-0.12892312901092573,0.20500931554532614,0.32509962499334255,0.21553054397013943,-0.05198433136396515,0.027258820816921957,0.27979292487808166,0.22489618715533488,0.5820581917501914,0.2253016396973916,-0.13134244273557352,0.19947164094423675,0.31016763737919933,0.22090052292497303,-0.04213473567750002,0.01714274549446735,0.266865363299497,0.23000737212052522,0.5932873879255627,0.23089905928265622,-0.034740659871365924,0.6342003760185975,0.5663959575319445,0.23089633266158216,-0.23129780341997236,0.163555309273298,0.6007445622934406,0.18722425147783037,0.292685175348271,0.24859819863604987
probe_0.2,5,9,9,-0.6309792050787962,0.8227994037888661,0.22115042205980462,0.10653978464649826,-0.057942632244995435,0.03087171586263182,0.20400383743958755,0.09376167229578924,0.39431957136854806,0.19160165133552987,-0.6343592126165286,0.8145490133041695,0.21188537366668075,0.10757073748763245,-0.04947708132768092,0.025432923656694088,0.19509281707929202,0.09537691409059552,0.40270810054076683,0.1965977014807909,-0.6000495385219735,1.3709302114950996,0.4605130299117901,0.17890597521600246,-0.2581645233738994,0.1833070748034373,0.4771212169736257,0.1834842335256415,0.1413668371043716,0.21044670321225017
probe_0.2,6,7,7,-0.20807314773116645,0.11553965416294848,0.1786782173933937,0.03923537769206501,-0.06644076518689941,0.03762630474737398,0.16408818174528395,0.03919986340947423,0.40510478013725615,0.1621591146198558,-0.21410342249503578,0.11317113931617379,0.16098343422892958,0.04417847177377402,-0.055823560050872155,0.029362009407685907,0.14713221247288572,0.04466020570777814,0.4183520810618432,0.17186299506782277,-0.034244008205401966,0.2390331681013482,0.522930094103917,0.06899956594817092,-0.2587002580199474,0.192686725735037,0.5568682070422092,0.06298517034584636,0.12369787625923796,0.22507612757907153
probe_0.2,7,7,7,-0.503588831979105,0.48610807437746156,0.27510727778333405,0.1225572575818077,-0.09306481119821186,0.04002563039387989,0.25355620858684,0.11170191144833194,0.3999827635459602,0.07344780646944489,-0.5147332613279314,0.4868702288952618,0.26515427619800436,0.12247669818544593,-0.0798733104268584,0.020793081106566053,0.24318178282891867,0.11158797481171877,0.41109158491516784,0.07346282649436969,-0.15092627994708985,0.3766290568498146,0.5153879460764585,0.1599047207903487,-0.3298987943644963,0.2373292747750693,0.5626305038999692,0.16084447801759671,0.1842575924385069,0.3126041626412937
probe_0.2,8,11,10,-0.2666826972967256,0.2251261337517396,0.21571616551872524,0.11176290865299031,-0.06336190271353158,0.04263452595578643,0.2011402417843782,0.10570219303413707,0.5455253148576836,0.20453267565402825,-0.2710958117312789,0.22845968949923998,0.21088788268549516,0.1133584683075934,-0.053551623044399595,0.03428383962965576,0.19269231110627152,0.1063418956858637,0.5536371733764348,0.20301120449547022,-0.12980061785074146,0.25892469789611927,0.34330336882933205,0.1917152585173894,-0.2724839311986766,0.17904272994354348,0.4320369135052495,0.13208004043081112,0.33799168195128426,0.3448144588217584
probe_0.2,9,9,9,-0.7566707221768725,0.6071658358393224,0.19267590683565033,0.05614430967074065,-0.07000825693948116,0.026742106505753215,0.18573660943128606,0.060944339878841326,0.41909598030819434,0.19003970546618132,-0.7783293104678912,0.6218696562025516,0.17924457391342055,0.0667119243358809,-0.05922027500840221,0.024296916247185933,0.1709147065487893,0.07098501558077709,0.42457953534924,0.18919703969882007,-0.34063648724308937,0.5064156793519784,0.38458191138709985,0.14253603773313425,-0.31393942137286884,0.16941623101993944,0.43526004364395104,0.15463713660267106,0.26498787299441884,0.26040800773997547
probe_0.2,10,11,11,-0.22482368728759355,0.22110591228119206,0.27069321018645565,0.16472564603475812,-0.059501130302162045,0.027508829785899008,0.2530982319293286,0.15421411356679837,0.5143303394644824,0.18767578714696118,-0.23430095827557115,0.22413388989164684,0.2578091196330527,0.1693779403546648,-0.0508923243136104,0.020595864308292,0.2396547995553469,0.15976360354050803,0.5212824105903672,0.19014464884366516,0.09117910378711783,0.14129725254593753,0.5313113431413341,0.22675407143594076,-0.2283380668734444,0.18515449900425057,0.5961033396039485,0.11541782425776664,0.38878426449674647,0.2821504503247551
probe_0.2,11,7,7,-0.26914104339287687,0.23650513259525982,0.24121516063470086,0.17923908955725437,-0.07125456616992652,0.027358880939750613,0.21549662911265943,0.17382233114206436,0.5428582986760145,0.15559317198915562,-0.27506433030953115,0.23845638174166073,0.2348469396009624,0.17915853335149046,-0.06417607437388674,0.021840387302040225,0.20941037403504972,0.17327269590801767,0.5479359962069601,0.15547271202926918,-0.0238357896618966,0.2493687554235579,0.4713433932541599,0.2048464092704996,-0.273395398745744,0.1333729473039624,0.4788550582476688,0.20701163411880388,0.37024517641714,0.19654171403877316
probe_0.2,12,8,7,-0.7039769196921284,0.5223877788226967,0.19861822286062605,0.12239430961890721,-0.08010234528484092,0.024322677852038562,0.1850681466022569,0.12952519759460548,0.4461188442192117,0.2601210509820252,-0.7193884792381784,0.5369386876951769,0.19165998493847713,0.1260450795139156,-0.06933956818239001,0.02043598366984079,0.1780555907225333,0.13272634478680567,0.4532833857778547,0.258708714446863,-0.3064658981767569,0.21769908108997296,0.33935978317362303,0.20494204996086135,-0.3129195193736713,0.16575701917020472,0.39921471383948226,0.1571375805719786,0.29322103307858294,0.29300775839580256
probe_0.2,13,7,7,-0.21345487239682762,0.11897186280368277,0.2953783431169736,0.1051952988632134,-0.07683794154611093,0.02482470219379966,0.2575190976894614,0.10897730529592736,0.5162362600699593,0.18800155713249603,-0.22121874689971818,0.11701578863250811,0.28523143001245355,0.10789078640190021,-0.06184372929046387,0.015173839076105892,0.24656207398474211,0.11320090699929024,0.5270525181468855,0.1927023925108052,0.0231478488642679,0.248946874583793,0.522387917627677,0.1598435379587296,-0.3590501875463086,0.10816187264501086,0.5522123945619462,0.12695001739748685,0.24421714588381319,0.2518830060625695
probe_0.2,14,11,11,-0.3446946077171305,0.3843318980906703,0.2624765631639246,0.2021620520120647,-0.07816098298284298,0.05496004730501111,0.23901580709019124,0.19448713834423098,0.5343734469160524,0.19223065817217827,-0.35442497906661824,0.38602935245969217,0.24957266503886996,0.20561678974374079,-0.06562639034527648,0.03942100675264507,0.22763735563661278,0.19610766530833673,0.544468096137414,0.18570533425648741,-0.05175250757673593,0.34400489698569775,0.49205995365193667,0.218067260053549,-0.29384252447642517,0.2870529423917857,0.5295471341968955,0.20279332676087022,0.3289827465264183,0.3558531376145818
probe_0.2,15,12,12,-0.41941257631393647,0.418701576464238,0.2063510360253418,0.05248066270100261,-0.10027375293763093,0.05366842738231514,0.18712692295534253,0.0540092803052514,0.5199262922254654,0.1462308398056219,-0.42764332590901405,0.4116003982245385,0.1960764549334424,0.061145071059731326,-0.07961478961101691,0.03629134003214643,0.17482888544232644,0.056028609991124856,0.5318412950250275,0.1436200834028779,-0.2638322729285179,0.6256639607373545,0.3785654241113586,0.16727111928409938,-0.3900731466155654,0.18131968673886437,0.4278521293568934,0.130729542573478,0.23180955928312016,0.30800160802372756
probe_0.2,16,10,9,-0.4351493208241316,0.40354902817814464,0.18830137020556503,0.08690995496454768,-0.09346584872219794,0.04114089646672628,0.17144374976106175,0.08307368770764326,0.4597987143889732,0.14193074639962888,-0.4397578305489637,0.3909517332138519,0.1706507311374198,0.07308227799100817,-0.06912270820161276,0.020271127665450518,0.15216069023421822,0.07009139288000922,0.48316703293155855,0.14360444437096434,-0.4534187491728627,0.7860313199839136,0.44924995782776733,0.17420563308797124,-0.39655498125053484,0.17586881754721748,0.4829673093014712,0.1765818326234709,0.06653010597025458,0.32042808082204544
probe_0.2,17,7,7,-0.07532505763337961,0.23653107710851834,0.36827935277020674,0.20767282510924176,-0.07463830633180846,0.0377901051145548,0.3302620094947,0.22851618236218846,0.47509849657419745,0.264868093423187,-0.09472698657472442,0.2409708573135949,0.3222330565624469,0.23053156314965448,-0.05747950588018019,0.01928507262171766,0.2898112044922692,0.2504853522907326,0.4992907817275423,0.28209609225985327,0.2614934507814333,0.17585187469425953,0.7239198174627882,0.09547308798518764,-0.2390743046713339,0.17863987183698563,0.7479743312885925,0.08307972455997381,0.17178834650315064,0.23524176185850026
probe_0.2,18,6,6,-0.47088390114080997,0.2735287816150365,0.2975985690336697,0.16640930280169203,-0.06225893813203661,0.04409743769069755,0.29365013972523873,0.15862547955921058,0.3562776645785899,0.1561265006880843,-0.47716772298206767,0.27034470744263883,0.2950951988165265,0.16640042710852898,-0.0547391813897048,0.0333301423880341,0.2889574357461562,0.1585442366084455,0.36086852300747224,0.15748822800427878,-0.20716110501818738,0.4945355852218843,0.44237766405755846,0.22810525344678337,-0.23051986095310764,0.2573536987934594,0.5276476196370826,0.19293673531930094,0.24154856385704157,0.2710071562329414
probe_0.2,19,9,8,-0.698232922586823,0.687802912977591,0.17558515848622752,0.1265203857630298,-0.0836683195790525,0.030856632980488064,0.16251484688979023,0.12742178886243657,0.47546928063661414,0.2726907090003906,-0.7071367796031383,0.6932093860996422,0.17133218716394022,0.12390781812391916,-0.07258803636354005,0.02381647526337979,0.15742139068428104,0.1254423737705819,0.4842587864673286,0.27278308574933635,-0.33785410068089805,0.403705346177585,0.30451357414448854,0.2715835320941139,-0.3647612000373032,0.1781025582471513,0.35948383513970444,0.20769075288160774,0.21359342903127881,0.36233210856255377
probe_0.2,20,10,10,-0.14417056580159585,0.1114484948936139,0.29777620881441924,0.07791583087999877,-0.05775874551316669,0.027467562282056227,0.2580683906734007,0.084444541994508,0.527508753000471,0.18376833206000615,-0.15470785651422833,0.11055331536103188,0.2769020611825958,0.08349288737174201,-0.05123266474189081,0.022230688518956595,0.23880720788950066,0.08812763147131028,0.5355912443536411,0.18687564507756077,0.15743301371691515,0.14122649391434852,0.671112996667268,0.09373667032071131,-0.16969929053909447,0.20984681745945064,0.6644245755876803,0.09375891570168415,0.32691247320847916,0.256454154955375
probe_0.2,21,8,7,-0.8926005656141173,0.7855070569239853,0.16421431155921296,0.05303944891375492,-0.06515991810977398,0.022202805758487033,0.15465831689679913,0.05336983400835927,0.36459248384278475,0.21712944360197733,-0.8979950506638785,0.7905915669941556,0.15904783770582473,0.052884676794219064,-0.059597096771444855,0.019220906421831118,0.14933231877757863,0.05315510816795161,0.36982494585630366,0.21515129585650902,-0.6069288756871422,0.4865940843326692,0.37457636142383677,0.08550900078590824,-0.2530958029899796,0.18071203798678284,0.3867384152470431,0.11047464609024896,0.16776154756947237,0.31556345006243125
probe_0.2,22,17,16,-0.5815015013518426,0.5465881090889646,0.24614430723728223,0.1713441825047605,-0.09193346544070223,0.041113280083304414,0.22275755173786416,0.16416699283807878,0.3860132655744371,0.15867053977476306,-0.5909851532904594,0.5443827869656129,0.2293203931306087,0.17146013018514392,-0.07297522421480591,0.028364976853488853,0.20637723430682922,0.1651373638604474,0.40576926261510715,0.16781056499034355,-0.3780385130173691,0.6195175284323388,0.5334648155289857,0.1617702903852316,-0.3836445240399323,0.15510453355505488,0.5449855821607537,0.17458335080095022,0.018699219151252854,0.2434028325879246
probe_0.2,23,14,13,-0.22196617133249555,0.18103832375574633,0.2631371212829326,0.134422130040035,-0.09726965726959509,0.03617084074806067,0.24007058767031916,0.10953200849551666,0.5801368158485597,0.18409818269339923,-0.23042843196232862,0.16118941367240053,0.2202243025261978,0.1370214258652656,-0.07519268273282524,0.026616075935402658,0.20064505823964648,0.11595617087319078,0.6111288891757024,0.1833102789272699,-0.1553300837069837,0.8974053139918453,0.6088154971957234,0.21061808492477657,-0.32797015829573734,0.1494239551905284,0.688409593076364,0.130751486209695,0.16075400539835688,0.340396995366588
probe_0.2,24,6,6,-0.2505391502119258,0.3111300780793695,0.28152626646756,0.12806704118446066,-0.08825925934162081,0.0852314727600739,0.25011614406299426,0.12481506431918322,0.47084521239022914,0.10865223031362117,-0.2555935445940587,0.3100299612606243,0.2686944040034824,0.1297426100925954,-0.06641766406400512,0.05821909737108638,0.236429978789384,0.12840284898954238,0.49357218895791233,0.11818167810792209,-0.12514524995617063,0.35891516267985163,0.5570899901341119,0.23796934890107901,-0.21859060664715146,0.43761442330523703,0.5666911958325069,0.21988049410109423,0.21534033135105543,0.37824162717229115
probe_0.2,25,8,8,-0.4250946336167833,0.4707325728384326,0.22307618368653215,0.10116440831820056,-0.08424771483644951,0.05122206361801595,0.18444529919345393,0.06303380829915128,0.5170031916478881,0.22713446179146107,-0.4312507034720351,0.4755275007889629,0.21662282016554504,0.10081949936877699,-0.06893864906657768,0.0350551045983534,0.1779390625511002,0.06363185405210056,0.5311116744403112,0.22036656406716468,-0.21824484059616137,0.46086424256800124,0.47455485635733796,0.14789375933312437,-0.33708141560229254,0.2795336740586664,0.4645501827242553,0.07962016920307181,0.23453772659404018,0.47452463969650255
probe_0.2,26,14,13,-0.46067758842179607,0.36332305364756295,0.22653226222614004,0.09460793296664781,-0.09495343672540384,0.03911004819822361,0.20769953335613714,0.09494025306277495,0.46572960640380234,0.21079750956073434,-0.47044099086000674,0.36250426618317927,0.21809587677303546,0.09374485619083502,-0.07710955502320534,0.026634597612913785,0.1977635391397799,0.09509696564308803,0.4791803358360047,0.20913464773177087,-0.21494841519426947,0.4291445396862516,0.4087121755822744,0.18750999270010513,-0.41276695276907044,0.17576955396575433,0.4604115270185564,0.13395300631630366,0.16605674850128835,0.3843232492261891
probe_0.2,27,9,9,-0.2965873125991511,0.31112159975545745,0.30665427897523495,0.17447058087391198,-0.08202145239090666,0.04464245815243327,0.2602077781327061,0.10876147035726673,0.5667642783038153,0.12796810430700048,-0.3018319393411153,0.3115010568933306,0.30814377269721027,0.171288381022208,-0.06917819511084397,0.03434739018547838,0.2571504457722637,0.10750576949290375,0.5732277403834812,0.1269364048479521,-0.08932978994948579,0.40121495912426947,0.2875477878141446,0.3365031731264458,-0.3778395828744651,0.20930792255055236,0.41867568116269854,0.2382788185859704,0.4150324821182655,0.31010271305631437
probe_0.2,28,10,10,-0.11992522215683636,0.10238217389268083,0.405285529902572,0.11849764429666665,-0.07744397599080532,0.03304837286934005,0.3137511811607769,0.12746081581895993,0.6004661692568215,0.20313532247189364,-0.1570584685193261,0.09989195897815667,0.29753042116128103,0.16072279691516386,-0.04949292350887331,0.022599676866135197,0.23065632381451465,0.16039766739077005,0.646137539749883,0.21564406201099248,0.3061885140900345,0.15007586715280524,0.7761690223097016,0.10345914032327622,-0.3030334414680501,0.1275416600366148,0.7880867441473439,0.07549544680915028,0.10925594858962877,0.21724127835199783
probe_0.2,29,4,4,-0.06231586952765415,0.3851507802254194,0.37567090461066666,0.36719931268120654,-0.06327236105871485,0.04040883753475955,0.3459021701331871,0.3528353233711358,0.5518834517228685,0.15344646507997298,-0.07019753572901262,0.3883839499493697,0.36383229062403155,0.37214281245705905,-0.05398711000403139,0.0335864185287798,0.3340038898387061,0.35795268512170075,0.5608577592611029,0.15890645894611624,0.15089554974766928,0.3493105305668666,0.5948803673870295,0.282889449909775,-0.26880437962058557,0.17894766656090327,0.6126562888778273,0.2757600232580782,0.30345272112660693,0.051784702427811864
probe_0.2,30,10,9,-0.2395861017802936,0.24501281800928282,0.28284631369100655,0.09864650395821475,-0.08296846407071261,0.043202607853983714,0.23982298502387253,0.10990935151495822,0.5857239808933388,0.2245870700417572,-0.26497978654396526,0.2523609675105087,0.23189670152658085,0.09941698208243856,-0.06794069423190123,0.031573993912783344,0.19377597904317434,0.10887283401593593,0.6094746652107343,0.22483471365012583,0.12505054201225452,0.2581301443409431,0.6814496166265374,0.09810259045667068,-0.2594504322835199,0.17660953271943328,0.7143692851506555,0.10050078723278967,0.21238287484180446,0.31515977434998
probe_0.2,31,12,11,-0.27783154902578927,0.20150612531011697,0.23465294972038186,0.12220929516521509,-0.0644102866086629,0.023027145685738642,0.2071672232124442,0.10451795017239641,0.5489447278498519,0.1867603344403529,-0.2829036003040775,0.20189142052830128,0.23046076982269778,0.12095712752266542,-0.05418955871846117,0.014341964141301174,0.20085631998980205,0.10570356840550252,0.5546764455097298,0.1915471455035822,-0.0690791554558178,0.24190516287745054,0.3717814943888551,0.22485089953297752,-0.2672743765086067,0.1280196701228906,0.44596400401263564,0.1297692722979551,0.44759886455810816,0.18615477630170152
probe_0.2,32,5,4,-0.1812290828813051,0.4180769894356245,0.39746627232428694,0.2874701687505442,-0.08121405296448843,0.031062240450515866,0.37710259268890534,0.2890650848550707,0.4070901490031854,0.152773384926252,-0.19117580103446166,0.4202932448936404,0.38803851975627757,0.2906098406647904,-0.06309200094575974,0.022090769482886366,0.36614795269503747,0.2930002373322236,0.4216584786842654,0.16456548436532503,0.049120353185969856,0.42924437825874556,0.5813830986856762,0.2503655105502355,-0.4122741819972333,0.14902811128726218,0.6139828538023256,0.22363675915969486,0.09083086924185038,0.1909341611297286
probe_0.2,33,8,8,-0.12407624726196027,0.08332517703886017,0.23437246719187627,0.1233034619788012,-0.06434044776019025,0.03578390664655811,0.2114054705631851,0.12327991547359092,0.4443035096990905,0.1925236077269979,-0.1325451441240259,0.08878171751482616,0.21849671005875773,0.12991697046321413,-0.05228382605388744,0.02274660510496342,0.196266221780827,0.12841153029638094,0.45384078345332696,0.1937945667750533,0.11627645911713297,0.14295144053427322,0.5763859579254484,0.1133337552679523,-0.19653110214197778,0.21036587399345744,0.5884252591884752,0.10574515165456057,0.2770915341667135,0.2289072908720308
probe_0.2,34,9,9,-0.23646279545939974,0.18244423748188243,0.3223266845645252,0.12856751757599083,-0.08649689467801931,0.04652457653132779,0.2958939279039658,0.13279066111316204,0.3816812954819791,0.15575418416415268,-0.24304096237770084,0.17452215081957514,0.30744395100019856,0.13342345853783869,-0.06512841645937367,0.02767999176011509,0.27979407922560556,0.1387605637545012,0.4051088786042236,0.17154171504209856,-0.07306557090706088,0.5473775018875469,0.6176499815161812,0.07856453526780109,-0.3770376050174973,0.17878954832074645,0.6541723332074013,0.08072358919672017,0.010173976872567702,0.24775914261634513
probe_0.2,35,10,10,-0.40004887086888347,0.4780366518970116,0.212984596517889,0.14793711932449471,-0.04288679511209616,0.021567753478870164,0.21127102365743483,0.13742452641229025,0.39001159180406925,0.22650073351247732,-0.4097881991599851,0.4770971799105334,0.1998814992379175,0.15431356473421276,-0.03873640217460463,0.021776945785217102,0.1965282413540887,0.14536219391022254,0.39195819644371505,0.22475084670661974,-0.14377644049032542,0.5053975290530847,0.4498759716250955,0.23665012302426255,-0.16708626459774864,0.12560758515250783,0.5183927492233902,0.14341736474874558,0.3086418340078726,0.29606938342641115
probe_0.2,36,7,6,-0.3225556526091924,0.17308940980014162,0.25967228279513965,0.07812130713043668,-0.072011106761687,0.011040679813090237,0.2444295884690037,0.07696495381180335,0.48817788583572813,0.11992347707780904,-0.33558931656459734,0.17976212553809742,0.24521842662330456,0.07616232454008476,-0.06623719598393232,0.010428983407023007,0.22833678711577934,0.07460746749660947,0.4935311862879065,0.11924926003542975,0.0029970067394853466,0.29344256138660546,0.5662623746626158,0.1512466628322518,-0.21755505014731485,0.04960475502268041,0.6166933060342512,0.1546219219413353,0.3171008848811803,0.14998025210226734
probe_0.2,37,5,5,-0.17382411618964566,0.23333855778849855,0.3730661335679617,0.17315173491418837,-0.08025922620502783,0.020979403792648954,0.35494022856186563,0.1783961937791677,0.36202215129164916,0.20894357975026662,-0.18296581742055432,0.23639894366606976,0.3586888007985526,0.17907884348837852,-0.06651285058932443,0.014742905066645466,0.3377952744864814,0.18693152109123556,0.37661816634209344,0.20928158566714472,0.11277255677175561,0.2231904389290629,0.6558407395289615,0.164549836335588,-0.3817941364991961,0.14761742016972537,0.7215922346677023,0.11326892759621392,-0.012752780753894693,0.3305128636591257
probe_0.2,38,6,6,-0.2300415688315449,0.2847850631596247,0.36081565882027183,0.16271796999774232,-0.043193006350881975,0.032282224684654484,0.3249358786926647,0.13804644087331605,0.5198620206120811,0.20732625252862671,-0.2394753320487862,0.28172294346226845,0.34419037425725013,0.1747367976208,-0.03892172838146007,0.023688168651890756,0.3039822628937115,0.1545135852717689,0.5241899934569643,0.20089254380730526,-0.02108402453431282,0.39127543632327383,0.6022776501864486,0.1418665241496295,-0.1615935281745149,0.17766008000889175,0.6218321990373218,0.12047894338654623,0.3448387727674378,0.3532663698248986
probe_0.2,39,7,7,-0.4168814822667649,0.3997771181089463,0.17711150446259635,0.06625677544205973,-0.07394551375019369,0.023749049747892353,0.16106982969259473,0.06192261798336602,0.5322508303310409,0.18464397294486062,-0.42037758237185346,0.399845444131731,0.17577263416547634,0.06512471454006308,-0.06315909444446967,0.013333120298333489,0.15642521021741038,0.06198222173488828,0.5375290979515939,0.1872219004436903,-0.26163784551630237,0.33470832489934416,0.24409943312526192,0.16361948163870477,-0.31168916226389115,0.11949903832465382,0.3504210554332477,0.09293923626410695,0.3759728656072369,0.17363317228865152
probe_0.2,40,9,8,-0.524661965691205,0.5672071789057845,0.2568794935027508,0.13204986991982537,-0.0634799247658742,0.02715420259607754,0.242758299310394,0.11654684007116135,0.4423136264376725,0.17051266241704036,-0.5323867447696994,0.566389517957351,0.24905055063709078,0.1318770421547328,-0.054390346769259273,0.01684891621496112,0.23265809910864416,0.11759933503954982,0.44881153509567945,0.17016734372805503,-0.25752843591450014,0.5480333985183311,0.4431077966657416,0.19883318845387582,-0.2430901979313207,0.19620248025497128,0.5537123584663624,0.14694549591548162,0.3156039148509778,0.3753853428842513
probe_0.2,41,8,8,-0.4994590429656215,0.4709056540781552,0.21061130507790699,0.061256977588619234,-0.10567378884041725,0.07555248486796555,0.1885188042176928,0.06280105118869599,0.46620341230177664,0.20944675038208727,-0.5097427184891574,0.4696398382372307,0.20483431238136407,0.06970648569395411,-0.07683254450616582,0.039245504989778954,0.18070104272484822,0.06843397450534704,0.4891467607051989,0.2166438963729957,-0.1904925522330324,0.35421686415725834,0.37105915585356797,0.1361035176311119,-0.42213454573075154,0.2277992681891009,0.379681031824423,0.09609516019109605,0.1455965203056271,0.2980106070563499
probe_0.2,42,10,10,-0.5231097937322857,0.4702142802690639,0.1998627274264409,0.07575524166006886,-0.07310500493067792,0.0502277147181213,0.18234727955996982,0.08921794681090477,0.4431655952765686,0.22046509330535913,-0.5292205626531528,0.4701969373776854,0.19397400973795412,0.08136071815203379,-0.060241215410309704,0.04060247354180433,0.17736165192533698,0.08997468663905579,0.4507484417716746,0.21928306759577854,-0.28653052331753476,0.5214039389085937,0.3094594728231028,0.15540040236183428,-0.33175627914264405,0.23994980593145243,0.3605902811013173,0.15945224485049228,0.2859000096890715,0.34330584198028774
probe_0.2,43,9,8,-0.14717678575151788,0.166512267112249,0.32302560705279554,0.2164406472108365,-0.057235719382648376,0.02859272004906934,0.28648518907307774,0.21060319499665262,0.5807356530217587,0.1814775368215472,-0.14925098456972147,0.16522542914051647,0.31795045992088705,0.21695986196749778,-0.04448464541764777,0.017809978266810605,0.2792431651367148,0.21279619810169786,0.5902708173469438,0.18382310216273842,-0.08004748575616333,0.3375605283162116,0.4612876334220414,0.29698189704872363,-0.3117113553186378,0.12484066100167336,0.5231287330382313,0.20287977207182484,0.2992605390719582,0.2300926872879388
probe_0.2,44,7,7,-0.34617044345159037,0.44388428003293956,0.26425370539901577,0.11961403298368031,-0.10031949218064097,0.05780880966230232,0.2410387486873083,0.10561051445785183,0.45567189875925773,0.06323170358721035,-0.35878808539184465,0.43558603276151747,0.24455329382008134,0.11806481834207486,-0.06555120367375157,0.014030771973200535,0.21880275982179048,0.1067706672404102,0.487645398592315,0.07842708286864719,-0.08649428653718132,0.615042229753481,0.5612062808535035,0.19445565619536934,-0.33433369185757744,0.19801587154054365,0.6188822064241216,0.15255881606977367,0.19118215619144616,0.2822954977031231
probe_0.2,45,17,15,-0.36512262887907937,0.3387174789151459,0.24380649043918345,0.11173303564911555,-0.0798628133364072,0.03609430314108463,0.22339736927669793,0.11585595113407901,0.5899701954713205,0.22666539756371856,-0.3723837038498974,0.3396469608802207,0.2276431167514301,0.1176836500204017,-0.06416328183050726,0.026023224969476944,0.20559787642594193,0.12018698851340907,0.6013879203685643,0.22922724387189133,-0.12684704975968542,0.26004236572902706,0.4291329125778307,0.2347964914564031,-0.3215673631780655,0.17637298677871321,0.5349850217607234,0.14877771606578774,0.3544312126683484,0.3533322291671109
probe_0.2,46,13,12,-0.3773109153941551,0.7466397078602993,0.3776463924100335,0.23569428064923476,-0.08090758045381916,0.04776614617107856,0.34543779310178635,0.2406150875188872,0.45448084677309813,0.24625209595141231,-0.38900901941823113,0.7596565114079448,0.3656123112111566,0.23877506700982898,-0.06159099171254023,0.028875670053730835,0.33022568996126017,0.24451506711567536,0.4743737753260265,0.254676187382395,-0.10254072128799518,0.5625931407476918,0.6083271643081161,0.23758860297524004,-0.3073614530433288,0.18847446099456142,0.6320399074512495,0.2295858550644356,0.15039996012061124,0.30887339680764164
probe_0.2,47,11,11,-0.3528960203706452,0.39611398836379774,0.25367473864989365,0.1201274174628619,-0.06653629828735733,0.03542944222857252,0.22833842953550362,0.09786793760139453,0.4859463935549512,0.19202079278713918,-0.36381992627942716,0.4000195499341605,0.24456031465322317,0.11699773881294273,-0.05435348444762401,0.02154927920105427,0.218500189350449,0.09558658684278216,0.49517639895934606,0.1905866504737566,-0.005503222939125618,0.2419634330733869,0.4972051538192387,0.19662608507959686,-0.26854148859621807,0.20658551886480045,0.5629660166814604,0.15251671233225522,0.32997860424261066,0.3126949351613731
probe_0.2,48,8,8,-0.4320480573472012,0.5145361236320235,0.22739991109726937,0.07652361533460547,-0.07631609721055865,0.02519405722459114,0.20462348838369687,0.06544659802701543,0.45425387201226003,0.22773158015802955,-0.441688482799491,0.5137838431759715,0.20835058891146704,0.06962346057933823,-0.0650018689538483,0.020965625803877553,0.18415575313250976,0.06549967829219236,0.4667829903663616,0.2274274967834173,-0.14180901748605643,0.4334371900221381,0.5409918869194028,0.15275228295951304,-0.3569761331424749,0.1728465519810841,0.6189833051796878,0.10897390839690782,0.10797189800889373,0.368518080924612
probe_0.2,49,11,11,-0.3388554435277389,0.23818932331051243,0.18198565833571256,0.10272926020192955,-0.08263676967499535,0.03586443044222481,0.15792553103032186,0.10307225241814298,0.572439726947428,0.14967619343716312,-0.3430724144495254,0.23372641356943494,0.17128220651551307,0.10221184988502985,-0.0685054917564971,0.025207511720452214,0.14746454934804845,0.10251584301537343,0.5839578894087352,0.15046763656386247,-0.2290073394390952,0.5200422664523339,0.3989850320555769,0.18769857148812688,-0.3341353500771582,0.16371926658829863,0.44781321704088106,0.17273040212545368,0.29893704924573944,0.2799290305602315
probe_0.2,50,14,13,-0.38196124215499466,0.40928784646353056,0.2437597696830523,0.19768769351679785,-0.05342136475758685,0.019732778513618904,0.226487202420143,0.18182069633559553,0.43099447855678047,0.12252738189424078,-0.3874127306660559,0.41102502350326064,0.2373394184030376,0.20009243994390422,-0.04733602849437281,0.016567311154693863,0.21930680192222285,0.18450576292718338,0.4347235251183132,0.12501987223525246,-0.16795784240407072,0.3495224643447211,0.3976404270441793,0.211627532341197,-0.2575346507499874,0.1336005708946209,0.4296224957540587,0.1878208227920658,0.3134268531367058,0.17974626564954402
probe_0.2,51,10,10,-0.1618395015282674,0.12300296658426237,0.21145749337914901,0.10376622186685297,-0.07254433587783074,0.04576571019199137,0.1961516513742754,0.09968874710100857,0.5824887159425045,0.1611093205298509,-0.1665187662429031,0.11315782901749526,0.1953006212841907,0.10222653680018924,-0.05672873769875826,0.03015292410517172,0.17726018932688986,0.10075406230218893,0.598463333573233,0.15693861441134901,-0.027804325869911568,0.372827194012742,0.47197437454063246,0.18184305747229046,-0.2582961766742286,0.2215967021584579,0.5785082617600794,0.13574473738641335,0.35404670583329395,0.3765212535883027
probe_0.2,52,9,9,-0.426299921287841,0.4168325904031763,0.25455884869066475,0.1744993110659671,-0.06646411717303931,0.034513420486108864,0.2330873603108128,0.14767206195077642,0.4457156536971282,0.1454875970873191,-0.43354575707031534,0.4186981642682977,0.24797000625365184,0.17345026240271816,-0.05996891460902739,0.03123988523004363,0.2253934490107434,0.14649564617534253,0.449874773119878,0.14131758733261873,-0.1269316881044953,0.41368726834091096,0.4828997652097493,0.27802993869919135,-0.25990915258675384,0.1687980201979624,0.5336038729775211,0.19602544475621714,0.3174638156028118,0.28661221695134004
probe_0.2,53,9,9,-0.17471621914905727,0.16863361838365173,0.2595581970260721,0.06801488647402076,-0.061149148566420716,0.027233300415445444,0.21917800296922801,0.06237906088888718,0.6087932786241411,0.17326181142991778,-0.17723038473767974,0.16056839643118434,0.24503909071929467,0.06932419672587689,-0.05527751383623273,0.020387308986005926,0.2014725060877226,0.06887271832802759,0.6177061650587006,0.16768198538783996,-0.060773734770115016,0.46294597762236966,0.5605193746193372,0.14711764741856806,-0.22015595752705433,0.21447072980671494,0.6452609103150214,0.04698975159278326,0.34711485818641097,0.39147573999300955
probe_0.2,54,9,9,-0.3647831788563259,0.28763402152928114,0.20201547132979028,0.035676858653479276,-0.0962963114039177,0.05363401065884939,0.1815004739519333,0.04315168311499034,0.49460552267262803,0.14320480088702964,-0.3702343051072448,0.28662470600941703,0.1902409660747732,0.04162796546266914,-0.07323589070130856,0.03646044726527201,0.1692621225251218,0.049769786070239186,0.5159149334612702,0.15479526490384726,-0.21358542050488094,0.31108013645041555,0.42259293427831485,0.11416500807838975,-0.3550810850286028,0.22917159541227713,0.46866734801694343,0.08403852400446685,0.18218431239538757,0.2847522459173575
probe_0.2,55,7,7,-0.21336514080653476,0.11037804793138699,0.19080327145339265,0.0885118959570663,-0.1012420607966343,0.04123751292233055,0.17329872124958762,0.080207509084039,0.47239941648204076,0.11085577395543815,-0.21441098201098413,0.10728199792982111,0.1828147658526346,0.08762097954757667,-0.08318226899335077,0.02940264324243192,0.16218440447341073,0.07933686865972592,0.48982022168851164,0.10312590182163676,-0.11635632390937853,0.33556387462605414,0.3976801265392845,0.21313358547860456,-0.4246548617474422,0.1340486172691365,0.4860749125778233,0.15787593739357553,0.11493692920220075,0.3146582795345011
probe_0.2,56,10,10,-0.2927323878948035,0.1474176506772531,0.24186180136285307,0.06746430206856838,-0.08585877129017126,0.03546978518828629,0.2254300664660777,0.07714445847632813,0.43488715973197734,0.1522501839182066,-0.2978176110281671,0.15090368465135406,0.2351265093957709,0.0681564054832794,-0.06879929857790006,0.02272940695405203,0.21713132946689845,0.07906659948195213,0.4503584548973808,0.16485974987913915,-0.10551209238264377,0.23819088495323915,0.4645348925490822,0.13516195176781212,-0.38314562348059245,0.17798518941336197,0.5137706386698381,0.10255390797930813,0.1257299492141276,0.2725677459568077
probe_0.2,57,9,9,-0.047136866679752684,0.18476271084099424,0.3197619931359955,0.21871033895592043,-0.06984541382635254,0.05509100804230453,0.27856957165302154,0.21086604121623262,0.6030306877218804,0.1705490029336303,-0.06005562808099964,0.18742961287312648,0.27820751174845293,0.231067310539368,-0.05189244021600969,0.034511952676439625,0.24087756809060576,0.22153851186239082,0.6321598253719406,0.17591664488787062,0.18054852738167615,0.274600510364673,0.6805253485957375,0.1728226193028225,-0.19521249861528567,0.32882065854892506,0.7179750222792758,0.13330715090137943,0.25280888784368266,0.37680165073815886
probe_0.2,58,9,9,-0.3429343177374043,0.3578437798739339,0.27607909234185996,0.1691522704477833,-0.07247128085704746,0.020628434730174634,0.25024717931660484,0.1742024980678988,0.48102948960457037,0.19961276015041998,-0.34478732184820454,0.353578605447927,0.2644559461743691,0.17162946159130707,-0.0667854305904129,0.01735981828571135,0.2398727077559023,0.17630793200391057,0.48817079719485623,0.20021269619437765,-0.2958716427281511,0.7250882667508767,0.5449946408248647,0.20733229971100145,-0.2562822034875984,0.1522255562852358,0.5557849936247103,0.208001548000868,0.23185816895220507,0.2824536623681365
probe_0.2,59,9,9,-0.17984274820717971,0.17357593287160206,0.17178844512431224,0.0616239958848099,-0.05388355085736645,0.0322903990661588,0.13016145732173484,0.04767763718991215,0.6953876776519201,0.1893712315307643,-0.18638804720393914,0.17136890229029592,0.15181948094420938,0.06513144664283414,-0.04160855959271831,0.021981707186108597,0.11475724977659518,0.051881780212387166,0.7040912818731935,0.19228590062847611,-0.07683661010309913,0.2472747013309928,0.42521689078606734,0.18371390013737826,-0.18582052222915346,0.21567394685608346,0.4229755694615888,0.18848084280464392,0.5215500386572661,0.2629705181889229
probe_0.2,60,13,13,-0.2488540114115409,0.4697268332186544,0.2727133726866841,0.21639039355763892,-0.07937228977725025,0.056558463502430725,0.24874915922004776,0.2215878500410663,0.5147128942990746,0.21911494595126507,-0.25992683573549746,0.47477284071029147,0.2474437704376499,0.2265080937046111,-0.06167043915940214,0.04023500067565085,0.2247688039650751,0.2308306614867633,0.534467973599372,0.22603882619573099,0.019412855206726157,0.3326089229756217,0.5783643911691854,0.1588731318033711,-0.2587417821902253,0.29348426014460555,0.6208730982429542,0.1445408806242253,0.24869087224052677,0.3552944401375682
probe_0.2,61,7,7,-0.23212993065373302,0.2731146301608639,0.28933076857794787,0.1629700961703384,-0.05773817830038032,0.06169523981439871,0.2810748946331633,0.15782020006727163,0.47454336908332945,0.24888406786720094,-0.23387886098110083,0.25932181439921687,0.2725624180385674,0.17061536554396403,-0.053297867324076965,0.04394326072826536,0.2592061135987595,0.1685446235265487,0.4829174243576304,0.23583695176801928,-0.07420897198883221,0.6320873751885564,0.6112835853395339,0.11761896644681327,-0.08849816434232517,0.2790043836123125,0.6746268035430157,0.09957589489492374,0.37073171446014264,0.4511659913241852
probe_0.2,62,15,15,-0.4378610618442314,0.3523545160890471,0.22973574675267242,0.11137676355978783,-0.08294776202392097,0.0380608181329505,0.21067973019951178,0.10926646052188049,0.437521372119373,0.18073993864071888,-0.44636177029913515,0.35022911987660094,0.2113188222376552,0.11299282379808828,-0.06587465574737014,0.02828085110853,0.19152222741795816,0.11101667916068021,0.45428670650417674,0.18148343596276345,-0.22900115183121494,0.43654415515034634,0.5334550837918192,0.1396421349578547,-0.3150941816346826,0.18105085831666526,0.5864247138002232,0.11724268993057912,0.14089264689601663,0.2860426782012955
probe_0.2,63,15,13,-0.33876478833234847,0.23701242538592068,0.2278272707647687,0.12141127139242044,-0.06079938021093465,0.031237074514962767,0.20996231175721972,0.11273956260541432,0.44653904941788186,0.17007470932893023,-0.3439164259997566,0.23449982737946176,0.22042753033964907,0.12103003863881152,-0.05178446720692684,0.023531320633212807,0.20231993687053854,0.1128101223099144,0.45331761503217793,0.17080052425617867,-0.11500058446712942,0.32426189839988095,0.47254595532111343,0.19636829747530576,-0.2588176572561484,0.16640453882633513,0.5017298637918194,0.12832898594747935,0.26773283015757604,0.23123660261952467
probe_0.2,64,7,7,-0.11873610483621258,0.17153545499140274,0.25867806117426706,0.17418820395093187,-0.05747033725546206,0.02606134234019917,0.21486086396336596,0.18472095803046684,0.6464351020877986,0.21318169538091927,-0.12532458916414543,0.17310994413223782,0.23869672880711842,0.1839081403710945,-0.043678389790899004,0.018876328969048606,0.19903725454187265,0.19091466172570778,0.6572460263792683,0.21934200620237868,0.04631374698906425,0.21071168673264995,0.5537198740394915,0.14104945483087583,-0.23023101514277355,0.1752324405594049,0.544261919156493,0.1946341225072219,0.4302773819615087,0.2587457602655256
probe_0.2,65,8,6,-0.25029124638846434,0.21744371213137692,0.2291698369589685,0.15772454143058787,-0.056387400070327734,0.04024755806712235,0.22365098734481212,0.1562371706222514,0.5002925644982228,0.1916032107113942,-0.25651917730410734,0.21390389972944004,0.21404567344874403,0.16047038519503068,-0.05027219640676405,0.030680841110658767,0.20839460212021652,0.16066075282868147,0.5079129847369565,0.1999311144440942,-0.008850354563938262,0.31209080824912316,0.5392371071436115,0.18435364293001322,-0.11286041637843457,0.2776095361801566,0.6310000250010838,0.11528094772916579,0.37875645846119954,0.32167243486949443
probe_0.2,66,10,10,-0.4362831966508184,0.4970008252248277,0.21320073146234061,0.16024178114268534,-0.07763045668829155,0.025754169415357367,0.18650271163550516,0.1472729088887839,0.5500573931852801,0.22964298247280152,-0.4501231800039121,0.5037140116031416,0.1936659579574709,0.1679153406221629,-0.06266040189223789,0.025718808722188045,0.17102765513747878,0.1530377229056266,0.5609725503572667,0.23037499736912398,-0.10832999801228227,0.33125498407813164,0.4506229389846954,0.24488501321706202,-0.3436635590658585,0.15887623078741653,0.44998374501705235,0.1925984918909683,0.3130722578736971,0.35443661654735525
probe_0.2,67,9,9,-0.22394841059790715,0.22144496626943147,0.26302981819423843,0.121443352236709,-0.08766186540172205,0.04693736690147263,0.23294406343816165,0.13408200366607295,0.5185235200697498,0.26675039252829597,-0.23213058126907743,0.22547297236994596,0.25135664627706894,0.12632694938478398,-0.06563836480674858,0.02787993055270327,0.22213127560791965,0.13628320778231792,0.5352577610976282,0.26853346424395147,0.047935048156528104,0.13941581566890113,0.5276688433351017,0.1518239166759811,-0.33911745209546695,0.2097044264550297,0.5299801279472196,0.18222023930230816,0.27786851424690273,0.3727217616663651
probe_0.2,68,12,12,-0.4773968785110614,0.5215984799888019,0.2549941280888453,0.18096165256067756,-0.06813627121115316,0.030538279292933252,0.22865419198506573,0.17884911924078797,0.4678036965307313,0.21074601900525894,-0.4910806861297798,0.5304854733120888,0.24089707122102355,0.18669728134389052,-0.05690111221383542,0.02219106739475758,0.21636328099354374,0.18302283400225014,0.47778279265127366,0.21227300302940105,-0.07544578400833686,0.3013935011435885,0.5604388152707819,0.1591918668568138,-0.2864493613020002,0.15904060719950985,0.5408504108824201,0.16515645347138277,0.23660636497765639,0.23177511943940987
probe_0.2,69,10,10,-0.44397889412682934,0.31877952187490155,0.1649829763237483,0.05486689420437565,-0.08604579662427532,0.03169384113347713,0.1445176039257882,0.051320476338020594,0.5564987275427198,0.14746516407491275,-0.44944534398199193,0.32230313828850854,0.15859411763803982,0.05127517619549222,-0.07281065129682704,0.018597974867712534,0.1364092023589903,0.04731296568473057,0.5674489624822934,0.14744415778739758,-0.3213085306313119,0.3768205826931782,0.3368113420000488,0.12715837337406444,-0.35314616550932376,0.14829691595974978,0.3920464238387375,0.11859757668592742,0.2737146521028284,0.3034532068113444
probe_0.2,70,14,14,-0.6598391963522046,0.9749787120649125,0.21813243257363882,0.14010438126618713,-0.04881525880960326,0.030425119382594734,0.19863578131222712,0.13977590347506855,0.4611644704399252,0.27988177852217466,-0.6648563064937303,0.969966364746713,0.20412886851794756,0.14550606333583418,-0.04153345884211842,0.023534478498514658,0.18525247491395475,0.1430851668503262,0.46810673726054286,0.2808487851729554,-0.5398733798749324,1.2048596314797715,0.5107609602175002,0.13966402782939658,-0.15976389837227914,0.19633503172841463,0.5129888500322306,0.16513876816431952,0.3098455307127846,0.34344117517709793
probe_0.2,71,10,10,-0.3332073226433019,0.41814522398696397,0.26891947404961136,0.1205909137594404,-0.08350763898700495,0.04978798724774316,0.24513912908925736,0.09468538004992415,0.48835791421705166,0.16161934093243924,-0.34098977569492395,0.41779633546515593,0.2579414602808787,0.12107358115480554,-0.06974985912805409,0.03328304956202149,0.23271826055593606,0.09667127662693745,0.5015677704466011,0.15965550942893952,-0.12575384156442493,0.46942420233824134,0.5076651420864161,0.1728002850782615,-0.2948685187461722,0.24093787563687022,0.575917653306574,0.1308054076353289,0.21939814782648975,0.3422970498207779
probe_0.2,72,10,10,-0.30107455366595587,0.3629753297402943,0.23990383677984806,0.20351968344844543,-0.07680185156126998,0.053745388297485895,0.20717449823082776,0.18150056357673683,0.5752495762577735,0.19678169473005078,-0.2994819733500559,0.3621383675581864,0.22582057850743462,0.20967944416670484,-0.06409269617081506,0.04179284870229955,0.19497662362932283,0.18485930269147874,0.5897178039915177,0.1910689718225326,-0.22854192132246576,0.5045324089636253,0.4798847342413287,0.16014116402098674,-0.28680754015532434,0.1691553793535472,0.485743622149561,0.17875697186256442,0.3285797852198886,0.39887469616282784
probe_0.2,73,12,12,-0.6773314771994854,0.4534764604244409,0.19908272067002375,0.12215170039083868,-0.0836381754222701,0.03850522039641886,0.18524236857983012,0.11150294179914338,0.40518884163326346,0.17877719052187904,-0.6955228312271758,0.47296616329995134,0.19219933465110398,0.12388179265624577,-0.06751664908652937,0.023930903069031187,0.17854200699661135,0.11294162152900052,0.4157631138667537,0.18474603701590994,-0.32765116951739337,0.32826923805385655,0.39193444699531393,0.14282492201576327,-0.3691157737125208,0.1830101112469551,0.41931171164510556,0.13478032618185015,0.1507435616095638,0.21142289783517623
probe_0.2,74,18,17,-0.13374373029476672,0.16333236104738702,0.28637348539517105,0.15763162838331446,-0.08961771030261191,0.06512718461823308,0.22429964840323743,0.1738398653994164,0.5992651343547264,0.18029565884819804,-0.13955262096873222,0.1452286873786248,0.22877229750421144,0.17023971558451087,-0.05501237221595973,0.037892523129090486,0.17936398316679497,0.18293686965932185,0.6497575624079936,0.1825423492427058,0.01090898388122357,0.4856716798453267,0.6787888162127182,0.1354432201134011,-0.3300484573421197,0.2978966782406778,0.6645370368854848,0.16838729049411666,0.07692037041078988,0.374420918339894
probe_0.2,75,10,10,-0.3858720499016825,0.3396839269912719,0.2675235631385765,0.20034908783204125,-0.09719847943264147,0.05959906055310686,0.2476428872598711,0.19185384869088548,0.4735950967328842,0.1420041803450833,-0.4003507819656059,0.3413656614343196,0.26320457289234406,0.20053001378519192,-0.07706963009060866,0.031925362475069906,0.24097775014484282,0.19342094904594578,0.4844278275203388,0.14352557421005807,-0.034224986827664075,0.2630365095564851,0.43520704488573336,0.2614198817641533,-0.37440543165298423,0.15759819397894922,0.480478537385324,0.21426757004602123,0.2967102192893913,0.20894639546198912
probe_0.2,76,10,10,-0.6002520997373948,0.5533857574820507,0.18905932673929943,0.06410753408606502,-0.0775756927224313,0.035325294043900106,0.16887067686737345,0.06983341686874998,0.47373659410594227,0.20200316374237937,-0.606988554562296,0.5528168654518406,0.1826762422036345,0.061466072141314554,-0.06363871529654372,0.02306733457457275,0.1627559883541963,0.06765937078465156,0.48389627673175284,0.19741470574330283,-0.36800956598442386,0.5705572017524777,0.3763331651201508,0.15879497916668672,-0.3457185671202524,0.18651628868809086,0.38532701658664664,0.1726475492828643,0.23155992723735572,0.3857966751855475
probe_0.2,77,14,14,-0.4858792303276858,0.49252441199720803,0.29552280418212146,0.12189131445273318,-0.06862131819772009,0.02848750732506001,0.26561708130845985,0.10830489835340101,0.4629517976484069,0.17298171230107237,-0.49342166803261245,0.5031906902146779,0.2925140798395214,0.12138182711511727,-0.05916805185959882,0.021852678820911835,0.2619543391688901,0.10883889839827292,0.4702026208691585,0.17393819918550665,-0.2423910527931836,0.3619171448869256,0.38467477245453274,0.22465315635537095,-0.3658193188940536,0.17119583799883997,0.42406753327144553,0.17944506215574924,0.19960502625813398,0.27714516512336584
probe_0.2,78,7,7,-0.03956227582393745,0.12583615284451743,0.25831986838219406,0.21580182105555515,-0.05180680299675912,0.034416947502592735,0.23747633894217005,0.20537196370497693,0.5759083454458224,0.24130399961188628,-0.048592298852410114,0.12830808262041227,0.23675901307505676,0.22024616651994774,-0.04180951623607194,0.023199681983129623,0.21777000005349456,0.20976046162432324,0.5858516623537017,0.24094370969492168,0.18502430350447557,0.2265762214039892,0.5568337738120881,0.2883975563715299,-0.17285345456340678,0.19780325686622677,0.618239948418891,0.2232438052064538,0.4263839092306573,0.3512695293308316
probe_0.2,79,7,7,-0.4293960412218431,0.2951248627248485,0.2535007520378109,0.0906191257308249,-0.05408291991500035,0.02542060918578065,0.22879698580064214,0.09334265451589813,0.43352735362932693,0.19942816588736725,-0.4351181806955923,0.29052255077014105,0.24166637066263563,0.08849379015912169,-0.0478744726133437,0.021247149105426928,0.21840927088067344,0.0926238139253903,0.44019195864301514,0.20020047317152298,-0.2367856447429697,0.41917765458004413,0.5387777792498004,0.18303905307149365,-0.2291323776906205,0.10842986164655508,0.5528287584296875,0.12864599825313852,0.23851863148985464,0.2351381091262246
probe_0.2,80,7,7,-0.33865233246384224,0.3017011652502765,0.2716455258764742,0.11352547887192903,-0.09650992339657231,0.04323544287944008,0.23783662399241587,0.09437710576789343,0.46925160713219444,0.14615050221592546,-0.3544582121551533,0.31225931158572257,0.26132528915480907,0.11479563264363629,-0.07587800822620934,0.026498867526208492,0.22660533317854545,0.09389599913957111,0.48361566464439626,0.14030871810077963,0.034890112921518536,0.13885102508349614,0.5136185352742852,0.1379068090564677,-0.36173690883433796,0.16537034874823506,0.5247792691036086,0.13431625270702116,0.2701038000702097,0.22025342236864118
probe_0.2,81,12,11,-0.49012631332820744,0.44642882396406625,0.2775723166141485,0.1364863572620631,-0.07015650153804168,0.039894155006890857,0.24977786642680366,0.12397893483086944,0.470508572222972,0.18038181229871372,-0.507272021313463,0.45465711435153444,0.2588183018711934,0.15211077090401245,-0.0593105940994361,0.035871116387640484,0.2343322508666741,0.13553918870889323,0.47951196123843154,0.18231052067369993,-0.07486437654952444,0.29171381115101325,0.5447767211487773,0.1583297298109683,-0.2903745437043894,0.21274222567793807,0.5532765019092049,0.16379003297457456,0.2568637793043768,0.286085455050535
probe_0.2,82,8,8,-0.2632826790732551,0.18088016395595416,0.19124727346542553,0.062682897922,-0.06075294089521966,0.034328365565949565,0.18652582216032815,0.06576355095293603,0.4371516046579937,0.15587184964491266,-0.2724758400952654,0.1797202873992455,0.1792012063679926,0.06377212912000264,-0.04507091192199568,0.021660832998735727,0.17430403735235667,0.0669889721997746,0.44803620942549927,0.15598523741992423,-0.032843668040605394,0.2002674915259091,0.4432038498490162,0.1200847156068352,-0.2552202894794674,0.23334925972493858,0.5163029077215182,0.12820884034731642,0.2801288755641089,0.2800012331954004
probe_0.2,83,9,9,-0.24867812305607717,0.174827967715733,0.23336260961951152,0.07802966912192777,-0.08010584437985611,0.033547742355570655,0.21396300555946068,0.08661869275524091,0.5520910010657387,0.1393672430913949,-0.26097106628816025,0.17175601187727202,0.2186255525526334,0.08421300869666591,-0.05862190035078087,0.024518210709449265,0.1947402606120457,0.08949408696029265,0.5668207852197639,0.14339548584568687,-0.05096557965063174,0.3758627997327234,0.4146319946505043,0.16175223550819365,-0.3726002164711581,0.09983189899718686,0.5317150043092442,0.15736451944074828,0.2982357432680624,0.23922087765232908
probe_0.2,84,7,6,-0.6037891247830572,0.4966437830911582,0.20023162609416412,0.17128767038896595,-0.07681142290648989,0.041417631054244036,0.16908927474798946,0.15261571550439124,0.5616551500755305,0.2973510160384336,-0.6071341552662756,0.49770345089945744,0.1922001127931226,0.17462846024241677,-0.06489136550945836,0.03438878829733722,0.1650107255072201,0.15291259986126443,0.5698437649248745,0.2927921912126882,-0.4735187791484708,0.46678843707619616,0.3135674943651868,0.21488360435176423,-0.3179976574994369,0.20505483200261365,0.28838299625101127,0.210211970096212,0.3272229774334682,0.5030196892770447
probe_0.2,85,7,7,-0.5691774823749843,0.39781023901537055,0.2251896258207093,0.13118684352770874,-0.09626791986480498,0.023752373727418667,0.21934521707271787,0.12678180629866415,0.4390914622646432,0.16689302870331205,-0.5745756066613749,0.395022700483916,0.22334405699963875,0.13381210668945143,-0.08323664059295574,0.021008914924045156,0.2148124967916242,0.1279835679593039,0.4451290717612554,0.16881063005041408,-0.3580107135589556,0.5324560263475977,0.29951172014987393,0.17706304900024078,-0.40804279846561403,0.07592990159771673,0.39510567303748106,0.1378092311427506,0.24064327674542887,0.19184041076513605
probe_0.2,86,10,10,-0.30463852258290597,0.5779468906686217,0.29683278946635233,0.20258176564486824,-0.05466106084408334,0.04701150675055875,0.2554815017011434,0.17963357357294518,0.5657207235657451,0.19091471178358096,-0.3062662470789396,0.5774622160416283,0.2897886144026337,0.20394315647525993,-0.0509738511878682,0.04097719751316676,0.24782934705017112,0.1809943545684102,0.5706813493149012,0.1867836433055384,-0.2057307470578365,0.7021563064057076,0.5642398873355512,0.19812264345272604,-0.1589937699617564,0.2536931660874338,0.5678110056909195,0.17095598801695117,0.3705379273842803,0.3794878016279909
probe_0.2,87,19,17,-0.456026385578632,0.3666012448185393,0.2124829439318315,0.13143062612745282,-0.07291726753407031,0.03565019227074425,0.19822234323510043,0.11682143609399229,0.5149742424172014,0.14946159849196905,-0.4603854777141327,0.3664152749709212,0.20915865127237931,0.1315072457235334,-0.060957361351952954,0.02237316999198271,0.19156039254473384,0.11806672196477762,0.5227179911068602,0.1512608464518393,-0.2892073590251863,0.3638972630727679,0.300754186278623,0.19571398612806692,-0.3110943853940081,0.1786284962916272,0.41958270719146834,0.13657667406235294,0.34200050131370435,0.2731373079647284
probe_0.2,88,12,12,-0.27255556445158247,0.13725272005142258,0.20336638031997434,0.12830129621589945,-0.08744873257841716,0.03247019182141327,0.1823371192307008,0.12765182582475587,0.529912912871877,0.22499207515909078,-0.27555844711377403,0.13701393951050972,0.19827998371379393,0.1256326623534567,-0.07199558155771203,0.021533555561678505,0.17591545966523878,0.12684919589530744,0.5428701022463579,0.2218671009086181,-0.15794638148332696,0.31106339567699415,0.3676678650500655,0.26961668808586714,-0.39197474284188033,0.15914823507890677,0.42096608149234355,0.19091807475008177,0.2009715590314731,0.3782594489313199
probe_0.2,89,14,12,-0.16264515822195347,0.08209163390116073,0.2981310011125529,0.1050640538234177,-0.07239221163883412,0.024779221068360148,0.2606726664929655,0.10583971601031981,0.588924807487097,0.18519722531350255,-0.17953428805802732,0.0806596432473988,0.25406813556080016,0.12443093942606193,-0.05448704468141187,0.01878027032721179,0.21950736283920147,0.124066047698099,0.6113333255610398,0.19166401634557956,0.12252277153969662,0.17165642740282697,0.6443671222846665,0.14610686314719237,-0.2872262808343078,0.15820695871955925,0.7083814048135455,0.07098422288802579,0.2043359135864887,0.29074926324940853
probe_0.2,90,10,10,-0.3951770061820581,0.29198899800982264,0.33018456977896826,0.07211273978757816,-0.08514856626442632,0.05441872097175234,0.2875491224418069,0.09679054977216996,0.4389614057334484,0.23367797685481118,-0.40565758652468986,0.2879845619068517,0.30440050376064,0.07834276552005676,-0.0730563782486711,0.04523341967652636,0.2650490314306476,0.09876573197222188,0.4563456726065149,0.22677101180628853,-0.07365219119159516,0.43260887468800846,0.7179103697696051,0.07332112206149638,-0.32692921813595865,0.21497151599955625,0.6965074177335135,0.12463993307377846,0.07007414364614654,0.4215636814884415
probe_0.2,91,11,9,-0.19495860698923514,0.1168431849783824,0.27065613227449553,0.10758027955223383,-0.10006080535238766,0.05706828784026967,0.24042203536705567,0.11590901668872253,0.511131188497231,0.20899426681146493,-0.199814504677999,0.11833303384770255,0.25976443091923274,0.10893797399900731,-0.07894560109465937,0.032011256935312676,0.22904227962512388,0.11928726676845905,0.533865833124408,0.2171458090206214,-0.00018537228903801062,0.17190451436200097,0.5009194010245328,0.14260782550391551,-0.4144005415434263,0.12188167478584365,0.535864764966938,0.11582203870642653,0.13193781198066554,0.25376409732171884
probe_0.2,92,10,10,-0.30394209947549494,0.2371294953243547,0.1538452984082013,0.10179537289671334,-0.020395118753073677,0.009644045083246674,0.1527921803164558,0.10036341303761377,0.12217372560434399,0.03773528488487798,-0.3413810365960376,0.2546254049968448,0.10743968963704642,0.10510619324870211,-0.017752596585652803,0.008055962411671383,0.10667769397749967,0.1037227500436224,0.12866224458004352,0.040936285774698995,0.19158229335806087,0.12628112143226944,0.6733261075708844,0.0873145623693833,-0.060687153365856596,0.0473695466152408,0.6750019723106986,0.087117153364825,0.03760535911999302,0.03281607443368709
probe_0.2,93,17,16,-0.37774896791498636,0.46603501378406753,0.2505806594353866,0.1751574096850763,-0.06728343507423783,0.05418964347813857,0.21881520504736748,0.12912776878040047,0.5080737415406694,0.17840926913663066,-0.3863531772250164,0.4662270636160578,0.23558980432169144,0.1817053459172477,-0.05276879583593709,0.03349240024787335,0.2065564730053043,0.13333313348298195,0.5208006662817584,0.1812302670589858,-0.12081012831108305,0.45361621099277805,0.5042180562657922,0.21630794154216365,-0.2256791872461832,0.20095324014235344,0.518849827936911,0.18974370811546667,0.32481905869182415,0.28968030083808216
probe_0.2,94,10,10,-0.06898673868303798,0.24469701237584918,0.34910725807938736,0.23497068419858502,-0.06677490929777713,0.04089690002829679,0.31786093225222034,0.2366688330323966,0.5593503249239306,0.2508460625221219,-0.08054380523762089,0.24793054684659294,0.31778181419386653,0.24335090615654742,-0.0529450048058742,0.025858711209851577,0.2877563843755741,0.24592727392386524,0.5812581132612514,0.25501058673063703,0.11616690908594393,0.3876468639850084,0.6829395475322781,0.15104020926646322,-0.22470738467767976,0.24673273211857216,0.729283814020947,0.12835867243500382,0.17975687867801787,0.31916895264214645
probe_0.2,95,11,9,-0.3101245928284832,0.42296565436996797,0.22813344221593823,0.10954719301724723,-0.05455005697370233,0.018080350534601827,0.2133909357339481,0.11140926445247445,0.34103431246135263,0.1753385397251141,-0.32710544987493195,0.4217621780174281,0.19957741977842913,0.12654260691351465,-0.040873977323533844,0.019422135469903967,0.18707257269430289,0.1266473208000282,0.3569928732240859,0.1826097332491914,0.06440270578663108,0.4095079603276555,0.6097210492605558,0.14772945350966302,-0.29012650799678275,0.08965401154733148,0.6117595095316385,0.14748204253555602,0.04601217598952645,0.17737728240042303
probe_0.2,96,16,15,-0.3776919787500737,0.4201671148049187,0.2361811153220616,0.10433044123807747,-0.09462894318541386,0.05703133971191062,0.21055998829522415,0.10887308578336291,0.5192170226695297,0.2387460345887422,-0.38684216316054043,0.42348188106051216,0.22169516767614547,0.10109766658708552,-0.0722771533229484,0.02477812118176012,0.19442460438206452,0.10527699440085167,0.5422202673447083,0.2364668087691811,-0.1874266514930918,0.4774183241742842,0.46478023112388994,0.20101009876596673,-0.3663637241736851,0.1503497902359567,0.5200777870928106,0.19158558399227252,0.16297251403605925,0.3476216709099559
probe_0.2,97,13,12,-0.5284992204559117,0.7792618157423056,0.2624706641462416,0.22347786493010596,-0.0785106450433536,0.03201665752427155,0.23924546792191512,0.2002067900993852,0.48298876877900876,0.12308613794591358,-0.539297653900839,0.7848800635467472,0.2578499179611976,0.22284716095726487,-0.06531450219816944,0.020956048474349516,0.23226252798449465,0.20052059007609147,0.490343133827737,0.12640796480920913,-0.19204075943415913,0.6148957791296529,0.380776725618093,0.2578582004388875,-0.34578253913599777,0.12534660761492636,0.4439273882523401,0.22030369524797022,0.31798714756662955,0.19629663164347425
probe_0.2,98,10,10,-0.40451958058172377,0.2884722474566044,0.2396836931590732,0.1517683442638789,-0.0929616634194533,0.03731507557267314,0.22505103991270453,0.1524341935974213,0.5192931063581512,0.21254579997513906,-0.41041186062580837,0.2983707095292664,0.23703030062263744,0.14919587487205516,-0.0745056302096959,0.021762297037795555,0.2194793072368048,0.15100888847304264,0.535959809126023,0.21233089616364506,-0.21509415267282575,0.27702836293523275,0.3696091552501415,0.2207655743952086,-0.42940217293398125,0.18554345576977593,0.436143091148497,0.19120742921009293,0.17051531292605465,0.372137312511478
probe_0.2,99,11,10,-0.16462362103385614,0.08580064031437436,0.2701724778668768,0.05911305411893221,-0.0879194827791589,0.05284121675886466,0.21687086992323376,0.054752707478635164,0.6583427937377899,0.09709848283195449,-0.17915520854562092,0.08123554630202272,0.22886343819942015,0.06253111439003019,-0.055657479637462856,0.017668295413807444,0.1800717815714571,0.06269262086946532,0.692097409102592,0.10846999384220532,0.053121818828628514,0.2130514217837119,0.5742766645549017,0.1000526985891533,-0.3140606420534784,0.23082146099474837,0.627957970054045,0.08748932599892707,0.25163070574389024,0.2785305312575078
probe_0.5,0,26,20,-0.30905321167709443,0.30741423499272075,0.26888376753841653,0.16023507440635593,-0.07916370253563941,0.038873650064064916,0.24966144591740655,0.15381274452073254,0.4821973273478432,0.17324237681646243,-0.32048703867737266,0.30874220178694267,0.2506424939144755,0.16467004417872919,-0.06567216901750163,0.028389690299749696,0.2314635469394364,0.15811390926779836,0.4952437938222512,0.175517431790717,-0.06188609263394686,0.34951612501125734,0.5726384232934792,0.16828303964661068,-0.3006931650943531,0.16128524772431463,0.6109995555113154,0.13486182948263242,0.18943809923363394,0.2486225183160381
probe_0.5,1,28,23,-0.32961182184459803,0.36792233445460915,0.1945546520780548,0.10631657063428931,-0.07396136352272917,0.037843984760079705,0.16228058778895488,0.08388214923519786,0.6033805950969053,0.2291633135151288,-0.3363468367144152,0.36742864575990564,0.18592894118224443,0.10988987907599948,-0.05613401836149002,0.025281864455667637,0.1515872715217385,0.08730689964776829,0.6140800461364978,0.22839297454583776,-0.17213587064615868,0.34930483647526,0.33289283916265433,0.16904427031080335,-0.33117171350560876,0.1733688784341228,0.3876937220273603,0.1496106863716943,0.3860632258997616,0.3477519265239288
probe_0.5,2,15,12,-0.5418791342259328,0.42023874556362095,0.2071526012661879,0.08170512947664574,-0.06609406907895464,0.032049390754678206,0.1913305569505483,0.07314470317613238,0.4408117298024338,0.16884955840657026,-0.5491828688352024,0.43012354136325753,0.20388512111586435,0.0808007949501936,-0.05839521360467516,0.02549518633621405,0.18732779381615272,0.07297960546358367,0.4467927026281748,0.16746208616392838,-0.31292583912627425,0.30118739660618393,0.35743454492101784,0.1338433180874785,-0.31070827324255246,0.1606848427040114,0.3914871997533553,0.1016588941170884,0.22097091357828097,0.26752134411904366
probe_0.5,3,22,20,-0.308213749776339,0.31815939070212484,0.22786074162387518,0.10389440161548279,-0.07916485903078198,0.03819272658705669,0.20281299011814588,0.0925393032899925,0.5759131267129847,0.18195283544968902,-0.3146378014372108,0.3174939421035752,0.21458274722650383,0.11052326793865813,-0.06553446392493568,0.03027905797071421,0.18899090996931178,0.09740514025052949,0.5864334562661868,0.1815404407698084,-0.11613457896840772,0.3316462679687757,0.4425953754028724,0.14793924556012908,-0.30244865742290244,0.2007855260828641,0.5146011065707786,0.12376444100541598,0.34539942226541154,0.3261348837773685
probe_0.5,4,27,22,-0.17637217834542246,0.20215702891782128,0.3053310846846184,0.14686208489109545,-0.06790864430318343,0.0353577799328104,0.27472308980302523,0.1449906229802519,0.5409164079263361,0.18659841071011252,-0.18939752649300312,0.2003091202236327,0.28113778462018996,0.15538483924918747,-0.0498849244258771,0.022327344146638544,0.2520702993481584,0.15263479849539532,0.5566403261220365,0.1900678525242352,0.08957986616616306,0.365722369898704,0.5792927928959107,0.16887063559191343,-0.29432331229805586,0.2106673812399485,0.6442254593571302,0.12423778810936825,0.2655702446745536,0.3195667961682886
probe_0.5,5,26,21,-0.3804403625839621,0.6154422894801055,0.25639513427510696,0.159200550532113,-0.07612514250267531,0.044142815149931014,0.2393765172240093,0.1535041452824144,0.4836390007143052,0.2349307240347854,-0.3861799811936019,0.6148870287028435,0.24964312365572697,0.16118155428395547,-0.05981116044712297,0.0301983711949881,0.22898795669897387,0.15540033832741557,0.4953539499728352,0.23646889718584435,-0.2500074065274555,0.6846756167855121,0.4023157047724587,0.23506027299820134,-0.2910467177137531,0.188752404341992,0.47721220833905986,0.21006854060409713,0.2772894051184949,0.3446412690529433
probe_0.5,6,19,18,-0.4476485164920003,0.5838781846362217,0.24863245287751362,0.19818779642903664,-0.03744443661620771,0.027721907440900535,0.23657590830875266,0.19595219895313729,0.2541390888686419,0.20676197227610735,-0.4577438359270054,0.583970261619072,0.2334636858290611,0.20266898205964287,-0.03082329309158292,0.022697893251165724,0.22228392868621327,0.2003584895568817,0.2618159203897797,0.20966172606914385,-0.1661900029344736,0.6567599326909215,0.5907101551733761,0.1912023555940042,-0.18808055566978976,0.2237673585193573,0.5945556317373961,0.19055709456951028,0.040327999191555455,0.2740582200734216
probe_0.5,7,31,26,-0.4977638901511354,0.861966169800206,0.23027909288816406,0.16950414300675587,-0.08107097959590154,0.03944012196949766,0.2063345930565461,0.16088933429040886,0.48348609519070884,0.21398921278252037,-0.5056682252293333,0.8770234882814237,0.22218658781331074,0.1709347566487885,-0.07103462138038862,0.03137635133491881,0.19875301815272473,0.16197695130222675,0.49239752412537846,0.21538300396891402,-0.2194313023562949,0.4388784000543829,0.4563492500026828,0.1835928120698554,-0.29423360738931414,0.2293385902343703,0.4601680797448165,0.17160186494093732,0.25147573349037894,0.30406739935244675
probe_0.5,8,17,15,-0.32231312824302494,0.36297463007160463,0.1779908455666712,0.07983473857440825,-0.07318698161352072,0.0320931195882712,0.15727373264813158,0.07578638235210888,0.533066705543842,0.19868934899475585,-0.3256167527148391,0.3626029089447563,0.17216758540098573,0.08004416190298917,-0.058451196069023555,0.022555039566267508,0.14921576981930793,0.07525974410680855,0.5440637320607238,0.20152917536021364,-0.38288427675155656,0.7034744184612605,0.30029506483267854,0.14184402040048952,-0.2996113719101534,0.12898773396092145,0.35990146232383446,0.13634868218214208,0.2925786015094817,0.2243706631180209
probe_0.5,9,29,26,-0.46156650608033717,0.37660171829301764,0.21965414714039228,0.0995153655842419,-0.08312558246506244,0.03660854548424298,0.1983420199249238,0.09551396086834914,0.4795449491651186,0.15917753530230871,-0.47014750602975397,0.3763999405849101,0.210928705376481,0.10129040778768027,-0.06849583351491684,0.02357667142808232,0.18880649133455898,0.09682489931354171,0.4906642158334497,0.15917234594970633,-0.24604140610994413,0.44081152306711474,0.4086635152899217,0.15727327444731173,-0.35507029734979895,0.18619192766454828,0.44551607911532176,0.14672765843511473,0.21850987192048543,0.3028001725496274
probe_0.5,10,25,22,-0.3135622553773045,0.4426379681706179,0.19050901924958538,0.11280625458154529,-0.082771914101076,0.03829779147399787,0.17675918675352942,0.10653269108598798,0.5137932878654788,0.19487683521463106,-0.31939023065887573,0.44419850403723316,0.18091932462505295,0.1134632294555093,-0.06568066292916004,0.02241289218758348,0.16436192719746312,0.10785788753282415,0.5271561594167569,0.19451948600707378,-0.12716622523031337,0.3671895771615075,0.40161146911513973,0.17330154917872811,-0.30298386076695955,0.208287292345337,0.5003230972537729,0.14335169559513133,0.2942813624206871,0.3258280208797001
probe_0.5,11,26,22,-0.3137182751318578,0.3620374753801086,0.2105564050359378,0.13138487672790175,-0.07889183411400637,0.03901434814814798,0.1909661798445879,0.12055236048726367,0.5562854889848411,0.15419170980751198,-0.3191553556317807,0.36285253248891325,0.2011978899812177,0.13473323375599552,-0.06511402886635563,0.026639267778195874,0.17989984420388583,0.12207852659315235,0.566383503525202,0.15211651434217002,-0.1883951114086832,0.40760675324203904,0.3903373665958121,0.15536479645075052,-0.29406620962253466,0.1697952763366377,0.43932738236570934,0.1697990767317264,0.3581356722073774,0.2803080299953262
probe_0.5,12,22,18,-0.6155984764187247,0.5401180995559727,0.20885180173947274,0.07680052765441565,-0.07155552847997895,0.023981072203433637,0.1933231248874309,0.07359077396490715,0.4338072050588874,0.13232281213059235,-0.6223309048822973,0.5447237308236222,0.20533341942963687,0.0758809612293374,-0.06399591853227934,0.018171257483908028,0.1890062140084666,0.07330660837585713,0.4386407380673882,0.1311516777584308,-0.3157271959788119,0.37501954897018797,0.34704196948574195,0.17741529733089476,-0.2935941170339944,0.14512388736107182,0.38944911243445124,0.1274276016926045,0.2929726033158259,0.23717366191167508
probe_0.5,13,20,17,-0.26076589225003455,0.2450697577268571,0.2827457786281225,0.12154256300508332,-0.08218822286710754,0.054056203834166164,0.2568591908203415,0.1093796369364971,0.4730785345332138,0.15355052914297374,-0.26936004772242517,0.24809917041626472,0.27433937468054637,0.12270285086118797,-0.06232820942295978,0.030997302536058424,0.24599878767091066,0.11073635389127613,0.48932100461902495,0.15226886541405668,0.006222611260277802,0.1731447285591343,0.5190477371469149,0.14822975899737165,-0.31863703844995883,0.23806662853412439,0.577990966110882,0.10570899547605754,0.2381955420691769,0.30286695175478007
probe_0.5,14,28,24,-0.41762364575076605,0.40431226228997863,0.22779976078521572,0.1203208641765787,-0.08028879908676954,0.050335741670821964,0.21088002008082912,0.10096352372645065,0.48690738693752206,0.1879077827858125,-0.42479188489910247,0.40569301400026925,0.21855963232092987,0.11984684068969326,-0.06940065652455642,0.037791676629759484,0.19990864901800884,0.10106983350004695,0.49525446035523446,0.19108521166836165,-0.15473735919406506,0.328837996150167,0.4408771925870946,0.19564425589070172,-0.2598478349126337,0.2521553150701822,0.5199306413009289,0.13640292961076939,0.3310041580839859,0.31293578933627114
probe_0.5,15,25,21,-0.5175732931093495,0.47555013528587997,0.2395284940887295,0.12200154730942893,-0.08384563115635262,0.03126098545006341,0.21139368884928778,0.1124402878232712,0.47255318881711056,0.17817067722797736,-0.5263039818799917,0.4791550064374767,0.23125150423267282,0.12314400028555118,-0.07159509754620924,0.02402556755030898,0.20323936117403107,0.11348037305287181,0.4828928533684628,0.1790798485981444,-0.22735439450461978,0.41914140029018254,0.44617592947462836,0.16301550204483892,-0.3622865317108058,0.1592100972486278,0.4494317817395605,0.1490154119315972,0.21005402003153567,0.28036893354246323
probe_0.5,16,22,17,-0.33585042452020697,0.4267210219970844,0.22039531645309632,0.16193865813675226,-0.09666444317455208,0.07828705253361062,0.19115501498761434,0.15504207570387127,0.5286341406701535,0.19386766550184073,-0.33791121789250506,0.42031163484761774,0.20691791618174388,0.16027344936039944,-0.07311402861347932,0.0483086724349995,0.1766112754248841,0.15470749846794277,0.5548622287709486,0.19102192671486584,-0.34083558803055425,0.7622981906440648,0.4628783411102979,0.2235696804787985,-0.31685151561788477,0.23676659646719334,0.4728798740692391,0.19505120590392955,0.19536701256903635,0.3407754030693935
probe_0.5,17,24,23,-0.15548878944126052,0.294408281428524,0.3556753214002195,0.167273834841086,-0.07180744118547189,0.05076174332698037,0.32206676399217044,0.17506147685652443,0.4722619735208802,0.24619049323670233,-0.18116055507328224,0.29753741759027613,0.3076124226410524,0.18313502668943435,-0.05489202527584978,0.033441642212429276,0.2779416262505205,0.19065945081694932,0.49711134215373926,0.2511653058087805,0.21538143907587048,0.2807821073122862,0.7314399062112557,0.1321899577427619,-0.23637826697748462,0.2399964899207738,0.7439380920659197,0.13048236906440208,0.1673661586771887,0.35695285116157266
probe_0.5,18,15,12,-0.4928950206389765,0.49244150512047113,0.18244316921480191,0.07267905541790082,-0.07746953529249874,0.05407156578897492,0.16483315221132275,0.07574440196452195,0.48936461246884755,0.2329660746046733,-0.4956499233905525,0.4927013089219674,0.1748846119170139,0.07173438115053382,-0.06556363489360334,0.039683064953066116,0.15567285431359046,0.074194460093572,0.5000496909228188,0.22991810083496866,-0.3796460095045107,0.5733365124037002,0.38992393066742437,0.22248856983172183,-0.26712407222618206,0.2654938172958977,0.46701491119024807,0.16265471731103512,0.25754733116829354,0.4145958230045668
probe_0.5,19,28,23,-0.40698609369197103,0.4227520747571781,0.22632207994327866,0.10482148128014489,-0.0854668418214072,0.049846578518437525,0.21661341522250002,0.09555289567439461,0.4642946816293888,0.13582891845927803,-0.4139407140030657,0.42434432813846434,0.22201622830640622,0.10232500122014652,-0.07044963878455472,0.028783944505076278,0.20887160042279582,0.0938615743713428,0.47437475951245667,0.13519282943139888,-0.14363961099369643,0.3366789066705396,0.36924224031466407,0.2254130954519959,-0.32227579296780107,0.16496941126135833,0.48239995250002776,0.17126168274761525,0.29366675313709845,0.24098090118934293
probe_0.5,20,25,20,-0.352161331302586,0.46772937027317485,0.2861867921127391,0.17944903844434237,-0.0689912438774,0.040896455136028055,0.27129538609099213,0.17693404933546186,0.40417986612540685,0.22414644674731682,-0.3634731929802529,0.4714224173290096,0.27415066024098533,0.18136294448745618,-0.060255928773280905,0.035178671804020296,0.2596359387075705,0.17874560978208762,0.4115705017802225,0.2235263936546026,-0.03329150527810165,0.41576551509178317,0.5501722758768804,0.21620885678299254,-0.24429192437828035,0.17214102918920327,0.5770275168492323,0.1826773075116411,0.228525212786972,0.29244158992233676
probe_0.5,21,29,23,-0.7237229671702722,0.6446701800378767,0.19245177264550292,0.16677842831699172,-0.06858447302718393,0.027637609412720775,0.17708683271890754,0.15871336021475474,0.4256463007048338,0.1953348045043284,-0.7308864637029219,0.6478355318020319,0.1870661245414743,0.1667733264994572,-0.06000100230502533,0.02061611306084859,0.17145309125577968,0.15916698704653723,0.43216040948192186,0.1984751057264359,-0.47754072284025895,0.551090211503174,0.33526889725056325,0.20135514956232073,-0.2836276247220565,0.1682124174136135,0.37384176209167613,0.1793922182010924,0.23582480044872647,0.23319727045911723
probe_0.5,22,30,28,-0.336464976680091,0.394637291080021,0.27664495300386255,0.15625248279815787,-0.08055627351900142,0.05427050039074809,0.24946429048240412,0.14923509865995319,0.4682743757892111,0.20681740600323295,-0.34898820077970427,0.40008412482935474,0.2585162822278647,0.1629250063113536,-0.0632254715064538,0.03885128729421861,0.23162761701233076,0.15539822055371325,0.4849129612345591,0.2073566129733442,-0.06206300775553277,0.4348974202761793,0.5764230632924091,0.14863801928337597,-0.330929516282487,0.24564650017087125,0.6097732665434012,0.12227759505930298,0.1543564935977906,0.36273703966838333
probe_0.5,23,26,24,-0.277605810205529,0.3839805627828825,0.29040889115361757,0.10134830862824945,-0.07636049247097544,0.060351233662618346,0.25323883933043095,0.10259247438481447,0.5442707406264694,0.20521306908609308,-0.2868404114606855,0.35955004939563057,0.2495487311090856,0.11258591581090324,-0.06556490920724993,0.046422302624446625,0.21868728360099815,0.1099258005029144,0.5640770638519292,0.20230684572496127,-0.05236760828124867,0.9119175470063288,0.6951054094555198,0.12993622284395037,-0.21131590199229608,0.2790948085126325,0.7082249232143751,0.1255166522842363,0.2108316588408375,0.3539994128616034
probe_0.5,24,21,20,-0.24752911322886528,0.33317958953341065,0.31606519701076013,0.21290221857650768,-0.06919079762285862,0.04052660857665154,0.2830905877456278,0.2139931450659366,0.48369759577286076,0.19185929298473856,-0.2519141472019834,0.3308406910045782,0.30037313193180165,0.2188049421989218,-0.055223253140436135,0.02565748143560391,0.2686024217449263,0.21899983714239873,0.5007201571256904,0.19570531423285512,-0.12487387875380246,0.5811198702682335,0.6020084493390827,0.1829191744339112,-0.3048390629367874,0.19538074603882544,0.6102375051625051,0.17223828650328823,0.11581130477950814,0.2901848835674516
probe_0.5,25,27,18,-0.5013071244843933,0.5915224168479213,0.18995632865730608,0.09487279237887332,-0.07108891108051076,0.023211356714200257,0.17683451739497028,0.0793331569789216,0.5065859778241372,0.1615658244672665,-0.5133530637372178,0.5972787396297595,0.17855348151306494,0.0942470636168982,-0.06198467022877185,0.021336711707289163,0.16509897453544362,0.08061677616273502,0.5121612009570148,0.15967202299665612,-0.14768051579364888,0.4180486292646704,0.4152653706279565,0.21194347473907113,-0.2957695521351785,0.1513091233220045,0.47627279335985656,0.14393899925408496,0.34905245834688947,0.2892680613486416
probe_0.5,26,27,23,-0.30543176849284626,0.24748380031178377,0.21374290082688516,0.10103507836999251,-0.08756913598449359,0.039884693879979866,0.18601729878097847,0.09652446077078863,0.5785796799644601,0.171391030794292,-0.31247045883703695,0.24697932227461133,0.20430656876577533,0.09852342892594598,-0.07275818873912078,0.026290998735281762,0.17530365316314794,0.09598748819598935,0.5907229865287797,0.16816317447505708,-0.12892462925403442,0.3028821112817432,0.39532957248755385,0.21060296759182864,-0.33066996283456396,0.18287810791744477,0.4513414911041497,0.1534427806298145,0.3278181799400271,0.3113023675328446
probe_0.5,27,24,21,-0.4054885805869375,0.2743505491729172,0.220758859918489,0.11285555882118498,-0.06968383048898032,0.028227954820116318,0.20308828455584685,0.11722751033269896,0.5080227601832715,0.19839709804631792,-0.41154173640960084,0.27553317333845656,0.2146707726879953,0.11954461500894796,-0.057995646826089375,0.02130988266345072,0.19720718871166307,0.12177302097021657,0.5140929812252998,0.19975257673685365,-0.23058240046964237,0.2714883275614746,0.25872378130014123,0.17252190164004294,-0.3279138797373608,0.13508349763704594,0.3370392483463023,0.14219504882293896,0.35645554357255876,0.2423521480054766
probe_0.5,28,16,16,-0.04491791993942801,0.23895659893997032,0.4288537035954918,0.1779489272757909,-0.06973590356733952,0.049186451032517974,0.33769991833390534,0.20116955579659873,0.6269153670573901,0.2455296396368768,-0.07105311086071014,0.24970940065326275,0.3391038809619249,0.21329945934747668,-0.044434922837591206,0.031733485618937594,0.27332195207024285,0.21976864426950454,0.6716035018668605,0.25697219671836535,0.2776389824510451,0.2809925364769069,0.7833205655488512,0.1267600503521673,-0.2182381681652465,0.25786853713075564,0.7696166900459838,0.16270636855790585,0.193692101616469,0.362946441419327
probe_0.5,29,22,18,-0.1182085157094581,0.19019330918728514,0.3263272569030261,0.17367537075007913,-0.06039977272493811,0.04671699884445414,0.28130686764043555,0.1727325842642291,0.6112669620660237,0.1824570121059195,-0.12806620658003753,0.18722922966602193,0.29940621112099675,0.18199938859948334,-0.04596745050626943,0.029954040413666196,0.25511171718758247,0.18173872848524406,0.6272663863088456,0.18910680195117252,0.12912613118492372,0.27574685047120934,0.6398344379035351,0.2218229397651731,-0.19500327737633621,0.2503601760870675,0.686293653578783,0.13333035076136665,0.35076993267547396,0.33990897493900857
probe_0.5,30,25,25,-0.11148998204430907,0.17786759153178305,0.38243697906217944,0.18437994645504047,-0.07635231151205951,0.05244021294348579,0.3328046646533154,0.171041707221561,0.5489687278277886,0.20682939899862554,-0.1309722885951757,0.17241874070321178,0.33526867319506126,0.1996465919166869,-0.06006724164034745,0.033754922198488,0.2905070794182533,0.18472137037270478,0.5755342288223831,0.208189803573649,0.22809769945378214,0.3244474346597436,0.7564837162878493,0.14014033017471642,-0.2011337684340918,0.28456167027479845,0.7711788636839298,0.11298221670295851,0.21610419348270787,0.3506279973516358
probe_0.5,31,22,19,-0.354840937669532,0.3138588286927202,0.25992844457678727,0.1563819181855739,-0.07200237527119194,0.039214852428657625,0.22226723694277686,0.11740055805870975,0.49119406253763837,0.21224055398616193,-0.360632539283171,0.3133993567347242,0.2566373337238977,0.15560906981913455,-0.05712541728599561,0.023048845291353336,0.21658169258573556,0.11836698823917843,0.4998581847559119,0.21528095912589085,-0.12799819222394399,0.2599427010044281,0.38806092452277396,0.21455719755318642,-0.31278585160338346,0.16593685444451275,0.43365036726977196,0.12429616263062686,0.32975733584654027,0.24527045532873878
probe_0.5,32,17,15,-0.41669108798449805,0.6648783148448549,0.2634874845965353,0.10254073479411613,-0.07193662880355801,0.05382121687099072,0.226968024445022,0.08788063749808785,0.5670324215765581,0.20957855442692436,-0.423606407367355,0.676494442671542,0.255619580587622,0.10125576730930053,-0.053951103457834534,0.0339635919464036,0.215897915299035,0.08941472657580295,0.5836163127211564,0.2133239943302689,-0.19931638222700995,0.40731925723295365,0.4361481096004689,0.218761571950498,-0.2934813428656289,0.27310724859242247,0.5281985559443297,0.12571035752371423,0.28333514292394757,0.3482476296914183
probe_0.5,33,20,17,-0.21941660096054946,0.17373209140458806,0.2404947259966499,0.13467258887983846,-0.07102259540170527,0.04104883151575508,0.22155605924774763,0.13996734116851717,0.46531695168285153,0.19528564598024648,-0.22815592129080567,0.1755979930166523,0.2250640668793812,0.13831077532808456,-0.06061914089341217,0.031179819392710237,0.20776173966570827,0.14158578709565978,0.47555102286436013,0.19636315919774044,0.02817184876401287,0.26804995132253995,0.5718932341780649,0.15908926399475787,-0.2202481177212548,0.24354908997979774,0.5766155508675219,0.15900332457322336,0.257140409675461,0.2744623683406804
probe_0.5,34,19,17,-0.2748130754305737,0.33951561038376443,0.2204365656572615,0.05881328839798419,-0.07544075263622535,0.03991838434835745,0.1840118281498713,0.06013762431257118,0.5173816566093783,0.23610487969141794,-0.28250088267535384,0.33553389982913506,0.19477885334179054,0.05682019039749861,-0.056559985863334994,0.022479574718555745,0.1629503933781594,0.06301744997259477,0.5384175213426199,0.2398602552436615,-0.10901086253788232,0.5018657646322869,0.5527623409909947,0.13853667628933372,-0.2978672011178585,0.21406570673716513,0.5716463229509386,0.1335126445299877,0.19260534005488128,0.38813739198876757
probe_0.5,35,28,23,-0.3794160684658948,0.4191440143936319,0.19821456753795477,0.10941863704134824,-0.057122111404385514,0.029351044396081424,0.18119269188757228,0.10533381558223161,0.45228643793778706,0.19079421264252364,-0.3852179401290356,0.41834715363238334,0.18846890627355892,0.10990833957943016,-0.04751506380377675,0.022240166618421348,0.1713453813138046,0.10560453784820516,0.46007583788742373,0.1930808026809807,-0.18605337249408924,0.4569927093680675,0.43145473679134255,0.15753704496726673,-0.25237060422147006,0.15451970752630964,0.456186041236529,0.1553990611604087,0.25972417070309,0.23784245643351926
probe_0.5,36,27,24,-0.4935498543860976,0.945468680091422,0.2323325757444778,0.10267497830168738,-0.08946409095320067,0.05277056932051696,0.21928119000829674,0.09309819915925387,0.4814229016070626,0.15479814201577766,-0.5094875697804432,0.9535764447028565,0.2130171152890242,0.10576002308287191,-0.06972498335410574,0.0341984034510592,0.19841710162907777,0.09572367767743262,0.4969435767094642,0.15571802502211532,-0.13989101427843606,0.6098345012184712,0.4932824550464958,0.20487703558734838,-0.28191470107771643,0.24710259991920422,0.5671724357226631,0.1553754177131334,0.2647287743549365,0.30337464479008996
probe_0.5,37,18,16,-0.175352716653345,0.19793488649808347,0.3004184757993116,0.11944746979988857,-0.08427630086439736,0.06357240632349498,0.2675311253606715,0.1329494315655617,0.48212703915935,0.2075858768923471,-0.18856482989765547,0.19793025317600788,0.27567297809550617,0.12879895559010385,-0.05765008242107069,0.03018209539301794,0.2423274770958461,0.14200791718598418,0.5096287867961641,0.21109418374919092,0.11732695065250705,0.18479826318969753,0.6350766154872403,0.12177915387415801,-0.2991070353442593,0.26412385341443156,0.6780476671534079,0.08827568201530146,0.14771385787737878,0.3432356723931843
probe_0.5,38,25,22,-0.4051694354816944,0.5605721636954857,0.27426510196431375,0.17514321122691726,-0.07711168510669823,0.04866065020064715,0.22642894163298116,0.1583738011239378,0.5617561229553695,0.22591833247945836,-0.4098011639768008,0.5619038638980569,0.26603433556240214,0.1771235511049162,-0.06027778703393505,0.031969328424403344,0.21472562166470133,0.16161795034691706,0.5765564330321364,0.2255129802765974,-0.2908111142894791,0.5664394606457057,0.4434687756076795,0.1946792630277684,-0.3330639612604368,0.20914572643149965,0.5042092986698741,0.1580483813821625,0.24933463761013827,0.3770332848407363
probe_0.5,39,22,19,-0.5454681074719416,0.6939172645707221,0.2262678326566019,0.13707298271129595,-0.07691568269100585,0.034846496490255105,0.21154110850666383,0.1311949708904225,0.46787498212338274,0.17290341306231793,-0.5515444733014779,0.6966721006748334,0.22510509195889866,0.1361131884148596,-0.06351625609173057,0.022575363558686973,0.2075951788878003,0.13082734006518018,0.47568305484353296,0.17385025578649518,-0.37211194698580036,0.6902999795638823,0.27231993685796935,0.21012174858945834,-0.3279063259925305,0.20741933043233415,0.3590279259601847,0.19057066407487702,0.2851769677544307,0.25647875630025385
probe_0.5,40,26,19,-0.25283292507758,0.24279018884669393,0.2847267899534385,0.13017457461174825,-0.05827584232874624,0.026347737007342817,0.2560647325560499,0.12717454318833143,0.515987456815798,0.16505834981956796,-0.2598892783242862,0.23987809093033063,0.26974532618513003,0.13407237127901458,-0.04913462815978604,0.01811457890872912,0.24063718897721784,0.1314814388298168,0.5260139580017631,0.16691731805064378,-0.03926749688475114,0.3925239038865105,0.5690502552922129,0.15450453441103715,-0.21947172431908848,0.22092758719200226,0.620291819898655,0.14061220986052222,0.28975254951873886,0.3002191595993047
probe_0.5,41,27,24,-0.30820411027578704,0.4094701350427534,0.22690608550907868,0.13815905167670212,-0.08825746180067442,0.04014905659484113,0.2013434896048258,0.14006189465300298,0.5543353437682303,0.2122755751579489,-0.31741897369600836,0.4108205984653214,0.21877146905658093,0.13796459245808584,-0.06974662700783678,0.02473503577294624,0.1902408714014986,0.140144029946805,0.565608884041573,0.21396073964187476,-0.06527010484003189,0.3496740951365103,0.40811329060963203,0.21813055353087527,-0.33572762631728675,0.17512660726461532,0.47406185830135833,0.19126980886357134,0.34293832167281274,0.3223310879801325
probe_0.5,42,32,26,-0.6273749531889505,0.7520292527238789,0.1992904117601229,0.09368002814871329,-0.07520953089466802,0.035252940247158894,0.18034022706558817,0.08870243493621416,0.4638859539214216,0.19282288048397878,-0.6337402558910152,0.7583461216268413,0.19682164717666226,0.09327292679714255,-0.059728185936190996,0.02059951905535443,0.17611075830051842,0.08893007792071166,0.4754164226312962,0.19643107060149873,-0.40543745002261433,0.5402920158249228,0.28334342727960415,0.16372398970382507,-0.36863084067515206,0.157834599271913,0.33280304974382724,0.14417547014395496,0.19181175122156066,0.2506435892477291
probe_0.5,43,24,21,-0.23221070372370559,0.31710153885780573,0.2884963779461887,0.17217134537784692,-0.060724775828872944,0.0366088606291692,0.2614143629619095,0.17607107897738902,0.5527066391275218,0.21433810865703012,-0.23297266009413345,0.3165980616443025,0.28106577824142187,0.1758754985612822,-0.0432397351852802,0.02261041248740109,0.25246315463898467,0.17953497984609215,0.5676297885778802,0.2147233405686232,-0.1931991306465486,0.3830754281418556,0.38530578622937234,0.22212109470501878,-0.33415143958133736,0.1872736661600182,0.4768849907941639,0.1714332703758634,0.2618332606184026,0.3748665023744736
probe_0.5,44,32,26,-0.1932047067683745,0.18463274797904997,0.22207603688992716,0.14137364135065128,-0.06973621937384131,0.034727395229506575,0.19860226647933574,0.14307735654027828,0.5532487954774248,0.2128146640357419,-0.20127924508568798,0.18519060017824432,0.2075004848630428,0.14533297715623802,-0.057440208635858636,0.024707890745376077,0.18464802059073615,0.14661428423129738,0.5624866977531786,0.21311167773255285,0.013164149934101399,0.23558029414729856,0.4889852870639093,0.19498553301928112,-0.24056416579472117,0.15716587524628078,0.5030387910532185,0.17952735230393854,0.3915149489379145,0.2902781269509556
probe_0.5,45,34,27,-0.3154631416859464,0.3586619751279518,0.2608870507463372,0.13314207939224162,-0.08483465006655744,0.030976215278812766,0.22574518557750503,0.12701901278040598,0.5640859456688829,0.20377716156453776,-0.3261486684813725,0.3553460653217055,0.23917593924826944,0.13326548085100892,-0.0679845874808482,0.02597312107524698,0.20487486329167368,0.12875077516575067,0.5803727803362518,0.20636190472183732,-0.08560394533126214,0.3922235709837187,0.5279796729909422,0.2101522035106791,-0.3322034144521255,0.15754913378128058,0.5925080502367709,0.13628568174975714,0.24621317060626927,0.2940246951219778
probe_0.5,46,25,22,-0.16371126140284825,0.39061699029098124,0.35303935935110864,0.22698709473886347,-0.06593497245096179,0.03639106848555199,0.3210104375341318,0.23213039081093262,0.5389160688148984,0.23868650294448984,-0.17066027232956615,0.3922469193559835,0.33192845447703206,0.23557102857219778,-0.05454128561103864,0.028066736059762485,0.3015026294759187,0.24031909279294558,0.5523648252844583,0.24481474107916165,0.056915906053042524,0.3652482750663606,0.6495486460131065,0.1807651226100412,-0.21806764667910858,0.21792361990669373,0.6840963076268488,0.19522109592743245,0.2703787647703568,0.32389074145754154
probe_0.5,47,17,17,-0.6924652547728162,1.1691433456205802,0.27811304208906384,0.18573260751131457,-0.07144421260608931,0.045312019550255496,0.24414946459195822,0.151644839801979,0.47898356979139745,0.20875306264235144,-0.7029172485833428,1.174986798553688,0.27062090201866296,0.187245899536426,-0.0630186704319353,0.0383619670998614,0.23641963134008873,0.15270000551591292,0.48569332099033874,0.20765991541181045,-0.31957372849588195,0.9798254776924429,0.49466101745460117,0.23139788009150625,-0.2670357042830377,0.2277223456981965,0.5132421987167193,0.19907485880872292,0.2779793677755575,0.31669925640199703
probe_0.5,48,21,19,-0.2974435902274807,0.4518748702618296,0.24912524514317438,0.1579570132981846,-0.06765522128580895,0.038331330461186294,0.22497514587953266,0.15893229339207907,0.49143084301080925,0.2195964363582498,-0.310223482186814,0.4528473668461786,0.22870612437752338,0.16152064388847043,-0.05087829120107374,0.022209397634154363,0.20527980828667872,0.16252498099379675,0.506062554863503,0.22020441721593348,0.016503544720418897,0.3943997096708553,0.5939560995868517,0.14538897593523867,-0.26076044209405935,0.2274682039912037,0.626441473157846,0.11717300921922233,0.24815262549474765,0.3159145854543128
probe_0.5,49,31,27,-0.7110820142031988,0.734210059388594,0.20652591758080396,0.13221537471653289,-0.08406400243795474,0.04532946370252826,0.18971919638479523,0.1079872995122143,0.443842217888545,0.17940823225985222,-0.7187362144289847,0.7359462996984781,0.19771801163729014,0.13180426330859246,-0.07103717979743165,0.033450297417442106,0.17974294162201385,0.10880919351526896,0.45523523871524274,0.18097592795247888,-0.46440181373916994,0.7227476812844811,0.4171616504736523,0.21695192465162838,-0.3320875682543145,0.20437368885629,0.46639317135457325,0.17113823742323694,0.17467105998181884,0.3213316392617458
probe_0.5,50,30,27,-0.3523440075690705,0.4627842258480431,0.24984170778996778,0.17406359074761468,-0.08062133090551689,0.052503388937962185,0.23193693391973,0.17162270914266312,0.46017403359948045,0.16908510434818183,-0.3587085583893391,0.46395044987594447,0.24494848448666684,0.17571137243680987,-0.06486905569813747,0.0341351826210867,0.22646558862243107,0.17348541452045116,0.47071335997721037,0.17308440792690197,-0.14621509738858732,0.4283572713995417,0.38279664403600494,0.22349641533981113,-0.3384639603470906,0.17083001034856485,0.4182544327528627,0.18954588068308106,0.2503887619021136,0.20706292588675615
probe_0.5,51,21,20,-0.23024542584443636,0.23736880693277718,0.23200815857515336,0.0794701463590253,-0.06583283741172419,0.04701438239245013,0.20278462512985881,0.09440803351355254,0.5488342159888442,0.24578409819836208,-0.2381358699891741,0.2388493062942878,0.21429473232637344,0.0834239866253841,-0.0504489382335339,0.03543035190566766,0.18676129549420387,0.09587027252021234,0.563761338543006,0.2458342239362651,-0.03927225847296594,0.22143588159220456,0.5161913600301529,0.1471457979584972,-0.25755882830892113,0.2550317228545006,0.5526350310713966,0.12793538512919553,0.2772350946247605,0.33137443964662966
probe_0.5,52,30,26,-0.4413366716583054,0.39277486093659625,0.24734749065032854,0.1091905268983156,-0.06879702699150607,0.0432860470747811,0.22038892293468723,0.11254337372661173,0.4741577716447137,0.2034822912305526,-0.44891234435994554,0.3946923210175291,0.23406475361286636,0.11393716687408507,-0.05585525559741102,0.027212964343196488,0.20832416438876872,0.11582349722107324,0.4862712131985518,0.20611001353719283,-0.1581155619104973,0.4451897285784858,0.533225701636238,0.14473067295301958,-0.27134424956309383,0.18898915435589617,0.5309726251700968,0.16369303730025603,0.2791438778754863,0.3330515838534313
probe_0.5,53,27,23,-0.14744968576233808,0.21631976849293777,0.28266905019025335,0.17737776176997277,-0.06576242710206105,0.04386796881613257,0.2531276141588033,0.18636017363820093,0.553990020591312,0.2539997774339688,-0.15094990543055092,0.21390367662662935,0.26745757896454625,0.17969252580589876,-0.05408588610955529,0.030807485258229506,0.23826275843678493,0.18930668169045042,0.5681091436116278,0.2527027956321836,-0.056564887771594435,0.3609738182639927,0.534710577885811,0.19154831065967542,-0.21430301733196788,0.26394485597345213,0.58495174629901,0.16454409197281203,0.3018302052482259,0.3851133269075744
probe_0.5,54,29,25,-0.5191584066014207,0.3835563722450748,0.19195743423441738,0.08384526908181074,-0.08244408363558876,0.02657343605468262,0.17378566889830105,0.07811996203690628,0.47344189755015054,0.16586049275271145,-0.524168968456649,0.38514973765311555,0.18478907198036873,0.08247543189244445,-0.07207038064235881,0.020754500338445704,0.16621491536498703,0.0786740660610619,0.48202241433159154,0.1673788580766989,-0.3351962185493942,0.4902601835780944,0.3912682552563716,0.16120445955349422,-0.3398370556969149,0.1553732792864639,0.4355944026045019,0.11869116302049042,0.2464422576974422,0.2910219971959631
probe_0.5,55,21,19,-0.25142033452497997,0.3435841042166296,0.3005100498342675,0.15902835313658548,-0.06208499599803916,0.02949325344146751,0.2755082539506186,0.15661349454973625,0.4311095013866886,0.19988120048934005,-0.2599640339959007,0.3442887068124653,0.28665168562269383,0.16489601833293316,-0.05184841582319561,0.02269839081651529,0.2624735276054717,0.16119842336759818,0.4403136741908769,0.2021405126872989,0.014347566218470947,0.32313746439559055,0.5747164349679762,0.1707119553460373,-0.25252654052707224,0.16600343264150513,0.5856749289199842,0.16856540993416677,0.20599857928993834,0.2758055232124007
probe_0.5,56,18,18,-0.3553434729625002,0.2959810183959042,0.2631132477731156,0.10867735598427866,-0.06045179871062951,0.027013407962846264,0.24508485069615832,0.10584777849239861,0.43397106115140915,0.19698520258174604,-0.36032895883342053,0.29685034286309503,0.2557788108686018,0.10814232844200096,-0.05118125870462543,0.021951357308528815,0.23712436768837467,0.10656886740276664,0.44183071413676406,0.2001373846538698,-0.11646936676090577,0.3225288065883323,0.4771383911348981,0.18561835301073007,-0.2854320845410065,0.1472439532352088,0.5244473808380709,0.16752152642553203,0.20723340915151675,0.24795864557821526
probe_0.5,57,25,25,-0.15766252483679538,0.16524729827351517,0.311574817897944,0.15566317675251404,-0.0743767320953598,0.041067413817361495,0.27688398260298636,0.15151605526547315,0.5048363084467051,0.18197435919014876,-0.16961718208433785,0.16794085848042706,0.2828100714902309,0.16384318285003277,-0.05983321193289164,0.027920720067982185,0.2493579693856507,0.1590832291316944,0.5254695337002872,0.184076459974161,0.10431717991533423,0.2479254420741263,0.6676080648020176,0.13880641043108108,-0.2496597258717348,0.2654812703008736,0.693719297647224,0.12594569253378007,0.17976493017871245,0.3277703375472854
probe_0.5,58,25,21,-0.38947427376461463,0.3858213200395772,0.2271321324506635,0.1366378614089784,-0.07770927388929924,0.032742240300400224,0.1952193421595796,0.11284526431626624,0.5575738725969043,0.18089682880971167,-0.39594823024067977,0.38546556850006464,0.21460412867541515,0.13449007446348998,-0.06882315644352201,0.02613249631779356,0.18288367925678156,0.11175557541534112,0.5663903639673211,0.18309552343974062,-0.19587799316552457,0.4286056884649996,0.4711821579157152,0.21724359876184302,-0.27383139417718505,0.14604760064574776,0.4933822568559655,0.19909764411147576,0.3124911866961606,0.25638316572635145
probe_0.5,59,28,25,-0.3546994841650993,0.34715381495738895,0.2504288801917203,0.14306849243829287,-0.06998434426855776,0.03146912437264216,0.22627276024243756,0.14416034141042686,0.5153140718111306,0.17157053996164642,-0.36121489962212755,0.34825761064346167,0.24341987121403438,0.14512842312345497,-0.05685421606700762,0.02392054315461672,0.2188459894998806,0.14671580380605861,0.5250962779043861,0.17618356030375645,-0.15810204890869084,0.309882222374469,0.38898818557984605,0.21038062663978174,-0.32347059131504635,0.17734611653358878,0.42422722990826184,0.18012042397850295,0.2695595534344968,0.20317694992874155
probe_0.5,60,29,25,-0.27943263140831354,0.27178342489825547,0.2406588980639673,0.09079521929022423,-0.08414983653511937,0.04552762627758125,0.2133821036049702,0.08392239984445761,0.5336279469230962,0.18879070393191413,-0.285197808518255,0.2712209715236415,0.22285312408802557,0.09564931500897669,-0.07184649938586228,0.033894269467238856,0.1934709135145124,0.08803026092474216,0.5471201893789074,0.18947012620818848,-0.1195553381644027,0.3604250748110863,0.5296064335160915,0.14001198269936516,-0.27733326877159586,0.22413321344966525,0.5798562496220411,0.1226732253259023,0.2430497340824986,0.3462121715359943
probe_0.5,61,22,21,-0.2694200667018295,0.41906035842449085,0.27576207396471525,0.09546074302254405,-0.0838146692459897,0.06442350788511719,0.2343424595650099,0.10927179389603409,0.5043261928801364,0.23908916283472373,-0.2786419783458032,0.41453187773149297,0.24279231618643066,0.10515882233998002,-0.061998751907770995,0.04886909947824107,0.20639030454718368,0.11976629825732993,0.5312538341887563,0.2466248332459924,-0.06563531407422805,0.5717100509250153,0.6358851123605601,0.12081324116182618,-0.3138998570495392,0.2742702503240211,0.6542470715767831,0.10698386403737285,0.11688459872689118,0.33358631691289403
probe_0.5,62,33,26,-0.23731162952201554,0.3164035018417224,0.24281630085370895,0.14775680504424954,-0.07402041417937773,0.03447520948433401,0.21531024522878095,0.1503535593275928,0.5073041630684101,0.24307713861029423,-0.24588031423820403,0.31870734087975194,0.22527394330341796,0.15143455902573302,-0.059919116502528826,0.026739236168704335,0.19893659896492732,0.15281146572402135,0.5209681176406216,0.24048020399342004,-0.025038055665864097,0.31266547583247273,0.5513146556692643,0.1698855426296515,-0.2730047408117754,0.17612353778958062,0.572724974629023,0.16245185308457574,0.25073989173288574,0.3266828413759778
probe_0.5,63,26,19,-0.4779501630825683,0.5442348839581879,0.21550887682642636,0.10727986852452417,-0.07476909987420477,0.045485595093281796,0.19839098648441028,0.10417276269601626,0.451667337699143,0.1853015877466232,-0.48220203252398836,0.545745268650516,0.206978456911542,0.10782236011596438,-0.06108454576314266,0.03154309536029094,0.18905943932938987,0.10469917313239001,0.46469948650365994,0.18741326789420845,-0.2755112092300483,0.4955075066412354,0.4509478482793219,0.14267912179203904,-0.2875700796200403,0.17505132579145427,0.48204259011544076,0.15305805398965985,0.21875022079106718,0.28523735745281675
probe_0.5,64,24,21,-0.2851002050253075,0.45902300656216316,0.2918633236718797,0.19554005124319457,-0.06670024868360229,0.04099461305813302,0.26839015086889134,0.19549696130507757,0.48620074663721474,0.21264886035624792,-0.2900570458098743,0.45738679266126575,0.2799531021428885,0.20014955405188775,-0.05051249205031275,0.027497911681335342,0.25685873598646913,0.1989962996251604,0.49984857419183787,0.21785128565799441,-0.14753043220374804,0.5734491417407102,0.5160223790727054,0.19460743981602951,-0.2787300722239549,0.19486428451767182,0.5514882428543553,0.19037691704079343,0.24941589955294052,0.3068229380619093
probe_0.5,65,19,18,-0.4498459275997157,0.49810341392763663,0.24413551617908413,0.1717448733233267,-0.05228007936217699,0.03194678113728477,0.24112592765667612,0.16508200146541283,0.4037378790030971,0.21485210873805904,-0.458876151264538,0.4986280125338621,0.23128762627138164,0.17331771772273702,-0.04810517709966383,0.026859067791883552,0.22749684608477805,0.1673869152024372,0.40847621878006923,0.21598016205952086,-0.14275840274087764,0.47373599834232333,0.5378611150853132,0.18352223065035694,-0.13743601783016043,0.18841153470217933,0.581935209378624,0.1548960039240952,0.28580627720380714,0.3046986972740758
probe_0.5,66,34,29,-0.45645140542767976,0.3041063277940225,0.200512077256193,0.08950424561001052,-0.0811950807837618,0.0267775960091931,0.18933185121278878,0.07076725136773371,0.5031665805557729,0.13475047800003456,-0.4650657431524703,0.3041424996003471,0.19435799489297548,0.08806441882312724,-0.06959317947538661,0.018998837802975357,0.1813213236006616,0.07218441195175927,0.5106016506379034,0.1354656089868046,-0.17737789089750794,0.36463222423788433,0.35079862633986203,0.2507166188243026,-0.3536506421074913,0.1385347483766769,0.4399003372878084,0.13732091195022925,0.2961179813482496,0.2179502280654521
probe_0.5,67,30,25,-0.48680395588226716,0.6311503496959507,0.23981473550944535,0.1549810514745523,-0.05716875927200339,0.026168181836710373,0.2104333719372399,0.1353445903865121,0.513896713569419,0.20984831616305863,-0.49624693026721167,0.6323852417638401,0.22809236424449894,0.15718537613174094,-0.0496528432497341,0.023744497976760887,0.1985839501294079,0.13778250459250124,0.5183546628681611,0.20890491732531527,-0.20923953759460706,0.5269094424098035,0.487540245538457,0.18576376387232513,-0.23729099132009876,0.14936873694817523,0.4995004174048684,0.15872535117760522,0.3607056944017647,0.30518572956798584
probe_0.5,68,20,19,-0.3819122710170969,0.4497553523587652,0.28434450240216114,0.2078548987820972,-0.07608228075035059,0.034646259634215304,0.2740205337841063,0.20069947330140683,0.4005370833431178,0.139292254784082,-0.3962153089633326,0.46285498828280697,0.2764438058021823,0.20933961288472006,-0.06120812024454886,0.024584229348766282,0.2649356444883367,0.20260529292214602,0.41216060095958174,0.13709709375913592,-0.06973961627174073,0.3776513757467042,0.4785437829617433,0.2440128028091942,-0.3554711696560308,0.1985020955175448,0.5381952828259912,0.21197951384450198,0.1485094126143086,0.31957697663707796
probe_0.5,69,32,28,-0.39291747862342463,0.3952134166559235,0.1997715111135255,0.10021640481427498,-0.07446611878525222,0.04576832204165988,0.18645078981145155,0.09121217936336186,0.5497803739408635,0.19028291122199575,-0.400948302584518,0.39701282595959364,0.19123920234760042,0.10327986325677455,-0.06171040254027982,0.03265990137695796,0.17478320324441132,0.0948884535985203,0.5590700955462904,0.1881378328137422,-0.1598670511371465,0.38005656074461636,0.37296029966168553,0.16028886503459847,-0.28863519204353105,0.21844251750933882,0.4732304793321658,0.13746496690084106,0.3789364431948764,0.3131569651171133
probe_0.5,70,28,25,-0.4646385996802346,0.6282465599821452,0.19466343885629642,0.10139799333351292,-0.06497044707286279,0.035205375739554144,0.17051468813398024,0.09026070952871738,0.45662884319480607,0.209009008483372,-0.47164996217367655,0.6300824249208006,0.18291087567810577,0.10197548219939073,-0.05470632426220438,0.026185902882093288,0.1588979526255517,0.09016589302099931,0.46595264666154085,0.211748904393337,-0.2443391192746423,0.5760229626587376,0.47667090238949056,0.14766339566881484,-0.21429209841040356,0.18025081131934784,0.4840120640838035,0.1466789259634311,0.2755671464694199,0.25507901682047973
probe_0.5,71,19,16,-0.318838049695706,0.3642769962705835,0.24372113665168757,0.14680793444924942,-0.07699875038539225,0.04932974853584397,0.21156095502804723,0.15209045456899137,0.5509306076485496,0.20069307704091205,-0.3251273978173219,0.3604179659495832,0.22601217436544566,0.15111490591365864,-0.0635324894789376,0.028741608847619834,0.19289169257078784,0.1555388714725684,0.5639376268780242,0.2037107779840976,-0.21017781595669274,0.5006133817633647,0.5159542960399804,0.16707396480970982,-0.29624231508791227,0.2104003159069769,0.5470884251004235,0.1584501322327991,0.25674271923721514,0.36009027292241275
probe_0.5,72,30,26,-0.3501943643911582,0.4511268816859644,0.28912068061452734,0.17607989995589873,-0.06166498866346037,0.04719205206288549,0.25974113547597943,0.1581799267014813,0.5018354530894605,0.19845353682715225,-0.356846649623323,0.44997490687005737,0.27934120129890927,0.17860029170992076,-0.05305058136730125,0.03452214958224737,0.24852747990772067,0.16153200000683085,0.5076349241607727,0.19904792070601648,-0.12707202676621082,0.5476351443275064,0.5124233725175779,0.1997901090566147,-0.22094517033239486,0.22100711017293403,0.5607991244971643,0.16841851758976373,0.37503158836020434,0.29671490936936734
probe_0.5,73,26,23,-0.5150539657535383,0.8711149470858551,0.1882842511375002,0.1040190510686771,-0.09251817217072894,0.0524144685222446,0.17302791181140662,0.08891499063381092,0.5168917593563856,0.18689975081495222,-0.5208745849420048,0.8715272254550237,0.18157285205087567,0.1032585841389505,-0.07454247023940783,0.03736691748658785,0.16329132216758083,0.088169194181958,0.5305186375788652,0.18787465109140808,-0.31203701514157817,0.8443086630163995,0.352019452407317,0.18741054888533926,-0.3335255103884188,0.21178418533347787,0.44323987505084755,0.1653847415359323,0.29953417127065385,0.301517147119198
probe_0.5,74,26,23,-0.14318771919727846,0.24684225177676108,0.3411535556517343,0.19146760927207282,-0.07437218691327521,0.050721132282340556,0.29184975709490973,0.1968024980983484,0.567818896260685,0.23397815066576452,-0.15976369374242305,0.24649814194592065,0.29619560420468244,0.20846815499892143,-0.05927036405490352,0.03889628038867408,0.25447775861472033,0.2092321919646871,0.5899234684895629,0.2316920042132457,0.13824067438161444,0.37522829469856556,0.6906029531053129,0.1852581631354221,-0.25369153518879783,0.26086526818067823,0.7148768248231101,0.15579665076450191,0.2028731725613778,0.4096861671414732
probe_0.5,75,29,27,-0.8034160755644308,0.9148093628971995,0.17558577892510374,0.06265030951174388,-0.09293698496145582,0.04692759672095867,0.1652795206249449,0.06856674903508707,0.47062268591713663,0.2278199162487971,-0.8212924552812629,0.9236849431719886,0.16758704758193563,0.06600629794721277,-0.07568973128979553,0.029680304506436588,0.15611193480923055,0.07161144013340309,0.48087451787631486,0.2331040488916666,-0.3112475920120431,0.5119313296120697,0.29927872113223264,0.19974474863212574,-0.36416531403796826,0.13864357691117807,0.3648580858898461,0.1514998487759857,0.28899283226788364,0.21337981686587373
probe_0.5,76,34,26,-0.559709867503013,0.7855072187764464,0.2319203624006833,0.11196727011413928,-0.07546000260772345,0.037208321151572306,0.21151658250866656,0.104676559853188,0.4519341253891917,0.1949423779026179,-0.5711643564943553,0.7954311751590741,0.22499373952485152,0.1123500717680794,-0.06150457837560288,0.025114386539779886,0.20380913507637116,0.10588792148874639,0.4617548809569259,0.19621262354390165,-0.19970645142079232,0.4384398749590018,0.417506509334897,0.17293191837902278,-0.3295146211915059,0.19013908456279707,0.4585990860224694,0.13687315096715297,0.23952067636713692,0.28603013624684576
probe_0.5,77,22,18,-0.4269587170887002,0.3540829212544266,0.25182168655239806,0.13383562309138528,-0.06753097966863673,0.027191916338441736,0.22740561103990736,0.1355477870813783,0.5171426614984639,0.19415183238156167,-0.4303841023464679,0.35407349980719055,0.2498716910046652,0.13293435407283927,-0.0581102812591858,0.02145219962012533,0.22427683230134576,0.13522189117908356,0.5238128410686994,0.19415160199278936,-0.2974793807358239,0.39718695019129663,0.3138468004545077,0.20758708360852263,-0.34206766000782635,0.18109469874679976,0.3666673359390996,0.18391390908227218,0.2786521243348226,0.30283887823701444
probe_0.5,78,31,28,-0.23844231215355557,0.2778005633296648,0.2721323924900266,0.1343961965880035,-0.08328061460976709,0.043929582419904536,0.24144342864287968,0.1380603722362205,0.48571530940769075,0.19990287359374045,-0.24830983833963682,0.27705385088356893,0.24997889062284248,0.13902900329507148,-0.06288834373491364,0.02675703147118928,0.22064807949607454,0.14200157613327685,0.5078984273411841,0.20406895211628637,0.01900342343768022,0.3074231172075975,0.614731190238259,0.12686501590955998,-0.35327020378213875,0.18045354261631885,0.6374559466765094,0.11228039464905488,0.09525409495528432,0.23302256683359632
probe_0.5,79,17,16,-0.1831669269580994,0.2879427781308789,0.29485096718580733,0.1840824206684596,-0.06137846406471725,0.033911548422181116,0.27297103487655516,0.18151298415964917,0.5030093251993351,0.2213386978388582,-0.19119285584951898,0.2886167226732286,0.2780000015754114,0.1929566539887637,-0.049379342421048536,0.02428198983510191,0.25598116355463696,0.18905391001699665,0.513793455741804,0.2223800285822299,0.05446645867611394,0.3070806501776953,0.5759294672452108,0.17090362032993484,-0.17739513532547196,0.23007970246732898,0.6396876869276155,0.16377932842274118,0.37554147198416205,0.34793720778645887
probe_0.5,80,23,20,-0.6092746200664694,0.5872350073934393,0.19606159449929783,0.14677600000570187,-0.07465789765141188,0.043638999741311184,0.182650802438709,0.13992284064754903,0.4084637756855801,0.134253311887115,-0.6167145807797786,0.588580325001686,0.19074507057494164,0.1464162623592193,-0.06310211645250456,0.029947021487727873,0.17650704224976324,0.13972572180924261,0.41527883169391777,0.1368068226310969,-0.3295087699231202,0.5377904478392518,0.3786854010227132,0.1868829773503056,-0.29033350476405556,0.1845825226597943,0.39712068801682,0.17758242269364624,0.2531518705502472,0.16444347541336946
probe_0.5,81,35,30,-0.2669055304120992,0.3082942518158023,0.2695151974522373,0.16385919435049168,-0.07730305932583934,0.04176623953296384,0.2406571178031366,0.16143545780719573,0.5305480599963616,0.18805282575405008,-0.27426711634278594,0.30791854245009204,0.2554887163484378,0.17039245870212597,-0.06498214155682963,0.033581258845453134,0.22751777549781774,0.16626054214808328,0.5403048464336871,0.19058428431514451,-0.09168394472396049,0.5255083676264963,0.5314748282986469,0.17598469357133362,-0.2707604637399198,0.19309200008459707,0.5511683416715693,0.14951701004116671,0.32154829495162257,0.265160304130024
probe_0.5,82,11,11,-0.341818760496886,0.3317831686460772,0.23606376496967965,0.08546851545033476,-0.05643316152187586,0.03575134322069036,0.20782362521908793,0.07679688122157667,0.5234467049856988,0.2232265373940857,-0.34859060307181905,0.32794846281280793,0.21906210122995445,0.10070959626936839,-0.04574647214665844,0.03074430551882871,0.1933704624136129,0.08725271370289722,0.5337047906092739,0.22091270921037282,-0.20038154103325426,0.4042310536090801,0.4675446194979043,0.17933018070186063,-0.21377145806917686,0.23940928424098593,0.5236374458848323,0.13215500340935532,0.32389400477176894,0.387230253354808
probe_0.5,83,27,26,-0.28317341792004536,0.27814038534353397,0.26111144197709096,0.10698164798333237,-0.07960187148711091,0.04092397898723135,0.2285370570571724,0.11365214279576416,0.5219851562694124,0.21358447367076303,-0.2894723603054339,0.2792779116944087,0.2526347363967076,0.10661197716803754,-0.06218182734885308,0.022781259957825872,0.2180107511509654,0.11422166320352725,0.5365361078683505,0.21303192163658186,-0.1334019863533198,0.40832665322842776,0.47307986766620835,0.18068048831083494,-0.3460055726081668,0.19916037744203657,0.530299981488562,0.1373314210472681,0.21230607470960722,0.3402234488271742
probe_0.5,84,29,27,-0.3463464671778725,0.36262349223390133,0.24322886001217794,0.1042991411158598,-0.07855320893830421,0.04142846549240318,0.2142984734897413,0.09981085181895959,0.5313689842500111,0.19748810673739345,-0.35444807801482187,0.369032045821436,0.2360705629422481,0.10442661959175571,-0.0636578248347032,0.022947762852872085,0.20536158914217217,0.10105455672512996,0.542382001882262,0.19809644724251196,-0.08195850231605106,0.2381567013028712,0.432657907747909,0.1802876485456118,-0.309749315894037,0.17255589877520078,0.4884048771100278,0.145933749850914,0.3314303532874159,0.2924247538932437
probe_0.5,85,20,19,-0.2433617757451835,0.34212437886774255,0.3079161180302418,0.1988612104954975,-0.07095868510197315,0.03216549257372793,0.284577181630781,0.19752486201856295,0.4866275039637606,0.16346345515485144,-0.24754896135944932,0.3414423557409384,0.30268457674976373,0.20015672525101957,-0.06283442265978512,0.02665962173751704,0.2776483065487499,0.1996849402733246,0.49197126385481804,0.16523522766215046,-0.06272019298768935,0.4225990917206424,0.45384001575303845,0.2311148311563999,-0.27607046605831786,0.13988963837829296,0.511610565507605,0.1929765046016804,0.35591923696751404,0.23176301742428337
probe_0.5,86,24,21,-0.200351650696891,0.23580033629292332,0.2637110284463695,0.13290829948942026,-0.0752776355596121,0.03439225980512952,0.23257738035621633,0.12896893967286918,0.49753351581543187,0.2093459364137757,-0.20811227368250726,0.2368051472200648,0.24817805396693804,0.13521077439743942,-0.059882917127292434,0.024242289826104605,0.21720005199289738,0.13094755545136638,0.5134686910834667,0.2091761419450104,-0.01917849934422167,0.32112004037102565,0.5596916389501029,0.13795950212920446,-0.30189065868632076,0.20211456852476908,0.5912788996105195,0.12181079046954255,0.18679748853120048,0.3163277736935345
probe_0.5,87,32,29,-0.45070523801577167,0.48105307293618044,0.23736140220023572,0.19866380421104576,-0.08643816010139356,0.048813737588451374,0.2150699117072703,0.19058003000363682,0.5034655342092287,0.21881116344339835,-0.4579504517922447,0.48365775532321026,0.23319061300266125,0.1990721313019727,-0.07024881710129888,0.03092925537237332,0.20954196919090728,0.19161961149506793,0.515299604711458,0.22020576462359392,-0.20492546882635204,0.38828602246569016,0.3651356775023117,0.22332733777441305,-0.34547178206985285,0.18303341643355334,0.41225057130783205,0.18459572698378976,0.2857707539210105,0.32208144248733034
probe_0.5,88,21,19,-0.4162973361519778,0.4487835036826652,0.25033221602488737,0.11683387705417603,-0.08479040147936504,0.032852680944516176,0.2313459960996995,0.11109305267043637,0.4788188788637521,0.16472120867767967,-0.42530496181503596,0.45050772829262664,0.24046119713972963,0.11896790162862689,-0.06675582078349673,0.020871446687912538,0.22052023076389368,0.11502948160961135,0.493090552586827,0.1700970891997184,-0.14675281818122976,0.32322834370141346,0.42418363553563754,0.21120521540078563,-0.3659128557402867,0.1458719845026323,0.4866428906282607,0.12872419148542275,0.2232007944167282,0.22123143867424813
probe_0.5,89,20,18,-0.14800804948520735,0.19360844963692306,0.31416334429894316,0.1560331161416975,-0.06008246668057662,0.03790853941821327,0.28075630353422404,0.1664168903702221,0.5873507089972554,0.2703764115935026,-0.1621966182837983,0.19517208350298465,0.2765442444200461,0.16794821249212125,-0.048809301506117106,0.024735764029759192,0.24752874765624533,0.17591964659663284,0.6031916740609471,0.26744839806031717,0.13955552008704736,0.1981348704343587,0.6552257072746601,0.17160678739343857,-0.15797050685877997,0.21286618336372357,0.7068301572276952,0.1399782509262648,0.3673289254484871,0.3858708052978305
probe_0.5,90,19,17,-0.164216649676782,0.23662156851007704,0.36037307020344744,0.15274838990854223,-0.08981886068870792,0.05232745154746561,0.31652336415187976,0.15237237547799612,0.522910532597747,0.21177029464753014,-0.17331760801510107,0.23683466854110916,0.33656258428290703,0.15401697889986002,-0.07062936043451386,0.03700603792882194,0.2926635416355657,0.1519383592774044,0.5510664238980395,0.2129865506117314,0.08865075564285205,0.24878129768558735,0.6919210996377814,0.16895463112365694,-0.3190512738775338,0.2619153203268682,0.7059931925946153,0.1430190343565089,0.09945346388331014,0.39936751688532063
probe_0.5,91,33,27,-0.3640654326048199,0.47389647651875044,0.21495381924976734,0.10535481217240618,-0.08921405423747555,0.05569620576353122,0.1846789205243991,0.10281391847831808,0.5710732566455317,0.2084591998394522,-0.3687611120206192,0.4731139351469287,0.20347892506094056,0.10674901723002163,-0.06655793453932436,0.03068755427346224,0.17238066664916638,0.10451339232392645,0.5927439020656077,0.20989456775554607,-0.25518823722312256,0.5160739088800055,0.4192990779498928,0.16063227197752455,-0.32478618723500724,0.18294378706161663,0.44971859901421746,0.15675056681720975,0.2720760982535075,0.3098796520040334
probe_0.5,92,23,21,-0.2836377285147801,0.2957348904884537,0.18179660589896332,0.127395289015372,-0.025174110439730474,0.02288497785265679,0.17954987625358726,0.12711410942173335,0.17270473479875936,0.08565896730788664,-0.31429824461438716,0.29886663806287406,0.13280169776025133,0.14074572272977437,-0.02241907200912364,0.020398198818094484,0.13155044079963082,0.14003820712316947,0.18240148274866436,0.09068215883224533,0.1520948063305311,0.3292979448158893,0.6800103974329871,0.12818173357166446,-0.07078146426790778,0.07807955637431054,0.6795449804960279,0.12709778523696222,0.06160643318016586,0.06526558878828187
probe_0.5,93,30,28,-0.47084535695306756,0.7366384644380871,0.20665056636125084,0.12849683537452364,-0.07863078967814477,0.04372017776346777,0.17317214553216165,0.09000393861994355,0.5539592572077621,0.17593841398321203,-0.4794945286411784,0.7385819089956369,0.18603550615761044,0.13557464720877296,-0.061803868871657654,0.0302223831030304,0.15484503408292422,0.09640634250201603,0.569319428500366,0.17909781642091716,-0.2688845550774695,0.6728565636033413,0.4757801943353583,0.15901320956934528,-0.2751028350927249,0.20770635036955232,0.5028975503480736,0.13411531930007817,0.3087648213504973,0.28057532150872694
probe_0.5,94,25,24,-0.17580021414680644,0.24701714893115095,0.29999992291241073,0.16139603741186723,-0.07160299117812513,0.03656243428632486,0.24571572005180417,0.1664992624635853,0.6055892622967647,0.23890537597254435,-0.18535856760621214,0.24744187282363192,0.267069979044687,0.171129430483274,-0.06066648475918367,0.0313170030727011,0.21958576324625806,0.1711301816081752,0.6218847412720909,0.23950294848086073,0.05875071534128537,0.2960637993230294,0.6479018040504424,0.13577863773910526,-0.2283857087595429,0.21381308684223904,0.6575132299027098,0.1585866387581595,0.26406704494222416,0.3581690890000898
probe_0.5,95,28,27,-0.3396462289400776,0.5155139064878121,0.25983109581014385,0.15607600774392427,-0.032512372693034704,0.02511499777450572,0.25463034161276815,0.15431552341740662,0.2639641039003632,0.13941718368876432,-0.35199013115966865,0.518018407822291,0.24209858185453514,0.16002158259903335,-0.02688507574454545,0.02167493877203415,0.23671204232517734,0.15856435122960882,0.27215883485526143,0.14266973091727608,-0.030434268379788132,0.4386772687415735,0.5795612276102997,0.167743001935065,-0.13337831556048968,0.1238690488992196,0.59587442177386,0.16452206709865183,0.11281182778644254,0.17226107182276498
probe_0.5,96,29,27,-0.3030611446484823,0.3915454633564428,0.23025301204647552,0.13499283726450426,-0.07666562201961104,0.03508944273029017,0.20099522556261207,0.13235881771731065,0.5989449315639773,0.22230828701524027,-0.31350249302066124,0.3893592497256461,0.21093075135755068,0.13628254922524496,-0.05836751838945363,0.021797316640007818,0.181551580931765,0.13525365359709984,0.6124329163736361,0.22351571487124725,-0.08668690610389138,0.4006883107573607,0.42553274389303397,0.2464704788218445,-0.3108133155242663,0.1712084509148702,0.5146942533320888,0.19260056849841772,0.36627500725924855,0.3483417274796958
probe_0.5,97,31,29,-0.8590181787259281,1.4583624416914625,0.18398014564345694,0.06381226520097187,-0.07414338889448689,0.04045728974956585,0.17421564472458187,0.058632509862358705,0.4484481873479144,0.17567543426853402,-0.8696382396692008,1.4711149144681412,0.17868948027893217,0.060410371538492054,-0.06208148352327405,0.023876841621146228,0.16714218629936786,0.05579778108380689,0.456605156562644,0.17500938959556117,-0.5023261650138933,0.9155427674748099,0.3169613871333321,0.17702443709742754,-0.2787676601915182,0.1732812238211065,0.39001148258806806,0.1509037214340852,0.2915116074032754,0.27546799503451846
probe_0.5,98,25,25,-0.2307793560803357,0.24431302465511848,0.27166854065339024,0.12186891967873008,-0.07104473483120663,0.03887163345418824,0.23692891055908671,0.11389389455587198,0.5984108393990756,0.17417694151690863,-0.23530819021877586,0.2446484836627937,0.26422393799684424,0.12217892904671081,-0.05454034683070102,0.02288095185312882,0.227269337108639,0.11540128532371581,0.6116285318172578,0.177668988967884,-0.09427665910849976,0.26707014197334716,0.40737103663530577,0.2147391299802097,-0.3402503070885043,0.20108565983035429,0.5073594266720588,0.16427786507251904,0.3071011143217059,0.34136293030392956
probe_0.5,99,16,14,-0.21073226613974405,0.26108666378871026,0.34263369240584385,0.16227024000237608,-0.07496681504000828,0.06020381163615222,0.30197254703128384,0.15954890741758848,0.5208110329634451,0.2333753239820365,-0.22434995299238816,0.25636142830659864,0.3084408441722784,0.1760371932076861,-0.060759410964846196,0.05245292190708872,0.2734434308944073,0.17066251711002756,0.5385268790276696,0.23532246625543762,0.06116223536441596,0.4348954740035271,0.6597821006222124,0.18647103063373918,-0.2561456828535137,0.21307953202263902,0.6821594041884272,0.1606705123782331,0.21252668132764824,0.3524922784538659
