round,layer,baseline_reset_slots,targeted_slots,random_slots,targeted_clients,baseline_random_overlap_slots,replaced_reset_slots,cold_start_count,stale_history_count,no_target_slots_count,no_valid_history_count,targeted_count,before_start_round_count,non_target_layer_count
1,features.0,10,0,10,0,0,0,0,0,0,0,0,10,0
1,features.10,20,0,20,0,0,0,0,0,0,0,0,10,0
1,features.14,40,0,40,0,0,0,0,0,0,0,0,10,0
1,features.17,40,0,40,0,0,0,0,0,0,0,0,10,0
1,features.20,40,0,40,0,0,0,0,0,0,0,0,10,0
1,features.24,80,0,80,0,0,0,0,0,0,0,0,10,0
1,features.27,80,0,80,0,0,0,0,0,0,0,0,10,0
1,features.3,10,0,10,0,0,0,0,0,0,0,0,10,0
1,features.30,80,0,80,0,0,0,0,0,0,0,0,10,0
1,features.34,80,0,80,0,0,0,0,0,0,0,0,10,0
1,features.37,80,0,80,0,0,0,0,0,0,0,0,10,0
1,features.40,80,0,80,0,0,0,0,0,0,0,0,10,0
1,features.7,20,0,20,0,0,0,0,0,0,0,0,10,0
2,features.0,10,0,10,0,0,0,0,0,0,0,0,10,0
2,features.10,20,0,20,0,0,0,0,0,0,0,0,10,0
2,features.14,40,0,40,0,0,0,0,0,0,0,0,10,0
2,features.17,40,0,40,0,0,0,0,0,0,0,0,10,0
2,features.20,40,0,40,0,0,0,0,0,0,0,0,10,0
2,features.24,80,0,80,0,0,0,0,0,0,0,0,10,0
2,features.27,80,0,80,0,0,0,0,0,0,0,0,10,0
2,features.3,10,0,10,0,0,0,0,0,0,0,0,10,0
2,features.30,80,0,80,0,0,0,0,0,0,0,0,10,0
2,features.34,80,0,80,0,0,0,0,0,0,0,0,10,0
2,features.37,80,0,80,0,0,0,0,0,0,0,0,10,0
2,features.40,80,0,80,0,0,0,0,0,0,0,0,10,0
2,features.7,20,0,20,0,0,0,0,0,0,0,0,10,0
3,features.0,10,0,10,0,0,0,0,0,0,0,0,10,0
3,features.10,20,0,20,0,0,0,0,0,0,0,0,10,0
3,features.14,40,0,40,0,0,0,0,0,0,0,0,10,0
3,features.17,40,0,40,0,0,0,0,0,0,0,0,10,0
3,features.20,40,0,40,0,0,0,0,0,0,0,0,10,0
3,features.24,80,0,80,0,0,0,0,0,0,0,0,10,0
3,features.27,80,0,80,0,0,0,0,0,0,0,0,10,0
3,features.3,10,0,10,0,0,0,0,0,0,0,0,10,0
3,features.30,80,0,80,0,0,0,0,0,0,0,0,10,0
3,features.34,80,0,80,0,0,0,0,0,0,0,0,10,0
3,features.37,80,0,80,0,0,0,0,0,0,0,0,10,0
3,features.40,80,0,80,0,0,0,0,0,0,0,0,10,0
3,features.7,20,0,20,0,0,0,0,0,0,0,0,10,0
4,features.0,10,0,10,0,0,0,0,0,0,0,0,10,0
4,features.10,20,0,20,0,0,0,0,0,0,0,0,10,0
4,features.14,40,0,40,0,0,0,0,0,0,0,0,10,0
4,features.17,40,0,40,0,0,0,0,0,0,0,0,10,0
4,features.20,40,0,40,0,0,0,0,0,0,0,0,10,0
4,features.24,80,0,80,0,0,0,0,0,0,0,0,10,0
4,features.27,80,0,80,0,0,0,0,0,0,0,0,10,0
4,features.3,10,0,10,0,0,0,0,0,0,0,0,10,0
4,features.30,80,0,80,0,0,0,0,0,0,0,0,10,0
4,features.34,80,0,80,0,0,0,0,0,0,0,0,10,0
4,features.37,80,0,80,0,0,0,0,0,0,0,0,10,0
4,features.40,80,0,80,0,0,0,0,0,0,0,0,10,0
4,features.7,20,0,20,0,0,0,0,0,0,0,0,10,0
5,features.0,10,0,10,0,0,0,0,0,0,0,0,10,0
5,features.10,20,0,20,0,0,0,0,0,0,0,0,10,0
5,features.14,40,0,40,0,0,0,0,0,0,0,0,10,0
5,features.17,40,0,40,0,0,0,0,0,0,0,0,10,0
5,features.20,40,0,40,0,0,0,0,0,0,0,0,10,0
5,features.24,80,0,80,0,0,0,0,0,0,0,0,10,0
5,features.27,80,0,80,0,0,0,0,0,0,0,0,10,0
5,features.3,10,0,10,0,0,0,0,0,0,0,0,10,0
5,features.30,80,0,80,0,0,0,0,0,0,0,0,10,0
5,features.34,80,0,80,0,0,0,0,0,0,0,0,10,0
5,features.37,80,0,80,0,0,0,0,0,0,0,0,10,0
5,features.40,80,0,80,0,0,0,0,0,0,0,0,10,0
5,features.7,20,0,20,0,0,0,0,0,0,0,0,10,0
6,features.0,10,0,10,0,0,0,0,0,0,0,0,10,0
6,features.10,20,0,20,0,0,0,0,0,0,0,0,10,0
6,features.14,40,0,40,0,0,0,0,0,0,0,0,10,0
6,features.17,40,0,40,0,0,0,0,0,0,0,0,10,0
6,features.20,40,0,40,0,0,0,0,0,0,0,0,10,0
6,features.24,80,0,80,0,0,0,0,0,0,0,0,10,0
6,features.27,80,0,80,0,0,0,0,0,0,0,0,10,0
6,features.3,10,0,10,0,0,0,0,0,0,0,0,10,0
6,features.30,80,0,80,0,0,0,0,0,0,0,0,10,0
6,features.34,80,0,80,0,0,0,0,0,0,0,0,10,0
6,features.37,80,0,80,0,0,0,0,0,0,0,0,10,0
6,features.40,80,0,80,0,0,0,0,0,0,0,0,10,0
6,features.7,20,0,20,0,0,0,0,0,0,0,0,10,0
7,features.0,10,0,10,0,0,0,0,0,0,0,0,10,0
7,features.10,20,0,20,0,0,0,0,0,0,0,0,10,0
7,features.14,40,0,40,0,0,0,0,0,0,0,0,10,0
7,features.17,40,0,40,0,0,0,0,0,0,0,0,10,0
7,features.20,40,0,40,0,0,0,0,0,0,0,0,10,0
7,features.24,80,0,80,0,0,0,0,0,0,0,0,10,0
7,features.27,80,0,80,0,0,0,0,0,0,0,0,10,0
7,features.3,10,0,10,0,0,0,0,0,0,0,0,10,0
7,features.30,80,0,80,0,0,0,0,0,0,0,0,10,0
7,features.34,80,0,80,0,0,0,0,0,0,0,0,10,0
7,features.37,80,0,80,0,0,0,0,0,0,0,0,10,0
7,features.40,80,0,80,0,0,0,0,0,0,0,0,10,0
7,features.7,20,0,20,0,0,0,0,0,0,0,0,10,0
8,features.0,10,0,10,0,0,0,0,0,0,0,0,10,0
8,features.10,20,0,20,0,0,0,0,0,0,0,0,10,0
8,features.14,40,0,40,0,0,0,0,0,0,0,0,10,0
8,features.17,40,0,40,0,0,0,0,0,0,0,0,10,0
8,features.20,40,0,40,0,0,0,0,0,0,0,0,10,0
8,features.24,80,0,80,0,0,0,0,0,0,0,0,10,0
8,features.27,80,0,80,0,0,0,0,0,0,0,0,10,0
8,features.3,10,0,10,0,0,0,0,0,0,0,0,10,0
8,features.30,80,0,80,0,0,0,0,0,0,0,0,10,0
8,features.34,80,0,80,0,0,0,0,0,0,0,0,10,0
8,features.37,80,0,80,0,0,0,0,0,0,0,0,10,0
8,features.40,80,0,80,0,0,0,0,0,0,0,0,10,0
8,features.7,20,0,20,0,0,0,0,0,0,0,0,10,0
9,features.0,10,0,10,0,0,0,0,0,0,0,0,10,0
9,features.10,20,0,20,0,0,0,0,0,0,0,0,10,0
9,features.14,40,0,40,0,0,0,0,0,0,0,0,10,0
9,features.17,40,0,40,0,0,0,0,0,0,0,0,10,0
9,features.20,40,0,40,0,0,0,0,0,0,0,0,10,0
9,features.24,80,0,80,0,0,0,0,0,0,0,0,10,0
9,features.27,80,0,80,0,0,0,0,0,0,0,0,10,0
9,features.3,10,0,10,0,0,0,0,0,0,0,0,10,0
9,features.30,80,0,80,0,0,0,0,0,0,0,0,10,0
9,features.34,80,0,80,0,0,0,0,0,0,0,0,10,0
9,features.37,80,0,80,0,0,0,0,0,0,0,0,10,0
9,features.40,80,0,80,0,0,0,0,0,0,0,0,10,0
9,features.7,20,0,20,0,0,0,0,0,0,0,0,10,0
10,features.0,10,0,10,0,0,0,0,0,0,0,0,10,0
10,features.10,20,0,20,0,0,0,0,0,0,0,0,10,0
10,features.14,40,0,40,0,0,0,0,0,0,0,0,10,0
10,features.17,40,0,40,0,0,0,0,0,0,0,0,10,0
10,features.20,40,0,40,0,0,0,0,0,0,0,0,10,0
10,features.24,80,0,80,0,0,0,0,0,0,0,0,10,0
10,features.27,80,0,80,0,0,0,0,0,0,0,0,10,0
10,features.3,10,0,10,0,0,0,0,0,0,0,0,10,0
10,features.30,80,0,80,0,0,0,0,0,0,0,0,10,0
10,features.34,80,0,80,0,0,0,0,0,0,0,0,10,0
10,features.37,80,0,80,0,0,0,0,0,0,0,0,10,0
10,features.40,80,0,80,0,0,0,0,0,0,0,0,10,0
10,features.7,20,0,20,0,0,0,0,0,0,0,0,10,0
11,features.0,10,0,10,0,0,0,0,0,0,0,0,10,0
11,features.10,20,0,20,0,0,0,0,0,0,0,0,10,0
11,features.14,40,0,40,0,0,0,0,0,0,0,0,10,0
11,features.17,40,0,40,0,0,0,0,0,0,0,0,10,0
11,features.20,40,0,40,0,0,0,0,0,0,0,0,10,0
11,features.24,80,0,80,0,0,0,0,0,0,0,0,10,0
11,features.27,80,0,80,0,0,0,0,0,0,0,0,10,0
11,features.3,10,0,10,0,0,0,0,0,0,0,0,10,0
11,features.30,80,0,80,0,0,0,0,0,0,0,0,10,0
11,features.34,80,0,80,0,0,0,0,0,0,0,0,10,0
11,features.37,80,0,80,0,0,0,0,0,0,0,0,10,0
11,features.40,80,0,80,0,0,0,0,0,0,0,0,10,0
11,features.7,20,0,20,0,0,0,0,0,0,0,0,10,0
12,features.0,10,0,10,0,0,0,0,0,0,0,0,10,0
12,features.10,20,0,20,0,0,0,0,0,0,0,0,10,0
12,features.14,40,0,40,0,0,0,0,0,0,0,0,10,0
12,features.17,40,0,40,0,0,0,0,0,0,0,0,10,0
12,features.20,40,0,40,0,0,0,0,0,0,0,0,10,0
12,features.24,80,0,80,0,0,0,0,0,0,0,0,10,0
12,features.27,80,0,80,0,0,0,0,0,0,0,0,10,0
12,features.3,10,0,10,0,0,0,0,0,0,0,0,10,0
12,features.30,80,0,80,0,0,0,0,0,0,0,0,10,0
12,features.34,80,0,80,0,0,0,0,0,0,0,0,10,0
12,features.37,80,0,80,0,0,0,0,0,0,0,0,10,0
12,features.40,80,0,80,0,0,0,0,0,0,0,0,10,0
12,features.7,20,0,20,0,0,0,0,0,0,0,0,10,0
13,features.0,10,0,10,0,0,0,0,0,0,0,0,10,0
13,features.10,20,0,20,0,0,0,0,0,0,0,0,10,0
13,features.14,40,0,40,0,0,0,0,0,0,0,0,10,0
13,features.17,40,0,40,0,0,0,0,0,0,0,0,10,0
13,features.20,40,0,40,0,0,0,0,0,0,0,0,10,0
13,features.24,80,0,80,0,0,0,0,0,0,0,0,10,0
13,features.27,80,0,80,0,0,0,0,0,0,0,0,10,0
13,features.3,10,0,10,0,0,0,0,0,0,0,0,10,0
13,features.30,80,0,80,0,0,0,0,0,0,0,0,10,0
13,features.34,80,0,80,0,0,0,0,0,0,0,0,10,0
13,features.37,80,0,80,0,0,0,0,0,0,0,0,10,0
13,features.40,80,0,80,0,0,0,0,0,0,0,0,10,0
13,features.7,20,0,20,0,0,0,0,0,0,0,0,10,0
14,features.0,10,0,10,0,0,0,0,0,0,0,0,10,0
14,features.10,20,0,20,0,0,0,0,0,0,0,0,10,0
14,features.14,40,0,40,0,0,0,0,0,0,0,0,10,0
14,features.17,40,0,40,0,0,0,0,0,0,0,0,10,0
14,features.20,40,0,40,0,0,0,0,0,0,0,0,10,0
14,features.24,80,0,80,0,0,0,0,0,0,0,0,10,0
14,features.27,80,0,80,0,0,0,0,0,0,0,0,10,0
14,features.3,10,0,10,0,0,0,0,0,0,0,0,10,0
14,features.30,80,0,80,0,0,0,0,0,0,0,0,10,0
14,features.34,80,0,80,0,0,0,0,0,0,0,0,10,0
14,features.37,80,0,80,0,0,0,0,0,0,0,0,10,0
14,features.40,80,0,80,0,0,0,0,0,0,0,0,10,0
14,features.7,20,0,20,0,0,0,0,0,0,0,0,10,0
15,features.0,10,0,10,0,0,0,0,0,0,0,0,10,0
15,features.10,20,0,20,0,0,0,0,0,0,0,0,10,0
15,features.14,40,0,40,0,0,0,0,0,0,0,0,10,0
15,features.17,40,0,40,0,0,0,0,0,0,0,0,10,0
15,features.20,40,0,40,0,0,0,0,0,0,0,0,10,0
15,features.24,80,0,80,0,0,0,0,0,0,0,0,10,0
15,features.27,80,0,80,0,0,0,0,0,0,0,0,10,0
15,features.3,10,0,10,0,0,0,0,0,0,0,0,10,0
15,features.30,80,0,80,0,0,0,0,0,0,0,0,10,0
15,features.34,80,0,80,0,0,0,0,0,0,0,0,10,0
15,features.37,80,0,80,0,0,0,0,0,0,0,0,10,0
15,features.40,80,0,80,0,0,0,0,0,0,0,0,10,0
15,features.7,20,0,20,0,0,0,0,0,0,0,0,10,0
16,features.0,10,0,10,0,0,0,0,0,0,0,0,10,0
16,features.10,20,0,20,0,0,0,0,0,0,0,0,10,0
16,features.14,40,0,40,0,0,0,0,0,0,0,0,10,0
16,features.17,40,0,40,0,0,0,0,0,0,0,0,10,0
16,features.20,40,0,40,0,0,0,0,0,0,0,0,10,0
16,features.24,80,0,80,0,0,0,0,0,0,0,0,10,0
16,features.27,80,0,80,0,0,0,0,0,0,0,0,10,0
16,features.3,10,0,10,0,0,0,0,0,0,0,0,10,0
16,features.30,80,0,80,0,0,0,0,0,0,0,0,10,0
16,features.34,80,0,80,0,0,0,0,0,0,0,0,10,0
16,features.37,80,0,80,0,0,0,0,0,0,0,0,10,0
16,features.40,80,0,80,0,0,0,0,0,0,0,0,10,0
16,features.7,20,0,20,0,0,0,0,0,0,0,0,10,0
17,features.0,10,0,10,0,0,0,0,0,0,0,0,10,0
17,features.10,20,0,20,0,0,0,0,0,0,0,0,10,0
17,features.14,40,0,40,0,0,0,0,0,0,0,0,10,0
17,features.17,40,0,40,0,0,0,0,0,0,0,0,10,0
17,features.20,40,0,40,0,0,0,0,0,0,0,0,10,0
17,features.24,80,0,80,0,0,0,0,0,0,0,0,10,0
17,features.27,80,0,80,0,0,0,0,0,0,0,0,10,0
17,features.3,10,0,10,0,0,0,0,0,0,0,0,10,0
17,features.30,80,0,80,0,0,0,0,0,0,0,0,10,0
17,features.34,80,0,80,0,0,0,0,0,0,0,0,10,0
17,features.37,80,0,80,0,0,0,0,0,0,0,0,10,0
17,features.40,80,0,80,0,0,0,0,0,0,0,0,10,0
17,features.7,20,0,20,0,0,0,0,0,0,0,0,10,0
18,features.0,10,0,10,0,0,0,0,0,0,0,0,10,0
18,features.10,20,0,20,0,0,0,0,0,0,0,0,10,0
18,features.14,40,0,40,0,0,0,0,0,0,0,0,10,0
18,features.17,40,0,40,0,0,0,0,0,0,0,0,10,0
18,features.20,40,0,40,0,0,0,0,0,0,0,0,10,0
18,features.24,80,0,80,0,0,0,0,0,0,0,0,10,0
18,features.27,80,0,80,0,0,0,0,0,0,0,0,10,0
18,features.3,10,0,10,0,0,0,0,0,0,0,0,10,0
18,features.30,80,0,80,0,0,0,0,0,0,0,0,10,0
18,features.34,80,0,80,0,0,0,0,0,0,0,0,10,0
18,features.37,80,0,80,0,0,0,0,0,0,0,0,10,0
18,features.40,80,0,80,0,0,0,0,0,0,0,0,10,0
18,features.7,20,0,20,0,0,0,0,0,0,0,0,10,0
19,features.0,10,0,10,0,0,0,0,0,0,0,0,10,0
19,features.10,20,0,20,0,0,0,0,0,0,0,0,10,0
19,features.14,40,0,40,0,0,0,0,0,0,0,0,10,0
19,features.17,40,0,40,0,0,0,0,0,0,0,0,10,0
19,features.20,40,0,40,0,0,0,0,0,0,0,0,10,0
19,features.24,80,0,80,0,0,0,0,0,0,0,0,10,0
19,features.27,80,0,80,0,0,0,0,0,0,0,0,10,0
19,features.3,10,0,10,0,0,0,0,0,0,0,0,10,0
19,features.30,80,0,80,0,0,0,0,0,0,0,0,10,0
19,features.34,80,0,80,0,0,0,0,0,0,0,0,10,0
19,features.37,80,0,80,0,0,0,0,0,0,0,0,10,0
19,features.40,80,0,80,0,0,0,0,0,0,0,0,10,0
19,features.7,20,0,20,0,0,0,0,0,0,0,0,10,0
20,features.0,10,0,10,0,0,0,0,0,0,0,0,10,0
20,features.10,20,0,20,0,0,0,0,0,0,0,0,10,0
20,features.14,40,0,40,0,0,0,0,0,0,0,0,10,0
20,features.17,40,0,40,0,0,0,0,0,0,0,0,10,0
20,features.20,40,0,40,0,0,0,0,0,0,0,0,10,0
20,features.24,80,0,80,0,0,0,0,0,0,0,0,10,0
20,features.27,80,0,80,0,0,0,0,0,0,0,0,10,0
20,features.3,10,0,10,0,0,0,0,0,0,0,0,10,0
20,features.30,80,0,80,0,0,0,0,0,0,0,0,10,0
20,features.34,80,0,80,0,0,0,0,0,0,0,0,10,0
20,features.37,80,0,80,0,0,0,0,0,0,0,0,10,0
20,features.40,80,0,80,0,0,0,0,0,0,0,0,10,0
20,features.7,20,0,20,0,0,0,0,0,0,0,0,10,0
21,features.0,10,0,10,0,0,0,0,0,0,0,0,10,0
21,features.10,20,0,20,0,0,0,0,0,0,0,0,10,0
21,features.14,40,0,40,0,0,0,0,0,0,0,0,10,0
21,features.17,40,0,40,0,0,0,0,0,0,0,0,10,0
21,features.20,40,0,40,0,0,0,0,0,0,0,0,10,0
21,features.24,80,0,80,0,0,0,0,0,0,0,0,10,0
21,features.27,80,0,80,0,0,0,0,0,0,0,0,10,0
21,features.3,10,0,10,0,0,0,0,0,0,0,0,10,0
21,features.30,80,0,80,0,0,0,0,0,0,0,0,10,0
21,features.34,80,0,80,0,0,0,0,0,0,0,0,10,0
21,features.37,80,0,80,0,0,0,0,0,0,0,0,10,0
21,features.40,80,0,80,0,0,0,0,0,0,0,0,10,0
21,features.7,20,0,20,0,0,0,0,0,0,0,0,10,0
22,features.0,10,0,10,0,0,0,0,0,0,0,0,10,0
22,features.10,20,0,20,0,0,0,0,0,0,0,0,10,0
22,features.14,40,0,40,0,0,0,0,0,0,0,0,10,0
22,features.17,40,0,40,0,0,0,0,0,0,0,0,10,0
22,features.20,40,0,40,0,0,0,0,0,0,0,0,10,0
22,features.24,80,0,80,0,0,0,0,0,0,0,0,10,0
22,features.27,80,0,80,0,0,0,0,0,0,0,0,10,0
22,features.3,10,0,10,0,0,0,0,0,0,0,0,10,0
22,features.30,80,0,80,0,0,0,0,0,0,0,0,10,0
22,features.34,80,0,80,0,0,0,0,0,0,0,0,10,0
22,features.37,80,0,80,0,0,0,0,0,0,0,0,10,0
22,features.40,80,0,80,0,0,0,0,0,0,0,0,10,0
22,features.7,20,0,20,0,0,0,0,0,0,0,0,10,0
23,features.0,10,0,10,0,0,0,0,0,0,0,0,10,0
23,features.10,20,0,20,0,0,0,0,0,0,0,0,10,0
23,features.14,40,0,40,0,0,0,0,0,0,0,0,10,0
23,features.17,40,0,40,0,0,0,0,0,0,0,0,10,0
23,features.20,40,0,40,0,0,0,0,0,0,0,0,10,0
23,features.24,80,0,80,0,0,0,0,0,0,0,0,10,0
23,features.27,80,0,80,0,0,0,0,0,0,0,0,10,0
23,features.3,10,0,10,0,0,0,0,0,0,0,0,10,0
23,features.30,80,0,80,0,0,0,0,0,0,0,0,10,0
23,features.34,80,0,80,0,0,0,0,0,0,0,0,10,0
23,features.37,80,0,80,0,0,0,0,0,0,0,0,10,0
23,features.40,80,0,80,0,0,0,0,0,0,0,0,10,0
23,features.7,20,0,20,0,0,0,0,0,0,0,0,10,0
24,features.0,10,0,10,0,0,0,0,0,0,0,0,10,0
24,features.10,20,0,20,0,0,0,0,0,0,0,0,10,0
24,features.14,40,0,40,0,0,0,0,0,0,0,0,10,0
24,features.17,40,0,40,0,0,0,0,0,0,0,0,10,0
24,features.20,40,0,40,0,0,0,0,0,0,0,0,10,0
24,features.24,80,0,80,0,0,0,0,0,0,0,0,10,0
24,features.27,80,0,80,0,0,0,0,0,0,0,0,10,0
24,features.3,10,0,10,0,0,0,0,0,0,0,0,10,0
24,features.30,80,0,80,0,0,0,0,0,0,0,0,10,0
24,features.34,80,0,80,0,0,0,0,0,0,0,0,10,0
24,features.37,80,0,80,0,0,0,0,0,0,0,0,10,0
24,features.40,80,0,80,0,0,0,0,0,0,0,0,10,0
24,features.7,20,0,20,0,0,0,0,0,0,0,0,10,0
25,features.0,10,0,10,0,0,0,0,0,0,0,0,10,0
25,features.10,20,0,20,0,0,0,0,0,0,0,0,10,0
25,features.14,40,0,40,0,0,0,0,0,0,0,0,10,0
25,features.17,40,0,40,0,0,0,0,0,0,0,0,10,0
25,features.20,40,0,40,0,0,0,0,0,0,0,0,10,0
25,features.24,80,0,80,0,0,0,0,0,0,0,0,10,0
25,features.27,80,0,80,0,0,0,0,0,0,0,0,10,0
25,features.3,10,0,10,0,0,0,0,0,0,0,0,10,0
25,features.30,80,0,80,0,0,0,0,0,0,0,0,10,0
25,features.34,80,0,80,0,0,0,0,0,0,0,0,10,0
25,features.37,80,0,80,0,0,0,0,0,0,0,0,10,0
25,features.40,80,0,80,0,0,0,0,0,0,0,0,10,0
25,features.7,20,0,20,0,0,0,0,0,0,0,0,10,0
26,features.0,10,0,10,0,0,0,0,0,0,0,0,10,0
26,features.10,20,0,20,0,0,0,0,0,0,0,0,10,0
26,features.14,40,0,40,0,0,0,0,0,0,0,0,10,0
26,features.17,40,0,40,0,0,0,0,0,0,0,0,10,0
26,features.20,40,0,40,0,0,0,0,0,0,0,0,10,0
26,features.24,80,0,80,0,0,0,0,0,0,0,0,10,0
26,features.27,80,0,80,0,0,0,0,0,0,0,0,10,0
26,features.3,10,0,10,0,0,0,0,0,0,0,0,10,0
26,features.30,80,0,80,0,0,0,0,0,0,0,0,10,0
26,features.34,80,0,80,0,0,0,0,0,0,0,0,10,0
26,features.37,80,0,80,0,0,0,0,0,0,0,0,10,0
26,features.40,80,0,80,0,0,0,0,0,0,0,0,10,0
26,features.7,20,0,20,0,0,0,0,0,0,0,0,10,0
27,features.0,10,0,10,0,0,0,0,0,0,0,0,10,0
27,features.10,20,0,20,0,0,0,0,0,0,0,0,10,0
27,features.14,40,0,40,0,0,0,0,0,0,0,0,10,0
27,features.17,40,0,40,0,0,0,0,0,0,0,0,10,0
27,features.20,40,0,40,0,0,0,0,0,0,0,0,10,0
27,features.24,80,0,80,0,0,0,0,0,0,0,0,10,0
27,features.27,80,0,80,0,0,0,0,0,0,0,0,10,0
27,features.3,10,0,10,0,0,0,0,0,0,0,0,10,0
27,features.30,80,0,80,0,0,0,0,0,0,0,0,10,0
27,features.34,80,0,80,0,0,0,0,0,0,0,0,10,0
27,features.37,80,0,80,0,0,0,0,0,0,0,0,10,0
27,features.40,80,0,80,0,0,0,0,0,0,0,0,10,0
27,features.7,20,0,20,0,0,0,0,0,0,0,0,10,0
28,features.0,10,0,10,0,0,0,0,0,0,0,0,10,0
28,features.10,20,0,20,0,0,0,0,0,0,0,0,10,0
28,features.14,40,0,40,0,0,0,0,0,0,0,0,10,0
28,features.17,40,0,40,0,0,0,0,0,0,0,0,10,0
28,features.20,40,0,40,0,0,0,0,0,0,0,0,10,0
28,features.24,80,0,80,0,0,0,0,0,0,0,0,10,0
28,features.27,80,0,80,0,0,0,0,0,0,0,0,10,0
28,features.3,10,0,10,0,0,0,0,0,0,0,0,10,0
28,features.30,80,0,80,0,0,0,0,0,0,0,0,10,0
28,features.34,80,0,80,0,0,0,0,0,0,0,0,10,0
28,features.37,80,0,80,0,0,0,0,0,0,0,0,10,0
28,features.40,80,0,80,0,0,0,0,0,0,0,0,10,0
28,features.7,20,0,20,0,0,0,0,0,0,0,0,10,0
29,features.0,10,0,10,0,0,0,0,0,0,0,0,10,0
29,features.10,20,0,20,0,0,0,0,0,0,0,0,10,0
29,features.14,40,0,40,0,0,0,0,0,0,0,0,10,0
29,features.17,40,0,40,0,0,0,0,0,0,0,0,10,0
29,features.20,40,0,40,0,0,0,0,0,0,0,0,10,0
29,features.24,80,0,80,0,0,0,0,0,0,0,0,10,0
29,features.27,80,0,80,0,0,0,0,0,0,0,0,10,0
29,features.3,10,0,10,0,0,0,0,0,0,0,0,10,0
29,features.30,80,0,80,0,0,0,0,0,0,0,0,10,0
29,features.34,80,0,80,0,0,0,0,0,0,0,0,10,0
29,features.37,80,0,80,0,0,0,0,0,0,0,0,10,0
29,features.40,80,0,80,0,0,0,0,0,0,0,0,10,0
29,features.7,20,0,20,0,0,0,0,0,0,0,0,10,0
30,features.0,10,0,10,0,0,0,0,0,0,0,0,10,0
30,features.10,20,0,20,0,0,0,0,0,0,0,0,10,0
30,features.14,40,0,40,0,0,0,0,0,0,0,0,10,0
30,features.17,40,0,40,0,0,0,0,0,0,0,0,10,0
30,features.20,40,0,40,0,0,0,0,0,0,0,0,10,0
30,features.24,80,0,80,0,0,0,0,0,0,0,0,10,0
30,features.27,80,0,80,0,0,0,0,0,0,0,0,10,0
30,features.3,10,0,10,0,0,0,0,0,0,0,0,10,0
30,features.30,80,0,80,0,0,0,0,0,0,0,0,10,0
30,features.34,80,0,80,0,0,0,0,0,0,0,0,10,0
30,features.37,80,0,80,0,0,0,0,0,0,0,0,10,0
30,features.40,80,0,80,0,0,0,0,0,0,0,0,10,0
30,features.7,20,0,20,0,0,0,0,0,0,0,0,10,0
31,features.0,10,0,10,0,0,0,0,0,0,0,0,10,0
31,features.10,20,0,20,0,0,0,0,0,0,0,0,10,0
31,features.14,40,0,40,0,0,0,0,0,0,0,0,10,0
31,features.17,40,0,40,0,0,0,0,0,0,0,0,10,0
31,features.20,40,0,40,0,0,0,0,0,0,0,0,10,0
31,features.24,80,0,80,0,0,0,0,0,0,0,0,10,0
31,features.27,80,0,80,0,0,0,0,0,0,0,0,10,0
31,features.3,10,0,10,0,0,0,0,0,0,0,0,10,0
31,features.30,80,0,80,0,0,0,0,0,0,0,0,10,0
31,features.34,80,0,80,0,0,0,0,0,0,0,0,10,0
31,features.37,80,0,80,0,0,0,0,0,0,0,0,10,0
31,features.40,80,0,80,0,0,0,0,0,0,0,0,10,0
31,features.7,20,0,20,0,0,0,0,0,0,0,0,10,0
32,features.0,10,0,10,0,0,0,0,0,0,0,0,10,0
32,features.10,20,0,20,0,0,0,0,0,0,0,0,10,0
32,features.14,40,0,40,0,0,0,0,0,0,0,0,10,0
32,features.17,40,0,40,0,0,0,0,0,0,0,0,10,0
32,features.20,40,0,40,0,0,0,0,0,0,0,0,10,0
32,features.24,80,0,80,0,0,0,0,0,0,0,0,10,0
32,features.27,80,0,80,0,0,0,0,0,0,0,0,10,0
32,features.3,10,0,10,0,0,0,0,0,0,0,0,10,0
32,features.30,80,0,80,0,0,0,0,0,0,0,0,10,0
32,features.34,80,0,80,0,0,0,0,0,0,0,0,10,0
32,features.37,80,0,80,0,0,0,0,0,0,0,0,10,0
32,features.40,80,0,80,0,0,0,0,0,0,0,0,10,0
32,features.7,20,0,20,0,0,0,0,0,0,0,0,10,0
33,features.0,10,0,10,0,0,0,0,0,0,0,0,10,0
33,features.10,20,0,20,0,0,0,0,0,0,0,0,10,0
33,features.14,40,0,40,0,0,0,0,0,0,0,0,10,0
33,features.17,40,0,40,0,0,0,0,0,0,0,0,10,0
33,features.20,40,0,40,0,0,0,0,0,0,0,0,10,0
33,features.24,80,0,80,0,0,0,0,0,0,0,0,10,0
33,features.27,80,0,80,0,0,0,0,0,0,0,0,10,0
33,features.3,10,0,10,0,0,0,0,0,0,0,0,10,0
33,features.30,80,0,80,0,0,0,0,0,0,0,0,10,0
33,features.34,80,0,80,0,0,0,0,0,0,0,0,10,0
33,features.37,80,0,80,0,0,0,0,0,0,0,0,10,0
33,features.40,80,0,80,0,0,0,0,0,0,0,0,10,0
33,features.7,20,0,20,0,0,0,0,0,0,0,0,10,0
34,features.0,10,0,10,0,0,0,0,0,0,0,0,10,0
34,features.10,20,0,20,0,0,0,0,0,0,0,0,10,0
34,features.14,40,0,40,0,0,0,0,0,0,0,0,10,0
34,features.17,40,0,40,0,0,0,0,0,0,0,0,10,0
34,features.20,40,0,40,0,0,0,0,0,0,0,0,10,0
34,features.24,80,0,80,0,0,0,0,0,0,0,0,10,0
34,features.27,80,0,80,0,0,0,0,0,0,0,0,10,0
34,features.3,10,0,10,0,0,0,0,0,0,0,0,10,0
34,features.30,80,0,80,0,0,0,0,0,0,0,0,10,0
34,features.34,80,0,80,0,0,0,0,0,0,0,0,10,0
34,features.37,80,0,80,0,0,0,0,0,0,0,0,10,0
34,features.40,80,0,80,0,0,0,0,0,0,0,0,10,0
34,features.7,20,0,20,0,0,0,0,0,0,0,0,10,0
35,features.0,10,0,10,0,0,0,0,0,0,0,0,10,0
35,features.10,20,0,20,0,0,0,0,0,0,0,0,10,0
35,features.14,40,0,40,0,0,0,0,0,0,0,0,10,0
35,features.17,40,0,40,0,0,0,0,0,0,0,0,10,0
35,features.20,40,0,40,0,0,0,0,0,0,0,0,10,0
35,features.24,80,0,80,0,0,0,0,0,0,0,0,10,0
35,features.27,80,0,80,0,0,0,0,0,0,0,0,10,0
35,features.3,10,0,10,0,0,0,0,0,0,0,0,10,0
35,features.30,80,0,80,0,0,0,0,0,0,0,0,10,0
35,features.34,80,0,80,0,0,0,0,0,0,0,0,10,0
35,features.37,80,0,80,0,0,0,0,0,0,0,0,10,0
35,features.40,80,0,80,0,0,0,0,0,0,0,0,10,0
35,features.7,20,0,20,0,0,0,0,0,0,0,0,10,0
36,features.0,10,0,10,0,0,0,0,0,0,0,0,10,0
36,features.10,20,0,20,0,0,0,0,0,0,0,0,10,0
36,features.14,40,0,40,0,0,0,0,0,0,0,0,10,0
36,features.17,40,0,40,0,0,0,0,0,0,0,0,10,0
36,features.20,40,0,40,0,0,0,0,0,0,0,0,10,0
36,features.24,80,0,80,0,0,0,0,0,0,0,0,10,0
36,features.27,80,0,80,0,0,0,0,0,0,0,0,10,0
36,features.3,10,0,10,0,0,0,0,0,0,0,0,10,0
36,features.30,80,0,80,0,0,0,0,0,0,0,0,10,0
36,features.34,80,0,80,0,0,0,0,0,0,0,0,10,0
36,features.37,80,0,80,0,0,0,0,0,0,0,0,10,0
36,features.40,80,0,80,0,0,0,0,0,0,0,0,10,0
36,features.7,20,0,20,0,0,0,0,0,0,0,0,10,0
37,features.0,10,0,10,0,0,0,0,0,0,0,0,10,0
37,features.10,20,0,20,0,0,0,0,0,0,0,0,10,0
37,features.14,40,0,40,0,0,0,0,0,0,0,0,10,0
37,features.17,40,0,40,0,0,0,0,0,0,0,0,10,0
37,features.20,40,0,40,0,0,0,0,0,0,0,0,10,0
37,features.24,80,0,80,0,0,0,0,0,0,0,0,10,0
37,features.27,80,0,80,0,0,0,0,0,0,0,0,10,0
37,features.3,10,0,10,0,0,0,0,0,0,0,0,10,0
37,features.30,80,0,80,0,0,0,0,0,0,0,0,10,0
37,features.34,80,0,80,0,0,0,0,0,0,0,0,10,0
37,features.37,80,0,80,0,0,0,0,0,0,0,0,10,0
37,features.40,80,0,80,0,0,0,0,0,0,0,0,10,0
37,features.7,20,0,20,0,0,0,0,0,0,0,0,10,0
38,features.0,10,0,10,0,0,0,0,0,0,0,0,10,0
38,features.10,20,0,20,0,0,0,0,0,0,0,0,10,0
38,features.14,40,0,40,0,0,0,0,0,0,0,0,10,0
38,features.17,40,0,40,0,0,0,0,0,0,0,0,10,0
38,features.20,40,0,40,0,0,0,0,0,0,0,0,10,0
38,features.24,80,0,80,0,0,0,0,0,0,0,0,10,0
38,features.27,80,0,80,0,0,0,0,0,0,0,0,10,0
38,features.3,10,0,10,0,0,0,0,0,0,0,0,10,0
38,features.30,80,0,80,0,0,0,0,0,0,0,0,10,0
38,features.34,80,0,80,0,0,0,0,0,0,0,0,10,0
38,features.37,80,0,80,0,0,0,0,0,0,0,0,10,0
38,features.40,80,0,80,0,0,0,0,0,0,0,0,10,0
38,features.7,20,0,20,0,0,0,0,0,0,0,0,10,0
39,features.0,10,0,10,0,0,0,0,0,0,0,0,10,0
39,features.10,20,0,20,0,0,0,0,0,0,0,0,10,0
39,features.14,40,0,40,0,0,0,0,0,0,0,0,10,0
39,features.17,40,0,40,0,0,0,0,0,0,0,0,10,0
39,features.20,40,0,40,0,0,0,0,0,0,0,0,10,0
39,features.24,80,0,80,0,0,0,0,0,0,0,0,10,0
39,features.27,80,0,80,0,0,0,0,0,0,0,0,10,0
39,features.3,10,0,10,0,0,0,0,0,0,0,0,10,0
39,features.30,80,0,80,0,0,0,0,0,0,0,0,10,0
39,features.34,80,0,80,0,0,0,0,0,0,0,0,10,0
39,features.37,80,0,80,0,0,0,0,0,0,0,0,10,0
39,features.40,80,0,80,0,0,0,0,0,0,0,0,10,0
39,features.7,20,0,20,0,0,0,0,0,0,0,0,10,0
40,features.0,10,0,10,0,0,0,0,0,0,0,0,10,0
40,features.10,20,0,20,0,0,0,0,0,0,0,0,10,0
40,features.14,40,0,40,0,0,0,0,0,0,0,0,10,0
40,features.17,40,0,40,0,0,0,0,0,0,0,0,10,0
40,features.20,40,0,40,0,0,0,0,0,0,0,0,10,0
40,features.24,80,0,80,0,0,0,0,0,0,0,0,10,0
40,features.27,80,0,80,0,0,0,0,0,0,0,0,10,0
40,features.3,10,0,10,0,0,0,0,0,0,0,0,10,0
40,features.30,80,0,80,0,0,0,0,0,0,0,0,10,0
40,features.34,80,0,80,0,0,0,0,0,0,0,0,10,0
40,features.37,80,0,80,0,0,0,0,0,0,0,0,10,0
40,features.40,80,0,80,0,0,0,0,0,0,0,0,10,0
40,features.7,20,0,20,0,0,0,0,0,0,0,0,10,0
41,features.0,10,0,10,0,0,0,0,0,0,0,0,10,0
41,features.10,20,0,20,0,0,0,0,0,0,0,0,10,0
41,features.14,40,0,40,0,0,0,0,0,0,0,0,10,0
41,features.17,40,0,40,0,0,0,0,0,0,0,0,10,0
41,features.20,40,0,40,0,0,0,0,0,0,0,0,10,0
41,features.24,80,0,80,0,0,0,0,0,0,0,0,10,0
41,features.27,80,0,80,0,0,0,0,0,0,0,0,10,0
41,features.3,10,0,10,0,0,0,0,0,0,0,0,10,0
41,features.30,80,0,80,0,0,0,0,0,0,0,0,10,0
41,features.34,80,0,80,0,0,0,0,0,0,0,0,10,0
41,features.37,80,0,80,0,0,0,0,0,0,0,0,10,0
41,features.40,80,0,80,0,0,0,0,0,0,0,0,10,0
41,features.7,20,0,20,0,0,0,0,0,0,0,0,10,0
42,features.0,10,0,10,0,0,0,0,0,0,0,0,10,0
42,features.10,20,0,20,0,0,0,0,0,0,0,0,10,0
42,features.14,40,0,40,0,0,0,0,0,0,0,0,10,0
42,features.17,40,0,40,0,0,0,0,0,0,0,0,10,0
42,features.20,40,0,40,0,0,0,0,0,0,0,0,10,0
42,features.24,80,0,80,0,0,0,0,0,0,0,0,10,0
42,features.27,80,0,80,0,0,0,0,0,0,0,0,10,0
42,features.3,10,0,10,0,0,0,0,0,0,0,0,10,0
42,features.30,80,0,80,0,0,0,0,0,0,0,0,10,0
42,features.34,80,0,80,0,0,0,0,0,0,0,0,10,0
42,features.37,80,0,80,0,0,0,0,0,0,0,0,10,0
42,features.40,80,0,80,0,0,0,0,0,0,0,0,10,0
42,features.7,20,0,20,0,0,0,0,0,0,0,0,10,0
43,features.0,10,0,10,0,0,0,0,0,0,0,0,10,0
43,features.10,20,0,20,0,0,0,0,0,0,0,0,10,0
43,features.14,40,0,40,0,0,0,0,0,0,0,0,10,0
43,features.17,40,0,40,0,0,0,0,0,0,0,0,10,0
43,features.20,40,0,40,0,0,0,0,0,0,0,0,10,0
43,features.24,80,0,80,0,0,0,0,0,0,0,0,10,0
43,features.27,80,0,80,0,0,0,0,0,0,0,0,10,0
43,features.3,10,0,10,0,0,0,0,0,0,0,0,10,0
43,features.30,80,0,80,0,0,0,0,0,0,0,0,10,0
43,features.34,80,0,80,0,0,0,0,0,0,0,0,10,0
43,features.37,80,0,80,0,0,0,0,0,0,0,0,10,0
43,features.40,80,0,80,0,0,0,0,0,0,0,0,10,0
43,features.7,20,0,20,0,0,0,0,0,0,0,0,10,0
44,features.0,10,0,10,0,0,0,0,0,0,0,0,10,0
44,features.10,20,0,20,0,0,0,0,0,0,0,0,10,0
44,features.14,40,0,40,0,0,0,0,0,0,0,0,10,0
44,features.17,40,0,40,0,0,0,0,0,0,0,0,10,0
44,features.20,40,0,40,0,0,0,0,0,0,0,0,10,0
44,features.24,80,0,80,0,0,0,0,0,0,0,0,10,0
44,features.27,80,0,80,0,0,0,0,0,0,0,0,10,0
44,features.3,10,0,10,0,0,0,0,0,0,0,0,10,0
44,features.30,80,0,80,0,0,0,0,0,0,0,0,10,0
44,features.34,80,0,80,0,0,0,0,0,0,0,0,10,0
44,features.37,80,0,80,0,0,0,0,0,0,0,0,10,0
44,features.40,80,0,80,0,0,0,0,0,0,0,0,10,0
44,features.7,20,0,20,0,0,0,0,0,0,0,0,10,0
45,features.0,10,0,10,0,0,0,0,0,0,0,0,10,0
45,features.10,20,0,20,0,0,0,0,0,0,0,0,10,0
45,features.14,40,0,40,0,0,0,0,0,0,0,0,10,0
45,features.17,40,0,40,0,0,0,0,0,0,0,0,10,0
45,features.20,40,0,40,0,0,0,0,0,0,0,0,10,0
45,features.24,80,0,80,0,0,0,0,0,0,0,0,10,0
45,features.27,80,0,80,0,0,0,0,0,0,0,0,10,0
45,features.3,10,0,10,0,0,0,0,0,0,0,0,10,0
45,features.30,80,0,80,0,0,0,0,0,0,0,0,10,0
45,features.34,80,0,80,0,0,0,0,0,0,0,0,10,0
45,features.37,80,0,80,0,0,0,0,0,0,0,0,10,0
45,features.40,80,0,80,0,0,0,0,0,0,0,0,10,0
45,features.7,20,0,20,0,0,0,0,0,0,0,0,10,0
46,features.0,10,0,10,0,0,0,0,0,0,0,0,10,0
46,features.10,20,0,20,0,0,0,0,0,0,0,0,10,0
46,features.14,40,0,40,0,0,0,0,0,0,0,0,10,0
46,features.17,40,0,40,0,0,0,0,0,0,0,0,10,0
46,features.20,40,0,40,0,0,0,0,0,0,0,0,10,0
46,features.24,80,0,80,0,0,0,0,0,0,0,0,10,0
46,features.27,80,0,80,0,0,0,0,0,0,0,0,10,0
46,features.3,10,0,10,0,0,0,0,0,0,0,0,10,0
46,features.30,80,0,80,0,0,0,0,0,0,0,0,10,0
46,features.34,80,0,80,0,0,0,0,0,0,0,0,10,0
46,features.37,80,0,80,0,0,0,0,0,0,0,0,10,0
46,features.40,80,0,80,0,0,0,0,0,0,0,0,10,0
46,features.7,20,0,20,0,0,0,0,0,0,0,0,10,0
47,features.0,10,0,10,0,0,0,0,0,0,0,0,10,0
47,features.10,20,0,20,0,0,0,0,0,0,0,0,10,0
47,features.14,40,0,40,0,0,0,0,0,0,0,0,10,0
47,features.17,40,0,40,0,0,0,0,0,0,0,0,10,0
47,features.20,40,0,40,0,0,0,0,0,0,0,0,10,0
47,features.24,80,0,80,0,0,0,0,0,0,0,0,10,0
47,features.27,80,0,80,0,0,0,0,0,0,0,0,10,0
47,features.3,10,0,10,0,0,0,0,0,0,0,0,10,0
47,features.30,80,0,80,0,0,0,0,0,0,0,0,10,0
47,features.34,80,0,80,0,0,0,0,0,0,0,0,10,0
47,features.37,80,0,80,0,0,0,0,0,0,0,0,10,0
47,features.40,80,0,80,0,0,0,0,0,0,0,0,10,0
47,features.7,20,0,20,0,0,0,0,0,0,0,0,10,0
48,features.0,10,0,10,0,0,0,0,0,0,0,0,10,0
48,features.10,20,0,20,0,0,0,0,0,0,0,0,10,0
48,features.14,40,0,40,0,0,0,0,0,0,0,0,10,0
48,features.17,40,0,40,0,0,0,0,0,0,0,0,10,0
48,features.20,40,0,40,0,0,0,0,0,0,0,0,10,0
48,features.24,80,0,80,0,0,0,0,0,0,0,0,10,0
48,features.27,80,0,80,0,0,0,0,0,0,0,0,10,0
48,features.3,10,0,10,0,0,0,0,0,0,0,0,10,0
48,features.30,80,0,80,0,0,0,0,0,0,0,0,10,0
48,features.34,80,0,80,0,0,0,0,0,0,0,0,10,0
48,features.37,80,0,80,0,0,0,0,0,0,0,0,10,0
48,features.40,80,0,80,0,0,0,0,0,0,0,0,10,0
48,features.7,20,0,20,0,0,0,0,0,0,0,0,10,0
49,features.0,10,0,10,0,0,0,0,0,0,0,0,10,0
49,features.10,20,0,20,0,0,0,0,0,0,0,0,10,0
49,features.14,40,0,40,0,0,0,0,0,0,0,0,10,0
49,features.17,40,0,40,0,0,0,0,0,0,0,0,10,0
49,features.20,40,0,40,0,0,0,0,0,0,0,0,10,0
49,features.24,80,0,80,0,0,0,0,0,0,0,0,10,0
49,features.27,80,0,80,0,0,0,0,0,0,0,0,10,0
49,features.3,10,0,10,0,0,0,0,0,0,0,0,10,0
49,features.30,80,0,80,0,0,0,0,0,0,0,0,10,0
49,features.34,80,0,80,0,0,0,0,0,0,0,0,10,0
49,features.37,80,0,80,0,0,0,0,0,0,0,0,10,0
49,features.40,80,0,80,0,0,0,0,0,0,0,0,10,0
49,features.7,20,0,20,0,0,0,0,0,0,0,0,10,0
50,features.0,10,0,10,0,0,0,0,0,0,0,0,10,0
50,features.10,20,0,20,0,0,0,0,0,0,0,0,10,0
50,features.14,40,0,40,0,0,0,0,0,0,0,0,10,0
50,features.17,40,0,40,0,0,0,0,0,0,0,0,10,0
50,features.20,40,0,40,0,0,0,0,0,0,0,0,10,0
50,features.24,80,0,80,0,0,0,0,0,0,0,0,10,0
50,features.27,80,0,80,0,0,0,0,0,0,0,0,10,0
50,features.3,10,0,10,0,0,0,0,0,0,0,0,10,0
50,features.30,80,0,80,0,0,0,0,0,0,0,0,10,0
50,features.34,80,0,80,0,0,0,0,0,0,0,0,10,0
50,features.37,80,0,80,0,0,0,0,0,0,0,0,10,0
50,features.40,80,0,80,0,0,0,0,0,0,0,0,10,0
50,features.7,20,0,20,0,0,0,0,0,0,0,0,10,0
51,features.0,10,0,10,0,0,0,0,0,0,0,0,10,0
51,features.10,20,0,20,0,0,0,0,0,0,0,0,10,0
51,features.14,40,0,40,0,0,0,0,0,0,0,0,10,0
51,features.17,40,0,40,0,0,0,0,0,0,0,0,10,0
51,features.20,40,0,40,0,0,0,0,0,0,0,0,10,0
51,features.24,80,0,80,0,0,0,0,0,0,0,0,10,0
51,features.27,80,0,80,0,0,0,0,0,0,0,0,10,0
51,features.3,10,0,10,0,0,0,0,0,0,0,0,10,0
51,features.30,80,0,80,0,0,0,0,0,0,0,0,10,0
51,features.34,80,0,80,0,0,0,0,0,0,0,0,10,0
51,features.37,80,0,80,0,0,0,0,0,0,0,0,10,0
51,features.40,80,0,80,0,0,0,0,0,0,0,0,10,0
51,features.7,20,0,20,0,0,0,0,0,0,0,0,10,0
52,features.0,10,0,10,0,0,0,0,0,0,0,0,10,0
52,features.10,20,0,20,0,0,0,0,0,0,0,0,10,0
52,features.14,40,0,40,0,0,0,0,0,0,0,0,10,0
52,features.17,40,0,40,0,0,0,0,0,0,0,0,10,0
52,features.20,40,0,40,0,0,0,0,0,0,0,0,10,0
52,features.24,80,0,80,0,0,0,0,0,0,0,0,10,0
52,features.27,80,0,80,0,0,0,0,0,0,0,0,10,0
52,features.3,10,0,10,0,0,0,0,0,0,0,0,10,0
52,features.30,80,0,80,0,0,0,0,0,0,0,0,10,0
52,features.34,80,0,80,0,0,0,0,0,0,0,0,10,0
52,features.37,80,0,80,0,0,0,0,0,0,0,0,10,0
52,features.40,80,0,80,0,0,0,0,0,0,0,0,10,0
52,features.7,20,0,20,0,0,0,0,0,0,0,0,10,0
53,features.0,10,0,10,0,0,0,0,0,0,0,0,10,0
53,features.10,20,0,20,0,0,0,0,0,0,0,0,10,0
53,features.14,40,0,40,0,0,0,0,0,0,0,0,10,0
53,features.17,40,0,40,0,0,0,0,0,0,0,0,10,0
53,features.20,40,0,40,0,0,0,0,0,0,0,0,10,0
53,features.24,80,0,80,0,0,0,0,0,0,0,0,10,0
53,features.27,80,0,80,0,0,0,0,0,0,0,0,10,0
53,features.3,10,0,10,0,0,0,0,0,0,0,0,10,0
53,features.30,80,0,80,0,0,0,0,0,0,0,0,10,0
53,features.34,80,0,80,0,0,0,0,0,0,0,0,10,0
53,features.37,80,0,80,0,0,0,0,0,0,0,0,10,0
53,features.40,80,0,80,0,0,0,0,0,0,0,0,10,0
53,features.7,20,0,20,0,0,0,0,0,0,0,0,10,0
54,features.0,10,0,10,0,0,0,0,0,0,0,0,10,0
54,features.10,20,0,20,0,0,0,0,0,0,0,0,10,0
54,features.14,40,0,40,0,0,0,0,0,0,0,0,10,0
54,features.17,40,0,40,0,0,0,0,0,0,0,0,10,0
54,features.20,40,0,40,0,0,0,0,0,0,0,0,10,0
54,features.24,80,0,80,0,0,0,0,0,0,0,0,10,0
54,features.27,80,0,80,0,0,0,0,0,0,0,0,10,0
54,features.3,10,0,10,0,0,0,0,0,0,0,0,10,0
54,features.30,80,0,80,0,0,0,0,0,0,0,0,10,0
54,features.34,80,0,80,0,0,0,0,0,0,0,0,10,0
54,features.37,80,0,80,0,0,0,0,0,0,0,0,10,0
54,features.40,80,0,80,0,0,0,0,0,0,0,0,10,0
54,features.7,20,0,20,0,0,0,0,0,0,0,0,10,0
55,features.0,10,0,10,0,0,0,0,0,0,0,0,10,0
55,features.10,20,0,20,0,0,0,0,0,0,0,0,10,0
55,features.14,40,0,40,0,0,0,0,0,0,0,0,10,0
55,features.17,40,0,40,0,0,0,0,0,0,0,0,10,0
55,features.20,40,0,40,0,0,0,0,0,0,0,0,10,0
55,features.24,80,0,80,0,0,0,0,0,0,0,0,10,0
55,features.27,80,0,80,0,0,0,0,0,0,0,0,10,0
55,features.3,10,0,10,0,0,0,0,0,0,0,0,10,0
55,features.30,80,0,80,0,0,0,0,0,0,0,0,10,0
55,features.34,80,0,80,0,0,0,0,0,0,0,0,10,0
55,features.37,80,0,80,0,0,0,0,0,0,0,0,10,0
55,features.40,80,0,80,0,0,0,0,0,0,0,0,10,0
55,features.7,20,0,20,0,0,0,0,0,0,0,0,10,0
56,features.0,10,0,10,0,0,0,0,0,0,0,0,10,0
56,features.10,20,0,20,0,0,0,0,0,0,0,0,10,0
56,features.14,40,0,40,0,0,0,0,0,0,0,0,10,0
56,features.17,40,0,40,0,0,0,0,0,0,0,0,10,0
56,features.20,40,0,40,0,0,0,0,0,0,0,0,10,0
56,features.24,80,0,80,0,0,0,0,0,0,0,0,10,0
56,features.27,80,0,80,0,0,0,0,0,0,0,0,10,0
56,features.3,10,0,10,0,0,0,0,0,0,0,0,10,0
56,features.30,80,0,80,0,0,0,0,0,0,0,0,10,0
56,features.34,80,0,80,0,0,0,0,0,0,0,0,10,0
56,features.37,80,0,80,0,0,0,0,0,0,0,0,10,0
56,features.40,80,0,80,0,0,0,0,0,0,0,0,10,0
56,features.7,20,0,20,0,0,0,0,0,0,0,0,10,0
57,features.0,10,0,10,0,0,0,0,0,0,0,0,10,0
57,features.10,20,0,20,0,0,0,0,0,0,0,0,10,0
57,features.14,40,0,40,0,0,0,0,0,0,0,0,10,0
57,features.17,40,0,40,0,0,0,0,0,0,0,0,10,0
57,features.20,40,0,40,0,0,0,0,0,0,0,0,10,0
57,features.24,80,0,80,0,0,0,0,0,0,0,0,10,0
57,features.27,80,0,80,0,0,0,0,0,0,0,0,10,0
57,features.3,10,0,10,0,0,0,0,0,0,0,0,10,0
57,features.30,80,0,80,0,0,0,0,0,0,0,0,10,0
57,features.34,80,0,80,0,0,0,0,0,0,0,0,10,0
57,features.37,80,0,80,0,0,0,0,0,0,0,0,10,0
57,features.40,80,0,80,0,0,0,0,0,0,0,0,10,0
57,features.7,20,0,20,0,0,0,0,0,0,0,0,10,0
58,features.0,10,0,10,0,0,0,0,0,0,0,0,10,0
58,features.10,20,0,20,0,0,0,0,0,0,0,0,10,0
58,features.14,40,0,40,0,0,0,0,0,0,0,0,10,0
58,features.17,40,0,40,0,0,0,0,0,0,0,0,10,0
58,features.20,40,0,40,0,0,0,0,0,0,0,0,10,0
58,features.24,80,0,80,0,0,0,0,0,0,0,0,10,0
58,features.27,80,0,80,0,0,0,0,0,0,0,0,10,0
58,features.3,10,0,10,0,0,0,0,0,0,0,0,10,0
58,features.30,80,0,80,0,0,0,0,0,0,0,0,10,0
58,features.34,80,0,80,0,0,0,0,0,0,0,0,10,0
58,features.37,80,0,80,0,0,0,0,0,0,0,0,10,0
58,features.40,80,0,80,0,0,0,0,0,0,0,0,10,0
58,features.7,20,0,20,0,0,0,0,0,0,0,0,10,0
59,features.0,10,0,10,0,0,0,0,0,0,0,0,10,0
59,features.10,20,0,20,0,0,0,0,0,0,0,0,10,0
59,features.14,40,0,40,0,0,0,0,0,0,0,0,10,0
59,features.17,40,0,40,0,0,0,0,0,0,0,0,10,0
59,features.20,40,0,40,0,0,0,0,0,0,0,0,10,0
59,features.24,80,0,80,0,0,0,0,0,0,0,0,10,0
59,features.27,80,0,80,0,0,0,0,0,0,0,0,10,0
59,features.3,10,0,10,0,0,0,0,0,0,0,0,10,0
59,features.30,80,0,80,0,0,0,0,0,0,0,0,10,0
59,features.34,80,0,80,0,0,0,0,0,0,0,0,10,0
59,features.37,80,0,80,0,0,0,0,0,0,0,0,10,0
59,features.40,80,0,80,0,0,0,0,0,0,0,0,10,0
59,features.7,20,0,20,0,0,0,0,0,0,0,0,10,0
60,features.0,10,0,10,0,0,0,0,0,0,0,0,10,0
60,features.10,20,0,20,0,0,0,0,0,0,0,0,10,0
60,features.14,40,0,40,0,0,0,0,0,0,0,0,10,0
60,features.17,40,0,40,0,0,0,0,0,0,0,0,10,0
60,features.20,40,0,40,0,0,0,0,0,0,0,0,10,0
60,features.24,80,0,80,0,0,0,0,0,0,0,0,10,0
60,features.27,80,0,80,0,0,0,0,0,0,0,0,10,0
60,features.3,10,0,10,0,0,0,0,0,0,0,0,10,0
60,features.30,80,0,80,0,0,0,0,0,0,0,0,10,0
60,features.34,80,0,80,0,0,0,0,0,0,0,0,10,0
60,features.37,80,0,80,0,0,0,0,0,0,0,0,10,0
60,features.40,80,0,80,0,0,0,0,0,0,0,0,10,0
60,features.7,20,0,20,0,0,0,0,0,0,0,0,10,0
61,features.0,10,0,10,0,0,0,0,0,0,0,0,10,0
61,features.10,20,0,20,0,0,0,0,0,0,0,0,10,0
61,features.14,40,0,40,0,0,0,0,0,0,0,0,10,0
61,features.17,40,0,40,0,0,0,0,0,0,0,0,10,0
61,features.20,40,0,40,0,0,0,0,0,0,0,0,10,0
61,features.24,80,0,80,0,0,0,0,0,0,0,0,10,0
61,features.27,80,0,80,0,0,0,0,0,0,0,0,10,0
61,features.3,10,0,10,0,0,0,0,0,0,0,0,10,0
61,features.30,80,0,80,0,0,0,0,0,0,0,0,10,0
61,features.34,80,0,80,0,0,0,0,0,0,0,0,10,0
61,features.37,80,0,80,0,0,0,0,0,0,0,0,10,0
61,features.40,80,0,80,0,0,0,0,0,0,0,0,10,0
61,features.7,20,0,20,0,0,0,0,0,0,0,0,10,0
62,features.0,10,0,10,0,0,0,0,0,0,0,0,10,0
62,features.10,20,0,20,0,0,0,0,0,0,0,0,10,0
62,features.14,40,0,40,0,0,0,0,0,0,0,0,10,0
62,features.17,40,0,40,0,0,0,0,0,0,0,0,10,0
62,features.20,40,0,40,0,0,0,0,0,0,0,0,10,0
62,features.24,80,0,80,0,0,0,0,0,0,0,0,10,0
62,features.27,80,0,80,0,0,0,0,0,0,0,0,10,0
62,features.3,10,0,10,0,0,0,0,0,0,0,0,10,0
62,features.30,80,0,80,0,0,0,0,0,0,0,0,10,0
62,features.34,80,0,80,0,0,0,0,0,0,0,0,10,0
62,features.37,80,0,80,0,0,0,0,0,0,0,0,10,0
62,features.40,80,0,80,0,0,0,0,0,0,0,0,10,0
62,features.7,20,0,20,0,0,0,0,0,0,0,0,10,0
63,features.0,10,0,10,0,0,0,0,0,0,0,0,10,0
63,features.10,20,0,20,0,0,0,0,0,0,0,0,10,0
63,features.14,40,0,40,0,0,0,0,0,0,0,0,10,0
63,features.17,40,0,40,0,0,0,0,0,0,0,0,10,0
63,features.20,40,0,40,0,0,0,0,0,0,0,0,10,0
63,features.24,80,0,80,0,0,0,0,0,0,0,0,10,0
63,features.27,80,0,80,0,0,0,0,0,0,0,0,10,0
63,features.3,10,0,10,0,0,0,0,0,0,0,0,10,0
63,features.30,80,0,80,0,0,0,0,0,0,0,0,10,0
63,features.34,80,0,80,0,0,0,0,0,0,0,0,10,0
63,features.37,80,0,80,0,0,0,0,0,0,0,0,10,0
63,features.40,80,0,80,0,0,0,0,0,0,0,0,10,0
63,features.7,20,0,20,0,0,0,0,0,0,0,0,10,0
64,features.0,10,0,10,0,0,0,0,0,0,0,0,10,0
64,features.10,20,0,20,0,0,0,0,0,0,0,0,10,0
64,features.14,40,0,40,0,0,0,0,0,0,0,0,10,0
64,features.17,40,0,40,0,0,0,0,0,0,0,0,10,0
64,features.20,40,0,40,0,0,0,0,0,0,0,0,10,0
64,features.24,80,0,80,0,0,0,0,0,0,0,0,10,0
64,features.27,80,0,80,0,0,0,0,0,0,0,0,10,0
64,features.3,10,0,10,0,0,0,0,0,0,0,0,10,0
64,features.30,80,0,80,0,0,0,0,0,0,0,0,10,0
64,features.34,80,0,80,0,0,0,0,0,0,0,0,10,0
64,features.37,80,0,80,0,0,0,0,0,0,0,0,10,0
64,features.40,80,0,80,0,0,0,0,0,0,0,0,10,0
64,features.7,20,0,20,0,0,0,0,0,0,0,0,10,0
65,features.0,10,0,10,0,0,0,0,0,0,0,0,10,0
65,features.10,20,0,20,0,0,0,0,0,0,0,0,10,0
65,features.14,40,0,40,0,0,0,0,0,0,0,0,10,0
65,features.17,40,0,40,0,0,0,0,0,0,0,0,10,0
65,features.20,40,0,40,0,0,0,0,0,0,0,0,10,0
65,features.24,80,0,80,0,0,0,0,0,0,0,0,10,0
65,features.27,80,0,80,0,0,0,0,0,0,0,0,10,0
65,features.3,10,0,10,0,0,0,0,0,0,0,0,10,0
65,features.30,80,0,80,0,0,0,0,0,0,0,0,10,0
65,features.34,80,0,80,0,0,0,0,0,0,0,0,10,0
65,features.37,80,0,80,0,0,0,0,0,0,0,0,10,0
65,features.40,80,0,80,0,0,0,0,0,0,0,0,10,0
65,features.7,20,0,20,0,0,0,0,0,0,0,0,10,0
66,features.0,10,0,10,0,0,0,0,0,0,0,0,10,0
66,features.10,20,0,20,0,0,0,0,0,0,0,0,10,0
66,features.14,40,0,40,0,0,0,0,0,0,0,0,10,0
66,features.17,40,0,40,0,0,0,0,0,0,0,0,10,0
66,features.20,40,0,40,0,0,0,0,0,0,0,0,10,0
66,features.24,80,0,80,0,0,0,0,0,0,0,0,10,0
66,features.27,80,0,80,0,0,0,0,0,0,0,0,10,0
66,features.3,10,0,10,0,0,0,0,0,0,0,0,10,0
66,features.30,80,0,80,0,0,0,0,0,0,0,0,10,0
66,features.34,80,0,80,0,0,0,0,0,0,0,0,10,0
66,features.37,80,0,80,0,0,0,0,0,0,0,0,10,0
66,features.40,80,0,80,0,0,0,0,0,0,0,0,10,0
66,features.7,20,0,20,0,0,0,0,0,0,0,0,10,0
67,features.0,10,0,10,0,0,0,0,0,0,0,0,10,0
67,features.10,20,0,20,0,0,0,0,0,0,0,0,10,0
67,features.14,40,0,40,0,0,0,0,0,0,0,0,10,0
67,features.17,40,0,40,0,0,0,0,0,0,0,0,10,0
67,features.20,40,0,40,0,0,0,0,0,0,0,0,10,0
67,features.24,80,0,80,0,0,0,0,0,0,0,0,10,0
67,features.27,80,0,80,0,0,0,0,0,0,0,0,10,0
67,features.3,10,0,10,0,0,0,0,0,0,0,0,10,0
67,features.30,80,0,80,0,0,0,0,0,0,0,0,10,0
67,features.34,80,0,80,0,0,0,0,0,0,0,0,10,0
67,features.37,80,0,80,0,0,0,0,0,0,0,0,10,0
67,features.40,80,0,80,0,0,0,0,0,0,0,0,10,0
67,features.7,20,0,20,0,0,0,0,0,0,0,0,10,0
68,features.0,10,0,10,0,0,0,0,0,0,0,0,10,0
68,features.10,20,0,20,0,0,0,0,0,0,0,0,10,0
68,features.14,40,0,40,0,0,0,0,0,0,0,0,10,0
68,features.17,40,0,40,0,0,0,0,0,0,0,0,10,0
68,features.20,40,0,40,0,0,0,0,0,0,0,0,10,0
68,features.24,80,0,80,0,0,0,0,0,0,0,0,10,0
68,features.27,80,0,80,0,0,0,0,0,0,0,0,10,0
68,features.3,10,0,10,0,0,0,0,0,0,0,0,10,0
68,features.30,80,0,80,0,0,0,0,0,0,0,0,10,0
68,features.34,80,0,80,0,0,0,0,0,0,0,0,10,0
68,features.37,80,0,80,0,0,0,0,0,0,0,0,10,0
68,features.40,80,0,80,0,0,0,0,0,0,0,0,10,0
68,features.7,20,0,20,0,0,0,0,0,0,0,0,10,0
69,features.0,10,0,10,0,0,0,0,0,0,0,0,10,0
69,features.10,20,0,20,0,0,0,0,0,0,0,0,10,0
69,features.14,40,0,40,0,0,0,0,0,0,0,0,10,0
69,features.17,40,0,40,0,0,0,0,0,0,0,0,10,0
69,features.20,40,0,40,0,0,0,0,0,0,0,0,10,0
69,features.24,80,0,80,0,0,0,0,0,0,0,0,10,0
69,features.27,80,0,80,0,0,0,0,0,0,0,0,10,0
69,features.3,10,0,10,0,0,0,0,0,0,0,0,10,0
69,features.30,80,0,80,0,0,0,0,0,0,0,0,10,0
69,features.34,80,0,80,0,0,0,0,0,0,0,0,10,0
69,features.37,80,0,80,0,0,0,0,0,0,0,0,10,0
69,features.40,80,0,80,0,0,0,0,0,0,0,0,10,0
69,features.7,20,0,20,0,0,0,0,0,0,0,0,10,0
70,features.0,10,0,10,0,0,0,0,0,0,0,0,10,0
70,features.10,20,0,20,0,0,0,0,0,0,0,0,10,0
70,features.14,40,0,40,0,0,0,0,0,0,0,0,10,0
70,features.17,40,0,40,0,0,0,0,0,0,0,0,10,0
70,features.20,40,0,40,0,0,0,0,0,0,0,0,10,0
70,features.24,80,0,80,0,0,0,0,0,0,0,0,10,0
70,features.27,80,0,80,0,0,0,0,0,0,0,0,10,0
70,features.3,10,0,10,0,0,0,0,0,0,0,0,10,0
70,features.30,80,0,80,0,0,0,0,0,0,0,0,10,0
70,features.34,80,0,80,0,0,0,0,0,0,0,0,10,0
70,features.37,80,0,80,0,0,0,0,0,0,0,0,10,0
70,features.40,80,0,80,0,0,0,0,0,0,0,0,10,0
70,features.7,20,0,20,0,0,0,0,0,0,0,0,10,0
71,features.0,10,0,10,0,0,0,0,0,0,0,0,10,0
71,features.10,20,0,20,0,0,0,0,0,0,0,0,10,0
71,features.14,40,0,40,0,0,0,0,0,0,0,0,10,0
71,features.17,40,0,40,0,0,0,0,0,0,0,0,10,0
71,features.20,40,0,40,0,0,0,0,0,0,0,0,10,0
71,features.24,80,0,80,0,0,0,0,0,0,0,0,10,0
71,features.27,80,0,80,0,0,0,0,0,0,0,0,10,0
71,features.3,10,0,10,0,0,0,0,0,0,0,0,10,0
71,features.30,80,0,80,0,0,0,0,0,0,0,0,10,0
71,features.34,80,0,80,0,0,0,0,0,0,0,0,10,0
71,features.37,80,0,80,0,0,0,0,0,0,0,0,10,0
71,features.40,80,0,80,0,0,0,0,0,0,0,0,10,0
71,features.7,20,0,20,0,0,0,0,0,0,0,0,10,0
72,features.0,10,0,10,0,0,0,0,0,0,0,0,10,0
72,features.10,20,0,20,0,0,0,0,0,0,0,0,10,0
72,features.14,40,0,40,0,0,0,0,0,0,0,0,10,0
72,features.17,40,0,40,0,0,0,0,0,0,0,0,10,0
72,features.20,40,0,40,0,0,0,0,0,0,0,0,10,0
72,features.24,80,0,80,0,0,0,0,0,0,0,0,10,0
72,features.27,80,0,80,0,0,0,0,0,0,0,0,10,0
72,features.3,10,0,10,0,0,0,0,0,0,0,0,10,0
72,features.30,80,0,80,0,0,0,0,0,0,0,0,10,0
72,features.34,80,0,80,0,0,0,0,0,0,0,0,10,0
72,features.37,80,0,80,0,0,0,0,0,0,0,0,10,0
72,features.40,80,0,80,0,0,0,0,0,0,0,0,10,0
72,features.7,20,0,20,0,0,0,0,0,0,0,0,10,0
73,features.0,10,0,10,0,0,0,0,0,0,0,0,10,0
73,features.10,20,0,20,0,0,0,0,0,0,0,0,10,0
73,features.14,40,0,40,0,0,0,0,0,0,0,0,10,0
73,features.17,40,0,40,0,0,0,0,0,0,0,0,10,0
73,features.20,40,0,40,0,0,0,0,0,0,0,0,10,0
73,features.24,80,0,80,0,0,0,0,0,0,0,0,10,0
73,features.27,80,0,80,0,0,0,0,0,0,0,0,10,0
73,features.3,10,0,10,0,0,0,0,0,0,0,0,10,0
73,features.30,80,0,80,0,0,0,0,0,0,0,0,10,0
73,features.34,80,0,80,0,0,0,0,0,0,0,0,10,0
73,features.37,80,0,80,0,0,0,0,0,0,0,0,10,0
73,features.40,80,0,80,0,0,0,0,0,0,0,0,10,0
73,features.7,20,0,20,0,0,0,0,0,0,0,0,10,0
74,features.0,10,0,10,0,0,0,0,0,0,0,0,10,0
74,features.10,20,0,20,0,0,0,0,0,0,0,0,10,0
74,features.14,40,0,40,0,0,0,0,0,0,0,0,10,0
74,features.17,40,0,40,0,0,0,0,0,0,0,0,10,0
74,features.20,40,0,40,0,0,0,0,0,0,0,0,10,0
74,features.24,80,0,80,0,0,0,0,0,0,0,0,10,0
74,features.27,80,0,80,0,0,0,0,0,0,0,0,10,0
74,features.3,10,0,10,0,0,0,0,0,0,0,0,10,0
74,features.30,80,0,80,0,0,0,0,0,0,0,0,10,0
74,features.34,80,0,80,0,0,0,0,0,0,0,0,10,0
74,features.37,80,0,80,0,0,0,0,0,0,0,0,10,0
74,features.40,80,0,80,0,0,0,0,0,0,0,0,10,0
74,features.7,20,0,20,0,0,0,0,0,0,0,0,10,0
75,features.0,10,0,10,0,0,0,0,0,0,0,0,10,0
75,features.10,20,0,20,0,0,0,0,0,0,0,0,10,0
75,features.14,40,0,40,0,0,0,0,0,0,0,0,10,0
75,features.17,40,0,40,0,0,0,0,0,0,0,0,10,0
75,features.20,40,0,40,0,0,0,0,0,0,0,0,10,0
75,features.24,80,0,80,0,0,0,0,0,0,0,0,10,0
75,features.27,80,0,80,0,0,0,0,0,0,0,0,10,0
75,features.3,10,0,10,0,0,0,0,0,0,0,0,10,0
75,features.30,80,0,80,0,0,0,0,0,0,0,0,10,0
75,features.34,80,0,80,0,0,0,0,0,0,0,0,10,0
75,features.37,80,0,80,0,0,0,0,0,0,0,0,10,0
75,features.40,80,0,80,0,0,0,0,0,0,0,0,10,0
75,features.7,20,0,20,0,0,0,0,0,0,0,0,10,0
76,features.0,10,0,10,0,0,0,0,0,0,0,0,10,0
76,features.10,20,0,20,0,0,0,0,0,0,0,0,10,0
76,features.14,40,0,40,0,0,0,0,0,0,0,0,10,0
76,features.17,40,0,40,0,0,0,0,0,0,0,0,10,0
76,features.20,40,0,40,0,0,0,0,0,0,0,0,10,0
76,features.24,80,0,80,0,0,0,0,0,0,0,0,10,0
76,features.27,80,0,80,0,0,0,0,0,0,0,0,10,0
76,features.3,10,0,10,0,0,0,0,0,0,0,0,10,0
76,features.30,80,0,80,0,0,0,0,0,0,0,0,10,0
76,features.34,80,0,80,0,0,0,0,0,0,0,0,10,0
76,features.37,80,0,80,0,0,0,0,0,0,0,0,10,0
76,features.40,80,0,80,0,0,0,0,0,0,0,0,10,0
76,features.7,20,0,20,0,0,0,0,0,0,0,0,10,0
77,features.0,10,0,10,0,0,0,0,0,0,0,0,10,0
77,features.10,20,0,20,0,0,0,0,0,0,0,0,10,0
77,features.14,40,0,40,0,0,0,0,0,0,0,0,10,0
77,features.17,40,0,40,0,0,0,0,0,0,0,0,10,0
77,features.20,40,0,40,0,0,0,0,0,0,0,0,10,0
77,features.24,80,0,80,0,0,0,0,0,0,0,0,10,0
77,features.27,80,0,80,0,0,0,0,0,0,0,0,10,0
77,features.3,10,0,10,0,0,0,0,0,0,0,0,10,0
77,features.30,80,0,80,0,0,0,0,0,0,0,0,10,0
77,features.34,80,0,80,0,0,0,0,0,0,0,0,10,0
77,features.37,80,0,80,0,0,0,0,0,0,0,0,10,0
77,features.40,80,0,80,0,0,0,0,0,0,0,0,10,0
77,features.7,20,0,20,0,0,0,0,0,0,0,0,10,0
78,features.10,20,0,20,0,0,0,0,0,0,0,0,10,0
78,features.14,40,0,40,0,0,0,0,0,0,0,0,10,0
78,features.17,40,0,40,0,0,0,0,0,0,0,0,10,0
78,features.20,40,0,40,0,0,0,0,0,0,0,0,10,0
78,features.24,80,0,80,0,0,0,0,0,0,0,0,10,0
78,features.27,80,0,80,0,0,0,0,0,0,0,0,10,0
78,features.3,10,0,10,0,0,0,0,0,0,0,0,10,0
78,features.30,80,0,80,0,0,0,0,0,0,0,0,10,0
78,features.34,80,0,80,0,0,0,0,0,0,0,0,10,0
78,features.37,80,0,80,0,0,0,0,0,0,0,0,10,0
78,features.40,80,0,80,0,0,0,0,0,0,0,0,10,0
78,features.7,20,0,20,0,0,0,0,0,0,0,0,10,0
79,features.10,20,0,20,0,0,0,0,0,0,0,0,10,0
79,features.14,40,0,40,0,0,0,0,0,0,0,0,10,0
79,features.17,40,0,40,0,0,0,0,0,0,0,0,10,0
79,features.20,40,0,40,0,0,0,0,0,0,0,0,10,0
79,features.24,80,0,80,0,0,0,0,0,0,0,0,10,0
79,features.27,80,0,80,0,0,0,0,0,0,0,0,10,0
79,features.3,10,0,10,0,0,0,0,0,0,0,0,10,0
79,features.30,80,0,80,0,0,0,0,0,0,0,0,10,0
79,features.34,80,0,80,0,0,0,0,0,0,0,0,10,0
79,features.37,80,0,80,0,0,0,0,0,0,0,0,10,0
79,features.40,80,0,80,0,0,0,0,0,0,0,0,10,0
79,features.7,20,0,20,0,0,0,0,0,0,0,0,10,0
80,features.10,20,0,20,0,0,0,0,0,0,0,0,10,0
80,features.14,40,0,40,0,0,0,0,0,0,0,0,10,0
80,features.17,40,0,40,0,0,0,0,0,0,0,0,10,0
80,features.20,40,0,40,0,0,0,0,0,0,0,0,10,0
80,features.24,80,0,80,0,0,0,0,0,0,0,0,10,0
80,features.27,80,0,80,0,0,0,0,0,0,0,0,10,0
80,features.3,10,0,10,0,0,0,0,0,0,0,0,10,0
80,features.30,80,0,80,0,0,0,0,0,0,0,0,10,0
80,features.34,80,0,80,0,0,0,0,0,0,0,0,10,0
80,features.37,80,0,80,0,0,0,0,0,0,0,0,10,0
80,features.40,80,0,80,0,0,0,0,0,0,0,0,10,0
80,features.7,20,0,20,0,0,0,0,0,0,0,0,10,0
81,features.10,20,0,20,0,0,0,0,0,0,0,0,10,0
81,features.14,40,0,40,0,0,0,0,0,0,0,0,10,0
81,features.17,40,0,40,0,0,0,0,0,0,0,0,10,0
81,features.20,40,0,40,0,0,0,0,0,0,0,0,10,0
81,features.24,80,0,80,0,0,0,0,0,0,0,0,10,0
81,features.27,80,0,80,0,0,0,0,0,0,0,0,10,0
81,features.3,10,0,10,0,0,0,0,0,0,0,0,10,0
81,features.30,80,0,80,0,0,0,0,0,0,0,0,10,0
81,features.34,80,0,80,0,0,0,0,0,0,0,0,10,0
81,features.37,80,0,80,0,0,0,0,0,0,0,0,10,0
81,features.40,80,0,80,0,0,0,0,0,0,0,0,10,0
81,features.7,20,0,20,0,0,0,0,0,0,0,0,10,0
82,features.10,20,0,20,0,0,0,0,0,0,0,0,10,0
82,features.14,40,0,40,0,0,0,0,0,0,0,0,10,0
82,features.17,40,0,40,0,0,0,0,0,0,0,0,10,0
82,features.20,40,0,40,0,0,0,0,0,0,0,0,10,0
82,features.24,80,0,80,0,0,0,0,0,0,0,0,10,0
82,features.27,80,0,80,0,0,0,0,0,0,0,0,10,0
82,features.3,10,0,10,0,0,0,0,0,0,0,0,10,0
82,features.30,80,0,80,0,0,0,0,0,0,0,0,10,0
82,features.34,80,0,80,0,0,0,0,0,0,0,0,10,0
82,features.37,80,0,80,0,0,0,0,0,0,0,0,10,0
82,features.40,80,0,80,0,0,0,0,0,0,0,0,10,0
82,features.7,20,0,20,0,0,0,0,0,0,0,0,10,0
83,features.10,20,0,20,0,0,0,0,0,0,0,0,10,0
83,features.14,40,0,40,0,0,0,0,0,0,0,0,10,0
83,features.17,40,0,40,0,0,0,0,0,0,0,0,10,0
83,features.20,40,0,40,0,0,0,0,0,0,0,0,10,0
83,features.24,80,0,80,0,0,0,0,0,0,0,0,10,0
83,features.27,80,0,80,0,0,0,0,0,0,0,0,10,0
83,features.3,10,0,10,0,0,0,0,0,0,0,0,10,0
83,features.30,80,0,80,0,0,0,0,0,0,0,0,10,0
83,features.34,80,0,80,0,0,0,0,0,0,0,0,10,0
83,features.37,80,0,80,0,0,0,0,0,0,0,0,10,0
83,features.40,80,0,80,0,0,0,0,0,0,0,0,10,0
83,features.7,20,0,20,0,0,0,0,0,0,0,0,10,0
84,features.10,20,0,20,0,0,0,0,0,0,0,0,10,0
84,features.14,40,0,40,0,0,0,0,0,0,0,0,10,0
84,features.17,40,0,40,0,0,0,0,0,0,0,0,10,0
84,features.20,40,0,40,0,0,0,0,0,0,0,0,10,0
84,features.24,80,0,80,0,0,0,0,0,0,0,0,10,0
84,features.27,80,0,80,0,0,0,0,0,0,0,0,10,0
84,features.3,10,0,10,0,0,0,0,0,0,0,0,10,0
84,features.30,80,0,80,0,0,0,0,0,0,0,0,10,0
84,features.34,80,0,80,0,0,0,0,0,0,0,0,10,0
84,features.37,80,0,80,0,0,0,0,0,0,0,0,10,0
84,features.40,80,0,80,0,0,0,0,0,0,0,0,10,0
84,features.7,20,0,20,0,0,0,0,0,0,0,0,10,0
85,features.10,20,0,20,0,0,0,0,0,0,0,0,10,0
85,features.14,40,0,40,0,0,0,0,0,0,0,0,10,0
85,features.17,40,0,40,0,0,0,0,0,0,0,0,10,0
85,features.20,40,0,40,0,0,0,0,0,0,0,0,10,0
85,features.24,80,0,80,0,0,0,0,0,0,0,0,10,0
85,features.27,80,0,80,0,0,0,0,0,0,0,0,10,0
85,features.3,10,0,10,0,0,0,0,0,0,0,0,10,0
85,features.30,80,0,80,0,0,0,0,0,0,0,0,10,0
85,features.34,80,0,80,0,0,0,0,0,0,0,0,10,0
85,features.37,80,0,80,0,0,0,0,0,0,0,0,10,0
85,features.40,80,0,80,0,0,0,0,0,0,0,0,10,0
85,features.7,20,0,20,0,0,0,0,0,0,0,0,10,0
86,features.10,20,0,20,0,0,0,0,0,0,0,0,10,0
86,features.14,40,0,40,0,0,0,0,0,0,0,0,10,0
86,features.17,40,0,40,0,0,0,0,0,0,0,0,10,0
86,features.20,40,0,40,0,0,0,0,0,0,0,0,10,0
86,features.24,80,0,80,0,0,0,0,0,0,0,0,10,0
86,features.27,80,0,80,0,0,0,0,0,0,0,0,10,0
86,features.3,10,0,10,0,0,0,0,0,0,0,0,10,0
86,features.30,80,0,80,0,0,0,0,0,0,0,0,10,0
86,features.34,80,0,80,0,0,0,0,0,0,0,0,10,0
86,features.37,80,0,80,0,0,0,0,0,0,0,0,10,0
86,features.40,80,0,80,0,0,0,0,0,0,0,0,10,0
86,features.7,20,0,20,0,0,0,0,0,0,0,0,10,0
87,features.10,20,0,20,0,0,0,0,0,0,0,0,10,0
87,features.14,40,0,40,0,0,0,0,0,0,0,0,10,0
87,features.17,40,0,40,0,0,0,0,0,0,0,0,10,0
87,features.20,40,0,40,0,0,0,0,0,0,0,0,10,0
87,features.24,80,0,80,0,0,0,0,0,0,0,0,10,0
87,features.27,80,0,80,0,0,0,0,0,0,0,0,10,0
87,features.3,10,0,10,0,0,0,0,0,0,0,0,10,0
87,features.30,80,0,80,0,0,0,0,0,0,0,0,10,0
87,features.34,80,0,80,0,0,0,0,0,0,0,0,10,0
87,features.37,80,0,80,0,0,0,0,0,0,0,0,10,0
87,features.40,80,0,80,0,0,0,0,0,0,0,0,10,0
87,features.7,20,0,20,0,0,0,0,0,0,0,0,10,0
88,features.10,20,0,20,0,0,0,0,0,0,0,0,10,0
88,features.14,40,0,40,0,0,0,0,0,0,0,0,10,0
88,features.17,40,0,40,0,0,0,0,0,0,0,0,10,0
88,features.20,40,0,40,0,0,0,0,0,0,0,0,10,0
88,features.24,80,0,80,0,0,0,0,0,0,0,0,10,0
88,features.27,80,0,80,0,0,0,0,0,0,0,0,10,0
88,features.3,10,0,10,0,0,0,0,0,0,0,0,10,0
88,features.30,80,0,80,0,0,0,0,0,0,0,0,10,0
88,features.34,80,0,80,0,0,0,0,0,0,0,0,10,0
88,features.37,80,0,80,0,0,0,0,0,0,0,0,10,0
88,features.40,80,0,80,0,0,0,0,0,0,0,0,10,0
88,features.7,20,0,20,0,0,0,0,0,0,0,0,10,0
89,features.10,20,0,20,0,0,0,0,0,0,0,0,10,0
89,features.14,40,0,40,0,0,0,0,0,0,0,0,10,0
89,features.17,40,0,40,0,0,0,0,0,0,0,0,10,0
89,features.20,40,0,40,0,0,0,0,0,0,0,0,10,0
89,features.24,80,0,80,0,0,0,0,0,0,0,0,10,0
89,features.27,80,0,80,0,0,0,0,0,0,0,0,10,0
89,features.3,10,0,10,0,0,0,0,0,0,0,0,10,0
89,features.30,80,0,80,0,0,0,0,0,0,0,0,10,0
89,features.34,80,0,80,0,0,0,0,0,0,0,0,10,0
89,features.37,80,0,80,0,0,0,0,0,0,0,0,10,0
89,features.40,80,0,80,0,0,0,0,0,0,0,0,10,0
89,features.7,20,0,20,0,0,0,0,0,0,0,0,10,0
90,features.10,20,0,20,0,0,0,0,0,0,0,0,10,0
90,features.14,40,0,40,0,0,0,0,0,0,0,0,10,0
90,features.17,40,0,40,0,0,0,0,0,0,0,0,10,0
90,features.20,40,0,40,0,0,0,0,0,0,0,0,10,0
90,features.24,80,0,80,0,0,0,0,0,0,0,0,10,0
90,features.27,80,0,80,0,0,0,0,0,0,0,0,10,0
90,features.3,10,0,10,0,0,0,0,0,0,0,0,10,0
90,features.30,80,0,80,0,0,0,0,0,0,0,0,10,0
90,features.34,80,0,80,0,0,0,0,0,0,0,0,10,0
90,features.37,80,0,80,0,0,0,0,0,0,0,0,10,0
90,features.40,80,0,80,0,0,0,0,0,0,0,0,10,0
90,features.7,20,0,20,0,0,0,0,0,0,0,0,10,0
91,features.10,20,0,20,0,0,0,0,0,0,0,0,10,0
91,features.14,40,0,40,0,0,0,0,0,0,0,0,10,0
91,features.17,40,0,40,0,0,0,0,0,0,0,0,10,0
91,features.20,40,0,40,0,0,0,0,0,0,0,0,10,0
91,features.24,80,0,80,0,0,0,0,0,0,0,0,10,0
91,features.27,80,0,80,0,0,0,0,0,0,0,0,10,0
91,features.3,10,0,10,0,0,0,0,0,0,0,0,10,0
91,features.30,80,0,80,0,0,0,0,0,0,0,0,10,0
91,features.34,80,0,80,0,0,0,0,0,0,0,0,10,0
91,features.37,80,0,80,0,0,0,0,0,0,0,0,10,0
91,features.40,80,0,80,0,0,0,0,0,0,0,0,10,0
91,features.7,20,0,20,0,0,0,0,0,0,0,0,10,0
92,features.10,20,0,20,0,0,0,0,0,0,0,0,10,0
92,features.14,40,0,40,0,0,0,0,0,0,0,0,10,0
92,features.17,40,0,40,0,0,0,0,0,0,0,0,10,0
92,features.20,40,0,40,0,0,0,0,0,0,0,0,10,0
92,features.24,80,0,80,0,0,0,0,0,0,0,0,10,0
92,features.27,80,0,80,0,0,0,0,0,0,0,0,10,0
92,features.3,10,0,10,0,0,0,0,0,0,0,0,10,0
92,features.30,80,0,80,0,0,0,0,0,0,0,0,10,0
92,features.34,80,0,80,0,0,0,0,0,0,0,0,10,0
92,features.37,80,0,80,0,0,0,0,0,0,0,0,10,0
92,features.40,80,0,80,0,0,0,0,0,0,0,0,10,0
92,features.7,20,0,20,0,0,0,0,0,0,0,0,10,0
93,features.10,20,0,20,0,0,0,0,0,0,0,0,10,0
93,features.14,40,0,40,0,0,0,0,0,0,0,0,10,0
93,features.17,40,0,40,0,0,0,0,0,0,0,0,10,0
93,features.20,40,0,40,0,0,0,0,0,0,0,0,10,0
93,features.24,80,0,80,0,0,0,0,0,0,0,0,10,0
93,features.27,80,0,80,0,0,0,0,0,0,0,0,10,0
93,features.3,10,0,10,0,0,0,0,0,0,0,0,10,0
93,features.30,80,0,80,0,0,0,0,0,0,0,0,10,0
93,features.34,80,0,80,0,0,0,0,0,0,0,0,10,0
93,features.37,80,0,80,0,0,0,0,0,0,0,0,10,0
93,features.40,80,0,80,0,0,0,0,0,0,0,0,10,0
93,features.7,20,0,20,0,0,0,0,0,0,0,0,10,0
94,features.10,20,0,20,0,0,0,0,0,0,0,0,10,0
94,features.14,40,0,40,0,0,0,0,0,0,0,0,10,0
94,features.17,40,0,40,0,0,0,0,0,0,0,0,10,0
94,features.20,40,0,40,0,0,0,0,0,0,0,0,10,0
94,features.24,80,0,80,0,0,0,0,0,0,0,0,10,0
94,features.27,80,0,80,0,0,0,0,0,0,0,0,10,0
94,features.3,10,0,10,0,0,0,0,0,0,0,0,10,0
94,features.30,80,0,80,0,0,0,0,0,0,0,0,10,0
94,features.34,80,0,80,0,0,0,0,0,0,0,0,10,0
94,features.37,80,0,80,0,0,0,0,0,0,0,0,10,0
94,features.40,80,0,80,0,0,0,0,0,0,0,0,10,0
94,features.7,20,0,20,0,0,0,0,0,0,0,0,10,0
95,features.10,20,0,20,0,0,0,0,0,0,0,0,10,0
95,features.14,40,0,40,0,0,0,0,0,0,0,0,10,0
95,features.17,40,0,40,0,0,0,0,0,0,0,0,10,0
95,features.20,40,0,40,0,0,0,0,0,0,0,0,10,0
95,features.24,80,0,80,0,0,0,0,0,0,0,0,10,0
95,features.27,80,0,80,0,0,0,0,0,0,0,0,10,0
95,features.3,10,0,10,0,0,0,0,0,0,0,0,10,0
95,features.30,80,0,80,0,0,0,0,0,0,0,0,10,0
95,features.34,80,0,80,0,0,0,0,0,0,0,0,10,0
95,features.37,80,0,80,0,0,0,0,0,0,0,0,10,0
95,features.40,80,0,80,0,0,0,0,0,0,0,0,10,0
95,features.7,20,0,20,0,0,0,0,0,0,0,0,10,0
96,features.10,20,0,20,0,0,0,0,0,0,0,0,10,0
96,features.14,40,0,40,0,0,0,0,0,0,0,0,10,0
96,features.17,40,0,40,0,0,0,0,0,0,0,0,10,0
96,features.20,40,0,40,0,0,0,0,0,0,0,0,10,0
96,features.24,80,0,80,0,0,0,0,0,0,0,0,10,0
96,features.27,80,0,80,0,0,0,0,0,0,0,0,10,0
96,features.3,10,0,10,0,0,0,0,0,0,0,0,10,0
96,features.30,80,0,80,0,0,0,0,0,0,0,0,10,0
96,features.34,80,0,80,0,0,0,0,0,0,0,0,10,0
96,features.37,80,0,80,0,0,0,0,0,0,0,0,10,0
96,features.40,80,0,80,0,0,0,0,0,0,0,0,10,0
96,features.7,20,0,20,0,0,0,0,0,0,0,0,10,0
97,features.10,20,0,20,0,0,0,0,0,0,0,0,10,0
97,features.14,40,0,40,0,0,0,0,0,0,0,0,10,0
97,features.17,40,0,40,0,0,0,0,0,0,0,0,10,0
97,features.20,40,0,40,0,0,0,0,0,0,0,0,10,0
97,features.24,80,0,80,0,0,0,0,0,0,0,0,10,0
97,features.27,80,0,80,0,0,0,0,0,0,0,0,10,0
97,features.3,10,0,10,0,0,0,0,0,0,0,0,10,0
97,features.30,80,0,80,0,0,0,0,0,0,0,0,10,0
97,features.34,80,0,80,0,0,0,0,0,0,0,0,10,0
97,features.37,80,0,80,0,0,0,0,0,0,0,0,10,0
97,features.40,80,0,80,0,0,0,0,0,0,0,0,10,0
97,features.7,20,0,20,0,0,0,0,0,0,0,0,10,0
98,features.10,20,0,20,0,0,0,0,0,0,0,0,10,0
98,features.14,40,0,40,0,0,0,0,0,0,0,0,10,0
98,features.17,40,0,40,0,0,0,0,0,0,0,0,10,0
98,features.20,40,0,40,0,0,0,0,0,0,0,0,10,0
98,features.24,80,0,80,0,0,0,0,0,0,0,0,10,0
98,features.27,80,0,80,0,0,0,0,0,0,0,0,10,0
98,features.3,10,0,10,0,0,0,0,0,0,0,0,10,0
98,features.30,80,0,80,0,0,0,0,0,0,0,0,10,0
98,features.34,80,0,80,0,0,0,0,0,0,0,0,10,0
98,features.37,80,0,80,0,0,0,0,0,0,0,0,10,0
98,features.40,80,0,80,0,0,0,0,0,0,0,0,10,0
98,features.7,20,0,20,0,0,0,0,0,0,0,0,10,0
99,features.10,20,0,20,0,0,0,0,0,0,0,0,10,0
99,features.14,40,0,40,0,0,0,0,0,0,0,0,10,0
99,features.17,40,0,40,0,0,0,0,0,0,0,0,10,0
99,features.20,40,0,40,0,0,0,0,0,0,0,0,10,0
99,features.24,80,0,80,0,0,0,0,0,0,0,0,10,0
99,features.27,80,0,80,0,0,0,0,0,0,0,0,10,0
99,features.3,10,0,10,0,0,0,0,0,0,0,0,10,0
99,features.30,80,0,80,0,0,0,0,0,0,0,0,10,0
99,features.34,80,0,80,0,0,0,0,0,0,0,0,10,0
99,features.37,80,0,80,0,0,0,0,0,0,0,0,10,0
99,features.40,80,0,80,0,0,0,0,0,0,0,0,10,0
99,features.7,20,0,20,0,0,0,0,0,0,0,0,10,0
100,features.10,20,0,20,0,0,0,0,0,0,0,0,10,0
100,features.14,40,0,40,0,0,0,0,0,0,0,0,10,0
100,features.17,40,0,40,0,0,0,0,0,0,0,0,10,0
100,features.20,40,0,40,0,0,0,0,0,0,0,0,10,0
100,features.24,80,0,80,0,0,0,0,0,0,0,0,10,0
100,features.27,80,0,80,0,0,0,0,0,0,0,0,10,0
100,features.3,10,0,10,0,0,0,0,0,0,0,0,10,0
100,features.30,80,0,80,0,0,0,0,0,0,0,0,10,0
100,features.34,80,0,80,0,0,0,0,0,0,0,0,10,0
100,features.37,80,0,80,0,0,0,0,0,0,0,0,10,0
100,features.40,80,0,80,0,0,0,0,0,0,0,0,10,0
100,features.7,20,0,20,0,0,0,0,0,0,0,0,10,0
101,features.10,20,0,20,0,0,0,0,0,0,0,0,10,0
101,features.14,40,0,40,0,0,0,0,0,0,0,0,10,0
101,features.17,40,0,40,0,0,0,0,0,0,0,0,10,0
101,features.20,40,0,40,0,0,0,0,0,0,0,0,10,0
101,features.24,80,0,80,0,0,0,0,0,0,0,0,10,0
101,features.27,80,0,80,0,0,0,0,0,0,0,0,10,0
101,features.3,10,0,10,0,0,0,0,0,0,0,0,10,0
101,features.30,80,0,80,0,0,0,0,0,0,0,0,10,0
101,features.34,80,0,80,0,0,0,0,0,0,0,0,10,0
101,features.37,80,0,80,0,0,0,0,0,0,0,0,10,0
101,features.40,80,0,80,0,0,0,0,0,0,0,0,10,0
101,features.7,20,0,20,0,0,0,0,0,0,0,0,10,0
102,features.10,20,0,20,0,0,0,0,0,0,0,0,10,0
102,features.14,40,0,40,0,0,0,0,0,0,0,0,10,0
102,features.17,40,0,40,0,0,0,0,0,0,0,0,10,0
102,features.20,40,0,40,0,0,0,0,0,0,0,0,10,0
102,features.24,80,0,80,0,0,0,0,0,0,0,0,10,0
102,features.27,80,0,80,0,0,0,0,0,0,0,0,10,0
102,features.3,10,0,10,0,0,0,0,0,0,0,0,10,0
102,features.30,80,0,80,0,0,0,0,0,0,0,0,10,0
102,features.34,80,0,80,0,0,0,0,0,0,0,0,10,0
102,features.37,80,0,80,0,0,0,0,0,0,0,0,10,0
102,features.40,80,0,80,0,0,0,0,0,0,0,0,10,0
102,features.7,20,0,20,0,0,0,0,0,0,0,0,10,0
103,features.10,20,0,20,0,0,0,0,0,0,0,0,10,0
103,features.14,40,0,40,0,0,0,0,0,0,0,0,10,0
103,features.17,40,0,40,0,0,0,0,0,0,0,0,10,0
103,features.20,40,0,40,0,0,0,0,0,0,0,0,10,0
103,features.24,80,0,80,0,0,0,0,0,0,0,0,10,0
103,features.27,80,0,80,0,0,0,0,0,0,0,0,10,0
103,features.3,10,0,10,0,0,0,0,0,0,0,0,10,0
103,features.30,80,0,80,0,0,0,0,0,0,0,0,10,0
103,features.34,80,0,80,0,0,0,0,0,0,0,0,10,0
103,features.37,80,0,80,0,0,0,0,0,0,0,0,10,0
103,features.40,80,0,80,0,0,0,0,0,0,0,0,10,0
103,features.7,20,0,20,0,0,0,0,0,0,0,0,10,0
104,features.10,20,0,20,0,0,0,0,0,0,0,0,10,0
104,features.14,40,0,40,0,0,0,0,0,0,0,0,10,0
104,features.17,40,0,40,0,0,0,0,0,0,0,0,10,0
104,features.20,40,0,40,0,0,0,0,0,0,0,0,10,0
104,features.24,80,0,80,0,0,0,0,0,0,0,0,10,0
104,features.27,80,0,80,0,0,0,0,0,0,0,0,10,0
104,features.3,10,0,10,0,0,0,0,0,0,0,0,10,0
104,features.30,80,0,80,0,0,0,0,0,0,0,0,10,0
104,features.34,80,0,80,0,0,0,0,0,0,0,0,10,0
104,features.37,80,0,80,0,0,0,0,0,0,0,0,10,0
104,features.40,80,0,80,0,0,0,0,0,0,0,0,10,0
104,features.7,20,0,20,0,0,0,0,0,0,0,0,10,0
105,features.10,20,0,20,0,0,0,0,0,0,0,0,10,0
105,features.14,40,0,40,0,0,0,0,0,0,0,0,10,0
105,features.17,40,0,40,0,0,0,0,0,0,0,0,10,0
105,features.20,40,0,40,0,0,0,0,0,0,0,0,10,0
105,features.24,80,0,80,0,0,0,0,0,0,0,0,10,0
105,features.27,80,0,80,0,0,0,0,0,0,0,0,10,0
105,features.3,10,0,10,0,0,0,0,0,0,0,0,10,0
105,features.30,80,0,80,0,0,0,0,0,0,0,0,10,0
105,features.34,80,0,80,0,0,0,0,0,0,0,0,10,0
105,features.37,80,0,80,0,0,0,0,0,0,0,0,10,0
105,features.40,80,0,80,0,0,0,0,0,0,0,0,10,0
105,features.7,20,0,20,0,0,0,0,0,0,0,0,10,0
106,features.10,20,0,20,0,0,0,0,0,0,0,0,10,0
106,features.14,40,0,40,0,0,0,0,0,0,0,0,10,0
106,features.17,40,0,40,0,0,0,0,0,0,0,0,10,0
106,features.20,40,0,40,0,0,0,0,0,0,0,0,10,0
106,features.24,80,0,80,0,0,0,0,0,0,0,0,10,0
106,features.27,80,0,80,0,0,0,0,0,0,0,0,10,0
106,features.3,10,0,10,0,0,0,0,0,0,0,0,10,0
106,features.30,80,0,80,0,0,0,0,0,0,0,0,10,0
106,features.34,80,0,80,0,0,0,0,0,0,0,0,10,0
106,features.37,80,0,80,0,0,0,0,0,0,0,0,10,0
106,features.40,80,0,80,0,0,0,0,0,0,0,0,10,0
106,features.7,20,0,20,0,0,0,0,0,0,0,0,10,0
107,features.10,20,0,20,0,0,0,0,0,0,0,0,10,0
107,features.14,40,0,40,0,0,0,0,0,0,0,0,10,0
107,features.17,40,0,40,0,0,0,0,0,0,0,0,10,0
107,features.20,40,0,40,0,0,0,0,0,0,0,0,10,0
107,features.24,80,0,80,0,0,0,0,0,0,0,0,10,0
107,features.27,80,0,80,0,0,0,0,0,0,0,0,10,0
107,features.3,10,0,10,0,0,0,0,0,0,0,0,10,0
107,features.30,80,0,80,0,0,0,0,0,0,0,0,10,0
107,features.34,80,0,80,0,0,0,0,0,0,0,0,10,0
107,features.37,80,0,80,0,0,0,0,0,0,0,0,10,0
107,features.40,80,0,80,0,0,0,0,0,0,0,0,10,0
107,features.7,20,0,20,0,0,0,0,0,0,0,0,10,0
108,features.10,20,0,20,0,0,0,0,0,0,0,0,10,0
108,features.14,40,0,40,0,0,0,0,0,0,0,0,10,0
108,features.17,40,0,40,0,0,0,0,0,0,0,0,10,0
108,features.20,40,0,40,0,0,0,0,0,0,0,0,10,0
108,features.24,80,0,80,0,0,0,0,0,0,0,0,10,0
108,features.27,80,0,80,0,0,0,0,0,0,0,0,10,0
108,features.3,10,0,10,0,0,0,0,0,0,0,0,10,0
108,features.30,80,0,80,0,0,0,0,0,0,0,0,10,0
108,features.34,80,0,80,0,0,0,0,0,0,0,0,10,0
108,features.37,80,0,80,0,0,0,0,0,0,0,0,10,0
108,features.40,80,0,80,0,0,0,0,0,0,0,0,10,0
108,features.7,20,0,20,0,0,0,0,0,0,0,0,10,0
109,features.10,20,0,20,0,0,0,0,0,0,0,0,10,0
109,features.14,40,0,40,0,0,0,0,0,0,0,0,10,0
109,features.17,40,0,40,0,0,0,0,0,0,0,0,10,0
109,features.20,40,0,40,0,0,0,0,0,0,0,0,10,0
109,features.24,80,0,80,0,0,0,0,0,0,0,0,10,0
109,features.27,80,0,80,0,0,0,0,0,0,0,0,10,0
109,features.3,10,0,10,0,0,0,0,0,0,0,0,10,0
109,features.30,80,0,80,0,0,0,0,0,0,0,0,10,0
109,features.34,80,0,80,0,0,0,0,0,0,0,0,10,0
109,features.37,80,0,80,0,0,0,0,0,0,0,0,10,0
109,features.40,80,0,80,0,0,0,0,0,0,0,0,10,0
109,features.7,20,0,20,0,0,0,0,0,0,0,0,10,0
110,features.10,20,0,20,0,0,0,0,0,0,0,0,10,0
110,features.14,40,0,40,0,0,0,0,0,0,0,0,10,0
110,features.17,40,0,40,0,0,0,0,0,0,0,0,10,0
110,features.20,40,0,40,0,0,0,0,0,0,0,0,10,0
110,features.24,80,0,80,0,0,0,0,0,0,0,0,10,0
110,features.27,80,0,80,0,0,0,0,0,0,0,0,10,0
110,features.3,10,0,10,0,0,0,0,0,0,0,0,10,0
110,features.30,80,0,80,0,0,0,0,0,0,0,0,10,0
110,features.34,80,0,80,0,0,0,0,0,0,0,0,10,0
110,features.37,80,0,80,0,0,0,0,0,0,0,0,10,0
110,features.40,80,0,80,0,0,0,0,0,0,0,0,10,0
110,features.7,20,0,20,0,0,0,0,0,0,0,0,10,0
111,features.10,20,0,20,0,0,0,0,0,0,0,0,10,0
111,features.14,40,0,40,0,0,0,0,0,0,0,0,10,0
111,features.17,40,0,40,0,0,0,0,0,0,0,0,10,0
111,features.20,40,0,40,0,0,0,0,0,0,0,0,10,0
111,features.24,80,0,80,0,0,0,0,0,0,0,0,10,0
111,features.27,80,0,80,0,0,0,0,0,0,0,0,10,0
111,features.3,10,0,10,0,0,0,0,0,0,0,0,10,0
111,features.30,80,0,80,0,0,0,0,0,0,0,0,10,0
111,features.34,80,0,80,0,0,0,0,0,0,0,0,10,0
111,features.37,80,0,80,0,0,0,0,0,0,0,0,10,0
111,features.40,80,0,80,0,0,0,0,0,0,0,0,10,0
111,features.7,20,0,20,0,0,0,0,0,0,0,0,10,0
112,features.10,20,0,20,0,0,0,0,0,0,0,0,10,0
112,features.14,40,0,40,0,0,0,0,0,0,0,0,10,0
112,features.17,40,0,40,0,0,0,0,0,0,0,0,10,0
112,features.20,40,0,40,0,0,0,0,0,0,0,0,10,0
112,features.24,80,0,80,0,0,0,0,0,0,0,0,10,0
112,features.27,80,0,80,0,0,0,0,0,0,0,0,10,0
112,features.3,10,0,10,0,0,0,0,0,0,0,0,10,0
112,features.30,80,0,80,0,0,0,0,0,0,0,0,10,0
112,features.34,80,0,80,0,0,0,0,0,0,0,0,10,0
112,features.37,80,0,80,0,0,0,0,0,0,0,0,10,0
112,features.40,80,0,80,0,0,0,0,0,0,0,0,10,0
112,features.7,20,0,20,0,0,0,0,0,0,0,0,10,0
113,features.10,20,0,20,0,0,0,0,0,0,0,0,10,0
113,features.14,40,0,40,0,0,0,0,0,0,0,0,10,0
113,features.17,40,0,40,0,0,0,0,0,0,0,0,10,0
113,features.20,40,0,40,0,0,0,0,0,0,0,0,10,0
113,features.24,80,0,80,0,0,0,0,0,0,0,0,10,0
113,features.27,80,0,80,0,0,0,0,0,0,0,0,10,0
113,features.3,10,0,10,0,0,0,0,0,0,0,0,10,0
113,features.30,80,0,80,0,0,0,0,0,0,0,0,10,0
113,features.34,80,0,80,0,0,0,0,0,0,0,0,10,0
113,features.37,80,0,80,0,0,0,0,0,0,0,0,10,0
113,features.40,80,0,80,0,0,0,0,0,0,0,0,10,0
113,features.7,20,0,20,0,0,0,0,0,0,0,0,10,0
114,features.10,20,0,20,0,0,0,0,0,0,0,0,10,0
114,features.14,40,0,40,0,0,0,0,0,0,0,0,10,0
114,features.17,40,0,40,0,0,0,0,0,0,0,0,10,0
114,features.20,40,0,40,0,0,0,0,0,0,0,0,10,0
114,features.24,80,0,80,0,0,0,0,0,0,0,0,10,0
114,features.27,80,0,80,0,0,0,0,0,0,0,0,10,0
114,features.3,10,0,10,0,0,0,0,0,0,0,0,10,0
114,features.30,80,0,80,0,0,0,0,0,0,0,0,10,0
114,features.34,80,0,80,0,0,0,0,0,0,0,0,10,0
114,features.37,80,0,80,0,0,0,0,0,0,0,0,10,0
114,features.40,80,0,80,0,0,0,0,0,0,0,0,10,0
114,features.7,20,0,20,0,0,0,0,0,0,0,0,10,0
115,features.10,20,0,20,0,0,0,0,0,0,0,0,10,0
115,features.14,40,0,40,0,0,0,0,0,0,0,0,10,0
115,features.17,40,0,40,0,0,0,0,0,0,0,0,10,0
115,features.20,40,0,40,0,0,0,0,0,0,0,0,10,0
115,features.24,80,0,80,0,0,0,0,0,0,0,0,10,0
115,features.27,80,0,80,0,0,0,0,0,0,0,0,10,0
115,features.3,10,0,10,0,0,0,0,0,0,0,0,10,0
115,features.30,80,0,80,0,0,0,0,0,0,0,0,10,0
115,features.34,80,0,80,0,0,0,0,0,0,0,0,10,0
115,features.37,80,0,80,0,0,0,0,0,0,0,0,10,0
115,features.40,80,0,80,0,0,0,0,0,0,0,0,10,0
115,features.7,20,0,20,0,0,0,0,0,0,0,0,10,0
116,features.10,20,0,20,0,0,0,0,0,0,0,0,10,0
116,features.14,40,0,40,0,0,0,0,0,0,0,0,10,0
116,features.17,40,0,40,0,0,0,0,0,0,0,0,10,0
116,features.20,40,0,40,0,0,0,0,0,0,0,0,10,0
116,features.24,80,0,80,0,0,0,0,0,0,0,0,10,0
116,features.27,80,0,80,0,0,0,0,0,0,0,0,10,0
116,features.3,10,0,10,0,0,0,0,0,0,0,0,10,0
116,features.30,80,0,80,0,0,0,0,0,0,0,0,10,0
116,features.34,80,0,80,0,0,0,0,0,0,0,0,10,0
116,features.37,80,0,80,0,0,0,0,0,0,0,0,10,0
116,features.40,80,0,80,0,0,0,0,0,0,0,0,10,0
116,features.7,20,0,20,0,0,0,0,0,0,0,0,10,0
117,features.10,20,0,20,0,0,0,0,0,0,0,0,10,0
117,features.14,40,0,40,0,0,0,0,0,0,0,0,10,0
117,features.17,40,0,40,0,0,0,0,0,0,0,0,10,0
117,features.20,40,0,40,0,0,0,0,0,0,0,0,10,0
117,features.24,80,0,80,0,0,0,0,0,0,0,0,10,0
117,features.27,80,0,80,0,0,0,0,0,0,0,0,10,0
117,features.3,10,0,10,0,0,0,0,0,0,0,0,10,0
117,features.30,80,0,80,0,0,0,0,0,0,0,0,10,0
117,features.34,80,0,80,0,0,0,0,0,0,0,0,10,0
117,features.37,80,0,80,0,0,0,0,0,0,0,0,10,0
117,features.40,80,0,80,0,0,0,0,0,0,0,0,10,0
117,features.7,20,0,20,0,0,0,0,0,0,0,0,10,0
118,features.10,20,0,20,0,0,0,0,0,0,0,0,10,0
118,features.14,40,0,40,0,0,0,0,0,0,0,0,10,0
118,features.17,40,0,40,0,0,0,0,0,0,0,0,10,0
118,features.20,40,0,40,0,0,0,0,0,0,0,0,10,0
118,features.24,80,0,80,0,0,0,0,0,0,0,0,10,0
118,features.27,80,0,80,0,0,0,0,0,0,0,0,10,0
118,features.3,10,0,10,0,0,0,0,0,0,0,0,10,0
118,features.30,80,0,80,0,0,0,0,0,0,0,0,10,0
118,features.34,80,0,80,0,0,0,0,0,0,0,0,10,0
118,features.37,80,0,80,0,0,0,0,0,0,0,0,10,0
118,features.40,80,0,80,0,0,0,0,0,0,0,0,10,0
118,features.7,20,0,20,0,0,0,0,0,0,0,0,10,0
119,features.10,20,0,20,0,0,0,0,0,0,0,0,10,0
119,features.14,40,0,40,0,0,0,0,0,0,0,0,10,0
119,features.17,40,0,40,0,0,0,0,0,0,0,0,10,0
119,features.20,40,0,40,0,0,0,0,0,0,0,0,10,0
119,features.24,80,0,80,0,0,0,0,0,0,0,0,10,0
119,features.27,80,0,80,0,0,0,0,0,0,0,0,10,0
119,features.3,10,0,10,0,0,0,0,0,0,0,0,10,0
119,features.30,80,0,80,0,0,0,0,0,0,0,0,10,0
119,features.34,80,0,80,0,0,0,0,0,0,0,0,10,0
119,features.37,80,0,80,0,0,0,0,0,0,0,0,10,0
119,features.40,80,0,80,0,0,0,0,0,0,0,0,10,0
119,features.7,20,0,20,0,0,0,0,0,0,0,0,10,0
120,features.10,20,0,20,0,0,0,0,0,0,0,0,10,0
120,features.14,40,0,40,0,0,0,0,0,0,0,0,10,0
120,features.17,40,0,40,0,0,0,0,0,0,0,0,10,0
120,features.20,40,0,40,0,0,0,0,0,0,0,0,10,0
120,features.24,80,0,80,0,0,0,0,0,0,0,0,10,0
120,features.27,80,0,80,0,0,0,0,0,0,0,0,10,0
120,features.3,10,0,10,0,0,0,0,0,0,0,0,10,0
120,features.30,80,0,80,0,0,0,0,0,0,0,0,10,0
120,features.34,80,0,80,0,0,0,0,0,0,0,0,10,0
120,features.37,80,0,80,0,0,0,0,0,0,0,0,10,0
120,features.40,80,0,80,0,0,0,0,0,0,0,0,10,0
120,features.7,20,0,20,0,0,0,0,0,0,0,0,10,0
121,features.10,20,0,20,0,0,0,0,0,0,0,0,10,0
121,features.14,40,0,40,0,0,0,0,0,0,0,0,10,0
121,features.17,40,0,40,0,0,0,0,0,0,0,0,10,0
121,features.20,40,0,40,0,0,0,0,0,0,0,0,10,0
121,features.24,80,0,80,0,0,0,0,0,0,0,0,10,0
121,features.27,80,0,80,0,0,0,0,0,0,0,0,10,0
121,features.3,10,0,10,0,0,0,0,0,0,0,0,10,0
121,features.30,80,0,80,0,0,0,0,0,0,0,0,10,0
121,features.34,80,0,80,0,0,0,0,0,0,0,0,10,0
121,features.37,80,0,80,0,0,0,0,0,0,0,0,10,0
121,features.40,80,0,80,0,0,0,0,0,0,0,0,10,0
121,features.7,20,0,20,0,0,0,0,0,0,0,0,10,0
122,features.10,20,0,20,0,0,0,0,0,0,0,0,10,0
122,features.14,40,0,40,0,0,0,0,0,0,0,0,10,0
122,features.17,40,0,40,0,0,0,0,0,0,0,0,10,0
122,features.20,40,0,40,0,0,0,0,0,0,0,0,10,0
122,features.24,80,0,80,0,0,0,0,0,0,0,0,10,0
122,features.27,80,0,80,0,0,0,0,0,0,0,0,10,0
122,features.3,10,0,10,0,0,0,0,0,0,0,0,10,0
122,features.30,80,0,80,0,0,0,0,0,0,0,0,10,0
122,features.34,80,0,80,0,0,0,0,0,0,0,0,10,0
122,features.37,80,0,80,0,0,0,0,0,0,0,0,10,0
122,features.40,80,0,80,0,0,0,0,0,0,0,0,10,0
122,features.7,20,0,20,0,0,0,0,0,0,0,0,10,0
123,features.10,20,0,20,0,0,0,0,0,0,0,0,10,0
123,features.14,40,0,40,0,0,0,0,0,0,0,0,10,0
123,features.17,40,0,40,0,0,0,0,0,0,0,0,10,0
123,features.20,40,0,40,0,0,0,0,0,0,0,0,10,0
123,features.24,80,0,80,0,0,0,0,0,0,0,0,10,0
123,features.27,80,0,80,0,0,0,0,0,0,0,0,10,0
123,features.3,10,0,10,0,0,0,0,0,0,0,0,10,0
123,features.30,80,0,80,0,0,0,0,0,0,0,0,10,0
123,features.34,80,0,80,0,0,0,0,0,0,0,0,10,0
123,features.37,80,0,80,0,0,0,0,0,0,0,0,10,0
123,features.40,80,0,80,0,0,0,0,0,0,0,0,10,0
123,features.7,20,0,20,0,0,0,0,0,0,0,0,10,0
124,features.10,20,0,20,0,0,0,0,0,0,0,0,10,0
124,features.14,40,0,40,0,0,0,0,0,0,0,0,10,0
124,features.17,40,0,40,0,0,0,0,0,0,0,0,10,0
124,features.20,40,0,40,0,0,0,0,0,0,0,0,10,0
124,features.24,80,0,80,0,0,0,0,0,0,0,0,10,0
124,features.27,80,0,80,0,0,0,0,0,0,0,0,10,0
124,features.3,10,0,10,0,0,0,0,0,0,0,0,10,0
124,features.30,80,0,80,0,0,0,0,0,0,0,0,10,0
124,features.34,80,0,80,0,0,0,0,0,0,0,0,10,0
124,features.37,80,0,80,0,0,0,0,0,0,0,0,10,0
124,features.40,80,0,80,0,0,0,0,0,0,0,0,10,0
124,features.7,20,0,20,0,0,0,0,0,0,0,0,10,0
125,features.10,20,0,20,0,0,0,0,0,0,0,0,10,0
125,features.14,40,0,40,0,0,0,0,0,0,0,0,10,0
125,features.17,40,0,40,0,0,0,0,0,0,0,0,10,0
125,features.20,40,0,40,0,0,0,0,0,0,0,0,10,0
125,features.24,80,0,80,0,0,0,0,0,0,0,0,10,0
125,features.27,80,0,80,0,0,0,0,0,0,0,0,10,0
125,features.3,10,0,10,0,0,0,0,0,0,0,0,10,0
125,features.30,80,0,80,0,0,0,0,0,0,0,0,10,0
125,features.34,80,0,80,0,0,0,0,0,0,0,0,10,0
125,features.37,80,0,80,0,0,0,0,0,0,0,0,10,0
125,features.40,80,0,80,0,0,0,0,0,0,0,0,10,0
125,features.7,20,0,20,0,0,0,0,0,0,0,0,10,0
126,features.10,20,0,20,0,0,0,0,0,0,0,0,10,0
126,features.14,40,0,40,0,0,0,0,0,0,0,0,10,0
126,features.17,40,0,40,0,0,0,0,0,0,0,0,10,0
126,features.20,40,0,40,0,0,0,0,0,0,0,0,10,0
126,features.24,80,0,80,0,0,0,0,0,0,0,0,10,0
126,features.27,80,0,80,0,0,0,0,0,0,0,0,10,0
126,features.3,10,0,10,0,0,0,0,0,0,0,0,10,0
126,features.30,80,0,80,0,0,0,0,0,0,0,0,10,0
126,features.34,80,0,80,0,0,0,0,0,0,0,0,10,0
126,features.37,80,0,80,0,0,0,0,0,0,0,0,10,0
126,features.40,80,0,80,0,0,0,0,0,0,0,0,10,0
126,features.7,20,0,20,0,0,0,0,0,0,0,0,10,0
127,features.10,20,0,20,0,0,0,0,0,0,0,0,10,0
127,features.14,40,0,40,0,0,0,0,0,0,0,0,10,0
127,features.17,40,0,40,0,0,0,0,0,0,0,0,10,0
127,features.20,40,0,40,0,0,0,0,0,0,0,0,10,0
127,features.24,80,0,80,0,0,0,0,0,0,0,0,10,0
127,features.27,80,0,80,0,0,0,0,0,0,0,0,10,0
127,features.3,10,0,10,0,0,0,0,0,0,0,0,10,0
127,features.30,80,0,80,0,0,0,0,0,0,0,0,10,0
127,features.34,80,0,80,0,0,0,0,0,0,0,0,10,0
127,features.37,80,0,80,0,0,0,0,0,0,0,0,10,0
127,features.40,80,0,80,0,0,0,0,0,0,0,0,10,0
127,features.7,20,0,20,0,0,0,0,0,0,0,0,10,0
128,features.10,20,0,20,0,0,0,0,0,0,0,0,10,0
128,features.14,40,0,40,0,0,0,0,0,0,0,0,10,0
128,features.17,40,0,40,0,0,0,0,0,0,0,0,10,0
128,features.20,40,0,40,0,0,0,0,0,0,0,0,10,0
128,features.24,80,0,80,0,0,0,0,0,0,0,0,10,0
128,features.27,80,0,80,0,0,0,0,0,0,0,0,10,0
128,features.3,10,0,10,0,0,0,0,0,0,0,0,10,0
128,features.30,80,0,80,0,0,0,0,0,0,0,0,10,0
128,features.34,80,0,80,0,0,0,0,0,0,0,0,10,0
128,features.37,80,0,80,0,0,0,0,0,0,0,0,10,0
128,features.40,80,0,80,0,0,0,0,0,0,0,0,10,0
128,features.7,20,0,20,0,0,0,0,0,0,0,0,10,0
129,features.10,20,0,20,0,0,0,0,0,0,0,0,10,0
129,features.14,40,0,40,0,0,0,0,0,0,0,0,10,0
129,features.17,40,0,40,0,0,0,0,0,0,0,0,10,0
129,features.20,40,0,40,0,0,0,0,0,0,0,0,10,0
129,features.24,80,0,80,0,0,0,0,0,0,0,0,10,0
129,features.27,80,0,80,0,0,0,0,0,0,0,0,10,0
129,features.3,10,0,10,0,0,0,0,0,0,0,0,10,0
129,features.30,80,0,80,0,0,0,0,0,0,0,0,10,0
129,features.34,80,0,80,0,0,0,0,0,0,0,0,10,0
129,features.37,80,0,80,0,0,0,0,0,0,0,0,10,0
129,features.40,80,0,80,0,0,0,0,0,0,0,0,10,0
129,features.7,20,0,20,0,0,0,0,0,0,0,0,10,0
130,features.10,20,0,20,0,0,0,0,0,0,0,0,10,0
130,features.14,40,0,40,0,0,0,0,0,0,0,0,10,0
130,features.17,40,0,40,0,0,0,0,0,0,0,0,10,0
130,features.20,40,0,40,0,0,0,0,0,0,0,0,10,0
130,features.24,80,0,80,0,0,0,0,0,0,0,0,10,0
130,features.27,80,0,80,0,0,0,0,0,0,0,0,10,0
130,features.3,10,0,10,0,0,0,0,0,0,0,0,10,0
130,features.30,80,0,80,0,0,0,0,0,0,0,0,10,0
130,features.34,80,0,80,0,0,0,0,0,0,0,0,10,0
130,features.37,80,0,80,0,0,0,0,0,0,0,0,10,0
130,features.40,80,0,80,0,0,0,0,0,0,0,0,10,0
130,features.7,20,0,20,0,0,0,0,0,0,0,0,10,0
131,features.10,20,0,20,0,0,0,0,0,0,0,0,10,0
131,features.14,40,0,40,0,0,0,0,0,0,0,0,10,0
131,features.17,40,0,40,0,0,0,0,0,0,0,0,10,0
131,features.20,40,0,40,0,0,0,0,0,0,0,0,10,0
131,features.24,80,0,80,0,0,0,0,0,0,0,0,10,0
131,features.27,80,0,80,0,0,0,0,0,0,0,0,10,0
131,features.3,10,0,10,0,0,0,0,0,0,0,0,10,0
131,features.30,80,0,80,0,0,0,0,0,0,0,0,10,0
131,features.34,80,0,80,0,0,0,0,0,0,0,0,10,0
131,features.37,80,0,80,0,0,0,0,0,0,0,0,10,0
131,features.40,80,0,80,0,0,0,0,0,0,0,0,10,0
131,features.7,20,0,20,0,0,0,0,0,0,0,0,10,0
132,features.10,20,0,20,0,0,0,0,0,0,0,0,10,0
132,features.14,40,0,40,0,0,0,0,0,0,0,0,10,0
132,features.17,40,0,40,0,0,0,0,0,0,0,0,10,0
132,features.20,40,0,40,0,0,0,0,0,0,0,0,10,0
132,features.24,80,0,80,0,0,0,0,0,0,0,0,10,0
132,features.27,80,0,80,0,0,0,0,0,0,0,0,10,0
132,features.3,10,0,10,0,0,0,0,0,0,0,0,10,0
132,features.30,80,0,80,0,0,0,0,0,0,0,0,10,0
132,features.34,80,0,80,0,0,0,0,0,0,0,0,10,0
132,features.37,80,0,80,0,0,0,0,0,0,0,0,10,0
132,features.40,80,0,80,0,0,0,0,0,0,0,0,10,0
132,features.7,20,0,20,0,0,0,0,0,0,0,0,10,0
133,features.10,20,0,20,0,0,0,0,0,0,0,0,10,0
133,features.14,40,0,40,0,0,0,0,0,0,0,0,10,0
133,features.17,40,0,40,0,0,0,0,0,0,0,0,10,0
133,features.20,40,0,40,0,0,0,0,0,0,0,0,10,0
133,features.24,80,0,80,0,0,0,0,0,0,0,0,10,0
133,features.27,80,0,80,0,0,0,0,0,0,0,0,10,0
133,features.3,10,0,10,0,0,0,0,0,0,0,0,10,0
133,features.30,80,0,80,0,0,0,0,0,0,0,0,10,0
133,features.34,80,0,80,0,0,0,0,0,0,0,0,10,0
133,features.37,80,0,80,0,0,0,0,0,0,0,0,10,0
133,features.40,80,0,80,0,0,0,0,0,0,0,0,10,0
133,features.7,20,0,20,0,0,0,0,0,0,0,0,10,0
134,features.10,20,0,20,0,0,0,0,0,0,0,0,10,0
134,features.14,40,0,40,0,0,0,0,0,0,0,0,10,0
134,features.17,40,0,40,0,0,0,0,0,0,0,0,10,0
134,features.20,40,0,40,0,0,0,0,0,0,0,0,10,0
134,features.24,80,0,80,0,0,0,0,0,0,0,0,10,0
134,features.27,80,0,80,0,0,0,0,0,0,0,0,10,0
134,features.3,10,0,10,0,0,0,0,0,0,0,0,10,0
134,features.30,80,0,80,0,0,0,0,0,0,0,0,10,0
134,features.34,80,0,80,0,0,0,0,0,0,0,0,10,0
134,features.37,80,0,80,0,0,0,0,0,0,0,0,10,0
134,features.40,80,0,80,0,0,0,0,0,0,0,0,10,0
134,features.7,20,0,20,0,0,0,0,0,0,0,0,10,0
135,features.10,20,0,20,0,0,0,0,0,0,0,0,10,0
135,features.14,40,0,40,0,0,0,0,0,0,0,0,10,0
135,features.17,40,0,40,0,0,0,0,0,0,0,0,10,0
135,features.20,40,0,40,0,0,0,0,0,0,0,0,10,0
135,features.24,80,0,80,0,0,0,0,0,0,0,0,10,0
135,features.27,80,0,80,0,0,0,0,0,0,0,0,10,0
135,features.3,10,0,10,0,0,0,0,0,0,0,0,10,0
135,features.30,80,0,80,0,0,0,0,0,0,0,0,10,0
135,features.34,80,0,80,0,0,0,0,0,0,0,0,10,0
135,features.37,80,0,80,0,0,0,0,0,0,0,0,10,0
135,features.40,80,0,80,0,0,0,0,0,0,0,0,10,0
135,features.7,20,0,20,0,0,0,0,0,0,0,0,10,0
136,features.10,20,0,20,0,0,0,0,0,0,0,0,10,0
136,features.14,40,0,40,0,0,0,0,0,0,0,0,10,0
136,features.17,40,0,40,0,0,0,0,0,0,0,0,10,0
136,features.20,40,0,40,0,0,0,0,0,0,0,0,10,0
136,features.24,80,0,80,0,0,0,0,0,0,0,0,10,0
136,features.27,80,0,80,0,0,0,0,0,0,0,0,10,0
136,features.3,10,0,10,0,0,0,0,0,0,0,0,10,0
136,features.30,80,0,80,0,0,0,0,0,0,0,0,10,0
136,features.34,80,0,80,0,0,0,0,0,0,0,0,10,0
136,features.37,80,0,80,0,0,0,0,0,0,0,0,10,0
136,features.40,80,0,80,0,0,0,0,0,0,0,0,10,0
136,features.7,20,0,20,0,0,0,0,0,0,0,0,10,0
137,features.10,20,0,20,0,0,0,0,0,0,0,0,10,0
137,features.14,40,0,40,0,0,0,0,0,0,0,0,10,0
137,features.17,40,0,40,0,0,0,0,0,0,0,0,10,0
137,features.20,40,0,40,0,0,0,0,0,0,0,0,10,0
137,features.24,80,0,80,0,0,0,0,0,0,0,0,10,0
137,features.27,80,0,80,0,0,0,0,0,0,0,0,10,0
137,features.3,10,0,10,0,0,0,0,0,0,0,0,10,0
137,features.30,80,0,80,0,0,0,0,0,0,0,0,10,0
137,features.34,80,0,80,0,0,0,0,0,0,0,0,10,0
137,features.37,80,0,80,0,0,0,0,0,0,0,0,10,0
137,features.40,80,0,80,0,0,0,0,0,0,0,0,10,0
137,features.7,20,0,20,0,0,0,0,0,0,0,0,10,0
138,features.10,20,0,20,0,0,0,0,0,0,0,0,10,0
138,features.14,40,0,40,0,0,0,0,0,0,0,0,10,0
138,features.17,40,0,40,0,0,0,0,0,0,0,0,10,0
138,features.20,40,0,40,0,0,0,0,0,0,0,0,10,0
138,features.24,80,0,80,0,0,0,0,0,0,0,0,10,0
138,features.27,80,0,80,0,0,0,0,0,0,0,0,10,0
138,features.3,10,0,10,0,0,0,0,0,0,0,0,10,0
138,features.30,80,0,80,0,0,0,0,0,0,0,0,10,0
138,features.34,80,0,80,0,0,0,0,0,0,0,0,10,0
138,features.37,80,0,80,0,0,0,0,0,0,0,0,10,0
138,features.40,80,0,80,0,0,0,0,0,0,0,0,10,0
138,features.7,20,0,20,0,0,0,0,0,0,0,0,10,0
139,features.10,20,0,20,0,0,0,0,0,0,0,0,10,0
139,features.14,40,0,40,0,0,0,0,0,0,0,0,10,0
139,features.17,40,0,40,0,0,0,0,0,0,0,0,10,0
139,features.20,40,0,40,0,0,0,0,0,0,0,0,10,0
139,features.24,80,0,80,0,0,0,0,0,0,0,0,10,0
139,features.27,80,0,80,0,0,0,0,0,0,0,0,10,0
139,features.3,10,0,10,0,0,0,0,0,0,0,0,10,0
139,features.30,80,0,80,0,0,0,0,0,0,0,0,10,0
139,features.34,80,0,80,0,0,0,0,0,0,0,0,10,0
139,features.37,80,0,80,0,0,0,0,0,0,0,0,10,0
139,features.40,80,0,80,0,0,0,0,0,0,0,0,10,0
139,features.7,20,0,20,0,0,0,0,0,0,0,0,10,0
140,features.10,20,0,20,0,0,0,0,0,0,0,0,10,0
140,features.14,40,0,40,0,0,0,0,0,0,0,0,10,0
140,features.17,40,0,40,0,0,0,0,0,0,0,0,10,0
140,features.20,40,0,40,0,0,0,0,0,0,0,0,10,0
140,features.24,80,0,80,0,0,0,0,0,0,0,0,10,0
140,features.27,80,0,80,0,0,0,0,0,0,0,0,10,0
140,features.3,10,0,10,0,0,0,0,0,0,0,0,10,0
140,features.30,80,0,80,0,0,0,0,0,0,0,0,10,0
140,features.34,80,0,80,0,0,0,0,0,0,0,0,10,0
140,features.37,80,0,80,0,0,0,0,0,0,0,0,10,0
140,features.40,80,0,80,0,0,0,0,0,0,0,0,10,0
140,features.7,20,0,20,0,0,0,0,0,0,0,0,10,0
141,features.10,20,0,20,0,0,0,0,0,0,0,0,10,0
141,features.14,40,0,40,0,0,0,0,0,0,0,0,10,0
141,features.17,40,0,40,0,0,0,0,0,0,0,0,10,0
141,features.20,40,0,40,0,0,0,0,0,0,0,0,10,0
141,features.24,80,0,80,0,0,0,0,0,0,0,0,10,0
141,features.27,80,0,80,0,0,0,0,0,0,0,0,10,0
141,features.3,10,0,10,0,0,0,0,0,0,0,0,10,0
141,features.30,80,0,80,0,0,0,0,0,0,0,0,10,0
141,features.34,80,0,80,0,0,0,0,0,0,0,0,10,0
141,features.37,80,0,80,0,0,0,0,0,0,0,0,10,0
141,features.40,80,0,80,0,0,0,0,0,0,0,0,10,0
141,features.7,20,0,20,0,0,0,0,0,0,0,0,10,0
142,features.10,20,0,20,0,0,0,0,0,0,0,0,10,0
142,features.14,40,0,40,0,0,0,0,0,0,0,0,10,0
142,features.17,40,0,40,0,0,0,0,0,0,0,0,10,0
142,features.20,40,0,40,0,0,0,0,0,0,0,0,10,0
142,features.24,80,0,80,0,0,0,0,0,0,0,0,10,0
142,features.27,80,0,80,0,0,0,0,0,0,0,0,10,0
142,features.3,10,0,10,0,0,0,0,0,0,0,0,10,0
142,features.30,80,0,80,0,0,0,0,0,0,0,0,10,0
142,features.34,80,0,80,0,0,0,0,0,0,0,0,10,0
142,features.37,80,0,80,0,0,0,0,0,0,0,0,10,0
142,features.40,80,0,80,0,0,0,0,0,0,0,0,10,0
142,features.7,20,0,20,0,0,0,0,0,0,0,0,10,0
143,features.10,20,0,20,0,0,0,0,0,0,0,0,10,0
143,features.14,40,0,40,0,0,0,0,0,0,0,0,10,0
143,features.17,40,0,40,0,0,0,0,0,0,0,0,10,0
143,features.20,40,0,40,0,0,0,0,0,0,0,0,10,0
143,features.24,80,0,80,0,0,0,0,0,0,0,0,10,0
143,features.27,80,0,80,0,0,0,0,0,0,0,0,10,0
143,features.3,10,0,10,0,0,0,0,0,0,0,0,10,0
143,features.30,80,0,80,0,0,0,0,0,0,0,0,10,0
143,features.34,80,0,80,0,0,0,0,0,0,0,0,10,0
143,features.37,80,0,80,0,0,0,0,0,0,0,0,10,0
143,features.40,80,0,80,0,0,0,0,0,0,0,0,10,0
143,features.7,20,0,20,0,0,0,0,0,0,0,0,10,0
144,features.10,20,0,20,0,0,0,0,0,0,0,0,10,0
144,features.14,40,0,40,0,0,0,0,0,0,0,0,10,0
144,features.17,40,0,40,0,0,0,0,0,0,0,0,10,0
144,features.20,40,0,40,0,0,0,0,0,0,0,0,10,0
144,features.24,80,0,80,0,0,0,0,0,0,0,0,10,0
144,features.27,80,0,80,0,0,0,0,0,0,0,0,10,0
144,features.3,10,0,10,0,0,0,0,0,0,0,0,10,0
144,features.30,80,0,80,0,0,0,0,0,0,0,0,10,0
144,features.34,80,0,80,0,0,0,0,0,0,0,0,10,0
144,features.37,80,0,80,0,0,0,0,0,0,0,0,10,0
144,features.40,80,0,80,0,0,0,0,0,0,0,0,10,0
144,features.7,20,0,20,0,0,0,0,0,0,0,0,10,0
145,features.10,20,0,20,0,0,0,0,0,0,0,0,10,0
145,features.14,40,0,40,0,0,0,0,0,0,0,0,10,0
145,features.17,40,0,40,0,0,0,0,0,0,0,0,10,0
145,features.20,40,0,40,0,0,0,0,0,0,0,0,10,0
145,features.24,80,0,80,0,0,0,0,0,0,0,0,10,0
145,features.27,80,0,80,0,0,0,0,0,0,0,0,10,0
145,features.3,10,0,10,0,0,0,0,0,0,0,0,10,0
145,features.30,80,0,80,0,0,0,0,0,0,0,0,10,0
145,features.34,80,0,80,0,0,0,0,0,0,0,0,10,0
145,features.37,80,0,80,0,0,0,0,0,0,0,0,10,0
145,features.40,80,0,80,0,0,0,0,0,0,0,0,10,0
145,features.7,20,0,20,0,0,0,0,0,0,0,0,10,0
146,features.10,20,0,20,0,0,0,0,0,0,0,0,10,0
146,features.14,40,0,40,0,0,0,0,0,0,0,0,10,0
146,features.17,40,0,40,0,0,0,0,0,0,0,0,10,0
146,features.20,40,0,40,0,0,0,0,0,0,0,0,10,0
146,features.24,80,0,80,0,0,0,0,0,0,0,0,10,0
146,features.27,80,0,80,0,0,0,0,0,0,0,0,10,0
146,features.3,10,0,10,0,0,0,0,0,0,0,0,10,0
146,features.30,80,0,80,0,0,0,0,0,0,0,0,10,0
146,features.34,80,0,80,0,0,0,0,0,0,0,0,10,0
146,features.37,80,0,80,0,0,0,0,0,0,0,0,10,0
146,features.40,80,0,80,0,0,0,0,0,0,0,0,10,0
146,features.7,20,0,20,0,0,0,0,0,0,0,0,10,0
147,features.10,20,0,20,0,0,0,0,0,0,0,0,10,0
147,features.14,40,0,40,0,0,0,0,0,0,0,0,10,0
147,features.17,40,0,40,0,0,0,0,0,0,0,0,10,0
147,features.20,40,0,40,0,0,0,0,0,0,0,0,10,0
147,features.24,80,0,80,0,0,0,0,0,0,0,0,10,0
147,features.27,80,0,80,0,0,0,0,0,0,0,0,10,0
147,features.3,10,0,10,0,0,0,0,0,0,0,0,10,0
147,features.30,80,0,80,0,0,0,0,0,0,0,0,10,0
147,features.34,80,0,80,0,0,0,0,0,0,0,0,10,0
147,features.37,80,0,80,0,0,0,0,0,0,0,0,10,0
147,features.40,80,0,80,0,0,0,0,0,0,0,0,10,0
147,features.7,20,0,20,0,0,0,0,0,0,0,0,10,0
148,features.10,20,0,20,0,0,0,0,0,0,0,0,10,0
148,features.14,40,0,40,0,0,0,0,0,0,0,0,10,0
148,features.17,40,0,40,0,0,0,0,0,0,0,0,10,0
148,features.20,40,0,40,0,0,0,0,0,0,0,0,10,0
148,features.24,80,0,80,0,0,0,0,0,0,0,0,10,0
148,features.27,80,0,80,0,0,0,0,0,0,0,0,10,0
148,features.3,10,0,10,0,0,0,0,0,0,0,0,10,0
148,features.30,80,0,80,0,0,0,0,0,0,0,0,10,0
148,features.34,80,0,80,0,0,0,0,0,0,0,0,10,0
148,features.37,80,0,80,0,0,0,0,0,0,0,0,10,0
148,features.40,80,0,80,0,0,0,0,0,0,0,0,10,0
148,features.7,20,0,20,0,0,0,0,0,0,0,0,10,0
149,features.10,20,0,20,0,0,0,0,0,0,0,0,10,0
149,features.14,40,0,40,0,0,0,0,0,0,0,0,10,0
149,features.17,40,0,40,0,0,0,0,0,0,0,0,10,0
149,features.20,40,0,40,0,0,0,0,0,0,0,0,10,0
149,features.24,80,0,80,0,0,0,0,0,0,0,0,10,0
149,features.27,80,0,80,0,0,0,0,0,0,0,0,10,0
149,features.3,10,0,10,0,0,0,0,0,0,0,0,10,0
149,features.30,80,0,80,0,0,0,0,0,0,0,0,10,0
149,features.34,80,0,80,0,0,0,0,0,0,0,0,10,0
149,features.37,80,0,80,0,0,0,0,0,0,0,0,10,0
149,features.40,80,0,80,0,0,0,0,0,0,0,0,10,0
149,features.7,20,0,20,0,0,0,0,0,0,0,0,10,0
150,features.10,20,0,20,0,0,0,0,0,0,0,0,10,0
150,features.14,40,0,40,0,0,0,0,0,0,0,0,10,0
150,features.17,40,0,40,0,0,0,0,0,0,0,0,10,0
150,features.20,40,0,40,0,0,0,0,0,0,0,0,10,0
150,features.24,80,0,80,0,0,0,0,0,0,0,0,10,0
150,features.27,80,0,80,0,0,0,0,0,0,0,0,10,0
150,features.3,10,0,10,0,0,0,0,0,0,0,0,10,0
150,features.30,80,0,80,0,0,0,0,0,0,0,0,10,0
150,features.34,80,0,80,0,0,0,0,0,0,0,0,10,0
150,features.37,80,0,80,0,0,0,0,0,0,0,0,10,0
150,features.40,80,0,80,0,0,0,0,0,0,0,0,10,0
150,features.7,20,0,20,0,0,0,0,0,0,0,0,10,0
151,features.10,20,0,20,0,0,0,0,0,0,0,0,0,10
151,features.14,40,0,40,0,0,0,0,0,0,0,0,0,10
151,features.17,40,0,40,0,0,0,0,0,0,0,0,0,10
151,features.20,40,6,34,6,0,6,0,4,0,0,6,0,0
151,features.24,80,12,68,6,0,12,0,4,0,0,6,0,0
151,features.27,80,12,68,6,0,12,0,4,0,0,6,0,0
151,features.3,10,0,10,0,0,0,0,0,0,0,0,0,10
151,features.30,80,12,68,6,0,12,0,4,0,0,6,0,0
151,features.34,80,0,80,0,0,0,0,0,0,0,0,0,10
151,features.37,80,0,80,0,0,0,0,0,0,0,0,0,10
151,features.40,80,0,80,0,0,0,0,0,0,0,0,0,10
151,features.7,20,0,20,0,0,0,0,0,0,0,0,0,10
152,features.10,20,0,20,0,0,0,0,0,0,0,0,0,10
152,features.14,40,0,40,0,0,0,0,0,0,0,0,0,10
152,features.17,40,0,40,0,0,0,0,0,0,0,0,0,10
152,features.20,40,7,33,7,0,7,0,3,0,0,7,0,0
152,features.24,80,14,66,7,0,14,0,3,0,0,7,0,0
152,features.27,80,14,66,7,2,12,0,3,0,0,7,0,0
152,features.3,10,0,10,0,0,0,0,0,0,0,0,0,10
152,features.30,80,14,66,7,0,14,0,3,0,0,7,0,0
152,features.34,80,0,80,0,0,0,0,0,0,0,0,0,10
152,features.37,80,0,80,0,0,0,0,0,0,0,0,0,10
152,features.40,80,0,80,0,0,0,0,0,0,0,0,0,10
152,features.7,20,0,20,0,0,0,0,0,0,0,0,0,10
153,features.10,20,0,20,0,0,0,0,0,0,0,0,0,10
153,features.14,40,0,40,0,0,0,0,0,0,0,0,0,10
153,features.17,40,0,40,0,0,0,0,0,0,0,0,0,10
153,features.20,40,7,33,7,0,7,0,3,0,0,7,0,0
153,features.24,80,14,66,7,0,14,0,3,0,0,7,0,0
153,features.27,80,14,66,7,0,14,0,3,0,0,7,0,0
153,features.3,10,0,10,0,0,0,0,0,0,0,0,0,10
153,features.30,80,14,66,7,1,13,0,3,0,0,7,0,0
153,features.34,80,0,80,0,0,0,0,0,0,0,0,0,10
153,features.37,80,0,80,0,0,0,0,0,0,0,0,0,10
153,features.40,80,0,80,0,0,0,0,0,0,0,0,0,10
153,features.7,20,0,20,0,0,0,0,0,0,0,0,0,10
154,features.10,20,0,20,0,0,0,0,0,0,0,0,0,10
154,features.14,40,0,40,0,0,0,0,0,0,0,0,0,10
154,features.17,40,0,40,0,0,0,0,0,0,0,0,0,10
154,features.20,40,8,32,8,0,8,0,2,0,0,8,0,0
154,features.24,80,16,64,8,0,16,0,2,0,0,8,0,0
154,features.27,80,16,64,8,0,16,0,2,0,0,8,0,0
154,features.3,10,0,10,0,0,0,0,0,0,0,0,0,10
154,features.30,80,16,64,8,2,14,0,2,0,0,8,0,0
154,features.34,80,0,80,0,0,0,0,0,0,0,0,0,10
154,features.37,80,0,80,0,0,0,0,0,0,0,0,0,10
154,features.40,80,0,80,0,0,0,0,0,0,0,0,0,10
154,features.7,20,0,20,0,0,0,0,0,0,0,0,0,10
155,features.10,20,0,20,0,0,0,0,0,0,0,0,0,10
155,features.14,40,0,40,0,0,0,0,0,0,0,0,0,10
155,features.17,40,0,40,0,0,0,0,0,0,0,0,0,10
155,features.20,40,8,32,8,0,8,0,2,0,0,8,0,0
155,features.24,80,16,64,8,0,16,0,2,0,0,8,0,0
155,features.27,80,16,64,8,0,16,0,2,0,0,8,0,0
155,features.30,80,16,64,8,0,16,0,2,0,0,8,0,0
155,features.34,80,0,80,0,0,0,0,0,0,0,0,0,10
155,features.37,80,0,80,0,0,0,0,0,0,0,0,0,10
155,features.40,80,0,80,0,0,0,0,0,0,0,0,0,10
155,features.7,20,0,20,0,0,0,0,0,0,0,0,0,10
156,features.10,20,0,20,0,0,0,0,0,0,0,0,0,10
156,features.14,40,0,40,0,0,0,0,0,0,0,0,0,10
156,features.17,40,0,40,0,0,0,0,0,0,0,0,0,10
156,features.20,40,8,32,8,0,8,0,2,0,0,8,0,0
156,features.24,80,16,64,8,0,16,0,2,0,0,8,0,0
156,features.27,80,16,64,8,0,16,0,2,0,0,8,0,0
156,features.30,80,16,64,8,0,16,0,2,0,0,8,0,0
156,features.34,80,0,80,0,0,0,0,0,0,0,0,0,10
156,features.37,80,0,80,0,0,0,0,0,0,0,0,0,10
156,features.40,80,0,80,0,0,0,0,0,0,0,0,0,10
156,features.7,20,0,20,0,0,0,0,0,0,0,0,0,10
157,features.10,20,0,20,0,0,0,0,0,0,0,0,0,10
157,features.14,40,0,40,0,0,0,0,0,0,0,0,0,10
157,features.17,40,0,40,0,0,0,0,0,0,0,0,0,10
157,features.20,40,6,34,6,0,6,0,4,0,0,6,0,0
157,features.24,80,12,68,6,0,12,0,4,0,0,6,0,0
157,features.27,80,12,68,6,0,12,0,4,0,0,6,0,0
157,features.30,80,12,68,6,0,12,0,4,0,0,6,0,0
157,features.34,80,0,80,0,0,0,0,0,0,0,0,0,10
157,features.37,80,0,80,0,0,0,0,0,0,0,0,0,10
157,features.40,80,0,80,0,0,0,0,0,0,0,0,0,10
157,features.7,20,0,20,0,0,0,0,0,0,0,0,0,10
158,features.10,20,0,20,0,0,0,0,0,0,0,0,0,10
158,features.14,40,0,40,0,0,0,0,0,0,0,0,0,10
158,features.17,40,0,40,0,0,0,0,0,0,0,0,0,10
158,features.20,40,7,33,7,0,7,0,3,0,0,7,0,0
158,features.24,80,14,66,7,0,14,0,3,0,0,7,0,0
158,features.27,80,14,66,7,0,14,0,3,0,0,7,0,0
158,features.30,80,14,66,7,0,14,0,3,0,0,7,0,0
158,features.34,80,0,80,0,0,0,0,0,0,0,0,0,10
158,features.37,80,0,80,0,0,0,0,0,0,0,0,0,10
158,features.40,80,0,80,0,0,0,0,0,0,0,0,0,10
158,features.7,20,0,20,0,0,0,0,0,0,0,0,0,10
159,features.10,20,0,20,0,0,0,0,0,0,0,0,0,10
159,features.14,40,0,40,0,0,0,0,0,0,0,0,0,10
159,features.17,40,0,40,0,0,0,0,0,0,0,0,0,10
159,features.20,40,8,32,8,0,8,0,2,0,0,8,0,0
159,features.24,80,16,64,8,0,16,0,2,0,0,8,0,0
159,features.27,80,16,64,8,0,16,0,2,0,0,8,0,0
159,features.30,80,16,64,8,0,16,0,2,0,0,8,0,0
159,features.34,80,0,80,0,0,0,0,0,0,0,0,0,10
159,features.37,80,0,80,0,0,0,0,0,0,0,0,0,10
159,features.40,80,0,80,0,0,0,0,0,0,0,0,0,10
159,features.7,20,0,20,0,0,0,0,0,0,0,0,0,10
160,features.10,20,0,20,0,0,0,0,0,0,0,0,0,10
160,features.14,40,0,40,0,0,0,0,0,0,0,0,0,10
160,features.17,40,0,40,0,0,0,0,0,0,0,0,0,10
160,features.20,40,7,33,7,0,7,0,3,0,0,7,0,0
160,features.24,80,14,66,7,0,14,0,3,0,0,7,0,0
160,features.27,80,14,66,7,0,14,0,3,0,0,7,0,0
160,features.30,80,14,66,7,0,14,0,3,0,0,7,0,0
160,features.34,80,0,80,0,0,0,0,0,0,0,0,0,10
160,features.37,80,0,80,0,0,0,0,0,0,0,0,0,10
160,features.40,80,0,80,0,0,0,0,0,0,0,0,0,10
160,features.7,20,0,20,0,0,0,0,0,0,0,0,0,10
161,features.10,20,0,20,0,0,0,0,0,0,0,0,0,10
161,features.14,40,0,40,0,0,0,0,0,0,0,0,0,10
161,features.17,40,0,40,0,0,0,0,0,0,0,0,0,10
161,features.20,40,4,36,4,0,4,0,6,0,0,4,0,0
161,features.24,80,8,72,4,0,8,0,6,0,0,4,0,0
161,features.27,80,8,72,4,1,7,0,6,0,0,4,0,0
161,features.30,80,8,72,4,0,8,0,6,0,0,4,0,0
161,features.34,80,0,80,0,0,0,0,0,0,0,0,0,10
161,features.37,80,0,80,0,0,0,0,0,0,0,0,0,10
161,features.40,80,0,80,0,0,0,0,0,0,0,0,0,10
161,features.7,20,0,20,0,0,0,0,0,0,0,0,0,10
162,features.10,20,0,20,0,0,0,0,0,0,0,0,0,10
162,features.14,40,0,40,0,0,0,0,0,0,0,0,0,10
162,features.17,40,0,40,0,0,0,0,0,0,0,0,0,10
162,features.20,40,7,33,7,0,7,0,3,0,0,7,0,0
162,features.24,80,14,66,7,1,13,0,3,0,0,7,0,0
162,features.27,80,14,66,7,0,14,0,3,0,0,7,0,0
162,features.30,80,14,66,7,0,14,0,3,0,0,7,0,0
162,features.34,80,0,80,0,0,0,0,0,0,0,0,0,10
162,features.37,80,0,80,0,0,0,0,0,0,0,0,0,10
162,features.40,80,0,80,0,0,0,0,0,0,0,0,0,10
162,features.7,20,0,20,0,0,0,0,0,0,0,0,0,10
163,features.10,20,0,20,0,0,0,0,0,0,0,0,0,10
163,features.14,40,0,40,0,0,0,0,0,0,0,0,0,10
163,features.17,40,0,40,0,0,0,0,0,0,0,0,0,10
163,features.20,40,6,34,6,1,5,0,4,0,0,6,0,0
163,features.24,80,12,68,6,1,11,0,4,0,0,6,0,0
163,features.27,80,12,68,6,0,12,0,4,0,0,6,0,0
163,features.30,80,12,68,6,0,12,0,4,0,0,6,0,0
163,features.34,80,0,80,0,0,0,0,0,0,0,0,0,10
163,features.37,80,0,80,0,0,0,0,0,0,0,0,0,10
163,features.40,80,0,80,0,0,0,0,0,0,0,0,0,10
163,features.7,20,0,20,0,0,0,0,0,0,0,0,0,10
164,features.10,20,0,20,0,0,0,0,0,0,0,0,0,10
164,features.14,40,0,40,0,0,0,0,0,0,0,0,0,10
164,features.17,40,0,40,0,0,0,0,0,0,0,0,0,10
164,features.20,40,6,34,6,0,6,0,4,0,0,6,0,0
164,features.24,80,12,68,6,0,12,0,4,0,0,6,0,0
164,features.27,80,12,68,6,0,12,0,4,0,0,6,0,0
164,features.30,80,12,68,6,0,12,0,4,0,0,6,0,0
164,features.34,80,0,80,0,0,0,0,0,0,0,0,0,10
164,features.37,80,0,80,0,0,0,0,0,0,0,0,0,10
164,features.40,80,0,80,0,0,0,0,0,0,0,0,0,10
164,features.7,20,0,20,0,0,0,0,0,0,0,0,0,10
165,features.10,20,0,20,0,0,0,0,0,0,0,0,0,10
165,features.14,40,0,40,0,0,0,0,0,0,0,0,0,10
165,features.17,40,0,40,0,0,0,0,0,0,0,0,0,10
165,features.20,40,5,35,5,0,5,0,5,0,0,5,0,0
165,features.24,80,10,70,5,0,10,0,5,0,0,5,0,0
165,features.27,80,10,70,5,0,10,0,5,0,0,5,0,0
165,features.30,80,10,70,5,0,10,0,5,0,0,5,0,0
165,features.34,80,0,80,0,0,0,0,0,0,0,0,0,10
165,features.37,80,0,80,0,0,0,0,0,0,0,0,0,10
165,features.40,80,0,80,0,0,0,0,0,0,0,0,0,10
165,features.7,20,0,20,0,0,0,0,0,0,0,0,0,10
166,features.10,20,0,20,0,0,0,0,0,0,0,0,0,10
166,features.14,40,0,40,0,0,0,0,0,0,0,0,0,10
166,features.17,40,0,40,0,0,0,0,0,0,0,0,0,10
166,features.20,40,8,32,8,0,8,0,2,0,0,8,0,0
166,features.24,80,16,64,8,0,16,0,2,0,0,8,0,0
166,features.27,80,16,64,8,0,16,0,2,0,0,8,0,0
166,features.30,80,16,64,8,0,16,0,2,0,0,8,0,0
166,features.34,80,0,80,0,0,0,0,0,0,0,0,0,10
166,features.37,80,0,80,0,0,0,0,0,0,0,0,0,10
166,features.40,80,0,80,0,0,0,0,0,0,0,0,0,10
166,features.7,20,0,20,0,0,0,0,0,0,0,0,0,10
167,features.10,20,0,20,0,0,0,0,0,0,0,0,0,10
167,features.14,40,0,40,0,0,0,0,0,0,0,0,0,10
167,features.17,40,0,40,0,0,0,0,0,0,0,0,0,10
167,features.20,40,5,35,5,0,5,0,5,0,0,5,0,0
167,features.24,80,10,70,5,0,10,0,5,0,0,5,0,0
167,features.27,80,10,70,5,0,10,0,5,0,0,5,0,0
167,features.30,80,10,70,5,1,9,0,5,0,0,5,0,0
167,features.34,80,0,80,0,0,0,0,0,0,0,0,0,10
167,features.37,80,0,80,0,0,0,0,0,0,0,0,0,10
167,features.40,80,0,80,0,0,0,0,0,0,0,0,0,10
167,features.7,20,0,20,0,0,0,0,0,0,0,0,0,10
168,features.10,20,0,20,0,0,0,0,0,0,0,0,0,10
168,features.14,40,0,40,0,0,0,0,0,0,0,0,0,10
168,features.17,40,0,40,0,0,0,0,0,0,0,0,0,10
168,features.20,40,6,34,6,0,6,0,4,0,0,6,0,0
168,features.24,80,12,68,6,1,11,0,4,0,0,6,0,0
168,features.27,80,12,68,6,0,12,0,4,0,0,6,0,0
168,features.30,80,12,68,6,0,12,0,4,0,0,6,0,0
168,features.34,80,0,80,0,0,0,0,0,0,0,0,0,10
168,features.37,80,0,80,0,0,0,0,0,0,0,0,0,10
168,features.40,80,0,80,0,0,0,0,0,0,0,0,0,10
168,features.7,20,0,20,0,0,0,0,0,0,0,0,0,10
169,features.10,20,0,20,0,0,0,0,0,0,0,0,0,10
169,features.14,40,0,40,0,0,0,0,0,0,0,0,0,10
169,features.17,40,0,40,0,0,0,0,0,0,0,0,0,10
169,features.20,40,7,33,7,0,7,0,3,0,0,7,0,0
169,features.24,80,14,66,7,0,14,0,3,0,0,7,0,0
169,features.27,80,14,66,7,1,13,0,3,0,0,7,0,0
169,features.30,80,14,66,7,0,14,0,3,0,0,7,0,0
169,features.34,80,0,80,0,0,0,0,0,0,0,0,0,10
169,features.37,80,0,80,0,0,0,0,0,0,0,0,0,10
169,features.40,80,0,80,0,0,0,0,0,0,0,0,0,10
169,features.7,20,0,20,0,0,0,0,0,0,0,0,0,10
170,features.10,20,0,20,0,0,0,0,0,0,0,0,0,10
170,features.14,40,0,40,0,0,0,0,0,0,0,0,0,10
170,features.17,40,0,40,0,0,0,0,0,0,0,0,0,10
170,features.20,40,6,34,6,0,6,0,4,0,0,6,0,0
170,features.24,80,12,68,6,0,12,0,4,0,0,6,0,0
170,features.27,80,12,68,6,0,12,0,4,0,0,6,0,0
170,features.30,80,12,68,6,0,12,0,4,0,0,6,0,0
170,features.34,80,0,80,0,0,0,0,0,0,0,0,0,10
170,features.37,80,0,80,0,0,0,0,0,0,0,0,0,10
170,features.40,80,0,80,0,0,0,0,0,0,0,0,0,10
170,features.7,20,0,20,0,0,0,0,0,0,0,0,0,10
171,features.10,20,0,20,0,0,0,0,0,0,0,0,0,10
171,features.14,40,0,40,0,0,0,0,0,0,0,0,0,10
171,features.17,40,0,40,0,0,0,0,0,0,0,0,0,10
171,features.20,40,7,33,7,0,7,0,3,0,0,7,0,0
171,features.24,80,14,66,7,0,14,0,3,0,0,7,0,0
171,features.27,80,14,66,7,0,14,0,3,0,0,7,0,0
171,features.30,80,14,66,7,0,14,0,3,0,0,7,0,0
171,features.34,80,0,80,0,0,0,0,0,0,0,0,0,10
171,features.37,80,0,80,0,0,0,0,0,0,0,0,0,10
171,features.40,80,0,80,0,0,0,0,0,0,0,0,0,10
171,features.7,20,0,20,0,0,0,0,0,0,0,0,0,10
172,features.10,20,0,20,0,0,0,0,0,0,0,0,0,10
172,features.14,40,0,40,0,0,0,0,0,0,0,0,0,10
172,features.17,40,0,40,0,0,0,0,0,0,0,0,0,10
172,features.20,40,6,34,6,0,6,0,4,0,0,6,0,0
172,features.24,80,12,68,6,2,10,0,4,0,0,6,0,0
172,features.27,80,12,68,6,0,12,0,4,0,0,6,0,0
172,features.30,80,12,68,6,0,12,0,4,0,0,6,0,0
172,features.34,80,0,80,0,0,0,0,0,0,0,0,0,10
172,features.37,80,0,80,0,0,0,0,0,0,0,0,0,10
172,features.40,80,0,80,0,0,0,0,0,0,0,0,0,10
172,features.7,20,0,20,0,0,0,0,0,0,0,0,0,10
173,features.10,20,0,20,0,0,0,0,0,0,0,0,0,10
173,features.14,40,0,40,0,0,0,0,0,0,0,0,0,10
173,features.17,40,0,40,0,0,0,0,0,0,0,0,0,10
173,features.20,40,9,31,9,0,9,0,1,0,0,9,0,0
173,features.24,80,18,62,9,0,18,0,1,0,0,9,0,0
173,features.27,80,18,62,9,0,18,0,1,0,0,9,0,0
173,features.30,80,18,62,9,0,18,0,1,0,0,9,0,0
173,features.34,80,0,80,0,0,0,0,0,0,0,0,0,10
173,features.37,80,0,80,0,0,0,0,0,0,0,0,0,10
173,features.40,80,0,80,0,0,0,0,0,0,0,0,0,10
173,features.7,20,0,20,0,0,0,0,0,0,0,0,0,10
174,features.10,20,0,20,0,0,0,0,0,0,0,0,0,10
174,features.14,40,0,40,0,0,0,0,0,0,0,0,0,10
174,features.17,40,0,40,0,0,0,0,0,0,0,0,0,10
174,features.20,40,5,35,5,0,5,0,5,0,0,5,0,0
174,features.24,80,10,70,5,0,10,0,5,0,0,5,0,0
174,features.27,80,10,70,5,0,10,0,5,0,0,5,0,0
174,features.30,80,10,70,5,0,10,0,5,0,0,5,0,0
174,features.34,80,0,80,0,0,0,0,0,0,0,0,0,10
174,features.37,80,0,80,0,0,0,0,0,0,0,0,0,10
174,features.40,80,0,80,0,0,0,0,0,0,0,0,0,10
174,features.7,20,0,20,0,0,0,0,0,0,0,0,0,10
175,features.10,20,0,20,0,0,0,0,0,0,0,0,0,10
175,features.14,40,0,40,0,0,0,0,0,0,0,0,0,10
175,features.17,40,0,40,0,0,0,0,0,0,0,0,0,10
175,features.20,40,8,32,8,0,8,0,2,0,0,8,0,0
175,features.24,80,16,64,8,0,16,0,2,0,0,8,0,0
175,features.27,80,16,64,8,1,15,0,2,0,0,8,0,0
175,features.30,80,16,64,8,0,16,0,2,0,0,8,0,0
175,features.34,80,0,80,0,0,0,0,0,0,0,0,0,10
175,features.37,80,0,80,0,0,0,0,0,0,0,0,0,10
175,features.40,80,0,80,0,0,0,0,0,0,0,0,0,10
175,features.7,20,0,20,0,0,0,0,0,0,0,0,0,10
176,features.10,20,0,20,0,0,0,0,0,0,0,0,0,10
176,features.14,40,0,40,0,0,0,0,0,0,0,0,0,10
176,features.17,40,0,40,0,0,0,0,0,0,0,0,0,10
176,features.20,40,5,35,5,0,5,0,5,0,0,5,0,0
176,features.24,80,10,70,5,0,10,0,5,0,0,5,0,0
176,features.27,80,10,70,5,0,10,0,5,0,0,5,0,0
176,features.30,80,10,70,5,1,9,0,5,0,0,5,0,0
176,features.34,80,0,80,0,0,0,0,0,0,0,0,0,10
176,features.37,80,0,80,0,0,0,0,0,0,0,0,0,10
176,features.40,80,0,80,0,0,0,0,0,0,0,0,0,10
176,features.7,20,0,20,0,0,0,0,0,0,0,0,0,10
177,features.10,20,0,20,0,0,0,0,0,0,0,0,0,10
177,features.14,40,0,40,0,0,0,0,0,0,0,0,0,10
177,features.17,40,0,40,0,0,0,0,0,0,0,0,0,10
177,features.20,40,9,31,9,0,9,0,1,0,0,9,0,0
177,features.24,80,18,62,9,0,18,0,1,0,0,9,0,0
177,features.27,80,18,62,9,0,18,0,1,0,0,9,0,0
177,features.30,80,18,62,9,0,18,0,1,0,0,9,0,0
177,features.34,80,0,80,0,0,0,0,0,0,0,0,0,10
177,features.37,80,0,80,0,0,0,0,0,0,0,0,0,10
177,features.40,80,0,80,0,0,0,0,0,0,0,0,0,10
177,features.7,20,0,20,0,0,0,0,0,0,0,0,0,10
178,features.10,20,0,20,0,0,0,0,0,0,0,0,0,10
178,features.14,40,0,40,0,0,0,0,0,0,0,0,0,10
178,features.17,40,0,40,0,0,0,0,0,0,0,0,0,10
178,features.20,40,8,32,8,0,8,0,2,0,0,8,0,0
178,features.24,80,16,64,8,0,16,0,2,0,0,8,0,0
178,features.27,80,16,64,8,0,16,0,2,0,0,8,0,0
178,features.30,80,16,64,8,1,15,0,2,0,0,8,0,0
178,features.34,80,0,80,0,0,0,0,0,0,0,0,0,10
178,features.37,80,0,80,0,0,0,0,0,0,0,0,0,10
178,features.40,80,0,80,0,0,0,0,0,0,0,0,0,10
178,features.7,20,0,20,0,0,0,0,0,0,0,0,0,10
179,features.10,20,0,20,0,0,0,0,0,0,0,0,0,10
179,features.14,40,0,40,0,0,0,0,0,0,0,0,0,10
179,features.17,40,0,40,0,0,0,0,0,0,0,0,0,10
179,features.20,40,5,35,5,0,5,0,5,0,0,5,0,0
179,features.24,80,10,70,5,0,10,0,5,0,0,5,0,0
179,features.27,80,10,70,5,0,10,0,5,0,0,5,0,0
179,features.30,80,10,70,5,0,10,0,5,0,0,5,0,0
179,features.34,80,0,80,0,0,0,0,0,0,0,0,0,10
179,features.37,80,0,80,0,0,0,0,0,0,0,0,0,10
179,features.40,80,0,80,0,0,0,0,0,0,0,0,0,10
179,features.7,20,0,20,0,0,0,0,0,0,0,0,0,10
180,features.10,20,0,20,0,0,0,0,0,0,0,0,0,10
180,features.14,40,0,40,0,0,0,0,0,0,0,0,0,10
180,features.17,40,0,40,0,0,0,0,0,0,0,0,0,10
180,features.20,40,8,32,8,0,8,0,2,0,0,8,0,0
180,features.24,80,16,64,8,0,16,0,2,0,0,8,0,0
180,features.27,80,16,64,8,0,16,0,2,0,0,8,0,0
180,features.30,80,16,64,8,0,16,0,2,0,0,8,0,0
180,features.34,80,0,80,0,0,0,0,0,0,0,0,0,10
180,features.37,80,0,80,0,0,0,0,0,0,0,0,0,10
180,features.40,80,0,80,0,0,0,0,0,0,0,0,0,10
180,features.7,20,0,20,0,0,0,0,0,0,0,0,0,10
181,features.10,20,0,20,0,0,0,0,0,0,0,0,0,10
181,features.14,40,0,40,0,0,0,0,0,0,0,0,0,10
181,features.17,40,0,40,0,0,0,0,0,0,0,0,0,10
181,features.20,40,6,34,6,0,6,0,4,0,0,6,0,0
181,features.24,80,12,68,6,0,12,0,4,0,0,6,0,0
181,features.27,80,12,68,6,0,12,0,4,0,0,6,0,0
181,features.30,80,12,68,6,0,12,0,4,0,0,6,0,0
181,features.34,80,0,80,0,0,0,0,0,0,0,0,0,10
181,features.37,80,0,80,0,0,0,0,0,0,0,0,0,10
181,features.40,80,0,80,0,0,0,0,0,0,0,0,0,10
181,features.7,20,0,20,0,0,0,0,0,0,0,0,0,10
182,features.10,20,0,20,0,0,0,0,0,0,0,0,0,10
182,features.14,40,0,40,0,0,0,0,0,0,0,0,0,10
182,features.17,40,0,40,0,0,0,0,0,0,0,0,0,10
182,features.20,40,7,33,7,0,7,0,3,0,0,7,0,0
182,features.24,80,14,66,7,0,14,0,3,0,0,7,0,0
182,features.27,80,14,66,7,0,14,0,3,0,0,7,0,0
182,features.30,80,14,66,7,1,13,0,3,0,0,7,0,0
182,features.34,80,0,80,0,0,0,0,0,0,0,0,0,10
182,features.37,80,0,80,0,0,0,0,0,0,0,0,0,10
182,features.40,80,0,80,0,0,0,0,0,0,0,0,0,10
182,features.7,20,0,20,0,0,0,0,0,0,0,0,0,10
183,features.10,20,0,20,0,0,0,0,0,0,0,0,0,10
183,features.14,40,0,40,0,0,0,0,0,0,0,0,0,10
183,features.17,40,0,40,0,0,0,0,0,0,0,0,0,10
183,features.20,40,8,32,8,0,8,0,2,0,0,8,0,0
183,features.24,80,16,64,8,0,16,0,2,0,0,8,0,0
183,features.27,80,16,64,8,0,16,0,2,0,0,8,0,0
183,features.30,80,16,64,8,0,16,0,2,0,0,8,0,0
183,features.34,80,0,80,0,0,0,0,0,0,0,0,0,10
183,features.37,80,0,80,0,0,0,0,0,0,0,0,0,10
183,features.40,80,0,80,0,0,0,0,0,0,0,0,0,10
183,features.7,20,0,20,0,0,0,0,0,0,0,0,0,10
184,features.10,20,0,20,0,0,0,0,0,0,0,0,0,10
184,features.14,40,0,40,0,0,0,0,0,0,0,0,0,10
184,features.17,40,0,40,0,0,0,0,0,0,0,0,0,10
184,features.20,40,8,32,8,0,8,0,2,0,0,8,0,0
184,features.24,80,16,64,8,0,16,0,2,0,0,8,0,0
184,features.27,80,16,64,8,0,16,0,2,0,0,8,0,0
184,features.30,80,16,64,8,0,16,0,2,0,0,8,0,0
184,features.34,80,0,80,0,0,0,0,0,0,0,0,0,10
184,features.37,80,0,80,0,0,0,0,0,0,0,0,0,10
184,features.40,80,0,80,0,0,0,0,0,0,0,0,0,10
184,features.7,20,0,20,0,0,0,0,0,0,0,0,0,10
185,features.10,20,0,20,0,0,0,0,0,0,0,0,0,10
185,features.14,40,0,40,0,0,0,0,0,0,0,0,0,10
185,features.17,40,0,40,0,0,0,0,0,0,0,0,0,10
185,features.20,40,3,37,3,0,3,0,7,0,0,3,0,0
185,features.24,80,6,74,3,0,6,0,7,0,0,3,0,0
185,features.27,80,6,74,3,0,6,0,7,0,0,3,0,0
185,features.30,80,6,74,3,0,6,0,7,0,0,3,0,0
185,features.34,80,0,80,0,0,0,0,0,0,0,0,0,10
185,features.37,80,0,80,0,0,0,0,0,0,0,0,0,10
185,features.40,80,0,80,0,0,0,0,0,0,0,0,0,10
185,features.7,20,0,20,0,0,0,0,0,0,0,0,0,10
186,features.10,20,0,20,0,0,0,0,0,0,0,0,0,10
186,features.14,40,0,40,0,0,0,0,0,0,0,0,0,10
186,features.17,40,0,40,0,0,0,0,0,0,0,0,0,10
186,features.20,40,4,36,4,0,4,0,6,0,0,4,0,0
186,features.24,80,8,72,4,0,8,0,6,0,0,4,0,0
186,features.27,80,8,72,4,0,8,0,6,0,0,4,0,0
186,features.30,80,8,72,4,1,7,0,6,0,0,4,0,0
186,features.34,80,0,80,0,0,0,0,0,0,0,0,0,10
186,features.37,80,0,80,0,0,0,0,0,0,0,0,0,10
186,features.40,80,0,80,0,0,0,0,0,0,0,0,0,10
186,features.7,20,0,20,0,0,0,0,0,0,0,0,0,10
187,features.10,20,0,20,0,0,0,0,0,0,0,0,0,10
187,features.14,40,0,40,0,0,0,0,0,0,0,0,0,10
187,features.17,40,0,40,0,0,0,0,0,0,0,0,0,10
187,features.20,40,8,32,8,0,8,0,2,0,0,8,0,0
187,features.24,80,16,64,8,0,16,0,2,0,0,8,0,0
187,features.27,80,16,64,8,1,15,0,2,0,0,8,0,0
187,features.30,80,16,64,8,0,16,0,2,0,0,8,0,0
187,features.34,80,0,80,0,0,0,0,0,0,0,0,0,10
187,features.37,80,0,80,0,0,0,0,0,0,0,0,0,10
187,features.40,80,0,80,0,0,0,0,0,0,0,0,0,10
187,features.7,20,0,20,0,0,0,0,0,0,0,0,0,10
188,features.10,20,0,20,0,0,0,0,0,0,0,0,0,10
188,features.14,40,0,40,0,0,0,0,0,0,0,0,0,10
188,features.17,40,0,40,0,0,0,0,0,0,0,0,0,10
188,features.20,40,7,33,7,0,7,0,3,0,0,7,0,0
188,features.24,80,14,66,7,1,13,0,3,0,0,7,0,0
188,features.27,80,14,66,7,1,13,0,3,0,0,7,0,0
188,features.30,80,14,66,7,1,13,0,3,0,0,7,0,0
188,features.34,80,0,80,0,0,0,0,0,0,0,0,0,10
188,features.37,80,0,80,0,0,0,0,0,0,0,0,0,10
188,features.40,80,0,80,0,0,0,0,0,0,0,0,0,10
188,features.7,20,0,20,0,0,0,0,0,0,0,0,0,10
189,features.10,20,0,20,0,0,0,0,0,0,0,0,0,10
189,features.14,40,0,40,0,0,0,0,0,0,0,0,0,10
189,features.17,40,0,40,0,0,0,0,0,0,0,0,0,10
189,features.20,40,8,32,8,0,8,0,2,0,0,8,0,0
189,features.24,80,16,64,8,0,16,0,2,0,0,8,0,0
189,features.27,80,16,64,8,0,16,0,2,0,0,8,0,0
189,features.30,80,16,64,8,0,16,0,2,0,0,8,0,0
189,features.34,80,0,80,0,0,0,0,0,0,0,0,0,10
189,features.37,80,0,80,0,0,0,0,0,0,0,0,0,10
189,features.40,80,0,80,0,0,0,0,0,0,0,0,0,10
189,features.7,20,0,20,0,0,0,0,0,0,0,0,0,10
190,features.10,20,0,20,0,0,0,0,0,0,0,0,0,10
190,features.14,40,0,40,0,0,0,0,0,0,0,0,0,10
190,features.17,40,0,40,0,0,0,0,0,0,0,0,0,10
190,features.20,40,6,34,6,0,6,0,4,0,0,6,0,0
190,features.24,80,12,68,6,0,12,0,4,0,0,6,0,0
190,features.27,80,12,68,6,0,12,0,4,0,0,6,0,0
190,features.30,80,12,68,6,0,12,0,4,0,0,6,0,0
190,features.34,80,0,80,0,0,0,0,0,0,0,0,0,10
190,features.37,80,0,80,0,0,0,0,0,0,0,0,0,10
190,features.40,80,0,80,0,0,0,0,0,0,0,0,0,10
190,features.7,20,0,20,0,0,0,0,0,0,0,0,0,10
191,features.10,20,0,20,0,0,0,0,0,0,0,0,0,10
191,features.14,40,0,40,0,0,0,0,0,0,0,0,0,10
191,features.17,40,0,40,0,0,0,0,0,0,0,0,0,10
191,features.20,40,8,32,8,1,7,0,2,0,0,8,0,0
191,features.24,80,16,64,8,2,14,0,2,0,0,8,0,0
191,features.27,80,16,64,8,0,16,0,2,0,0,8,0,0
191,features.30,80,16,64,8,0,16,0,2,0,0,8,0,0
191,features.34,80,0,80,0,0,0,0,0,0,0,0,0,10
191,features.37,80,0,80,0,0,0,0,0,0,0,0,0,10
191,features.40,80,0,80,0,0,0,0,0,0,0,0,0,10
191,features.7,20,0,20,0,0,0,0,0,0,0,0,0,10
192,features.10,20,0,20,0,0,0,0,0,0,0,0,0,10
192,features.14,40,0,40,0,0,0,0,0,0,0,0,0,10
192,features.17,40,0,40,0,0,0,0,0,0,0,0,0,10
192,features.20,40,8,32,8,0,8,0,2,0,0,8,0,0
192,features.24,80,16,64,8,1,15,0,2,0,0,8,0,0
192,features.27,80,16,64,8,0,16,0,2,0,0,8,0,0
192,features.30,80,16,64,8,0,16,0,2,0,0,8,0,0
192,features.34,80,0,80,0,0,0,0,0,0,0,0,0,10
192,features.37,80,0,80,0,0,0,0,0,0,0,0,0,10
192,features.40,80,0,80,0,0,0,0,0,0,0,0,0,10
192,features.7,20,0,20,0,0,0,0,0,0,0,0,0,10
193,features.10,20,0,20,0,0,0,0,0,0,0,0,0,10
193,features.14,40,0,40,0,0,0,0,0,0,0,0,0,10
193,features.17,40,0,40,0,0,0,0,0,0,0,0,0,10
193,features.20,40,7,33,7,0,7,0,3,0,0,7,0,0
193,features.24,80,14,66,7,1,13,0,3,0,0,7,0,0
193,features.27,80,14,66,7,0,14,0,3,0,0,7,0,0
193,features.30,80,14,66,7,0,14,0,3,0,0,7,0,0
193,features.34,80,0,80,0,0,0,0,0,0,0,0,0,10
193,features.37,80,0,80,0,0,0,0,0,0,0,0,0,10
193,features.40,80,0,80,0,0,0,0,0,0,0,0,0,10
193,features.7,20,0,20,0,0,0,0,0,0,0,0,0,10
194,features.10,20,0,20,0,0,0,0,0,0,0,0,0,10
194,features.14,40,0,40,0,0,0,0,0,0,0,0,0,10
194,features.17,40,0,40,0,0,0,0,0,0,0,0,0,10
194,features.20,40,4,36,4,0,4,0,6,0,0,4,0,0
194,features.24,80,8,72,4,1,7,0,6,0,0,4,0,0
194,features.27,80,8,72,4,0,8,0,6,0,0,4,0,0
194,features.30,80,8,72,4,0,8,0,6,0,0,4,0,0
194,features.34,80,0,80,0,0,0,0,0,0,0,0,0,10
194,features.37,80,0,80,0,0,0,0,0,0,0,0,0,10
194,features.40,80,0,80,0,0,0,0,0,0,0,0,0,10
194,features.7,20,0,20,0,0,0,0,0,0,0,0,0,10
195,features.10,20,0,20,0,0,0,0,0,0,0,0,0,10
195,features.14,40,0,40,0,0,0,0,0,0,0,0,0,10
195,features.17,40,0,40,0,0,0,0,0,0,0,0,0,10
195,features.20,40,6,34,6,0,6,0,4,0,0,6,0,0
195,features.24,80,12,68,6,0,12,0,4,0,0,6,0,0
195,features.27,80,12,68,6,0,12,0,4,0,0,6,0,0
195,features.30,80,12,68,6,0,12,0,4,0,0,6,0,0
195,features.34,80,0,80,0,0,0,0,0,0,0,0,0,10
195,features.37,80,0,80,0,0,0,0,0,0,0,0,0,10
195,features.40,80,0,80,0,0,0,0,0,0,0,0,0,10
195,features.7,20,0,20,0,0,0,0,0,0,0,0,0,10
196,features.10,20,0,20,0,0,0,0,0,0,0,0,0,10
196,features.14,40,0,40,0,0,0,0,0,0,0,0,0,10
196,features.17,40,0,40,0,0,0,0,0,0,0,0,0,10
196,features.20,40,10,30,10,0,10,0,0,0,0,10,0,0
196,features.24,80,20,60,10,0,20,0,0,0,0,10,0,0
196,features.27,80,20,60,10,1,19,0,0,0,0,10,0,0
196,features.30,80,20,60,10,0,20,0,0,0,0,10,0,0
196,features.34,80,0,80,0,0,0,0,0,0,0,0,0,10
196,features.37,80,0,80,0,0,0,0,0,0,0,0,0,10
196,features.40,80,0,80,0,0,0,0,0,0,0,0,0,10
196,features.7,20,0,20,0,0,0,0,0,0,0,0,0,10
197,features.10,20,0,20,0,0,0,0,0,0,0,0,0,10
197,features.14,40,0,40,0,0,0,0,0,0,0,0,0,10
197,features.17,40,0,40,0,0,0,0,0,0,0,0,0,10
197,features.20,40,5,35,5,0,5,0,5,0,0,5,0,0
197,features.24,80,10,70,5,0,10,0,5,0,0,5,0,0
197,features.27,80,10,70,5,0,10,0,5,0,0,5,0,0
197,features.30,80,10,70,5,0,10,0,5,0,0,5,0,0
197,features.34,80,0,80,0,0,0,0,0,0,0,0,0,10
197,features.37,80,0,80,0,0,0,0,0,0,0,0,0,10
197,features.40,80,0,80,0,0,0,0,0,0,0,0,0,10
197,features.7,20,0,20,0,0,0,0,0,0,0,0,0,10
198,features.10,20,0,20,0,0,0,0,0,0,0,0,0,10
198,features.14,40,0,40,0,0,0,0,0,0,0,0,0,10
198,features.17,40,0,40,0,0,0,0,0,0,0,0,0,10
198,features.20,40,6,34,6,0,6,0,4,0,0,6,0,0
198,features.24,80,12,68,6,0,12,0,4,0,0,6,0,0
198,features.27,80,12,68,6,0,12,0,4,0,0,6,0,0
198,features.30,80,12,68,6,1,11,0,4,0,0,6,0,0
198,features.34,80,0,80,0,0,0,0,0,0,0,0,0,10
198,features.37,80,0,80,0,0,0,0,0,0,0,0,0,10
198,features.40,80,0,80,0,0,0,0,0,0,0,0,0,10
198,features.7,20,0,20,0,0,0,0,0,0,0,0,0,10
199,features.10,20,0,20,0,0,0,0,0,0,0,0,0,10
199,features.14,40,0,40,0,0,0,0,0,0,0,0,0,10
199,features.17,40,0,40,0,0,0,0,0,0,0,0,0,10
199,features.20,40,6,34,6,0,6,0,4,0,0,6,0,0
199,features.24,80,12,68,6,0,12,0,4,0,0,6,0,0
199,features.27,80,12,68,6,0,12,0,4,0,0,6,0,0
199,features.30,80,12,68,6,0,12,0,4,0,0,6,0,0
199,features.34,80,0,80,0,0,0,0,0,0,0,0,0,10
199,features.37,80,0,80,0,0,0,0,0,0,0,0,0,10
199,features.40,80,0,80,0,0,0,0,0,0,0,0,0,10
199,features.7,20,0,20,0,0,0,0,0,0,0,0,0,10
200,features.10,20,0,20,0,0,0,0,0,0,0,0,0,10
200,features.14,40,0,40,0,0,0,0,0,0,0,0,0,10
200,features.17,40,0,40,0,0,0,0,0,0,0,0,0,10
200,features.20,40,6,34,6,0,6,0,4,0,0,6,0,0
200,features.24,80,12,68,6,0,12,0,4,0,0,6,0,0
200,features.27,80,12,68,6,0,12,0,4,0,0,6,0,0
200,features.30,80,12,68,6,0,12,0,4,0,0,6,0,0
200,features.34,80,0,80,0,0,0,0,0,0,0,0,0,10
200,features.37,80,0,80,0,0,0,0,0,0,0,0,0,10
200,features.40,80,0,80,0,0,0,0,0,0,0,0,0,10
200,features.7,20,0,20,0,0,0,0,0,0,0,0,0,10
201,features.10,20,0,20,0,0,0,0,0,0,0,0,0,10
201,features.14,40,0,40,0,0,0,0,0,0,0,0,0,10
201,features.17,40,0,40,0,0,0,0,0,0,0,0,0,10
201,features.20,40,6,34,6,0,6,0,4,0,0,6,0,0
201,features.24,80,12,68,6,0,12,0,4,0,0,6,0,0
201,features.27,80,12,68,6,0,12,0,4,0,0,6,0,0
201,features.30,80,12,68,6,0,12,0,4,0,0,6,0,0
201,features.34,80,0,80,0,0,0,0,0,0,0,0,0,10
201,features.37,80,0,80,0,0,0,0,0,0,0,0,0,10
201,features.40,80,0,80,0,0,0,0,0,0,0,0,0,10
201,features.7,20,0,20,0,0,0,0,0,0,0,0,0,10
202,features.10,20,0,20,0,0,0,0,0,0,0,0,0,10
202,features.14,40,0,40,0,0,0,0,0,0,0,0,0,10
202,features.17,40,0,40,0,0,0,0,0,0,0,0,0,10
202,features.20,40,4,36,4,0,4,0,6,0,0,4,0,0
202,features.24,80,8,72,4,0,8,0,6,0,0,4,0,0
202,features.27,80,8,72,4,0,8,0,6,0,0,4,0,0
202,features.30,80,8,72,4,0,8,0,6,0,0,4,0,0
202,features.34,80,0,80,0,0,0,0,0,0,0,0,0,10
202,features.37,80,0,80,0,0,0,0,0,0,0,0,0,10
202,features.40,80,0,80,0,0,0,0,0,0,0,0,0,10
202,features.7,20,0,20,0,0,0,0,0,0,0,0,0,10
203,features.10,20,0,20,0,0,0,0,0,0,0,0,0,10
203,features.14,40,0,40,0,0,0,0,0,0,0,0,0,10
203,features.17,40,0,40,0,0,0,0,0,0,0,0,0,10
203,features.20,40,6,34,6,0,6,0,4,0,0,6,0,0
203,features.24,80,12,68,6,0,12,0,4,0,0,6,0,0
203,features.27,80,12,68,6,0,12,0,4,0,0,6,0,0
203,features.30,80,12,68,6,0,12,0,4,0,0,6,0,0
203,features.34,80,0,80,0,0,0,0,0,0,0,0,0,10
203,features.37,80,0,80,0,0,0,0,0,0,0,0,0,10
203,features.40,80,0,80,0,0,0,0,0,0,0,0,0,10
203,features.7,20,0,20,0,0,0,0,0,0,0,0,0,10
204,features.10,20,0,20,0,0,0,0,0,0,0,0,0,10
204,features.14,40,0,40,0,0,0,0,0,0,0,0,0,10
204,features.17,40,0,40,0,0,0,0,0,0,0,0,0,10
204,features.20,40,7,33,7,0,7,0,3,0,0,7,0,0
204,features.24,80,14,66,7,1,13,0,3,0,0,7,0,0
204,features.27,80,14,66,7,0,14,0,3,0,0,7,0,0
204,features.30,80,14,66,7,0,14,0,3,0,0,7,0,0
204,features.34,80,0,80,0,0,0,0,0,0,0,0,0,10
204,features.37,80,0,80,0,0,0,0,0,0,0,0,0,10
204,features.40,80,0,80,0,0,0,0,0,0,0,0,0,10
204,features.7,20,0,20,0,0,0,0,0,0,0,0,0,10
205,features.10,20,0,20,0,0,0,0,0,0,0,0,0,10
205,features.14,40,0,40,0,0,0,0,0,0,0,0,0,10
205,features.17,40,0,40,0,0,0,0,0,0,0,0,0,10
205,features.20,40,7,33,7,0,7,0,3,0,0,7,0,0
205,features.24,80,14,66,7,0,14,0,3,0,0,7,0,0
205,features.27,80,14,66,7,0,14,0,3,0,0,7,0,0
205,features.30,80,14,66,7,0,14,0,3,0,0,7,0,0
205,features.34,80,0,80,0,0,0,0,0,0,0,0,0,10
205,features.37,80,0,80,0,0,0,0,0,0,0,0,0,10
205,features.40,80,0,80,0,0,0,0,0,0,0,0,0,10
205,features.7,20,0,20,0,0,0,0,0,0,0,0,0,10
206,features.10,20,0,20,0,0,0,0,0,0,0,0,0,10
206,features.14,40,0,40,0,0,0,0,0,0,0,0,0,10
206,features.17,40,0,40,0,0,0,0,0,0,0,0,0,10
206,features.20,40,9,31,9,0,9,0,1,0,0,9,0,0
206,features.24,80,18,62,9,0,18,0,1,0,0,9,0,0
206,features.27,80,18,62,9,0,18,0,1,0,0,9,0,0
206,features.30,80,18,62,9,0,18,0,1,0,0,9,0,0
206,features.34,80,0,80,0,0,0,0,0,0,0,0,0,10
206,features.37,80,0,80,0,0,0,0,0,0,0,0,0,10
206,features.40,80,0,80,0,0,0,0,0,0,0,0,0,10
206,features.7,20,0,20,0,0,0,0,0,0,0,0,0,10
207,features.10,20,0,20,0,0,0,0,0,0,0,0,0,10
207,features.14,40,0,40,0,0,0,0,0,0,0,0,0,10
207,features.17,40,0,40,0,0,0,0,0,0,0,0,0,10
207,features.20,40,4,36,4,0,4,0,6,0,0,4,0,0
207,features.24,80,8,72,4,0,8,0,6,0,0,4,0,0
207,features.27,80,8,72,4,0,8,0,6,0,0,4,0,0
207,features.30,80,8,72,4,0,8,0,6,0,0,4,0,0
207,features.34,80,0,80,0,0,0,0,0,0,0,0,0,10
207,features.37,80,0,80,0,0,0,0,0,0,0,0,0,10
207,features.40,80,0,80,0,0,0,0,0,0,0,0,0,10
207,features.7,20,0,20,0,0,0,0,0,0,0,0,0,10
208,features.10,20,0,20,0,0,0,0,0,0,0,0,0,10
208,features.14,40,0,40,0,0,0,0,0,0,0,0,0,10
208,features.17,40,0,40,0,0,0,0,0,0,0,0,0,10
208,features.20,40,8,32,8,0,8,0,2,0,0,8,0,0
208,features.24,80,16,64,8,0,16,0,2,0,0,8,0,0
208,features.27,80,16,64,8,0,16,0,2,0,0,8,0,0
208,features.30,80,16,64,8,1,15,0,2,0,0,8,0,0
208,features.34,80,0,80,0,0,0,0,0,0,0,0,0,10
208,features.37,80,0,80,0,0,0,0,0,0,0,0,0,10
208,features.40,80,0,80,0,0,0,0,0,0,0,0,0,10
208,features.7,20,0,20,0,0,0,0,0,0,0,0,0,10
209,features.10,20,0,20,0,0,0,0,0,0,0,0,0,10
209,features.14,40,0,40,0,0,0,0,0,0,0,0,0,10
209,features.17,40,0,40,0,0,0,0,0,0,0,0,0,10
209,features.20,40,7,33,7,0,7,0,3,0,0,7,0,0
209,features.24,80,14,66,7,0,14,0,3,0,0,7,0,0
209,features.27,80,14,66,7,0,14,0,3,0,0,7,0,0
209,features.30,80,14,66,7,0,14,0,3,0,0,7,0,0
209,features.34,80,0,80,0,0,0,0,0,0,0,0,0,10
209,features.37,80,0,80,0,0,0,0,0,0,0,0,0,10
209,features.40,80,0,80,0,0,0,0,0,0,0,0,0,10
209,features.7,20,0,20,0,0,0,0,0,0,0,0,0,10
210,features.10,20,0,20,0,0,0,0,0,0,0,0,0,10
210,features.14,40,0,40,0,0,0,0,0,0,0,0,0,10
210,features.17,40,0,40,0,0,0,0,0,0,0,0,0,10
210,features.20,40,8,32,8,0,8,0,2,0,0,8,0,0
210,features.24,80,16,64,8,0,16,0,2,0,0,8,0,0
210,features.27,80,16,64,8,0,16,0,2,0,0,8,0,0
210,features.30,80,16,64,8,0,16,0,2,0,0,8,0,0
210,features.34,80,0,80,0,0,0,0,0,0,0,0,0,10
210,features.37,80,0,80,0,0,0,0,0,0,0,0,0,10
210,features.40,80,0,80,0,0,0,0,0,0,0,0,0,10
210,features.7,20,0,20,0,0,0,0,0,0,0,0,0,10
211,features.10,20,0,20,0,0,0,0,0,0,0,0,0,10
211,features.14,40,0,40,0,0,0,0,0,0,0,0,0,10
211,features.17,40,0,40,0,0,0,0,0,0,0,0,0,10
211,features.20,40,5,35,5,0,5,0,5,0,0,5,0,0
211,features.24,80,10,70,5,0,10,0,5,0,0,5,0,0
211,features.27,80,10,70,5,1,9,0,5,0,0,5,0,0
211,features.30,80,10,70,5,1,9,0,5,0,0,5,0,0
211,features.34,80,0,80,0,0,0,0,0,0,0,0,0,10
211,features.37,80,0,80,0,0,0,0,0,0,0,0,0,10
211,features.40,80,0,80,0,0,0,0,0,0,0,0,0,10
211,features.7,20,0,20,0,0,0,0,0,0,0,0,0,10
212,features.10,20,0,20,0,0,0,0,0,0,0,0,0,10
212,features.14,40,0,40,0,0,0,0,0,0,0,0,0,10
212,features.17,40,0,40,0,0,0,0,0,0,0,0,0,10
212,features.20,40,8,32,8,0,8,0,2,0,0,8,0,0
212,features.24,80,16,64,8,2,14,0,2,0,0,8,0,0
212,features.27,80,16,64,8,0,16,0,2,0,0,8,0,0
212,features.30,80,16,64,8,0,16,0,2,0,0,8,0,0
212,features.34,80,0,80,0,0,0,0,0,0,0,0,0,10
212,features.37,80,0,80,0,0,0,0,0,0,0,0,0,10
212,features.40,80,0,80,0,0,0,0,0,0,0,0,0,10
212,features.7,20,0,20,0,0,0,0,0,0,0,0,0,10
213,features.10,20,0,20,0,0,0,0,0,0,0,0,0,10
213,features.14,40,0,40,0,0,0,0,0,0,0,0,0,10
213,features.17,40,0,40,0,0,0,0,0,0,0,0,0,10
213,features.20,40,7,33,7,1,6,0,3,0,0,7,0,0
213,features.24,80,14,66,7,0,14,0,3,0,0,7,0,0
213,features.27,80,14,66,7,1,13,0,3,0,0,7,0,0
213,features.30,80,14,66,7,1,13,0,3,0,0,7,0,0
213,features.34,80,0,80,0,0,0,0,0,0,0,0,0,10
213,features.37,80,0,80,0,0,0,0,0,0,0,0,0,10
213,features.40,80,0,80,0,0,0,0,0,0,0,0,0,10
213,features.7,20,0,20,0,0,0,0,0,0,0,0,0,10
214,features.10,20,0,20,0,0,0,0,0,0,0,0,0,10
214,features.14,40,0,40,0,0,0,0,0,0,0,0,0,10
214,features.17,40,0,40,0,0,0,0,0,0,0,0,0,10
214,features.20,40,5,35,5,0,5,0,5,0,0,5,0,0
214,features.24,80,10,70,5,0,10,0,5,0,0,5,0,0
214,features.27,80,10,70,5,0,10,0,5,0,0,5,0,0
214,features.30,80,10,70,5,1,9,0,5,0,0,5,0,0
214,features.34,80,0,80,0,0,0,0,0,0,0,0,0,10
214,features.37,80,0,80,0,0,0,0,0,0,0,0,0,10
214,features.40,80,0,80,0,0,0,0,0,0,0,0,0,10
214,features.7,20,0,20,0,0,0,0,0,0,0,0,0,10
215,features.10,20,0,20,0,0,0,0,0,0,0,0,0,10
215,features.14,40,0,40,0,0,0,0,0,0,0,0,0,10
215,features.17,40,0,40,0,0,0,0,0,0,0,0,0,10
215,features.20,40,5,35,5,0,5,0,5,0,0,5,0,0
215,features.24,80,10,70,5,0,10,0,5,0,0,5,0,0
215,features.27,80,10,70,5,0,10,0,5,0,0,5,0,0
215,features.30,80,10,70,5,0,10,0,5,0,0,5,0,0
215,features.34,80,0,80,0,0,0,0,0,0,0,0,0,10
215,features.37,80,0,80,0,0,0,0,0,0,0,0,0,10
215,features.40,80,0,80,0,0,0,0,0,0,0,0,0,10
215,features.7,20,0,20,0,0,0,0,0,0,0,0,0,10
216,features.10,20,0,20,0,0,0,0,0,0,0,0,0,10
216,features.14,40,0,40,0,0,0,0,0,0,0,0,0,10
216,features.17,40,0,40,0,0,0,0,0,0,0,0,0,10
216,features.20,40,5,35,5,0,5,0,5,0,0,5,0,0
216,features.24,80,10,70,5,0,10,0,5,0,0,5,0,0
216,features.27,80,10,70,5,0,10,0,5,0,0,5,0,0
216,features.30,80,10,70,5,0,10,0,5,0,0,5,0,0
216,features.34,80,0,80,0,0,0,0,0,0,0,0,0,10
216,features.37,80,0,80,0,0,0,0,0,0,0,0,0,10
216,features.40,80,0,80,0,0,0,0,0,0,0,0,0,10
216,features.7,20,0,20,0,0,0,0,0,0,0,0,0,10
217,features.10,20,0,20,0,0,0,0,0,0,0,0,0,10
217,features.14,40,0,40,0,0,0,0,0,0,0,0,0,10
217,features.17,40,0,40,0,0,0,0,0,0,0,0,0,10
217,features.20,40,10,30,10,0,10,0,0,0,0,10,0,0
217,features.24,80,20,60,10,2,18,0,0,0,0,10,0,0
217,features.27,80,20,60,10,0,20,0,0,0,0,10,0,0
217,features.30,80,20,60,10,0,20,0,0,0,0,10,0,0
217,features.34,80,0,80,0,0,0,0,0,0,0,0,0,10
217,features.37,80,0,80,0,0,0,0,0,0,0,0,0,10
217,features.40,80,0,80,0,0,0,0,0,0,0,0,0,10
217,features.7,20,0,20,0,0,0,0,0,0,0,0,0,10
218,features.10,20,0,20,0,0,0,0,0,0,0,0,0,10
218,features.14,40,0,40,0,0,0,0,0,0,0,0,0,10
218,features.17,40,0,40,0,0,0,0,0,0,0,0,0,10
218,features.20,40,6,34,6,0,6,0,4,0,0,6,0,0
218,features.24,80,12,68,6,0,12,0,4,0,0,6,0,0
218,features.27,80,12,68,6,0,12,0,4,0,0,6,0,0
218,features.30,80,12,68,6,0,12,0,4,0,0,6,0,0
218,features.34,80,0,80,0,0,0,0,0,0,0,0,0,10
218,features.37,80,0,80,0,0,0,0,0,0,0,0,0,10
218,features.40,80,0,80,0,0,0,0,0,0,0,0,0,10
218,features.7,20,0,20,0,0,0,0,0,0,0,0,0,10
219,features.10,20,0,20,0,0,0,0,0,0,0,0,0,10
219,features.14,40,0,40,0,0,0,0,0,0,0,0,0,10
219,features.17,40,0,40,0,0,0,0,0,0,0,0,0,10
219,features.20,40,6,34,6,0,6,0,4,0,0,6,0,0
219,features.24,80,12,68,6,0,12,0,4,0,0,6,0,0
219,features.27,80,12,68,6,0,12,0,4,0,0,6,0,0
219,features.30,80,12,68,6,0,12,0,4,0,0,6,0,0
219,features.34,80,0,80,0,0,0,0,0,0,0,0,0,10
219,features.37,80,0,80,0,0,0,0,0,0,0,0,0,10
219,features.40,80,0,80,0,0,0,0,0,0,0,0,0,10
219,features.7,20,0,20,0,0,0,0,0,0,0,0,0,10
220,features.10,20,0,20,0,0,0,0,0,0,0,0,0,10
220,features.14,40,0,40,0,0,0,0,0,0,0,0,0,10
220,features.17,40,0,40,0,0,0,0,0,0,0,0,0,10
220,features.20,40,5,35,5,0,5,0,5,0,0,5,0,0
220,features.24,80,10,70,5,0,10,0,5,0,0,5,0,0
220,features.27,80,10,70,5,1,9,0,5,0,0,5,0,0
220,features.30,80,10,70,5,1,9,0,5,0,0,5,0,0
220,features.34,80,0,80,0,0,0,0,0,0,0,0,0,10
220,features.37,80,0,80,0,0,0,0,0,0,0,0,0,10
220,features.40,80,0,80,0,0,0,0,0,0,0,0,0,10
220,features.7,20,0,20,0,0,0,0,0,0,0,0,0,10
221,features.10,20,0,20,0,0,0,0,0,0,0,0,0,10
221,features.14,40,0,40,0,0,0,0,0,0,0,0,0,10
221,features.17,40,0,40,0,0,0,0,0,0,0,0,0,10
221,features.20,40,8,32,8,0,8,0,2,0,0,8,0,0
221,features.24,80,16,64,8,1,15,0,2,0,0,8,0,0
221,features.27,80,16,64,8,0,16,0,2,0,0,8,0,0
221,features.30,80,16,64,8,0,16,0,2,0,0,8,0,0
221,features.34,80,0,80,0,0,0,0,0,0,0,0,0,10
221,features.37,80,0,80,0,0,0,0,0,0,0,0,0,10
221,features.40,80,0,80,0,0,0,0,0,0,0,0,0,10
221,features.7,20,0,20,0,0,0,0,0,0,0,0,0,10
222,features.10,20,0,20,0,0,0,0,0,0,0,0,0,10
222,features.14,40,0,40,0,0,0,0,0,0,0,0,0,10
222,features.17,40,0,40,0,0,0,0,0,0,0,0,0,10
222,features.20,40,8,32,8,0,8,0,2,0,0,8,0,0
222,features.24,80,16,64,8,3,13,0,2,0,0,8,0,0
222,features.27,80,16,64,8,0,16,0,2,0,0,8,0,0
222,features.30,80,16,64,8,0,16,0,2,0,0,8,0,0
222,features.34,80,0,80,0,0,0,0,0,0,0,0,0,10
222,features.37,80,0,80,0,0,0,0,0,0,0,0,0,10
222,features.40,80,0,80,0,0,0,0,0,0,0,0,0,10
222,features.7,20,0,20,0,0,0,0,0,0,0,0,0,10
223,features.10,20,0,20,0,0,0,0,0,0,0,0,0,10
223,features.14,40,0,40,0,0,0,0,0,0,0,0,0,10
223,features.17,40,0,40,0,0,0,0,0,0,0,0,0,10
223,features.20,40,7,33,7,0,7,0,3,0,0,7,0,0
223,features.24,80,14,66,7,0,14,0,3,0,0,7,0,0
223,features.27,80,14,66,7,0,14,0,3,0,0,7,0,0
223,features.30,80,14,66,7,0,14,0,3,0,0,7,0,0
223,features.34,80,0,80,0,0,0,0,0,0,0,0,0,10
223,features.37,80,0,80,0,0,0,0,0,0,0,0,0,10
223,features.40,80,0,80,0,0,0,0,0,0,0,0,0,10
223,features.7,20,0,20,0,0,0,0,0,0,0,0,0,10
224,features.10,20,0,20,0,0,0,0,0,0,0,0,0,10
224,features.14,40,0,40,0,0,0,0,0,0,0,0,0,10
224,features.17,40,0,40,0,0,0,0,0,0,0,0,0,10
224,features.20,40,7,33,7,0,7,0,3,0,0,7,0,0
224,features.24,80,14,66,7,1,13,0,3,0,0,7,0,0
224,features.27,80,14,66,7,0,14,0,3,0,0,7,0,0
224,features.30,80,14,66,7,0,14,0,3,0,0,7,0,0
224,features.34,80,0,80,0,0,0,0,0,0,0,0,0,10
224,features.37,80,0,80,0,0,0,0,0,0,0,0,0,10
224,features.40,80,0,80,0,0,0,0,0,0,0,0,0,10
224,features.7,20,0,20,0,0,0,0,0,0,0,0,0,10
225,features.10,20,0,20,0,0,0,0,0,0,0,0,0,10
225,features.14,40,0,40,0,0,0,0,0,0,0,0,0,10
225,features.17,40,0,40,0,0,0,0,0,0,0,0,0,10
225,features.20,40,7,33,7,0,7,0,3,0,0,7,0,0
225,features.24,80,14,66,7,0,14,0,3,0,0,7,0,0
225,features.27,80,14,66,7,0,14,0,3,0,0,7,0,0
225,features.30,80,14,66,7,0,14,0,3,0,0,7,0,0
225,features.34,80,0,80,0,0,0,0,0,0,0,0,0,10
225,features.37,80,0,80,0,0,0,0,0,0,0,0,0,10
225,features.40,80,0,80,0,0,0,0,0,0,0,0,0,10
225,features.7,20,0,20,0,0,0,0,0,0,0,0,0,10
226,features.10,20,0,20,0,0,0,0,0,0,0,0,0,10
226,features.14,40,0,40,0,0,0,0,0,0,0,0,0,10
226,features.17,40,0,40,0,0,0,0,0,0,0,0,0,10
226,features.20,40,6,34,6,0,6,0,4,0,0,6,0,0
226,features.24,80,12,68,6,0,12,0,4,0,0,6,0,0
226,features.27,80,12,68,6,0,12,0,4,0,0,6,0,0
226,features.30,80,12,68,6,0,12,0,4,0,0,6,0,0
226,features.34,80,0,80,0,0,0,0,0,0,0,0,0,10
226,features.37,80,0,80,0,0,0,0,0,0,0,0,0,10
226,features.40,80,0,80,0,0,0,0,0,0,0,0,0,10
226,features.7,20,0,20,0,0,0,0,0,0,0,0,0,10
227,features.10,20,0,20,0,0,0,0,0,0,0,0,0,10
227,features.14,40,0,40,0,0,0,0,0,0,0,0,0,10
227,features.17,40,0,40,0,0,0,0,0,0,0,0,0,10
227,features.20,40,7,33,7,0,7,0,3,0,0,7,0,0
227,features.24,80,14,66,7,0,14,0,3,0,0,7,0,0
227,features.27,80,14,66,7,0,14,0,3,0,0,7,0,0
227,features.30,80,14,66,7,1,13,0,3,0,0,7,0,0
227,features.34,80,0,80,0,0,0,0,0,0,0,0,0,10
227,features.37,80,0,80,0,0,0,0,0,0,0,0,0,10
227,features.40,80,0,80,0,0,0,0,0,0,0,0,0,10
227,features.7,20,0,20,0,0,0,0,0,0,0,0,0,10
228,features.10,20,0,20,0,0,0,0,0,0,0,0,0,10
228,features.14,40,0,40,0,0,0,0,0,0,0,0,0,10
228,features.17,40,0,40,0,0,0,0,0,0,0,0,0,10
228,features.20,40,7,33,7,0,7,0,3,0,0,7,0,0
228,features.24,80,14,66,7,0,14,0,3,0,0,7,0,0
228,features.27,80,14,66,7,0,14,0,3,0,0,7,0,0
228,features.30,80,14,66,7,1,13,0,3,0,0,7,0,0
228,features.34,80,0,80,0,0,0,0,0,0,0,0,0,10
228,features.37,80,0,80,0,0,0,0,0,0,0,0,0,10
228,features.40,80,0,80,0,0,0,0,0,0,0,0,0,10
228,features.7,20,0,20,0,0,0,0,0,0,0,0,0,10
229,features.10,20,0,20,0,0,0,0,0,0,0,0,0,10
229,features.14,40,0,40,0,0,0,0,0,0,0,0,0,10
229,features.17,40,0,40,0,0,0,0,0,0,0,0,0,10
229,features.20,40,9,31,9,1,8,0,1,0,0,9,0,0
229,features.24,80,18,62,9,0,18,0,1,0,0,9,0,0
229,features.27,80,18,62,9,1,17,0,1,0,0,9,0,0
229,features.30,80,18,62,9,0,18,0,1,0,0,9,0,0
229,features.34,80,0,80,0,0,0,0,0,0,0,0,0,10
229,features.37,80,0,80,0,0,0,0,0,0,0,0,0,10
229,features.40,80,0,80,0,0,0,0,0,0,0,0,0,10
229,features.7,20,0,20,0,0,0,0,0,0,0,0,0,10
230,features.10,20,0,20,0,0,0,0,0,0,0,0,0,10
230,features.14,40,0,40,0,0,0,0,0,0,0,0,0,10
230,features.17,40,0,40,0,0,0,0,0,0,0,0,0,10
230,features.20,40,7,33,7,0,7,0,3,0,0,7,0,0
230,features.24,80,14,66,7,1,13,0,3,0,0,7,0,0
230,features.27,80,14,66,7,1,13,0,3,0,0,7,0,0
230,features.30,80,14,66,7,0,14,0,3,0,0,7,0,0
230,features.34,80,0,80,0,0,0,0,0,0,0,0,0,10
230,features.37,80,0,80,0,0,0,0,0,0,0,0,0,10
230,features.40,80,0,80,0,0,0,0,0,0,0,0,0,10
230,features.7,20,0,20,0,0,0,0,0,0,0,0,0,10
231,features.10,20,0,20,0,0,0,0,0,0,0,0,0,10
231,features.14,40,0,40,0,0,0,0,0,0,0,0,0,10
231,features.17,40,0,40,0,0,0,0,0,0,0,0,0,10
231,features.20,40,6,34,6,0,6,0,4,0,0,6,0,0
231,features.24,80,12,68,6,1,11,0,4,0,0,6,0,0
231,features.27,80,12,68,6,0,12,0,4,0,0,6,0,0
231,features.30,80,12,68,6,3,9,0,4,0,0,6,0,0
231,features.34,80,0,80,0,0,0,0,0,0,0,0,0,10
231,features.37,80,0,80,0,0,0,0,0,0,0,0,0,10
231,features.40,80,0,80,0,0,0,0,0,0,0,0,0,10
231,features.7,20,0,20,0,0,0,0,0,0,0,0,0,10
232,features.10,20,0,20,0,0,0,0,0,0,0,0,0,10
232,features.14,40,0,40,0,0,0,0,0,0,0,0,0,10
232,features.17,40,0,40,0,0,0,0,0,0,0,0,0,10
232,features.20,40,7,33,7,0,7,0,3,0,0,7,0,0
232,features.24,80,14,66,7,1,13,0,3,0,0,7,0,0
232,features.27,80,14,66,7,1,13,0,3,0,0,7,0,0
232,features.30,80,14,66,7,0,14,0,3,0,0,7,0,0
232,features.34,80,0,80,0,0,0,0,0,0,0,0,0,10
232,features.37,80,0,80,0,0,0,0,0,0,0,0,0,10
232,features.40,80,0,80,0,0,0,0,0,0,0,0,0,10
233,features.10,20,0,20,0,0,0,0,0,0,0,0,0,10
233,features.14,40,0,40,0,0,0,0,0,0,0,0,0,10
233,features.17,40,0,40,0,0,0,0,0,0,0,0,0,10
233,features.20,40,7,33,7,0,7,0,3,0,0,7,0,0
233,features.24,80,14,66,7,0,14,0,3,0,0,7,0,0
233,features.27,80,14,66,7,0,14,0,3,0,0,7,0,0
233,features.30,80,14,66,7,0,14,0,3,0,0,7,0,0
233,features.34,80,0,80,0,0,0,0,0,0,0,0,0,10
233,features.37,80,0,80,0,0,0,0,0,0,0,0,0,10
233,features.40,80,0,80,0,0,0,0,0,0,0,0,0,10
234,features.10,20,0,20,0,0,0,0,0,0,0,0,0,10
234,features.14,40,0,40,0,0,0,0,0,0,0,0,0,10
234,features.17,40,0,40,0,0,0,0,0,0,0,0,0,10
234,features.20,40,5,35,5,0,5,0,5,0,0,5,0,0
234,features.24,80,10,70,5,0,10,0,5,0,0,5,0,0
234,features.27,80,10,70,5,0,10,0,5,0,0,5,0,0
234,features.30,80,10,70,5,0,10,0,5,0,0,5,0,0
234,features.34,80,0,80,0,0,0,0,0,0,0,0,0,10
234,features.37,80,0,80,0,0,0,0,0,0,0,0,0,10
234,features.40,80,0,80,0,0,0,0,0,0,0,0,0,10
235,features.10,20,0,20,0,0,0,0,0,0,0,0,0,10
235,features.14,40,0,40,0,0,0,0,0,0,0,0,0,10
235,features.17,40,0,40,0,0,0,0,0,0,0,0,0,10
235,features.20,40,7,33,7,0,7,0,3,0,0,7,0,0
235,features.24,80,14,66,7,0,14,0,3,0,0,7,0,0
235,features.27,80,14,66,7,0,14,0,3,0,0,7,0,0
235,features.30,80,14,66,7,0,14,0,3,0,0,7,0,0
235,features.34,80,0,80,0,0,0,0,0,0,0,0,0,10
235,features.37,80,0,80,0,0,0,0,0,0,0,0,0,10
235,features.40,80,0,80,0,0,0,0,0,0,0,0,0,10
236,features.10,20,0,20,0,0,0,0,0,0,0,0,0,10
236,features.14,40,0,40,0,0,0,0,0,0,0,0,0,10
236,features.17,40,0,40,0,0,0,0,0,0,0,0,0,10
236,features.20,40,5,35,5,0,5,0,5,0,0,5,0,0
236,features.24,80,10,70,5,0,10,0,5,0,0,5,0,0
236,features.27,80,10,70,5,0,10,0,5,0,0,5,0,0
236,features.30,80,10,70,5,1,9,0,5,0,0,5,0,0
236,features.34,80,0,80,0,0,0,0,0,0,0,0,0,10
236,features.37,80,0,80,0,0,0,0,0,0,0,0,0,10
236,features.40,80,0,80,0,0,0,0,0,0,0,0,0,10
237,features.10,20,0,20,0,0,0,0,0,0,0,0,0,10
237,features.14,40,0,40,0,0,0,0,0,0,0,0,0,10
237,features.17,40,0,40,0,0,0,0,0,0,0,0,0,10
237,features.20,40,6,34,6,0,6,0,4,0,0,6,0,0
237,features.24,80,12,68,6,0,12,0,4,0,0,6,0,0
237,features.27,80,12,68,6,0,12,0,4,0,0,6,0,0
237,features.30,80,12,68,6,0,12,0,4,0,0,6,0,0
237,features.34,80,0,80,0,0,0,0,0,0,0,0,0,10
237,features.37,80,0,80,0,0,0,0,0,0,0,0,0,10
237,features.40,80,0,80,0,0,0,0,0,0,0,0,0,10
238,features.10,20,0,20,0,0,0,0,0,0,0,0,0,10
238,features.14,40,0,40,0,0,0,0,0,0,0,0,0,10
238,features.17,40,0,40,0,0,0,0,0,0,0,0,0,10
238,features.20,40,7,33,7,0,7,0,3,0,0,7,0,0
238,features.24,80,14,66,7,0,14,0,3,0,0,7,0,0
238,features.27,80,14,66,7,0,14,0,3,0,0,7,0,0
238,features.30,80,14,66,7,0,14,0,3,0,0,7,0,0
238,features.34,80,0,80,0,0,0,0,0,0,0,0,0,10
238,features.37,80,0,80,0,0,0,0,0,0,0,0,0,10
238,features.40,80,0,80,0,0,0,0,0,0,0,0,0,10
239,features.10,20,0,20,0,0,0,0,0,0,0,0,0,10
239,features.14,40,0,40,0,0,0,0,0,0,0,0,0,10
239,features.17,40,0,40,0,0,0,0,0,0,0,0,0,10
239,features.20,40,4,36,4,0,4,0,6,0,0,4,0,0
239,features.24,80,8,72,4,0,8,0,6,0,0,4,0,0
239,features.27,80,8,72,4,0,8,0,6,0,0,4,0,0
239,features.30,80,8,72,4,0,8,0,6,0,0,4,0,0
239,features.34,80,0,80,0,0,0,0,0,0,0,0,0,10
239,features.37,80,0,80,0,0,0,0,0,0,0,0,0,10
239,features.40,80,0,80,0,0,0,0,0,0,0,0,0,10
240,features.10,20,0,20,0,0,0,0,0,0,0,0,0,10
240,features.14,40,0,40,0,0,0,0,0,0,0,0,0,10
240,features.17,40,0,40,0,0,0,0,0,0,0,0,0,10
240,features.20,40,7,33,7,0,7,0,3,0,0,7,0,0
240,features.24,80,14,66,7,0,14,0,3,0,0,7,0,0
240,features.27,80,14,66,7,0,14,0,3,0,0,7,0,0
240,features.30,80,14,66,7,0,14,0,3,0,0,7,0,0
240,features.34,80,0,80,0,0,0,0,0,0,0,0,0,10
240,features.37,80,0,80,0,0,0,0,0,0,0,0,0,10
240,features.40,80,0,80,0,0,0,0,0,0,0,0,0,10
241,features.10,20,0,20,0,0,0,0,0,0,0,0,0,10
241,features.14,40,0,40,0,0,0,0,0,0,0,0,0,10
241,features.17,40,0,40,0,0,0,0,0,0,0,0,0,10
241,features.20,40,7,33,7,0,7,0,3,0,0,7,0,0
241,features.24,80,14,66,7,0,14,0,3,0,0,7,0,0
241,features.27,80,14,66,7,1,13,0,3,0,0,7,0,0
241,features.30,80,14,66,7,0,14,0,3,0,0,7,0,0
241,features.34,80,0,80,0,0,0,0,0,0,0,0,0,10
241,features.37,80,0,80,0,0,0,0,0,0,0,0,0,10
241,features.40,80,0,80,0,0,0,0,0,0,0,0,0,10
242,features.10,20,0,20,0,0,0,0,0,0,0,0,0,10
242,features.14,40,0,40,0,0,0,0,0,0,0,0,0,10
242,features.17,40,0,40,0,0,0,0,0,0,0,0,0,10
242,features.20,40,7,33,7,0,7,0,3,0,0,7,0,0
242,features.24,80,14,66,7,0,14,0,3,0,0,7,0,0
242,features.27,80,14,66,7,0,14,0,3,0,0,7,0,0
242,features.30,80,14,66,7,0,14,0,3,0,0,7,0,0
242,features.34,80,0,80,0,0,0,0,0,0,0,0,0,10
242,features.37,80,0,80,0,0,0,0,0,0,0,0,0,10
242,features.40,80,0,80,0,0,0,0,0,0,0,0,0,10
243,features.10,20,0,20,0,0,0,0,0,0,0,0,0,10
243,features.14,40,0,40,0,0,0,0,0,0,0,0,0,10
243,features.17,40,0,40,0,0,0,0,0,0,0,0,0,10
243,features.20,40,6,34,6,0,6,0,4,0,0,6,0,0
243,features.24,80,12,68,6,0,12,0,4,0,0,6,0,0
243,features.27,80,12,68,6,0,12,0,4,0,0,6,0,0
243,features.30,80,12,68,6,1,11,0,4,0,0,6,0,0
243,features.34,80,0,80,0,0,0,0,0,0,0,0,0,10
243,features.37,80,0,80,0,0,0,0,0,0,0,0,0,10
243,features.40,80,0,80,0,0,0,0,0,0,0,0,0,10
244,features.10,20,0,20,0,0,0,0,0,0,0,0,0,10
244,features.14,40,0,40,0,0,0,0,0,0,0,0,0,10
244,features.17,40,0,40,0,0,0,0,0,0,0,0,0,10
244,features.20,40,5,35,5,0,5,0,5,0,0,5,0,0
244,features.24,80,10,70,5,0,10,0,5,0,0,5,0,0
244,features.27,80,10,70,5,0,10,0,5,0,0,5,0,0
244,features.30,80,10,70,5,0,10,0,5,0,0,5,0,0
244,features.34,80,0,80,0,0,0,0,0,0,0,0,0,10
244,features.37,80,0,80,0,0,0,0,0,0,0,0,0,10
244,features.40,80,0,80,0,0,0,0,0,0,0,0,0,10
245,features.10,20,0,20,0,0,0,0,0,0,0,0,0,10
245,features.14,40,0,40,0,0,0,0,0,0,0,0,0,10
245,features.17,40,0,40,0,0,0,0,0,0,0,0,0,10
245,features.20,40,8,32,8,0,8,0,2,0,0,8,0,0
245,features.24,80,16,64,8,0,16,0,2,0,0,8,0,0
245,features.27,80,16,64,8,0,16,0,2,0,0,8,0,0
245,features.30,80,16,64,8,0,16,0,2,0,0,8,0,0
245,features.34,80,0,80,0,0,0,0,0,0,0,0,0,10
245,features.37,80,0,80,0,0,0,0,0,0,0,0,0,10
245,features.40,80,0,80,0,0,0,0,0,0,0,0,0,10
246,features.10,20,0,20,0,0,0,0,0,0,0,0,0,10
246,features.14,40,0,40,0,0,0,0,0,0,0,0,0,10
246,features.17,40,0,40,0,0,0,0,0,0,0,0,0,10
246,features.20,40,5,35,5,0,5,0,5,0,0,5,0,0
246,features.24,80,10,70,5,0,10,0,5,0,0,5,0,0
246,features.27,80,10,70,5,0,10,0,5,0,0,5,0,0
246,features.30,80,10,70,5,1,9,0,5,0,0,5,0,0
246,features.34,80,0,80,0,0,0,0,0,0,0,0,0,10
246,features.37,80,0,80,0,0,0,0,0,0,0,0,0,10
246,features.40,80,0,80,0,0,0,0,0,0,0,0,0,10
247,features.10,20,0,20,0,0,0,0,0,0,0,0,0,10
247,features.14,40,0,40,0,0,0,0,0,0,0,0,0,10
247,features.17,40,0,40,0,0,0,0,0,0,0,0,0,10
247,features.20,40,6,34,6,0,6,0,4,0,0,6,0,0
247,features.24,80,12,68,6,1,11,0,4,0,0,6,0,0
247,features.27,80,12,68,6,0,12,0,4,0,0,6,0,0
247,features.30,80,12,68,6,0,12,0,4,0,0,6,0,0
247,features.34,80,0,80,0,0,0,0,0,0,0,0,0,10
247,features.37,80,0,80,0,0,0,0,0,0,0,0,0,10
247,features.40,80,0,80,0,0,0,0,0,0,0,0,0,10
248,features.10,20,0,20,0,0,0,0,0,0,0,0,0,10
248,features.14,40,0,40,0,0,0,0,0,0,0,0,0,10
248,features.17,40,0,40,0,0,0,0,0,0,0,0,0,10
248,features.20,40,6,34,6,0,6,0,4,0,0,6,0,0
248,features.24,80,12,68,6,0,12,0,4,0,0,6,0,0
248,features.27,80,12,68,6,0,12,0,4,0,0,6,0,0
248,features.30,80,12,68,6,1,11,0,4,0,0,6,0,0
248,features.34,80,0,80,0,0,0,0,0,0,0,0,0,10
248,features.37,80,0,80,0,0,0,0,0,0,0,0,0,10
248,features.40,80,0,80,0,0,0,0,0,0,0,0,0,10
249,features.10,20,0,20,0,0,0,0,0,0,0,0,0,10
249,features.14,40,0,40,0,0,0,0,0,0,0,0,0,10
249,features.17,40,0,40,0,0,0,0,0,0,0,0,0,10
249,features.20,40,6,34,6,0,6,0,4,0,0,6,0,0
249,features.24,80,12,68,6,0,12,0,4,0,0,6,0,0
249,features.27,80,12,68,6,1,11,0,4,0,0,6,0,0
249,features.30,80,12,68,6,0,12,0,4,0,0,6,0,0
249,features.34,80,0,80,0,0,0,0,0,0,0,0,0,10
249,features.37,80,0,80,0,0,0,0,0,0,0,0,0,10
249,features.40,80,0,80,0,0,0,0,0,0,0,0,0,10
250,features.10,20,0,20,0,0,0,0,0,0,0,0,0,10
250,features.14,40,0,40,0,0,0,0,0,0,0,0,0,10
250,features.17,40,0,40,0,0,0,0,0,0,0,0,0,10
250,features.20,40,7,33,7,0,7,0,3,0,0,7,0,0
250,features.24,80,14,66,7,0,14,0,3,0,0,7,0,0
250,features.27,80,14,66,7,0,14,0,3,0,0,7,0,0
250,features.30,80,14,66,7,0,14,0,3,0,0,7,0,0
250,features.34,80,0,80,0,0,0,0,0,0,0,0,0,10
250,features.37,80,0,80,0,0,0,0,0,0,0,0,0,10
250,features.40,80,0,80,0,0,0,0,0,0,0,0,0,10
251,features.10,20,0,20,0,0,0,0,0,0,0,0,0,10
251,features.14,40,0,40,0,0,0,0,0,0,0,0,0,10
251,features.17,40,0,40,0,0,0,0,0,0,0,0,0,10
251,features.20,40,5,35,5,0,5,0,5,0,0,5,0,0
251,features.24,80,10,70,5,0,10,0,5,0,0,5,0,0
251,features.27,80,10,70,5,1,9,0,5,0,0,5,0,0
251,features.30,80,10,70,5,0,10,0,5,0,0,5,0,0
251,features.34,80,0,80,0,0,0,0,0,0,0,0,0,10
251,features.37,80,0,80,0,0,0,0,0,0,0,0,0,10
251,features.40,80,0,80,0,0,0,0,0,0,0,0,0,10
252,features.10,20,0,20,0,0,0,0,0,0,0,0,0,10
252,features.14,40,0,40,0,0,0,0,0,0,0,0,0,10
252,features.17,40,0,40,0,0,0,0,0,0,0,0,0,10
252,features.20,40,5,35,5,0,5,0,5,0,0,5,0,0
252,features.24,80,10,70,5,0,10,0,5,0,0,5,0,0
252,features.27,80,10,70,5,0,10,0,5,0,0,5,0,0
252,features.30,80,10,70,5,0,10,0,5,0,0,5,0,0
252,features.34,80,0,80,0,0,0,0,0,0,0,0,0,10
252,features.37,80,0,80,0,0,0,0,0,0,0,0,0,10
252,features.40,80,0,80,0,0,0,0,0,0,0,0,0,10
253,features.10,20,0,20,0,0,0,0,0,0,0,0,0,10
253,features.14,40,0,40,0,0,0,0,0,0,0,0,0,10
253,features.17,40,0,40,0,0,0,0,0,0,0,0,0,10
253,features.20,40,8,32,8,0,8,0,2,0,0,8,0,0
253,features.24,80,16,64,8,1,15,0,2,0,0,8,0,0
253,features.27,80,16,64,8,0,16,0,2,0,0,8,0,0
253,features.30,80,16,64,8,0,16,0,2,0,0,8,0,0
253,features.34,80,0,80,0,0,0,0,0,0,0,0,0,10
253,features.37,80,0,80,0,0,0,0,0,0,0,0,0,10
253,features.40,80,0,80,0,0,0,0,0,0,0,0,0,10
254,features.10,20,0,20,0,0,0,0,0,0,0,0,0,10
254,features.14,40,0,40,0,0,0,0,0,0,0,0,0,10
254,features.17,40,0,40,0,0,0,0,0,0,0,0,0,10
254,features.20,40,8,32,8,0,8,0,2,0,0,8,0,0
254,features.24,80,16,64,8,0,16,0,2,0,0,8,0,0
254,features.27,80,16,64,8,0,16,0,2,0,0,8,0,0
254,features.30,80,16,64,8,0,16,0,2,0,0,8,0,0
254,features.34,80,0,80,0,0,0,0,0,0,0,0,0,10
254,features.37,80,0,80,0,0,0,0,0,0,0,0,0,10
254,features.40,80,0,80,0,0,0,0,0,0,0,0,0,10
255,features.10,20,0,20,0,0,0,0,0,0,0,0,0,10
255,features.14,40,0,40,0,0,0,0,0,0,0,0,0,10
255,features.17,40,0,40,0,0,0,0,0,0,0,0,0,10
255,features.20,40,8,32,8,0,8,0,2,0,0,8,0,0
255,features.24,80,16,64,8,2,14,0,2,0,0,8,0,0
255,features.27,80,16,64,8,0,16,0,2,0,0,8,0,0
255,features.30,80,16,64,8,0,16,0,2,0,0,8,0,0
255,features.34,80,0,80,0,0,0,0,0,0,0,0,0,10
255,features.37,80,0,80,0,0,0,0,0,0,0,0,0,10
255,features.40,80,0,80,0,0,0,0,0,0,0,0,0,10
256,features.10,20,0,20,0,0,0,0,0,0,0,0,0,10
256,features.14,40,0,40,0,0,0,0,0,0,0,0,0,10
256,features.17,40,0,40,0,0,0,0,0,0,0,0,0,10
256,features.20,40,6,34,6,0,6,0,4,0,0,6,0,0
256,features.24,80,12,68,6,0,12,0,4,0,0,6,0,0
256,features.27,80,12,68,6,0,12,0,4,0,0,6,0,0
256,features.30,80,12,68,6,0,12,0,4,0,0,6,0,0
256,features.34,80,0,80,0,0,0,0,0,0,0,0,0,10
256,features.37,80,0,80,0,0,0,0,0,0,0,0,0,10
256,features.40,80,0,80,0,0,0,0,0,0,0,0,0,10
257,features.10,20,0,20,0,0,0,0,0,0,0,0,0,10
257,features.14,40,0,40,0,0,0,0,0,0,0,0,0,10
257,features.17,40,0,40,0,0,0,0,0,0,0,0,0,10
257,features.20,40,8,32,8,0,8,0,2,0,0,8,0,0
257,features.24,80,16,64,8,0,16,0,2,0,0,8,0,0
257,features.27,80,16,64,8,0,16,0,2,0,0,8,0,0
257,features.30,80,16,64,8,1,15,0,2,0,0,8,0,0
257,features.34,80,0,80,0,0,0,0,0,0,0,0,0,10
257,features.37,80,0,80,0,0,0,0,0,0,0,0,0,10
257,features.40,80,0,80,0,0,0,0,0,0,0,0,0,10
258,features.10,20,0,20,0,0,0,0,0,0,0,0,0,10
258,features.14,40,0,40,0,0,0,0,0,0,0,0,0,10
258,features.17,40,0,40,0,0,0,0,0,0,0,0,0,10
258,features.20,40,4,36,4,0,4,0,6,0,0,4,0,0
258,features.24,80,8,72,4,0,8,0,6,0,0,4,0,0
258,features.27,80,8,72,4,0,8,0,6,0,0,4,0,0
258,features.30,80,8,72,4,0,8,0,6,0,0,4,0,0
258,features.34,80,0,80,0,0,0,0,0,0,0,0,0,10
258,features.37,80,0,80,0,0,0,0,0,0,0,0,0,10
258,features.40,80,0,80,0,0,0,0,0,0,0,0,0,10
259,features.10,20,0,20,0,0,0,0,0,0,0,0,0,10
259,features.14,40,0,40,0,0,0,0,0,0,0,0,0,10
259,features.17,40,0,40,0,0,0,0,0,0,0,0,0,10
259,features.20,40,7,33,7,1,6,0,3,0,0,7,0,0
259,features.24,80,14,66,7,0,14,0,3,0,0,7,0,0
259,features.27,80,14,66,7,0,14,0,3,0,0,7,0,0
259,features.30,80,14,66,7,0,14,0,3,0,0,7,0,0
259,features.34,80,0,80,0,0,0,0,0,0,0,0,0,10
259,features.37,80,0,80,0,0,0,0,0,0,0,0,0,10
259,features.40,80,0,80,0,0,0,0,0,0,0,0,0,10
260,features.10,20,0,20,0,0,0,0,0,0,0,0,0,10
260,features.14,40,0,40,0,0,0,0,0,0,0,0,0,10
260,features.17,40,0,40,0,0,0,0,0,0,0,0,0,10
260,features.20,40,6,34,6,0,6,0,4,0,0,6,0,0
260,features.24,80,12,68,6,0,12,0,4,0,0,6,0,0
260,features.27,80,12,68,6,0,12,0,4,0,0,6,0,0
260,features.30,80,12,68,6,0,12,0,4,0,0,6,0,0
260,features.34,80,0,80,0,0,0,0,0,0,0,0,0,10
260,features.37,80,0,80,0,0,0,0,0,0,0,0,0,10
260,features.40,80,0,80,0,0,0,0,0,0,0,0,0,10
261,features.10,20,0,20,0,0,0,0,0,0,0,0,0,10
261,features.14,40,0,40,0,0,0,0,0,0,0,0,0,10
261,features.17,40,0,40,0,0,0,0,0,0,0,0,0,10
261,features.20,40,6,34,6,1,5,0,4,0,0,6,0,0
261,features.24,80,12,68,6,0,12,0,4,0,0,6,0,0
261,features.27,80,12,68,6,0,12,0,4,0,0,6,0,0
261,features.30,80,12,68,6,0,12,0,4,0,0,6,0,0
261,features.34,80,0,80,0,0,0,0,0,0,0,0,0,10
261,features.37,80,0,80,0,0,0,0,0,0,0,0,0,10
261,features.40,80,0,80,0,0,0,0,0,0,0,0,0,10
262,features.10,20,0,20,0,0,0,0,0,0,0,0,0,10
262,features.14,40,0,40,0,0,0,0,0,0,0,0,0,10
262,features.17,40,0,40,0,0,0,0,0,0,0,0,0,10
262,features.20,40,8,32,8,0,8,0,2,0,0,8,0,0
262,features.24,80,16,64,8,0,16,0,2,0,0,8,0,0
262,features.27,80,16,64,8,0,16,0,2,0,0,8,0,0
262,features.30,80,16,64,8,0,16,0,2,0,0,8,0,0
262,features.34,80,0,80,0,0,0,0,0,0,0,0,0,10
262,features.37,80,0,80,0,0,0,0,0,0,0,0,0,10
262,features.40,80,0,80,0,0,0,0,0,0,0,0,0,10
263,features.10,20,0,20,0,0,0,0,0,0,0,0,0,10
263,features.14,40,0,40,0,0,0,0,0,0,0,0,0,10
263,features.17,40,0,40,0,0,0,0,0,0,0,0,0,10
263,features.20,40,8,32,8,0,8,0,2,0,0,8,0,0
263,features.24,80,16,64,8,0,16,0,2,0,0,8,0,0
263,features.27,80,16,64,8,0,16,0,2,0,0,8,0,0
263,features.30,80,16,64,8,0,16,0,2,0,0,8,0,0
263,features.34,80,0,80,0,0,0,0,0,0,0,0,0,10
263,features.37,80,0,80,0,0,0,0,0,0,0,0,0,10
263,features.40,80,0,80,0,0,0,0,0,0,0,0,0,10
264,features.10,20,0,20,0,0,0,0,0,0,0,0,0,10
264,features.14,40,0,40,0,0,0,0,0,0,0,0,0,10
264,features.17,40,0,40,0,0,0,0,0,0,0,0,0,10
264,features.20,40,7,33,7,0,7,0,3,0,0,7,0,0
264,features.24,80,14,66,7,0,14,0,3,0,0,7,0,0
264,features.27,80,14,66,7,0,14,0,3,0,0,7,0,0
264,features.30,80,14,66,7,0,14,0,3,0,0,7,0,0
264,features.34,80,0,80,0,0,0,0,0,0,0,0,0,10
264,features.37,80,0,80,0,0,0,0,0,0,0,0,0,10
264,features.40,80,0,80,0,0,0,0,0,0,0,0,0,10
265,features.10,20,0,20,0,0,0,0,0,0,0,0,0,10
265,features.14,40,0,40,0,0,0,0,0,0,0,0,0,10
265,features.17,40,0,40,0,0,0,0,0,0,0,0,0,10
265,features.20,40,5,35,5,1,4,0,5,0,0,5,0,0
265,features.24,80,10,70,5,0,10,0,5,0,0,5,0,0
265,features.27,80,10,70,5,0,10,0,5,0,0,5,0,0
265,features.30,80,10,70,5,0,10,0,5,0,0,5,0,0
265,features.34,80,0,80,0,0,0,0,0,0,0,0,0,10
265,features.37,80,0,80,0,0,0,0,0,0,0,0,0,10
265,features.40,80,0,80,0,0,0,0,0,0,0,0,0,10
266,features.10,20,0,20,0,0,0,0,0,0,0,0,0,10
266,features.14,40,0,40,0,0,0,0,0,0,0,0,0,10
266,features.17,40,0,40,0,0,0,0,0,0,0,0,0,10
266,features.20,40,4,36,4,0,4,0,6,0,0,4,0,0
266,features.24,80,8,72,4,0,8,0,6,0,0,4,0,0
266,features.27,80,8,72,4,0,8,0,6,0,0,4,0,0
266,features.30,80,8,72,4,0,8,0,6,0,0,4,0,0
266,features.34,80,0,80,0,0,0,0,0,0,0,0,0,10
266,features.37,80,0,80,0,0,0,0,0,0,0,0,0,10
266,features.40,80,0,80,0,0,0,0,0,0,0,0,0,10
267,features.10,20,0,20,0,0,0,0,0,0,0,0,0,10
267,features.14,40,0,40,0,0,0,0,0,0,0,0,0,10
267,features.17,40,0,40,0,0,0,0,0,0,0,0,0,10
267,features.20,40,5,35,5,0,5,0,5,0,0,5,0,0
267,features.24,80,10,70,5,0,10,0,5,0,0,5,0,0
267,features.27,80,10,70,5,0,10,0,5,0,0,5,0,0
267,features.30,80,10,70,5,0,10,0,5,0,0,5,0,0
267,features.34,80,0,80,0,0,0,0,0,0,0,0,0,10
267,features.37,80,0,80,0,0,0,0,0,0,0,0,0,10
267,features.40,80,0,80,0,0,0,0,0,0,0,0,0,10
268,features.10,20,0,20,0,0,0,0,0,0,0,0,0,10
268,features.14,40,0,40,0,0,0,0,0,0,0,0,0,10
268,features.17,40,0,40,0,0,0,0,0,0,0,0,0,10
268,features.20,40,6,34,6,0,6,0,4,0,0,6,0,0
268,features.24,80,12,68,6,0,12,0,4,0,0,6,0,0
268,features.27,80,12,68,6,0,12,0,4,0,0,6,0,0
268,features.30,80,12,68,6,0,12,0,4,0,0,6,0,0
268,features.34,80,0,80,0,0,0,0,0,0,0,0,0,10
268,features.37,80,0,80,0,0,0,0,0,0,0,0,0,10
268,features.40,80,0,80,0,0,0,0,0,0,0,0,0,10
269,features.10,20,0,20,0,0,0,0,0,0,0,0,0,10
269,features.14,40,0,40,0,0,0,0,0,0,0,0,0,10
269,features.17,40,0,40,0,0,0,0,0,0,0,0,0,10
269,features.20,40,7,33,7,0,7,0,3,0,0,7,0,0
269,features.24,80,14,66,7,0,14,0,3,0,0,7,0,0
269,features.27,80,14,66,7,0,14,0,3,0,0,7,0,0
269,features.30,80,14,66,7,1,13,0,3,0,0,7,0,0
269,features.34,80,0,80,0,0,0,0,0,0,0,0,0,10
269,features.37,80,0,80,0,0,0,0,0,0,0,0,0,10
269,features.40,80,0,80,0,0,0,0,0,0,0,0,0,10
270,features.10,20,0,20,0,0,0,0,0,0,0,0,0,10
270,features.14,40,0,40,0,0,0,0,0,0,0,0,0,10
270,features.17,40,0,40,0,0,0,0,0,0,0,0,0,10
270,features.20,40,6,34,6,1,5,0,4,0,0,6,0,0
270,features.24,80,12,68,6,0,12,0,4,0,0,6,0,0
270,features.27,80,12,68,6,0,12,0,4,0,0,6,0,0
270,features.30,80,12,68,6,0,12,0,4,0,0,6,0,0
270,features.34,80,0,80,0,0,0,0,0,0,0,0,0,10
270,features.37,80,0,80,0,0,0,0,0,0,0,0,0,10
270,features.40,80,0,80,0,0,0,0,0,0,0,0,0,10
271,features.10,20,0,20,0,0,0,0,0,0,0,0,0,10
271,features.14,40,0,40,0,0,0,0,0,0,0,0,0,10
271,features.17,40,0,40,0,0,0,0,0,0,0,0,0,10
271,features.20,40,8,32,8,0,8,0,2,0,0,8,0,0
271,features.24,80,16,64,8,0,16,0,2,0,0,8,0,0
271,features.27,80,16,64,8,1,15,0,2,0,0,8,0,0
271,features.30,80,16,64,8,0,16,0,2,0,0,8,0,0
271,features.34,80,0,80,0,0,0,0,0,0,0,0,0,10
271,features.37,80,0,80,0,0,0,0,0,0,0,0,0,10
271,features.40,80,0,80,0,0,0,0,0,0,0,0,0,10
272,features.10,20,0,20,0,0,0,0,0,0,0,0,0,10
272,features.14,40,0,40,0,0,0,0,0,0,0,0,0,10
272,features.17,40,0,40,0,0,0,0,0,0,0,0,0,10
272,features.20,40,8,32,8,0,8,0,2,0,0,8,0,0
272,features.24,80,16,64,8,0,16,0,2,0,0,8,0,0
272,features.27,80,16,64,8,0,16,0,2,0,0,8,0,0
272,features.30,80,16,64,8,0,16,0,2,0,0,8,0,0
272,features.34,80,0,80,0,0,0,0,0,0,0,0,0,10
272,features.37,80,0,80,0,0,0,0,0,0,0,0,0,10
272,features.40,80,0,80,0,0,0,0,0,0,0,0,0,10
273,features.10,20,0,20,0,0,0,0,0,0,0,0,0,10
273,features.14,40,0,40,0,0,0,0,0,0,0,0,0,10
273,features.17,40,0,40,0,0,0,0,0,0,0,0,0,10
273,features.20,40,6,34,6,0,6,0,4,0,0,6,0,0
273,features.24,80,12,68,6,0,12,0,4,0,0,6,0,0
273,features.27,80,12,68,6,0,12,0,4,0,0,6,0,0
273,features.30,80,12,68,6,0,12,0,4,0,0,6,0,0
273,features.34,80,0,80,0,0,0,0,0,0,0,0,0,10
273,features.37,80,0,80,0,0,0,0,0,0,0,0,0,10
273,features.40,80,0,80,0,0,0,0,0,0,0,0,0,10
274,features.10,20,0,20,0,0,0,0,0,0,0,0,0,10
274,features.14,40,0,40,0,0,0,0,0,0,0,0,0,10
274,features.17,40,0,40,0,0,0,0,0,0,0,0,0,10
274,features.20,40,6,34,6,0,6,0,4,0,0,6,0,0
274,features.24,80,12,68,6,0,12,0,4,0,0,6,0,0
274,features.27,80,12,68,6,0,12,0,4,0,0,6,0,0
274,features.30,80,12,68,6,0,12,0,4,0,0,6,0,0
274,features.34,80,0,80,0,0,0,0,0,0,0,0,0,10
274,features.37,80,0,80,0,0,0,0,0,0,0,0,0,10
274,features.40,80,0,80,0,0,0,0,0,0,0,0,0,10
275,features.10,20,0,20,0,0,0,0,0,0,0,0,0,10
275,features.14,40,0,40,0,0,0,0,0,0,0,0,0,10
275,features.17,40,0,40,0,0,0,0,0,0,0,0,0,10
275,features.20,40,3,37,3,1,2,0,7,0,0,3,0,0
275,features.24,80,6,74,3,1,5,0,7,0,0,3,0,0
275,features.27,80,6,74,3,0,6,0,7,0,0,3,0,0
275,features.30,80,6,74,3,0,6,0,7,0,0,3,0,0
275,features.34,80,0,80,0,0,0,0,0,0,0,0,0,10
275,features.37,80,0,80,0,0,0,0,0,0,0,0,0,10
275,features.40,80,0,80,0,0,0,0,0,0,0,0,0,10
276,features.10,20,0,20,0,0,0,0,0,0,0,0,0,10
276,features.14,40,0,40,0,0,0,0,0,0,0,0,0,10
276,features.17,40,0,40,0,0,0,0,0,0,0,0,0,10
276,features.20,40,9,31,9,0,9,0,1,0,0,9,0,0
276,features.24,80,18,62,9,0,18,0,1,0,0,9,0,0
276,features.27,80,18,62,9,0,18,0,1,0,0,9,0,0
276,features.30,80,18,62,9,0,18,0,1,0,0,9,0,0
276,features.34,80,0,80,0,0,0,0,0,0,0,0,0,10
276,features.37,80,0,80,0,0,0,0,0,0,0,0,0,10
276,features.40,80,0,80,0,0,0,0,0,0,0,0,0,10
277,features.10,20,0,20,0,0,0,0,0,0,0,0,0,10
277,features.14,40,0,40,0,0,0,0,0,0,0,0,0,10
277,features.17,40,0,40,0,0,0,0,0,0,0,0,0,10
277,features.20,40,9,31,9,0,9,0,1,0,0,9,0,0
277,features.24,80,18,62,9,0,18,0,1,0,0,9,0,0
277,features.27,80,18,62,9,0,18,0,1,0,0,9,0,0
277,features.30,80,18,62,9,0,18,0,1,0,0,9,0,0
277,features.34,80,0,80,0,0,0,0,0,0,0,0,0,10
277,features.37,80,0,80,0,0,0,0,0,0,0,0,0,10
277,features.40,80,0,80,0,0,0,0,0,0,0,0,0,10
278,features.10,20,0,20,0,0,0,0,0,0,0,0,0,10
278,features.14,40,0,40,0,0,0,0,0,0,0,0,0,10
278,features.17,40,0,40,0,0,0,0,0,0,0,0,0,10
278,features.20,40,6,34,6,0,6,0,4,0,0,6,0,0
278,features.24,80,12,68,6,0,12,0,4,0,0,6,0,0
278,features.27,80,12,68,6,0,12,0,4,0,0,6,0,0
278,features.30,80,12,68,6,0,12,0,4,0,0,6,0,0
278,features.34,80,0,80,0,0,0,0,0,0,0,0,0,10
278,features.37,80,0,80,0,0,0,0,0,0,0,0,0,10
278,features.40,80,0,80,0,0,0,0,0,0,0,0,0,10
279,features.10,20,0,20,0,0,0,0,0,0,0,0,0,10
279,features.14,40,0,40,0,0,0,0,0,0,0,0,0,10
279,features.17,40,0,40,0,0,0,0,0,0,0,0,0,10
279,features.20,40,8,32,8,0,8,0,2,0,0,8,0,0
279,features.24,80,16,64,8,1,15,0,2,0,0,8,0,0
279,features.27,80,16,64,8,0,16,0,2,0,0,8,0,0
279,features.30,80,16,64,8,0,16,0,2,0,0,8,0,0
279,features.34,80,0,80,0,0,0,0,0,0,0,0,0,10
279,features.37,80,0,80,0,0,0,0,0,0,0,0,0,10
279,features.40,80,0,80,0,0,0,0,0,0,0,0,0,10
280,features.10,20,0,20,0,0,0,0,0,0,0,0,0,10
280,features.14,40,0,40,0,0,0,0,0,0,0,0,0,10
280,features.17,40,0,40,0,0,0,0,0,0,0,0,0,10
280,features.20,40,4,36,4,0,4,0,6,0,0,4,0,0
280,features.24,80,8,72,4,0,8,0,6,0,0,4,0,0
280,features.27,80,8,72,4,1,7,0,6,0,0,4,0,0
280,features.30,80,8,72,4,1,7,0,6,0,0,4,0,0
280,features.34,80,0,80,0,0,0,0,0,0,0,0,0,10
280,features.37,80,0,80,0,0,0,0,0,0,0,0,0,10
280,features.40,80,0,80,0,0,0,0,0,0,0,0,0,10
281,features.10,20,0,20,0,0,0,0,0,0,0,0,0,10
281,features.14,40,0,40,0,0,0,0,0,0,0,0,0,10
281,features.17,40,0,40,0,0,0,0,0,0,0,0,0,10
281,features.20,40,5,35,5,0,5,0,5,0,0,5,0,0
281,features.24,80,10,70,5,0,10,0,5,0,0,5,0,0
281,features.27,80,10,70,5,0,10,0,5,0,0,5,0,0
281,features.30,80,10,70,5,0,10,0,5,0,0,5,0,0
281,features.34,80,0,80,0,0,0,0,0,0,0,0,0,10
281,features.37,80,0,80,0,0,0,0,0,0,0,0,0,10
281,features.40,80,0,80,0,0,0,0,0,0,0,0,0,10
282,features.10,20,0,20,0,0,0,0,0,0,0,0,0,10
282,features.14,40,0,40,0,0,0,0,0,0,0,0,0,10
282,features.17,40,0,40,0,0,0,0,0,0,0,0,0,10
282,features.20,40,9,31,9,0,9,0,1,0,0,9,0,0
282,features.24,80,18,62,9,0,18,0,1,0,0,9,0,0
282,features.27,80,18,62,9,0,18,0,1,0,0,9,0,0
282,features.30,80,18,62,9,0,18,0,1,0,0,9,0,0
282,features.34,80,0,80,0,0,0,0,0,0,0,0,0,10
282,features.37,80,0,80,0,0,0,0,0,0,0,0,0,10
282,features.40,80,0,80,0,0,0,0,0,0,0,0,0,10
283,features.10,20,0,20,0,0,0,0,0,0,0,0,0,10
283,features.14,40,0,40,0,0,0,0,0,0,0,0,0,10
283,features.17,40,0,40,0,0,0,0,0,0,0,0,0,10
283,features.20,40,7,33,7,0,7,0,3,0,0,7,0,0
283,features.24,80,14,66,7,0,14,0,3,0,0,7,0,0
283,features.27,80,14,66,7,0,14,0,3,0,0,7,0,0
283,features.30,80,14,66,7,0,14,0,3,0,0,7,0,0
283,features.34,80,0,80,0,0,0,0,0,0,0,0,0,10
283,features.37,80,0,80,0,0,0,0,0,0,0,0,0,10
283,features.40,80,0,80,0,0,0,0,0,0,0,0,0,10
284,features.10,20,0,20,0,0,0,0,0,0,0,0,0,10
284,features.14,40,0,40,0,0,0,0,0,0,0,0,0,10
284,features.17,40,0,40,0,0,0,0,0,0,0,0,0,10
284,features.20,40,6,34,6,0,6,0,4,0,0,6,0,0
284,features.24,80,12,68,6,0,12,0,4,0,0,6,0,0
284,features.27,80,12,68,6,0,12,0,4,0,0,6,0,0
284,features.30,80,12,68,6,1,11,0,4,0,0,6,0,0
284,features.34,80,0,80,0,0,0,0,0,0,0,0,0,10
284,features.37,80,0,80,0,0,0,0,0,0,0,0,0,10
284,features.40,80,0,80,0,0,0,0,0,0,0,0,0,10
285,features.10,20,0,20,0,0,0,0,0,0,0,0,0,10
285,features.14,40,0,40,0,0,0,0,0,0,0,0,0,10
285,features.17,40,0,40,0,0,0,0,0,0,0,0,0,10
285,features.20,40,8,32,8,0,8,0,2,0,0,8,0,0
285,features.24,80,16,64,8,0,16,0,2,0,0,8,0,0
285,features.27,80,16,64,8,0,16,0,2,0,0,8,0,0
285,features.30,80,16,64,8,2,14,0,2,0,0,8,0,0
285,features.34,80,0,80,0,0,0,0,0,0,0,0,0,10
285,features.37,80,0,80,0,0,0,0,0,0,0,0,0,10
285,features.40,80,0,80,0,0,0,0,0,0,0,0,0,10
286,features.10,20,0,20,0,0,0,0,0,0,0,0,0,10
286,features.14,40,0,40,0,0,0,0,0,0,0,0,0,10
286,features.17,40,0,40,0,0,0,0,0,0,0,0,0,10
286,features.20,40,7,33,7,0,7,0,3,0,0,7,0,0
286,features.24,80,14,66,7,0,14,0,3,0,0,7,0,0
286,features.27,80,14,66,7,0,14,0,3,0,0,7,0,0
286,features.30,80,14,66,7,1,13,0,3,0,0,7,0,0
286,features.34,80,0,80,0,0,0,0,0,0,0,0,0,10
286,features.37,80,0,80,0,0,0,0,0,0,0,0,0,10
286,features.40,80,0,80,0,0,0,0,0,0,0,0,0,10
287,features.10,20,0,20,0,0,0,0,0,0,0,0,0,10
287,features.14,40,0,40,0,0,0,0,0,0,0,0,0,10
287,features.17,40,0,40,0,0,0,0,0,0,0,0,0,10
287,features.20,40,6,34,6,0,6,0,4,0,0,6,0,0
287,features.24,80,12,68,6,1,11,0,4,0,0,6,0,0
287,features.27,80,12,68,6,0,12,0,4,0,0,6,0,0
287,features.30,80,12,68,6,0,12,0,4,0,0,6,0,0
287,features.34,80,0,80,0,0,0,0,0,0,0,0,0,10
287,features.37,80,0,80,0,0,0,0,0,0,0,0,0,10
287,features.40,80,0,80,0,0,0,0,0,0,0,0,0,10
288,features.10,20,0,20,0,0,0,0,0,0,0,0,0,10
288,features.14,40,0,40,0,0,0,0,0,0,0,0,0,10
288,features.17,40,0,40,0,0,0,0,0,0,0,0,0,10
288,features.20,40,4,36,4,0,4,0,6,0,0,4,0,0
288,features.24,80,8,72,4,0,8,0,6,0,0,4,0,0
288,features.27,80,8,72,4,0,8,0,6,0,0,4,0,0
288,features.30,80,8,72,4,0,8,0,6,0,0,4,0,0
288,features.34,80,0,80,0,0,0,0,0,0,0,0,0,10
288,features.37,80,0,80,0,0,0,0,0,0,0,0,0,10
288,features.40,80,0,80,0,0,0,0,0,0,0,0,0,10
289,features.10,20,0,20,0,0,0,0,0,0,0,0,0,10
289,features.14,40,0,40,0,0,0,0,0,0,0,0,0,10
289,features.17,40,0,40,0,0,0,0,0,0,0,0,0,10
289,features.20,40,2,38,2,0,2,0,8,0,0,2,0,0
289,features.24,80,4,76,2,1,3,0,8,0,0,2,0,0
289,features.27,80,4,76,2,1,3,0,8,0,0,2,0,0
289,features.30,80,4,76,2,0,4,0,8,0,0,2,0,0
289,features.34,80,0,80,0,0,0,0,0,0,0,0,0,10
289,features.37,80,0,80,0,0,0,0,0,0,0,0,0,10
289,features.40,80,0,80,0,0,0,0,0,0,0,0,0,10
290,features.10,20,0,20,0,0,0,0,0,0,0,0,0,10
290,features.14,40,0,40,0,0,0,0,0,0,0,0,0,10
290,features.17,40,0,40,0,0,0,0,0,0,0,0,0,10
290,features.20,40,4,36,4,0,4,0,6,0,0,4,0,0
290,features.24,80,8,72,4,0,8,0,6,0,0,4,0,0
290,features.27,80,8,72,4,0,8,0,6,0,0,4,0,0
290,features.30,80,8,72,4,1,7,0,6,0,0,4,0,0
290,features.34,80,0,80,0,0,0,0,0,0,0,0,0,10
290,features.37,80,0,80,0,0,0,0,0,0,0,0,0,10
290,features.40,80,0,80,0,0,0,0,0,0,0,0,0,10
291,features.10,20,0,20,0,0,0,0,0,0,0,0,0,10
291,features.14,40,0,40,0,0,0,0,0,0,0,0,0,10
291,features.17,40,0,40,0,0,0,0,0,0,0,0,0,10
291,features.20,40,9,31,9,0,9,0,1,0,0,9,0,0
291,features.24,80,18,62,9,0,18,0,1,0,0,9,0,0
291,features.27,80,18,62,9,1,17,0,1,0,0,9,0,0
291,features.30,80,18,62,9,0,18,0,1,0,0,9,0,0
291,features.34,80,0,80,0,0,0,0,0,0,0,0,0,10
291,features.37,80,0,80,0,0,0,0,0,0,0,0,0,10
291,features.40,80,0,80,0,0,0,0,0,0,0,0,0,10
292,features.10,20,0,20,0,0,0,0,0,0,0,0,0,10
292,features.14,40,0,40,0,0,0,0,0,0,0,0,0,10
292,features.17,40,0,40,0,0,0,0,0,0,0,0,0,10
292,features.20,40,9,31,9,0,9,0,1,0,0,9,0,0
292,features.24,80,18,62,9,0,18,0,1,0,0,9,0,0
292,features.27,80,18,62,9,0,18,0,1,0,0,9,0,0
292,features.30,80,18,62,9,0,18,0,1,0,0,9,0,0
292,features.34,80,0,80,0,0,0,0,0,0,0,0,0,10
292,features.37,80,0,80,0,0,0,0,0,0,0,0,0,10
292,features.40,80,0,80,0,0,0,0,0,0,0,0,0,10
293,features.10,20,0,20,0,0,0,0,0,0,0,0,0,10
293,features.14,40,0,40,0,0,0,0,0,0,0,0,0,10
293,features.17,40,0,40,0,0,0,0,0,0,0,0,0,10
293,features.20,40,4,36,4,0,4,0,6,0,0,4,0,0
293,features.24,80,8,72,4,1,7,0,6,0,0,4,0,0
293,features.27,80,8,72,4,0,8,0,6,0,0,4,0,0
293,features.30,80,8,72,4,0,8,0,6,0,0,4,0,0
293,features.34,80,0,80,0,0,0,0,0,0,0,0,0,10
293,features.37,80,0,80,0,0,0,0,0,0,0,0,0,10
293,features.40,80,0,80,0,0,0,0,0,0,0,0,0,10
294,features.10,20,0,20,0,0,0,0,0,0,0,0,0,10
294,features.14,40,0,40,0,0,0,0,0,0,0,0,0,10
294,features.17,40,0,40,0,0,0,0,0,0,0,0,0,10
294,features.20,40,7,33,7,0,7,0,3,0,0,7,0,0
294,features.24,80,14,66,7,0,14,0,3,0,0,7,0,0
294,features.27,80,14,66,7,0,14,0,3,0,0,7,0,0
294,features.30,80,14,66,7,0,14,0,3,0,0,7,0,0
294,features.34,80,0,80,0,0,0,0,0,0,0,0,0,10
294,features.37,80,0,80,0,0,0,0,0,0,0,0,0,10
294,features.40,80,0,80,0,0,0,0,0,0,0,0,0,10
295,features.10,20,0,20,0,0,0,0,0,0,0,0,0,10
295,features.14,40,0,40,0,0,0,0,0,0,0,0,0,10
295,features.17,40,0,40,0,0,0,0,0,0,0,0,0,10
295,features.20,40,8,32,8,0,8,0,2,0,0,8,0,0
295,features.24,80,16,64,8,1,15,0,2,0,0,8,0,0
295,features.27,80,16,64,8,0,16,0,2,0,0,8,0,0
295,features.30,80,16,64,8,2,14,0,2,0,0,8,0,0
295,features.34,80,0,80,0,0,0,0,0,0,0,0,0,10
295,features.37,80,0,80,0,0,0,0,0,0,0,0,0,10
295,features.40,80,0,80,0,0,0,0,0,0,0,0,0,10
296,features.10,20,0,20,0,0,0,0,0,0,0,0,0,10
296,features.14,40,0,40,0,0,0,0,0,0,0,0,0,10
296,features.17,40,0,40,0,0,0,0,0,0,0,0,0,10
296,features.20,40,6,34,6,0,6,0,4,0,0,6,0,0
296,features.24,80,12,68,6,0,12,0,4,0,0,6,0,0
296,features.27,80,12,68,6,0,12,0,4,0,0,6,0,0
296,features.30,80,12,68,6,0,12,0,4,0,0,6,0,0
296,features.34,80,0,80,0,0,0,0,0,0,0,0,0,10
296,features.37,80,0,80,0,0,0,0,0,0,0,0,0,10
296,features.40,80,0,80,0,0,0,0,0,0,0,0,0,10
297,features.10,20,0,20,0,0,0,0,0,0,0,0,0,10
297,features.14,40,0,40,0,0,0,0,0,0,0,0,0,10
297,features.17,40,0,40,0,0,0,0,0,0,0,0,0,10
297,features.20,40,10,30,10,0,10,0,0,0,0,10,0,0
297,features.24,80,20,60,10,0,20,0,0,0,0,10,0,0
297,features.27,80,20,60,10,1,19,0,0,0,0,10,0,0
297,features.30,80,20,60,10,0,20,0,0,0,0,10,0,0
297,features.34,80,0,80,0,0,0,0,0,0,0,0,0,10
297,features.37,80,0,80,0,0,0,0,0,0,0,0,0,10
297,features.40,80,0,80,0,0,0,0,0,0,0,0,0,10
298,features.10,20,0,20,0,0,0,0,0,0,0,0,0,10
298,features.14,40,0,40,0,0,0,0,0,0,0,0,0,10
298,features.17,40,0,40,0,0,0,0,0,0,0,0,0,10
298,features.20,40,10,30,10,0,10,0,0,0,0,10,0,0
298,features.24,80,20,60,10,1,19,0,0,0,0,10,0,0
298,features.27,80,20,60,10,1,19,0,0,0,0,10,0,0
298,features.30,80,20,60,10,1,19,0,0,0,0,10,0,0
298,features.34,80,0,80,0,0,0,0,0,0,0,0,0,10
298,features.37,80,0,80,0,0,0,0,0,0,0,0,0,10
298,features.40,80,0,80,0,0,0,0,0,0,0,0,0,10
299,features.10,20,0,20,0,0,0,0,0,0,0,0,0,10
299,features.14,40,0,40,0,0,0,0,0,0,0,0,0,10
299,features.17,40,0,40,0,0,0,0,0,0,0,0,0,10
299,features.20,40,5,35,5,0,5,0,5,0,0,5,0,0
299,features.24,80,10,70,5,0,10,0,5,0,0,5,0,0
299,features.27,80,10,70,5,0,10,0,5,0,0,5,0,0
299,features.30,80,10,70,5,0,10,0,5,0,0,5,0,0
299,features.34,80,0,80,0,0,0,0,0,0,0,0,0,10
299,features.37,80,0,80,0,0,0,0,0,0,0,0,0,10
299,features.40,80,0,80,0,0,0,0,0,0,0,0,0,10
300,features.10,20,0,20,0,0,0,0,0,0,0,0,0,10
300,features.14,40,0,40,0,0,0,0,0,0,0,0,0,10
300,features.17,40,0,40,0,0,0,0,0,0,0,0,0,10
300,features.20,40,7,33,7,0,7,0,3,0,0,7,0,0
300,features.24,80,14,66,7,0,14,0,3,0,0,7,0,0
300,features.27,80,14,66,7,1,13,0,3,0,0,7,0,0
300,features.30,80,14,66,7,0,14,0,3,0,0,7,0,0
300,features.34,80,0,80,0,0,0,0,0,0,0,0,0,10
300,features.37,80,0,80,0,0,0,0,0,0,0,0,0,10
300,features.40,80,0,80,0,0,0,0,0,0,0,0,0,10
301,features.10,20,0,20,0,0,0,0,0,0,0,0,0,10
301,features.14,40,0,40,0,0,0,0,0,0,0,0,0,10
301,features.17,40,0,40,0,0,0,0,0,0,0,0,0,10
301,features.20,40,5,35,5,0,5,0,5,0,0,5,0,0
301,features.24,80,10,70,5,0,10,0,5,0,0,5,0,0
301,features.27,80,10,70,5,0,10,0,5,0,0,5,0,0
301,features.30,80,10,70,5,0,10,0,5,0,0,5,0,0
301,features.34,80,0,80,0,0,0,0,0,0,0,0,0,10
301,features.37,80,0,80,0,0,0,0,0,0,0,0,0,10
301,features.40,80,0,80,0,0,0,0,0,0,0,0,0,10
302,features.10,20,0,20,0,0,0,0,0,0,0,0,0,10
302,features.14,40,0,40,0,0,0,0,0,0,0,0,0,10
302,features.17,40,0,40,0,0,0,0,0,0,0,0,0,10
302,features.20,40,2,38,2,0,2,0,8,0,0,2,0,0
302,features.24,80,4,76,2,0,4,0,8,0,0,2,0,0
302,features.27,80,4,76,2,0,4,0,8,0,0,2,0,0
302,features.30,80,4,76,2,0,4,0,8,0,0,2,0,0
302,features.34,80,0,80,0,0,0,0,0,0,0,0,0,10
302,features.37,80,0,80,0,0,0,0,0,0,0,0,0,10
302,features.40,80,0,80,0,0,0,0,0,0,0,0,0,10
303,features.10,20,0,20,0,0,0,0,0,0,0,0,0,10
303,features.14,40,0,40,0,0,0,0,0,0,0,0,0,10
303,features.17,40,0,40,0,0,0,0,0,0,0,0,0,10
303,features.20,40,6,34,6,1,5,0,4,0,0,6,0,0
303,features.24,80,12,68,6,0,12,0,4,0,0,6,0,0
303,features.27,80,12,68,6,1,11,0,4,0,0,6,0,0
303,features.30,80,12,68,6,0,12,0,4,0,0,6,0,0
303,features.34,80,0,80,0,0,0,0,0,0,0,0,0,10
303,features.37,80,0,80,0,0,0,0,0,0,0,0,0,10
303,features.40,80,0,80,0,0,0,0,0,0,0,0,0,10
304,features.10,20,0,20,0,0,0,0,0,0,0,0,0,10
304,features.14,40,0,40,0,0,0,0,0,0,0,0,0,10
304,features.17,40,0,40,0,0,0,0,0,0,0,0,0,10
304,features.20,40,10,30,10,0,10,0,0,0,0,10,0,0
304,features.24,80,20,60,10,0,20,0,0,0,0,10,0,0
304,features.27,80,20,60,10,0,20,0,0,0,0,10,0,0
304,features.30,80,20,60,10,0,20,0,0,0,0,10,0,0
304,features.34,80,0,80,0,0,0,0,0,0,0,0,0,10
304,features.37,80,0,80,0,0,0,0,0,0,0,0,0,10
304,features.40,80,0,80,0,0,0,0,0,0,0,0,0,10
305,features.10,20,0,20,0,0,0,0,0,0,0,0,0,10
305,features.14,40,0,40,0,0,0,0,0,0,0,0,0,10
305,features.17,40,0,40,0,0,0,0,0,0,0,0,0,10
305,features.20,40,8,32,8,0,8,0,2,0,0,8,0,0
305,features.24,80,16,64,8,1,15,0,2,0,0,8,0,0
305,features.27,80,16,64,8,0,16,0,2,0,0,8,0,0
305,features.30,80,16,64,8,0,16,0,2,0,0,8,0,0
305,features.34,80,0,80,0,0,0,0,0,0,0,0,0,10
305,features.37,80,0,80,0,0,0,0,0,0,0,0,0,10
305,features.40,80,0,80,0,0,0,0,0,0,0,0,0,10
306,features.10,20,0,20,0,0,0,0,0,0,0,0,0,10
306,features.14,40,0,40,0,0,0,0,0,0,0,0,0,10
306,features.17,40,0,40,0,0,0,0,0,0,0,0,0,10
306,features.20,40,6,34,6,0,6,0,4,0,0,6,0,0
306,features.24,80,12,68,6,1,11,0,4,0,0,6,0,0
306,features.27,80,12,68,6,0,12,0,4,0,0,6,0,0
306,features.30,80,12,68,6,0,12,0,4,0,0,6,0,0
306,features.34,80,0,80,0,0,0,0,0,0,0,0,0,10
306,features.37,80,0,80,0,0,0,0,0,0,0,0,0,10
306,features.40,80,0,80,0,0,0,0,0,0,0,0,0,10
307,features.10,20,0,20,0,0,0,0,0,0,0,0,0,10
307,features.14,40,0,40,0,0,0,0,0,0,0,0,0,10
307,features.17,40,0,40,0,0,0,0,0,0,0,0,0,10
307,features.20,40,7,33,7,0,7,0,3,0,0,7,0,0
307,features.24,80,14,66,7,0,14,0,3,0,0,7,0,0
307,features.27,80,14,66,7,1,13,0,3,0,0,7,0,0
307,features.30,80,14,66,7,0,14,0,3,0,0,7,0,0
307,features.34,80,0,80,0,0,0,0,0,0,0,0,0,10
307,features.37,80,0,80,0,0,0,0,0,0,0,0,0,10
307,features.40,80,0,80,0,0,0,0,0,0,0,0,0,10
308,features.10,20,0,20,0,0,0,0,0,0,0,0,0,10
308,features.14,40,0,40,0,0,0,0,0,0,0,0,0,10
308,features.17,40,0,40,0,0,0,0,0,0,0,0,0,10
308,features.20,40,6,34,6,1,5,0,4,0,0,6,0,0
308,features.24,80,12,68,6,0,12,0,4,0,0,6,0,0
308,features.27,80,12,68,6,1,11,0,4,0,0,6,0,0
308,features.30,80,12,68,6,0,12,0,4,0,0,6,0,0
308,features.34,80,0,80,0,0,0,0,0,0,0,0,0,10
308,features.37,80,0,80,0,0,0,0,0,0,0,0,0,10
308,features.40,80,0,80,0,0,0,0,0,0,0,0,0,10
309,features.14,40,0,40,0,0,0,0,0,0,0,0,0,10
309,features.17,40,0,40,0,0,0,0,0,0,0,0,0,10
309,features.20,40,6,34,6,0,6,0,4,0,0,6,0,0
309,features.24,80,12,68,6,2,10,0,4,0,0,6,0,0
309,features.27,80,12,68,6,0,12,0,4,0,0,6,0,0
309,features.30,80,12,68,6,0,12,0,4,0,0,6,0,0
309,features.34,80,0,80,0,0,0,0,0,0,0,0,0,10
309,features.37,80,0,80,0,0,0,0,0,0,0,0,0,10
309,features.40,80,0,80,0,0,0,0,0,0,0,0,0,10
310,features.14,40,0,40,0,0,0,0,0,0,0,0,0,10
310,features.17,40,0,40,0,0,0,0,0,0,0,0,0,10
310,features.20,40,6,34,6,1,5,0,4,0,0,6,0,0
310,features.24,80,12,68,6,0,12,0,4,0,0,6,0,0
310,features.27,80,12,68,6,1,11,0,4,0,0,6,0,0
310,features.30,80,12,68,6,0,12,0,4,0,0,6,0,0
310,features.34,80,0,80,0,0,0,0,0,0,0,0,0,10
310,features.37,80,0,80,0,0,0,0,0,0,0,0,0,10
310,features.40,80,0,80,0,0,0,0,0,0,0,0,0,10
311,features.14,40,0,40,0,0,0,0,0,0,0,0,0,10
311,features.17,40,0,40,0,0,0,0,0,0,0,0,0,10
311,features.20,40,7,33,7,0,7,0,3,0,0,7,0,0
311,features.24,80,14,66,7,0,14,0,3,0,0,7,0,0
311,features.27,80,14,66,7,0,14,0,3,0,0,7,0,0
311,features.30,80,14,66,7,0,14,0,3,0,0,7,0,0
311,features.34,80,0,80,0,0,0,0,0,0,0,0,0,10
311,features.37,80,0,80,0,0,0,0,0,0,0,0,0,10
311,features.40,80,0,80,0,0,0,0,0,0,0,0,0,10
312,features.14,40,0,40,0,0,0,0,0,0,0,0,0,10
312,features.17,40,0,40,0,0,0,0,0,0,0,0,0,10
312,features.20,40,6,34,6,0,6,0,4,0,0,6,0,0
312,features.24,80,12,68,6,0,12,0,4,0,0,6,0,0
312,features.27,80,12,68,6,0,12,0,4,0,0,6,0,0
312,features.30,80,12,68,6,0,12,0,4,0,0,6,0,0
312,features.34,80,0,80,0,0,0,0,0,0,0,0,0,10
312,features.37,80,0,80,0,0,0,0,0,0,0,0,0,10
312,features.40,80,0,80,0,0,0,0,0,0,0,0,0,10
313,features.14,40,0,40,0,0,0,0,0,0,0,0,0,10
313,features.17,40,0,40,0,0,0,0,0,0,0,0,0,10
313,features.20,40,7,33,7,0,7,0,3,0,0,7,0,0
313,features.24,80,14,66,7,1,13,0,3,0,0,7,0,0
313,features.27,80,14,66,7,0,14,0,3,0,0,7,0,0
313,features.30,80,14,66,7,0,14,0,3,0,0,7,0,0
313,features.34,80,0,80,0,0,0,0,0,0,0,0,0,10
313,features.37,80,0,80,0,0,0,0,0,0,0,0,0,10
313,features.40,80,0,80,0,0,0,0,0,0,0,0,0,10
314,features.14,40,0,40,0,0,0,0,0,0,0,0,0,10
314,features.17,40,0,40,0,0,0,0,0,0,0,0,0,10
314,features.20,40,8,32,8,0,8,0,2,0,0,8,0,0
314,features.24,80,16,64,8,0,16,0,2,0,0,8,0,0
314,features.27,80,16,64,8,0,16,0,2,0,0,8,0,0
314,features.30,80,16,64,8,0,16,0,2,0,0,8,0,0
314,features.34,80,0,80,0,0,0,0,0,0,0,0,0,10
314,features.37,80,0,80,0,0,0,0,0,0,0,0,0,10
314,features.40,80,0,80,0,0,0,0,0,0,0,0,0,10
315,features.14,40,0,40,0,0,0,0,0,0,0,0,0,10
315,features.17,40,0,40,0,0,0,0,0,0,0,0,0,10
315,features.20,40,7,33,7,1,6,0,3,0,0,7,0,0
315,features.24,80,14,66,7,0,14,0,3,0,0,7,0,0
315,features.27,80,14,66,7,0,14,0,3,0,0,7,0,0
315,features.30,80,14,66,7,0,14,0,3,0,0,7,0,0
315,features.34,80,0,80,0,0,0,0,0,0,0,0,0,10
315,features.37,80,0,80,0,0,0,0,0,0,0,0,0,10
315,features.40,80,0,80,0,0,0,0,0,0,0,0,0,10
316,features.14,40,0,40,0,0,0,0,0,0,0,0,0,10
316,features.17,40,0,40,0,0,0,0,0,0,0,0,0,10
316,features.20,40,6,34,6,0,6,0,4,0,0,6,0,0
316,features.24,80,12,68,6,0,12,0,4,0,0,6,0,0
316,features.27,80,12,68,6,0,12,0,4,0,0,6,0,0
316,features.30,80,12,68,6,1,11,0,4,0,0,6,0,0
316,features.34,80,0,80,0,0,0,0,0,0,0,0,0,10
316,features.37,80,0,80,0,0,0,0,0,0,0,0,0,10
316,features.40,80,0,80,0,0,0,0,0,0,0,0,0,10
317,features.14,40,0,40,0,0,0,0,0,0,0,0,0,10
317,features.17,40,0,40,0,0,0,0,0,0,0,0,0,10
317,features.20,40,6,34,6,0,6,0,4,0,0,6,0,0
317,features.24,80,12,68,6,0,12,0,4,0,0,6,0,0
317,features.27,80,12,68,6,0,12,0,4,0,0,6,0,0
317,features.30,80,12,68,6,0,12,0,4,0,0,6,0,0
317,features.34,80,0,80,0,0,0,0,0,0,0,0,0,10
317,features.37,80,0,80,0,0,0,0,0,0,0,0,0,10
317,features.40,80,0,80,0,0,0,0,0,0,0,0,0,10
318,features.14,40,0,40,0,0,0,0,0,0,0,0,0,10
318,features.17,40,0,40,0,0,0,0,0,0,0,0,0,10
318,features.20,40,9,31,9,0,9,0,1,0,0,9,0,0
318,features.24,80,18,62,9,0,18,0,1,0,0,9,0,0
318,features.27,80,18,62,9,0,18,0,1,0,0,9,0,0
318,features.30,80,18,62,9,0,18,0,1,0,0,9,0,0
318,features.34,80,0,80,0,0,0,0,0,0,0,0,0,10
318,features.37,80,0,80,0,0,0,0,0,0,0,0,0,10
318,features.40,80,0,80,0,0,0,0,0,0,0,0,0,10
319,features.14,40,0,40,0,0,0,0,0,0,0,0,0,10
319,features.17,40,0,40,0,0,0,0,0,0,0,0,0,10
319,features.20,40,7,33,7,0,7,0,3,0,0,7,0,0
319,features.24,80,14,66,7,2,12,0,3,0,0,7,0,0
319,features.27,80,14,66,7,0,14,0,3,0,0,7,0,0
319,features.30,80,14,66,7,0,14,0,3,0,0,7,0,0
319,features.34,80,0,80,0,0,0,0,0,0,0,0,0,10
319,features.37,80,0,80,0,0,0,0,0,0,0,0,0,10
319,features.40,80,0,80,0,0,0,0,0,0,0,0,0,10
320,features.14,40,0,40,0,0,0,0,0,0,0,0,0,10
320,features.17,40,0,40,0,0,0,0,0,0,0,0,0,10
320,features.20,40,7,33,7,0,7,0,3,0,0,7,0,0
320,features.24,80,14,66,7,0,14,0,3,0,0,7,0,0
320,features.27,80,14,66,7,0,14,0,3,0,0,7,0,0
320,features.30,80,14,66,7,1,13,0,3,0,0,7,0,0
320,features.34,80,0,80,0,0,0,0,0,0,0,0,0,10
320,features.37,80,0,80,0,0,0,0,0,0,0,0,0,10
320,features.40,80,0,80,0,0,0,0,0,0,0,0,0,10
321,features.14,40,0,40,0,0,0,0,0,0,0,0,0,10
321,features.17,40,0,40,0,0,0,0,0,0,0,0,0,10
321,features.20,40,7,33,7,0,7,0,3,0,0,7,0,0
321,features.24,80,14,66,7,1,13,0,3,0,0,7,0,0
321,features.27,80,14,66,7,0,14,0,3,0,0,7,0,0
321,features.30,80,14,66,7,0,14,0,3,0,0,7,0,0
321,features.34,80,0,80,0,0,0,0,0,0,0,0,0,10
321,features.37,80,0,80,0,0,0,0,0,0,0,0,0,10
321,features.40,80,0,80,0,0,0,0,0,0,0,0,0,10
322,features.14,40,0,40,0,0,0,0,0,0,0,0,0,10
322,features.17,40,0,40,0,0,0,0,0,0,0,0,0,10
322,features.20,40,7,33,7,0,7,0,3,0,0,7,0,0
322,features.24,80,14,66,7,0,14,0,3,0,0,7,0,0
322,features.27,80,14,66,7,0,14,0,3,0,0,7,0,0
322,features.30,80,14,66,7,0,14,0,3,0,0,7,0,0
322,features.34,80,0,80,0,0,0,0,0,0,0,0,0,10
322,features.37,80,0,80,0,0,0,0,0,0,0,0,0,10
322,features.40,80,0,80,0,0,0,0,0,0,0,0,0,10
323,features.14,40,0,40,0,0,0,0,0,0,0,0,0,10
323,features.17,40,0,40,0,0,0,0,0,0,0,0,0,10
323,features.20,40,7,33,7,0,7,0,3,0,0,7,0,0
323,features.24,80,14,66,7,0,14,0,3,0,0,7,0,0
323,features.27,80,14,66,7,0,14,0,3,0,0,7,0,0
323,features.30,80,14,66,7,0,14,0,3,0,0,7,0,0
323,features.34,80,0,80,0,0,0,0,0,0,0,0,0,10
323,features.37,80,0,80,0,0,0,0,0,0,0,0,0,10
323,features.40,80,0,80,0,0,0,0,0,0,0,0,0,10
324,features.14,40,0,40,0,0,0,0,0,0,0,0,0,10
324,features.17,40,0,40,0,0,0,0,0,0,0,0,0,10
324,features.20,40,8,32,8,0,8,0,2,0,0,8,0,0
324,features.24,80,16,64,8,0,16,0,2,0,0,8,0,0
324,features.27,80,16,64,8,1,15,0,2,0,0,8,0,0
324,features.30,80,16,64,8,0,16,0,2,0,0,8,0,0
324,features.34,80,0,80,0,0,0,0,0,0,0,0,0,10
324,features.37,80,0,80,0,0,0,0,0,0,0,0,0,10
324,features.40,80,0,80,0,0,0,0,0,0,0,0,0,10
325,features.14,40,0,40,0,0,0,0,0,0,0,0,0,10
325,features.17,40,0,40,0,0,0,0,0,0,0,0,0,10
325,features.20,40,7,33,7,0,7,0,3,0,0,7,0,0
325,features.24,80,14,66,7,0,14,0,3,0,0,7,0,0
325,features.27,80,14,66,7,0,14,0,3,0,0,7,0,0
325,features.30,80,14,66,7,0,14,0,3,0,0,7,0,0
325,features.34,80,0,80,0,0,0,0,0,0,0,0,0,10
325,features.37,80,0,80,0,0,0,0,0,0,0,0,0,10
325,features.40,80,0,80,0,0,0,0,0,0,0,0,0,10
326,features.14,40,0,40,0,0,0,0,0,0,0,0,0,10
326,features.17,40,0,40,0,0,0,0,0,0,0,0,0,10
326,features.20,40,6,34,6,0,6,0,4,0,0,6,0,0
326,features.24,80,12,68,6,1,11,0,4,0,0,6,0,0
326,features.27,80,12,68,6,1,11,0,4,0,0,6,0,0
326,features.30,80,12,68,6,0,12,0,4,0,0,6,0,0
326,features.34,80,0,80,0,0,0,0,0,0,0,0,0,10
326,features.37,80,0,80,0,0,0,0,0,0,0,0,0,10
326,features.40,80,0,80,0,0,0,0,0,0,0,0,0,10
327,features.14,40,0,40,0,0,0,0,0,0,0,0,0,10
327,features.17,40,0,40,0,0,0,0,0,0,0,0,0,10
327,features.20,40,6,34,6,0,6,0,4,0,0,6,0,0
327,features.24,80,12,68,6,0,12,0,4,0,0,6,0,0
327,features.27,80,12,68,6,0,12,0,4,0,0,6,0,0
327,features.30,80,12,68,6,0,12,0,4,0,0,6,0,0
327,features.34,80,0,80,0,0,0,0,0,0,0,0,0,10
327,features.37,80,0,80,0,0,0,0,0,0,0,0,0,10
327,features.40,80,0,80,0,0,0,0,0,0,0,0,0,10
328,features.14,40,0,40,0,0,0,0,0,0,0,0,0,10
328,features.17,40,0,40,0,0,0,0,0,0,0,0,0,10
328,features.20,40,5,35,5,0,5,0,5,0,0,5,0,0
328,features.24,80,10,70,5,1,9,0,5,0,0,5,0,0
328,features.27,80,10,70,5,0,10,0,5,0,0,5,0,0
328,features.30,80,10,70,5,0,10,0,5,0,0,5,0,0
328,features.34,80,0,80,0,0,0,0,0,0,0,0,0,10
328,features.37,80,0,80,0,0,0,0,0,0,0,0,0,10
328,features.40,80,0,80,0,0,0,0,0,0,0,0,0,10
329,features.14,40,0,40,0,0,0,0,0,0,0,0,0,10
329,features.17,40,0,40,0,0,0,0,0,0,0,0,0,10
329,features.20,40,8,32,8,0,8,0,2,0,0,8,0,0
329,features.24,80,16,64,8,0,16,0,2,0,0,8,0,0
329,features.27,80,16,64,8,0,16,0,2,0,0,8,0,0
329,features.30,80,16,64,8,0,16,0,2,0,0,8,0,0
329,features.34,80,0,80,0,0,0,0,0,0,0,0,0,10
329,features.37,80,0,80,0,0,0,0,0,0,0,0,0,10
329,features.40,80,0,80,0,0,0,0,0,0,0,0,0,10
330,features.14,40,0,40,0,0,0,0,0,0,0,0,0,10
330,features.17,40,0,40,0,0,0,0,0,0,0,0,0,10
330,features.20,40,7,33,7,0,7,0,3,0,0,7,0,0
330,features.24,80,14,66,7,1,13,0,3,0,0,7,0,0
330,features.27,80,14,66,7,0,14,0,3,0,0,7,0,0
330,features.30,80,14,66,7,1,13,0,3,0,0,7,0,0
330,features.34,80,0,80,0,0,0,0,0,0,0,0,0,10
330,features.37,80,0,80,0,0,0,0,0,0,0,0,0,10
330,features.40,80,0,80,0,0,0,0,0,0,0,0,0,10
331,features.14,40,0,40,0,0,0,0,0,0,0,0,0,10
331,features.17,40,0,40,0,0,0,0,0,0,0,0,0,10
331,features.20,40,5,35,5,1,4,0,5,0,0,5,0,0
331,features.24,80,10,70,5,1,9,0,5,0,0,5,0,0
331,features.27,80,10,70,5,0,10,0,5,0,0,5,0,0
331,features.30,80,10,70,5,0,10,0,5,0,0,5,0,0
331,features.34,80,0,80,0,0,0,0,0,0,0,0,0,10
331,features.37,80,0,80,0,0,0,0,0,0,0,0,0,10
331,features.40,80,0,80,0,0,0,0,0,0,0,0,0,10
332,features.14,40,0,40,0,0,0,0,0,0,0,0,0,10
332,features.17,40,0,40,0,0,0,0,0,0,0,0,0,10
332,features.20,40,5,35,5,1,4,0,5,0,0,5,0,0
332,features.24,80,10,70,5,1,9,0,5,0,0,5,0,0
332,features.27,80,10,70,5,0,10,0,5,0,0,5,0,0
332,features.30,80,10,70,5,0,10,0,5,0,0,5,0,0
332,features.34,80,0,80,0,0,0,0,0,0,0,0,0,10
332,features.37,80,0,80,0,0,0,0,0,0,0,0,0,10
332,features.40,80,0,80,0,0,0,0,0,0,0,0,0,10
333,features.14,40,0,40,0,0,0,0,0,0,0,0,0,10
333,features.17,40,0,40,0,0,0,0,0,0,0,0,0,10
333,features.20,40,8,32,8,0,8,0,2,0,0,8,0,0
333,features.24,80,16,64,8,0,16,0,2,0,0,8,0,0
333,features.27,80,16,64,8,0,16,0,2,0,0,8,0,0
333,features.30,80,16,64,8,0,16,0,2,0,0,8,0,0
333,features.34,80,0,80,0,0,0,0,0,0,0,0,0,10
333,features.37,80,0,80,0,0,0,0,0,0,0,0,0,10
333,features.40,80,0,80,0,0,0,0,0,0,0,0,0,10
334,features.14,40,0,40,0,0,0,0,0,0,0,0,0,10
334,features.17,40,0,40,0,0,0,0,0,0,0,0,0,10
334,features.20,40,7,33,7,0,7,0,3,0,0,7,0,0
334,features.24,80,14,66,7,0,14,0,3,0,0,7,0,0
334,features.27,80,14,66,7,2,12,0,3,0,0,7,0,0
334,features.30,80,14,66,7,0,14,0,3,0,0,7,0,0
334,features.34,80,0,80,0,0,0,0,0,0,0,0,0,10
334,features.37,80,0,80,0,0,0,0,0,0,0,0,0,10
334,features.40,80,0,80,0,0,0,0,0,0,0,0,0,10
335,features.14,40,0,40,0,0,0,0,0,0,0,0,0,10
335,features.17,40,0,40,0,0,0,0,0,0,0,0,0,10
335,features.20,40,5,35,5,0,5,0,5,0,0,5,0,0
335,features.24,80,10,70,5,1,9,0,5,0,0,5,0,0
335,features.27,80,10,70,5,0,10,0,5,0,0,5,0,0
335,features.30,80,10,70,5,0,10,0,5,0,0,5,0,0
335,features.34,80,0,80,0,0,0,0,0,0,0,0,0,10
335,features.37,80,0,80,0,0,0,0,0,0,0,0,0,10
335,features.40,80,0,80,0,0,0,0,0,0,0,0,0,10
336,features.14,40,0,40,0,0,0,0,0,0,0,0,0,10
336,features.17,40,0,40,0,0,0,0,0,0,0,0,0,10
336,features.20,40,7,33,7,1,6,0,3,0,0,7,0,0
336,features.24,80,14,66,7,0,14,0,3,0,0,7,0,0
336,features.27,80,14,66,7,1,13,0,3,0,0,7,0,0
336,features.30,80,14,66,7,1,13,0,3,0,0,7,0,0
336,features.34,80,0,80,0,0,0,0,0,0,0,0,0,10
336,features.37,80,0,80,0,0,0,0,0,0,0,0,0,10
336,features.40,80,0,80,0,0,0,0,0,0,0,0,0,10
337,features.14,40,0,40,0,0,0,0,0,0,0,0,0,10
337,features.17,40,0,40,0,0,0,0,0,0,0,0,0,10
337,features.20,40,3,37,3,0,3,0,7,0,0,3,0,0
337,features.24,80,6,74,3,0,6,0,7,0,0,3,0,0
337,features.27,80,6,74,3,0,6,0,7,0,0,3,0,0
337,features.30,80,6,74,3,0,6,0,7,0,0,3,0,0
337,features.34,80,0,80,0,0,0,0,0,0,0,0,0,10
337,features.37,80,0,80,0,0,0,0,0,0,0,0,0,10
337,features.40,80,0,80,0,0,0,0,0,0,0,0,0,10
338,features.14,40,0,40,0,0,0,0,0,0,0,0,0,10
338,features.17,40,0,40,0,0,0,0,0,0,0,0,0,10
338,features.20,40,5,35,5,0,5,0,5,0,0,5,0,0
338,features.24,80,10,70,5,0,10,0,5,0,0,5,0,0
338,features.27,80,10,70,5,0,10,0,5,0,0,5,0,0
338,features.30,80,10,70,5,0,10,0,5,0,0,5,0,0
338,features.34,80,0,80,0,0,0,0,0,0,0,0,0,10
338,features.37,80,0,80,0,0,0,0,0,0,0,0,0,10
338,features.40,80,0,80,0,0,0,0,0,0,0,0,0,10
339,features.14,40,0,40,0,0,0,0,0,0,0,0,0,10
339,features.17,40,0,40,0,0,0,0,0,0,0,0,0,10
339,features.20,40,7,33,7,0,7,0,3,0,0,7,0,0
339,features.24,80,14,66,7,0,14,0,3,0,0,7,0,0
339,features.27,80,14,66,7,1,13,0,3,0,0,7,0,0
339,features.30,80,14,66,7,0,14,0,3,0,0,7,0,0
339,features.34,80,0,80,0,0,0,0,0,0,0,0,0,10
339,features.37,80,0,80,0,0,0,0,0,0,0,0,0,10
339,features.40,80,0,80,0,0,0,0,0,0,0,0,0,10
340,features.14,40,0,40,0,0,0,0,0,0,0,0,0,10
340,features.17,40,0,40,0,0,0,0,0,0,0,0,0,10
340,features.20,40,9,31,9,0,9,0,1,0,0,9,0,0
340,features.24,80,18,62,9,1,17,0,1,0,0,9,0,0
340,features.27,80,18,62,9,1,17,0,1,0,0,9,0,0
340,features.30,80,18,62,9,1,17,0,1,0,0,9,0,0
340,features.34,80,0,80,0,0,0,0,0,0,0,0,0,10
340,features.37,80,0,80,0,0,0,0,0,0,0,0,0,10
340,features.40,80,0,80,0,0,0,0,0,0,0,0,0,10
341,features.14,40,0,40,0,0,0,0,0,0,0,0,0,10
341,features.17,40,0,40,0,0,0,0,0,0,0,0,0,10
341,features.20,40,5,35,5,0,5,0,5,0,0,5,0,0
341,features.24,80,10,70,5,0,10,0,5,0,0,5,0,0
341,features.27,80,10,70,5,1,9,0,5,0,0,5,0,0
341,features.30,80,10,70,5,0,10,0,5,0,0,5,0,0
341,features.34,80,0,80,0,0,0,0,0,0,0,0,0,10
341,features.37,80,0,80,0,0,0,0,0,0,0,0,0,10
341,features.40,80,0,80,0,0,0,0,0,0,0,0,0,10
342,features.14,40,0,40,0,0,0,0,0,0,0,0,0,10
342,features.17,40,0,40,0,0,0,0,0,0,0,0,0,10
342,features.20,40,8,32,8,1,7,0,2,0,0,8,0,0
342,features.24,80,16,64,8,0,16,0,2,0,0,8,0,0
342,features.27,80,16,64,8,1,15,0,2,0,0,8,0,0
342,features.30,80,16,64,8,0,16,0,2,0,0,8,0,0
342,features.34,80,0,80,0,0,0,0,0,0,0,0,0,10
342,features.37,80,0,80,0,0,0,0,0,0,0,0,0,10
342,features.40,80,0,80,0,0,0,0,0,0,0,0,0,10
343,features.14,40,0,40,0,0,0,0,0,0,0,0,0,10
343,features.17,40,0,40,0,0,0,0,0,0,0,0,0,10
343,features.20,40,7,33,7,0,7,0,3,0,0,7,0,0
343,features.24,80,14,66,7,0,14,0,3,0,0,7,0,0
343,features.27,80,14,66,7,0,14,0,3,0,0,7,0,0
343,features.30,80,14,66,7,0,14,0,3,0,0,7,0,0
343,features.34,80,0,80,0,0,0,0,0,0,0,0,0,10
343,features.37,80,0,80,0,0,0,0,0,0,0,0,0,10
343,features.40,80,0,80,0,0,0,0,0,0,0,0,0,10
344,features.14,40,0,40,0,0,0,0,0,0,0,0,0,10
344,features.17,40,0,40,0,0,0,0,0,0,0,0,0,10
344,features.20,40,6,34,6,0,6,0,4,0,0,6,0,0
344,features.24,80,12,68,6,0,12,0,4,0,0,6,0,0
344,features.27,80,12,68,6,0,12,0,4,0,0,6,0,0
344,features.30,80,12,68,6,0,12,0,4,0,0,6,0,0
344,features.34,80,0,80,0,0,0,0,0,0,0,0,0,10
344,features.37,80,0,80,0,0,0,0,0,0,0,0,0,10
344,features.40,80,0,80,0,0,0,0,0,0,0,0,0,10
345,features.14,40,0,40,0,0,0,0,0,0,0,0,0,10
345,features.17,40,0,40,0,0,0,0,0,0,0,0,0,10
345,features.20,40,6,34,6,0,6,0,4,0,0,6,0,0
345,features.24,80,12,68,6,0,12,0,4,0,0,6,0,0
345,features.27,80,12,68,6,0,12,0,4,0,0,6,0,0
345,features.30,80,12,68,6,0,12,0,4,0,0,6,0,0
345,features.34,80,0,80,0,0,0,0,0,0,0,0,0,10
345,features.37,80,0,80,0,0,0,0,0,0,0,0,0,10
345,features.40,80,0,80,0,0,0,0,0,0,0,0,0,10
346,features.14,40,0,40,0,0,0,0,0,0,0,0,0,10
346,features.17,40,0,40,0,0,0,0,0,0,0,0,0,10
346,features.20,40,9,31,9,0,9,0,1,0,0,9,0,0
346,features.24,80,18,62,9,0,18,0,1,0,0,9,0,0
346,features.27,80,18,62,9,0,18,0,1,0,0,9,0,0
346,features.30,80,18,62,9,0,18,0,1,0,0,9,0,0
346,features.34,80,0,80,0,0,0,0,0,0,0,0,0,10
346,features.37,80,0,80,0,0,0,0,0,0,0,0,0,10
346,features.40,80,0,80,0,0,0,0,0,0,0,0,0,10
347,features.14,40,0,40,0,0,0,0,0,0,0,0,0,10
347,features.17,40,0,40,0,0,0,0,0,0,0,0,0,10
347,features.20,40,9,31,9,0,9,0,1,0,0,9,0,0
347,features.24,80,18,62,9,1,17,0,1,0,0,9,0,0
347,features.27,80,18,62,9,0,18,0,1,0,0,9,0,0
347,features.30,80,18,62,9,0,18,0,1,0,0,9,0,0
347,features.34,80,0,80,0,0,0,0,0,0,0,0,0,10
347,features.37,80,0,80,0,0,0,0,0,0,0,0,0,10
347,features.40,80,0,80,0,0,0,0,0,0,0,0,0,10
348,features.14,40,0,40,0,0,0,0,0,0,0,0,0,10
348,features.17,40,0,40,0,0,0,0,0,0,0,0,0,10
348,features.20,40,6,34,6,0,6,0,4,0,0,6,0,0
348,features.24,80,12,68,6,0,12,0,4,0,0,6,0,0
348,features.27,80,12,68,6,0,12,0,4,0,0,6,0,0
348,features.30,80,12,68,6,1,11,0,4,0,0,6,0,0
348,features.34,80,0,80,0,0,0,0,0,0,0,0,0,10
348,features.37,80,0,80,0,0,0,0,0,0,0,0,0,10
348,features.40,80,0,80,0,0,0,0,0,0,0,0,0,10
349,features.14,40,0,40,0,0,0,0,0,0,0,0,0,10
349,features.17,40,0,40,0,0,0,0,0,0,0,0,0,10
349,features.20,40,7,33,7,0,7,0,3,0,0,7,0,0
349,features.24,80,14,66,7,0,14,0,3,0,0,7,0,0
349,features.27,80,14,66,7,1,13,0,3,0,0,7,0,0
349,features.30,80,14,66,7,0,14,0,3,0,0,7,0,0
349,features.34,80,0,80,0,0,0,0,0,0,0,0,0,10
349,features.37,80,0,80,0,0,0,0,0,0,0,0,0,10
349,features.40,80,0,80,0,0,0,0,0,0,0,0,0,10
350,features.14,40,0,40,0,0,0,0,0,0,0,0,0,10
350,features.17,40,0,40,0,0,0,0,0,0,0,0,0,10
350,features.20,40,5,35,5,1,4,0,5,0,0,5,0,0
350,features.24,80,10,70,5,0,10,0,5,0,0,5,0,0
350,features.27,80,10,70,5,0,10,0,5,0,0,5,0,0
350,features.30,80,10,70,5,0,10,0,5,0,0,5,0,0
350,features.34,80,0,80,0,0,0,0,0,0,0,0,0,10
350,features.37,80,0,80,0,0,0,0,0,0,0,0,0,10
350,features.40,80,0,80,0,0,0,0,0,0,0,0,0,10
351,features.14,40,0,40,0,0,0,0,0,0,0,0,0,10
351,features.17,40,0,40,0,0,0,0,0,0,0,0,0,10
351,features.20,40,7,33,7,0,7,0,3,0,0,7,0,0
351,features.24,80,14,66,7,1,13,0,3,0,0,7,0,0
351,features.27,80,14,66,7,0,14,0,3,0,0,7,0,0
351,features.30,80,14,66,7,0,14,0,3,0,0,7,0,0
351,features.34,80,0,80,0,0,0,0,0,0,0,0,0,10
351,features.37,80,0,80,0,0,0,0,0,0,0,0,0,10
351,features.40,80,0,80,0,0,0,0,0,0,0,0,0,10
352,features.14,40,0,40,0,0,0,0,0,0,0,0,0,10
352,features.17,40,0,40,0,0,0,0,0,0,0,0,0,10
352,features.20,40,6,34,6,0,6,0,4,0,0,6,0,0
352,features.24,80,12,68,6,0,12,0,4,0,0,6,0,0
352,features.27,80,12,68,6,0,12,0,4,0,0,6,0,0
352,features.30,80,12,68,6,0,12,0,4,0,0,6,0,0
352,features.34,80,0,80,0,0,0,0,0,0,0,0,0,10
352,features.37,80,0,80,0,0,0,0,0,0,0,0,0,10
352,features.40,80,0,80,0,0,0,0,0,0,0,0,0,10
353,features.14,40,0,40,0,0,0,0,0,0,0,0,0,10
353,features.17,40,0,40,0,0,0,0,0,0,0,0,0,10
353,features.20,40,7,33,7,0,7,0,3,0,0,7,0,0
353,features.24,80,14,66,7,0,14,0,3,0,0,7,0,0
353,features.27,80,14,66,7,0,14,0,3,0,0,7,0,0
353,features.30,80,14,66,7,0,14,0,3,0,0,7,0,0
353,features.34,80,0,80,0,0,0,0,0,0,0,0,0,10
353,features.37,80,0,80,0,0,0,0,0,0,0,0,0,10
353,features.40,80,0,80,0,0,0,0,0,0,0,0,0,10
354,features.14,40,0,40,0,0,0,0,0,0,0,0,0,10
354,features.17,40,0,40,0,0,0,0,0,0,0,0,0,10
354,features.20,40,7,33,7,0,7,0,3,0,0,7,0,0
354,features.24,80,14,66,7,0,14,0,3,0,0,7,0,0
354,features.27,80,14,66,7,1,13,0,3,0,0,7,0,0
354,features.30,80,14,66,7,0,14,0,3,0,0,7,0,0
354,features.34,80,0,80,0,0,0,0,0,0,0,0,0,10
354,features.37,80,0,80,0,0,0,0,0,0,0,0,0,10
354,features.40,80,0,80,0,0,0,0,0,0,0,0,0,10
355,features.14,40,0,40,0,0,0,0,0,0,0,0,0,10
355,features.17,40,0,40,0,0,0,0,0,0,0,0,0,10
355,features.20,40,7,33,7,0,7,0,3,0,0,7,0,0
355,features.24,80,14,66,7,0,14,0,3,0,0,7,0,0
355,features.27,80,14,66,7,0,14,0,3,0,0,7,0,0
355,features.30,80,14,66,7,0,14,0,3,0,0,7,0,0
355,features.34,80,0,80,0,0,0,0,0,0,0,0,0,10
355,features.37,80,0,80,0,0,0,0,0,0,0,0,0,10
355,features.40,80,0,80,0,0,0,0,0,0,0,0,0,10
356,features.14,40,0,40,0,0,0,0,0,0,0,0,0,10
356,features.17,40,0,40,0,0,0,0,0,0,0,0,0,10
356,features.20,40,4,36,4,0,4,0,6,0,0,4,0,0
356,features.24,80,8,72,4,0,8,0,6,0,0,4,0,0
356,features.27,80,8,72,4,0,8,0,6,0,0,4,0,0
356,features.30,80,8,72,4,0,8,0,6,0,0,4,0,0
356,features.34,80,0,80,0,0,0,0,0,0,0,0,0,10
356,features.37,80,0,80,0,0,0,0,0,0,0,0,0,10
356,features.40,80,0,80,0,0,0,0,0,0,0,0,0,10
357,features.14,40,0,40,0,0,0,0,0,0,0,0,0,10
357,features.17,40,0,40,0,0,0,0,0,0,0,0,0,10
357,features.20,40,5,35,5,0,5,0,5,0,0,5,0,0
357,features.24,80,10,70,5,0,10,0,5,0,0,5,0,0
357,features.27,80,10,70,5,0,10,0,5,0,0,5,0,0
357,features.30,80,10,70,5,0,10,0,5,0,0,5,0,0
357,features.34,80,0,80,0,0,0,0,0,0,0,0,0,10
357,features.37,80,0,80,0,0,0,0,0,0,0,0,0,10
357,features.40,80,0,80,0,0,0,0,0,0,0,0,0,10
358,features.14,40,0,40,0,0,0,0,0,0,0,0,0,10
358,features.17,40,0,40,0,0,0,0,0,0,0,0,0,10
358,features.20,40,8,32,8,0,8,0,2,0,0,8,0,0
358,features.24,80,16,64,8,0,16,0,2,0,0,8,0,0
358,features.27,80,16,64,8,0,16,0,2,0,0,8,0,0
358,features.30,80,16,64,8,0,16,0,2,0,0,8,0,0
358,features.34,80,0,80,0,0,0,0,0,0,0,0,0,10
358,features.37,80,0,80,0,0,0,0,0,0,0,0,0,10
358,features.40,80,0,80,0,0,0,0,0,0,0,0,0,10
359,features.14,40,0,40,0,0,0,0,0,0,0,0,0,10
359,features.17,40,0,40,0,0,0,0,0,0,0,0,0,10
359,features.20,40,9,31,9,0,9,0,1,0,0,9,0,0
359,features.24,80,18,62,9,0,18,0,1,0,0,9,0,0
359,features.27,80,18,62,9,1,17,0,1,0,0,9,0,0
359,features.30,80,18,62,9,0,18,0,1,0,0,9,0,0
359,features.34,80,0,80,0,0,0,0,0,0,0,0,0,10
359,features.37,80,0,80,0,0,0,0,0,0,0,0,0,10
359,features.40,80,0,80,0,0,0,0,0,0,0,0,0,10
360,features.14,40,0,40,0,0,0,0,0,0,0,0,0,10
360,features.17,40,0,40,0,0,0,0,0,0,0,0,0,10
360,features.20,40,8,32,8,0,8,0,2,0,0,8,0,0
360,features.24,80,16,64,8,1,15,0,2,0,0,8,0,0
360,features.27,80,16,64,8,1,15,0,2,0,0,8,0,0
360,features.30,80,16,64,8,2,14,0,2,0,0,8,0,0
360,features.34,80,0,80,0,0,0,0,0,0,0,0,0,10
360,features.37,80,0,80,0,0,0,0,0,0,0,0,0,10
360,features.40,80,0,80,0,0,0,0,0,0,0,0,0,10
361,features.14,40,0,40,0,0,0,0,0,0,0,0,0,10
361,features.17,40,0,40,0,0,0,0,0,0,0,0,0,10
361,features.20,40,4,36,4,0,4,0,6,0,0,4,0,0
361,features.24,80,8,72,4,0,8,0,6,0,0,4,0,0
361,features.27,80,8,72,4,0,8,0,6,0,0,4,0,0
361,features.30,80,8,72,4,1,7,0,6,0,0,4,0,0
361,features.34,80,0,80,0,0,0,0,0,0,0,0,0,10
361,features.37,80,0,80,0,0,0,0,0,0,0,0,0,10
361,features.40,80,0,80,0,0,0,0,0,0,0,0,0,10
362,features.14,40,0,40,0,0,0,0,0,0,0,0,0,10
362,features.17,40,0,40,0,0,0,0,0,0,0,0,0,10
362,features.20,40,7,33,7,0,7,0,3,0,0,7,0,0
362,features.24,80,14,66,7,0,14,0,3,0,0,7,0,0
362,features.27,80,14,66,7,0,14,0,3,0,0,7,0,0
362,features.30,80,14,66,7,0,14,0,3,0,0,7,0,0
362,features.34,80,0,80,0,0,0,0,0,0,0,0,0,10
362,features.37,80,0,80,0,0,0,0,0,0,0,0,0,10
362,features.40,80,0,80,0,0,0,0,0,0,0,0,0,10
363,features.14,40,0,40,0,0,0,0,0,0,0,0,0,10
363,features.17,40,0,40,0,0,0,0,0,0,0,0,0,10
363,features.20,40,6,34,6,0,6,0,4,0,0,6,0,0
363,features.24,80,12,68,6,0,12,0,4,0,0,6,0,0
363,features.27,80,12,68,6,0,12,0,4,0,0,6,0,0
363,features.30,80,12,68,6,0,12,0,4,0,0,6,0,0
363,features.34,80,0,80,0,0,0,0,0,0,0,0,0,10
363,features.37,80,0,80,0,0,0,0,0,0,0,0,0,10
363,features.40,80,0,80,0,0,0,0,0,0,0,0,0,10
364,features.14,40,0,40,0,0,0,0,0,0,0,0,0,10
364,features.17,40,0,40,0,0,0,0,0,0,0,0,0,10
364,features.20,40,3,37,3,0,3,0,7,0,0,3,0,0
364,features.24,80,6,74,3,0,6,0,7,0,0,3,0,0
364,features.27,80,6,74,3,0,6,0,7,0,0,3,0,0
364,features.30,80,6,74,3,0,6,0,7,0,0,3,0,0
364,features.34,80,0,80,0,0,0,0,0,0,0,0,0,10
364,features.37,80,0,80,0,0,0,0,0,0,0,0,0,10
364,features.40,80,0,80,0,0,0,0,0,0,0,0,0,10
365,features.14,40,0,40,0,0,0,0,0,0,0,0,0,10
365,features.17,40,0,40,0,0,0,0,0,0,0,0,0,10
365,features.20,40,5,35,5,0,5,0,5,0,0,5,0,0
365,features.24,80,10,70,5,0,10,0,5,0,0,5,0,0
365,features.27,80,10,70,5,0,10,0,5,0,0,5,0,0
365,features.30,80,10,70,5,0,10,0,5,0,0,5,0,0
365,features.34,80,0,80,0,0,0,0,0,0,0,0,0,10
365,features.37,80,0,80,0,0,0,0,0,0,0,0,0,10
365,features.40,80,0,80,0,0,0,0,0,0,0,0,0,10
366,features.14,40,0,40,0,0,0,0,0,0,0,0,0,10
366,features.17,40,0,40,0,0,0,0,0,0,0,0,0,10
366,features.20,40,7,33,7,0,7,0,3,0,0,7,0,0
366,features.24,80,14,66,7,0,14,0,3,0,0,7,0,0
366,features.27,80,14,66,7,0,14,0,3,0,0,7,0,0
366,features.30,80,14,66,7,0,14,0,3,0,0,7,0,0
366,features.34,80,0,80,0,0,0,0,0,0,0,0,0,10
366,features.37,80,0,80,0,0,0,0,0,0,0,0,0,10
366,features.40,80,0,80,0,0,0,0,0,0,0,0,0,10
367,features.14,40,0,40,0,0,0,0,0,0,0,0,0,10
367,features.17,40,0,40,0,0,0,0,0,0,0,0,0,10
367,features.20,40,8,32,8,0,8,0,2,0,0,8,0,0
367,features.24,80,16,64,8,0,16,0,2,0,0,8,0,0
367,features.27,80,16,64,8,0,16,0,2,0,0,8,0,0
367,features.30,80,16,64,8,1,15,0,2,0,0,8,0,0
367,features.34,80,0,80,0,0,0,0,0,0,0,0,0,10
367,features.37,80,0,80,0,0,0,0,0,0,0,0,0,10
367,features.40,80,0,80,0,0,0,0,0,0,0,0,0,10
368,features.14,40,0,40,0,0,0,0,0,0,0,0,0,10
368,features.17,40,0,40,0,0,0,0,0,0,0,0,0,10
368,features.20,40,8,32,8,0,8,0,2,0,0,8,0,0
368,features.24,80,16,64,8,0,16,0,2,0,0,8,0,0
368,features.27,80,16,64,8,0,16,0,2,0,0,8,0,0
368,features.30,80,16,64,8,1,15,0,2,0,0,8,0,0
368,features.34,80,0,80,0,0,0,0,0,0,0,0,0,10
368,features.37,80,0,80,0,0,0,0,0,0,0,0,0,10
368,features.40,80,0,80,0,0,0,0,0,0,0,0,0,10
369,features.14,40,0,40,0,0,0,0,0,0,0,0,0,10
369,features.17,40,0,40,0,0,0,0,0,0,0,0,0,10
369,features.20,40,6,34,6,0,6,0,4,0,0,6,0,0
369,features.24,80,12,68,6,1,11,0,4,0,0,6,0,0
369,features.27,80,12,68,6,0,12,0,4,0,0,6,0,0
369,features.30,80,12,68,6,0,12,0,4,0,0,6,0,0
369,features.34,80,0,80,0,0,0,0,0,0,0,0,0,10
369,features.37,80,0,80,0,0,0,0,0,0,0,0,0,10
369,features.40,80,0,80,0,0,0,0,0,0,0,0,0,10
370,features.14,40,0,40,0,0,0,0,0,0,0,0,0,10
370,features.17,40,0,40,0,0,0,0,0,0,0,0,0,10
370,features.20,40,8,32,8,0,8,0,2,0,0,8,0,0
370,features.24,80,16,64,8,0,16,0,2,0,0,8,0,0
370,features.27,80,16,64,8,0,16,0,2,0,0,8,0,0
370,features.30,80,16,64,8,0,16,0,2,0,0,8,0,0
370,features.34,80,0,80,0,0,0,0,0,0,0,0,0,10
370,features.37,80,0,80,0,0,0,0,0,0,0,0,0,10
370,features.40,80,0,80,0,0,0,0,0,0,0,0,0,10
371,features.14,40,0,40,0,0,0,0,0,0,0,0,0,10
371,features.17,40,0,40,0,0,0,0,0,0,0,0,0,10
371,features.20,40,6,34,6,1,5,0,4,0,0,6,0,0
371,features.24,80,12,68,6,0,12,0,4,0,0,6,0,0
371,features.27,80,12,68,6,0,12,0,4,0,0,6,0,0
371,features.30,80,12,68,6,0,12,0,4,0,0,6,0,0
371,features.34,80,0,80,0,0,0,0,0,0,0,0,0,10
371,features.37,80,0,80,0,0,0,0,0,0,0,0,0,10
371,features.40,80,0,80,0,0,0,0,0,0,0,0,0,10
372,features.14,40,0,40,0,0,0,0,0,0,0,0,0,10
372,features.17,40,0,40,0,0,0,0,0,0,0,0,0,10
372,features.20,40,5,35,5,0,5,0,5,0,0,5,0,0
372,features.24,80,10,70,5,0,10,0,5,0,0,5,0,0
372,features.27,80,10,70,5,1,9,0,5,0,0,5,0,0
372,features.30,80,10,70,5,0,10,0,5,0,0,5,0,0
372,features.34,80,0,80,0,0,0,0,0,0,0,0,0,10
372,features.37,80,0,80,0,0,0,0,0,0,0,0,0,10
372,features.40,80,0,80,0,0,0,0,0,0,0,0,0,10
373,features.14,40,0,40,0,0,0,0,0,0,0,0,0,10
373,features.17,40,0,40,0,0,0,0,0,0,0,0,0,10
373,features.20,40,4,36,4,0,4,0,6,0,0,4,0,0
373,features.24,80,8,72,4,0,8,0,6,0,0,4,0,0
373,features.27,80,8,72,4,0,8,0,6,0,0,4,0,0
373,features.30,80,8,72,4,0,8,0,6,0,0,4,0,0
373,features.34,80,0,80,0,0,0,0,0,0,0,0,0,10
373,features.37,80,0,80,0,0,0,0,0,0,0,0,0,10
373,features.40,80,0,80,0,0,0,0,0,0,0,0,0,10
374,features.14,40,0,40,0,0,0,0,0,0,0,0,0,10
374,features.17,40,0,40,0,0,0,0,0,0,0,0,0,10
374,features.20,40,8,32,8,0,8,0,2,0,0,8,0,0
374,features.24,80,16,64,8,1,15,0,2,0,0,8,0,0
374,features.27,80,16,64,8,0,16,0,2,0,0,8,0,0
374,features.30,80,16,64,8,0,16,0,2,0,0,8,0,0
374,features.34,80,0,80,0,0,0,0,0,0,0,0,0,10
374,features.37,80,0,80,0,0,0,0,0,0,0,0,0,10
374,features.40,80,0,80,0,0,0,0,0,0,0,0,0,10
375,features.14,40,0,40,0,0,0,0,0,0,0,0,0,10
375,features.17,40,0,40,0,0,0,0,0,0,0,0,0,10
375,features.20,40,3,37,3,0,3,0,7,0,0,3,0,0
375,features.24,80,6,74,3,0,6,0,7,0,0,3,0,0
375,features.27,80,6,74,3,0,6,0,7,0,0,3,0,0
375,features.30,80,6,74,3,1,5,0,7,0,0,3,0,0
375,features.34,80,0,80,0,0,0,0,0,0,0,0,0,10
375,features.37,80,0,80,0,0,0,0,0,0,0,0,0,10
375,features.40,80,0,80,0,0,0,0,0,0,0,0,0,10
376,features.14,40,0,40,0,0,0,0,0,0,0,0,0,10
376,features.17,40,0,40,0,0,0,0,0,0,0,0,0,10
376,features.20,40,6,34,6,0,6,0,4,0,0,6,0,0
376,features.24,80,12,68,6,0,12,0,4,0,0,6,0,0
376,features.27,80,12,68,6,0,12,0,4,0,0,6,0,0
376,features.30,80,12,68,6,0,12,0,4,0,0,6,0,0
376,features.34,80,0,80,0,0,0,0,0,0,0,0,0,10
376,features.37,80,0,80,0,0,0,0,0,0,0,0,0,10
376,features.40,80,0,80,0,0,0,0,0,0,0,0,0,10
377,features.14,40,0,40,0,0,0,0,0,0,0,0,0,10
377,features.17,40,0,40,0,0,0,0,0,0,0,0,0,10
377,features.20,40,8,32,8,0,8,0,2,0,0,8,0,0
377,features.24,80,16,64,8,1,15,0,2,0,0,8,0,0
377,features.27,80,16,64,8,0,16,0,2,0,0,8,0,0
377,features.30,80,16,64,8,0,16,0,2,0,0,8,0,0
377,features.34,80,0,80,0,0,0,0,0,0,0,0,0,10
377,features.37,80,0,80,0,0,0,0,0,0,0,0,0,10
377,features.40,80,0,80,0,0,0,0,0,0,0,0,0,10
378,features.14,40,0,40,0,0,0,0,0,0,0,0,0,10
378,features.17,40,0,40,0,0,0,0,0,0,0,0,0,10
378,features.20,40,8,32,8,0,8,0,2,0,0,8,0,0
378,features.24,80,16,64,8,0,16,0,2,0,0,8,0,0
378,features.27,80,16,64,8,0,16,0,2,0,0,8,0,0
378,features.30,80,16,64,8,0,16,0,2,0,0,8,0,0
378,features.34,80,0,80,0,0,0,0,0,0,0,0,0,10
378,features.37,80,0,80,0,0,0,0,0,0,0,0,0,10
378,features.40,80,0,80,0,0,0,0,0,0,0,0,0,10
379,features.14,40,0,40,0,0,0,0,0,0,0,0,0,10
379,features.17,40,0,40,0,0,0,0,0,0,0,0,0,10
379,features.20,40,9,31,9,0,9,0,1,0,0,9,0,0
379,features.24,80,18,62,9,1,17,0,1,0,0,9,0,0
379,features.27,80,18,62,9,0,18,0,1,0,0,9,0,0
379,features.30,80,18,62,9,0,18,0,1,0,0,9,0,0
379,features.34,80,0,80,0,0,0,0,0,0,0,0,0,10
379,features.37,80,0,80,0,0,0,0,0,0,0,0,0,10
379,features.40,80,0,80,0,0,0,0,0,0,0,0,0,10
380,features.14,40,0,40,0,0,0,0,0,0,0,0,0,10
380,features.17,40,0,40,0,0,0,0,0,0,0,0,0,10
380,features.20,40,6,34,6,0,6,0,4,0,0,6,0,0
380,features.24,80,12,68,6,0,12,0,4,0,0,6,0,0
380,features.27,80,12,68,6,0,12,0,4,0,0,6,0,0
380,features.30,80,12,68,6,1,11,0,4,0,0,6,0,0
380,features.34,80,0,80,0,0,0,0,0,0,0,0,0,10
380,features.37,80,0,80,0,0,0,0,0,0,0,0,0,10
380,features.40,80,0,80,0,0,0,0,0,0,0,0,0,10
381,features.14,40,0,40,0,0,0,0,0,0,0,0,0,10
381,features.17,40,0,40,0,0,0,0,0,0,0,0,0,10
381,features.20,40,6,34,6,0,6,0,4,0,0,6,0,0
381,features.24,80,12,68,6,0,12,0,4,0,0,6,0,0
381,features.27,80,12,68,6,0,12,0,4,0,0,6,0,0
381,features.30,80,12,68,6,0,12,0,4,0,0,6,0,0
381,features.34,80,0,80,0,0,0,0,0,0,0,0,0,10
381,features.37,80,0,80,0,0,0,0,0,0,0,0,0,10
381,features.40,80,0,80,0,0,0,0,0,0,0,0,0,10
382,features.14,40,0,40,0,0,0,0,0,0,0,0,0,10
382,features.17,40,0,40,0,0,0,0,0,0,0,0,0,10
382,features.20,40,5,35,5,0,5,0,5,0,0,5,0,0
382,features.24,80,10,70,5,0,10,0,5,0,0,5,0,0
382,features.27,80,10,70,5,0,10,0,5,0,0,5,0,0
382,features.30,80,10,70,5,1,9,0,5,0,0,5,0,0
382,features.34,80,0,80,0,0,0,0,0,0,0,0,0,10
382,features.37,80,0,80,0,0,0,0,0,0,0,0,0,10
382,features.40,80,0,80,0,0,0,0,0,0,0,0,0,10
383,features.14,40,0,40,0,0,0,0,0,0,0,0,0,10
383,features.17,40,0,40,0,0,0,0,0,0,0,0,0,10
383,features.20,40,8,32,8,0,8,0,2,0,0,8,0,0
383,features.24,80,16,64,8,0,16,0,2,0,0,8,0,0
383,features.27,80,16,64,8,0,16,0,2,0,0,8,0,0
383,features.30,80,16,64,8,1,15,0,2,0,0,8,0,0
383,features.34,80,0,80,0,0,0,0,0,0,0,0,0,10
383,features.37,80,0,80,0,0,0,0,0,0,0,0,0,10
383,features.40,80,0,80,0,0,0,0,0,0,0,0,0,10
384,features.14,40,0,40,0,0,0,0,0,0,0,0,0,10
384,features.17,40,0,40,0,0,0,0,0,0,0,0,0,10
384,features.20,40,8,32,8,1,7,0,2,0,0,8,0,0
384,features.24,80,16,64,8,0,16,0,2,0,0,8,0,0
384,features.27,80,16,64,8,1,15,0,2,0,0,8,0,0
384,features.30,80,16,64,8,1,15,0,2,0,0,8,0,0
384,features.34,80,0,80,0,0,0,0,0,0,0,0,0,10
384,features.37,80,0,80,0,0,0,0,0,0,0,0,0,10
384,features.40,80,0,80,0,0,0,0,0,0,0,0,0,10
385,features.14,40,0,40,0,0,0,0,0,0,0,0,0,10
385,features.17,40,0,40,0,0,0,0,0,0,0,0,0,10
385,features.20,40,6,34,6,0,6,0,4,0,0,6,0,0
385,features.24,80,12,68,6,0,12,0,4,0,0,6,0,0
385,features.27,80,12,68,6,0,12,0,4,0,0,6,0,0
385,features.30,80,12,68,6,0,12,0,4,0,0,6,0,0
385,features.34,80,0,80,0,0,0,0,0,0,0,0,0,10
385,features.37,80,0,80,0,0,0,0,0,0,0,0,0,10
385,features.40,80,0,80,0,0,0,0,0,0,0,0,0,10
386,features.17,40,0,40,0,0,0,0,0,0,0,0,0,10
386,features.20,40,7,33,7,0,7,0,3,0,0,7,0,0
386,features.24,80,14,66,7,0,14,0,3,0,0,7,0,0
386,features.27,80,14,66,7,1,13,0,3,0,0,7,0,0
386,features.30,80,14,66,7,0,14,0,3,0,0,7,0,0
386,features.34,80,0,80,0,0,0,0,0,0,0,0,0,10
386,features.37,80,0,80,0,0,0,0,0,0,0,0,0,10
386,features.40,80,0,80,0,0,0,0,0,0,0,0,0,10
387,features.17,40,0,40,0,0,0,0,0,0,0,0,0,10
387,features.20,40,7,33,7,0,7,0,3,0,0,7,0,0
387,features.24,80,14,66,7,0,14,0,3,0,0,7,0,0
387,features.27,80,14,66,7,0,14,0,3,0,0,7,0,0
387,features.30,80,14,66,7,0,14,0,3,0,0,7,0,0
387,features.34,80,0,80,0,0,0,0,0,0,0,0,0,10
387,features.37,80,0,80,0,0,0,0,0,0,0,0,0,10
387,features.40,80,0,80,0,0,0,0,0,0,0,0,0,10
388,features.17,40,0,40,0,0,0,0,0,0,0,0,0,10
388,features.20,40,7,33,7,0,7,0,3,0,0,7,0,0
388,features.24,80,14,66,7,0,14,0,3,0,0,7,0,0
388,features.27,80,14,66,7,0,14,0,3,0,0,7,0,0
388,features.30,80,14,66,7,0,14,0,3,0,0,7,0,0
388,features.34,80,0,80,0,0,0,0,0,0,0,0,0,10
388,features.37,80,0,80,0,0,0,0,0,0,0,0,0,10
388,features.40,80,0,80,0,0,0,0,0,0,0,0,0,10
389,features.17,40,0,40,0,0,0,0,0,0,0,0,0,10
389,features.20,40,5,35,5,0,5,0,5,0,0,5,0,0
389,features.24,80,10,70,5,0,10,0,5,0,0,5,0,0
389,features.27,80,10,70,5,0,10,0,5,0,0,5,0,0
389,features.30,80,10,70,5,1,9,0,5,0,0,5,0,0
389,features.34,80,0,80,0,0,0,0,0,0,0,0,0,10
389,features.37,80,0,80,0,0,0,0,0,0,0,0,0,10
389,features.40,80,0,80,0,0,0,0,0,0,0,0,0,10
390,features.17,40,0,40,0,0,0,0,0,0,0,0,0,10
390,features.20,40,7,33,7,0,7,0,3,0,0,7,0,0
390,features.24,80,14,66,7,0,14,0,3,0,0,7,0,0
390,features.27,80,14,66,7,0,14,0,3,0,0,7,0,0
390,features.30,80,14,66,7,0,14,0,3,0,0,7,0,0
390,features.34,80,0,80,0,0,0,0,0,0,0,0,0,10
390,features.37,80,0,80,0,0,0,0,0,0,0,0,0,10
390,features.40,80,0,80,0,0,0,0,0,0,0,0,0,10
391,features.17,40,0,40,0,0,0,0,0,0,0,0,0,10
391,features.20,40,6,34,6,0,6,0,4,0,0,6,0,0
391,features.24,80,12,68,6,0,12,0,4,0,0,6,0,0
391,features.27,80,12,68,6,0,12,0,4,0,0,6,0,0
391,features.30,80,12,68,6,0,12,0,4,0,0,6,0,0
391,features.34,80,0,80,0,0,0,0,0,0,0,0,0,10
391,features.37,80,0,80,0,0,0,0,0,0,0,0,0,10
391,features.40,80,0,80,0,0,0,0,0,0,0,0,0,10
392,features.17,40,0,40,0,0,0,0,0,0,0,0,0,10
392,features.20,40,4,36,4,0,4,0,6,0,0,4,0,0
392,features.24,80,8,72,4,0,8,0,6,0,0,4,0,0
392,features.27,80,8,72,4,0,8,0,6,0,0,4,0,0
392,features.30,80,8,72,4,1,7,0,6,0,0,4,0,0
392,features.34,80,0,80,0,0,0,0,0,0,0,0,0,10
392,features.37,80,0,80,0,0,0,0,0,0,0,0,0,10
392,features.40,80,0,80,0,0,0,0,0,0,0,0,0,10
393,features.17,40,0,40,0,0,0,0,0,0,0,0,0,10
393,features.20,40,6,34,6,0,6,0,4,0,0,6,0,0
393,features.24,80,12,68,6,0,12,0,4,0,0,6,0,0
393,features.27,80,12,68,6,0,12,0,4,0,0,6,0,0
393,features.30,80,12,68,6,0,12,0,4,0,0,6,0,0
393,features.34,80,0,80,0,0,0,0,0,0,0,0,0,10
393,features.37,80,0,80,0,0,0,0,0,0,0,0,0,10
393,features.40,80,0,80,0,0,0,0,0,0,0,0,0,10
394,features.17,40,0,40,0,0,0,0,0,0,0,0,0,10
394,features.20,40,8,32,8,0,8,0,2,0,0,8,0,0
394,features.24,80,16,64,8,0,16,0,2,0,0,8,0,0
394,features.27,80,16,64,8,1,15,0,2,0,0,8,0,0
394,features.30,80,16,64,8,0,16,0,2,0,0,8,0,0
394,features.34,80,0,80,0,0,0,0,0,0,0,0,0,10
394,features.37,80,0,80,0,0,0,0,0,0,0,0,0,10
394,features.40,80,0,80,0,0,0,0,0,0,0,0,0,10
395,features.17,40,0,40,0,0,0,0,0,0,0,0,0,10
395,features.20,40,5,35,5,0,5,0,5,0,0,5,0,0
395,features.24,80,10,70,5,0,10,0,5,0,0,5,0,0
395,features.27,80,10,70,5,0,10,0,5,0,0,5,0,0
395,features.30,80,10,70,5,0,10,0,5,0,0,5,0,0
395,features.34,80,0,80,0,0,0,0,0,0,0,0,0,10
395,features.37,80,0,80,0,0,0,0,0,0,0,0,0,10
395,features.40,80,0,80,0,0,0,0,0,0,0,0,0,10
396,features.17,40,0,40,0,0,0,0,0,0,0,0,0,10
396,features.20,40,9,31,9,0,9,0,1,0,0,9,0,0
396,features.24,80,18,62,9,0,18,0,1,0,0,9,0,0
396,features.27,80,18,62,9,0,18,0,1,0,0,9,0,0
396,features.30,80,18,62,9,0,18,0,1,0,0,9,0,0
396,features.34,80,0,80,0,0,0,0,0,0,0,0,0,10
396,features.37,80,0,80,0,0,0,0,0,0,0,0,0,10
396,features.40,80,0,80,0,0,0,0,0,0,0,0,0,10
397,features.17,40,0,40,0,0,0,0,0,0,0,0,0,10
397,features.20,40,8,32,8,0,8,0,2,0,0,8,0,0
397,features.24,80,16,64,8,0,16,0,2,0,0,8,0,0
397,features.27,80,16,64,8,1,15,0,2,0,0,8,0,0
397,features.30,80,16,64,8,0,16,0,2,0,0,8,0,0
397,features.34,80,0,80,0,0,0,0,0,0,0,0,0,10
397,features.37,80,0,80,0,0,0,0,0,0,0,0,0,10
397,features.40,80,0,80,0,0,0,0,0,0,0,0,0,10
398,features.17,40,0,40,0,0,0,0,0,0,0,0,0,10
398,features.20,40,5,35,5,0,5,0,5,0,0,5,0,0
398,features.24,80,10,70,5,0,10,0,5,0,0,5,0,0
398,features.27,80,10,70,5,0,10,0,5,0,0,5,0,0
398,features.30,80,10,70,5,0,10,0,5,0,0,5,0,0
398,features.34,80,0,80,0,0,0,0,0,0,0,0,0,10
398,features.37,80,0,80,0,0,0,0,0,0,0,0,0,10
398,features.40,80,0,80,0,0,0,0,0,0,0,0,0,10
399,features.17,40,0,40,0,0,0,0,0,0,0,0,0,10
399,features.20,40,8,32,8,0,8,0,2,0,0,8,0,0
399,features.24,80,16,64,8,0,16,0,2,0,0,8,0,0
399,features.27,80,16,64,8,0,16,0,2,0,0,8,0,0
399,features.30,80,16,64,8,0,16,0,2,0,0,8,0,0
399,features.34,80,0,80,0,0,0,0,0,0,0,0,0,10
399,features.37,80,0,80,0,0,0,0,0,0,0,0,0,10
399,features.40,80,0,80,0,0,0,0,0,0,0,0,0,10
400,features.17,40,0,40,0,0,0,0,0,0,0,0,0,10
400,features.20,40,5,35,5,0,5,0,5,0,0,5,0,0
400,features.24,80,10,70,5,0,10,0,5,0,0,5,0,0
400,features.27,80,10,70,5,0,10,0,5,0,0,5,0,0
400,features.30,80,10,70,5,1,9,0,5,0,0,5,0,0
400,features.34,80,0,80,0,0,0,0,0,0,0,0,0,10
400,features.37,80,0,80,0,0,0,0,0,0,0,0,0,10
400,features.40,80,0,80,0,0,0,0,0,0,0,0,0,10
401,features.17,40,0,40,0,0,0,0,0,0,0,0,0,10
401,features.20,40,8,32,8,0,8,0,2,0,0,8,0,0
401,features.24,80,16,64,8,1,15,0,2,0,0,8,0,0
401,features.27,80,16,64,8,0,16,0,2,0,0,8,0,0
401,features.30,80,16,64,8,0,16,0,2,0,0,8,0,0
401,features.34,80,0,80,0,0,0,0,0,0,0,0,0,10
401,features.37,80,0,80,0,0,0,0,0,0,0,0,0,10
401,features.40,80,0,80,0,0,0,0,0,0,0,0,0,10
402,features.17,40,0,40,0,0,0,0,0,0,0,0,0,10
402,features.20,40,3,37,3,0,3,0,7,0,0,3,0,0
402,features.24,80,6,74,3,1,5,0,7,0,0,3,0,0
402,features.27,80,6,74,3,0,6,0,7,0,0,3,0,0
402,features.30,80,6,74,3,0,6,0,7,0,0,3,0,0
402,features.34,80,0,80,0,0,0,0,0,0,0,0,0,10
402,features.37,80,0,80,0,0,0,0,0,0,0,0,0,10
402,features.40,80,0,80,0,0,0,0,0,0,0,0,0,10
403,features.17,40,0,40,0,0,0,0,0,0,0,0,0,10
403,features.20,40,8,32,8,0,8,0,2,0,0,8,0,0
403,features.24,80,16,64,8,0,16,0,2,0,0,8,0,0
403,features.27,80,16,64,8,0,16,0,2,0,0,8,0,0
403,features.30,80,16,64,8,0,16,0,2,0,0,8,0,0
403,features.34,80,0,80,0,0,0,0,0,0,0,0,0,10
403,features.37,80,0,80,0,0,0,0,0,0,0,0,0,10
403,features.40,80,0,80,0,0,0,0,0,0,0,0,0,10
404,features.17,40,0,40,0,0,0,0,0,0,0,0,0,10
404,features.20,40,7,33,7,0,7,0,3,0,0,7,0,0
404,features.24,80,14,66,7,0,14,0,3,0,0,7,0,0
404,features.27,80,14,66,7,0,14,0,3,0,0,7,0,0
404,features.30,80,14,66,7,0,14,0,3,0,0,7,0,0
404,features.34,80,0,80,0,0,0,0,0,0,0,0,0,10
404,features.37,80,0,80,0,0,0,0,0,0,0,0,0,10
404,features.40,80,0,80,0,0,0,0,0,0,0,0,0,10
405,features.17,40,0,40,0,0,0,0,0,0,0,0,0,10
405,features.20,40,6,34,6,0,6,0,4,0,0,6,0,0
405,features.24,80,12,68,6,1,11,0,4,0,0,6,0,0
405,features.27,80,12,68,6,0,12,0,4,0,0,6,0,0
405,features.30,80,12,68,6,0,12,0,4,0,0,6,0,0
405,features.34,80,0,80,0,0,0,0,0,0,0,0,0,10
405,features.37,80,0,80,0,0,0,0,0,0,0,0,0,10
405,features.40,80,0,80,0,0,0,0,0,0,0,0,0,10
406,features.17,40,0,40,0,0,0,0,0,0,0,0,0,10
406,features.20,40,8,32,8,0,8,0,2,0,0,8,0,0
406,features.24,80,16,64,8,0,16,0,2,0,0,8,0,0
406,features.27,80,16,64,8,0,16,0,2,0,0,8,0,0
406,features.30,80,16,64,8,0,16,0,2,0,0,8,0,0
406,features.34,80,0,80,0,0,0,0,0,0,0,0,0,10
406,features.37,80,0,80,0,0,0,0,0,0,0,0,0,10
406,features.40,80,0,80,0,0,0,0,0,0,0,0,0,10
407,features.17,40,0,40,0,0,0,0,0,0,0,0,0,10
407,features.20,40,9,31,9,0,9,0,1,0,0,9,0,0
407,features.24,80,18,62,9,2,16,0,1,0,0,9,0,0
407,features.27,80,18,62,9,0,18,0,1,0,0,9,0,0
407,features.30,80,18,62,9,0,18,0,1,0,0,9,0,0
407,features.34,80,0,80,0,0,0,0,0,0,0,0,0,10
407,features.37,80,0,80,0,0,0,0,0,0,0,0,0,10
407,features.40,80,0,80,0,0,0,0,0,0,0,0,0,10
408,features.17,40,0,40,0,0,0,0,0,0,0,0,0,10
408,features.20,40,8,32,8,0,8,0,2,0,0,8,0,0
408,features.24,80,16,64,8,1,15,0,2,0,0,8,0,0
408,features.27,80,16,64,8,1,15,0,2,0,0,8,0,0
408,features.30,80,16,64,8,0,16,0,2,0,0,8,0,0
408,features.34,80,0,80,0,0,0,0,0,0,0,0,0,10
408,features.37,80,0,80,0,0,0,0,0,0,0,0,0,10
408,features.40,80,0,80,0,0,0,0,0,0,0,0,0,10
409,features.17,40,0,40,0,0,0,0,0,0,0,0,0,10
409,features.20,40,7,33,7,0,7,0,3,0,0,7,0,0
409,features.24,80,14,66,7,0,14,0,3,0,0,7,0,0
409,features.27,80,14,66,7,0,14,0,3,0,0,7,0,0
409,features.30,80,14,66,7,1,13,0,3,0,0,7,0,0
409,features.34,80,0,80,0,0,0,0,0,0,0,0,0,10
409,features.37,80,0,80,0,0,0,0,0,0,0,0,0,10
409,features.40,80,0,80,0,0,0,0,0,0,0,0,0,10
410,features.17,40,0,40,0,0,0,0,0,0,0,0,0,10
410,features.20,40,9,31,9,0,9,0,1,0,0,9,0,0
410,features.24,80,18,62,9,0,18,0,1,0,0,9,0,0
410,features.27,80,18,62,9,0,18,0,1,0,0,9,0,0
410,features.30,80,18,62,9,0,18,0,1,0,0,9,0,0
410,features.34,80,0,80,0,0,0,0,0,0,0,0,0,10
410,features.37,80,0,80,0,0,0,0,0,0,0,0,0,10
410,features.40,80,0,80,0,0,0,0,0,0,0,0,0,10
411,features.17,40,0,40,0,0,0,0,0,0,0,0,0,10
411,features.20,40,6,34,6,0,6,0,4,0,0,6,0,0
411,features.24,80,12,68,6,0,12,0,4,0,0,6,0,0
411,features.27,80,12,68,6,1,11,0,4,0,0,6,0,0
411,features.30,80,12,68,6,1,11,0,4,0,0,6,0,0
411,features.34,80,0,80,0,0,0,0,0,0,0,0,0,10
411,features.37,80,0,80,0,0,0,0,0,0,0,0,0,10
411,features.40,80,0,80,0,0,0,0,0,0,0,0,0,10
412,features.17,40,0,40,0,0,0,0,0,0,0,0,0,10
412,features.20,40,5,35,5,0,5,0,5,0,0,5,0,0
412,features.24,80,10,70,5,0,10,0,5,0,0,5,0,0
412,features.27,80,10,70,5,0,10,0,5,0,0,5,0,0
412,features.30,80,10,70,5,0,10,0,5,0,0,5,0,0
412,features.34,80,0,80,0,0,0,0,0,0,0,0,0,10
412,features.37,80,0,80,0,0,0,0,0,0,0,0,0,10
412,features.40,80,0,80,0,0,0,0,0,0,0,0,0,10
413,features.17,40,0,40,0,0,0,0,0,0,0,0,0,10
413,features.20,40,6,34,6,0,6,0,4,0,0,6,0,0
413,features.24,80,12,68,6,1,11,0,4,0,0,6,0,0
413,features.27,80,12,68,6,0,12,0,4,0,0,6,0,0
413,features.30,80,12,68,6,0,12,0,4,0,0,6,0,0
413,features.34,80,0,80,0,0,0,0,0,0,0,0,0,10
413,features.37,80,0,80,0,0,0,0,0,0,0,0,0,10
413,features.40,80,0,80,0,0,0,0,0,0,0,0,0,10
414,features.17,40,0,40,0,0,0,0,0,0,0,0,0,10
414,features.20,40,8,32,8,1,7,0,2,0,0,8,0,0
414,features.24,80,16,64,8,0,16,0,2,0,0,8,0,0
414,features.27,80,16,64,8,0,16,0,2,0,0,8,0,0
414,features.30,80,16,64,8,0,16,0,2,0,0,8,0,0
414,features.34,80,0,80,0,0,0,0,0,0,0,0,0,10
414,features.37,80,0,80,0,0,0,0,0,0,0,0,0,10
414,features.40,80,0,80,0,0,0,0,0,0,0,0,0,10
415,features.17,40,0,40,0,0,0,0,0,0,0,0,0,10
415,features.20,40,7,33,7,1,6,0,3,0,0,7,0,0
415,features.24,80,14,66,7,1,13,0,3,0,0,7,0,0
415,features.27,80,14,66,7,0,14,0,3,0,0,7,0,0
415,features.30,80,14,66,7,0,14,0,3,0,0,7,0,0
415,features.34,80,0,80,0,0,0,0,0,0,0,0,0,10
415,features.37,80,0,80,0,0,0,0,0,0,0,0,0,10
415,features.40,80,0,80,0,0,0,0,0,0,0,0,0,10
416,features.17,40,0,40,0,0,0,0,0,0,0,0,0,10
416,features.20,40,4,36,4,0,4,0,6,0,0,4,0,0
416,features.24,80,8,72,4,0,8,0,6,0,0,4,0,0
416,features.27,80,8,72,4,0,8,0,6,0,0,4,0,0
416,features.30,80,8,72,4,1,7,0,6,0,0,4,0,0
416,features.34,80,0,80,0,0,0,0,0,0,0,0,0,10
416,features.37,80,0,80,0,0,0,0,0,0,0,0,0,10
416,features.40,80,0,80,0,0,0,0,0,0,0,0,0,10
417,features.17,40,0,40,0,0,0,0,0,0,0,0,0,10
417,features.20,40,9,31,9,0,9,0,1,0,0,9,0,0
417,features.24,80,18,62,9,0,18,0,1,0,0,9,0,0
417,features.27,80,18,62,9,0,18,0,1,0,0,9,0,0
417,features.30,80,18,62,9,2,16,0,1,0,0,9,0,0
417,features.34,80,0,80,0,0,0,0,0,0,0,0,0,10
417,features.37,80,0,80,0,0,0,0,0,0,0,0,0,10
417,features.40,80,0,80,0,0,0,0,0,0,0,0,0,10
418,features.17,40,0,40,0,0,0,0,0,0,0,0,0,10
418,features.20,40,6,34,6,0,6,0,4,0,0,6,0,0
418,features.24,80,12,68,6,1,11,0,4,0,0,6,0,0
418,features.27,80,12,68,6,0,12,0,4,0,0,6,0,0
418,features.30,80,12,68,6,0,12,0,4,0,0,6,0,0
418,features.34,80,0,80,0,0,0,0,0,0,0,0,0,10
418,features.37,80,0,80,0,0,0,0,0,0,0,0,0,10
418,features.40,80,0,80,0,0,0,0,0,0,0,0,0,10
419,features.17,40,0,40,0,0,0,0,0,0,0,0,0,10
419,features.20,40,5,35,5,0,5,0,5,0,0,5,0,0
419,features.24,80,10,70,5,0,10,0,5,0,0,5,0,0
419,features.27,80,10,70,5,0,10,0,5,0,0,5,0,0
419,features.30,80,10,70,5,0,10,0,5,0,0,5,0,0
419,features.34,80,0,80,0,0,0,0,0,0,0,0,0,10
419,features.37,80,0,80,0,0,0,0,0,0,0,0,0,10
419,features.40,80,0,80,0,0,0,0,0,0,0,0,0,10
420,features.17,40,0,40,0,0,0,0,0,0,0,0,0,10
420,features.20,40,6,34,6,0,6,0,4,0,0,6,0,0
420,features.24,80,12,68,6,0,12,0,4,0,0,6,0,0
420,features.27,80,12,68,6,0,12,0,4,0,0,6,0,0
420,features.30,80,12,68,6,1,11,0,4,0,0,6,0,0
420,features.34,80,0,80,0,0,0,0,0,0,0,0,0,10
420,features.37,80,0,80,0,0,0,0,0,0,0,0,0,10
420,features.40,80,0,80,0,0,0,0,0,0,0,0,0,10
421,features.17,40,0,40,0,0,0,0,0,0,0,0,0,10
421,features.20,40,6,34,6,0,6,0,4,0,0,6,0,0
421,features.24,80,12,68,6,0,12,0,4,0,0,6,0,0
421,features.27,80,12,68,6,0,12,0,4,0,0,6,0,0
421,features.30,80,12,68,6,0,12,0,4,0,0,6,0,0
421,features.34,80,0,80,0,0,0,0,0,0,0,0,0,10
421,features.37,80,0,80,0,0,0,0,0,0,0,0,0,10
421,features.40,80,0,80,0,0,0,0,0,0,0,0,0,10
422,features.17,40,0,40,0,0,0,0,0,0,0,0,0,10
422,features.20,40,8,32,8,0,8,0,2,0,0,8,0,0
422,features.24,80,16,64,8,1,15,0,2,0,0,8,0,0
422,features.27,80,16,64,8,0,16,0,2,0,0,8,0,0
422,features.30,80,16,64,8,0,16,0,2,0,0,8,0,0
422,features.34,80,0,80,0,0,0,0,0,0,0,0,0,10
422,features.37,80,0,80,0,0,0,0,0,0,0,0,0,10
422,features.40,80,0,80,0,0,0,0,0,0,0,0,0,10
423,features.17,40,0,40,0,0,0,0,0,0,0,0,0,10
423,features.20,40,10,30,10,0,10,0,0,0,0,10,0,0
423,features.24,80,20,60,10,1,19,0,0,0,0,10,0,0
423,features.27,80,20,60,10,0,20,0,0,0,0,10,0,0
423,features.30,80,20,60,10,1,19,0,0,0,0,10,0,0
423,features.34,80,0,80,0,0,0,0,0,0,0,0,0,10
423,features.37,80,0,80,0,0,0,0,0,0,0,0,0,10
423,features.40,80,0,80,0,0,0,0,0,0,0,0,0,10
424,features.17,40,0,40,0,0,0,0,0,0,0,0,0,10
424,features.20,40,7,33,7,0,7,0,3,0,0,7,0,0
424,features.24,80,14,66,7,0,14,0,3,0,0,7,0,0
424,features.27,80,14,66,7,0,14,0,3,0,0,7,0,0
424,features.30,80,14,66,7,0,14,0,3,0,0,7,0,0
424,features.34,80,0,80,0,0,0,0,0,0,0,0,0,10
424,features.37,80,0,80,0,0,0,0,0,0,0,0,0,10
424,features.40,80,0,80,0,0,0,0,0,0,0,0,0,10
425,features.17,40,0,40,0,0,0,0,0,0,0,0,0,10
425,features.20,40,8,32,8,0,8,0,2,0,0,8,0,0
425,features.24,80,16,64,8,0,16,0,2,0,0,8,0,0
425,features.27,80,16,64,8,0,16,0,2,0,0,8,0,0
425,features.30,80,16,64,8,0,16,0,2,0,0,8,0,0
425,features.34,80,0,80,0,0,0,0,0,0,0,0,0,10
425,features.37,80,0,80,0,0,0,0,0,0,0,0,0,10
425,features.40,80,0,80,0,0,0,0,0,0,0,0,0,10
426,features.17,40,0,40,0,0,0,0,0,0,0,0,0,10
426,features.20,40,4,36,4,0,4,0,6,0,0,4,0,0
426,features.24,80,8,72,4,0,8,0,6,0,0,4,0,0
426,features.27,80,8,72,4,1,7,0,6,0,0,4,0,0
426,features.30,80,8,72,4,0,8,0,6,0,0,4,0,0
426,features.34,80,0,80,0,0,0,0,0,0,0,0,0,10
426,features.37,80,0,80,0,0,0,0,0,0,0,0,0,10
426,features.40,80,0,80,0,0,0,0,0,0,0,0,0,10
427,features.17,40,0,40,0,0,0,0,0,0,0,0,0,10
427,features.20,40,6,34,6,0,6,0,4,0,0,6,0,0
427,features.24,80,12,68,6,0,12,0,4,0,0,6,0,0
427,features.27,80,12,68,6,1,11,0,4,0,0,6,0,0
427,features.30,80,12,68,6,0,12,0,4,0,0,6,0,0
427,features.34,80,0,80,0,0,0,0,0,0,0,0,0,10
427,features.37,80,0,80,0,0,0,0,0,0,0,0,0,10
427,features.40,80,0,80,0,0,0,0,0,0,0,0,0,10
428,features.17,40,0,40,0,0,0,0,0,0,0,0,0,10
428,features.20,40,5,35,5,0,5,0,5,0,0,5,0,0
428,features.24,80,10,70,5,1,9,0,5,0,0,5,0,0
428,features.27,80,10,70,5,0,10,0,5,0,0,5,0,0
428,features.30,80,10,70,5,0,10,0,5,0,0,5,0,0
428,features.34,80,0,80,0,0,0,0,0,0,0,0,0,10
428,features.37,80,0,80,0,0,0,0,0,0,0,0,0,10
428,features.40,80,0,80,0,0,0,0,0,0,0,0,0,10
429,features.17,40,0,40,0,0,0,0,0,0,0,0,0,10
429,features.20,40,6,34,6,0,6,0,4,0,0,6,0,0
429,features.24,80,12,68,6,0,12,0,4,0,0,6,0,0
429,features.27,80,12,68,6,0,12,0,4,0,0,6,0,0
429,features.30,80,12,68,6,2,10,0,4,0,0,6,0,0
429,features.34,80,0,80,0,0,0,0,0,0,0,0,0,10
429,features.37,80,0,80,0,0,0,0,0,0,0,0,0,10
429,features.40,80,0,80,0,0,0,0,0,0,0,0,0,10
430,features.17,40,0,40,0,0,0,0,0,0,0,0,0,10
430,features.20,40,5,35,5,0,5,0,5,0,0,5,0,0
430,features.24,80,10,70,5,0,10,0,5,0,0,5,0,0
430,features.27,80,10,70,5,1,9,0,5,0,0,5,0,0
430,features.30,80,10,70,5,0,10,0,5,0,0,5,0,0
430,features.34,80,0,80,0,0,0,0,0,0,0,0,0,10
430,features.37,80,0,80,0,0,0,0,0,0,0,0,0,10
430,features.40,80,0,80,0,0,0,0,0,0,0,0,0,10
431,features.17,40,0,40,0,0,0,0,0,0,0,0,0,10
431,features.20,40,5,35,5,0,5,0,5,0,0,5,0,0
431,features.24,80,10,70,5,0,10,0,5,0,0,5,0,0
431,features.27,80,10,70,5,0,10,0,5,0,0,5,0,0
431,features.30,80,10,70,5,0,10,0,5,0,0,5,0,0
431,features.34,80,0,80,0,0,0,0,0,0,0,0,0,10
431,features.37,80,0,80,0,0,0,0,0,0,0,0,0,10
431,features.40,80,0,80,0,0,0,0,0,0,0,0,0,10
432,features.17,40,0,40,0,0,0,0,0,0,0,0,0,10
432,features.20,40,7,33,7,0,7,0,3,0,0,7,0,0
432,features.24,80,14,66,7,0,14,0,3,0,0,7,0,0
432,features.27,80,14,66,7,1,13,0,3,0,0,7,0,0
432,features.30,80,14,66,7,0,14,0,3,0,0,7,0,0
432,features.34,80,0,80,0,0,0,0,0,0,0,0,0,10
432,features.37,80,0,80,0,0,0,0,0,0,0,0,0,10
432,features.40,80,0,80,0,0,0,0,0,0,0,0,0,10
433,features.17,40,0,40,0,0,0,0,0,0,0,0,0,10
433,features.20,40,6,34,6,0,6,0,4,0,0,6,0,0
433,features.24,80,12,68,6,0,12,0,4,0,0,6,0,0
433,features.27,80,12,68,6,0,12,0,4,0,0,6,0,0
433,features.30,80,12,68,6,0,12,0,4,0,0,6,0,0
433,features.34,80,0,80,0,0,0,0,0,0,0,0,0,10
433,features.37,80,0,80,0,0,0,0,0,0,0,0,0,10
433,features.40,80,0,80,0,0,0,0,0,0,0,0,0,10
434,features.17,40,0,40,0,0,0,0,0,0,0,0,0,10
434,features.20,40,8,32,8,0,8,0,2,0,0,8,0,0
434,features.24,80,16,64,8,1,15,0,2,0,0,8,0,0
434,features.27,80,16,64,8,0,16,0,2,0,0,8,0,0
434,features.30,80,16,64,8,0,16,0,2,0,0,8,0,0
434,features.34,80,0,80,0,0,0,0,0,0,0,0,0,10
434,features.37,80,0,80,0,0,0,0,0,0,0,0,0,10
434,features.40,80,0,80,0,0,0,0,0,0,0,0,0,10
435,features.17,40,0,40,0,0,0,0,0,0,0,0,0,10
435,features.20,40,5,35,5,0,5,0,5,0,0,5,0,0
435,features.24,80,10,70,5,0,10,0,5,0,0,5,0,0
435,features.27,80,10,70,5,0,10,0,5,0,0,5,0,0
435,features.30,80,10,70,5,1,9,0,5,0,0,5,0,0
435,features.34,80,0,80,0,0,0,0,0,0,0,0,0,10
435,features.37,80,0,80,0,0,0,0,0,0,0,0,0,10
435,features.40,80,0,80,0,0,0,0,0,0,0,0,0,10
436,features.17,40,0,40,0,0,0,0,0,0,0,0,0,10
436,features.20,40,6,34,6,0,6,0,4,0,0,6,0,0
436,features.24,80,12,68,6,0,12,0,4,0,0,6,0,0
436,features.27,80,12,68,6,1,11,0,4,0,0,6,0,0
436,features.30,80,12,68,6,0,12,0,4,0,0,6,0,0
436,features.34,80,0,80,0,0,0,0,0,0,0,0,0,10
436,features.37,80,0,80,0,0,0,0,0,0,0,0,0,10
436,features.40,80,0,80,0,0,0,0,0,0,0,0,0,10
437,features.17,40,0,40,0,0,0,0,0,0,0,0,0,10
437,features.20,40,8,32,8,0,8,0,2,0,0,8,0,0
437,features.24,80,16,64,8,0,16,0,2,0,0,8,0,0
437,features.27,80,16,64,8,0,16,0,2,0,0,8,0,0
437,features.30,80,16,64,8,0,16,0,2,0,0,8,0,0
437,features.34,80,0,80,0,0,0,0,0,0,0,0,0,10
437,features.37,80,0,80,0,0,0,0,0,0,0,0,0,10
437,features.40,80,0,80,0,0,0,0,0,0,0,0,0,10
438,features.17,40,0,40,0,0,0,0,0,0,0,0,0,10
438,features.20,40,5,35,5,0,5,0,5,0,0,5,0,0
438,features.24,80,10,70,5,0,10,0,5,0,0,5,0,0
438,features.27,80,10,70,5,0,10,0,5,0,0,5,0,0
438,features.30,80,10,70,5,0,10,0,5,0,0,5,0,0
438,features.34,80,0,80,0,0,0,0,0,0,0,0,0,10
438,features.37,80,0,80,0,0,0,0,0,0,0,0,0,10
438,features.40,80,0,80,0,0,0,0,0,0,0,0,0,10
439,features.17,40,0,40,0,0,0,0,0,0,0,0,0,10
439,features.20,40,7,33,7,0,7,0,3,0,0,7,0,0
439,features.24,80,14,66,7,0,14,0,3,0,0,7,0,0
439,features.27,80,14,66,7,0,14,0,3,0,0,7,0,0
439,features.30,80,14,66,7,0,14,0,3,0,0,7,0,0
439,features.34,80,0,80,0,0,0,0,0,0,0,0,0,10
439,features.37,80,0,80,0,0,0,0,0,0,0,0,0,10
439,features.40,80,0,80,0,0,0,0,0,0,0,0,0,10
440,features.17,40,0,40,0,0,0,0,0,0,0,0,0,10
440,features.20,40,5,35,5,0,5,0,5,0,0,5,0,0
440,features.24,80,10,70,5,0,10,0,5,0,0,5,0,0
440,features.27,80,10,70,5,1,9,0,5,0,0,5,0,0
440,features.30,80,10,70,5,0,10,0,5,0,0,5,0,0
440,features.34,80,0,80,0,0,0,0,0,0,0,0,0,10
440,features.37,80,0,80,0,0,0,0,0,0,0,0,0,10
440,features.40,80,0,80,0,0,0,0,0,0,0,0,0,10
441,features.17,40,0,40,0,0,0,0,0,0,0,0,0,10
441,features.20,40,6,34,6,0,6,0,4,0,0,6,0,0
441,features.24,80,12,68,6,0,12,0,4,0,0,6,0,0
441,features.27,80,12,68,6,1,11,0,4,0,0,6,0,0
441,features.30,80,12,68,6,0,12,0,4,0,0,6,0,0
441,features.34,80,0,80,0,0,0,0,0,0,0,0,0,10
441,features.37,80,0,80,0,0,0,0,0,0,0,0,0,10
441,features.40,80,0,80,0,0,0,0,0,0,0,0,0,10
442,features.17,40,0,40,0,0,0,0,0,0,0,0,0,10
442,features.20,40,8,32,8,0,8,0,2,0,0,8,0,0
442,features.24,80,16,64,8,0,16,0,2,0,0,8,0,0
442,features.27,80,16,64,8,0,16,0,2,0,0,8,0,0
442,features.30,80,16,64,8,0,16,0,2,0,0,8,0,0
442,features.34,80,0,80,0,0,0,0,0,0,0,0,0,10
442,features.37,80,0,80,0,0,0,0,0,0,0,0,0,10
442,features.40,80,0,80,0,0,0,0,0,0,0,0,0,10
443,features.17,40,0,40,0,0,0,0,0,0,0,0,0,10
443,features.20,40,5,35,5,0,5,0,5,0,0,5,0,0
443,features.24,80,10,70,5,0,10,0,5,0,0,5,0,0
443,features.27,80,10,70,5,0,10,0,5,0,0,5,0,0
443,features.30,80,10,70,5,0,10,0,5,0,0,5,0,0
443,features.34,80,0,80,0,0,0,0,0,0,0,0,0,10
443,features.37,80,0,80,0,0,0,0,0,0,0,0,0,10
443,features.40,80,0,80,0,0,0,0,0,0,0,0,0,10
444,features.17,40,0,40,0,0,0,0,0,0,0,0,0,10
444,features.20,40,5,35,5,0,5,0,5,0,0,5,0,0
444,features.24,80,10,70,5,0,10,0,5,0,0,5,0,0
444,features.27,80,10,70,5,0,10,0,5,0,0,5,0,0
444,features.30,80,10,70,5,0,10,0,5,0,0,5,0,0
444,features.34,80,0,80,0,0,0,0,0,0,0,0,0,10
444,features.37,80,0,80,0,0,0,0,0,0,0,0,0,10
444,features.40,80,0,80,0,0,0,0,0,0,0,0,0,10
445,features.17,40,0,40,0,0,0,0,0,0,0,0,0,10
445,features.20,40,5,35,5,0,5,0,5,0,0,5,0,0
445,features.24,80,10,70,5,0,10,0,5,0,0,5,0,0
445,features.27,80,10,70,5,0,10,0,5,0,0,5,0,0
445,features.30,80,10,70,5,1,9,0,5,0,0,5,0,0
445,features.34,80,0,80,0,0,0,0,0,0,0,0,0,10
445,features.37,80,0,80,0,0,0,0,0,0,0,0,0,10
445,features.40,80,0,80,0,0,0,0,0,0,0,0,0,10
446,features.17,40,0,40,0,0,0,0,0,0,0,0,0,10
446,features.20,40,8,32,8,0,8,0,2,0,0,8,0,0
446,features.24,80,16,64,8,1,15,0,2,0,0,8,0,0
446,features.27,80,16,64,8,1,15,0,2,0,0,8,0,0
446,features.30,80,16,64,8,0,16,0,2,0,0,8,0,0
446,features.34,80,0,80,0,0,0,0,0,0,0,0,0,10
446,features.37,80,0,80,0,0,0,0,0,0,0,0,0,10
446,features.40,80,0,80,0,0,0,0,0,0,0,0,0,10
447,features.17,40,0,40,0,0,0,0,0,0,0,0,0,10
447,features.20,40,6,34,6,0,6,0,4,0,0,6,0,0
447,features.24,80,12,68,6,0,12,0,4,0,0,6,0,0
447,features.27,80,12,68,6,0,12,0,4,0,0,6,0,0
447,features.30,80,12,68,6,0,12,0,4,0,0,6,0,0
447,features.34,80,0,80,0,0,0,0,0,0,0,0,0,10
447,features.37,80,0,80,0,0,0,0,0,0,0,0,0,10
447,features.40,80,0,80,0,0,0,0,0,0,0,0,0,10
448,features.17,40,0,40,0,0,0,0,0,0,0,0,0,10
448,features.20,40,4,36,4,0,4,0,6,0,0,4,0,0
448,features.24,80,8,72,4,0,8,0,6,0,0,4,0,0
448,features.27,80,8,72,4,1,7,0,6,0,0,4,0,0
448,features.30,80,8,72,4,0,8,0,6,0,0,4,0,0
448,features.34,80,0,80,0,0,0,0,0,0,0,0,0,10
448,features.37,80,0,80,0,0,0,0,0,0,0,0,0,10
448,features.40,80,0,80,0,0,0,0,0,0,0,0,0,10
449,features.17,40,0,40,0,0,0,0,0,0,0,0,0,10
449,features.20,40,8,32,8,0,8,0,2,0,0,8,0,0
449,features.24,80,16,64,8,0,16,0,2,0,0,8,0,0
449,features.27,80,16,64,8,0,16,0,2,0,0,8,0,0
449,features.30,80,16,64,8,0,16,0,2,0,0,8,0,0
449,features.34,80,0,80,0,0,0,0,0,0,0,0,0,10
449,features.37,80,0,80,0,0,0,0,0,0,0,0,0,10
449,features.40,80,0,80,0,0,0,0,0,0,0,0,0,10
450,features.17,40,0,40,0,0,0,0,0,0,0,0,0,10
450,features.20,40,5,35,5,0,5,0,5,0,0,5,0,0
450,features.24,80,10,70,5,0,10,0,5,0,0,5,0,0
450,features.27,80,10,70,5,0,10,0,5,0,0,5,0,0
450,features.30,80,10,70,5,0,10,0,5,0,0,5,0,0
450,features.34,80,0,80,0,0,0,0,0,0,0,0,0,10
450,features.37,80,0,80,0,0,0,0,0,0,0,0,0,10
450,features.40,80,0,80,0,0,0,0,0,0,0,0,0,10
451,features.17,40,0,40,0,0,0,0,0,0,0,0,0,10
451,features.20,40,9,31,9,0,9,0,1,0,0,9,0,0
451,features.24,80,18,62,9,0,18,0,1,0,0,9,0,0
451,features.27,80,18,62,9,0,18,0,1,0,0,9,0,0
451,features.30,80,18,62,9,0,18,0,1,0,0,9,0,0
451,features.34,80,0,80,0,0,0,0,0,0,0,0,0,10
451,features.37,80,0,80,0,0,0,0,0,0,0,0,0,10
451,features.40,80,0,80,0,0,0,0,0,0,0,0,0,10
452,features.17,40,0,40,0,0,0,0,0,0,0,0,0,10
452,features.20,40,8,32,8,0,8,0,2,0,0,8,0,0
452,features.24,80,16,64,8,0,16,0,2,0,0,8,0,0
452,features.27,80,16,64,8,1,15,0,2,0,0,8,0,0
452,features.30,80,16,64,8,1,15,0,2,0,0,8,0,0
452,features.34,80,0,80,0,0,0,0,0,0,0,0,0,10
452,features.37,80,0,80,0,0,0,0,0,0,0,0,0,10
452,features.40,80,0,80,0,0,0,0,0,0,0,0,0,10
453,features.17,40,0,40,0,0,0,0,0,0,0,0,0,10
453,features.20,40,8,32,8,1,7,0,2,0,0,8,0,0
453,features.24,80,16,64,8,0,16,0,2,0,0,8,0,0
453,features.27,80,16,64,8,0,16,0,2,0,0,8,0,0
453,features.30,80,16,64,8,0,16,0,2,0,0,8,0,0
453,features.34,80,0,80,0,0,0,0,0,0,0,0,0,10
453,features.37,80,0,80,0,0,0,0,0,0,0,0,0,10
453,features.40,80,0,80,0,0,0,0,0,0,0,0,0,10
454,features.17,40,0,40,0,0,0,0,0,0,0,0,0,10
454,features.20,40,4,36,4,0,4,0,6,0,0,4,0,0
454,features.24,80,8,72,4,0,8,0,6,0,0,4,0,0
454,features.27,80,8,72,4,0,8,0,6,0,0,4,0,0
454,features.30,80,8,72,4,0,8,0,6,0,0,4,0,0
454,features.34,80,0,80,0,0,0,0,0,0,0,0,0,10
454,features.37,80,0,80,0,0,0,0,0,0,0,0,0,10
454,features.40,80,0,80,0,0,0,0,0,0,0,0,0,10
455,features.17,40,0,40,0,0,0,0,0,0,0,0,0,10
455,features.20,40,7,33,7,0,7,0,3,0,0,7,0,0
455,features.24,80,14,66,7,2,12,0,3,0,0,7,0,0
455,features.27,80,14,66,7,0,14,0,3,0,0,7,0,0
455,features.30,80,14,66,7,1,13,0,3,0,0,7,0,0
455,features.34,80,0,80,0,0,0,0,0,0,0,0,0,10
455,features.37,80,0,80,0,0,0,0,0,0,0,0,0,10
455,features.40,80,0,80,0,0,0,0,0,0,0,0,0,10
456,features.17,40,0,40,0,0,0,0,0,0,0,0,0,10
456,features.20,40,9,31,9,0,9,0,1,0,0,9,0,0
456,features.24,80,18,62,9,0,18,0,1,0,0,9,0,0
456,features.27,80,18,62,9,0,18,0,1,0,0,9,0,0
456,features.30,80,18,62,9,0,18,0,1,0,0,9,0,0
456,features.34,80,0,80,0,0,0,0,0,0,0,0,0,10
456,features.37,80,0,80,0,0,0,0,0,0,0,0,0,10
456,features.40,80,0,80,0,0,0,0,0,0,0,0,0,10
457,features.17,40,0,40,0,0,0,0,0,0,0,0,0,10
457,features.20,40,4,36,4,0,4,0,6,0,0,4,0,0
457,features.24,80,8,72,4,0,8,0,6,0,0,4,0,0
457,features.27,80,8,72,4,0,8,0,6,0,0,4,0,0
457,features.30,80,8,72,4,0,8,0,6,0,0,4,0,0
457,features.34,80,0,80,0,0,0,0,0,0,0,0,0,10
457,features.37,80,0,80,0,0,0,0,0,0,0,0,0,10
457,features.40,80,0,80,0,0,0,0,0,0,0,0,0,10
458,features.17,40,0,40,0,0,0,0,0,0,0,0,0,10
458,features.20,40,5,35,5,0,5,0,5,0,0,5,0,0
458,features.24,80,10,70,5,0,10,0,5,0,0,5,0,0
458,features.27,80,10,70,5,0,10,0,5,0,0,5,0,0
458,features.30,80,10,70,5,0,10,0,5,0,0,5,0,0
458,features.34,80,0,80,0,0,0,0,0,0,0,0,0,10
458,features.37,80,0,80,0,0,0,0,0,0,0,0,0,10
458,features.40,80,0,80,0,0,0,0,0,0,0,0,0,10
459,features.17,40,0,40,0,0,0,0,0,0,0,0,0,10
459,features.20,40,8,32,8,0,8,0,2,0,0,8,0,0
459,features.24,80,16,64,8,0,16,0,2,0,0,8,0,0
459,features.27,80,16,64,8,0,16,0,2,0,0,8,0,0
459,features.30,80,16,64,8,0,16,0,2,0,0,8,0,0
459,features.34,80,0,80,0,0,0,0,0,0,0,0,0,10
459,features.37,80,0,80,0,0,0,0,0,0,0,0,0,10
459,features.40,80,0,80,0,0,0,0,0,0,0,0,0,10
460,features.17,40,0,40,0,0,0,0,0,0,0,0,0,10
460,features.20,40,7,33,7,0,7,0,3,0,0,7,0,0
460,features.24,80,14,66,7,0,14,0,3,0,0,7,0,0
460,features.27,80,14,66,7,0,14,0,3,0,0,7,0,0
460,features.30,80,14,66,7,0,14,0,3,0,0,7,0,0
460,features.34,80,0,80,0,0,0,0,0,0,0,0,0,10
460,features.37,80,0,80,0,0,0,0,0,0,0,0,0,10
460,features.40,80,0,80,0,0,0,0,0,0,0,0,0,10
461,features.17,40,0,40,0,0,0,0,0,0,0,0,0,10
461,features.20,40,6,34,6,0,6,0,4,0,0,6,0,0
461,features.24,80,12,68,6,0,12,0,4,0,0,6,0,0
461,features.27,80,12,68,6,0,12,0,4,0,0,6,0,0
461,features.30,80,12,68,6,0,12,0,4,0,0,6,0,0
461,features.34,80,0,80,0,0,0,0,0,0,0,0,0,10
461,features.37,80,0,80,0,0,0,0,0,0,0,0,0,10
461,features.40,80,0,80,0,0,0,0,0,0,0,0,0,10
462,features.17,40,0,40,0,0,0,0,0,0,0,0,0,10
462,features.20,40,4,36,4,0,4,0,6,0,0,4,0,0
462,features.24,80,8,72,4,0,8,0,6,0,0,4,0,0
462,features.27,80,8,72,4,0,8,0,6,0,0,4,0,0
462,features.30,80,8,72,4,0,8,0,6,0,0,4,0,0
462,features.34,80,0,80,0,0,0,0,0,0,0,0,0,10
462,features.37,80,0,80,0,0,0,0,0,0,0,0,0,10
462,features.40,80,0,80,0,0,0,0,0,0,0,0,0,10
463,features.20,40,8,32,8,0,8,0,2,0,0,8,0,0
463,features.24,80,16,64,8,0,16,0,2,0,0,8,0,0
463,features.27,80,16,64,8,0,16,0,2,0,0,8,0,0
463,features.30,80,16,64,8,0,16,0,2,0,0,8,0,0
463,features.34,80,0,80,0,0,0,0,0,0,0,0,0,10
463,features.37,80,0,80,0,0,0,0,0,0,0,0,0,10
463,features.40,80,0,80,0,0,0,0,0,0,0,0,0,10
464,features.20,40,5,35,5,0,5,0,5,0,0,5,0,0
464,features.24,80,10,70,5,1,9,0,5,0,0,5,0,0
464,features.27,80,10,70,5,0,10,0,5,0,0,5,0,0
464,features.30,80,10,70,5,0,10,0,5,0,0,5,0,0
464,features.34,80,0,80,0,0,0,0,0,0,0,0,0,10
464,features.37,80,0,80,0,0,0,0,0,0,0,0,0,10
464,features.40,80,0,80,0,0,0,0,0,0,0,0,0,10
465,features.20,40,5,35,5,0,5,0,5,0,0,5,0,0
465,features.24,80,10,70,5,0,10,0,5,0,0,5,0,0
465,features.27,80,10,70,5,0,10,0,5,0,0,5,0,0
465,features.30,80,10,70,5,0,10,0,5,0,0,5,0,0
465,features.34,80,0,80,0,0,0,0,0,0,0,0,0,10
465,features.37,80,0,80,0,0,0,0,0,0,0,0,0,10
465,features.40,80,0,80,0,0,0,0,0,0,0,0,0,10
466,features.20,40,7,33,7,0,7,0,3,0,0,7,0,0
466,features.24,80,14,66,7,0,14,0,3,0,0,7,0,0
466,features.27,80,14,66,7,0,14,0,3,0,0,7,0,0
466,features.30,80,14,66,7,1,13,0,3,0,0,7,0,0
466,features.34,80,0,80,0,0,0,0,0,0,0,0,0,10
466,features.37,80,0,80,0,0,0,0,0,0,0,0,0,10
466,features.40,80,0,80,0,0,0,0,0,0,0,0,0,10
467,features.20,40,6,34,6,0,6,0,4,0,0,6,0,0
467,features.24,80,12,68,6,0,12,0,4,0,0,6,0,0
467,features.27,80,12,68,6,0,12,0,4,0,0,6,0,0
467,features.30,80,12,68,6,0,12,0,4,0,0,6,0,0
467,features.34,80,0,80,0,0,0,0,0,0,0,0,0,10
467,features.37,80,0,80,0,0,0,0,0,0,0,0,0,10
467,features.40,80,0,80,0,0,0,0,0,0,0,0,0,10
468,features.20,40,8,32,8,0,8,0,2,0,0,8,0,0
468,features.24,80,16,64,8,0,16,0,2,0,0,8,0,0
468,features.27,80,16,64,8,0,16,0,2,0,0,8,0,0
468,features.30,80,16,64,8,0,16,0,2,0,0,8,0,0
468,features.34,80,0,80,0,0,0,0,0,0,0,0,0,10
468,features.37,80,0,80,0,0,0,0,0,0,0,0,0,10
468,features.40,80,0,80,0,0,0,0,0,0,0,0,0,10
469,features.20,40,7,33,7,0,7,0,3,0,0,7,0,0
469,features.24,80,14,66,7,0,14,0,3,0,0,7,0,0
469,features.27,80,14,66,7,0,14,0,3,0,0,7,0,0
469,features.30,80,14,66,7,0,14,0,3,0,0,7,0,0
469,features.34,80,0,80,0,0,0,0,0,0,0,0,0,10
469,features.37,80,0,80,0,0,0,0,0,0,0,0,0,10
469,features.40,80,0,80,0,0,0,0,0,0,0,0,0,10
470,features.20,40,8,32,8,0,8,0,2,0,0,8,0,0
470,features.24,80,16,64,8,1,15,0,2,0,0,8,0,0
470,features.27,80,16,64,8,0,16,0,2,0,0,8,0,0
470,features.30,80,16,64,8,1,15,0,2,0,0,8,0,0
470,features.34,80,0,80,0,0,0,0,0,0,0,0,0,10
470,features.37,80,0,80,0,0,0,0,0,0,0,0,0,10
470,features.40,80,0,80,0,0,0,0,0,0,0,0,0,10
471,features.20,40,5,35,5,0,5,0,5,0,0,5,0,0
471,features.24,80,10,70,5,0,10,0,5,0,0,5,0,0
471,features.27,80,10,70,5,0,10,0,5,0,0,5,0,0
471,features.30,80,10,70,5,0,10,0,5,0,0,5,0,0
471,features.34,80,0,80,0,0,0,0,0,0,0,0,0,10
471,features.37,80,0,80,0,0,0,0,0,0,0,0,0,10
471,features.40,80,0,80,0,0,0,0,0,0,0,0,0,10
472,features.20,40,5,35,5,0,5,0,5,0,0,5,0,0
472,features.24,80,10,70,5,0,10,0,5,0,0,5,0,0
472,features.27,80,10,70,5,1,9,0,5,0,0,5,0,0
472,features.30,80,10,70,5,0,10,0,5,0,0,5,0,0
472,features.34,80,0,80,0,0,0,0,0,0,0,0,0,10
472,features.37,80,0,80,0,0,0,0,0,0,0,0,0,10
472,features.40,80,0,80,0,0,0,0,0,0,0,0,0,10
473,features.20,40,5,35,5,0,5,0,5,0,0,5,0,0
473,features.24,80,10,70,5,0,10,0,5,0,0,5,0,0
473,features.27,80,10,70,5,0,10,0,5,0,0,5,0,0
473,features.30,80,10,70,5,0,10,0,5,0,0,5,0,0
473,features.34,80,0,80,0,0,0,0,0,0,0,0,0,10
473,features.37,80,0,80,0,0,0,0,0,0,0,0,0,10
473,features.40,80,0,80,0,0,0,0,0,0,0,0,0,10
474,features.20,40,7,33,7,0,7,0,3,0,0,7,0,0
474,features.24,80,14,66,7,0,14,0,3,0,0,7,0,0
474,features.27,80,14,66,7,0,14,0,3,0,0,7,0,0
474,features.30,80,14,66,7,0,14,0,3,0,0,7,0,0
474,features.34,80,0,80,0,0,0,0,0,0,0,0,0,10
474,features.37,80,0,80,0,0,0,0,0,0,0,0,0,10
474,features.40,80,0,80,0,0,0,0,0,0,0,0,0,10
475,features.20,40,7,33,7,0,7,0,3,0,0,7,0,0
475,features.24,80,14,66,7,0,14,0,3,0,0,7,0,0
475,features.27,80,14,66,7,0,14,0,3,0,0,7,0,0
475,features.30,80,14,66,7,1,13,0,3,0,0,7,0,0
475,features.34,80,0,80,0,0,0,0,0,0,0,0,0,10
475,features.37,80,0,80,0,0,0,0,0,0,0,0,0,10
475,features.40,80,0,80,0,0,0,0,0,0,0,0,0,10
476,features.20,40,5,35,5,0,5,0,5,0,0,5,0,0
476,features.24,80,10,70,5,0,10,0,5,0,0,5,0,0
476,features.27,80,10,70,5,0,10,0,5,0,0,5,0,0
476,features.30,80,10,70,5,0,10,0,5,0,0,5,0,0
476,features.34,80,0,80,0,0,0,0,0,0,0,0,0,10
476,features.37,80,0,80,0,0,0,0,0,0,0,0,0,10
476,features.40,80,0,80,0,0,0,0,0,0,0,0,0,10
477,features.20,40,6,34,6,0,6,0,4,0,0,6,0,0
477,features.24,80,12,68,6,0,12,0,4,0,0,6,0,0
477,features.27,80,12,68,6,1,11,0,4,0,0,6,0,0
477,features.30,80,12,68,6,0,12,0,4,0,0,6,0,0
477,features.34,80,0,80,0,0,0,0,0,0,0,0,0,10
477,features.37,80,0,80,0,0,0,0,0,0,0,0,0,10
477,features.40,80,0,80,0,0,0,0,0,0,0,0,0,10
478,features.20,40,4,36,4,0,4,0,6,0,0,4,0,0
478,features.24,80,8,72,4,0,8,0,6,0,0,4,0,0
478,features.27,80,8,72,4,0,8,0,6,0,0,4,0,0
478,features.30,80,8,72,4,0,8,0,6,0,0,4,0,0
478,features.34,80,0,80,0,0,0,0,0,0,0,0,0,10
478,features.37,80,0,80,0,0,0,0,0,0,0,0,0,10
478,features.40,80,0,80,0,0,0,0,0,0,0,0,0,10
479,features.20,40,6,34,6,0,6,0,4,0,0,6,0,0
479,features.24,80,12,68,6,0,12,0,4,0,0,6,0,0
479,features.27,80,12,68,6,0,12,0,4,0,0,6,0,0
479,features.30,80,12,68,6,1,11,0,4,0,0,6,0,0
479,features.34,80,0,80,0,0,0,0,0,0,0,0,0,10
479,features.37,80,0,80,0,0,0,0,0,0,0,0,0,10
479,features.40,80,0,80,0,0,0,0,0,0,0,0,0,10
480,features.20,40,7,33,7,1,6,0,3,0,0,7,0,0
480,features.24,80,14,66,7,0,14,0,3,0,0,7,0,0
480,features.27,80,14,66,7,0,14,0,3,0,0,7,0,0
480,features.30,80,14,66,7,0,14,0,3,0,0,7,0,0
480,features.34,80,0,80,0,0,0,0,0,0,0,0,0,10
480,features.37,80,0,80,0,0,0,0,0,0,0,0,0,10
480,features.40,80,0,80,0,0,0,0,0,0,0,0,0,10
481,features.20,40,8,32,8,0,8,0,2,0,0,8,0,0
481,features.24,80,16,64,8,1,15,0,2,0,0,8,0,0
481,features.27,80,16,64,8,1,15,0,2,0,0,8,0,0
481,features.30,80,16,64,8,0,16,0,2,0,0,8,0,0
481,features.34,80,0,80,0,0,0,0,0,0,0,0,0,10
481,features.37,80,0,80,0,0,0,0,0,0,0,0,0,10
481,features.40,80,0,80,0,0,0,0,0,0,0,0,0,10
482,features.20,40,6,34,6,0,6,0,4,0,0,6,0,0
482,features.24,80,12,68,6,1,11,0,4,0,0,6,0,0
482,features.27,80,12,68,6,0,12,0,4,0,0,6,0,0
482,features.30,80,12,68,6,0,12,0,4,0,0,6,0,0
482,features.34,80,0,80,0,0,0,0,0,0,0,0,0,10
482,features.37,80,0,80,0,0,0,0,0,0,0,0,0,10
482,features.40,80,0,80,0,0,0,0,0,0,0,0,0,10
483,features.20,40,9,31,9,0,9,0,1,0,0,9,0,0
483,features.24,80,18,62,9,0,18,0,1,0,0,9,0,0
483,features.27,80,18,62,9,0,18,0,1,0,0,9,0,0
483,features.30,80,18,62,9,0,18,0,1,0,0,9,0,0
483,features.34,80,0,80,0,0,0,0,0,0,0,0,0,10
483,features.37,80,0,80,0,0,0,0,0,0,0,0,0,10
483,features.40,80,0,80,0,0,0,0,0,0,0,0,0,10
484,features.20,40,5,35,5,0,5,0,5,0,0,5,0,0
484,features.24,80,10,70,5,0,10,0,5,0,0,5,0,0
484,features.27,80,10,70,5,0,10,0,5,0,0,5,0,0
484,features.30,80,10,70,5,0,10,0,5,0,0,5,0,0
484,features.34,80,0,80,0,0,0,0,0,0,0,0,0,10
484,features.37,80,0,80,0,0,0,0,0,0,0,0,0,10
484,features.40,80,0,80,0,0,0,0,0,0,0,0,0,10
485,features.20,40,8,32,8,0,8,0,2,0,0,8,0,0
485,features.24,80,16,64,8,1,15,0,2,0,0,8,0,0
485,features.27,80,16,64,8,2,14,0,2,0,0,8,0,0
485,features.30,80,16,64,8,0,16,0,2,0,0,8,0,0
485,features.34,80,0,80,0,0,0,0,0,0,0,0,0,10
485,features.37,80,0,80,0,0,0,0,0,0,0,0,0,10
485,features.40,80,0,80,0,0,0,0,0,0,0,0,0,10
486,features.20,40,6,34,6,0,6,0,4,0,0,6,0,0
486,features.24,80,12,68,6,0,12,0,4,0,0,6,0,0
486,features.27,80,12,68,6,0,12,0,4,0,0,6,0,0
486,features.30,80,12,68,6,0,12,0,4,0,0,6,0,0
486,features.34,80,0,80,0,0,0,0,0,0,0,0,0,10
486,features.37,80,0,80,0,0,0,0,0,0,0,0,0,10
486,features.40,80,0,80,0,0,0,0,0,0,0,0,0,10
487,features.20,40,7,33,7,0,7,0,3,0,0,7,0,0
487,features.24,80,14,66,7,0,14,0,3,0,0,7,0,0
487,features.27,80,14,66,7,0,14,0,3,0,0,7,0,0
487,features.30,80,14,66,7,0,14,0,3,0,0,7,0,0
487,features.34,80,0,80,0,0,0,0,0,0,0,0,0,10
487,features.37,80,0,80,0,0,0,0,0,0,0,0,0,10
487,features.40,80,0,80,0,0,0,0,0,0,0,0,0,10
488,features.20,40,7,33,7,1,6,0,3,0,0,7,0,0
488,features.24,80,14,66,7,1,13,0,3,0,0,7,0,0
488,features.27,80,14,66,7,1,13,0,3,0,0,7,0,0
488,features.30,80,14,66,7,0,14,0,3,0,0,7,0,0
488,features.34,80,0,80,0,0,0,0,0,0,0,0,0,10
488,features.37,80,0,80,0,0,0,0,0,0,0,0,0,10
488,features.40,80,0,80,0,0,0,0,0,0,0,0,0,10
489,features.20,40,5,35,5,1,4,0,5,0,0,5,0,0
489,features.24,80,10,70,5,0,10,0,5,0,0,5,0,0
489,features.27,80,10,70,5,0,10,0,5,0,0,5,0,0
489,features.30,80,10,70,5,0,10,0,5,0,0,5,0,0
489,features.34,80,0,80,0,0,0,0,0,0,0,0,0,10
489,features.37,80,0,80,0,0,0,0,0,0,0,0,0,10
489,features.40,80,0,80,0,0,0,0,0,0,0,0,0,10
490,features.20,40,5,35,5,0,5,0,5,0,0,5,0,0
490,features.24,80,10,70,5,0,10,0,5,0,0,5,0,0
490,features.27,80,10,70,5,0,10,0,5,0,0,5,0,0
490,features.30,80,10,70,5,0,10,0,5,0,0,5,0,0
490,features.34,80,0,80,0,0,0,0,0,0,0,0,0,10
490,features.37,80,0,80,0,0,0,0,0,0,0,0,0,10
490,features.40,80,0,80,0,0,0,0,0,0,0,0,0,10
491,features.20,40,7,33,7,0,7,0,3,0,0,7,0,0
491,features.24,80,14,66,7,0,14,0,3,0,0,7,0,0
491,features.27,80,14,66,7,0,14,0,3,0,0,7,0,0
491,features.30,80,14,66,7,0,14,0,3,0,0,7,0,0
491,features.34,80,0,80,0,0,0,0,0,0,0,0,0,10
491,features.37,80,0,80,0,0,0,0,0,0,0,0,0,10
491,features.40,80,0,80,0,0,0,0,0,0,0,0,0,10
492,features.20,40,5,35,5,0,5,0,5,0,0,5,0,0
492,features.24,80,10,70,5,0,10,0,5,0,0,5,0,0
492,features.27,80,10,70,5,1,9,0,5,0,0,5,0,0
492,features.30,80,10,70,5,0,10,0,5,0,0,5,0,0
492,features.34,80,0,80,0,0,0,0,0,0,0,0,0,10
492,features.37,80,0,80,0,0,0,0,0,0,0,0,0,10
492,features.40,80,0,80,0,0,0,0,0,0,0,0,0,10
493,features.20,40,7,33,7,0,7,0,3,0,0,7,0,0
493,features.24,80,14,66,7,0,14,0,3,0,0,7,0,0
493,features.27,80,14,66,7,0,14,0,3,0,0,7,0,0
493,features.30,80,14,66,7,0,14,0,3,0,0,7,0,0
493,features.34,80,0,80,0,0,0,0,0,0,0,0,0,10
493,features.37,80,0,80,0,0,0,0,0,0,0,0,0,10
493,features.40,80,0,80,0,0,0,0,0,0,0,0,0,10
494,features.20,40,6,34,6,0,6,0,4,0,0,6,0,0
494,features.24,80,12,68,6,0,12,0,4,0,0,6,0,0
494,features.27,80,12,68,6,0,12,0,4,0,0,6,0,0
494,features.30,80,12,68,6,0,12,0,4,0,0,6,0,0
494,features.34,80,0,80,0,0,0,0,0,0,0,0,0,10
494,features.37,80,0,80,0,0,0,0,0,0,0,0,0,10
494,features.40,80,0,80,0,0,0,0,0,0,0,0,0,10
495,features.20,40,5,35,5,0,5,0,5,0,0,5,0,0
495,features.24,80,10,70,5,1,9,0,5,0,0,5,0,0
495,features.27,80,10,70,5,0,10,0,5,0,0,5,0,0
495,features.30,80,10,70,5,0,10,0,5,0,0,5,0,0
495,features.34,80,0,80,0,0,0,0,0,0,0,0,0,10
495,features.37,80,0,80,0,0,0,0,0,0,0,0,0,10
495,features.40,80,0,80,0,0,0,0,0,0,0,0,0,10
496,features.20,40,5,35,5,0,5,0,5,0,0,5,0,0
496,features.24,80,10,70,5,0,10,0,5,0,0,5,0,0
496,features.27,80,10,70,5,0,10,0,5,0,0,5,0,0
496,features.30,80,10,70,5,0,10,0,5,0,0,5,0,0
496,features.34,80,0,80,0,0,0,0,0,0,0,0,0,10
496,features.37,80,0,80,0,0,0,0,0,0,0,0,0,10
496,features.40,80,0,80,0,0,0,0,0,0,0,0,0,10
497,features.20,40,9,31,9,0,9,0,1,0,0,9,0,0
497,features.24,80,18,62,9,0,18,0,1,0,0,9,0,0
497,features.27,80,18,62,9,0,18,0,1,0,0,9,0,0
497,features.30,80,18,62,9,2,16,0,1,0,0,9,0,0
497,features.34,80,0,80,0,0,0,0,0,0,0,0,0,10
497,features.37,80,0,80,0,0,0,0,0,0,0,0,0,10
497,features.40,80,0,80,0,0,0,0,0,0,0,0,0,10
498,features.20,40,8,32,8,0,8,0,2,0,0,8,0,0
498,features.24,80,16,64,8,1,15,0,2,0,0,8,0,0
498,features.27,80,16,64,8,1,15,0,2,0,0,8,0,0
498,features.30,80,16,64,8,0,16,0,2,0,0,8,0,0
498,features.34,80,0,80,0,0,0,0,0,0,0,0,0,10
498,features.37,80,0,80,0,0,0,0,0,0,0,0,0,10
498,features.40,80,0,80,0,0,0,0,0,0,0,0,0,10
499,features.20,40,6,34,6,0,6,0,4,0,0,6,0,0
499,features.24,80,12,68,6,1,11,0,4,0,0,6,0,0
499,features.27,80,12,68,6,0,12,0,4,0,0,6,0,0
499,features.30,80,12,68,6,0,12,0,4,0,0,6,0,0
499,features.34,80,0,80,0,0,0,0,0,0,0,0,0,10
499,features.37,80,0,80,0,0,0,0,0,0,0,0,0,10
499,features.40,80,0,80,0,0,0,0,0,0,0,0,0,10
500,features.20,40,7,33,7,1,6,0,3,0,0,7,0,0
500,features.24,80,14,66,7,0,14,0,3,0,0,7,0,0
500,features.27,80,14,66,7,0,14,0,3,0,0,7,0,0
500,features.30,80,14,66,7,0,14,0,3,0,0,7,0,0
500,features.34,80,0,80,0,0,0,0,0,0,0,0,0,10
500,features.37,80,0,80,0,0,0,0,0,0,0,0,0,10
500,features.40,80,0,80,0,0,0,0,0,0,0,0,0,10
501,features.20,40,5,35,5,1,4,0,5,0,0,5,0,0
501,features.24,80,10,70,5,0,10,0,5,0,0,5,0,0
501,features.27,80,10,70,5,1,9,0,5,0,0,5,0,0
501,features.30,80,10,70,5,0,10,0,5,0,0,5,0,0
501,features.34,80,0,80,0,0,0,0,0,0,0,0,0,10
501,features.37,80,0,80,0,0,0,0,0,0,0,0,0,10
501,features.40,80,0,80,0,0,0,0,0,0,0,0,0,10
502,features.20,40,8,32,8,1,7,0,2,0,0,8,0,0
502,features.24,80,16,64,8,0,16,0,2,0,0,8,0,0
502,features.27,80,16,64,8,0,16,0,2,0,0,8,0,0
502,features.30,80,16,64,8,0,16,0,2,0,0,8,0,0
502,features.34,80,0,80,0,0,0,0,0,0,0,0,0,10
502,features.37,80,0,80,0,0,0,0,0,0,0,0,0,10
502,features.40,80,0,80,0,0,0,0,0,0,0,0,0,10
503,features.20,40,6,34,6,0,6,0,4,0,0,6,0,0
503,features.24,80,12,68,6,0,12,0,4,0,0,6,0,0
503,features.27,80,12,68,6,0,12,0,4,0,0,6,0,0
503,features.30,80,12,68,6,0,12,0,4,0,0,6,0,0
503,features.34,80,0,80,0,0,0,0,0,0,0,0,0,10
503,features.37,80,0,80,0,0,0,0,0,0,0,0,0,10
503,features.40,80,0,80,0,0,0,0,0,0,0,0,0,10
504,features.20,40,9,31,9,0,9,0,1,0,0,9,0,0
504,features.24,80,18,62,9,0,18,0,1,0,0,9,0,0
504,features.27,80,18,62,9,0,18,0,1,0,0,9,0,0
504,features.30,80,18,62,9,0,18,0,1,0,0,9,0,0
504,features.34,80,0,80,0,0,0,0,0,0,0,0,0,10
504,features.37,80,0,80,0,0,0,0,0,0,0,0,0,10
504,features.40,80,0,80,0,0,0,0,0,0,0,0,0,10
505,features.20,40,6,34,6,0,6,0,4,0,0,6,0,0
505,features.24,80,12,68,6,0,12,0,4,0,0,6,0,0
505,features.27,80,12,68,6,0,12,0,4,0,0,6,0,0
505,features.30,80,12,68,6,0,12,0,4,0,0,6,0,0
505,features.34,80,0,80,0,0,0,0,0,0,0,0,0,10
505,features.37,80,0,80,0,0,0,0,0,0,0,0,0,10
505,features.40,80,0,80,0,0,0,0,0,0,0,0,0,10
506,features.20,40,8,32,8,0,8,0,2,0,0,8,0,0
506,features.24,80,16,64,8,0,16,0,2,0,0,8,0,0
506,features.27,80,16,64,8,0,16,0,2,0,0,8,0,0
506,features.30,80,16,64,8,0,16,0,2,0,0,8,0,0
506,features.34,80,0,80,0,0,0,0,0,0,0,0,0,10
506,features.37,80,0,80,0,0,0,0,0,0,0,0,0,10
506,features.40,80,0,80,0,0,0,0,0,0,0,0,0,10
507,features.20,40,6,34,6,0,6,0,4,0,0,6,0,0
507,features.24,80,12,68,6,0,12,0,4,0,0,6,0,0
507,features.27,80,12,68,6,0,12,0,4,0,0,6,0,0
507,features.30,80,12,68,6,0,12,0,4,0,0,6,0,0
507,features.34,80,0,80,0,0,0,0,0,0,0,0,0,10
507,features.37,80,0,80,0,0,0,0,0,0,0,0,0,10
507,features.40,80,0,80,0,0,0,0,0,0,0,0,0,10
508,features.20,40,4,36,4,0,4,0,6,0,0,4,0,0
508,features.24,80,8,72,4,0,8,0,6,0,0,4,0,0
508,features.27,80,8,72,4,0,8,0,6,0,0,4,0,0
508,features.30,80,8,72,4,2,6,0,6,0,0,4,0,0
508,features.34,80,0,80,0,0,0,0,0,0,0,0,0,10
508,features.37,80,0,80,0,0,0,0,0,0,0,0,0,10
508,features.40,80,0,80,0,0,0,0,0,0,0,0,0,10
509,features.20,40,5,35,5,0,5,0,5,0,0,5,0,0
509,features.24,80,10,70,5,0,10,0,5,0,0,5,0,0
509,features.27,80,10,70,5,0,10,0,5,0,0,5,0,0
509,features.30,80,10,70,5,0,10,0,5,0,0,5,0,0
509,features.34,80,0,80,0,0,0,0,0,0,0,0,0,10
509,features.37,80,0,80,0,0,0,0,0,0,0,0,0,10
509,features.40,80,0,80,0,0,0,0,0,0,0,0,0,10
510,features.20,40,5,35,5,0,5,0,5,0,0,5,0,0
510,features.24,80,10,70,5,1,9,0,5,0,0,5,0,0
510,features.27,80,10,70,5,0,10,0,5,0,0,5,0,0
510,features.30,80,10,70,5,0,10,0,5,0,0,5,0,0
510,features.34,80,0,80,0,0,0,0,0,0,0,0,0,10
510,features.37,80,0,80,0,0,0,0,0,0,0,0,0,10
510,features.40,80,0,80,0,0,0,0,0,0,0,0,0,10
511,features.20,40,4,36,4,1,3,0,6,0,0,4,0,0
511,features.24,80,8,72,4,0,8,0,6,0,0,4,0,0
511,features.27,80,8,72,4,0,8,0,6,0,0,4,0,0
511,features.30,80,8,72,4,0,8,0,6,0,0,4,0,0
511,features.34,80,0,80,0,0,0,0,0,0,0,0,0,10
511,features.37,80,0,80,0,0,0,0,0,0,0,0,0,10
511,features.40,80,0,80,0,0,0,0,0,0,0,0,0,10
512,features.20,40,8,32,8,0,8,0,2,0,0,8,0,0
512,features.24,80,16,64,8,0,16,0,2,0,0,8,0,0
512,features.27,80,16,64,8,0,16,0,2,0,0,8,0,0
512,features.30,80,16,64,8,2,14,0,2,0,0,8,0,0
512,features.34,80,0,80,0,0,0,0,0,0,0,0,0,10
512,features.37,80,0,80,0,0,0,0,0,0,0,0,0,10
512,features.40,80,0,80,0,0,0,0,0,0,0,0,0,10
513,features.20,40,7,33,7,0,7,0,3,0,0,7,0,0
513,features.24,80,14,66,7,0,14,0,3,0,0,7,0,0
513,features.27,80,14,66,7,0,14,0,3,0,0,7,0,0
513,features.30,80,14,66,7,0,14,0,3,0,0,7,0,0
513,features.34,80,0,80,0,0,0,0,0,0,0,0,0,10
513,features.37,80,0,80,0,0,0,0,0,0,0,0,0,10
513,features.40,80,0,80,0,0,0,0,0,0,0,0,0,10
514,features.20,40,5,35,5,0,5,0,5,0,0,5,0,0
514,features.24,80,10,70,5,0,10,0,5,0,0,5,0,0
514,features.27,80,10,70,5,0,10,0,5,0,0,5,0,0
514,features.30,80,10,70,5,0,10,0,5,0,0,5,0,0
514,features.34,80,0,80,0,0,0,0,0,0,0,0,0,10
514,features.37,80,0,80,0,0,0,0,0,0,0,0,0,10
514,features.40,80,0,80,0,0,0,0,0,0,0,0,0,10
515,features.20,40,7,33,7,0,7,0,3,0,0,7,0,0
515,features.24,80,14,66,7,0,14,0,3,0,0,7,0,0
515,features.27,80,14,66,7,0,14,0,3,0,0,7,0,0
515,features.30,80,14,66,7,0,14,0,3,0,0,7,0,0
515,features.34,80,0,80,0,0,0,0,0,0,0,0,0,10
515,features.37,80,0,80,0,0,0,0,0,0,0,0,0,10
515,features.40,80,0,80,0,0,0,0,0,0,0,0,0,10
516,features.20,40,5,35,5,0,5,0,5,0,0,5,0,0
516,features.24,80,10,70,5,0,10,0,5,0,0,5,0,0
516,features.27,80,10,70,5,1,9,0,5,0,0,5,0,0
516,features.30,80,10,70,5,0,10,0,5,0,0,5,0,0
516,features.34,80,0,80,0,0,0,0,0,0,0,0,0,10
516,features.37,80,0,80,0,0,0,0,0,0,0,0,0,10
516,features.40,80,0,80,0,0,0,0,0,0,0,0,0,10
517,features.20,40,7,33,7,0,7,0,3,0,0,7,0,0
517,features.24,80,14,66,7,1,13,0,3,0,0,7,0,0
517,features.27,80,14,66,7,0,14,0,3,0,0,7,0,0
517,features.30,80,14,66,7,1,13,0,3,0,0,7,0,0
517,features.34,80,0,80,0,0,0,0,0,0,0,0,0,10
517,features.37,80,0,80,0,0,0,0,0,0,0,0,0,10
517,features.40,80,0,80,0,0,0,0,0,0,0,0,0,10
518,features.20,40,8,32,8,0,8,0,2,0,0,8,0,0
518,features.24,80,16,64,8,0,16,0,2,0,0,8,0,0
518,features.27,80,16,64,8,0,16,0,2,0,0,8,0,0
518,features.30,80,16,64,8,0,16,0,2,0,0,8,0,0
518,features.34,80,0,80,0,0,0,0,0,0,0,0,0,10
518,features.37,80,0,80,0,0,0,0,0,0,0,0,0,10
518,features.40,80,0,80,0,0,0,0,0,0,0,0,0,10
519,features.20,40,8,32,8,0,8,0,2,0,0,8,0,0
519,features.24,80,16,64,8,0,16,0,2,0,0,8,0,0
519,features.27,80,16,64,8,0,16,0,2,0,0,8,0,0
519,features.30,80,16,64,8,0,16,0,2,0,0,8,0,0
519,features.34,80,0,80,0,0,0,0,0,0,0,0,0,10
519,features.37,80,0,80,0,0,0,0,0,0,0,0,0,10
519,features.40,80,0,80,0,0,0,0,0,0,0,0,0,10
520,features.20,40,7,33,7,0,7,0,3,0,0,7,0,0
520,features.24,80,14,66,7,0,14,0,3,0,0,7,0,0
520,features.27,80,14,66,7,0,14,0,3,0,0,7,0,0
520,features.30,80,14,66,7,0,14,0,3,0,0,7,0,0
520,features.34,80,0,80,0,0,0,0,0,0,0,0,0,10
520,features.37,80,0,80,0,0,0,0,0,0,0,0,0,10
520,features.40,80,0,80,0,0,0,0,0,0,0,0,0,10
521,features.20,40,7,33,7,0,7,0,3,0,0,7,0,0
521,features.24,80,14,66,7,0,14,0,3,0,0,7,0,0
521,features.27,80,14,66,7,0,14,0,3,0,0,7,0,0
521,features.30,80,14,66,7,0,14,0,3,0,0,7,0,0
521,features.34,80,0,80,0,0,0,0,0,0,0,0,0,10
521,features.37,80,0,80,0,0,0,0,0,0,0,0,0,10
521,features.40,80,0,80,0,0,0,0,0,0,0,0,0,10
522,features.20,40,6,34,6,0,6,0,4,0,0,6,0,0
522,features.24,80,12,68,6,0,12,0,4,0,0,6,0,0
522,features.27,80,12,68,6,1,11,0,4,0,0,6,0,0
522,features.30,80,12,68,6,0,12,0,4,0,0,6,0,0
522,features.34,80,0,80,0,0,0,0,0,0,0,0,0,10
522,features.37,80,0,80,0,0,0,0,0,0,0,0,0,10
522,features.40,80,0,80,0,0,0,0,0,0,0,0,0,10
523,features.20,40,7,33,7,1,6,0,3,0,0,7,0,0
523,features.24,80,14,66,7,0,14,0,3,0,0,7,0,0
523,features.27,80,14,66,7,0,14,0,3,0,0,7,0,0
523,features.30,80,14,66,7,0,14,0,3,0,0,7,0,0
523,features.34,80,0,80,0,0,0,0,0,0,0,0,0,10
523,features.37,80,0,80,0,0,0,0,0,0,0,0,0,10
523,features.40,80,0,80,0,0,0,0,0,0,0,0,0,10
524,features.20,40,5,35,5,0,5,0,5,0,0,5,0,0
524,features.24,80,10,70,5,0,10,0,5,0,0,5,0,0
524,features.27,80,10,70,5,0,10,0,5,0,0,5,0,0
524,features.30,80,10,70,5,0,10,0,5,0,0,5,0,0
524,features.34,80,0,80,0,0,0,0,0,0,0,0,0,10
524,features.37,80,0,80,0,0,0,0,0,0,0,0,0,10
524,features.40,80,0,80,0,0,0,0,0,0,0,0,0,10
525,features.20,40,8,32,8,0,8,0,2,0,0,8,0,0
525,features.24,80,16,64,8,0,16,0,2,0,0,8,0,0
525,features.27,80,16,64,8,0,16,0,2,0,0,8,0,0
525,features.30,80,16,64,8,0,16,0,2,0,0,8,0,0
525,features.34,80,0,80,0,0,0,0,0,0,0,0,0,10
525,features.37,80,0,80,0,0,0,0,0,0,0,0,0,10
525,features.40,80,0,80,0,0,0,0,0,0,0,0,0,10
526,features.20,40,9,31,9,0,9,0,1,0,0,9,0,0
526,features.24,80,18,62,9,0,18,0,1,0,0,9,0,0
526,features.27,80,18,62,9,0,18,0,1,0,0,9,0,0
526,features.30,80,18,62,9,1,17,0,1,0,0,9,0,0
526,features.34,80,0,80,0,0,0,0,0,0,0,0,0,10
526,features.37,80,0,80,0,0,0,0,0,0,0,0,0,10
526,features.40,80,0,80,0,0,0,0,0,0,0,0,0,10
527,features.20,40,6,34,6,0,6,0,4,0,0,6,0,0
527,features.24,80,12,68,6,0,12,0,4,0,0,6,0,0
527,features.27,80,12,68,6,0,12,0,4,0,0,6,0,0
527,features.30,80,12,68,6,0,12,0,4,0,0,6,0,0
527,features.34,80,0,80,0,0,0,0,0,0,0,0,0,10
527,features.37,80,0,80,0,0,0,0,0,0,0,0,0,10
527,features.40,80,0,80,0,0,0,0,0,0,0,0,0,10
528,features.20,40,6,34,6,0,6,0,4,0,0,6,0,0
528,features.24,80,12,68,6,0,12,0,4,0,0,6,0,0
528,features.27,80,12,68,6,0,12,0,4,0,0,6,0,0
528,features.30,80,12,68,6,0,12,0,4,0,0,6,0,0
528,features.34,80,0,80,0,0,0,0,0,0,0,0,0,10
528,features.37,80,0,80,0,0,0,0,0,0,0,0,0,10
528,features.40,80,0,80,0,0,0,0,0,0,0,0,0,10
529,features.20,40,7,33,7,0,7,0,3,0,0,7,0,0
529,features.24,80,14,66,7,1,13,0,3,0,0,7,0,0
529,features.27,80,14,66,7,0,14,0,3,0,0,7,0,0
529,features.30,80,14,66,7,1,13,0,3,0,0,7,0,0
529,features.34,80,0,80,0,0,0,0,0,0,0,0,0,10
529,features.37,80,0,80,0,0,0,0,0,0,0,0,0,10
529,features.40,80,0,80,0,0,0,0,0,0,0,0,0,10
530,features.20,40,7,33,7,1,6,0,3,0,0,7,0,0
530,features.24,80,14,66,7,0,14,0,3,0,0,7,0,0
530,features.27,80,14,66,7,2,12,0,3,0,0,7,0,0
530,features.30,80,14,66,7,0,14,0,3,0,0,7,0,0
530,features.34,80,0,80,0,0,0,0,0,0,0,0,0,10
530,features.37,80,0,80,0,0,0,0,0,0,0,0,0,10
530,features.40,80,0,80,0,0,0,0,0,0,0,0,0,10
531,features.20,40,7,33,7,0,7,0,3,0,0,7,0,0
531,features.24,80,14,66,7,0,14,0,3,0,0,7,0,0
531,features.27,80,14,66,7,0,14,0,3,0,0,7,0,0
531,features.30,80,14,66,7,0,14,0,3,0,0,7,0,0
531,features.34,80,0,80,0,0,0,0,0,0,0,0,0,10
531,features.37,80,0,80,0,0,0,0,0,0,0,0,0,10
531,features.40,80,0,80,0,0,0,0,0,0,0,0,0,10
532,features.20,40,8,32,8,0,8,0,2,0,0,8,0,0
532,features.24,80,16,64,8,1,15,0,2,0,0,8,0,0
532,features.27,80,16,64,8,0,16,0,2,0,0,8,0,0
532,features.30,80,16,64,8,0,16,0,2,0,0,8,0,0
532,features.34,80,0,80,0,0,0,0,0,0,0,0,0,10
532,features.37,80,0,80,0,0,0,0,0,0,0,0,0,10
532,features.40,80,0,80,0,0,0,0,0,0,0,0,0,10
533,features.20,40,7,33,7,0,7,0,3,0,0,7,0,0
533,features.24,80,14,66,7,0,14,0,3,0,0,7,0,0
533,features.27,80,14,66,7,0,14,0,3,0,0,7,0,0
533,features.30,80,14,66,7,1,13,0,3,0,0,7,0,0
533,features.34,80,0,80,0,0,0,0,0,0,0,0,0,10
533,features.37,80,0,80,0,0,0,0,0,0,0,0,0,10
533,features.40,80,0,80,0,0,0,0,0,0,0,0,0,10
534,features.20,40,8,32,8,1,7,0,2,0,0,8,0,0
534,features.24,80,16,64,8,1,15,0,2,0,0,8,0,0
534,features.27,80,16,64,8,1,15,0,2,0,0,8,0,0
534,features.30,80,16,64,8,0,16,0,2,0,0,8,0,0
534,features.34,80,0,80,0,0,0,0,0,0,0,0,0,10
534,features.37,80,0,80,0,0,0,0,0,0,0,0,0,10
534,features.40,80,0,80,0,0,0,0,0,0,0,0,0,10
535,features.20,40,7,33,7,0,7,0,3,0,0,7,0,0
535,features.24,80,14,66,7,1,13,0,3,0,0,7,0,0
535,features.27,80,14,66,7,0,14,0,3,0,0,7,0,0
535,features.30,80,14,66,7,0,14,0,3,0,0,7,0,0
535,features.34,80,0,80,0,0,0,0,0,0,0,0,0,10
535,features.37,80,0,80,0,0,0,0,0,0,0,0,0,10
535,features.40,80,0,80,0,0,0,0,0,0,0,0,0,10
536,features.20,40,7,33,7,0,7,0,3,0,0,7,0,0
536,features.24,80,14,66,7,0,14,0,3,0,0,7,0,0
536,features.27,80,14,66,7,0,14,0,3,0,0,7,0,0
536,features.30,80,14,66,7,0,14,0,3,0,0,7,0,0
536,features.34,80,0,80,0,0,0,0,0,0,0,0,0,10
536,features.37,80,0,80,0,0,0,0,0,0,0,0,0,10
536,features.40,80,0,80,0,0,0,0,0,0,0,0,0,10
537,features.20,40,6,34,6,1,5,0,4,0,0,6,0,0
537,features.24,80,12,68,6,0,12,0,4,0,0,6,0,0
537,features.27,80,12,68,6,0,12,0,4,0,0,6,0,0
537,features.30,80,12,68,6,0,12,0,4,0,0,6,0,0
537,features.34,80,0,80,0,0,0,0,0,0,0,0,0,10
537,features.37,80,0,80,0,0,0,0,0,0,0,0,0,10
537,features.40,80,0,80,0,0,0,0,0,0,0,0,0,10
538,features.20,40,8,32,8,0,8,0,2,0,0,8,0,0
538,features.24,80,16,64,8,0,16,0,2,0,0,8,0,0
538,features.27,80,16,64,8,0,16,0,2,0,0,8,0,0
538,features.30,80,16,64,8,1,15,0,2,0,0,8,0,0
538,features.34,80,0,80,0,0,0,0,0,0,0,0,0,10
538,features.37,80,0,80,0,0,0,0,0,0,0,0,0,10
538,features.40,80,0,80,0,0,0,0,0,0,0,0,0,10
539,features.20,40,7,33,7,0,7,0,3,0,0,7,0,0
539,features.24,80,14,66,7,0,14,0,3,0,0,7,0,0
539,features.27,80,14,66,7,0,14,0,3,0,0,7,0,0
539,features.30,80,14,66,7,0,14,0,3,0,0,7,0,0
539,features.34,80,0,80,0,0,0,0,0,0,0,0,0,10
539,features.37,80,0,80,0,0,0,0,0,0,0,0,0,10
539,features.40,80,0,80,0,0,0,0,0,0,0,0,0,10
540,features.24,80,10,70,5,0,10,0,5,0,0,5,0,0
540,features.27,80,10,70,5,0,10,0,5,0,0,5,0,0
540,features.30,80,10,70,5,2,8,0,5,0,0,5,0,0
540,features.34,80,0,80,0,0,0,0,0,0,0,0,0,10
540,features.37,80,0,80,0,0,0,0,0,0,0,0,0,10
540,features.40,80,0,80,0,0,0,0,0,0,0,0,0,10
541,features.24,80,14,66,7,0,14,0,3,0,0,7,0,0
541,features.27,80,14,66,7,0,14,0,3,0,0,7,0,0
541,features.30,80,14,66,7,0,14,0,3,0,0,7,0,0
541,features.34,80,0,80,0,0,0,0,0,0,0,0,0,10
541,features.37,80,0,80,0,0,0,0,0,0,0,0,0,10
541,features.40,80,0,80,0,0,0,0,0,0,0,0,0,10
542,features.24,80,6,74,3,0,6,0,7,0,0,3,0,0
542,features.27,80,6,74,3,0,6,0,7,0,0,3,0,0
542,features.30,80,6,74,3,0,6,0,7,0,0,3,0,0
542,features.34,80,0,80,0,0,0,0,0,0,0,0,0,10
542,features.37,80,0,80,0,0,0,0,0,0,0,0,0,10
542,features.40,80,0,80,0,0,0,0,0,0,0,0,0,10
543,features.24,80,12,68,6,1,11,0,4,0,0,6,0,0
543,features.27,80,12,68,6,0,12,0,4,0,0,6,0,0
543,features.30,80,12,68,6,0,12,0,4,0,0,6,0,0
543,features.34,80,0,80,0,0,0,0,0,0,0,0,0,10
543,features.37,80,0,80,0,0,0,0,0,0,0,0,0,10
543,features.40,80,0,80,0,0,0,0,0,0,0,0,0,10
544,features.24,80,14,66,7,0,14,0,3,0,0,7,0,0
544,features.27,80,14,66,7,0,14,0,3,0,0,7,0,0
544,features.30,80,14,66,7,0,14,0,3,0,0,7,0,0
544,features.34,80,0,80,0,0,0,0,0,0,0,0,0,10
544,features.37,80,0,80,0,0,0,0,0,0,0,0,0,10
544,features.40,80,0,80,0,0,0,0,0,0,0,0,0,10
545,features.24,80,12,68,6,1,11,0,4,0,0,6,0,0
545,features.27,80,12,68,6,0,12,0,4,0,0,6,0,0
545,features.30,80,12,68,6,0,12,0,4,0,0,6,0,0
545,features.34,80,0,80,0,0,0,0,0,0,0,0,0,10
545,features.37,80,0,80,0,0,0,0,0,0,0,0,0,10
545,features.40,80,0,80,0,0,0,0,0,0,0,0,0,10
546,features.24,80,8,72,4,0,8,0,6,0,0,4,0,0
546,features.27,80,8,72,4,0,8,0,6,0,0,4,0,0
546,features.30,80,8,72,4,0,8,0,6,0,0,4,0,0
546,features.34,80,0,80,0,0,0,0,0,0,0,0,0,10
546,features.37,80,0,80,0,0,0,0,0,0,0,0,0,10
546,features.40,80,0,80,0,0,0,0,0,0,0,0,0,10
547,features.24,80,10,70,5,0,10,0,5,0,0,5,0,0
547,features.27,80,10,70,5,0,10,0,5,0,0,5,0,0
547,features.30,80,10,70,5,1,9,0,5,0,0,5,0,0
547,features.34,80,0,80,0,0,0,0,0,0,0,0,0,10
547,features.37,80,0,80,0,0,0,0,0,0,0,0,0,10
547,features.40,80,0,80,0,0,0,0,0,0,0,0,0,10
548,features.24,80,16,64,8,1,15,0,2,0,0,8,0,0
548,features.27,80,16,64,8,1,15,0,2,0,0,8,0,0
548,features.30,80,16,64,8,0,16,0,2,0,0,8,0,0
548,features.34,80,0,80,0,0,0,0,0,0,0,0,0,10
548,features.37,80,0,80,0,0,0,0,0,0,0,0,0,10
548,features.40,80,0,80,0,0,0,0,0,0,0,0,0,10
549,features.24,80,16,64,8,1,15,0,2,0,0,8,0,0
549,features.27,80,16,64,8,0,16,0,2,0,0,8,0,0
549,features.30,80,16,64,8,0,16,0,2,0,0,8,0,0
549,features.34,80,0,80,0,0,0,0,0,0,0,0,0,10
549,features.37,80,0,80,0,0,0,0,0,0,0,0,0,10
549,features.40,80,0,80,0,0,0,0,0,0,0,0,0,10
550,features.24,80,14,66,7,0,14,0,3,0,0,7,0,0
550,features.27,80,14,66,7,0,14,0,3,0,0,7,0,0
550,features.30,80,14,66,7,0,14,0,3,0,0,7,0,0
550,features.34,80,0,80,0,0,0,0,0,0,0,0,0,10
550,features.37,80,0,80,0,0,0,0,0,0,0,0,0,10
550,features.40,80,0,80,0,0,0,0,0,0,0,0,0,10
551,features.24,80,16,64,8,1,15,0,2,0,0,8,0,0
551,features.27,80,16,64,8,0,16,0,2,0,0,8,0,0
551,features.30,80,16,64,8,0,16,0,2,0,0,8,0,0
551,features.34,80,0,80,0,0,0,0,0,0,0,0,0,10
551,features.37,80,0,80,0,0,0,0,0,0,0,0,0,10
551,features.40,80,0,80,0,0,0,0,0,0,0,0,0,10
552,features.24,80,10,70,5,0,10,0,5,0,0,5,0,0
552,features.27,80,10,70,5,0,10,0,5,0,0,5,0,0
552,features.30,80,10,70,5,1,9,0,5,0,0,5,0,0
552,features.34,80,0,80,0,0,0,0,0,0,0,0,0,10
552,features.37,80,0,80,0,0,0,0,0,0,0,0,0,10
552,features.40,80,0,80,0,0,0,0,0,0,0,0,0,10
553,features.24,80,12,68,6,0,12,0,4,0,0,6,0,0
553,features.27,80,12,68,6,0,12,0,4,0,0,6,0,0
553,features.30,80,12,68,6,0,12,0,4,0,0,6,0,0
553,features.34,80,0,80,0,0,0,0,0,0,0,0,0,10
553,features.37,80,0,80,0,0,0,0,0,0,0,0,0,10
553,features.40,80,0,80,0,0,0,0,0,0,0,0,0,10
554,features.24,80,8,72,4,0,8,0,6,0,0,4,0,0
554,features.27,80,8,72,4,0,8,0,6,0,0,4,0,0
554,features.30,80,8,72,4,0,8,0,6,0,0,4,0,0
554,features.34,80,0,80,0,0,0,0,0,0,0,0,0,10
554,features.37,80,0,80,0,0,0,0,0,0,0,0,0,10
554,features.40,80,0,80,0,0,0,0,0,0,0,0,0,10
555,features.24,80,12,68,6,0,12,0,4,0,0,6,0,0
555,features.27,80,12,68,6,0,12,0,4,0,0,6,0,0
555,features.30,80,12,68,6,0,12,0,4,0,0,6,0,0
555,features.34,80,0,80,0,0,0,0,0,0,0,0,0,10
555,features.37,80,0,80,0,0,0,0,0,0,0,0,0,10
555,features.40,80,0,80,0,0,0,0,0,0,0,0,0,10
556,features.24,80,14,66,7,0,14,0,3,0,0,7,0,0
556,features.27,80,14,66,7,1,13,0,3,0,0,7,0,0
556,features.30,80,14,66,7,0,14,0,3,0,0,7,0,0
556,features.34,80,0,80,0,0,0,0,0,0,0,0,0,10
556,features.37,80,0,80,0,0,0,0,0,0,0,0,0,10
556,features.40,80,0,80,0,0,0,0,0,0,0,0,0,10
557,features.24,80,16,64,8,1,15,0,2,0,0,8,0,0
557,features.27,80,16,64,8,0,16,0,2,0,0,8,0,0
557,features.30,80,16,64,8,0,16,0,2,0,0,8,0,0
557,features.34,80,0,80,0,0,0,0,0,0,0,0,0,10
557,features.37,80,0,80,0,0,0,0,0,0,0,0,0,10
557,features.40,80,0,80,0,0,0,0,0,0,0,0,0,10
558,features.24,80,12,68,6,0,12,0,4,0,0,6,0,0
558,features.27,80,12,68,6,0,12,0,4,0,0,6,0,0
558,features.30,80,12,68,6,0,12,0,4,0,0,6,0,0
558,features.34,80,0,80,0,0,0,0,0,0,0,0,0,10
558,features.37,80,0,80,0,0,0,0,0,0,0,0,0,10
558,features.40,80,0,80,0,0,0,0,0,0,0,0,0,10
559,features.24,80,12,68,6,0,12,0,4,0,0,6,0,0
559,features.27,80,12,68,6,0,12,0,4,0,0,6,0,0
559,features.30,80,12,68,6,0,12,0,4,0,0,6,0,0
559,features.34,80,0,80,0,0,0,0,0,0,0,0,0,10
559,features.37,80,0,80,0,0,0,0,0,0,0,0,0,10
559,features.40,80,0,80,0,0,0,0,0,0,0,0,0,10
560,features.24,80,10,70,5,0,10,0,5,0,0,5,0,0
560,features.27,80,10,70,5,0,10,0,5,0,0,5,0,0
560,features.30,80,10,70,5,0,10,0,5,0,0,5,0,0
560,features.34,80,0,80,0,0,0,0,0,0,0,0,0,10
560,features.37,80,0,80,0,0,0,0,0,0,0,0,0,10
560,features.40,80,0,80,0,0,0,0,0,0,0,0,0,10
561,features.24,80,14,66,7,0,14,0,3,0,0,7,0,0
561,features.27,80,14,66,7,0,14,0,3,0,0,7,0,0
561,features.30,80,14,66,7,0,14,0,3,0,0,7,0,0
561,features.34,80,0,80,0,0,0,0,0,0,0,0,0,10
561,features.37,80,0,80,0,0,0,0,0,0,0,0,0,10
561,features.40,80,0,80,0,0,0,0,0,0,0,0,0,10
562,features.24,80,14,66,7,0,14,0,3,0,0,7,0,0
562,features.27,80,14,66,7,1,13,0,3,0,0,7,0,0
562,features.30,80,14,66,7,0,14,0,3,0,0,7,0,0
562,features.34,80,0,80,0,0,0,0,0,0,0,0,0,10
562,features.37,80,0,80,0,0,0,0,0,0,0,0,0,10
562,features.40,80,0,80,0,0,0,0,0,0,0,0,0,10
563,features.24,80,8,72,4,1,7,0,6,0,0,4,0,0
563,features.27,80,8,72,4,0,8,0,6,0,0,4,0,0
563,features.30,80,8,72,4,0,8,0,6,0,0,4,0,0
563,features.34,80,0,80,0,0,0,0,0,0,0,0,0,10
563,features.37,80,0,80,0,0,0,0,0,0,0,0,0,10
563,features.40,80,0,80,0,0,0,0,0,0,0,0,0,10
564,features.24,80,16,64,8,0,16,0,2,0,0,8,0,0
564,features.27,80,16,64,8,0,16,0,2,0,0,8,0,0
564,features.30,80,16,64,8,1,15,0,2,0,0,8,0,0
564,features.34,80,0,80,0,0,0,0,0,0,0,0,0,10
564,features.37,80,0,80,0,0,0,0,0,0,0,0,0,10
564,features.40,80,0,80,0,0,0,0,0,0,0,0,0,10
565,features.24,80,14,66,7,0,14,0,3,0,0,7,0,0
565,features.27,80,14,66,7,0,14,0,3,0,0,7,0,0
565,features.30,80,14,66,7,0,14,0,3,0,0,7,0,0
565,features.34,80,0,80,0,0,0,0,0,0,0,0,0,10
565,features.37,80,0,80,0,0,0,0,0,0,0,0,0,10
565,features.40,80,0,80,0,0,0,0,0,0,0,0,0,10
566,features.24,80,14,66,7,0,14,0,3,0,0,7,0,0
566,features.27,80,14,66,7,0,14,0,3,0,0,7,0,0
566,features.30,80,14,66,7,0,14,0,3,0,0,7,0,0
566,features.34,80,0,80,0,0,0,0,0,0,0,0,0,10
566,features.37,80,0,80,0,0,0,0,0,0,0,0,0,10
566,features.40,80,0,80,0,0,0,0,0,0,0,0,0,10
567,features.24,80,18,62,9,0,18,0,1,0,0,9,0,0
567,features.27,80,18,62,9,0,18,0,1,0,0,9,0,0
567,features.30,80,18,62,9,0,18,0,1,0,0,9,0,0
567,features.34,80,0,80,0,0,0,0,0,0,0,0,0,10
567,features.37,80,0,80,0,0,0,0,0,0,0,0,0,10
567,features.40,80,0,80,0,0,0,0,0,0,0,0,0,10
568,features.24,80,12,68,6,0,12,0,4,0,0,6,0,0
568,features.27,80,12,68,6,0,12,0,4,0,0,6,0,0
568,features.30,80,12,68,6,0,12,0,4,0,0,6,0,0
568,features.34,80,0,80,0,0,0,0,0,0,0,0,0,10
568,features.37,80,0,80,0,0,0,0,0,0,0,0,0,10
568,features.40,80,0,80,0,0,0,0,0,0,0,0,0,10
569,features.24,80,10,70,5,0,10,0,5,0,0,5,0,0
569,features.27,80,10,70,5,0,10,0,5,0,0,5,0,0
569,features.30,80,10,70,5,1,9,0,5,0,0,5,0,0
569,features.34,80,0,80,0,0,0,0,0,0,0,0,0,10
569,features.37,80,0,80,0,0,0,0,0,0,0,0,0,10
569,features.40,80,0,80,0,0,0,0,0,0,0,0,0,10
570,features.24,80,10,70,5,0,10,0,5,0,0,5,0,0
570,features.27,80,10,70,5,1,9,0,5,0,0,5,0,0
570,features.30,80,10,70,5,0,10,0,5,0,0,5,0,0
570,features.34,80,0,80,0,0,0,0,0,0,0,0,0,10
570,features.37,80,0,80,0,0,0,0,0,0,0,0,0,10
570,features.40,80,0,80,0,0,0,0,0,0,0,0,0,10
571,features.24,80,18,62,9,0,18,0,1,0,0,9,0,0
571,features.27,80,18,62,9,0,18,0,1,0,0,9,0,0
571,features.30,80,18,62,9,0,18,0,1,0,0,9,0,0
571,features.34,80,0,80,0,0,0,0,0,0,0,0,0,10
571,features.37,80,0,80,0,0,0,0,0,0,0,0,0,10
571,features.40,80,0,80,0,0,0,0,0,0,0,0,0,10
572,features.24,80,16,64,8,0,16,0,2,0,0,8,0,0
572,features.27,80,16,64,8,0,16,0,2,0,0,8,0,0
572,features.30,80,16,64,8,0,16,0,2,0,0,8,0,0
572,features.34,80,0,80,0,0,0,0,0,0,0,0,0,10
572,features.37,80,0,80,0,0,0,0,0,0,0,0,0,10
572,features.40,80,0,80,0,0,0,0,0,0,0,0,0,10
573,features.24,80,14,66,7,1,13,0,3,0,0,7,0,0
573,features.27,80,14,66,7,1,13,0,3,0,0,7,0,0
573,features.30,80,14,66,7,0,14,0,3,0,0,7,0,0
573,features.34,80,0,80,0,0,0,0,0,0,0,0,0,10
573,features.37,80,0,80,0,0,0,0,0,0,0,0,0,10
573,features.40,80,0,80,0,0,0,0,0,0,0,0,0,10
574,features.24,80,16,64,8,1,15,0,2,0,0,8,0,0
574,features.27,80,16,64,8,0,16,0,2,0,0,8,0,0
574,features.30,80,16,64,8,0,16,0,2,0,0,8,0,0
574,features.34,80,0,80,0,0,0,0,0,0,0,0,0,10
574,features.37,80,0,80,0,0,0,0,0,0,0,0,0,10
574,features.40,80,0,80,0,0,0,0,0,0,0,0,0,10
575,features.24,80,16,64,8,0,16,0,2,0,0,8,0,0
575,features.27,80,16,64,8,0,16,0,2,0,0,8,0,0
575,features.30,80,16,64,8,0,16,0,2,0,0,8,0,0
575,features.34,80,0,80,0,0,0,0,0,0,0,0,0,10
575,features.37,80,0,80,0,0,0,0,0,0,0,0,0,10
575,features.40,80,0,80,0,0,0,0,0,0,0,0,0,10
576,features.24,80,10,70,5,0,10,0,5,0,0,5,0,0
576,features.27,80,10,70,5,0,10,0,5,0,0,5,0,0
576,features.30,80,10,70,5,0,10,0,5,0,0,5,0,0
576,features.34,80,0,80,0,0,0,0,0,0,0,0,0,10
576,features.37,80,0,80,0,0,0,0,0,0,0,0,0,10
576,features.40,80,0,80,0,0,0,0,0,0,0,0,0,10
577,features.24,80,12,68,6,0,12,0,4,0,0,6,0,0
577,features.27,80,12,68,6,0,12,0,4,0,0,6,0,0
577,features.30,80,12,68,6,1,11,0,4,0,0,6,0,0
577,features.34,80,0,80,0,0,0,0,0,0,0,0,0,10
577,features.37,80,0,80,0,0,0,0,0,0,0,0,0,10
577,features.40,80,0,80,0,0,0,0,0,0,0,0,0,10
578,features.24,80,6,74,3,0,6,0,7,0,0,3,0,0
578,features.27,80,6,74,3,0,6,0,7,0,0,3,0,0
578,features.30,80,6,74,3,0,6,0,7,0,0,3,0,0
578,features.34,80,0,80,0,0,0,0,0,0,0,0,0,10
578,features.37,80,0,80,0,0,0,0,0,0,0,0,0,10
578,features.40,80,0,80,0,0,0,0,0,0,0,0,0,10
579,features.24,80,18,62,9,1,17,0,1,0,0,9,0,0
579,features.27,80,18,62,9,0,18,0,1,0,0,9,0,0
579,features.30,80,18,62,9,0,18,0,1,0,0,9,0,0
579,features.34,80,0,80,0,0,0,0,0,0,0,0,0,10
579,features.37,80,0,80,0,0,0,0,0,0,0,0,0,10
579,features.40,80,0,80,0,0,0,0,0,0,0,0,0,10
580,features.24,80,18,62,9,0,18,0,1,0,0,9,0,0
580,features.27,80,18,62,9,2,16,0,1,0,0,9,0,0
580,features.30,80,18,62,9,0,18,0,1,0,0,9,0,0
580,features.34,80,0,80,0,0,0,0,0,0,0,0,0,10
580,features.37,80,0,80,0,0,0,0,0,0,0,0,0,10
580,features.40,80,0,80,0,0,0,0,0,0,0,0,0,10
581,features.24,80,12,68,6,0,12,0,4,0,0,6,0,0
581,features.27,80,12,68,6,0,12,0,4,0,0,6,0,0
581,features.30,80,12,68,6,2,10,0,4,0,0,6,0,0
581,features.34,80,0,80,0,0,0,0,0,0,0,0,0,10
581,features.37,80,0,80,0,0,0,0,0,0,0,0,0,10
581,features.40,80,0,80,0,0,0,0,0,0,0,0,0,10
582,features.24,80,14,66,7,0,14,0,3,0,0,7,0,0
582,features.27,80,14,66,7,0,14,0,3,0,0,7,0,0
582,features.30,80,14,66,7,0,14,0,3,0,0,7,0,0
582,features.34,80,0,80,0,0,0,0,0,0,0,0,0,10
582,features.37,80,0,80,0,0,0,0,0,0,0,0,0,10
582,features.40,80,0,80,0,0,0,0,0,0,0,0,0,10
583,features.24,80,10,70,5,0,10,0,5,0,0,5,0,0
583,features.27,80,10,70,5,0,10,0,5,0,0,5,0,0
583,features.30,80,10,70,5,0,10,0,5,0,0,5,0,0
583,features.34,80,0,80,0,0,0,0,0,0,0,0,0,10
583,features.37,80,0,80,0,0,0,0,0,0,0,0,0,10
583,features.40,80,0,80,0,0,0,0,0,0,0,0,0,10
584,features.24,80,14,66,7,1,13,0,3,0,0,7,0,0
584,features.27,80,14,66,7,0,14,0,3,0,0,7,0,0
584,features.30,80,14,66,7,0,14,0,3,0,0,7,0,0
584,features.34,80,0,80,0,0,0,0,0,0,0,0,0,10
584,features.37,80,0,80,0,0,0,0,0,0,0,0,0,10
584,features.40,80,0,80,0,0,0,0,0,0,0,0,0,10
585,features.24,80,12,68,6,0,12,0,4,0,0,6,0,0
585,features.27,80,12,68,6,0,12,0,4,0,0,6,0,0
585,features.30,80,12,68,6,0,12,0,4,0,0,6,0,0
585,features.34,80,0,80,0,0,0,0,0,0,0,0,0,10
585,features.37,80,0,80,0,0,0,0,0,0,0,0,0,10
585,features.40,80,0,80,0,0,0,0,0,0,0,0,0,10
586,features.24,80,12,68,6,0,12,0,4,0,0,6,0,0
586,features.27,80,12,68,6,0,12,0,4,0,0,6,0,0
586,features.30,80,12,68,6,0,12,0,4,0,0,6,0,0
586,features.34,80,0,80,0,0,0,0,0,0,0,0,0,10
586,features.37,80,0,80,0,0,0,0,0,0,0,0,0,10
586,features.40,80,0,80,0,0,0,0,0,0,0,0,0,10
587,features.24,80,12,68,6,0,12,0,4,0,0,6,0,0
587,features.27,80,12,68,6,0,12,0,4,0,0,6,0,0
587,features.30,80,12,68,6,0,12,0,4,0,0,6,0,0
587,features.34,80,0,80,0,0,0,0,0,0,0,0,0,10
587,features.37,80,0,80,0,0,0,0,0,0,0,0,0,10
587,features.40,80,0,80,0,0,0,0,0,0,0,0,0,10
588,features.24,80,10,70,5,0,10,0,5,0,0,5,0,0
588,features.27,80,10,70,5,0,10,0,5,0,0,5,0,0
588,features.30,80,10,70,5,0,10,0,5,0,0,5,0,0
588,features.34,80,0,80,0,0,0,0,0,0,0,0,0,10
588,features.37,80,0,80,0,0,0,0,0,0,0,0,0,10
588,features.40,80,0,80,0,0,0,0,0,0,0,0,0,10
589,features.24,80,12,68,6,0,12,0,4,0,0,6,0,0
589,features.27,80,12,68,6,0,12,0,4,0,0,6,0,0
589,features.30,80,12,68,6,0,12,0,4,0,0,6,0,0
589,features.34,80,0,80,0,0,0,0,0,0,0,0,0,10
589,features.37,80,0,80,0,0,0,0,0,0,0,0,0,10
589,features.40,80,0,80,0,0,0,0,0,0,0,0,0,10
590,features.24,80,14,66,7,0,14,0,3,0,0,7,0,0
590,features.27,80,14,66,7,0,14,0,3,0,0,7,0,0
590,features.30,80,14,66,7,0,14,0,3,0,0,7,0,0
590,features.34,80,0,80,0,0,0,0,0,0,0,0,0,10
590,features.37,80,0,80,0,0,0,0,0,0,0,0,0,10
590,features.40,80,0,80,0,0,0,0,0,0,0,0,0,10
591,features.24,80,14,66,7,0,14,0,3,0,0,7,0,0
591,features.27,80,14,66,7,0,14,0,3,0,0,7,0,0
591,features.30,80,14,66,7,0,14,0,3,0,0,7,0,0
591,features.34,80,0,80,0,0,0,0,0,0,0,0,0,10
591,features.37,80,0,80,0,0,0,0,0,0,0,0,0,10
591,features.40,80,0,80,0,0,0,0,0,0,0,0,0,10
592,features.24,80,12,68,6,0,12,0,4,0,0,6,0,0
592,features.27,80,12,68,6,0,12,0,4,0,0,6,0,0
592,features.30,80,12,68,6,2,10,0,4,0,0,6,0,0
592,features.34,80,0,80,0,0,0,0,0,0,0,0,0,10
592,features.37,80,0,80,0,0,0,0,0,0,0,0,0,10
592,features.40,80,0,80,0,0,0,0,0,0,0,0,0,10
593,features.24,80,16,64,8,1,15,0,2,0,0,8,0,0
593,features.27,80,16,64,8,0,16,0,2,0,0,8,0,0
593,features.30,80,16,64,8,1,15,0,2,0,0,8,0,0
593,features.34,80,0,80,0,0,0,0,0,0,0,0,0,10
593,features.37,80,0,80,0,0,0,0,0,0,0,0,0,10
593,features.40,80,0,80,0,0,0,0,0,0,0,0,0,10
594,features.24,80,12,68,6,0,12,0,4,0,0,6,0,0
594,features.27,80,12,68,6,1,11,0,4,0,0,6,0,0
594,features.30,80,12,68,6,0,12,0,4,0,0,6,0,0
594,features.34,80,0,80,0,0,0,0,0,0,0,0,0,10
594,features.37,80,0,80,0,0,0,0,0,0,0,0,0,10
594,features.40,80,0,80,0,0,0,0,0,0,0,0,0,10
595,features.24,80,12,68,6,2,10,0,4,0,0,6,0,0
595,features.27,80,12,68,6,0,12,0,4,0,0,6,0,0
595,features.30,80,12,68,6,0,12,0,4,0,0,6,0,0
595,features.34,80,0,80,0,0,0,0,0,0,0,0,0,10
595,features.37,80,0,80,0,0,0,0,0,0,0,0,0,10
595,features.40,80,0,80,0,0,0,0,0,0,0,0,0,10
596,features.24,80,14,66,7,0,14,0,3,0,0,7,0,0
596,features.27,80,14,66,7,0,14,0,3,0,0,7,0,0
596,features.30,80,14,66,7,0,14,0,3,0,0,7,0,0
596,features.34,80,0,80,0,0,0,0,0,0,0,0,0,10
596,features.37,80,0,80,0,0,0,0,0,0,0,0,0,10
596,features.40,80,0,80,0,0,0,0,0,0,0,0,0,10
597,features.24,80,16,64,8,0,16,0,2,0,0,8,0,0
597,features.27,80,16,64,8,0,16,0,2,0,0,8,0,0
597,features.30,80,16,64,8,0,16,0,2,0,0,8,0,0
597,features.34,80,0,80,0,0,0,0,0,0,0,0,0,10
597,features.37,80,0,80,0,0,0,0,0,0,0,0,0,10
597,features.40,80,0,80,0,0,0,0,0,0,0,0,0,10
598,features.24,80,12,68,6,0,12,0,4,0,0,6,0,0
598,features.27,80,12,68,6,0,12,0,4,0,0,6,0,0
598,features.30,80,12,68,6,0,12,0,4,0,0,6,0,0
598,features.34,80,0,80,0,0,0,0,0,0,0,0,0,10
598,features.37,80,0,80,0,0,0,0,0,0,0,0,0,10
598,features.40,80,0,80,0,0,0,0,0,0,0,0,0,10
599,features.24,80,14,66,7,0,14,0,3,0,0,7,0,0
599,features.27,80,14,66,7,0,14,0,3,0,0,7,0,0
599,features.30,80,14,66,7,1,13,0,3,0,0,7,0,0
599,features.34,80,0,80,0,0,0,0,0,0,0,0,0,10
599,features.37,80,0,80,0,0,0,0,0,0,0,0,0,10
599,features.40,80,0,80,0,0,0,0,0,0,0,0,0,10
600,features.24,80,10,70,5,0,10,0,5,0,0,5,0,0
600,features.27,80,10,70,5,0,10,0,5,0,0,5,0,0
600,features.30,80,10,70,5,0,10,0,5,0,0,5,0,0
600,features.34,80,0,80,0,0,0,0,0,0,0,0,0,10
600,features.37,80,0,80,0,0,0,0,0,0,0,0,0,10
600,features.40,80,0,80,0,0,0,0,0,0,0,0,0,10
601,features.24,80,14,66,7,0,14,0,3,0,0,7,0,0
601,features.27,80,14,66,7,0,14,0,3,0,0,7,0,0
601,features.30,80,14,66,7,0,14,0,3,0,0,7,0,0
601,features.34,80,0,80,0,0,0,0,0,0,0,0,0,10
601,features.37,80,0,80,0,0,0,0,0,0,0,0,0,10
601,features.40,80,0,80,0,0,0,0,0,0,0,0,0,10
602,features.24,80,8,72,4,0,8,0,6,0,0,4,0,0
602,features.27,80,8,72,4,0,8,0,6,0,0,4,0,0
602,features.30,80,8,72,4,0,8,0,6,0,0,4,0,0
602,features.34,80,0,80,0,0,0,0,0,0,0,0,0,10
602,features.37,80,0,80,0,0,0,0,0,0,0,0,0,10
602,features.40,80,0,80,0,0,0,0,0,0,0,0,0,10
603,features.24,80,12,68,6,0,12,0,4,0,0,6,0,0
603,features.27,80,12,68,6,1,11,0,4,0,0,6,0,0
603,features.30,80,12,68,6,1,11,0,4,0,0,6,0,0
603,features.34,80,0,80,0,0,0,0,0,0,0,0,0,10
603,features.37,80,0,80,0,0,0,0,0,0,0,0,0,10
603,features.40,80,0,80,0,0,0,0,0,0,0,0,0,10
604,features.24,80,14,66,7,0,14,0,3,0,0,7,0,0
604,features.27,80,14,66,7,0,14,0,3,0,0,7,0,0
604,features.30,80,14,66,7,1,13,0,3,0,0,7,0,0
604,features.34,80,0,80,0,0,0,0,0,0,0,0,0,10
604,features.37,80,0,80,0,0,0,0,0,0,0,0,0,10
604,features.40,80,0,80,0,0,0,0,0,0,0,0,0,10
605,features.24,80,12,68,6,0,12,0,4,0,0,6,0,0
605,features.27,80,12,68,6,0,12,0,4,0,0,6,0,0
605,features.30,80,12,68,6,0,12,0,4,0,0,6,0,0
605,features.34,80,0,80,0,0,0,0,0,0,0,0,0,10
605,features.37,80,0,80,0,0,0,0,0,0,0,0,0,10
605,features.40,80,0,80,0,0,0,0,0,0,0,0,0,10
606,features.24,80,12,68,6,0,12,0,4,0,0,6,0,0
606,features.27,80,12,68,6,1,11,0,4,0,0,6,0,0
606,features.30,80,12,68,6,0,12,0,4,0,0,6,0,0
606,features.34,80,0,80,0,0,0,0,0,0,0,0,0,10
606,features.37,80,0,80,0,0,0,0,0,0,0,0,0,10
606,features.40,80,0,80,0,0,0,0,0,0,0,0,0,10
607,features.24,80,12,68,6,0,12,0,4,0,0,6,0,0
607,features.27,80,12,68,6,0,12,0,4,0,0,6,0,0
607,features.30,80,12,68,6,0,12,0,4,0,0,6,0,0
607,features.34,80,0,80,0,0,0,0,0,0,0,0,0,10
607,features.37,80,0,80,0,0,0,0,0,0,0,0,0,10
607,features.40,80,0,80,0,0,0,0,0,0,0,0,0,10
608,features.24,80,18,62,9,0,18,0,1,0,0,9,0,0
608,features.27,80,18,62,9,1,17,0,1,0,0,9,0,0
608,features.30,80,18,62,9,0,18,0,1,0,0,9,0,0
608,features.34,80,0,80,0,0,0,0,0,0,0,0,0,10
608,features.37,80,0,80,0,0,0,0,0,0,0,0,0,10
608,features.40,80,0,80,0,0,0,0,0,0,0,0,0,10
609,features.24,80,16,64,8,0,16,0,2,0,0,8,0,0
609,features.27,80,16,64,8,1,15,0,2,0,0,8,0,0
609,features.30,80,16,64,8,0,16,0,2,0,0,8,0,0
609,features.34,80,0,80,0,0,0,0,0,0,0,0,0,10
609,features.37,80,0,80,0,0,0,0,0,0,0,0,0,10
609,features.40,80,0,80,0,0,0,0,0,0,0,0,0,10
610,features.24,80,18,62,9,0,18,0,1,0,0,9,0,0
610,features.27,80,18,62,9,0,18,0,1,0,0,9,0,0
610,features.30,80,18,62,9,0,18,0,1,0,0,9,0,0
610,features.34,80,0,80,0,0,0,0,0,0,0,0,0,10
610,features.37,80,0,80,0,0,0,0,0,0,0,0,0,10
610,features.40,80,0,80,0,0,0,0,0,0,0,0,0,10
611,features.24,80,12,68,6,0,12,0,4,0,0,6,0,0
611,features.27,80,12,68,6,0,12,0,4,0,0,6,0,0
611,features.30,80,12,68,6,0,12,0,4,0,0,6,0,0
611,features.34,80,0,80,0,0,0,0,0,0,0,0,0,10
611,features.37,80,0,80,0,0,0,0,0,0,0,0,0,10
611,features.40,80,0,80,0,0,0,0,0,0,0,0,0,10
612,features.24,80,14,66,7,0,14,0,3,0,0,7,0,0
612,features.27,80,14,66,7,0,14,0,3,0,0,7,0,0
612,features.30,80,14,66,7,2,12,0,3,0,0,7,0,0
612,features.34,80,0,80,0,0,0,0,0,0,0,0,0,10
612,features.37,80,0,80,0,0,0,0,0,0,0,0,0,10
612,features.40,80,0,80,0,0,0,0,0,0,0,0,0,10
613,features.24,80,16,64,8,0,16,0,2,0,0,8,0,0
613,features.27,80,16,64,8,0,16,0,2,0,0,8,0,0
613,features.30,80,16,64,8,1,15,0,2,0,0,8,0,0
613,features.34,80,0,80,0,0,0,0,0,0,0,0,0,10
613,features.37,80,0,80,0,0,0,0,0,0,0,0,0,10
613,features.40,80,0,80,0,0,0,0,0,0,0,0,0,10
614,features.24,80,6,74,3,0,6,0,7,0,0,3,0,0
614,features.27,80,6,74,3,1,5,0,7,0,0,3,0,0
614,features.30,80,6,74,3,0,6,0,7,0,0,3,0,0
614,features.34,80,0,80,0,0,0,0,0,0,0,0,0,10
614,features.37,80,0,80,0,0,0,0,0,0,0,0,0,10
614,features.40,80,0,80,0,0,0,0,0,0,0,0,0,10
615,features.24,80,10,70,5,0,10,0,5,0,0,5,0,0
615,features.27,80,10,70,5,0,10,0,5,0,0,5,0,0
615,features.30,80,10,70,5,0,10,0,5,0,0,5,0,0
615,features.34,80,0,80,0,0,0,0,0,0,0,0,0,10
615,features.37,80,0,80,0,0,0,0,0,0,0,0,0,10
615,features.40,80,0,80,0,0,0,0,0,0,0,0,0,10
616,features.24,80,14,66,7,0,14,0,3,0,0,7,0,0
616,features.27,80,14,66,7,0,14,0,3,0,0,7,0,0
616,features.30,80,14,66,7,0,14,0,3,0,0,7,0,0
616,features.34,80,0,80,0,0,0,0,0,0,0,0,0,10
616,features.37,80,0,80,0,0,0,0,0,0,0,0,0,10
616,features.40,80,0,80,0,0,0,0,0,0,0,0,0,10
617,features.27,80,12,68,6,1,11,0,4,0,0,6,0,0
617,features.30,80,12,68,6,0,12,0,4,0,0,6,0,0
617,features.34,80,0,80,0,0,0,0,0,0,0,0,0,10
617,features.37,80,0,80,0,0,0,0,0,0,0,0,0,10
617,features.40,80,0,80,0,0,0,0,0,0,0,0,0,10
618,features.27,80,16,64,8,0,16,0,2,0,0,8,0,0
618,features.30,80,16,64,8,0,16,0,2,0,0,8,0,0
618,features.34,80,0,80,0,0,0,0,0,0,0,0,0,10
618,features.37,80,0,80,0,0,0,0,0,0,0,0,0,10
618,features.40,80,0,80,0,0,0,0,0,0,0,0,0,10
619,features.27,80,16,64,8,0,16,0,2,0,0,8,0,0
619,features.30,80,16,64,8,0,16,0,2,0,0,8,0,0
619,features.34,80,0,80,0,0,0,0,0,0,0,0,0,10
619,features.37,80,0,80,0,0,0,0,0,0,0,0,0,10
619,features.40,80,0,80,0,0,0,0,0,0,0,0,0,10
620,features.27,80,14,66,7,0,14,0,3,0,0,7,0,0
620,features.30,80,14,66,7,0,14,0,3,0,0,7,0,0
620,features.34,80,0,80,0,0,0,0,0,0,0,0,0,10
620,features.37,80,0,80,0,0,0,0,0,0,0,0,0,10
620,features.40,80,0,80,0,0,0,0,0,0,0,0,0,10
621,features.27,80,14,66,7,0,14,0,3,0,0,7,0,0
621,features.30,80,14,66,7,0,14,0,3,0,0,7,0,0
621,features.34,80,0,80,0,0,0,0,0,0,0,0,0,10
621,features.37,80,0,80,0,0,0,0,0,0,0,0,0,10
621,features.40,80,0,80,0,0,0,0,0,0,0,0,0,10
622,features.27,80,10,70,5,0,10,0,5,0,0,5,0,0
622,features.30,80,10,70,5,0,10,0,5,0,0,5,0,0
622,features.34,80,0,80,0,0,0,0,0,0,0,0,0,10
622,features.37,80,0,80,0,0,0,0,0,0,0,0,0,10
622,features.40,80,0,80,0,0,0,0,0,0,0,0,0,10
623,features.27,80,12,68,6,1,11,0,4,0,0,6,0,0
623,features.30,80,12,68,6,0,12,0,4,0,0,6,0,0
623,features.34,80,0,80,0,0,0,0,0,0,0,0,0,10
623,features.37,80,0,80,0,0,0,0,0,0,0,0,0,10
623,features.40,80,0,80,0,0,0,0,0,0,0,0,0,10
624,features.27,80,12,68,6,0,12,0,4,0,0,6,0,0
624,features.30,80,12,68,6,0,12,0,4,0,0,6,0,0
624,features.34,80,0,80,0,0,0,0,0,0,0,0,0,10
624,features.37,80,0,80,0,0,0,0,0,0,0,0,0,10
624,features.40,80,0,80,0,0,0,0,0,0,0,0,0,10
625,features.27,80,12,68,6,1,11,0,4,0,0,6,0,0
625,features.30,80,12,68,6,0,12,0,4,0,0,6,0,0
625,features.34,80,0,80,0,0,0,0,0,0,0,0,0,10
625,features.37,80,0,80,0,0,0,0,0,0,0,0,0,10
625,features.40,80,0,80,0,0,0,0,0,0,0,0,0,10
626,features.27,80,10,70,5,0,10,0,5,0,0,5,0,0
626,features.30,80,10,70,5,1,9,0,5,0,0,5,0,0
626,features.34,80,0,80,0,0,0,0,0,0,0,0,0,10
626,features.37,80,0,80,0,0,0,0,0,0,0,0,0,10
626,features.40,80,0,80,0,0,0,0,0,0,0,0,0,10
627,features.27,80,10,70,5,0,10,0,5,0,0,5,0,0
627,features.30,80,10,70,5,1,9,0,5,0,0,5,0,0
627,features.34,80,0,80,0,0,0,0,0,0,0,0,0,10
627,features.37,80,0,80,0,0,0,0,0,0,0,0,0,10
627,features.40,80,0,80,0,0,0,0,0,0,0,0,0,10
628,features.27,80,16,64,8,0,16,0,2,0,0,8,0,0
628,features.30,80,16,64,8,1,15,0,2,0,0,8,0,0
628,features.34,80,0,80,0,0,0,0,0,0,0,0,0,10
628,features.37,80,0,80,0,0,0,0,0,0,0,0,0,10
628,features.40,80,0,80,0,0,0,0,0,0,0,0,0,10
629,features.27,80,10,70,5,0,10,0,5,0,0,5,0,0
629,features.30,80,10,70,5,1,9,0,5,0,0,5,0,0
629,features.34,80,0,80,0,0,0,0,0,0,0,0,0,10
629,features.37,80,0,80,0,0,0,0,0,0,0,0,0,10
629,features.40,80,0,80,0,0,0,0,0,0,0,0,0,10
630,features.27,80,14,66,7,0,14,0,3,0,0,7,0,0
630,features.30,80,14,66,7,0,14,0,3,0,0,7,0,0
630,features.34,80,0,80,0,0,0,0,0,0,0,0,0,10
630,features.37,80,0,80,0,0,0,0,0,0,0,0,0,10
630,features.40,80,0,80,0,0,0,0,0,0,0,0,0,10
631,features.27,80,10,70,5,1,9,0,5,0,0,5,0,0
631,features.30,80,10,70,5,0,10,0,5,0,0,5,0,0
631,features.34,80,0,80,0,0,0,0,0,0,0,0,0,10
631,features.37,80,0,80,0,0,0,0,0,0,0,0,0,10
631,features.40,80,0,80,0,0,0,0,0,0,0,0,0,10
632,features.27,80,20,60,10,0,20,0,0,0,0,10,0,0
632,features.30,80,20,60,10,0,20,0,0,0,0,10,0,0
632,features.34,80,0,80,0,0,0,0,0,0,0,0,0,10
632,features.37,80,0,80,0,0,0,0,0,0,0,0,0,10
632,features.40,80,0,80,0,0,0,0,0,0,0,0,0,10
633,features.27,80,12,68,6,0,12,0,4,0,0,6,0,0
633,features.30,80,12,68,6,0,12,0,4,0,0,6,0,0
633,features.34,80,0,80,0,0,0,0,0,0,0,0,0,10
633,features.37,80,0,80,0,0,0,0,0,0,0,0,0,10
633,features.40,80,0,80,0,0,0,0,0,0,0,0,0,10
634,features.27,80,16,64,8,0,16,0,2,0,0,8,0,0
634,features.30,80,16,64,8,0,16,0,2,0,0,8,0,0
634,features.34,80,0,80,0,0,0,0,0,0,0,0,0,10
634,features.37,80,0,80,0,0,0,0,0,0,0,0,0,10
634,features.40,80,0,80,0,0,0,0,0,0,0,0,0,10
635,features.27,80,12,68,6,0,12,0,4,0,0,6,0,0
635,features.30,80,12,68,6,0,12,0,4,0,0,6,0,0
635,features.34,80,0,80,0,0,0,0,0,0,0,0,0,10
635,features.37,80,0,80,0,0,0,0,0,0,0,0,0,10
635,features.40,80,0,80,0,0,0,0,0,0,0,0,0,10
636,features.27,80,18,62,9,0,18,0,1,0,0,9,0,0
636,features.30,80,18,62,9,1,17,0,1,0,0,9,0,0
636,features.34,80,0,80,0,0,0,0,0,0,0,0,0,10
636,features.37,80,0,80,0,0,0,0,0,0,0,0,0,10
636,features.40,80,0,80,0,0,0,0,0,0,0,0,0,10
637,features.27,80,18,62,9,1,17,0,1,0,0,9,0,0
637,features.30,80,18,62,9,0,18,0,1,0,0,9,0,0
637,features.34,80,0,80,0,0,0,0,0,0,0,0,0,10
637,features.37,80,0,80,0,0,0,0,0,0,0,0,0,10
637,features.40,80,0,80,0,0,0,0,0,0,0,0,0,10
638,features.27,80,12,68,6,1,11,0,4,0,0,6,0,0
638,features.30,80,12,68,6,1,11,0,4,0,0,6,0,0
638,features.34,80,0,80,0,0,0,0,0,0,0,0,0,10
638,features.37,80,0,80,0,0,0,0,0,0,0,0,0,10
638,features.40,80,0,80,0,0,0,0,0,0,0,0,0,10
639,features.27,80,12,68,6,0,12,0,4,0,0,6,0,0
639,features.30,80,12,68,6,0,12,0,4,0,0,6,0,0
639,features.34,80,0,80,0,0,0,0,0,0,0,0,0,10
639,features.37,80,0,80,0,0,0,0,0,0,0,0,0,10
639,features.40,80,0,80,0,0,0,0,0,0,0,0,0,10
640,features.27,80,16,64,8,1,15,0,2,0,0,8,0,0
640,features.30,80,16,64,8,0,16,0,2,0,0,8,0,0
640,features.34,80,0,80,0,0,0,0,0,0,0,0,0,10
640,features.37,80,0,80,0,0,0,0,0,0,0,0,0,10
640,features.40,80,0,80,0,0,0,0,0,0,0,0,0,10
641,features.27,80,16,64,8,0,16,0,2,0,0,8,0,0
641,features.30,80,16,64,8,0,16,0,2,0,0,8,0,0
641,features.34,80,0,80,0,0,0,0,0,0,0,0,0,10
641,features.37,80,0,80,0,0,0,0,0,0,0,0,0,10
641,features.40,80,0,80,0,0,0,0,0,0,0,0,0,10
642,features.27,80,10,70,5,0,10,0,5,0,0,5,0,0
642,features.30,80,10,70,5,0,10,0,5,0,0,5,0,0
642,features.34,80,0,80,0,0,0,0,0,0,0,0,0,10
642,features.37,80,0,80,0,0,0,0,0,0,0,0,0,10
642,features.40,80,0,80,0,0,0,0,0,0,0,0,0,10
643,features.27,80,16,64,8,1,15,0,2,0,0,8,0,0
643,features.30,80,16,64,8,1,15,0,2,0,0,8,0,0
643,features.34,80,0,80,0,0,0,0,0,0,0,0,0,10
643,features.37,80,0,80,0,0,0,0,0,0,0,0,0,10
643,features.40,80,0,80,0,0,0,0,0,0,0,0,0,10
644,features.27,80,8,72,4,0,8,0,6,0,0,4,0,0
644,features.30,80,8,72,4,0,8,0,6,0,0,4,0,0
644,features.34,80,0,80,0,0,0,0,0,0,0,0,0,10
644,features.37,80,0,80,0,0,0,0,0,0,0,0,0,10
644,features.40,80,0,80,0,0,0,0,0,0,0,0,0,10
645,features.27,80,14,66,7,0,14,0,3,0,0,7,0,0
645,features.30,80,14,66,7,0,14,0,3,0,0,7,0,0
645,features.34,80,0,80,0,0,0,0,0,0,0,0,0,10
645,features.37,80,0,80,0,0,0,0,0,0,0,0,0,10
645,features.40,80,0,80,0,0,0,0,0,0,0,0,0,10
646,features.27,80,12,68,6,0,12,0,4,0,0,6,0,0
646,features.30,80,12,68,6,0,12,0,4,0,0,6,0,0
646,features.34,80,0,80,0,0,0,0,0,0,0,0,0,10
646,features.37,80,0,80,0,0,0,0,0,0,0,0,0,10
646,features.40,80,0,80,0,0,0,0,0,0,0,0,0,10
647,features.27,80,14,66,7,2,12,0,3,0,0,7,0,0
647,features.30,80,14,66,7,0,14,0,3,0,0,7,0,0
647,features.34,80,0,80,0,0,0,0,0,0,0,0,0,10
647,features.37,80,0,80,0,0,0,0,0,0,0,0,0,10
647,features.40,80,0,80,0,0,0,0,0,0,0,0,0,10
648,features.27,80,10,70,5,0,10,0,5,0,0,5,0,0
648,features.30,80,10,70,5,0,10,0,5,0,0,5,0,0
648,features.34,80,0,80,0,0,0,0,0,0,0,0,0,10
648,features.37,80,0,80,0,0,0,0,0,0,0,0,0,10
648,features.40,80,0,80,0,0,0,0,0,0,0,0,0,10
649,features.27,80,12,68,6,1,11,0,4,0,0,6,0,0
649,features.30,80,12,68,6,1,11,0,4,0,0,6,0,0
649,features.34,80,0,80,0,0,0,0,0,0,0,0,0,10
649,features.37,80,0,80,0,0,0,0,0,0,0,0,0,10
649,features.40,80,0,80,0,0,0,0,0,0,0,0,0,10
650,features.27,80,12,68,6,0,12,0,4,0,0,6,0,0
650,features.30,80,12,68,6,0,12,0,4,0,0,6,0,0
650,features.34,80,0,80,0,0,0,0,0,0,0,0,0,10
650,features.37,80,0,80,0,0,0,0,0,0,0,0,0,10
650,features.40,80,0,80,0,0,0,0,0,0,0,0,0,10
651,features.27,80,14,66,7,0,14,0,3,0,0,7,0,0
651,features.30,80,14,66,7,0,14,0,3,0,0,7,0,0
651,features.34,80,0,80,0,0,0,0,0,0,0,0,0,10
651,features.37,80,0,80,0,0,0,0,0,0,0,0,0,10
651,features.40,80,0,80,0,0,0,0,0,0,0,0,0,10
652,features.27,80,14,66,7,0,14,0,3,0,0,7,0,0
652,features.30,80,14,66,7,1,13,0,3,0,0,7,0,0
652,features.34,80,0,80,0,0,0,0,0,0,0,0,0,10
652,features.37,80,0,80,0,0,0,0,0,0,0,0,0,10
652,features.40,80,0,80,0,0,0,0,0,0,0,0,0,10
653,features.27,80,10,70,5,0,10,0,5,0,0,5,0,0
653,features.30,80,10,70,5,1,9,0,5,0,0,5,0,0
653,features.34,80,0,80,0,0,0,0,0,0,0,0,0,10
653,features.37,80,0,80,0,0,0,0,0,0,0,0,0,10
653,features.40,80,0,80,0,0,0,0,0,0,0,0,0,10
654,features.27,80,8,72,4,0,8,0,6,0,0,4,0,0
654,features.30,80,8,72,4,0,8,0,6,0,0,4,0,0
654,features.34,80,0,80,0,0,0,0,0,0,0,0,0,10
654,features.37,80,0,80,0,0,0,0,0,0,0,0,0,10
654,features.40,80,0,80,0,0,0,0,0,0,0,0,0,10
655,features.27,80,14,66,7,0,14,0,3,0,0,7,0,0
655,features.30,80,14,66,7,0,14,0,3,0,0,7,0,0
655,features.34,80,0,80,0,0,0,0,0,0,0,0,0,10
655,features.37,80,0,80,0,0,0,0,0,0,0,0,0,10
655,features.40,80,0,80,0,0,0,0,0,0,0,0,0,10
656,features.27,80,12,68,6,1,11,0,4,0,0,6,0,0
656,features.30,80,12,68,6,0,12,0,4,0,0,6,0,0
656,features.34,80,0,80,0,0,0,0,0,0,0,0,0,10
656,features.37,80,0,80,0,0,0,0,0,0,0,0,0,10
656,features.40,80,0,80,0,0,0,0,0,0,0,0,0,10
657,features.27,80,12,68,6,1,11,0,4,0,0,6,0,0
657,features.30,80,12,68,6,0,12,0,4,0,0,6,0,0
657,features.34,80,0,80,0,0,0,0,0,0,0,0,0,10
657,features.37,80,0,80,0,0,0,0,0,0,0,0,0,10
657,features.40,80,0,80,0,0,0,0,0,0,0,0,0,10
658,features.27,80,12,68,6,0,12,0,4,0,0,6,0,0
658,features.30,80,12,68,6,1,11,0,4,0,0,6,0,0
658,features.34,80,0,80,0,0,0,0,0,0,0,0,0,10
658,features.37,80,0,80,0,0,0,0,0,0,0,0,0,10
658,features.40,80,0,80,0,0,0,0,0,0,0,0,0,10
659,features.27,80,12,68,6,0,12,0,4,0,0,6,0,0
659,features.30,80,12,68,6,0,12,0,4,0,0,6,0,0
659,features.34,80,0,80,0,0,0,0,0,0,0,0,0,10
659,features.37,80,0,80,0,0,0,0,0,0,0,0,0,10
659,features.40,80,0,80,0,0,0,0,0,0,0,0,0,10
660,features.27,80,12,68,6,0,12,0,4,0,0,6,0,0
660,features.30,80,12,68,6,0,12,0,4,0,0,6,0,0
660,features.34,80,0,80,0,0,0,0,0,0,0,0,0,10
660,features.37,80,0,80,0,0,0,0,0,0,0,0,0,10
660,features.40,80,0,80,0,0,0,0,0,0,0,0,0,10
661,features.27,80,16,64,8,0,16,0,2,0,0,8,0,0
661,features.30,80,16,64,8,0,16,0,2,0,0,8,0,0
661,features.34,80,0,80,0,0,0,0,0,0,0,0,0,10
661,features.37,80,0,80,0,0,0,0,0,0,0,0,0,10
661,features.40,80,0,80,0,0,0,0,0,0,0,0,0,10
662,features.27,80,14,66,7,0,14,0,3,0,0,7,0,0
662,features.30,80,14,66,7,0,14,0,3,0,0,7,0,0
662,features.34,80,0,80,0,0,0,0,0,0,0,0,0,10
662,features.37,80,0,80,0,0,0,0,0,0,0,0,0,10
662,features.40,80,0,80,0,0,0,0,0,0,0,0,0,10
663,features.27,80,12,68,6,0,12,0,4,0,0,6,0,0
663,features.30,80,12,68,6,0,12,0,4,0,0,6,0,0
663,features.34,80,0,80,0,0,0,0,0,0,0,0,0,10
663,features.37,80,0,80,0,0,0,0,0,0,0,0,0,10
663,features.40,80,0,80,0,0,0,0,0,0,0,0,0,10
664,features.27,80,16,64,8,0,16,0,2,0,0,8,0,0
664,features.30,80,16,64,8,0,16,0,2,0,0,8,0,0
664,features.34,80,0,80,0,0,0,0,0,0,0,0,0,10
664,features.37,80,0,80,0,0,0,0,0,0,0,0,0,10
664,features.40,80,0,80,0,0,0,0,0,0,0,0,0,10
665,features.27,80,6,74,3,1,5,0,7,0,0,3,0,0
665,features.30,80,6,74,3,0,6,0,7,0,0,3,0,0
665,features.34,80,0,80,0,0,0,0,0,0,0,0,0,10
665,features.37,80,0,80,0,0,0,0,0,0,0,0,0,10
665,features.40,80,0,80,0,0,0,0,0,0,0,0,0,10
666,features.27,80,10,70,5,0,10,0,5,0,0,5,0,0
666,features.30,80,10,70,5,0,10,0,5,0,0,5,0,0
666,features.34,80,0,80,0,0,0,0,0,0,0,0,0,10
666,features.37,80,0,80,0,0,0,0,0,0,0,0,0,10
666,features.40,80,0,80,0,0,0,0,0,0,0,0,0,10
667,features.27,80,16,64,8,0,16,0,2,0,0,8,0,0
667,features.30,80,16,64,8,0,16,0,2,0,0,8,0,0
667,features.34,80,0,80,0,0,0,0,0,0,0,0,0,10
667,features.37,80,0,80,0,0,0,0,0,0,0,0,0,10
667,features.40,80,0,80,0,0,0,0,0,0,0,0,0,10
668,features.27,80,12,68,6,0,12,0,4,0,0,6,0,0
668,features.30,80,12,68,6,0,12,0,4,0,0,6,0,0
668,features.34,80,0,80,0,0,0,0,0,0,0,0,0,10
668,features.37,80,0,80,0,0,0,0,0,0,0,0,0,10
668,features.40,80,0,80,0,0,0,0,0,0,0,0,0,10
669,features.27,80,14,66,7,1,13,0,3,0,0,7,0,0
669,features.30,80,14,66,7,0,14,0,3,0,0,7,0,0
669,features.34,80,0,80,0,0,0,0,0,0,0,0,0,10
669,features.37,80,0,80,0,0,0,0,0,0,0,0,0,10
669,features.40,80,0,80,0,0,0,0,0,0,0,0,0,10
670,features.27,80,14,66,7,0,14,0,3,0,0,7,0,0
670,features.30,80,14,66,7,0,14,0,3,0,0,7,0,0
670,features.34,80,0,80,0,0,0,0,0,0,0,0,0,10
670,features.37,80,0,80,0,0,0,0,0,0,0,0,0,10
670,features.40,80,0,80,0,0,0,0,0,0,0,0,0,10
671,features.27,80,18,62,9,1,17,0,1,0,0,9,0,0
671,features.30,80,18,62,9,1,17,0,1,0,0,9,0,0
671,features.34,80,0,80,0,0,0,0,0,0,0,0,0,10
671,features.37,80,0,80,0,0,0,0,0,0,0,0,0,10
671,features.40,80,0,80,0,0,0,0,0,0,0,0,0,10
672,features.27,80,8,72,4,0,8,0,6,0,0,4,0,0
672,features.30,80,8,72,4,1,7,0,6,0,0,4,0,0
672,features.34,80,0,80,0,0,0,0,0,0,0,0,0,10
672,features.37,80,0,80,0,0,0,0,0,0,0,0,0,10
672,features.40,80,0,80,0,0,0,0,0,0,0,0,0,10
673,features.27,80,16,64,8,1,15,0,2,0,0,8,0,0
673,features.30,80,16,64,8,0,16,0,2,0,0,8,0,0
673,features.34,80,0,80,0,0,0,0,0,0,0,0,0,10
673,features.37,80,0,80,0,0,0,0,0,0,0,0,0,10
673,features.40,80,0,80,0,0,0,0,0,0,0,0,0,10
674,features.27,80,10,70,5,0,10,0,5,0,0,5,0,0
674,features.30,80,10,70,5,0,10,0,5,0,0,5,0,0
674,features.34,80,0,80,0,0,0,0,0,0,0,0,0,10
674,features.37,80,0,80,0,0,0,0,0,0,0,0,0,10
674,features.40,80,0,80,0,0,0,0,0,0,0,0,0,10
675,features.27,80,20,60,10,0,20,0,0,0,0,10,0,0
675,features.30,80,20,60,10,1,19,0,0,0,0,10,0,0
675,features.34,80,0,80,0,0,0,0,0,0,0,0,0,10
675,features.37,80,0,80,0,0,0,0,0,0,0,0,0,10
675,features.40,80,0,80,0,0,0,0,0,0,0,0,0,10
676,features.27,80,14,66,7,0,14,0,3,0,0,7,0,0
676,features.30,80,14,66,7,1,13,0,3,0,0,7,0,0
676,features.34,80,0,80,0,0,0,0,0,0,0,0,0,10
676,features.37,80,0,80,0,0,0,0,0,0,0,0,0,10
676,features.40,80,0,80,0,0,0,0,0,0,0,0,0,10
677,features.27,80,10,70,5,0,10,0,5,0,0,5,0,0
677,features.30,80,10,70,5,0,10,0,5,0,0,5,0,0
677,features.34,80,0,80,0,0,0,0,0,0,0,0,0,10
677,features.37,80,0,80,0,0,0,0,0,0,0,0,0,10
677,features.40,80,0,80,0,0,0,0,0,0,0,0,0,10
678,features.27,80,16,64,8,0,16,0,2,0,0,8,0,0
678,features.30,80,16,64,8,0,16,0,2,0,0,8,0,0
678,features.34,80,0,80,0,0,0,0,0,0,0,0,0,10
678,features.37,80,0,80,0,0,0,0,0,0,0,0,0,10
678,features.40,80,0,80,0,0,0,0,0,0,0,0,0,10
679,features.27,80,14,66,7,1,13,0,3,0,0,7,0,0
679,features.30,80,14,66,7,0,14,0,3,0,0,7,0,0
679,features.34,80,0,80,0,0,0,0,0,0,0,0,0,10
679,features.37,80,0,80,0,0,0,0,0,0,0,0,0,10
679,features.40,80,0,80,0,0,0,0,0,0,0,0,0,10
680,features.27,80,12,68,6,0,12,0,4,0,0,6,0,0
680,features.30,80,12,68,6,0,12,0,4,0,0,6,0,0
680,features.34,80,0,80,0,0,0,0,0,0,0,0,0,10
680,features.37,80,0,80,0,0,0,0,0,0,0,0,0,10
680,features.40,80,0,80,0,0,0,0,0,0,0,0,0,10
681,features.27,80,6,74,3,0,6,0,7,0,0,3,0,0
681,features.30,80,6,74,3,0,6,0,7,0,0,3,0,0
681,features.34,80,0,80,0,0,0,0,0,0,0,0,0,10
681,features.37,80,0,80,0,0,0,0,0,0,0,0,0,10
681,features.40,80,0,80,0,0,0,0,0,0,0,0,0,10
682,features.27,80,14,66,7,0,14,0,3,0,0,7,0,0
682,features.30,80,14,66,7,0,14,0,3,0,0,7,0,0
682,features.34,80,0,80,0,0,0,0,0,0,0,0,0,10
682,features.37,80,0,80,0,0,0,0,0,0,0,0,0,10
682,features.40,80,0,80,0,0,0,0,0,0,0,0,0,10
683,features.27,80,18,62,9,0,18,0,1,0,0,9,0,0
683,features.30,80,18,62,9,0,18,0,1,0,0,9,0,0
683,features.34,80,0,80,0,0,0,0,0,0,0,0,0,10
683,features.37,80,0,80,0,0,0,0,0,0,0,0,0,10
683,features.40,80,0,80,0,0,0,0,0,0,0,0,0,10
684,features.27,80,10,70,5,0,10,0,5,0,0,5,0,0
684,features.30,80,10,70,5,0,10,0,5,0,0,5,0,0
684,features.34,80,0,80,0,0,0,0,0,0,0,0,0,10
684,features.37,80,0,80,0,0,0,0,0,0,0,0,0,10
684,features.40,80,0,80,0,0,0,0,0,0,0,0,0,10
685,features.27,80,12,68,6,0,12,0,4,0,0,6,0,0
685,features.30,80,12,68,6,0,12,0,4,0,0,6,0,0
685,features.34,80,0,80,0,0,0,0,0,0,0,0,0,10
685,features.37,80,0,80,0,0,0,0,0,0,0,0,0,10
685,features.40,80,0,80,0,0,0,0,0,0,0,0,0,10
686,features.27,80,16,64,8,0,16,0,2,0,0,8,0,0
686,features.30,80,16,64,8,0,16,0,2,0,0,8,0,0
686,features.34,80,0,80,0,0,0,0,0,0,0,0,0,10
686,features.37,80,0,80,0,0,0,0,0,0,0,0,0,10
686,features.40,80,0,80,0,0,0,0,0,0,0,0,0,10
687,features.27,80,14,66,7,0,14,0,3,0,0,7,0,0
687,features.30,80,14,66,7,0,14,0,3,0,0,7,0,0
687,features.34,80,0,80,0,0,0,0,0,0,0,0,0,10
687,features.37,80,0,80,0,0,0,0,0,0,0,0,0,10
687,features.40,80,0,80,0,0,0,0,0,0,0,0,0,10
688,features.27,80,16,64,8,0,16,0,2,0,0,8,0,0
688,features.30,80,16,64,8,0,16,0,2,0,0,8,0,0
688,features.34,80,0,80,0,0,0,0,0,0,0,0,0,10
688,features.37,80,0,80,0,0,0,0,0,0,0,0,0,10
688,features.40,80,0,80,0,0,0,0,0,0,0,0,0,10
689,features.27,80,12,68,6,0,12,0,4,0,0,6,0,0
689,features.30,80,12,68,6,0,12,0,4,0,0,6,0,0
689,features.34,80,0,80,0,0,0,0,0,0,0,0,0,10
689,features.37,80,0,80,0,0,0,0,0,0,0,0,0,10
689,features.40,80,0,80,0,0,0,0,0,0,0,0,0,10
690,features.27,80,16,64,8,0,16,0,2,0,0,8,0,0
690,features.30,80,16,64,8,0,16,0,2,0,0,8,0,0
690,features.34,80,0,80,0,0,0,0,0,0,0,0,0,10
690,features.37,80,0,80,0,0,0,0,0,0,0,0,0,10
690,features.40,80,0,80,0,0,0,0,0,0,0,0,0,10
691,features.27,80,12,68,6,0,12,0,4,0,0,6,0,0
691,features.30,80,12,68,6,0,12,0,4,0,0,6,0,0
691,features.34,80,0,80,0,0,0,0,0,0,0,0,0,10
691,features.37,80,0,80,0,0,0,0,0,0,0,0,0,10
691,features.40,80,0,80,0,0,0,0,0,0,0,0,0,10
692,features.27,80,12,68,6,0,12,0,4,0,0,6,0,0
692,features.30,80,12,68,6,0,12,0,4,0,0,6,0,0
692,features.34,80,0,80,0,0,0,0,0,0,0,0,0,10
692,features.37,80,0,80,0,0,0,0,0,0,0,0,0,10
692,features.40,80,0,80,0,0,0,0,0,0,0,0,0,10
693,features.27,80,12,68,6,0,12,0,4,0,0,6,0,0
693,features.30,80,12,68,6,1,11,0,4,0,0,6,0,0
693,features.34,80,0,80,0,0,0,0,0,0,0,0,0,10
693,features.37,80,0,80,0,0,0,0,0,0,0,0,0,10
693,features.40,80,0,80,0,0,0,0,0,0,0,0,0,10
694,features.30,80,14,66,7,0,14,0,3,0,0,7,0,0
694,features.34,80,0,80,0,0,0,0,0,0,0,0,0,10
694,features.37,80,0,80,0,0,0,0,0,0,0,0,0,10
694,features.40,80,0,80,0,0,0,0,0,0,0,0,0,10
695,features.30,80,14,66,7,0,14,0,3,0,0,7,0,0
695,features.34,80,0,80,0,0,0,0,0,0,0,0,0,10
695,features.37,80,0,80,0,0,0,0,0,0,0,0,0,10
695,features.40,80,0,80,0,0,0,0,0,0,0,0,0,10
696,features.30,80,10,70,5,0,10,0,5,0,0,5,0,0
696,features.34,80,0,80,0,0,0,0,0,0,0,0,0,10
696,features.37,80,0,80,0,0,0,0,0,0,0,0,0,10
696,features.40,80,0,80,0,0,0,0,0,0,0,0,0,10
697,features.30,80,12,68,6,0,12,0,4,0,0,6,0,0
697,features.34,80,0,80,0,0,0,0,0,0,0,0,0,10
697,features.37,80,0,80,0,0,0,0,0,0,0,0,0,10
697,features.40,80,0,80,0,0,0,0,0,0,0,0,0,10
698,features.30,80,14,66,7,0,14,0,3,0,0,7,0,0
698,features.34,80,0,80,0,0,0,0,0,0,0,0,0,10
698,features.37,80,0,80,0,0,0,0,0,0,0,0,0,10
698,features.40,80,0,80,0,0,0,0,0,0,0,0,0,10
699,features.30,80,16,64,8,0,16,0,2,0,0,8,0,0
699,features.34,80,0,80,0,0,0,0,0,0,0,0,0,10
699,features.37,80,0,80,0,0,0,0,0,0,0,0,0,10
699,features.40,80,0,80,0,0,0,0,0,0,0,0,0,10
700,features.30,80,10,70,5,1,9,0,5,0,0,5,0,0
700,features.34,80,0,80,0,0,0,0,0,0,0,0,0,10
700,features.37,80,0,80,0,0,0,0,0,0,0,0,0,10
700,features.40,80,0,80,0,0,0,0,0,0,0,0,0,10
701,features.30,80,16,64,8,0,16,0,2,0,0,8,0,0
701,features.34,80,0,80,0,0,0,0,0,0,0,0,0,10
701,features.37,80,0,80,0,0,0,0,0,0,0,0,0,10
701,features.40,80,0,80,0,0,0,0,0,0,0,0,0,10
702,features.30,80,12,68,6,0,12,0,4,0,0,6,0,0
702,features.34,80,0,80,0,0,0,0,0,0,0,0,0,10
702,features.37,80,0,80,0,0,0,0,0,0,0,0,0,10
702,features.40,80,0,80,0,0,0,0,0,0,0,0,0,10
703,features.30,80,8,72,4,0,8,0,6,0,0,4,0,0
703,features.34,80,0,80,0,0,0,0,0,0,0,0,0,10
703,features.37,80,0,80,0,0,0,0,0,0,0,0,0,10
703,features.40,80,0,80,0,0,0,0,0,0,0,0,0,10
704,features.30,80,14,66,7,1,13,0,3,0,0,7,0,0
704,features.34,80,0,80,0,0,0,0,0,0,0,0,0,10
704,features.37,80,0,80,0,0,0,0,0,0,0,0,0,10
704,features.40,80,0,80,0,0,0,0,0,0,0,0,0,10
705,features.30,80,8,72,4,0,8,0,6,0,0,4,0,0
705,features.34,80,0,80,0,0,0,0,0,0,0,0,0,10
705,features.37,80,0,80,0,0,0,0,0,0,0,0,0,10
705,features.40,80,0,80,0,0,0,0,0,0,0,0,0,10
706,features.30,80,18,62,9,0,18,0,1,0,0,9,0,0
706,features.34,80,0,80,0,0,0,0,0,0,0,0,0,10
706,features.37,80,0,80,0,0,0,0,0,0,0,0,0,10
706,features.40,80,0,80,0,0,0,0,0,0,0,0,0,10
707,features.30,80,12,68,6,0,12,0,4,0,0,6,0,0
707,features.34,80,0,80,0,0,0,0,0,0,0,0,0,10
707,features.37,80,0,80,0,0,0,0,0,0,0,0,0,10
707,features.40,80,0,80,0,0,0,0,0,0,0,0,0,10
708,features.30,80,10,70,5,0,10,0,5,0,0,5,0,0
708,features.34,80,0,80,0,0,0,0,0,0,0,0,0,10
708,features.37,80,0,80,0,0,0,0,0,0,0,0,0,10
708,features.40,80,0,80,0,0,0,0,0,0,0,0,0,10
709,features.30,80,8,72,4,0,8,0,6,0,0,4,0,0
709,features.34,80,0,80,0,0,0,0,0,0,0,0,0,10
709,features.37,80,0,80,0,0,0,0,0,0,0,0,0,10
709,features.40,80,0,80,0,0,0,0,0,0,0,0,0,10
710,features.30,80,12,68,6,1,11,0,4,0,0,6,0,0
710,features.34,80,0,80,0,0,0,0,0,0,0,0,0,10
710,features.37,80,0,80,0,0,0,0,0,0,0,0,0,10
710,features.40,80,0,80,0,0,0,0,0,0,0,0,0,10
711,features.30,80,14,66,7,2,12,0,3,0,0,7,0,0
711,features.34,80,0,80,0,0,0,0,0,0,0,0,0,10
711,features.37,80,0,80,0,0,0,0,0,0,0,0,0,10
711,features.40,80,0,80,0,0,0,0,0,0,0,0,0,10
712,features.30,80,14,66,7,0,14,0,3,0,0,7,0,0
712,features.34,80,0,80,0,0,0,0,0,0,0,0,0,10
712,features.37,80,0,80,0,0,0,0,0,0,0,0,0,10
712,features.40,80,0,80,0,0,0,0,0,0,0,0,0,10
713,features.30,80,16,64,8,0,16,0,2,0,0,8,0,0
713,features.34,80,0,80,0,0,0,0,0,0,0,0,0,10
713,features.37,80,0,80,0,0,0,0,0,0,0,0,0,10
713,features.40,80,0,80,0,0,0,0,0,0,0,0,0,10
714,features.30,80,18,62,9,1,17,0,1,0,0,9,0,0
714,features.34,80,0,80,0,0,0,0,0,0,0,0,0,10
714,features.37,80,0,80,0,0,0,0,0,0,0,0,0,10
714,features.40,80,0,80,0,0,0,0,0,0,0,0,0,10
715,features.30,80,12,68,6,0,12,0,4,0,0,6,0,0
715,features.34,80,0,80,0,0,0,0,0,0,0,0,0,10
715,features.37,80,0,80,0,0,0,0,0,0,0,0,0,10
715,features.40,80,0,80,0,0,0,0,0,0,0,0,0,10
716,features.30,80,12,68,6,0,12,0,4,0,0,6,0,0
716,features.34,80,0,80,0,0,0,0,0,0,0,0,0,10
716,features.37,80,0,80,0,0,0,0,0,0,0,0,0,10
716,features.40,80,0,80,0,0,0,0,0,0,0,0,0,10
717,features.30,80,10,70,5,0,10,0,5,0,0,5,0,0
717,features.34,80,0,80,0,0,0,0,0,0,0,0,0,10
717,features.37,80,0,80,0,0,0,0,0,0,0,0,0,10
717,features.40,80,0,80,0,0,0,0,0,0,0,0,0,10
718,features.30,80,16,64,8,1,15,0,2,0,0,8,0,0
718,features.34,80,0,80,0,0,0,0,0,0,0,0,0,10
718,features.37,80,0,80,0,0,0,0,0,0,0,0,0,10
718,features.40,80,0,80,0,0,0,0,0,0,0,0,0,10
719,features.30,80,16,64,8,0,16,0,2,0,0,8,0,0
719,features.34,80,0,80,0,0,0,0,0,0,0,0,0,10
719,features.37,80,0,80,0,0,0,0,0,0,0,0,0,10
719,features.40,80,0,80,0,0,0,0,0,0,0,0,0,10
720,features.30,80,12,68,6,0,12,0,4,0,0,6,0,0
720,features.34,80,0,80,0,0,0,0,0,0,0,0,0,10
720,features.37,80,0,80,0,0,0,0,0,0,0,0,0,10
720,features.40,80,0,80,0,0,0,0,0,0,0,0,0,10
721,features.30,80,18,62,9,0,18,0,1,0,0,9,0,0
721,features.34,80,0,80,0,0,0,0,0,0,0,0,0,10
721,features.37,80,0,80,0,0,0,0,0,0,0,0,0,10
721,features.40,80,0,80,0,0,0,0,0,0,0,0,0,10
722,features.30,80,6,74,3,0,6,0,7,0,0,3,0,0
722,features.34,80,0,80,0,0,0,0,0,0,0,0,0,10
722,features.37,80,0,80,0,0,0,0,0,0,0,0,0,10
722,features.40,80,0,80,0,0,0,0,0,0,0,0,0,10
723,features.30,80,8,72,4,0,8,0,6,0,0,4,0,0
723,features.34,80,0,80,0,0,0,0,0,0,0,0,0,10
723,features.37,80,0,80,0,0,0,0,0,0,0,0,0,10
723,features.40,80,0,80,0,0,0,0,0,0,0,0,0,10
724,features.30,80,12,68,6,0,12,0,4,0,0,6,0,0
724,features.34,80,0,80,0,0,0,0,0,0,0,0,0,10
724,features.37,80,0,80,0,0,0,0,0,0,0,0,0,10
724,features.40,80,0,80,0,0,0,0,0,0,0,0,0,10
725,features.30,80,12,68,6,0,12,0,4,0,0,6,0,0
725,features.34,80,0,80,0,0,0,0,0,0,0,0,0,10
725,features.37,80,0,80,0,0,0,0,0,0,0,0,0,10
725,features.40,80,0,80,0,0,0,0,0,0,0,0,0,10
726,features.30,80,16,64,8,1,15,0,2,0,0,8,0,0
726,features.34,80,0,80,0,0,0,0,0,0,0,0,0,10
726,features.37,80,0,80,0,0,0,0,0,0,0,0,0,10
726,features.40,80,0,80,0,0,0,0,0,0,0,0,0,10
727,features.30,80,10,70,5,0,10,0,5,0,0,5,0,0
727,features.34,80,0,80,0,0,0,0,0,0,0,0,0,10
727,features.37,80,0,80,0,0,0,0,0,0,0,0,0,10
727,features.40,80,0,80,0,0,0,0,0,0,0,0,0,10
728,features.30,80,16,64,8,0,16,0,2,0,0,8,0,0
728,features.34,80,0,80,0,0,0,0,0,0,0,0,0,10
728,features.37,80,0,80,0,0,0,0,0,0,0,0,0,10
728,features.40,80,0,80,0,0,0,0,0,0,0,0,0,10
729,features.30,80,8,72,4,0,8,0,6,0,0,4,0,0
729,features.34,80,0,80,0,0,0,0,0,0,0,0,0,10
729,features.37,80,0,80,0,0,0,0,0,0,0,0,0,10
729,features.40,80,0,80,0,0,0,0,0,0,0,0,0,10
730,features.30,80,14,66,7,0,14,0,3,0,0,7,0,0
730,features.34,80,0,80,0,0,0,0,0,0,0,0,0,10
730,features.37,80,0,80,0,0,0,0,0,0,0,0,0,10
730,features.40,80,0,80,0,0,0,0,0,0,0,0,0,10
731,features.30,80,6,74,3,0,6,0,7,0,0,3,0,0
731,features.34,80,0,80,0,0,0,0,0,0,0,0,0,10
731,features.37,80,0,80,0,0,0,0,0,0,0,0,0,10
731,features.40,80,0,80,0,0,0,0,0,0,0,0,0,10
732,features.30,80,10,70,5,1,9,0,5,0,0,5,0,0
732,features.34,80,0,80,0,0,0,0,0,0,0,0,0,10
732,features.37,80,0,80,0,0,0,0,0,0,0,0,0,10
732,features.40,80,0,80,0,0,0,0,0,0,0,0,0,10
733,features.30,80,16,64,8,0,16,0,2,0,0,8,0,0
733,features.34,80,0,80,0,0,0,0,0,0,0,0,0,10
733,features.37,80,0,80,0,0,0,0,0,0,0,0,0,10
733,features.40,80,0,80,0,0,0,0,0,0,0,0,0,10
734,features.30,80,14,66,7,1,13,0,3,0,0,7,0,0
734,features.34,80,0,80,0,0,0,0,0,0,0,0,0,10
734,features.37,80,0,80,0,0,0,0,0,0,0,0,0,10
734,features.40,80,0,80,0,0,0,0,0,0,0,0,0,10
735,features.30,80,12,68,6,1,11,0,4,0,0,6,0,0
735,features.34,80,0,80,0,0,0,0,0,0,0,0,0,10
735,features.37,80,0,80,0,0,0,0,0,0,0,0,0,10
735,features.40,80,0,80,0,0,0,0,0,0,0,0,0,10
736,features.30,80,14,66,7,0,14,0,3,0,0,7,0,0
736,features.34,80,0,80,0,0,0,0,0,0,0,0,0,10
736,features.37,80,0,80,0,0,0,0,0,0,0,0,0,10
736,features.40,80,0,80,0,0,0,0,0,0,0,0,0,10
737,features.30,80,10,70,5,0,10,0,5,0,0,5,0,0
737,features.34,80,0,80,0,0,0,0,0,0,0,0,0,10
737,features.37,80,0,80,0,0,0,0,0,0,0,0,0,10
737,features.40,80,0,80,0,0,0,0,0,0,0,0,0,10
738,features.30,80,16,64,8,0,16,0,2,0,0,8,0,0
738,features.34,80,0,80,0,0,0,0,0,0,0,0,0,10
738,features.37,80,0,80,0,0,0,0,0,0,0,0,0,10
738,features.40,80,0,80,0,0,0,0,0,0,0,0,0,10
739,features.30,80,14,66,7,0,14,0,3,0,0,7,0,0
739,features.34,80,0,80,0,0,0,0,0,0,0,0,0,10
739,features.37,80,0,80,0,0,0,0,0,0,0,0,0,10
739,features.40,80,0,80,0,0,0,0,0,0,0,0,0,10
740,features.30,80,14,66,7,0,14,0,3,0,0,7,0,0
740,features.34,80,0,80,0,0,0,0,0,0,0,0,0,10
740,features.37,80,0,80,0,0,0,0,0,0,0,0,0,10
740,features.40,80,0,80,0,0,0,0,0,0,0,0,0,10
741,features.30,80,10,70,5,0,10,0,5,0,0,5,0,0
741,features.34,80,0,80,0,0,0,0,0,0,0,0,0,10
741,features.37,80,0,80,0,0,0,0,0,0,0,0,0,10
741,features.40,80,0,80,0,0,0,0,0,0,0,0,0,10
742,features.30,80,12,68,6,0,12,0,4,0,0,6,0,0
742,features.34,80,0,80,0,0,0,0,0,0,0,0,0,10
742,features.37,80,0,80,0,0,0,0,0,0,0,0,0,10
742,features.40,80,0,80,0,0,0,0,0,0,0,0,0,10
743,features.30,80,14,66,7,0,14,0,3,0,0,7,0,0
743,features.34,80,0,80,0,0,0,0,0,0,0,0,0,10
743,features.37,80,0,80,0,0,0,0,0,0,0,0,0,10
743,features.40,80,0,80,0,0,0,0,0,0,0,0,0,10
744,features.30,80,14,66,7,0,14,0,3,0,0,7,0,0
744,features.34,80,0,80,0,0,0,0,0,0,0,0,0,10
744,features.37,80,0,80,0,0,0,0,0,0,0,0,0,10
744,features.40,80,0,80,0,0,0,0,0,0,0,0,0,10
745,features.30,80,10,70,5,0,10,0,5,0,0,5,0,0
745,features.34,80,0,80,0,0,0,0,0,0,0,0,0,10
745,features.37,80,0,80,0,0,0,0,0,0,0,0,0,10
745,features.40,80,0,80,0,0,0,0,0,0,0,0,0,10
746,features.30,80,12,68,6,0,12,0,4,0,0,6,0,0
746,features.34,80,0,80,0,0,0,0,0,0,0,0,0,10
746,features.37,80,0,80,0,0,0,0,0,0,0,0,0,10
746,features.40,80,0,80,0,0,0,0,0,0,0,0,0,10
747,features.30,80,14,66,7,0,14,0,3,0,0,7,0,0
747,features.34,80,0,80,0,0,0,0,0,0,0,0,0,10
747,features.37,80,0,80,0,0,0,0,0,0,0,0,0,10
747,features.40,80,0,80,0,0,0,0,0,0,0,0,0,10
748,features.30,80,14,66,7,0,14,0,3,0,0,7,0,0
748,features.34,80,0,80,0,0,0,0,0,0,0,0,0,10
748,features.37,80,0,80,0,0,0,0,0,0,0,0,0,10
748,features.40,80,0,80,0,0,0,0,0,0,0,0,0,10
749,features.30,80,14,66,7,0,14,0,3,0,0,7,0,0
749,features.34,80,0,80,0,0,0,0,0,0,0,0,0,10
749,features.37,80,0,80,0,0,0,0,0,0,0,0,0,10
749,features.40,80,0,80,0,0,0,0,0,0,0,0,0,10
750,features.30,80,18,62,9,2,16,0,1,0,0,9,0,0
750,features.34,80,0,80,0,0,0,0,0,0,0,0,0,10
750,features.37,80,0,80,0,0,0,0,0,0,0,0,0,10
750,features.40,80,0,80,0,0,0,0,0,0,0,0,0,10
751,features.30,80,12,68,6,0,12,0,4,0,0,6,0,0
751,features.34,80,0,80,0,0,0,0,0,0,0,0,0,10
751,features.37,80,0,80,0,0,0,0,0,0,0,0,0,10
751,features.40,80,0,80,0,0,0,0,0,0,0,0,0,10
752,features.30,80,14,66,7,0,14,0,3,0,0,7,0,0
752,features.34,80,0,80,0,0,0,0,0,0,0,0,0,10
752,features.37,80,0,80,0,0,0,0,0,0,0,0,0,10
752,features.40,80,0,80,0,0,0,0,0,0,0,0,0,10
753,features.30,80,8,72,4,0,8,0,6,0,0,4,0,0
753,features.34,80,0,80,0,0,0,0,0,0,0,0,0,10
753,features.37,80,0,80,0,0,0,0,0,0,0,0,0,10
753,features.40,80,0,80,0,0,0,0,0,0,0,0,0,10
754,features.30,80,10,70,5,0,10,0,5,0,0,5,0,0
754,features.34,80,0,80,0,0,0,0,0,0,0,0,0,10
754,features.37,80,0,80,0,0,0,0,0,0,0,0,0,10
754,features.40,80,0,80,0,0,0,0,0,0,0,0,0,10
755,features.30,80,14,66,7,0,14,0,3,0,0,7,0,0
755,features.34,80,0,80,0,0,0,0,0,0,0,0,0,10
755,features.37,80,0,80,0,0,0,0,0,0,0,0,0,10
755,features.40,80,0,80,0,0,0,0,0,0,0,0,0,10
756,features.30,80,14,66,7,0,14,0,3,0,0,7,0,0
756,features.34,80,0,80,0,0,0,0,0,0,0,0,0,10
756,features.37,80,0,80,0,0,0,0,0,0,0,0,0,10
756,features.40,80,0,80,0,0,0,0,0,0,0,0,0,10
757,features.30,80,18,62,9,0,18,0,1,0,0,9,0,0
757,features.34,80,0,80,0,0,0,0,0,0,0,0,0,10
757,features.37,80,0,80,0,0,0,0,0,0,0,0,0,10
757,features.40,80,0,80,0,0,0,0,0,0,0,0,0,10
758,features.30,80,10,70,5,0,10,0,5,0,0,5,0,0
758,features.34,80,0,80,0,0,0,0,0,0,0,0,0,10
758,features.37,80,0,80,0,0,0,0,0,0,0,0,0,10
758,features.40,80,0,80,0,0,0,0,0,0,0,0,0,10
759,features.30,80,12,68,6,1,11,0,4,0,0,6,0,0
759,features.34,80,0,80,0,0,0,0,0,0,0,0,0,10
759,features.37,80,0,80,0,0,0,0,0,0,0,0,0,10
759,features.40,80,0,80,0,0,0,0,0,0,0,0,0,10
760,features.30,80,10,70,5,0,10,0,5,0,0,5,0,0
760,features.34,80,0,80,0,0,0,0,0,0,0,0,0,10
760,features.37,80,0,80,0,0,0,0,0,0,0,0,0,10
760,features.40,80,0,80,0,0,0,0,0,0,0,0,0,10
761,features.30,80,12,68,6,2,10,0,4,0,0,6,0,0
761,features.34,80,0,80,0,0,0,0,0,0,0,0,0,10
761,features.37,80,0,80,0,0,0,0,0,0,0,0,0,10
761,features.40,80,0,80,0,0,0,0,0,0,0,0,0,10
762,features.30,80,12,68,6,0,12,0,4,0,0,6,0,0
762,features.34,80,0,80,0,0,0,0,0,0,0,0,0,10
762,features.37,80,0,80,0,0,0,0,0,0,0,0,0,10
762,features.40,80,0,80,0,0,0,0,0,0,0,0,0,10
763,features.30,80,10,70,5,0,10,0,5,0,0,5,0,0
763,features.34,80,0,80,0,0,0,0,0,0,0,0,0,10
763,features.37,80,0,80,0,0,0,0,0,0,0,0,0,10
763,features.40,80,0,80,0,0,0,0,0,0,0,0,0,10
764,features.30,80,18,62,9,0,18,0,1,0,0,9,0,0
764,features.34,80,0,80,0,0,0,0,0,0,0,0,0,10
764,features.37,80,0,80,0,0,0,0,0,0,0,0,0,10
764,features.40,80,0,80,0,0,0,0,0,0,0,0,0,10
765,features.30,80,16,64,8,2,14,0,2,0,0,8,0,0
765,features.34,80,0,80,0,0,0,0,0,0,0,0,0,10
765,features.37,80,0,80,0,0,0,0,0,0,0,0,0,10
765,features.40,80,0,80,0,0,0,0,0,0,0,0,0,10
766,features.30,80,14,66,7,1,13,0,3,0,0,7,0,0
766,features.34,80,0,80,0,0,0,0,0,0,0,0,0,10
766,features.37,80,0,80,0,0,0,0,0,0,0,0,0,10
766,features.40,80,0,80,0,0,0,0,0,0,0,0,0,10
767,features.30,80,16,64,8,0,16,0,2,0,0,8,0,0
767,features.34,80,0,80,0,0,0,0,0,0,0,0,0,10
767,features.37,80,0,80,0,0,0,0,0,0,0,0,0,10
767,features.40,80,0,80,0,0,0,0,0,0,0,0,0,10
768,features.30,80,14,66,7,0,14,0,3,0,0,7,0,0
768,features.34,80,0,80,0,0,0,0,0,0,0,0,0,10
768,features.37,80,0,80,0,0,0,0,0,0,0,0,0,10
768,features.40,80,0,80,0,0,0,0,0,0,0,0,0,10
769,features.30,80,14,66,7,1,13,0,3,0,0,7,0,0
769,features.34,80,0,80,0,0,0,0,0,0,0,0,0,10
769,features.37,80,0,80,0,0,0,0,0,0,0,0,0,10
769,features.40,80,0,80,0,0,0,0,0,0,0,0,0,10
770,features.30,80,12,68,6,0,12,0,4,0,0,6,0,0
770,features.34,80,0,80,0,0,0,0,0,0,0,0,0,10
770,features.37,80,0,80,0,0,0,0,0,0,0,0,0,10
770,features.40,80,0,80,0,0,0,0,0,0,0,0,0,10
771,features.34,80,0,80,0,0,0,0,0,0,0,0,0,10
771,features.37,80,0,80,0,0,0,0,0,0,0,0,0,10
771,features.40,80,0,80,0,0,0,0,0,0,0,0,0,10
772,features.34,80,0,80,0,0,0,0,0,0,0,0,0,10
772,features.37,80,0,80,0,0,0,0,0,0,0,0,0,10
772,features.40,80,0,80,0,0,0,0,0,0,0,0,0,10
773,features.34,80,0,80,0,0,0,0,0,0,0,0,0,10
773,features.37,80,0,80,0,0,0,0,0,0,0,0,0,10
773,features.40,80,0,80,0,0,0,0,0,0,0,0,0,10
774,features.34,80,0,80,0,0,0,0,0,0,0,0,0,10
774,features.37,80,0,80,0,0,0,0,0,0,0,0,0,10
774,features.40,80,0,80,0,0,0,0,0,0,0,0,0,10
775,features.34,80,0,80,0,0,0,0,0,0,0,0,0,10
775,features.37,80,0,80,0,0,0,0,0,0,0,0,0,10
775,features.40,80,0,80,0,0,0,0,0,0,0,0,0,10
776,features.34,80,0,80,0,0,0,0,0,0,0,0,0,10
776,features.37,80,0,80,0,0,0,0,0,0,0,0,0,10
776,features.40,80,0,80,0,0,0,0,0,0,0,0,0,10
777,features.34,80,0,80,0,0,0,0,0,0,0,0,0,10
777,features.37,80,0,80,0,0,0,0,0,0,0,0,0,10
777,features.40,80,0,80,0,0,0,0,0,0,0,0,0,10
778,features.34,80,0,80,0,0,0,0,0,0,0,0,0,10
778,features.37,80,0,80,0,0,0,0,0,0,0,0,0,10
778,features.40,80,0,80,0,0,0,0,0,0,0,0,0,10
779,features.34,80,0,80,0,0,0,0,0,0,0,0,0,10
779,features.37,80,0,80,0,0,0,0,0,0,0,0,0,10
779,features.40,80,0,80,0,0,0,0,0,0,0,0,0,10
780,features.34,80,0,80,0,0,0,0,0,0,0,0,0,10
780,features.37,80,0,80,0,0,0,0,0,0,0,0,0,10
780,features.40,80,0,80,0,0,0,0,0,0,0,0,0,10
781,features.34,80,0,80,0,0,0,0,0,0,0,0,0,10
781,features.37,80,0,80,0,0,0,0,0,0,0,0,0,10
781,features.40,80,0,80,0,0,0,0,0,0,0,0,0,10
782,features.34,80,0,80,0,0,0,0,0,0,0,0,0,10
782,features.37,80,0,80,0,0,0,0,0,0,0,0,0,10
782,features.40,80,0,80,0,0,0,0,0,0,0,0,0,10
783,features.34,80,0,80,0,0,0,0,0,0,0,0,0,10
783,features.37,80,0,80,0,0,0,0,0,0,0,0,0,10
783,features.40,80,0,80,0,0,0,0,0,0,0,0,0,10
784,features.34,80,0,80,0,0,0,0,0,0,0,0,0,10
784,features.37,80,0,80,0,0,0,0,0,0,0,0,0,10
784,features.40,80,0,80,0,0,0,0,0,0,0,0,0,10
785,features.34,80,0,80,0,0,0,0,0,0,0,0,0,10
785,features.37,80,0,80,0,0,0,0,0,0,0,0,0,10
785,features.40,80,0,80,0,0,0,0,0,0,0,0,0,10
786,features.34,80,0,80,0,0,0,0,0,0,0,0,0,10
786,features.37,80,0,80,0,0,0,0,0,0,0,0,0,10
786,features.40,80,0,80,0,0,0,0,0,0,0,0,0,10
787,features.34,80,0,80,0,0,0,0,0,0,0,0,0,10
787,features.37,80,0,80,0,0,0,0,0,0,0,0,0,10
787,features.40,80,0,80,0,0,0,0,0,0,0,0,0,10
788,features.34,80,0,80,0,0,0,0,0,0,0,0,0,10
788,features.37,80,0,80,0,0,0,0,0,0,0,0,0,10
788,features.40,80,0,80,0,0,0,0,0,0,0,0,0,10
789,features.34,80,0,80,0,0,0,0,0,0,0,0,0,10
789,features.37,80,0,80,0,0,0,0,0,0,0,0,0,10
789,features.40,80,0,80,0,0,0,0,0,0,0,0,0,10
790,features.34,80,0,80,0,0,0,0,0,0,0,0,0,10
790,features.37,80,0,80,0,0,0,0,0,0,0,0,0,10
790,features.40,80,0,80,0,0,0,0,0,0,0,0,0,10
791,features.34,80,0,80,0,0,0,0,0,0,0,0,0,10
791,features.37,80,0,80,0,0,0,0,0,0,0,0,0,10
791,features.40,80,0,80,0,0,0,0,0,0,0,0,0,10
792,features.34,80,0,80,0,0,0,0,0,0,0,0,0,10
792,features.37,80,0,80,0,0,0,0,0,0,0,0,0,10
792,features.40,80,0,80,0,0,0,0,0,0,0,0,0,10
793,features.34,80,0,80,0,0,0,0,0,0,0,0,0,10
793,features.37,80,0,80,0,0,0,0,0,0,0,0,0,10
793,features.40,80,0,80,0,0,0,0,0,0,0,0,0,10
794,features.34,80,0,80,0,0,0,0,0,0,0,0,0,10
794,features.37,80,0,80,0,0,0,0,0,0,0,0,0,10
794,features.40,80,0,80,0,0,0,0,0,0,0,0,0,10
795,features.34,80,0,80,0,0,0,0,0,0,0,0,0,10
795,features.37,80,0,80,0,0,0,0,0,0,0,0,0,10
795,features.40,80,0,80,0,0,0,0,0,0,0,0,0,10
796,features.34,80,0,80,0,0,0,0,0,0,0,0,0,10
796,features.37,80,0,80,0,0,0,0,0,0,0,0,0,10
796,features.40,80,0,80,0,0,0,0,0,0,0,0,0,10
797,features.34,80,0,80,0,0,0,0,0,0,0,0,0,10
797,features.37,80,0,80,0,0,0,0,0,0,0,0,0,10
797,features.40,80,0,80,0,0,0,0,0,0,0,0,0,10
798,features.34,80,0,80,0,0,0,0,0,0,0,0,0,10
798,features.37,80,0,80,0,0,0,0,0,0,0,0,0,10
798,features.40,80,0,80,0,0,0,0,0,0,0,0,0,10
799,features.34,80,0,80,0,0,0,0,0,0,0,0,0,10
799,features.37,80,0,80,0,0,0,0,0,0,0,0,0,10
799,features.40,80,0,80,0,0,0,0,0,0,0,0,0,10
800,features.34,80,0,80,0,0,0,0,0,0,0,0,0,10
800,features.37,80,0,80,0,0,0,0,0,0,0,0,0,10
800,features.40,80,0,80,0,0,0,0,0,0,0,0,0,10
801,features.34,80,0,80,0,0,0,0,0,0,0,0,0,10
801,features.37,80,0,80,0,0,0,0,0,0,0,0,0,10
801,features.40,80,0,80,0,0,0,0,0,0,0,0,0,10
802,features.34,80,0,80,0,0,0,0,0,0,0,0,0,10
802,features.37,80,0,80,0,0,0,0,0,0,0,0,0,10
802,features.40,80,0,80,0,0,0,0,0,0,0,0,0,10
803,features.34,80,0,80,0,0,0,0,0,0,0,0,0,10
803,features.37,80,0,80,0,0,0,0,0,0,0,0,0,10
803,features.40,80,0,80,0,0,0,0,0,0,0,0,0,10
804,features.34,80,0,80,0,0,0,0,0,0,0,0,0,10
804,features.37,80,0,80,0,0,0,0,0,0,0,0,0,10
804,features.40,80,0,80,0,0,0,0,0,0,0,0,0,10
805,features.34,80,0,80,0,0,0,0,0,0,0,0,0,10
805,features.37,80,0,80,0,0,0,0,0,0,0,0,0,10
805,features.40,80,0,80,0,0,0,0,0,0,0,0,0,10
806,features.34,80,0,80,0,0,0,0,0,0,0,0,0,10
806,features.37,80,0,80,0,0,0,0,0,0,0,0,0,10
806,features.40,80,0,80,0,0,0,0,0,0,0,0,0,10
807,features.34,80,0,80,0,0,0,0,0,0,0,0,0,10
807,features.37,80,0,80,0,0,0,0,0,0,0,0,0,10
807,features.40,80,0,80,0,0,0,0,0,0,0,0,0,10
808,features.34,80,0,80,0,0,0,0,0,0,0,0,0,10
808,features.37,80,0,80,0,0,0,0,0,0,0,0,0,10
808,features.40,80,0,80,0,0,0,0,0,0,0,0,0,10
809,features.34,80,0,80,0,0,0,0,0,0,0,0,0,10
809,features.37,80,0,80,0,0,0,0,0,0,0,0,0,10
809,features.40,80,0,80,0,0,0,0,0,0,0,0,0,10
810,features.34,80,0,80,0,0,0,0,0,0,0,0,0,10
810,features.37,80,0,80,0,0,0,0,0,0,0,0,0,10
810,features.40,80,0,80,0,0,0,0,0,0,0,0,0,10
811,features.34,80,0,80,0,0,0,0,0,0,0,0,0,10
811,features.37,80,0,80,0,0,0,0,0,0,0,0,0,10
811,features.40,80,0,80,0,0,0,0,0,0,0,0,0,10
812,features.34,80,0,80,0,0,0,0,0,0,0,0,0,10
812,features.37,80,0,80,0,0,0,0,0,0,0,0,0,10
812,features.40,80,0,80,0,0,0,0,0,0,0,0,0,10
813,features.34,80,0,80,0,0,0,0,0,0,0,0,0,10
813,features.37,80,0,80,0,0,0,0,0,0,0,0,0,10
813,features.40,80,0,80,0,0,0,0,0,0,0,0,0,10
814,features.34,80,0,80,0,0,0,0,0,0,0,0,0,10
814,features.37,80,0,80,0,0,0,0,0,0,0,0,0,10
814,features.40,80,0,80,0,0,0,0,0,0,0,0,0,10
815,features.34,80,0,80,0,0,0,0,0,0,0,0,0,10
815,features.37,80,0,80,0,0,0,0,0,0,0,0,0,10
815,features.40,80,0,80,0,0,0,0,0,0,0,0,0,10
816,features.34,80,0,80,0,0,0,0,0,0,0,0,0,10
816,features.37,80,0,80,0,0,0,0,0,0,0,0,0,10
816,features.40,80,0,80,0,0,0,0,0,0,0,0,0,10
817,features.34,80,0,80,0,0,0,0,0,0,0,0,0,10
817,features.37,80,0,80,0,0,0,0,0,0,0,0,0,10
817,features.40,80,0,80,0,0,0,0,0,0,0,0,0,10
818,features.34,80,0,80,0,0,0,0,0,0,0,0,0,10
818,features.37,80,0,80,0,0,0,0,0,0,0,0,0,10
818,features.40,80,0,80,0,0,0,0,0,0,0,0,0,10
819,features.34,80,0,80,0,0,0,0,0,0,0,0,0,10
819,features.37,80,0,80,0,0,0,0,0,0,0,0,0,10
819,features.40,80,0,80,0,0,0,0,0,0,0,0,0,10
820,features.34,80,0,80,0,0,0,0,0,0,0,0,0,10
820,features.37,80,0,80,0,0,0,0,0,0,0,0,0,10
820,features.40,80,0,80,0,0,0,0,0,0,0,0,0,10
821,features.34,80,0,80,0,0,0,0,0,0,0,0,0,10
821,features.37,80,0,80,0,0,0,0,0,0,0,0,0,10
821,features.40,80,0,80,0,0,0,0,0,0,0,0,0,10
822,features.34,80,0,80,0,0,0,0,0,0,0,0,0,10
822,features.37,80,0,80,0,0,0,0,0,0,0,0,0,10
822,features.40,80,0,80,0,0,0,0,0,0,0,0,0,10
823,features.34,80,0,80,0,0,0,0,0,0,0,0,0,10
823,features.37,80,0,80,0,0,0,0,0,0,0,0,0,10
823,features.40,80,0,80,0,0,0,0,0,0,0,0,0,10
824,features.34,80,0,80,0,0,0,0,0,0,0,0,0,10
824,features.37,80,0,80,0,0,0,0,0,0,0,0,0,10
824,features.40,80,0,80,0,0,0,0,0,0,0,0,0,10
825,features.34,80,0,80,0,0,0,0,0,0,0,0,0,10
825,features.37,80,0,80,0,0,0,0,0,0,0,0,0,10
825,features.40,80,0,80,0,0,0,0,0,0,0,0,0,10
826,features.34,80,0,80,0,0,0,0,0,0,0,0,0,10
826,features.37,80,0,80,0,0,0,0,0,0,0,0,0,10
826,features.40,80,0,80,0,0,0,0,0,0,0,0,0,10
827,features.34,80,0,80,0,0,0,0,0,0,0,0,0,10
827,features.37,80,0,80,0,0,0,0,0,0,0,0,0,10
827,features.40,80,0,80,0,0,0,0,0,0,0,0,0,10
828,features.34,80,0,80,0,0,0,0,0,0,0,0,0,10
828,features.37,80,0,80,0,0,0,0,0,0,0,0,0,10
828,features.40,80,0,80,0,0,0,0,0,0,0,0,0,10
829,features.34,80,0,80,0,0,0,0,0,0,0,0,0,10
829,features.37,80,0,80,0,0,0,0,0,0,0,0,0,10
829,features.40,80,0,80,0,0,0,0,0,0,0,0,0,10
830,features.34,80,0,80,0,0,0,0,0,0,0,0,0,10
830,features.37,80,0,80,0,0,0,0,0,0,0,0,0,10
830,features.40,80,0,80,0,0,0,0,0,0,0,0,0,10
831,features.34,80,0,80,0,0,0,0,0,0,0,0,0,10
831,features.37,80,0,80,0,0,0,0,0,0,0,0,0,10
831,features.40,80,0,80,0,0,0,0,0,0,0,0,0,10
832,features.34,80,0,80,0,0,0,0,0,0,0,0,0,10
832,features.37,80,0,80,0,0,0,0,0,0,0,0,0,10
832,features.40,80,0,80,0,0,0,0,0,0,0,0,0,10
833,features.34,80,0,80,0,0,0,0,0,0,0,0,0,10
833,features.37,80,0,80,0,0,0,0,0,0,0,0,0,10
833,features.40,80,0,80,0,0,0,0,0,0,0,0,0,10
834,features.34,80,0,80,0,0,0,0,0,0,0,0,0,10
834,features.37,80,0,80,0,0,0,0,0,0,0,0,0,10
834,features.40,80,0,80,0,0,0,0,0,0,0,0,0,10
835,features.34,80,0,80,0,0,0,0,0,0,0,0,0,10
835,features.37,80,0,80,0,0,0,0,0,0,0,0,0,10
835,features.40,80,0,80,0,0,0,0,0,0,0,0,0,10
836,features.34,80,0,80,0,0,0,0,0,0,0,0,0,10
836,features.37,80,0,80,0,0,0,0,0,0,0,0,0,10
836,features.40,80,0,80,0,0,0,0,0,0,0,0,0,10
837,features.34,80,0,80,0,0,0,0,0,0,0,0,0,10
837,features.37,80,0,80,0,0,0,0,0,0,0,0,0,10
837,features.40,80,0,80,0,0,0,0,0,0,0,0,0,10
838,features.34,80,0,80,0,0,0,0,0,0,0,0,0,10
838,features.37,80,0,80,0,0,0,0,0,0,0,0,0,10
838,features.40,80,0,80,0,0,0,0,0,0,0,0,0,10
839,features.34,80,0,80,0,0,0,0,0,0,0,0,0,10
839,features.37,80,0,80,0,0,0,0,0,0,0,0,0,10
839,features.40,80,0,80,0,0,0,0,0,0,0,0,0,10
840,features.34,80,0,80,0,0,0,0,0,0,0,0,0,10
840,features.37,80,0,80,0,0,0,0,0,0,0,0,0,10
840,features.40,80,0,80,0,0,0,0,0,0,0,0,0,10
841,features.34,80,0,80,0,0,0,0,0,0,0,0,0,10
841,features.37,80,0,80,0,0,0,0,0,0,0,0,0,10
841,features.40,80,0,80,0,0,0,0,0,0,0,0,0,10
842,features.34,80,0,80,0,0,0,0,0,0,0,0,0,10
842,features.37,80,0,80,0,0,0,0,0,0,0,0,0,10
842,features.40,80,0,80,0,0,0,0,0,0,0,0,0,10
843,features.34,80,0,80,0,0,0,0,0,0,0,0,0,10
843,features.37,80,0,80,0,0,0,0,0,0,0,0,0,10
843,features.40,80,0,80,0,0,0,0,0,0,0,0,0,10
844,features.34,80,0,80,0,0,0,0,0,0,0,0,0,10
844,features.37,80,0,80,0,0,0,0,0,0,0,0,0,10
844,features.40,80,0,80,0,0,0,0,0,0,0,0,0,10
845,features.34,80,0,80,0,0,0,0,0,0,0,0,0,10
845,features.37,80,0,80,0,0,0,0,0,0,0,0,0,10
845,features.40,80,0,80,0,0,0,0,0,0,0,0,0,10
846,features.34,80,0,80,0,0,0,0,0,0,0,0,0,10
846,features.37,80,0,80,0,0,0,0,0,0,0,0,0,10
846,features.40,80,0,80,0,0,0,0,0,0,0,0,0,10
847,features.34,80,0,80,0,0,0,0,0,0,0,0,0,10
847,features.37,80,0,80,0,0,0,0,0,0,0,0,0,10
847,features.40,80,0,80,0,0,0,0,0,0,0,0,0,10
848,features.37,80,0,80,0,0,0,0,0,0,0,0,0,10
848,features.40,80,0,80,0,0,0,0,0,0,0,0,0,10
849,features.37,80,0,80,0,0,0,0,0,0,0,0,0,10
849,features.40,80,0,80,0,0,0,0,0,0,0,0,0,10
850,features.37,80,0,80,0,0,0,0,0,0,0,0,0,10
850,features.40,80,0,80,0,0,0,0,0,0,0,0,0,10
851,features.37,80,0,80,0,0,0,0,0,0,0,0,0,10
851,features.40,80,0,80,0,0,0,0,0,0,0,0,0,10
852,features.37,80,0,80,0,0,0,0,0,0,0,0,0,10
852,features.40,80,0,80,0,0,0,0,0,0,0,0,0,10
853,features.37,80,0,80,0,0,0,0,0,0,0,0,0,10
853,features.40,80,0,80,0,0,0,0,0,0,0,0,0,10
854,features.37,80,0,80,0,0,0,0,0,0,0,0,0,10
854,features.40,80,0,80,0,0,0,0,0,0,0,0,0,10
855,features.37,80,0,80,0,0,0,0,0,0,0,0,0,10
855,features.40,80,0,80,0,0,0,0,0,0,0,0,0,10
856,features.37,80,0,80,0,0,0,0,0,0,0,0,0,10
856,features.40,80,0,80,0,0,0,0,0,0,0,0,0,10
857,features.37,80,0,80,0,0,0,0,0,0,0,0,0,10
857,features.40,80,0,80,0,0,0,0,0,0,0,0,0,10
858,features.37,80,0,80,0,0,0,0,0,0,0,0,0,10
858,features.40,80,0,80,0,0,0,0,0,0,0,0,0,10
859,features.37,80,0,80,0,0,0,0,0,0,0,0,0,10
859,features.40,80,0,80,0,0,0,0,0,0,0,0,0,10
860,features.37,80,0,80,0,0,0,0,0,0,0,0,0,10
860,features.40,80,0,80,0,0,0,0,0,0,0,0,0,10
861,features.37,80,0,80,0,0,0,0,0,0,0,0,0,10
861,features.40,80,0,80,0,0,0,0,0,0,0,0,0,10
862,features.37,80,0,80,0,0,0,0,0,0,0,0,0,10
862,features.40,80,0,80,0,0,0,0,0,0,0,0,0,10
863,features.37,80,0,80,0,0,0,0,0,0,0,0,0,10
863,features.40,80,0,80,0,0,0,0,0,0,0,0,0,10
864,features.37,80,0,80,0,0,0,0,0,0,0,0,0,10
864,features.40,80,0,80,0,0,0,0,0,0,0,0,0,10
865,features.37,80,0,80,0,0,0,0,0,0,0,0,0,10
865,features.40,80,0,80,0,0,0,0,0,0,0,0,0,10
866,features.37,80,0,80,0,0,0,0,0,0,0,0,0,10
866,features.40,80,0,80,0,0,0,0,0,0,0,0,0,10
867,features.37,80,0,80,0,0,0,0,0,0,0,0,0,10
867,features.40,80,0,80,0,0,0,0,0,0,0,0,0,10
868,features.37,80,0,80,0,0,0,0,0,0,0,0,0,10
868,features.40,80,0,80,0,0,0,0,0,0,0,0,0,10
869,features.37,80,0,80,0,0,0,0,0,0,0,0,0,10
869,features.40,80,0,80,0,0,0,0,0,0,0,0,0,10
870,features.37,80,0,80,0,0,0,0,0,0,0,0,0,10
870,features.40,80,0,80,0,0,0,0,0,0,0,0,0,10
871,features.37,80,0,80,0,0,0,0,0,0,0,0,0,10
871,features.40,80,0,80,0,0,0,0,0,0,0,0,0,10
872,features.37,80,0,80,0,0,0,0,0,0,0,0,0,10
872,features.40,80,0,80,0,0,0,0,0,0,0,0,0,10
873,features.37,80,0,80,0,0,0,0,0,0,0,0,0,10
873,features.40,80,0,80,0,0,0,0,0,0,0,0,0,10
874,features.37,80,0,80,0,0,0,0,0,0,0,0,0,10
874,features.40,80,0,80,0,0,0,0,0,0,0,0,0,10
875,features.37,80,0,80,0,0,0,0,0,0,0,0,0,10
875,features.40,80,0,80,0,0,0,0,0,0,0,0,0,10
876,features.37,80,0,80,0,0,0,0,0,0,0,0,0,10
876,features.40,80,0,80,0,0,0,0,0,0,0,0,0,10
877,features.37,80,0,80,0,0,0,0,0,0,0,0,0,10
877,features.40,80,0,80,0,0,0,0,0,0,0,0,0,10
878,features.37,80,0,80,0,0,0,0,0,0,0,0,0,10
878,features.40,80,0,80,0,0,0,0,0,0,0,0,0,10
879,features.37,80,0,80,0,0,0,0,0,0,0,0,0,10
879,features.40,80,0,80,0,0,0,0,0,0,0,0,0,10
880,features.37,80,0,80,0,0,0,0,0,0,0,0,0,10
880,features.40,80,0,80,0,0,0,0,0,0,0,0,0,10
881,features.37,80,0,80,0,0,0,0,0,0,0,0,0,10
881,features.40,80,0,80,0,0,0,0,0,0,0,0,0,10
882,features.37,80,0,80,0,0,0,0,0,0,0,0,0,10
882,features.40,80,0,80,0,0,0,0,0,0,0,0,0,10
883,features.37,80,0,80,0,0,0,0,0,0,0,0,0,10
883,features.40,80,0,80,0,0,0,0,0,0,0,0,0,10
884,features.37,80,0,80,0,0,0,0,0,0,0,0,0,10
884,features.40,80,0,80,0,0,0,0,0,0,0,0,0,10
885,features.37,80,0,80,0,0,0,0,0,0,0,0,0,10
885,features.40,80,0,80,0,0,0,0,0,0,0,0,0,10
886,features.37,80,0,80,0,0,0,0,0,0,0,0,0,10
886,features.40,80,0,80,0,0,0,0,0,0,0,0,0,10
887,features.37,80,0,80,0,0,0,0,0,0,0,0,0,10
887,features.40,80,0,80,0,0,0,0,0,0,0,0,0,10
888,features.37,80,0,80,0,0,0,0,0,0,0,0,0,10
888,features.40,80,0,80,0,0,0,0,0,0,0,0,0,10
889,features.37,80,0,80,0,0,0,0,0,0,0,0,0,10
889,features.40,80,0,80,0,0,0,0,0,0,0,0,0,10
890,features.37,80,0,80,0,0,0,0,0,0,0,0,0,10
890,features.40,80,0,80,0,0,0,0,0,0,0,0,0,10
891,features.37,80,0,80,0,0,0,0,0,0,0,0,0,10
891,features.40,80,0,80,0,0,0,0,0,0,0,0,0,10
892,features.37,80,0,80,0,0,0,0,0,0,0,0,0,10
892,features.40,80,0,80,0,0,0,0,0,0,0,0,0,10
893,features.37,80,0,80,0,0,0,0,0,0,0,0,0,10
893,features.40,80,0,80,0,0,0,0,0,0,0,0,0,10
894,features.37,80,0,80,0,0,0,0,0,0,0,0,0,10
894,features.40,80,0,80,0,0,0,0,0,0,0,0,0,10
895,features.37,80,0,80,0,0,0,0,0,0,0,0,0,10
895,features.40,80,0,80,0,0,0,0,0,0,0,0,0,10
896,features.37,80,0,80,0,0,0,0,0,0,0,0,0,10
896,features.40,80,0,80,0,0,0,0,0,0,0,0,0,10
897,features.37,80,0,80,0,0,0,0,0,0,0,0,0,10
897,features.40,80,0,80,0,0,0,0,0,0,0,0,0,10
898,features.37,80,0,80,0,0,0,0,0,0,0,0,0,10
898,features.40,80,0,80,0,0,0,0,0,0,0,0,0,10
899,features.37,80,0,80,0,0,0,0,0,0,0,0,0,10
899,features.40,80,0,80,0,0,0,0,0,0,0,0,0,10
900,features.37,80,0,80,0,0,0,0,0,0,0,0,0,10
900,features.40,80,0,80,0,0,0,0,0,0,0,0,0,10
901,features.37,80,0,80,0,0,0,0,0,0,0,0,0,10
901,features.40,80,0,80,0,0,0,0,0,0,0,0,0,10
902,features.37,80,0,80,0,0,0,0,0,0,0,0,0,10
902,features.40,80,0,80,0,0,0,0,0,0,0,0,0,10
903,features.37,80,0,80,0,0,0,0,0,0,0,0,0,10
903,features.40,80,0,80,0,0,0,0,0,0,0,0,0,10
904,features.37,80,0,80,0,0,0,0,0,0,0,0,0,10
904,features.40,80,0,80,0,0,0,0,0,0,0,0,0,10
905,features.37,80,0,80,0,0,0,0,0,0,0,0,0,10
905,features.40,80,0,80,0,0,0,0,0,0,0,0,0,10
906,features.37,80,0,80,0,0,0,0,0,0,0,0,0,10
906,features.40,80,0,80,0,0,0,0,0,0,0,0,0,10
907,features.37,80,0,80,0,0,0,0,0,0,0,0,0,10
907,features.40,80,0,80,0,0,0,0,0,0,0,0,0,10
908,features.37,80,0,80,0,0,0,0,0,0,0,0,0,10
908,features.40,80,0,80,0,0,0,0,0,0,0,0,0,10
909,features.37,80,0,80,0,0,0,0,0,0,0,0,0,10
909,features.40,80,0,80,0,0,0,0,0,0,0,0,0,10
910,features.37,80,0,80,0,0,0,0,0,0,0,0,0,10
910,features.40,80,0,80,0,0,0,0,0,0,0,0,0,10
911,features.37,80,0,80,0,0,0,0,0,0,0,0,0,10
911,features.40,80,0,80,0,0,0,0,0,0,0,0,0,10
912,features.37,80,0,80,0,0,0,0,0,0,0,0,0,10
912,features.40,80,0,80,0,0,0,0,0,0,0,0,0,10
913,features.37,80,0,80,0,0,0,0,0,0,0,0,0,10
913,features.40,80,0,80,0,0,0,0,0,0,0,0,0,10
914,features.37,80,0,80,0,0,0,0,0,0,0,0,0,10
914,features.40,80,0,80,0,0,0,0,0,0,0,0,0,10
915,features.37,80,0,80,0,0,0,0,0,0,0,0,0,10
915,features.40,80,0,80,0,0,0,0,0,0,0,0,0,10
916,features.37,80,0,80,0,0,0,0,0,0,0,0,0,10
916,features.40,80,0,80,0,0,0,0,0,0,0,0,0,10
917,features.37,80,0,80,0,0,0,0,0,0,0,0,0,10
917,features.40,80,0,80,0,0,0,0,0,0,0,0,0,10
918,features.37,80,0,80,0,0,0,0,0,0,0,0,0,10
918,features.40,80,0,80,0,0,0,0,0,0,0,0,0,10
919,features.37,80,0,80,0,0,0,0,0,0,0,0,0,10
919,features.40,80,0,80,0,0,0,0,0,0,0,0,0,10
920,features.37,80,0,80,0,0,0,0,0,0,0,0,0,10
920,features.40,80,0,80,0,0,0,0,0,0,0,0,0,10
921,features.37,80,0,80,0,0,0,0,0,0,0,0,0,10
921,features.40,80,0,80,0,0,0,0,0,0,0,0,0,10
922,features.37,80,0,80,0,0,0,0,0,0,0,0,0,10
922,features.40,80,0,80,0,0,0,0,0,0,0,0,0,10
923,features.37,80,0,80,0,0,0,0,0,0,0,0,0,10
923,features.40,80,0,80,0,0,0,0,0,0,0,0,0,10
924,features.37,80,0,80,0,0,0,0,0,0,0,0,0,10
924,features.40,80,0,80,0,0,0,0,0,0,0,0,0,10
925,features.40,80,0,80,0,0,0,0,0,0,0,0,0,10
926,features.40,80,0,80,0,0,0,0,0,0,0,0,0,10
927,features.40,80,0,80,0,0,0,0,0,0,0,0,0,10
928,features.40,80,0,80,0,0,0,0,0,0,0,0,0,10
929,features.40,80,0,80,0,0,0,0,0,0,0,0,0,10
930,features.40,80,0,80,0,0,0,0,0,0,0,0,0,10
931,features.40,80,0,80,0,0,0,0,0,0,0,0,0,10
932,features.40,80,0,80,0,0,0,0,0,0,0,0,0,10
933,features.40,80,0,80,0,0,0,0,0,0,0,0,0,10
934,features.40,80,0,80,0,0,0,0,0,0,0,0,0,10
935,features.40,80,0,80,0,0,0,0,0,0,0,0,0,10
936,features.40,80,0,80,0,0,0,0,0,0,0,0,0,10
937,features.40,80,0,80,0,0,0,0,0,0,0,0,0,10
938,features.40,80,0,80,0,0,0,0,0,0,0,0,0,10
939,features.40,80,0,80,0,0,0,0,0,0,0,0,0,10
940,features.40,80,0,80,0,0,0,0,0,0,0,0,0,10
941,features.40,80,0,80,0,0,0,0,0,0,0,0,0,10
942,features.40,80,0,80,0,0,0,0,0,0,0,0,0,10
943,features.40,80,0,80,0,0,0,0,0,0,0,0,0,10
944,features.40,80,0,80,0,0,0,0,0,0,0,0,0,10
945,features.40,80,0,80,0,0,0,0,0,0,0,0,0,10
946,features.40,80,0,80,0,0,0,0,0,0,0,0,0,10
947,features.40,80,0,80,0,0,0,0,0,0,0,0,0,10
948,features.40,80,0,80,0,0,0,0,0,0,0,0,0,10
949,features.40,80,0,80,0,0,0,0,0,0,0,0,0,10
950,features.40,80,0,80,0,0,0,0,0,0,0,0,0,10
951,features.40,80,0,80,0,0,0,0,0,0,0,0,0,10
952,features.40,80,0,80,0,0,0,0,0,0,0,0,0,10
953,features.40,80,0,80,0,0,0,0,0,0,0,0,0,10
954,features.40,80,0,80,0,0,0,0,0,0,0,0,0,10
955,features.40,80,0,80,0,0,0,0,0,0,0,0,0,10
956,features.40,80,0,80,0,0,0,0,0,0,0,0,0,10
957,features.40,80,0,80,0,0,0,0,0,0,0,0,0,10
958,features.40,80,0,80,0,0,0,0,0,0,0,0,0,10
959,features.40,80,0,80,0,0,0,0,0,0,0,0,0,10
960,features.40,80,0,80,0,0,0,0,0,0,0,0,0,10
961,features.40,80,0,80,0,0,0,0,0,0,0,0,0,10
962,features.40,80,0,80,0,0,0,0,0,0,0,0,0,10
963,features.40,80,0,80,0,0,0,0,0,0,0,0,0,10
964,features.40,80,0,80,0,0,0,0,0,0,0,0,0,10
965,features.40,80,0,80,0,0,0,0,0,0,0,0,0,10
966,features.40,80,0,80,0,0,0,0,0,0,0,0,0,10
967,features.40,80,0,80,0,0,0,0,0,0,0,0,0,10
968,features.40,80,0,80,0,0,0,0,0,0,0,0,0,10
969,features.40,80,0,80,0,0,0,0,0,0,0,0,0,10
970,features.40,80,0,80,0,0,0,0,0,0,0,0,0,10
971,features.40,80,0,80,0,0,0,0,0,0,0,0,0,10
972,features.40,80,0,80,0,0,0,0,0,0,0,0,0,10
973,features.40,80,0,80,0,0,0,0,0,0,0,0,0,10
974,features.40,80,0,80,0,0,0,0,0,0,0,0,0,10
975,features.40,80,0,80,0,0,0,0,0,0,0,0,0,10
976,features.40,80,0,80,0,0,0,0,0,0,0,0,0,10
977,features.40,80,0,80,0,0,0,0,0,0,0,0,0,10
978,features.40,80,0,80,0,0,0,0,0,0,0,0,0,10
979,features.40,80,0,80,0,0,0,0,0,0,0,0,0,10
980,features.40,80,0,80,0,0,0,0,0,0,0,0,0,10
981,features.40,80,0,80,0,0,0,0,0,0,0,0,0,10
982,features.40,80,0,80,0,0,0,0,0,0,0,0,0,10
983,features.40,80,0,80,0,0,0,0,0,0,0,0,0,10
984,features.40,80,0,80,0,0,0,0,0,0,0,0,0,10
985,features.40,80,0,80,0,0,0,0,0,0,0,0,0,10
986,features.40,80,0,80,0,0,0,0,0,0,0,0,0,10
987,features.40,80,0,80,0,0,0,0,0,0,0,0,0,10
988,features.40,80,0,80,0,0,0,0,0,0,0,0,0,10
989,features.40,80,0,80,0,0,0,0,0,0,0,0,0,10
990,features.40,80,0,80,0,0,0,0,0,0,0,0,0,10
991,features.40,80,0,80,0,0,0,0,0,0,0,0,0,10
992,features.40,80,0,80,0,0,0,0,0,0,0,0,0,10
993,features.40,80,0,80,0,0,0,0,0,0,0,0,0,10
994,features.40,80,0,80,0,0,0,0,0,0,0,0,0,10
995,features.40,80,0,80,0,0,0,0,0,0,0,0,0,10
996,features.40,80,0,80,0,0,0,0,0,0,0,0,0,10
997,features.40,80,0,80,0,0,0,0,0,0,0,0,0,10
998,features.40,80,0,80,0,0,0,0,0,0,0,0,0,10
999,features.40,80,0,80,0,0,0,0,0,0,0,0,0,10
1000,features.40,80,0,80,0,0,0,0,0,0,0,0,0,10
