round,algorithm,seed,id2_step_ratio,test_accuracy,round_train_seconds,selected_clients,global_state_sha256,active_interventions,no_need_count,no_support_count,cold_start_count,no_observation_count,no_global_direction_count,mean_alpha,max_alpha,mean_local_loss,num_clients_seen,num_clients_with_observation,history_memory_bytes,dispatch_events
1,InteractionDispatchV2,1,0.4,10.100000381469727,33.79522589999942,"[80, 84, 33, 81, 93, 17, 36, 82, 69, 65]",78cc1a43e72b35867ad48e56446ed2fed24785cea66bdef59dd3ce177a39610d,0,0,0,10,0,0,0.0,0.0,0.9055170232521308,10,0,2691733280,"[{""client_id"":80,""num_visits_before"":0,""has_observation"":false,""conflict"":null,""support"":null,""total_conflict"":null,""total_support"":null,""alpha"":0.0,""effective_ratio"":0.0,""obs_input_norm"":0.0,""last_round"":null,""reason"":""cold_start"",""group_diagnostics"":{}},{""client_id"":84,""num_visits_before"":0,""has_observation"":false,""conflict"":null,""support"":null,""total_conflict"":null,""total_support"":null,""alpha"":0.0,""effective_ratio"":0.0,""obs_input_norm"":0.0,""last_round"":null,""reason"":""cold_start"",""group_diagnostics"":{}},{""client_id"":33,""num_visits_before"":0,""has_observation"":false,""conflict"":null,""support"":null,""total_conflict"":null,""total_support"":null,""alpha"":0.0,""effective_ratio"":0.0,""obs_input_norm"":0.0,""last_round"":null,""reason"":""cold_start"",""group_diagnostics"":{}},{""client_id"":81,""num_visits_before"":0,""has_observation"":false,""conflict"":null,""support"":null,""total_conflict"":null,""total_support"":null,""alpha"":0.0,""effective_ratio"":0.0,""obs_input_norm"":0.0,""last_round"":null,""reason"":""cold_start"",""group_diagnostics"":{}},{""client_id"":93,""num_visits_before"":0,""has_observation"":false,""conflict"":null,""support"":null,""total_conflict"":null,""total_support"":null,""alpha"":0.0,""effective_ratio"":0.0,""obs_input_norm"":0.0,""last_round"":null,""reason"":""cold_start"",""group_diagnostics"":{}},{""client_id"":17,""num_visits_before"":0,""has_observation"":false,""conflict"":null,""support"":null,""total_conflict"":null,""total_support"":null,""alpha"":0.0,""effective_ratio"":0.0,""obs_input_norm"":0.0,""last_round"":null,""reason"":""cold_start"",""group_diagnostics"":{}},{""client_id"":36,""num_visits_before"":0,""has_observation"":false,""conflict"":null,""support"":null,""total_conflict"":null,""total_support"":null,""alpha"":0.0,""effective_ratio"":0.0,""obs_input_norm"":0.0,""last_round"":null,""reason"":""cold_start"",""group_diagnostics"":{}},{""client_id"":82,""num_visits_before"":0,""has_observation"":false,""conflict"":null,""support"":null,""total_conflict"":null,""total_support"":null,""alpha"":0.0,""effective_ratio"":0.0,""obs_input_norm"":0.0,""last_round"":null,""reason"":""cold_start"",""group_diagnostics"":{}},{""client_id"":69,""num_visits_before"":0,""has_observation"":false,""conflict"":null,""support"":null,""total_conflict"":null,""total_support"":null,""alpha"":0.0,""effective_ratio"":0.0,""obs_input_norm"":0.0,""last_round"":null,""reason"":""cold_start"",""group_diagnostics"":{}},{""client_id"":65,""num_visits_before"":0,""has_observation"":false,""conflict"":null,""support"":null,""total_conflict"":null,""total_support"":null,""alpha"":0.0,""effective_ratio"":0.0,""obs_input_norm"":0.0,""last_round"":null,""reason"":""cold_start"",""group_diagnostics"":{}}]"
2,InteractionDispatchV2,1,0.4,12.739999771118164,20.491500399999495,"[44, 96, 1, 35, 26, 11, 38, 82, 87, 3]",e58be5884b99b3683ce500e0ba8e812babb7c182db018c36f13472b0c0938cc3,0,0,0,10,0,0,0.0,0.0,1.0486170295170703,19,1,5248879896,"[{""client_id"":44,""num_visits_before"":0,""has_observation"":false,""conflict"":null,""support"":null,""total_conflict"":null,""total_support"":null,""alpha"":0.0,""effective_ratio"":0.0,""obs_input_norm"":0.0,""last_round"":null,""reason"":""cold_start"",""group_diagnostics"":{}},{""client_id"":96,""num_visits_before"":0,""has_observation"":false,""conflict"":null,""support"":null,""total_conflict"":null,""total_support"":null,""alpha"":0.0,""effective_ratio"":0.0,""obs_input_norm"":0.0,""last_round"":null,""reason"":""cold_start"",""group_diagnostics"":{}},{""client_id"":1,""num_visits_before"":0,""has_observation"":false,""conflict"":null,""support"":null,""total_conflict"":null,""total_support"":null,""alpha"":0.0,""effective_ratio"":0.0,""obs_input_norm"":0.0,""last_round"":null,""reason"":""cold_start"",""group_diagnostics"":{}},{""client_id"":35,""num_visits_before"":0,""has_observation"":false,""conflict"":null,""support"":null,""total_conflict"":null,""total_support"":null,""alpha"":0.0,""effective_ratio"":0.0,""obs_input_norm"":0.0,""last_round"":null,""reason"":""cold_start"",""group_diagnostics"":{}},{""client_id"":26,""num_visits_before"":0,""has_observation"":false,""conflict"":null,""support"":null,""total_conflict"":null,""total_support"":null,""alpha"":0.0,""effective_ratio"":0.0,""obs_input_norm"":0.0,""last_round"":null,""reason"":""cold_start"",""group_diagnostics"":{}},{""client_id"":11,""num_visits_before"":0,""has_observation"":false,""conflict"":null,""support"":null,""total_conflict"":null,""total_support"":null,""alpha"":0.0,""effective_ratio"":0.0,""obs_input_norm"":0.0,""last_round"":null,""reason"":""cold_start"",""group_diagnostics"":{}},{""client_id"":38,""num_visits_before"":0,""has_observation"":false,""conflict"":null,""support"":null,""total_conflict"":null,""total_support"":null,""alpha"":0.0,""effective_ratio"":0.0,""obs_input_norm"":0.0,""last_round"":null,""reason"":""cold_start"",""group_diagnostics"":{}},{""client_id"":82,""num_visits_before"":1,""has_observation"":false,""conflict"":null,""support"":null,""total_conflict"":null,""total_support"":null,""alpha"":0.0,""effective_ratio"":0.0,""obs_input_norm"":0.0,""last_round"":0,""reason"":""cold_start"",""group_diagnostics"":{}},{""client_id"":87,""num_visits_before"":0,""has_observation"":false,""conflict"":null,""support"":null,""total_conflict"":null,""total_support"":null,""alpha"":0.0,""effective_ratio"":0.0,""obs_input_norm"":0.0,""last_round"":null,""reason"":""cold_start"",""group_diagnostics"":{}},{""client_id"":3,""num_visits_before"":0,""has_observation"":false,""conflict"":null,""support"":null,""total_conflict"":null,""total_support"":null,""alpha"":0.0,""effective_ratio"":0.0,""obs_input_norm"":0.0,""last_round"":null,""reason"":""cold_start"",""group_diagnostics"":{}}]"
3,InteractionDispatchV2,1,0.4,14.130000114440918,20.38236230000075,"[95, 67, 96, 71, 1, 80, 99, 45, 52, 27]",4c703a38d9c4a0cbad0bfa8fa4ad9bacea0c7d5048f3d8257589ae8e4198f8d1,0,0,0,10,0,0,0.0,0.0,0.7091536657085719,26,4,7536853184,"[{""client_id"":95,""num_visits_before"":0,""has_observation"":false,""conflict"":null,""support"":null,""total_conflict"":null,""total_support"":null,""alpha"":0.0,""effective_ratio"":0.0,""obs_input_norm"":0.0,""last_round"":null,""reason"":""cold_start"",""group_diagnostics"":{}},{""client_id"":67,""num_visits_before"":0,""has_observation"":false,""conflict"":null,""support"":null,""total_conflict"":null,""total_support"":null,""alpha"":0.0,""effective_ratio"":0.0,""obs_input_norm"":0.0,""last_round"":null,""reason"":""cold_start"",""group_diagnostics"":{}},{""client_id"":96,""num_visits_before"":1,""has_observation"":false,""conflict"":null,""support"":null,""total_conflict"":null,""total_support"":null,""alpha"":0.0,""effective_ratio"":0.0,""obs_input_norm"":0.0,""last_round"":1,""reason"":""cold_start"",""group_diagnostics"":{}},{""client_id"":71,""num_visits_before"":0,""has_observation"":false,""conflict"":null,""support"":null,""total_conflict"":null,""total_support"":null,""alpha"":0.0,""effective_ratio"":0.0,""obs_input_norm"":0.0,""last_round"":null,""reason"":""cold_start"",""group_diagnostics"":{}},{""client_id"":1,""num_visits_before"":1,""has_observation"":false,""conflict"":null,""support"":null,""total_conflict"":null,""total_support"":null,""alpha"":0.0,""effective_ratio"":0.0,""obs_input_norm"":0.0,""last_round"":1,""reason"":""cold_start"",""group_diagnostics"":{}},{""client_id"":80,""num_visits_before"":1,""has_observation"":false,""conflict"":null,""support"":null,""total_conflict"":null,""total_support"":null,""alpha"":0.0,""effective_ratio"":0.0,""obs_input_norm"":0.0,""last_round"":0,""reason"":""cold_start"",""group_diagnostics"":{}},{""client_id"":99,""num_visits_before"":0,""has_observation"":false,""conflict"":null,""support"":null,""total_conflict"":null,""total_support"":null,""alpha"":0.0,""effective_ratio"":0.0,""obs_input_norm"":0.0,""last_round"":null,""reason"":""cold_start"",""group_diagnostics"":{}},{""client_id"":45,""num_visits_before"":0,""has_observation"":false,""conflict"":null,""support"":null,""total_conflict"":null,""total_support"":null,""alpha"":0.0,""effective_ratio"":0.0,""obs_input_norm"":0.0,""last_round"":null,""reason"":""cold_start"",""group_diagnostics"":{}},{""client_id"":52,""num_visits_before"":0,""has_observation"":false,""conflict"":null,""support"":null,""total_conflict"":null,""total_support"":null,""alpha"":0.0,""effective_ratio"":0.0,""obs_input_norm"":0.0,""last_round"":null,""reason"":""cold_start"",""group_diagnostics"":{}},{""client_id"":27,""num_visits_before"":0,""has_observation"":false,""conflict"":null,""support"":null,""total_conflict"":null,""total_support"":null,""alpha"":0.0,""effective_ratio"":0.0,""obs_input_norm"":0.0,""last_round"":null,""reason"":""cold_start"",""group_diagnostics"":{}}]"
4,InteractionDispatchV2,1,0.4,21.100000381469727,21.778571400000146,"[40, 10, 96, 66, 89, 32, 95, 55, 25, 5]",936c6a2fac95f8fd2d945b00cc148ebe641e20877cd784a88a3b80381828d9d7,0,1,0,9,0,0,0.0,0.0,0.558673669006482,34,5,9824826472,"[{""client_id"":40,""num_visits_before"":0,""has_observation"":false,""conflict"":null,""support"":null,""total_conflict"":null,""total_support"":null,""alpha"":0.0,""effective_ratio"":0.0,""obs_input_norm"":0.0,""last_round"":null,""reason"":""cold_start"",""group_diagnostics"":{}},{""client_id"":10,""num_visits_before"":0,""has_observation"":false,""conflict"":null,""support"":null,""total_conflict"":null,""total_support"":null,""alpha"":0.0,""effective_ratio"":0.0,""obs_input_norm"":0.0,""last_round"":null,""reason"":""cold_start"",""group_diagnostics"":{}},{""client_id"":96,""num_visits_before"":2,""has_observation"":true,""conflict"":-0.13955077528953552,""support"":0.0769389420747757,""total_conflict"":-0.13955077528953552,""total_support"":0.0769389420747757,""alpha"":0.0,""effective_ratio"":0.0,""obs_input_norm"":0.7383242249488831,""last_round"":2,""reason"":""no_need"",""group_diagnostics"":{""features"":{""parameter_numel"":14723136,""conflict"":-0.07575031952763567,""support"":0.043129593325321736,""update_norm"":0.9215951434003197,""response_direction_projection"":0.043129593325321736},""classifier"":{""parameter_numel"":18882560,""conflict"":-0.03242212582608772,""support"":0.015664652326563555,""update_norm"":0.33789997301295754,""response_direction_projection"":0.015664652326563555},""fc"":{""parameter_numel"":40970,""conflict"":-0.03137836739915656,""support"":0.018144737667171285,""update_norm"":0.3308943660980699,""response_direction_projection"":0.018144737667171285}}},{""client_id"":66,""num_visits_before"":0,""has_observation"":false,""conflict"":null,""support"":null,""total_conflict"":null,""total_support"":null,""alpha"":0.0,""effective_ratio"":0.0,""obs_input_norm"":0.0,""last_round"":null,""reason"":""cold_start"",""group_diagnostics"":{}},{""client_id"":89,""num_visits_before"":0,""has_observation"":false,""conflict"":null,""support"":null,""total_conflict"":null,""total_support"":null,""alpha"":0.0,""effective_ratio"":0.0,""obs_input_norm"":0.0,""last_round"":null,""reason"":""cold_start"",""group_diagnostics"":{}},{""client_id"":32,""num_visits_before"":0,""has_observation"":false,""conflict"":null,""support"":null,""total_conflict"":null,""total_support"":null,""alpha"":0.0,""effective_ratio"":0.0,""obs_input_norm"":0.0,""last_round"":null,""reason"":""cold_start"",""group_diagnostics"":{}},{""client_id"":95,""num_visits_before"":1,""has_observation"":false,""conflict"":null,""support"":null,""total_conflict"":null,""total_support"":null,""alpha"":0.0,""effective_ratio"":0.0,""obs_input_norm"":0.0,""last_round"":2,""reason"":""cold_start"",""group_diagnostics"":{}},{""client_id"":55,""num_visits_before"":0,""has_observation"":false,""conflict"":null,""support"":null,""total_conflict"":null,""total_support"":null,""alpha"":0.0,""effective_ratio"":0.0,""obs_input_norm"":0.0,""last_round"":null,""reason"":""cold_start"",""group_diagnostics"":{}},{""client_id"":25,""num_visits_before"":0,""has_observation"":false,""conflict"":null,""support"":null,""total_conflict"":null,""total_support"":null,""alpha"":0.0,""effective_ratio"":0.0,""obs_input_norm"":0.0,""last_round"":null,""reason"":""cold_start"",""group_diagnostics"":{}},{""client_id"":5,""num_visits_before"":0,""has_observation"":false,""conflict"":null,""support"":null,""total_conflict"":null,""total_support"":null,""alpha"":0.0,""effective_ratio"":0.0,""obs_input_norm"":0.0,""last_round"":null,""reason"":""cold_start"",""group_diagnostics"":{}}]"
5,InteractionDispatchV2,1,0.4,39.20000076293945,16.509057100000064,"[89, 99, 45, 96, 72, 9, 74, 88, 1, 38]",1797232b6f472c8e8d6f830c0cce3ea84cdc9c1e2a03c6e7eed4d78cf9544d72,0,2,0,8,0,0,0.0,0.0,0.41425977607021813,38,9,11439866440,"[{""client_id"":89,""num_visits_before"":1,""has_observation"":false,""conflict"":null,""support"":null,""total_conflict"":null,""total_support"":null,""alpha"":0.0,""effective_ratio"":0.0,""obs_input_norm"":0.0,""last_round"":3,""reason"":""cold_start"",""group_diagnostics"":{}},{""client_id"":99,""num_visits_before"":1,""has_observation"":false,""conflict"":null,""support"":null,""total_conflict"":null,""total_support"":null,""alpha"":0.0,""effective_ratio"":0.0,""obs_input_norm"":0.0,""last_round"":2,""reason"":""cold_start"",""group_diagnostics"":{}},{""client_id"":45,""num_visits_before"":1,""has_observation"":false,""conflict"":null,""support"":null,""total_conflict"":null,""total_support"":null,""alpha"":0.0,""effective_ratio"":0.0,""obs_input_norm"":0.0,""last_round"":2,""reason"":""cold_start"",""group_diagnostics"":{}},{""client_id"":96,""num_visits_before"":3,""has_observation"":true,""conflict"":-0.14560434222221375,""support"":0.05202985182404518,""total_conflict"":-0.14560434222221375,""total_support"":0.05202985182404518,""alpha"":0.0,""effective_ratio"":0.0,""obs_input_norm"":0.779960572719574,""last_round"":3,""reason"":""no_need"",""group_diagnostics"":{""features"":{""parameter_numel"":14723136,""conflict"":-0.08767645199323226,""support"":0.04163183378006963,""update_norm"":0.9627650791620309,""response_direction_projection"":0.04163183378006963},""classifier"":{""parameter_numel"":18882560,""conflict"":-0.03038559220613024,""support"":0.004038891008093515,""update_norm"":0.31079620319037626,""response_direction_projection"":0.004038891008093515},""fc"":{""parameter_numel"":40970,""conflict"":-0.027542295400053263,""support"":0.006359120063279988,""update_norm"":0.3018145498475043,""response_direction_projection"":0.006359120063279988}}},{""client_id"":72,""num_visits_before"":0,""has_observation"":false,""conflict"":null,""support"":null,""total_conflict"":null,""total_support"":null,""alpha"":0.0,""effective_ratio"":0.0,""obs_input_norm"":0.0,""last_round"":null,""reason"":""cold_start"",""group_diagnostics"":{}},{""client_id"":9,""num_visits_before"":0,""has_observation"":false,""conflict"":null,""support"":null,""total_conflict"":null,""total_support"":null,""alpha"":0.0,""effective_ratio"":0.0,""obs_input_norm"":0.0,""last_round"":null,""reason"":""cold_start"",""group_diagnostics"":{}},{""client_id"":74,""num_visits_before"":0,""has_observation"":false,""conflict"":null,""support"":null,""total_conflict"":null,""total_support"":null,""alpha"":0.0,""effective_ratio"":0.0,""obs_input_norm"":0.0,""last_round"":null,""reason"":""cold_start"",""group_diagnostics"":{}},{""client_id"":88,""num_visits_before"":0,""has_observation"":false,""conflict"":null,""support"":null,""total_conflict"":null,""total_support"":null,""alpha"":0.0,""effective_ratio"":0.0,""obs_input_norm"":0.0,""last_round"":null,""reason"":""cold_start"",""group_diagnostics"":{}},{""client_id"":1,""num_visits_before"":2,""has_observation"":true,""conflict"":-0.0646873489022255,""support"":0.004950238391757011,""total_conflict"":-0.0646873489022255,""total_support"":0.004950238391757011,""alpha"":0.0,""effective_ratio"":0.0,""obs_input_norm"":0.7383242249488831,""last_round"":2,""reason"":""no_need"",""group_diagnostics"":{""features"":{""parameter_numel"":14723136,""conflict"":-0.023588159171566765,""support"":0.0031081519044064976,""update_norm"":0.9960587801134018,""response_direction_projection"":0.0031081519044064976},""classifier"":{""parameter_numel"":18882560,""conflict"":-0.02525766438975552,""support"":0.0013533169556581015,""update_norm"":0.3730651964615372,""response_direction_projection"":0.0013533169556581015},""fc"":{""parameter_numel"":40970,""conflict"":-0.01584153042313119,""support"":0.0004887697023150395,""update_norm"":0.36645617213266984,""response_direction_projection"":0.0004887697023150395}}},{""client_id"":38,""num_visits_before"":1,""has_observation"":false,""conflict"":null,""support"":null,""total_conflict"":null,""total_support"":null,""alpha"":0.0,""effective_ratio"":0.0,""obs_input_norm"":0.0,""last_round"":1,""reason"":""cold_start"",""group_diagnostics"":{}}]"
6,InteractionDispatchV2,1,0.4,25.530000686645508,22.610241000000315,"[0, 86, 4, 23, 24, 1, 62, 83, 66, 93]",fc9f284e606b2556cf7a4d7abb202c1120b498b36f80aa95367e0f88027558a5,0,1,0,9,0,0,0.0,0.0,0.39974897697717715,45,11,13593253064,"[{""client_id"":0,""num_visits_before"":0,""has_observation"":false,""conflict"":null,""support"":null,""total_conflict"":null,""total_support"":null,""alpha"":0.0,""effective_ratio"":0.0,""obs_input_norm"":0.0,""last_round"":null,""reason"":""cold_start"",""group_diagnostics"":{}},{""client_id"":86,""num_visits_before"":0,""has_observation"":false,""conflict"":null,""support"":null,""total_conflict"":null,""total_support"":null,""alpha"":0.0,""effective_ratio"":0.0,""obs_input_norm"":0.0,""last_round"":null,""reason"":""cold_start"",""group_diagnostics"":{}},{""client_id"":4,""num_visits_before"":0,""has_observation"":false,""conflict"":null,""support"":null,""total_conflict"":null,""total_support"":null,""alpha"":0.0,""effective_ratio"":0.0,""obs_input_norm"":0.0,""last_round"":null,""reason"":""cold_start"",""group_diagnostics"":{}},{""client_id"":23,""num_visits_before"":0,""has_observation"":false,""conflict"":null,""support"":null,""total_conflict"":null,""total_support"":null,""alpha"":0.0,""effective_ratio"":0.0,""obs_input_norm"":0.0,""last_round"":null,""reason"":""cold_start"",""group_diagnostics"":{}},{""client_id"":24,""num_visits_before"":0,""has_observation"":false,""conflict"":null,""support"":null,""total_conflict"":null,""total_support"":null,""alpha"":0.0,""effective_ratio"":0.0,""obs_input_norm"":0.0,""last_round"":null,""reason"":""cold_start"",""group_diagnostics"":{}},{""client_id"":1,""num_visits_before"":3,""has_observation"":true,""conflict"":-0.223304882645607,""support"":0.0979168713092804,""total_conflict"":-0.223304882645607,""total_support"":0.0979168713092804,""alpha"":0.0,""effective_ratio"":0.0,""obs_input_norm"":1.0771416425704956,""last_round"":4,""reason"":""no_need"",""group_diagnostics"":{""features"":{""parameter_numel"":14723136,""conflict"":-0.16071664345507491,""support"":0.0911024268217524,""update_norm"":1.0030844582671463,""response_direction_projection"":0.0911024268217524},""classifier"":{""parameter_numel"":18882560,""conflict"":-0.030907298268061822,""support"":0.002994627418956952,""update_norm"":0.29309115561170845,""response_direction_projection"":0.002994627418956952},""fc"":{""parameter_numel"":40970,""conflict"":-0.03168102808331241,""support"":0.0038198300790099893,""update_norm"":0.2789922579188272,""response_direction_projection"":0.0038198300790099893}}},{""client_id"":62,""num_visits_before"":0,""has_observation"":false,""conflict"":null,""support"":null,""total_conflict"":null,""total_support"":null,""alpha"":0.0,""effective_ratio"":0.0,""obs_input_norm"":0.0,""last_round"":null,""reason"":""cold_start"",""group_diagnostics"":{}},{""client_id"":83,""num_visits_before"":0,""has_observation"":false,""conflict"":null,""support"":null,""total_conflict"":null,""total_support"":null,""alpha"":0.0,""effective_ratio"":0.0,""obs_input_norm"":0.0,""last_round"":null,""reason"":""cold_start"",""group_diagnostics"":{}},{""client_id"":66,""num_visits_before"":1,""has_observation"":false,""conflict"":null,""support"":null,""total_conflict"":null,""total_support"":null,""alpha"":0.0,""effective_ratio"":0.0,""obs_input_norm"":0.0,""last_round"":3,""reason"":""cold_start"",""group_diagnostics"":{}},{""client_id"":93,""num_visits_before"":1,""has_observation"":false,""conflict"":null,""support"":null,""total_conflict"":null,""total_support"":null,""alpha"":0.0,""effective_ratio"":0.0,""obs_input_norm"":0.0,""last_round"":0,""reason"":""cold_start"",""group_diagnostics"":{}}]"
7,InteractionDispatchV2,1,0.4,35.86000061035156,21.015445799999725,"[6, 59, 72, 30, 91, 43, 75, 76, 15, 61]",9781dd176c0a232abf6a89dba4acaed62cfeec9218add8edbf37397b5007a458,0,0,0,10,0,0,0.0,0.0,0.42750373253780366,54,12,16150399680,"[{""client_id"":6,""num_visits_before"":0,""has_observation"":false,""conflict"":null,""support"":null,""total_conflict"":null,""total_support"":null,""alpha"":0.0,""effective_ratio"":0.0,""obs_input_norm"":0.0,""last_round"":null,""reason"":""cold_start"",""group_diagnostics"":{}},{""client_id"":59,""num_visits_before"":0,""has_observation"":false,""conflict"":null,""support"":null,""total_conflict"":null,""total_support"":null,""alpha"":0.0,""effective_ratio"":0.0,""obs_input_norm"":0.0,""last_round"":null,""reason"":""cold_start"",""group_diagnostics"":{}},{""client_id"":72,""num_visits_before"":1,""has_observation"":false,""conflict"":null,""support"":null,""total_conflict"":null,""total_support"":null,""alpha"":0.0,""effective_ratio"":0.0,""obs_input_norm"":0.0,""last_round"":4,""reason"":""cold_start"",""group_diagnostics"":{}},{""client_id"":30,""num_visits_before"":0,""has_observation"":false,""conflict"":null,""support"":null,""total_conflict"":null,""total_support"":null,""alpha"":0.0,""effective_ratio"":0.0,""obs_input_norm"":0.0,""last_round"":null,""reason"":""cold_start"",""group_diagnostics"":{}},{""client_id"":91,""num_visits_before"":0,""has_observation"":false,""conflict"":null,""support"":null,""total_conflict"":null,""total_support"":null,""alpha"":0.0,""effective_ratio"":0.0,""obs_input_norm"":0.0,""last_round"":null,""reason"":""cold_start"",""group_diagnostics"":{}},{""client_id"":43,""num_visits_before"":0,""has_observation"":false,""conflict"":null,""support"":null,""total_conflict"":null,""total_support"":null,""alpha"":0.0,""effective_ratio"":0.0,""obs_input_norm"":0.0,""last_round"":null,""reason"":""cold_start"",""group_diagnostics"":{}},{""client_id"":75,""num_visits_before"":0,""has_observation"":false,""conflict"":null,""support"":null,""total_conflict"":null,""total_support"":null,""alpha"":0.0,""effective_ratio"":0.0,""obs_input_norm"":0.0,""last_round"":null,""reason"":""cold_start"",""group_diagnostics"":{}},{""client_id"":76,""num_visits_before"":0,""has_observation"":false,""conflict"":null,""support"":null,""total_conflict"":null,""total_support"":null,""alpha"":0.0,""effective_ratio"":0.0,""obs_input_norm"":0.0,""last_round"":null,""reason"":""cold_start"",""group_diagnostics"":{}},{""client_id"":15,""num_visits_before"":0,""has_observation"":false,""conflict"":null,""support"":null,""total_conflict"":null,""total_support"":null,""alpha"":0.0,""effective_ratio"":0.0,""obs_input_norm"":0.0,""last_round"":null,""reason"":""cold_start"",""group_diagnostics"":{}},{""client_id"":61,""num_visits_before"":0,""has_observation"":false,""conflict"":null,""support"":null,""total_conflict"":null,""total_support"":null,""alpha"":0.0,""effective_ratio"":0.0,""obs_input_norm"":0.0,""last_round"":null,""reason"":""cold_start"",""group_diagnostics"":{}}]"
8,InteractionDispatchV2,1,0.4,27.450000762939453,22.62995249999949,"[44, 88, 74, 48, 59, 79, 25, 52, 45, 55]",1cac7ae093fd3780c38078f29394b67f72002c3d5a3a30ce272d25aeb11a91ba,0,1,0,9,0,0,0.0,0.0,0.34247312436029703,56,19,17630852984,"[{""client_id"":44,""num_visits_before"":1,""has_observation"":false,""conflict"":null,""support"":null,""total_conflict"":null,""total_support"":null,""alpha"":0.0,""effective_ratio"":0.0,""obs_input_norm"":0.0,""last_round"":1,""reason"":""cold_start"",""group_diagnostics"":{}},{""client_id"":88,""num_visits_before"":1,""has_observation"":false,""conflict"":null,""support"":null,""total_conflict"":null,""total_support"":null,""alpha"":0.0,""effective_ratio"":0.0,""obs_input_norm"":0.0,""last_round"":4,""reason"":""cold_start"",""group_diagnostics"":{}},{""client_id"":74,""num_visits_before"":1,""has_observation"":false,""conflict"":null,""support"":null,""total_conflict"":null,""total_support"":null,""alpha"":0.0,""effective_ratio"":0.0,""obs_input_norm"":0.0,""last_round"":4,""reason"":""cold_start"",""group_diagnostics"":{}},{""client_id"":48,""num_visits_before"":0,""has_observation"":false,""conflict"":null,""support"":null,""total_conflict"":null,""total_support"":null,""alpha"":0.0,""effective_ratio"":0.0,""obs_input_norm"":0.0,""last_round"":null,""reason"":""cold_start"",""group_diagnostics"":{}},{""client_id"":59,""num_visits_before"":1,""has_observation"":false,""conflict"":null,""support"":null,""total_conflict"":null,""total_support"":null,""alpha"":0.0,""effective_ratio"":0.0,""obs_input_norm"":0.0,""last_round"":6,""reason"":""cold_start"",""group_diagnostics"":{}},{""client_id"":79,""num_visits_before"":0,""has_observation"":false,""conflict"":null,""support"":null,""total_conflict"":null,""total_support"":null,""alpha"":0.0,""effective_ratio"":0.0,""obs_input_norm"":0.0,""last_round"":null,""reason"":""cold_start"",""group_diagnostics"":{}},{""client_id"":25,""num_visits_before"":1,""has_observation"":false,""conflict"":null,""support"":null,""total_conflict"":null,""total_support"":null,""alpha"":0.0,""effective_ratio"":0.0,""obs_input_norm"":0.0,""last_round"":3,""reason"":""cold_start"",""group_diagnostics"":{}},{""client_id"":52,""num_visits_before"":1,""has_observation"":false,""conflict"":null,""support"":null,""total_conflict"":null,""total_support"":null,""alpha"":0.0,""effective_ratio"":0.0,""obs_input_norm"":0.0,""last_round"":2,""reason"":""cold_start"",""group_diagnostics"":{}},{""client_id"":45,""num_visits_before"":2,""has_observation"":true,""conflict"":-0.042866840958595276,""support"":-0.006837100721895695,""total_conflict"":-0.042866840958595276,""total_support"":-0.006837100721895695,""alpha"":0.0,""effective_ratio"":0.0,""obs_input_norm"":1.0771416425704956,""last_round"":4,""reason"":""no_need"",""group_diagnostics"":{""features"":{""parameter_numel"":14723136,""conflict"":-0.0214584497280761,""support"":-0.0027393314895149956,""update_norm"":0.9538271622486103,""response_direction_projection"":-0.0027393314895149956},""classifier"":{""parameter_numel"":18882560,""conflict"":-0.01159886984919467,""support"":-0.0010078493587570847,""update_norm"":0.2902653294840912,""response_direction_projection"":-0.0010078493587570847},""fc"":{""parameter_numel"":40970,""conflict"":-0.00980952860754769,""support"":-0.003089918862315244,""update_norm"":0.2849843171767256,""response_direction_projection"":-0.003089918862315244}}},{""client_id"":55,""num_visits_before"":1,""has_observation"":false,""conflict"":null,""support"":null,""total_conflict"":null,""total_support"":null,""alpha"":0.0,""effective_ratio"":0.0,""obs_input_norm"":0.0,""last_round"":3,""reason"":""cold_start"",""group_diagnostics"":{}}]"
9,InteractionDispatchV2,1,0.4,37.45000076293945,24.538882700000613,"[3, 60, 35, 33, 22, 66, 45, 68, 67, 75]",f941fdf80250ccd4bca2371c3ef3b2c046e186d40305e01364a21f04d777e672,0,2,0,8,0,0,0.0,0.0,0.41756937974444897,59,24,19111306288,"[{""client_id"":3,""num_visits_before"":1,""has_observation"":false,""conflict"":null,""support"":null,""total_conflict"":null,""total_support"":null,""alpha"":0.0,""effective_ratio"":0.0,""obs_input_norm"":0.0,""last_round"":1,""reason"":""cold_start"",""group_diagnostics"":{}},{""client_id"":60,""num_visits_before"":0,""has_observation"":false,""conflict"":null,""support"":null,""total_conflict"":null,""total_support"":null,""alpha"":0.0,""effective_ratio"":0.0,""obs_input_norm"":0.0,""last_round"":null,""reason"":""cold_start"",""group_diagnostics"":{}},{""client_id"":35,""num_visits_before"":1,""has_observation"":false,""conflict"":null,""support"":null,""total_conflict"":null,""total_support"":null,""alpha"":0.0,""effective_ratio"":0.0,""obs_input_norm"":0.0,""last_round"":1,""reason"":""cold_start"",""group_diagnostics"":{}},{""client_id"":33,""num_visits_before"":1,""has_observation"":false,""conflict"":null,""support"":null,""total_conflict"":null,""total_support"":null,""alpha"":0.0,""effective_ratio"":0.0,""obs_input_norm"":0.0,""last_round"":0,""reason"":""cold_start"",""group_diagnostics"":{}},{""client_id"":22,""num_visits_before"":0,""has_observation"":false,""conflict"":null,""support"":null,""total_conflict"":null,""total_support"":null,""alpha"":0.0,""effective_ratio"":0.0,""obs_input_norm"":0.0,""last_round"":null,""reason"":""cold_start"",""group_diagnostics"":{}},{""client_id"":66,""num_visits_before"":2,""has_observation"":true,""conflict"":-0.053387220948934555,""support"":0.006457128096371889,""total_conflict"":-0.053387220948934555,""total_support"":0.006457128096371889,""alpha"":0.0,""effective_ratio"":0.0,""obs_input_norm"":0.822490394115448,""last_round"":5,""reason"":""no_need"",""group_diagnostics"":{""features"":{""parameter_numel"":14723136,""conflict"":-0.03263308719240854,""support"":0.002165266331546789,""update_norm"":1.568879290486991,""response_direction_projection"":0.002165266331546789},""classifier"":{""parameter_numel"":18882560,""conflict"":-0.014126177189609734,""support"":0.0021142962652902497,""update_norm"":0.40987970643119015,""response_direction_projection"":0.0021142962652902497},""fc"":{""parameter_numel"":40970,""conflict"":-0.006627970846238895,""support"":0.0021775671493742266,""update_norm"":0.3598093456598391,""response_direction_projection"":0.0021775671493742266}}},{""client_id"":45,""num_visits_before"":3,""has_observation"":true,""conflict"":-0.13353590667247772,""support"":0.07700502127408981,""total_conflict"":-0.13353590667247772,""total_support"":0.07700502127408981,""alpha"":0.0,""effective_ratio"":0.0,""obs_input_norm"":1.05791437625885,""last_round"":7,""reason"":""no_need"",""group_diagnostics"":{""features"":{""parameter_numel"":14723136,""conflict"":-0.11005981531757314,""support"":0.07017143557057892,""update_norm"":0.9982355355639905,""response_direction_projection"":0.07017143557057892},""classifier"":{""parameter_numel"":18882560,""conflict"":-0.010252474862596728,""support"":0.0032915844330432265,""update_norm"":0.24400712978399042,""response_direction_projection"":0.0032915844330432265},""fc"":{""parameter_numel"":40970,""conflict"":-0.013223691470557242,""support"":0.003541990522535343,""update_norm"":0.23291813281121265,""response_direction_projection"":0.003541990522535343}}},{""client_id"":68,""num_visits_before"":0,""has_observation"":false,""conflict"":null,""support"":null,""total_conflict"":null,""total_support"":null,""alpha"":0.0,""effective_ratio"":0.0,""obs_input_norm"":0.0,""last_round"":null,""reason"":""cold_start"",""group_diagnostics"":{}},{""client_id"":67,""num_visits_before"":1,""has_observation"":false,""conflict"":null,""support"":null,""total_conflict"":null,""total_support"":null,""alpha"":0.0,""effective_ratio"":0.0,""obs_input_norm"":0.0,""last_round"":2,""reason"":""cold_start"",""group_diagnostics"":{}},{""client_id"":75,""num_visits_before"":1,""has_observation"":false,""conflict"":null,""support"":null,""total_conflict"":null,""total_support"":null,""alpha"":0.0,""effective_ratio"":0.0,""obs_input_norm"":0.0,""last_round"":6,""reason"":""cold_start"",""group_diagnostics"":{}}]"
10,InteractionDispatchV2,1,0.4,33.25,25.694823100000576,"[64, 91, 12, 52, 16, 65, 50, 68, 33, 30]",a06ba9955139cebac79da10b3d8480a9e3944e93de3559acc7483864d5d745f9,0,1,1,8,0,0,0.0,0.0,0.3303577352614273,63,28,20726346256,"[{""client_id"":64,""num_visits_before"":0,""has_observation"":false,""conflict"":null,""support"":null,""total_conflict"":null,""total_support"":null,""alpha"":0.0,""effective_ratio"":0.0,""obs_input_norm"":0.0,""last_round"":null,""reason"":""cold_start"",""group_diagnostics"":{}},{""client_id"":91,""num_visits_before"":1,""has_observation"":false,""conflict"":null,""support"":null,""total_conflict"":null,""total_support"":null,""alpha"":0.0,""effective_ratio"":0.0,""obs_input_norm"":0.0,""last_round"":6,""reason"":""cold_start"",""group_diagnostics"":{}},{""client_id"":12,""num_visits_before"":0,""has_observation"":false,""conflict"":null,""support"":null,""total_conflict"":null,""total_support"":null,""alpha"":0.0,""effective_ratio"":0.0,""obs_input_norm"":0.0,""last_round"":null,""reason"":""cold_start"",""group_diagnostics"":{}},{""client_id"":52,""num_visits_before"":2,""has_observation"":true,""conflict"":0.031224975362420082,""support"":-0.011383079923689365,""total_conflict"":0.031224975362420082,""total_support"":-0.011383079923689365,""alpha"":0.0,""effective_ratio"":0.0,""obs_input_norm"":1.6366195678710938,""last_round"":7,""reason"":""no_support"",""group_diagnostics"":{""features"":{""parameter_numel"":14723136,""conflict"":0.009583882506667862,""support"":-0.010453711153896705,""update_norm"":1.6774813681513063,""response_direction_projection"":-0.010453711153896705},""classifier"":{""parameter_numel"":18882560,""conflict"":0.010233349011741666,""support"":-0.0008487013969897816,""update_norm"":0.38517788469661357,""response_direction_projection"":-0.0008487013969897816},""fc"":{""parameter_numel"":40970,""conflict"":0.01140773781662574,""support"":-8.065863221418113e-05,""update_norm"":0.3360296136703985,""response_direction_projection"":-8.065863221418113e-05}}},{""client_id"":16,""num_visits_before"":0,""has_observation"":false,""conflict"":null,""support"":null,""total_conflict"":null,""total_support"":null,""alpha"":0.0,""effective_ratio"":0.0,""obs_input_norm"":0.0,""last_round"":null,""reason"":""cold_start"",""group_diagnostics"":{}},{""client_id"":65,""num_visits_before"":1,""has_observation"":false,""conflict"":null,""support"":null,""total_conflict"":null,""total_support"":null,""alpha"":0.0,""effective_ratio"":0.0,""obs_input_norm"":0.0,""last_round"":0,""reason"":""cold_start"",""group_diagnostics"":{}},{""client_id"":50,""num_visits_before"":0,""has_observation"":false,""conflict"":null,""support"":null,""total_conflict"":null,""total_support"":null,""alpha"":0.0,""effective_ratio"":0.0,""obs_input_norm"":0.0,""last_round"":null,""reason"":""cold_start"",""group_diagnostics"":{}},{""client_id"":68,""num_visits_before"":1,""has_observation"":false,""conflict"":null,""support"":null,""total_conflict"":null,""total_support"":null,""alpha"":0.0,""effective_ratio"":0.0,""obs_input_norm"":0.0,""last_round"":8,""reason"":""cold_start"",""group_diagnostics"":{}},{""client_id"":33,""num_visits_before"":2,""has_observation"":true,""conflict"":-1.6906074285507202,""support"":0.5105365514755249,""total_conflict"":-1.6906074285507202,""total_support"":0.5105365514755249,""alpha"":0.0,""effective_ratio"":0.0,""obs_input_norm"":2.3224282264709473,""last_round"":8,""reason"":""no_need"",""group_diagnostics"":{""features"":{""parameter_numel"":14723136,""conflict"":-1.5898744937812808,""support"":0.47973938049170783,""update_norm"":2.5102684032436313,""response_direction_projection"":0.47973938049170783},""classifier"":{""parameter_numel"":18882560,""conflict"":-0.0631803222831877,""support"":0.019149866729776477,""update_norm"":0.520037526868119,""response_direction_projection"":0.019149866729776477},""fc"":{""parameter_numel"":40970,""conflict"":-0.03755136571089679,""support"":0.011647649012957118,""update_norm"":0.42706315913025905,""response_direction_projection"":0.011647649012957118}}},{""client_id"":30,""num_visits_before"":1,""has_observation"":false,""conflict"":null,""support"":null,""total_conflict"":null,""total_support"":null,""alpha"":0.0,""effective_ratio"":0.0,""obs_input_norm"":0.0,""last_round"":6,""reason"":""cold_start"",""group_diagnostics"":{}}]"
11,InteractionDispatchV2,1,0.4,45.34000015258789,25.919369000001097,"[54, 27, 23, 37, 75, 33, 41, 46, 52, 24]",41d9ccda8a691d571510f445b52a2b8b5348b14e8ee2a13546beabec64ec982a,0,3,0,7,0,0,0.0,0.0,0.2735331100194629,67,31,22206799560,"[{""client_id"":54,""num_visits_before"":0,""has_observation"":false,""conflict"":null,""support"":null,""total_conflict"":null,""total_support"":null,""alpha"":0.0,""effective_ratio"":0.0,""obs_input_norm"":0.0,""last_round"":null,""reason"":""cold_start"",""group_diagnostics"":{}},{""client_id"":27,""num_visits_before"":1,""has_observation"":false,""conflict"":null,""support"":null,""total_conflict"":null,""total_support"":null,""alpha"":0.0,""effective_ratio"":0.0,""obs_input_norm"":0.0,""last_round"":2,""reason"":""cold_start"",""group_diagnostics"":{}},{""client_id"":23,""num_visits_before"":1,""has_observation"":false,""conflict"":null,""support"":null,""total_conflict"":null,""total_support"":null,""alpha"":0.0,""effective_ratio"":0.0,""obs_input_norm"":0.0,""last_round"":5,""reason"":""cold_start"",""group_diagnostics"":{}},{""client_id"":37,""num_visits_before"":0,""has_observation"":false,""conflict"":null,""support"":null,""total_conflict"":null,""total_support"":null,""alpha"":0.0,""effective_ratio"":0.0,""obs_input_norm"":0.0,""last_round"":null,""reason"":""cold_start"",""group_diagnostics"":{}},{""client_id"":75,""num_visits_before"":2,""has_observation"":true,""conflict"":-0.026583286002278328,""support"":-0.005886778235435486,""total_conflict"":-0.026583286002278328,""total_support"":-0.005886778235435486,""alpha"":0.0,""effective_ratio"":0.0,""obs_input_norm"":0.9404413104057312,""last_round"":8,""reason"":""no_need"",""group_diagnostics"":{""features"":{""parameter_numel"":14723136,""conflict"":-0.01570318917774214,""support"":-0.0044251684801039914,""update_norm"":1.702092604930595,""response_direction_projection"":-0.0044251684801039914},""classifier"":{""parameter_numel"":18882560,""conflict"":-0.007737685553820484,""support"":-0.0007454542361102767,""update_norm"":0.40938960223254806,""response_direction_projection"":-0.0007454542361102767},""fc"":{""parameter_numel"":40970,""conflict"":-0.0031424139883711177,""support"":-0.0007161622511375754,""update_norm"":0.34198800214073716,""response_direction_projection"":-0.0007161622511375754}}},{""client_id"":33,""num_visits_before"":3,""has_observation"":true,""conflict"":-1.505328893661499,""support"":0.3799213767051697,""total_conflict"":-1.505328893661499,""total_support"":0.3799213767051697,""alpha"":0.0,""effective_ratio"":0.0,""obs_input_norm"":0.7443408966064453,""last_round"":9,""reason"":""no_need"",""group_diagnostics"":{""features"":{""parameter_numel"":14723136,""conflict"":-1.4307844453082907,""support"":0.362420279745038,""update_norm"":2.646715771596474,""response_direction_projection"":0.362420279745038},""classifier"":{""parameter_numel"":18882560,""conflict"":-0.0480440456967699,""support"":0.011396802839271913,""update_norm"":0.5056549590583874,""response_direction_projection"":0.011396802839271913},""fc"":{""parameter_numel"":40970,""conflict"":-0.026501394662773237,""support"":0.006104276412429499,""update_norm"":0.4106159856572424,""response_direction_projection"":0.006104276412429499}}},{""client_id"":41,""num_visits_before"":0,""has_observation"":false,""conflict"":null,""support"":null,""total_conflict"":null,""total_support"":null,""alpha"":0.0,""effective_ratio"":0.0,""obs_input_norm"":0.0,""last_round"":null,""reason"":""cold_start"",""group_diagnostics"":{}},{""client_id"":46,""num_visits_before"":0,""has_observation"":false,""conflict"":null,""support"":null,""total_conflict"":null,""total_support"":null,""alpha"":0.0,""effective_ratio"":0.0,""obs_input_norm"":0.0,""last_round"":null,""reason"":""cold_start"",""group_diagnostics"":{}},{""client_id"":52,""num_visits_before"":3,""has_observation"":true,""conflict"":-0.3457547724246979,""support"":0.1278439462184906,""total_conflict"":-0.3457547724246979,""total_support"":0.1278439462184906,""alpha"":0.0,""effective_ratio"":0.0,""obs_input_norm"":0.9822661876678467,""last_round"":9,""reason"":""no_need"",""group_diagnostics"":{""features"":{""parameter_numel"":14723136,""conflict"":-0.3238448009783497,""support"":0.12411905365775056,""update_norm"":1.5242918329486348,""response_direction_projection"":0.12411905365775056},""classifier"":{""parameter_numel"":18882560,""conflict"":-0.013178261143934833,""support"":0.002635686433052342,""update_norm"":0.3261939259571791,""response_direction_projection"":0.002635686433052342},""fc"":{""parameter_numel"":40970,""conflict"":-0.008731790903766523,""support"":0.001089250211862236,""update_norm"":0.2837166000710754,""response_direction_projection"":0.001089250211862236}}},{""client_id"":24,""num_visits_before"":1,""has_observation"":false,""conflict"":null,""support"":null,""total_conflict"":null,""total_support"":null,""alpha"":0.0,""effective_ratio"":0.0,""obs_input_norm"":0.0,""last_round"":5,""reason"":""cold_start"",""group_diagnostics"":{}}]"
12,InteractionDispatchV2,1,0.4,41.16999816894531,24.255853200000274,"[54, 45, 28, 44, 15, 1, 93, 12, 88, 40]",55d7474922f6f866a346726e30d2418001ef08a861233625c0017658996e710a,2,1,2,5,0,0,0.3398593902587891,0.42316575050354005,0.29563565679407044,68,35,23014319544,"[{""client_id"":54,""num_visits_before"":1,""has_observation"":false,""conflict"":null,""support"":null,""total_conflict"":null,""total_support"":null,""alpha"":0.0,""effective_ratio"":0.0,""obs_input_norm"":0.0,""last_round"":10,""reason"":""cold_start"",""group_diagnostics"":{}},{""client_id"":45,""num_visits_before"":4,""has_observation"":true,""conflict"":0.007186912465840578,""support"":0.006405193824321032,""total_conflict"":0.007186912465840578,""total_support"":0.006405193824321032,""alpha"":0.2565530300140381,""effective_ratio"":0.4000000000000001,""obs_input_norm"":0.6413825750350952,""last_round"":8,""reason"":""active"",""group_diagnostics"":{""features"":{""parameter_numel"":14723136,""conflict"":-0.00673060823092442,""support"":0.0034966426212754698,""update_norm"":1.0700693603658464,""response_direction_projection"":0.0034966426212754698},""classifier"":{""parameter_numel"":18882560,""conflict"":0.0023056210513914266,""support"":0.0020995918882817932,""update_norm"":0.24250249764167073,""response_direction_projection"":0.0020995918882817932},""fc"":{""parameter_numel"":40970,""conflict"":0.011611890404310543,""support"":0.0008089623006526381,""update_norm"":0.2160404706565468,""response_direction_projection"":0.0008089623006526381}},""actual_delta_norm"":0.25659099221229553},{""client_id"":28,""num_visits_before"":0,""has_observation"":false,""conflict"":null,""support"":null,""total_conflict"":null,""total_support"":null,""alpha"":0.0,""effective_ratio"":0.0,""obs_input_norm"":0.0,""last_round"":null,""reason"":""cold_start"",""group_diagnostics"":{}},{""client_id"":44,""num_visits_before"":2,""has_observation"":true,""conflict"":-0.011538386344909668,""support"":-0.001979636028409004,""total_conflict"":-0.011538386344909668,""total_support"":-0.001979636028409004,""alpha"":0.0,""effective_ratio"":0.0,""obs_input_norm"":1.9260783195495605,""last_round"":7,""reason"":""no_need"",""group_diagnostics"":{""features"":{""parameter_numel"":14723136,""conflict"":-0.012057295534155764,""support"":0.0006962611318392931,""update_norm"":1.8981150444377664,""response_direction_projection"":0.0006962611318392931},""classifier"":{""parameter_numel"":18882560,""conflict"":0.0019505002537698601,""support"":-0.0017818714533177626,""update_norm"":0.4302861830806665,""response_direction_projection"":-0.0017818714533177626},""fc"":{""parameter_numel"":40970,""conflict"":-0.0014315853240987053,""support"":-0.0008940267380239675,""update_norm"":0.3802573452646618,""response_direction_projection"":-0.0008940267380239675}}},{""client_id"":15,""num_visits_before"":1,""has_observation"":false,""conflict"":null,""support"":null,""total_conflict"":null,""total_support"":null,""alpha"":0.0,""effective_ratio"":0.0,""obs_input_norm"":0.0,""last_round"":6,""reason"":""cold_start"",""group_diagnostics"":{}},{""client_id"":1,""num_visits_before"":4,""has_observation"":true,""conflict"":0.0130727244541049,""support"":-0.004753664135932922,""total_conflict"":0.0130727244541049,""total_support"":-0.004753664135932922,""alpha"":0.0,""effective_ratio"":0.0,""obs_input_norm"":0.4415073096752167,""last_round"":5,""reason"":""no_support"",""group_diagnostics"":{""features"":{""parameter_numel"":14723136,""conflict"":-0.004790175310120065,""support"":0.0005235464493011932,""update_norm"":1.0615508167848426,""response_direction_projection"":0.0005235464493011932},""classifier"":{""parameter_numel"":18882560,""conflict"":0.00799332879546455,""support"":-0.002313856453270091,""update_norm"":0.2806204148483655,""response_direction_projection"":-0.002313856453270091},""fc"":{""parameter_numel"":40970,""conflict"":0.009869566260022111,""support"":-0.00296335401617398,""update_norm"":0.2525089874011515,""response_direction_projection"":-0.00296335401617398}}},{""client_id"":93,""num_visits_before"":2,""has_observation"":true,""conflict"":0.054731693118810654,""support"":-0.0012078206054866314,""total_conflict"":0.054731693118810654,""total_support"":-0.0012078206054866314,""alpha"":0.0,""effective_ratio"":0.0,""obs_input_norm"":1.7897011041641235,""last_round"":5,""reason"":""no_support"",""group_diagnostics"":{""features"":{""parameter_numel"":14723136,""conflict"":-0.0005891513254674113,""support"":0.003674164274340086,""update_norm"":1.7248239764812183,""response_direction_projection"":0.003674164274340086},""classifier"":{""parameter_numel"":18882560,""conflict"":0.02051646838663146,""support"":-0.0019120047168144083,""update_norm"":0.4610885932511405,""response_direction_projection"":-0.0019120047168144083},""fc"":{""parameter_numel"":40970,""conflict"":0.034804380768036935,""support"":-0.0029699819019697316,""update_norm"":0.41225067301890267,""response_direction_projection"":-0.0029699819019697316}}},{""client_id"":12,""num_visits_before"":1,""has_observation"":false,""conflict"":null,""support"":null,""total_conflict"":null,""total_support"":null,""alpha"":0.0,""effective_ratio"":0.0,""obs_input_norm"":0.0,""last_round"":9,""reason"":""cold_start"",""group_diagnostics"":{}},{""client_id"":88,""num_visits_before"":2,""has_observation"":true,""conflict"":0.002613659016788006,""support"":0.006072680465877056,""total_conflict"":0.002613659016788006,""total_support"":0.006072680465877056,""alpha"":0.42316575050354005,""effective_ratio"":0.4,""obs_input_norm"":1.05791437625885,""last_round"":7,""reason"":""active"",""group_diagnostics"":{""features"":{""parameter_numel"":14723136,""conflict"":0.003526094039166543,""support"":-0.0020348270380896594,""update_norm"":1.2854475880231817,""response_direction_projection"":-0.0020348270380896594},""classifier"":{""parameter_numel"":18882560,""conflict"":-0.0006224838853654546,""support"":0.003107048512674737,""update_norm"":0.3064103150594472,""response_direction_projection"":0.003107048512674737},""fc"":{""parameter_numel"":40970,""conflict"":-0.00028995919637964107,""support"":0.005000454984838143,""update_norm"":0.2623452064983315,""response_direction_projection"":0.005000454984838143}},""actual_delta_norm"":0.42247888445854187},{""client_id"":40,""num_visits_before"":1,""has_observation"":false,""conflict"":null,""support"":null,""total_conflict"":null,""total_support"":null,""alpha"":0.0,""effective_ratio"":0.0,""obs_input_norm"":0.0,""last_round"":3,""reason"":""cold_start"",""group_diagnostics"":{}}]"
13,InteractionDispatchV2,1,0.4,44.13999938964844,30.412146399999983,"[70, 75, 5, 68, 36, 79, 72, 78, 57, 44]",de524a57f3abbc07a3f714c26f16b4df059f826e4651aca4516dffdd373f260c,0,2,2,6,0,0,0.0,0.0,0.3125848785235422,71,38,24225599520,"[{""client_id"":70,""num_visits_before"":0,""has_observation"":false,""conflict"":null,""support"":null,""total_conflict"":null,""total_support"":null,""alpha"":0.0,""effective_ratio"":0.0,""obs_input_norm"":0.0,""last_round"":null,""reason"":""cold_start"",""group_diagnostics"":{}},{""client_id"":75,""num_visits_before"":3,""has_observation"":true,""conflict"":0.020280778408050537,""support"":-0.011043067090213299,""total_conflict"":0.020280778408050537,""total_support"":-0.011043067090213299,""alpha"":0.0,""effective_ratio"":0.0,""obs_input_norm"":1.1084868907928467,""last_round"":10,""reason"":""no_support"",""group_diagnostics"":{""features"":{""parameter_numel"":14723136,""conflict"":0.005459709465171154,""support"":-0.0040848577005014874,""update_norm"":1.7044000806439386,""response_direction_projection"":-0.0040848577005014874},""classifier"":{""parameter_numel"":18882560,""conflict"":0.0035782912277682044,""support"":-0.003414473420207287,""update_norm"":0.369196718071401,""response_direction_projection"":-0.003414473420207287},""fc"":{""parameter_numel"":40970,""conflict"":0.011242781431064941,""support"":-0.003543734273989685,""update_norm"":0.30499643516866853,""response_direction_projection"":-0.003543734273989685}}},{""client_id"":5,""num_visits_before"":1,""has_observation"":false,""conflict"":null,""support"":null,""total_conflict"":null,""total_support"":null,""alpha"":0.0,""effective_ratio"":0.0,""obs_input_norm"":0.0,""last_round"":3,""reason"":""cold_start"",""group_diagnostics"":{}},{""client_id"":68,""num_visits_before"":2,""has_observation"":true,""conflict"":-0.016433963552117348,""support"":-0.004636391531676054,""total_conflict"":-0.016433963552117348,""total_support"":-0.004636391531676054,""alpha"":0.0,""effective_ratio"":0.0,""obs_input_norm"":0.7443408966064453,""last_round"":9,""reason"":""no_need"",""group_diagnostics"":{""features"":{""parameter_numel"":14723136,""conflict"":-0.013911935680248178,""support"":-0.0025806270839936474,""update_norm"":2.003991512931589,""response_direction_projection"":-0.0025806270839936474},""classifier"":{""parameter_numel"":18882560,""conflict"":-0.002780011580284736,""support"":-0.0006825078694134845,""update_norm"":0.41979063452800186,""response_direction_projection"":-0.0006825078694134845},""fc"":{""parameter_numel"":40970,""conflict"":0.00025798457136261277,""support"":-0.001373255377757232,""update_norm"":0.35806522642442556,""response_direction_projection"":-0.001373255377757232}}},{""client_id"":36,""num_visits_before"":1,""has_observation"":false,""conflict"":null,""support"":null,""total_conflict"":null,""total_support"":null,""alpha"":0.0,""effective_ratio"":0.0,""obs_input_norm"":0.0,""last_round"":0,""reason"":""cold_start"",""group_diagnostics"":{}},{""client_id"":79,""num_visits_before"":1,""has_observation"":false,""conflict"":null,""support"":null,""total_conflict"":null,""total_support"":null,""alpha"":0.0,""effective_ratio"":0.0,""obs_input_norm"":0.0,""last_round"":7,""reason"":""cold_start"",""group_diagnostics"":{}},{""client_id"":72,""num_visits_before"":2,""has_observation"":true,""conflict"":0.028113458305597305,""support"":-0.009212604723870754,""total_conflict"":0.028113458305597305,""total_support"":-0.009212604723870754,""alpha"":0.0,""effective_ratio"":0.0,""obs_input_norm"":0.7634641528129578,""last_round"":6,""reason"":""no_support"",""group_diagnostics"":{""features"":{""parameter_numel"":14723136,""conflict"":0.004902044406442486,""support"":-0.006182745099394538,""update_norm"":1.2128223589031497,""response_direction_projection"":-0.006182745099394538},""classifier"":{""parameter_numel"":18882560,""conflict"":0.010128979315595643,""support"":-0.002082052754076358,""update_norm"":0.29883843738127996,""response_direction_projection"":-0.002082052754076358},""fc"":{""parameter_numel"":40970,""conflict"":0.013082425146421883,""support"":-0.0009478142828811542,""update_norm"":0.26100449592510244,""response_direction_projection"":-0.0009478142828811542}}},{""client_id"":78,""num_visits_before"":0,""has_observation"":false,""conflict"":null,""support"":null,""total_conflict"":null,""total_support"":null,""alpha"":0.0,""effective_ratio"":0.0,""obs_input_norm"":0.0,""last_round"":null,""reason"":""cold_start"",""group_diagnostics"":{}},{""client_id"":57,""num_visits_before"":0,""has_observation"":false,""conflict"":null,""support"":null,""total_conflict"":null,""total_support"":null,""alpha"":0.0,""effective_ratio"":0.0,""obs_input_norm"":0.0,""last_round"":null,""reason"":""cold_start"",""group_diagnostics"":{}},{""client_id"":44,""num_visits_before"":3,""has_observation"":true,""conflict"":-0.7508664131164551,""support"":0.26400959491729736,""total_conflict"":-0.7508664131164551,""total_support"":0.26400959491729736,""alpha"":0.0,""effective_ratio"":0.0,""obs_input_norm"":1.4437130689620972,""last_round"":11,""reason"":""no_need"",""group_diagnostics"":{""features"":{""parameter_numel"":14723136,""conflict"":-0.6895414739913122,""support"":0.24907963861699045,""update_norm"":1.6445369163406685,""response_direction_projection"":0.24907963861699045},""classifier"":{""parameter_numel"":18882560,""conflict"":-0.03326578336782404,""support"":0.009260791145379699,""update_norm"":0.3454929892758258,""response_direction_projection"":0.009260791145379699},""fc"":{""parameter_numel"":40970,""conflict"":-0.028058941483322997,""support"":0.005669150219546282,""update_norm"":0.28937247348164186,""response_direction_projection"":0.005669150219546282}}}]"
14,InteractionDispatchV2,1,0.4,47.459999084472656,27.452066300000297,"[41, 9, 30, 89, 40, 49, 3, 22, 8, 16]",d873869dad57aadfdb4646c51403801816d781225fc1177509a53dc44802f9e6,2,1,1,6,0,0,0.663124418258667,0.8364033699035645,0.2684055969191016,73,42,25302292832,"[{""client_id"":41,""num_visits_before"":1,""has_observation"":false,""conflict"":null,""support"":null,""total_conflict"":null,""total_support"":null,""alpha"":0.0,""effective_ratio"":0.0,""obs_input_norm"":0.0,""last_round"":10,""reason"":""cold_start"",""group_diagnostics"":{}},{""client_id"":9,""num_visits_before"":1,""has_observation"":false,""conflict"":null,""support"":null,""total_conflict"":null,""total_support"":null,""alpha"":0.0,""effective_ratio"":0.0,""obs_input_norm"":0.0,""last_round"":4,""reason"":""cold_start"",""group_diagnostics"":{}},{""client_id"":30,""num_visits_before"":2,""has_observation"":true,""conflict"":0.024082619696855545,""support"":0.0018080337904393673,""total_conflict"":0.024082619696855545,""total_support"":0.0018080337904393673,""alpha"":0.48984546661376954,""effective_ratio"":0.4,""obs_input_norm"":1.2246136665344238,""last_round"":9,""reason"":""active"",""group_diagnostics"":{""features"":{""parameter_numel"":14723136,""conflict"":0.00743819451948723,""support"":-0.005136591895883669,""update_norm"":1.357352567214673,""response_direction_projection"":-0.005136591895883669},""classifier"":{""parameter_numel"":18882560,""conflict"":0.006626794584917661,""support"":0.002844428701337165,""update_norm"":0.3304631942748587,""response_direction_projection"":0.002844428701337165},""fc"":{""parameter_numel"":40970,""conflict"":0.010017628374043852,""support"":0.004100197002117056,""update_norm"":0.2927794176496779,""response_direction_projection"":0.004100197002117056}},""actual_delta_norm"":0.4897189438343048},{""client_id"":89,""num_visits_before"":2,""has_observation"":true,""conflict"":-0.0012573048006743193,""support"":0.004211684688925743,""total_conflict"":-0.0012573048006743193,""total_support"":0.004211684688925743,""alpha"":0.0,""effective_ratio"":0.0,""obs_input_norm"":0.6674482822418213,""last_round"":4,""reason"":""no_need"",""group_diagnostics"":{""features"":{""parameter_numel"":14723136,""conflict"":-0.005936505756000798,""support"":0.001458086490572441,""update_norm"":1.1308117014154542,""response_direction_projection"":0.001458086490572441},""classifier"":{""parameter_numel"":18882560,""conflict"":0.00422933120489688,""support"":0.0014940025925227474,""update_norm"":0.32616740693819185,""response_direction_projection"":0.0014940025925227474},""fc"":{""parameter_numel"":40970,""conflict"":0.00044987016372033395,""support"":0.0012595964490174083,""update_norm"":0.3236287690495968,""response_direction_projection"":0.0012595964490174083}}},{""client_id"":40,""num_visits_before"":2,""has_observation"":true,""conflict"":0.04023097828030586,""support"":-0.008442944847047329,""total_conflict"":0.04023097828030586,""total_support"":-0.008442944847047329,""alpha"":0.0,""effective_ratio"":0.0,""obs_input_norm"":2.117302656173706,""last_round"":11,""reason"":""no_support"",""group_diagnostics"":{""features"":{""parameter_numel"":14723136,""conflict"":0.02235599280016487,""support"":-0.009056999900245444,""update_norm"":1.4313317445273672,""response_direction_projection"":-0.009056999900245444},""classifier"":{""parameter_numel"":18882560,""conflict"":0.008379633137792553,""support"":0.00040827964510015136,""update_norm"":0.31024189969397703,""response_direction_projection"":0.00040827964510015136},""fc"":{""parameter_numel"":40970,""conflict"":0.009495349127973896,""support"":0.00020577458781190217,""update_norm"":0.2786029578330233,""response_direction_projection"":0.00020577458781190217}}},{""client_id"":49,""num_visits_before"":0,""has_observation"":false,""conflict"":null,""support"":null,""total_conflict"":null,""total_support"":null,""alpha"":0.0,""effective_ratio"":0.0,""obs_input_norm"":0.0,""last_round"":null,""reason"":""cold_start"",""group_diagnostics"":{}},{""client_id"":3,""num_visits_before"":2,""has_observation"":true,""conflict"":0.034499622881412506,""support"":0.0039162724278867245,""total_conflict"":0.034499622881412506,""total_support"":0.0039162724278867245,""alpha"":0.8364033699035645,""effective_ratio"":0.4,""obs_input_norm"":2.091008424758911,""last_round"":8,""reason"":""active"",""group_diagnostics"":{""features"":{""parameter_numel"":14723136,""conflict"":-0.006485761827420326,""support"":0.0004720849466117727,""update_norm"":1.807893113103023,""response_direction_projection"":0.0004720849466117727},""classifier"":{""parameter_numel"":18882560,""conflict"":0.013731386283325264,""support"":0.0012128502578434563,""update_norm"":0.41644243925905405,""response_direction_projection"":0.0012128502578434563},""fc"":{""parameter_numel"":40970,""conflict"":0.02725398843176663,""support"":0.002231338126875926,""update_norm"":0.37281180978406964,""response_direction_projection"":0.002231338126875926}},""actual_delta_norm"":0.8354669213294983},{""client_id"":22,""num_visits_before"":1,""has_observation"":false,""conflict"":null,""support"":null,""total_conflict"":null,""total_support"":null,""alpha"":0.0,""effective_ratio"":0.0,""obs_input_norm"":0.0,""last_round"":8,""reason"":""cold_start"",""group_diagnostics"":{}},{""client_id"":8,""num_visits_before"":0,""has_observation"":false,""conflict"":null,""support"":null,""total_conflict"":null,""total_support"":null,""alpha"":0.0,""effective_ratio"":0.0,""obs_input_norm"":0.0,""last_round"":null,""reason"":""cold_start"",""group_diagnostics"":{}},{""client_id"":16,""num_visits_before"":1,""has_observation"":false,""conflict"":null,""support"":null,""total_conflict"":null,""total_support"":null,""alpha"":0.0,""effective_ratio"":0.0,""obs_input_norm"":0.0,""last_round"":9,""reason"":""cold_start"",""group_diagnostics"":{}}]"
15,InteractionDispatchV2,1,0.4,47.7400016784668,27.36462770000071,"[82, 28, 69, 81, 56, 71, 85, 27, 37, 66]",c8490fc2081dd738c12d545af0d4834e7513bf2f809e9fbd3a3ebe3891e2c159,0,2,1,7,0,0,0.0,0.0,0.25669903004197636,75,47,26513572808,"[{""client_id"":82,""num_visits_before"":2,""has_observation"":true,""conflict"":-0.019774766638875008,""support"":0.006308228243142366,""total_conflict"":-0.019774766638875008,""total_support"":0.006308228243142366,""alpha"":0.0,""effective_ratio"":0.0,""obs_input_norm"":0.6971073150634766,""last_round"":1,""reason"":""no_need"",""group_diagnostics"":{""features"":{""parameter_numel"":14723136,""conflict"":-0.011617021808609344,""support"":0.0009567670100203429,""update_norm"":1.8608189147204712,""response_direction_projection"":0.0009567670100203429},""classifier"":{""parameter_numel"":18882560,""conflict"":-0.005258028583057239,""support"":0.00247251829583206,""update_norm"":0.5892665342771062,""response_direction_projection"":0.00247251829583206},""fc"":{""parameter_numel"":40970,""conflict"":-0.002899720879213419,""support"":0.0028789446405426133,""update_norm"":0.5395085086272318,""response_direction_projection"":0.0028789446405426133}}},{""client_id"":28,""num_visits_before"":1,""has_observation"":false,""conflict"":null,""support"":null,""total_conflict"":null,""total_support"":null,""alpha"":0.0,""effective_ratio"":0.0,""obs_input_norm"":0.0,""last_round"":11,""reason"":""cold_start"",""group_diagnostics"":{}},{""client_id"":69,""num_visits_before"":1,""has_observation"":false,""conflict"":null,""support"":null,""total_conflict"":null,""total_support"":null,""alpha"":0.0,""effective_ratio"":0.0,""obs_input_norm"":0.0,""last_round"":0,""reason"":""cold_start"",""group_diagnostics"":{}},{""client_id"":81,""num_visits_before"":1,""has_observation"":false,""conflict"":null,""support"":null,""total_conflict"":null,""total_support"":null,""alpha"":0.0,""effective_ratio"":0.0,""obs_input_norm"":0.0,""last_round"":0,""reason"":""cold_start"",""group_diagnostics"":{}},{""client_id"":56,""num_visits_before"":0,""has_observation"":false,""conflict"":null,""support"":null,""total_conflict"":null,""total_support"":null,""alpha"":0.0,""effective_ratio"":0.0,""obs_input_norm"":0.0,""last_round"":null,""reason"":""cold_start"",""group_diagnostics"":{}},{""client_id"":71,""num_visits_before"":1,""has_observation"":false,""conflict"":null,""support"":null,""total_conflict"":null,""total_support"":null,""alpha"":0.0,""effective_ratio"":0.0,""obs_input_norm"":0.0,""last_round"":2,""reason"":""cold_start"",""group_diagnostics"":{}},{""client_id"":85,""num_visits_before"":0,""has_observation"":false,""conflict"":null,""support"":null,""total_conflict"":null,""total_support"":null,""alpha"":0.0,""effective_ratio"":0.0,""obs_input_norm"":0.0,""last_round"":null,""reason"":""cold_start"",""group_diagnostics"":{}},{""client_id"":27,""num_visits_before"":2,""has_observation"":true,""conflict"":0.022840775549411774,""support"":-0.0029648516792804003,""total_conflict"":0.022840775549411774,""total_support"":-0.0029648516792804003,""alpha"":0.0,""effective_ratio"":0.0,""obs_input_norm"":2.2528951168060303,""last_round"":10,""reason"":""no_support"",""group_diagnostics"":{""features"":{""parameter_numel"":14723136,""conflict"":0.0036812006296003093,""support"":-0.0015233374721645987,""update_norm"":1.391586525209388,""response_direction_projection"":-0.0015233374721645987},""classifier"":{""parameter_numel"":18882560,""conflict"":0.00642294165390922,""support"":-0.0013070724706949477,""update_norm"":0.27240228450581544,""response_direction_projection"":-0.0013070724706949477},""fc"":{""parameter_numel"":40970,""conflict"":0.012736628810671391,""support"":-0.00013443644274957478,""update_norm"":0.23645692038708546,""response_direction_projection"":-0.00013443644274957478}}},{""client_id"":37,""num_visits_before"":1,""has_observation"":false,""conflict"":null,""support"":null,""total_conflict"":null,""total_support"":null,""alpha"":0.0,""effective_ratio"":0.0,""obs_input_norm"":0.0,""last_round"":10,""reason"":""cold_start"",""group_diagnostics"":{}},{""client_id"":66,""num_visits_before"":3,""has_observation"":true,""conflict"":-0.004309706389904022,""support"":0.004631890449672937,""total_conflict"":-0.004309706389904022,""total_support"":0.004631890449672937,""alpha"":0.0,""effective_ratio"":0.0,""obs_input_norm"":1.1546989679336548,""last_round"":8,""reason"":""no_need"",""group_diagnostics"":{""features"":{""parameter_numel"":14723136,""conflict"":-0.011682231888876515,""support"":0.002269864917153086,""update_norm"":1.493749567987394,""response_direction_projection"":0.002269864917153086},""classifier"":{""parameter_numel"":18882560,""conflict"":0.0014334955953358985,""support"":0.0021271756347687187,""update_norm"":0.33357934680922247,""response_direction_projection"":0.0021271756347687187},""fc"":{""parameter_numel"":40970,""conflict"":0.00593902745822561,""support"":0.00023485252040700288,""update_norm"":0.2895415103177585,""response_direction_projection"":0.00023485252040700288}}}]"
16,InteractionDispatchV2,1,0.4,50.83000183105469,23.100954400000774,"[60, 13, 26, 12, 1, 28, 88, 86, 11, 43]",15946f90236a718de3070c2b5cde4f2b7d789be3d890790d3305f14a7e6da823,0,3,1,6,0,0,0.0,0.0,0.3242948192909477,76,52,27455679456,"[{""client_id"":60,""num_visits_before"":1,""has_observation"":false,""conflict"":null,""support"":null,""total_conflict"":null,""total_support"":null,""alpha"":0.0,""effective_ratio"":0.0,""obs_input_norm"":0.0,""last_round"":8,""reason"":""cold_start"",""group_diagnostics"":{}},{""client_id"":13,""num_visits_before"":0,""has_observation"":false,""conflict"":null,""support"":null,""total_conflict"":null,""total_support"":null,""alpha"":0.0,""effective_ratio"":0.0,""obs_input_norm"":0.0,""last_round"":null,""reason"":""cold_start"",""group_diagnostics"":{}},{""client_id"":26,""num_visits_before"":1,""has_observation"":false,""conflict"":null,""support"":null,""total_conflict"":null,""total_support"":null,""alpha"":0.0,""effective_ratio"":0.0,""obs_input_norm"":0.0,""last_round"":1,""reason"":""cold_start"",""group_diagnostics"":{}},{""client_id"":12,""num_visits_before"":2,""has_observation"":true,""conflict"":-0.0027722911909222603,""support"":-0.0025150063447654247,""total_conflict"":-0.0027722911909222603,""total_support"":-0.0025150063447654247,""alpha"":0.0,""effective_ratio"":0.0,""obs_input_norm"":0.9559049010276794,""last_round"":11,""reason"":""no_need"",""group_diagnostics"":{""features"":{""parameter_numel"":14723136,""conflict"":-0.015231815807226282,""support"":0.001460237372608475,""update_norm"":1.8145555409235403,""response_direction_projection"":0.001460237372608475},""classifier"":{""parameter_numel"":18882560,""conflict"":0.0010113394014297228,""support"":-0.0010166442769143913,""update_norm"":0.3757301200669896,""response_direction_projection"":-0.0010166442769143913},""fc"":{""parameter_numel"":40970,""conflict"":0.01144819086039206,""support"":-0.002958594558549521,""update_norm"":0.30572302670614177,""response_direction_projection"":-0.002958594558549521}}},{""client_id"":1,""num_visits_before"":5,""has_observation"":true,""conflict"":-0.03409958630800247,""support"":-0.0020981011912226677,""total_conflict"":-0.03409958630800247,""total_support"":-0.0020981011912226677,""alpha"":0.0,""effective_ratio"":0.0,""obs_input_norm"":1.8053693771362305,""last_round"":11,""reason"":""no_need"",""group_diagnostics"":{""features"":{""parameter_numel"":14723136,""conflict"":-0.019014930861970945,""support"":0.0017133234702022548,""update_norm"":1.1665748768634412,""response_direction_projection"":0.0017133234702022548},""classifier"":{""parameter_numel"":18882560,""conflict"":-0.009058428812750208,""support"":-0.0023862597561361554,""update_norm"":0.22670017793108874,""response_direction_projection"":-0.0023862597561361554},""fc"":{""parameter_numel"":40970,""conflict"":-0.0060262379884079564,""support"":-0.001425169495632872,""update_norm"":0.19663289567048356,""response_direction_projection"":-0.001425169495632872}}},{""client_id"":28,""num_visits_before"":2,""has_observation"":true,""conflict"":-0.0984112024307251,""support"":0.13366982340812683,""total_conflict"":-0.0984112024307251,""total_support"":0.13366982340812683,""alpha"":0.0,""effective_ratio"":0.0,""obs_input_norm"":0.9665717482566833,""last_round"":14,""reason"":""no_need"",""group_diagnostics"":{""features"":{""parameter_numel"":14723136,""conflict"":-0.08248996345328408,""support"":0.10521026947054679,""update_norm"":0.6496335254130652,""response_direction_projection"":0.10521026947054679},""classifier"":{""parameter_numel"":18882560,""conflict"":-0.00925458984488614,""support"":0.014769565738333768,""update_norm"":0.2786071329387655,""response_direction_projection"":0.014769565738333768},""fc"":{""parameter_numel"":40970,""conflict"":-0.006666654679065687,""support"":0.013690080493688583,""update_norm"":0.24093999603115362,""response_direction_projection"":0.013690080493688583}}},{""client_id"":88,""num_visits_before"":3,""has_observation"":true,""conflict"":0.02700643241405487,""support"":-0.006383287720382214,""total_conflict"":0.02700643241405487,""total_support"":-0.006383287720382214,""alpha"":0.0,""effective_ratio"":0.0,""obs_input_norm"":1.556949496269226,""last_round"":11,""reason"":""no_support"",""group_diagnostics"":{""features"":{""parameter_numel"":14723136,""conflict"":0.0031196046720651975,""support"":-0.00031747925364378204,""update_norm"":1.4751678858880555,""response_direction_projection"":-0.00031747925364378204},""classifier"":{""parameter_numel"":18882560,""conflict"":0.01172967713955586,""support"":-0.002848757646290778,""update_norm"":0.29030174050503615,""response_direction_projection"":-0.002848757646290778},""fc"":{""parameter_numel"":40970,""conflict"":0.012157140001363587,""support"":-0.003217051813408034,""update_norm"":0.23584504245486168,""response_direction_projection"":-0.003217051813408034}}},{""client_id"":86,""num_visits_before"":1,""has_observation"":false,""conflict"":null,""support"":null,""total_conflict"":null,""total_support"":null,""alpha"":0.0,""effective_ratio"":0.0,""obs_input_norm"":0.0,""last_round"":5,""reason"":""cold_start"",""group_diagnostics"":{}},{""client_id"":11,""num_visits_before"":1,""has_observation"":false,""conflict"":null,""support"":null,""total_conflict"":null,""total_support"":null,""alpha"":0.0,""effective_ratio"":0.0,""obs_input_norm"":0.0,""last_round"":1,""reason"":""cold_start"",""group_diagnostics"":{}},{""client_id"":43,""num_visits_before"":1,""has_observation"":false,""conflict"":null,""support"":null,""total_conflict"":null,""total_support"":null,""alpha"":0.0,""effective_ratio"":0.0,""obs_input_norm"":0.0,""last_round"":6,""reason"":""cold_start"",""group_diagnostics"":{}}]"
17,InteractionDispatchV2,1,0.4,53.459999084472656,23.944382300000143,"[93, 16, 72, 75, 10, 4, 38, 71, 42, 62]",2c019e1cd3ba4dd3ff088a70d069a333936cc539e51335563e4362bf37462521,0,4,2,4,0,0,0.0,0.0,0.26957296896641736,77,55,28128612776,"[{""client_id"":93,""num_visits_before"":3,""has_observation"":true,""conflict"":-0.11255837231874466,""support"":0.001480898237787187,""total_conflict"":-0.11255837231874466,""total_support"":0.001480898237787187,""alpha"":0.0,""effective_ratio"":0.0,""obs_input_norm"":1.8053693771362305,""last_round"":11,""reason"":""no_need"",""group_diagnostics"":{""features"":{""parameter_numel"":14723136,""conflict"":-0.05476000055639928,""support"":0.0047221216060151505,""update_norm"":1.5701940635318063,""response_direction_projection"":0.0047221216060151505},""classifier"":{""parameter_numel"":18882560,""conflict"":-0.02277366892712962,""support"":-0.0017623413581873137,""update_norm"":0.3632797489577677,""response_direction_projection"":-0.0017623413581873137},""fc"":{""parameter_numel"":40970,""conflict"":-0.035024732089368626,""support"":-0.0014788838489039335,""update_norm"":0.3311384460017795,""response_direction_projection"":-0.0014788838489039335}}},{""client_id"":16,""num_visits_before"":2,""has_observation"":true,""conflict"":-0.0762767568230629,""support"":0.00715905986726284,""total_conflict"":-0.0762767568230629,""total_support"":0.00715905986726284,""alpha"":0.0,""effective_ratio"":0.0,""obs_input_norm"":1.2845302820205688,""last_round"":13,""reason"":""no_need"",""group_diagnostics"":{""features"":{""parameter_numel"":14723136,""conflict"":-0.026540636001300293,""support"":0.00017874556126251662,""update_norm"":1.5515587731169886,""response_direction_projection"":0.00017874556126251662},""classifier"":{""parameter_numel"":18882560,""conflict"":-0.02085275578110668,""support"":0.0026617150101628795,""update_norm"":0.3616919055564817,""response_direction_projection"":0.0026617150101628795},""fc"":{""parameter_numel"":40970,""conflict"":-0.02888338475167984,""support"":0.004318599078033003,""update_norm"":0.32834403396723155,""response_direction_projection"":0.004318599078033003}}},{""client_id"":72,""num_visits_before"":3,""has_observation"":true,""conflict"":-0.0002786223776638508,""support"":-0.005592093802988529,""total_conflict"":-0.0002786223776638508,""total_support"":-0.005592093802988529,""alpha"":0.0,""effective_ratio"":0.0,""obs_input_norm"":1.7477935552597046,""last_round"":12,""reason"":""no_need"",""group_diagnostics"":{""features"":{""parameter_numel"":14723136,""conflict"":-0.0051529119769071485,""support"":-0.0025242211720701846,""update_norm"":1.2610677291911385,""response_direction_projection"":-0.0025242211720701846},""classifier"":{""parameter_numel"":18882560,""conflict"":0.0004092755211786425,""support"":-0.0009063617772824273,""update_norm"":0.33106349718884204,""response_direction_projection"":-0.0009063617772824273},""fc"":{""parameter_numel"":40970,""conflict"":0.0044650176550931064,""support"":-0.002161515842544759,""update_norm"":0.30136128036878923,""response_direction_projection"":-0.002161515842544759}}},{""client_id"":75,""num_visits_before"":4,""has_observation"":true,""conflict"":0.008399242535233498,""support"":-0.00038820202462375164,""total_conflict"":0.008399242535233498,""total_support"":-0.00038820202462375164,""alpha"":0.0,""effective_ratio"":0.0,""obs_input_norm"":0.7638810873031616,""last_round"":12,""reason"":""no_support"",""group_diagnostics"":{""features"":{""parameter_numel"":14723136,""conflict"":0.0010183389851263747,""support"":-0.00100202832651064,""update_norm"":1.73807333979745,""response_direction_projection"":-0.00100202832651064},""classifier"":{""parameter_numel"":18882560,""conflict"":0.000803707126124209,""support"":0.00023530459378662272,""update_norm"":0.3387509678913168,""response_direction_projection"":0.00023530459378662272},""fc"":{""parameter_numel"":40970,""conflict"":0.006577193089469802,""support"":0.0003785188528127037,""update_norm"":0.28425127743559686,""response_direction_projection"":0.0003785188528127037}}},{""client_id"":10,""num_visits_before"":1,""has_observation"":false,""conflict"":null,""support"":null,""total_conflict"":null,""total_support"":null,""alpha"":0.0,""effective_ratio"":0.0,""obs_input_norm"":0.0,""last_round"":3,""reason"":""cold_start"",""group_diagnostics"":{}},{""client_id"":4,""num_visits_before"":1,""has_observation"":false,""conflict"":null,""support"":null,""total_conflict"":null,""total_support"":null,""alpha"":0.0,""effective_ratio"":0.0,""obs_input_norm"":0.0,""last_round"":5,""reason"":""cold_start"",""group_diagnostics"":{}},{""client_id"":38,""num_visits_before"":2,""has_observation"":true,""conflict"":-0.038535311818122864,""support"":0.009125147014856339,""total_conflict"":-0.038535311818122864,""total_support"":0.009125147014856339,""alpha"":0.0,""effective_ratio"":0.0,""obs_input_norm"":1.404620885848999,""last_round"":4,""reason"":""no_need"",""group_diagnostics"":{""features"":{""parameter_numel"":14723136,""conflict"":-0.01284523210384947,""support"":0.007911250843907425,""update_norm"":0.8462532489969455,""response_direction_projection"":0.007911250843907425},""classifier"":{""parameter_numel"":18882560,""conflict"":-0.011645250397918971,""support"":9.179942423998e-05,""update_norm"":0.28866731430731907,""response_direction_projection"":9.179942423998e-05},""fc"":{""parameter_numel"":40970,""conflict"":-0.014044832762010628,""support"":0.001122100781685731,""update_norm"":0.28940082633528263,""response_direction_projection"":0.001122100781685731}}},{""client_id"":71,""num_visits_before"":2,""has_observation"":true,""conflict"":0.04519868642091751,""support"":-0.008428447879850864,""total_conflict"":0.04519868642091751,""total_support"":-0.008428447879850864,""alpha"":0.0,""effective_ratio"":0.0,""obs_input_norm"":2.6593594551086426,""last_round"":14,""reason"":""no_support"",""group_diagnostics"":{""features"":{""parameter_numel"":14723136,""conflict"":0.017820504918773857,""support"":-0.010113700380994572,""update_norm"":1.2277578829763383,""response_direction_projection"":-0.010113700380994572},""classifier"":{""parameter_numel"":18882560,""conflict"":0.008546724564894248,""support"":0.0007449908640211333,""update_norm"":0.3127993308980839,""response_direction_projection"":0.0007449908640211333},""fc"":{""parameter_numel"":40970,""conflict"":0.018831448644050397,""support"":0.0009402590111449172,""update_norm"":0.2970072334532478,""response_direction_projection"":0.0009402590111449172}}},{""client_id"":42,""num_visits_before"":0,""has_observation"":false,""conflict"":null,""support"":null,""total_conflict"":null,""total_support"":null,""alpha"":0.0,""effective_ratio"":0.0,""obs_input_norm"":0.0,""last_round"":null,""reason"":""cold_start"",""group_diagnostics"":{}},{""client_id"":62,""num_visits_before"":1,""has_observation"":false,""conflict"":null,""support"":null,""total_conflict"":null,""total_support"":null,""alpha"":0.0,""effective_ratio"":0.0,""obs_input_norm"":0.0,""last_round"":5,""reason"":""cold_start"",""group_diagnostics"":{}}]"
18,InteractionDispatchV2,1,0.4,39.81999969482422,24.322883900000306,"[36, 47, 1, 64, 57, 97, 29, 6, 67, 92]",18506235d5c19ebcac13bb15bd3b54c462492b43740b8485dc858284bc7736b9,0,3,0,7,0,0,0.0,0.0,0.33392860810868374,81,58,29609066080,"[{""client_id"":36,""num_visits_before"":2,""has_observation"":true,""conflict"":-0.005678859073668718,""support"":-0.0008036859799176455,""total_conflict"":-0.005678859073668718,""total_support"":-0.0008036859799176455,""alpha"":0.0,""effective_ratio"":0.0,""obs_input_norm"":2.9113330841064453,""last_round"":12,""reason"":""no_need"",""group_diagnostics"":{""features"":{""parameter_numel"":14723136,""conflict"":0.004817894996250514,""support"":-0.003517512533520062,""update_norm"":1.849961573010656,""response_direction_projection"":-0.003517512533520062},""classifier"":{""parameter_numel"":18882560,""conflict"":-0.002925003254688363,""support"":8.040455784907863e-05,""update_norm"":0.42637058815497436,""response_direction_projection"":8.040455784907863e-05},""fc"":{""parameter_numel"":40970,""conflict"":-0.007571749099952285,""support"":0.0026334148897149134,""update_norm"":0.37564700262107825,""response_direction_projection"":0.0026334148897149134}}},{""client_id"":47,""num_visits_before"":0,""has_observation"":false,""conflict"":null,""support"":null,""total_conflict"":null,""total_support"":null,""alpha"":0.0,""effective_ratio"":0.0,""obs_input_norm"":0.0,""last_round"":null,""reason"":""cold_start"",""group_diagnostics"":{}},{""client_id"":1,""num_visits_before"":6,""has_observation"":true,""conflict"":-0.018042031675577164,""support"":0.0011054150527343154,""total_conflict"":-0.018042031675577164,""total_support"":0.0011054150527343154,""alpha"":0.0,""effective_ratio"":0.0,""obs_input_norm"":1.0738919973373413,""last_round"":15,""reason"":""no_need"",""group_diagnostics"":{""features"":{""parameter_numel"":14723136,""conflict"":-0.00318231169707416,""support"":-0.0012013505085732845,""update_norm"":1.139692043618556,""response_direction_projection"":-0.0012013505085732845},""classifier"":{""parameter_numel"":18882560,""conflict"":-0.0071812055662121566,""support"":0.0010703753440850505,""update_norm"":0.2199634447877276,""response_direction_projection"":0.0010703753440850505},""fc"":{""parameter_numel"":40970,""conflict"":-0.007678519676119322,""support"":0.0012363912296677881,""update_norm"":0.1861565149793939,""response_direction_projection"":0.0012363912296677881}}},{""client_id"":64,""num_visits_before"":1,""has_observation"":false,""conflict"":null,""support"":null,""total_conflict"":null,""total_support"":null,""alpha"":0.0,""effective_ratio"":0.0,""obs_input_norm"":0.0,""last_round"":9,""reason"":""cold_start"",""group_diagnostics"":{}},{""client_id"":57,""num_visits_before"":1,""has_observation"":false,""conflict"":null,""support"":null,""total_conflict"":null,""total_support"":null,""alpha"":0.0,""effective_ratio"":0.0,""obs_input_norm"":0.0,""last_round"":12,""reason"":""cold_start"",""group_diagnostics"":{}},{""client_id"":97,""num_visits_before"":0,""has_observation"":false,""conflict"":null,""support"":null,""total_conflict"":null,""total_support"":null,""alpha"":0.0,""effective_ratio"":0.0,""obs_input_norm"":0.0,""last_round"":null,""reason"":""cold_start"",""group_diagnostics"":{}},{""client_id"":29,""num_visits_before"":0,""has_observation"":false,""conflict"":null,""support"":null,""total_conflict"":null,""total_support"":null,""alpha"":0.0,""effective_ratio"":0.0,""obs_input_norm"":0.0,""last_round"":null,""reason"":""cold_start"",""group_diagnostics"":{}},{""client_id"":6,""num_visits_before"":1,""has_observation"":false,""conflict"":null,""support"":null,""total_conflict"":null,""total_support"":null,""alpha"":0.0,""effective_ratio"":0.0,""obs_input_norm"":0.0,""last_round"":6,""reason"":""cold_start"",""group_diagnostics"":{}},{""client_id"":67,""num_visits_before"":2,""has_observation"":true,""conflict"":-0.024047471582889557,""support"":-0.00663081556558609,""total_conflict"":-0.024047471582889557,""total_support"":-0.00663081556558609,""alpha"":0.0,""effective_ratio"":0.0,""obs_input_norm"":1.8142889738082886,""last_round"":8,""reason"":""no_need"",""group_diagnostics"":{""features"":{""parameter_numel"":14723136,""conflict"":-0.01192300208899155,""support"":0.001491650993482807,""update_norm"":1.4557494431622238,""response_direction_projection"":0.001491650993482807},""classifier"":{""parameter_numel"":18882560,""conflict"":-0.004496249378917128,""support"":-0.003773330092485594,""update_norm"":0.3022996558559718,""response_direction_projection"":-0.003773330092485594},""fc"":{""parameter_numel"":40970,""conflict"":-0.007628229071997339,""support"":-0.0043491342512425035,""update_norm"":0.2833467990539325,""response_direction_projection"":-0.0043491342512425035}}},{""client_id"":92,""num_visits_before"":0,""has_observation"":false,""conflict"":null,""support"":null,""total_conflict"":null,""total_support"":null,""alpha"":0.0,""effective_ratio"":0.0,""obs_input_norm"":0.0,""last_round"":null,""reason"":""cold_start"",""group_diagnostics"":{}}]"
19,InteractionDispatchV2,1,0.4,46.63999938964844,28.432385500000237,"[48, 87, 17, 57, 22, 81, 4, 51, 94, 63]",7c8cfc2745c13cdf8b8a0f5c3eca85a32ffc6d03e12c4f47a95bd8e009a25ea4,0,2,2,6,0,0,0.0,0.0,0.22355862783420952,84,61,30820346056,"[{""client_id"":48,""num_visits_before"":1,""has_observation"":false,""conflict"":null,""support"":null,""total_conflict"":null,""total_support"":null,""alpha"":0.0,""effective_ratio"":0.0,""obs_input_norm"":0.0,""last_round"":7,""reason"":""cold_start"",""group_diagnostics"":{}},{""client_id"":87,""num_visits_before"":1,""has_observation"":false,""conflict"":null,""support"":null,""total_conflict"":null,""total_support"":null,""alpha"":0.0,""effective_ratio"":0.0,""obs_input_norm"":0.0,""last_round"":1,""reason"":""cold_start"",""group_diagnostics"":{}},{""client_id"":17,""num_visits_before"":1,""has_observation"":false,""conflict"":null,""support"":null,""total_conflict"":null,""total_support"":null,""alpha"":0.0,""effective_ratio"":0.0,""obs_input_norm"":0.0,""last_round"":0,""reason"":""cold_start"",""group_diagnostics"":{}},{""client_id"":57,""num_visits_before"":2,""has_observation"":true,""conflict"":-0.6704283356666565,""support"":0.28383180499076843,""total_conflict"":-0.6704283356666565,""total_support"":0.28383180499076843,""alpha"":0.0,""effective_ratio"":0.0,""obs_input_norm"":1.2299768924713135,""last_round"":17,""reason"":""no_need"",""group_diagnostics"":{""features"":{""parameter_numel"":14723136,""conflict"":-0.5528689624509298,""support"":0.2616216292129252,""update_norm"":1.389533050913876,""response_direction_projection"":0.2616216292129252},""classifier"":{""parameter_numel"":18882560,""conflict"":-0.060030589296729886,""support"":0.012953508872215025,""update_norm"":0.3930017722212088,""response_direction_projection"":0.012953508872215025},""fc"":{""parameter_numel"":40970,""conflict"":-0.05752902018139139,""support"":0.00925660183202126,""update_norm"":0.34748571285364904,""response_direction_projection"":0.00925660183202126}}},{""client_id"":22,""num_visits_before"":2,""has_observation"":true,""conflict"":0.029002021998167038,""support"":-0.016549095511436462,""total_conflict"":0.029002021998167038,""total_support"":-0.016549095511436462,""alpha"":0.0,""effective_ratio"":0.0,""obs_input_norm"":1.5489190816879272,""last_round"":13,""reason"":""no_support"",""group_diagnostics"":{""features"":{""parameter_numel"":14723136,""conflict"":0.0023271037019583253,""support"":-0.002487677606488603,""update_norm"":1.4177132952026223,""response_direction_projection"":-0.002487677606488603},""classifier"":{""parameter_numel"":18882560,""conflict"":0.012166203872311598,""support"":-0.006180922141084011,""update_norm"":0.29991375944563775,""response_direction_projection"":-0.006180922141084011},""fc"":{""parameter_numel"":40970,""conflict"":0.014508708176435903,""support"":-0.007880497789301444,""update_norm"":0.25535112227897155,""response_direction_projection"":-0.007880497789301444}}},{""client_id"":81,""num_visits_before"":2,""has_observation"":true,""conflict"":0.03783687949180603,""support"":-0.005028648767620325,""total_conflict"":0.03783687949180603,""total_support"":-0.005028648767620325,""alpha"":0.0,""effective_ratio"":0.0,""obs_input_norm"":3.0895252227783203,""last_round"":14,""reason"":""no_support"",""group_diagnostics"":{""features"":{""parameter_numel"":14723136,""conflict"":0.006694831882740006,""support"":-0.005434685788252125,""update_norm"":1.4716294730570967,""response_direction_projection"":-0.005434685788252125},""classifier"":{""parameter_numel"":18882560,""conflict"":0.013634506855396467,""support"":-0.0013620438471662055,""update_norm"":0.3116769186127743,""response_direction_projection"":-0.0013620438471662055},""fc"":{""parameter_numel"":40970,""conflict"":0.01750753647502279,""support"":0.0017680765231489204,""update_norm"":0.2523859225530911,""response_direction_projection"":0.0017680765231489204}}},{""client_id"":4,""num_visits_before"":2,""has_observation"":true,""conflict"":-0.06193659082055092,""support"":0.005332236178219318,""total_conflict"":-0.06193659082055092,""total_support"":0.005332236178219318,""alpha"":0.0,""effective_ratio"":0.0,""obs_input_norm"":2.3112106323242188,""last_round"":16,""reason"":""no_need"",""group_diagnostics"":{""features"":{""parameter_numel"":14723136,""conflict"":-0.011798843066877396,""support"":0.00245578253968759,""update_norm"":1.147792306417552,""response_direction_projection"":0.00245578253968759},""classifier"":{""parameter_numel"":18882560,""conflict"":-0.0234593775085159,""support"":0.003815933479245359,""update_norm"":0.3019234108468831,""response_direction_projection"":0.003815933479245359},""fc"":{""parameter_numel"":40970,""conflict"":-0.026678382128011435,""support"":-0.000939481854402402,""update_norm"":0.2951217207258296,""response_direction_projection"":-0.000939481854402402}}},{""client_id"":51,""num_visits_before"":0,""has_observation"":false,""conflict"":null,""support"":null,""total_conflict"":null,""total_support"":null,""alpha"":0.0,""effective_ratio"":0.0,""obs_input_norm"":0.0,""last_round"":null,""reason"":""cold_start"",""group_diagnostics"":{}},{""client_id"":94,""num_visits_before"":0,""has_observation"":false,""conflict"":null,""support"":null,""total_conflict"":null,""total_support"":null,""alpha"":0.0,""effective_ratio"":0.0,""obs_input_norm"":0.0,""last_round"":null,""reason"":""cold_start"",""group_diagnostics"":{}},{""client_id"":63,""num_visits_before"":0,""has_observation"":false,""conflict"":null,""support"":null,""total_conflict"":null,""total_support"":null,""alpha"":0.0,""effective_ratio"":0.0,""obs_input_norm"":0.0,""last_round"":null,""reason"":""cold_start"",""group_diagnostics"":{}}]"
20,InteractionDispatchV2,1,0.4,45.27000045776367,27.657078100000945,"[9, 17, 59, 11, 2, 95, 68, 28, 60, 14]",9188a0c8fe491521882480ddce39fe67c65fac18112344be86bc37b3797ba454,1,3,4,2,0,0,0.2723941564559937,0.2723941564559937,0.26258615049385686,86,61,31358692712,"[{""client_id"":9,""num_visits_before"":2,""has_observation"":true,""conflict"":-0.031434036791324615,""support"":-1.673487713560462e-05,""total_conflict"":-0.031434036791324615,""total_support"":-1.673487713560462e-05,""alpha"":0.0,""effective_ratio"":0.0,""obs_input_norm"":2.145789623260498,""last_round"":13,""reason"":""no_need"",""group_diagnostics"":{""features"":{""parameter_numel"":14723136,""conflict"":-0.010461837900639006,""support"":-7.439660741681564e-05,""update_norm"":1.513412091514893,""response_direction_projection"":-7.439660741681564e-05},""classifier"":{""parameter_numel"":18882560,""conflict"":-0.010620675771860988,""support"":0.0009195162961077585,""update_norm"":0.2806273760226254,""response_direction_projection"":0.0009195162961077585},""fc"":{""parameter_numel"":40970,""conflict"":-0.010351532335334923,""support"":-0.0008618554006716295,""update_norm"":0.2302897617646656,""response_direction_projection"":-0.0008618554006716295}}},{""client_id"":17,""num_visits_before"":2,""has_observation"":true,""conflict"":-0.5550742745399475,""support"":0.26802492141723633,""total_conflict"":-0.5550742745399475,""total_support"":0.26802492141723633,""alpha"":0.0,""effective_ratio"":0.0,""obs_input_norm"":3.4045143127441406,""last_round"":18,""reason"":""no_need"",""group_diagnostics"":{""features"":{""parameter_numel"":14723136,""conflict"":-0.4281158287421931,""support"":0.22885570861893711,""update_norm"":1.118369256849063,""response_direction_projection"":0.22885570861893711},""classifier"":{""parameter_numel"":18882560,""conflict"":-0.06690741178681492,""support"":0.02398284048649657,""update_norm"":0.37114897569668936,""response_direction_projection"":0.02398284048649657},""fc"":{""parameter_numel"":40970,""conflict"":-0.06005118181928992,""support"":0.015186397700745147,""update_norm"":0.3376371315311006,""response_direction_projection"":0.015186397700745147}}},{""client_id"":59,""num_visits_before"":2,""has_observation"":true,""conflict"":0.017389647662639618,""support"":0.0009282756363973022,""total_conflict"":0.017389647662639618,""total_support"":0.0009282756363973022,""alpha"":0.2723941564559937,""effective_ratio"":0.4,""obs_input_norm"":0.6809853911399841,""last_round"":7,""reason"":""active"",""group_diagnostics"":{""features"":{""parameter_numel"":14723136,""conflict"":-0.003351782154624054,""support"":-0.0024864434355862386,""update_norm"":1.341740491612613,""response_direction_projection"":-0.0024864434355862386},""classifier"":{""parameter_numel"":18882560,""conflict"":0.009936813367858122,""support"":0.0016889878269807923,""update_norm"":0.30000441899933206,""response_direction_projection"":0.0016889878269807923},""fc"":{""parameter_numel"":40970,""conflict"":0.010804615787492367,""support"":0.0017257285498999408,""update_norm"":0.2508824132778688,""response_direction_projection"":0.0017257285498999408}},""actual_delta_norm"":0.27186280488967896},{""client_id"":11,""num_visits_before"":2,""has_observation"":true,""conflict"":-0.006001089699566364,""support"":-0.008124927058815956,""total_conflict"":-0.006001089699566364,""total_support"":-0.008124927058815956,""alpha"":0.0,""effective_ratio"":0.0,""obs_input_norm"":2.961688280105591,""last_round"":15,""reason"":""no_need"",""group_diagnostics"":{""features"":{""parameter_numel"":14723136,""conflict"":0.0013330352750173845,""support"":-0.0008380518713124729,""update_norm"":1.5664182570578538,""response_direction_projection"":-0.0008380518713124729},""classifier"":{""parameter_numel"":18882560,""conflict"":-0.003880469628938954,""support"":-0.0017840802220234764,""update_norm"":0.35335628145363757,""response_direction_projection"":-0.0017840802220234764},""fc"":{""parameter_numel"":40970,""conflict"":-0.003453663948675967,""support"":-0.0055027951166266575,""update_norm"":0.3084821883711067,""response_direction_projection"":-0.0055027951166266575}}},{""client_id"":2,""num_visits_before"":0,""has_observation"":false,""conflict"":null,""support"":null,""total_conflict"":null,""total_support"":null,""alpha"":0.0,""effective_ratio"":0.0,""obs_input_norm"":0.0,""last_round"":null,""reason"":""cold_start"",""group_diagnostics"":{}},{""client_id"":95,""num_visits_before"":2,""has_observation"":true,""conflict"":0.0574391633272171,""support"":-0.008817015215754509,""total_conflict"":0.0574391633272171,""total_support"":-0.008817015215754509,""alpha"":0.0,""effective_ratio"":0.0,""obs_input_norm"":0.779960572719574,""last_round"":3,""reason"":""no_support"",""group_diagnostics"":{""features"":{""parameter_numel"":14723136,""conflict"":0.004170104413915958,""support"":-0.0003668654786679326,""update_norm"":2.3049300664880725,""response_direction_projection"":-0.0003668654786679326},""classifier"":{""parameter_numel"":18882560,""conflict"":0.01813567845374564,""support"":-0.0037767078754313843,""update_norm"":0.618565118375921,""response_direction_projection"":-0.0037767078754313843},""fc"":{""parameter_numel"":40970,""conflict"":0.03513337874028366,""support"":-0.004673444749641931,""update_norm"":0.5505458029675944,""response_direction_projection"":-0.004673444749641931}}},{""client_id"":68,""num_visits_before"":3,""has_observation"":true,""conflict"":0.033743955194950104,""support"":-0.0013994596665725112,""total_conflict"":0.033743955194950104,""total_support"":-0.0013994596665725112,""alpha"":0.0,""effective_ratio"":0.0,""obs_input_norm"":1.0998929738998413,""last_round"":12,""reason"":""no_support"",""group_diagnostics"":{""features"":{""parameter_numel"":14723136,""conflict"":-5.920400781170285e-05,""support"":-0.0019359038808932638,""update_norm"":2.171159161650965,""response_direction_projection"":-0.0019359038808932638},""classifier"":{""parameter_numel"":18882560,""conflict"":0.0139630778044193,""support"":0.0003512787498891612,""update_norm"":0.40594646479048996,""response_direction_projection"":0.0003512787498891612},""fc"":{""parameter_numel"":40970,""conflict"":0.019840063745505176,""support"":0.00018516551881475607,""update_norm"":0.33158274816260125,""response_direction_projection"":0.00018516551881475607}}},{""client_id"":28,""num_visits_before"":3,""has_observation"":true,""conflict"":0.020553553476929665,""support"":-0.01788647286593914,""total_conflict"":0.020553553476929665,""total_support"":-0.01788647286593914,""alpha"":0.0,""effective_ratio"":0.0,""obs_input_norm"":0.4975430369377136,""last_round"":15,""reason"":""no_support"",""group_diagnostics"":{""features"":{""parameter_numel"":14723136,""conflict"":0.003955924137947873,""support"":-0.010252741236371321,""update_norm"":0.688740728661242,""response_direction_projection"":-0.010252741236371321},""classifier"":{""parameter_numel"":18882560,""conflict"":0.009595337492100953,""support"":-0.003297439302514249,""update_norm"":0.2854412807395698,""response_direction_projection"":-0.003297439302514249},""fc"":{""parameter_numel"":40970,""conflict"":0.007002288846706506,""support"":-0.00433628724567825,""update_norm"":0.2554951883341559,""response_direction_projection"":-0.00433628724567825}}},{""client_id"":60,""num_visits_before"":2,""has_observation"":true,""conflict"":0.011586356908082962,""support"":-0.0023982119746506214,""total_conflict"":0.011586356908082962,""total_support"":-0.0023982119746506214,""alpha"":0.0,""effective_ratio"":0.0,""obs_input_norm"":1.7277518510818481,""last_round"":15,""reason"":""no_support"",""group_diagnostics"":{""features"":{""parameter_numel"":14723136,""conflict"":0.009175173558702433,""support"":-0.004937317063863134,""update_norm"":1.3513583091878274,""response_direction_projection"":-0.004937317063863134},""classifier"":{""parameter_numel"":18882560,""conflict"":0.00018412263642630933,""support"":0.0019075049422099255,""update_norm"":0.33949313213998544,""response_direction_projection"":0.0019075049422099255},""fc"":{""parameter_numel"":40970,""conflict"":0.002227052133093821,""support"":0.000631600961469303,""update_norm"":0.3036086755110588,""response_direction_projection"":0.000631600961469303}}},{""client_id"":14,""num_visits_before"":0,""has_observation"":false,""conflict"":null,""support"":null,""total_conflict"":null,""total_support"":null,""alpha"":0.0,""effective_ratio"":0.0,""obs_input_norm"":0.0,""last_round"":null,""reason"":""cold_start"",""group_diagnostics"":{}}]"
21,InteractionDispatchV2,1,0.4,53.65999984741211,26.738843500001167,"[26, 25, 15, 93, 45, 54, 68, 90, 76, 10]",1ea820423fd7d2c1fb019d44262900429a23d9ba64b49d34df62e98cceec24f6,0,6,2,2,0,0,0.0,0.0,0.23358332274301521,87,62,31762452704,"[{""client_id"":26,""num_visits_before"":2,""has_observation"":true,""conflict"":-0.059099942445755005,""support"":0.0023490404710173607,""total_conflict"":-0.059099942445755005,""total_support"":0.0023490404710173607,""alpha"":0.0,""effective_ratio"":0.0,""obs_input_norm"":2.961688280105591,""last_round"":15,""reason"":""no_need"",""group_diagnostics"":{""features"":{""parameter_numel"":14723136,""conflict"":-0.04118426426612132,""support"":0.012107423682287788,""update_norm"":1.2523480992720448,""response_direction_projection"":0.012107423682287788},""classifier"":{""parameter_numel"":18882560,""conflict"":-0.008578517071555325,""support"":-0.004734541410869042,""update_norm"":0.2982387340295316,""response_direction_projection"":-0.004734541410869042},""fc"":{""parameter_numel"":40970,""conflict"":-0.009337161214716616,""support"":-0.005023841684305808,""update_norm"":0.2630162669791536,""response_direction_projection"":-0.005023841684305808}}},{""client_id"":25,""num_visits_before"":2,""has_observation"":true,""conflict"":0.011837758123874664,""support"":-0.007587428204715252,""total_conflict"":0.011837758123874664,""total_support"":-0.007587428204715252,""alpha"":0.0,""effective_ratio"":0.0,""obs_input_norm"":1.3295063972473145,""last_round"":7,""reason"":""no_support"",""group_diagnostics"":{""features"":{""parameter_numel"":14723136,""conflict"":-0.0031349971727863135,""support"":-0.0027195079918413967,""update_norm"":2.131517595899267,""response_direction_projection"":-0.0027195079918413967},""classifier"":{""parameter_numel"":18882560,""conflict"":0.007378970006584495,""support"":-0.0024104277169954003,""update_norm"":0.43148351428235887,""response_direction_projection"":-0.0024104277169954003},""fc"":{""parameter_numel"":40970,""conflict"":0.007593781541800126,""support"":-0.002457493784277176,""update_norm"":0.3914973522830919,""response_direction_projection"":-0.002457493784277176}}},{""client_id"":15,""num_visits_before"":2,""has_observation"":true,""conflict"":-0.032374970614910126,""support"":0.003594110021367669,""total_conflict"":-0.032374970614910126,""total_support"":0.003594110021367669,""alpha"":0.0,""effective_ratio"":0.0,""obs_input_norm"":1.6370326280593872,""last_round"":11,""reason"":""no_need"",""group_diagnostics"":{""features"":{""parameter_numel"":14723136,""conflict"":-0.0142356207157519,""support"":0.0011988755298109055,""update_norm"":2.0556878619191825,""response_direction_projection"":0.0011988755298109055},""classifier"":{""parameter_numel"":18882560,""conflict"":-0.01039914619332194,""support"":0.0011011667095885969,""update_norm"":0.41849308206549524,""response_direction_projection"":0.0011011667095885969},""fc"":{""parameter_numel"":40970,""conflict"":-0.007740213681245223,""support"":0.001294062255510653,""update_norm"":0.3281240643742681,""response_direction_projection"":0.001294062255510653}}},{""client_id"":93,""num_visits_before"":4,""has_observation"":true,""conflict"":-0.04864012449979782,""support"":-0.008731900714337826,""total_conflict"":-0.04864012449979782,""total_support"":-0.008731900714337826,""alpha"":0.0,""effective_ratio"":0.0,""obs_input_norm"":1.233221173286438,""last_round"":16,""reason"":""no_need"",""group_diagnostics"":{""features"":{""parameter_numel"":14723136,""conflict"":-0.022000940567707516,""support"":-0.004096519173408808,""update_norm"":1.5558742367959526,""response_direction_projection"":-0.004096519173408808},""classifier"":{""parameter_numel"":18882560,""conflict"":-0.011844691079204495,""support"":-0.001682204093995665,""update_norm"":0.29955932393590473,""response_direction_projection"":-0.001682204093995665},""fc"":{""parameter_numel"":40970,""conflict"":-0.014794505761528853,""support"":-0.002953180532585975,""update_norm"":0.24975974311470503,""response_direction_projection"":-0.002953180532585975}}},{""client_id"":45,""num_visits_before"":5,""has_observation"":true,""conflict"":-0.023127172142267227,""support"":0.0039260657504200935,""total_conflict"":-0.023127172142267227,""total_support"":0.0039260657504200935,""alpha"":0.0,""effective_ratio"":0.0,""obs_input_norm"":1.304517388343811,""last_round"":11,""reason"":""no_need"",""group_diagnostics"":{""features"":{""parameter_numel"":14723136,""conflict"":-0.009748468489554796,""support"":0.004668148409187722,""update_norm"":1.0916858520720418,""response_direction_projection"":0.004668148409187722},""classifier"":{""parameter_numel"":18882560,""conflict"":-0.006783447588418312,""support"":-0.0011342710699153713,""update_norm"":0.23381683691116306,""response_direction_projection"":-0.0011342710699153713},""fc"":{""parameter_numel"":40970,""conflict"":-0.006595254077183199,""support"":0.0003921873139915988,""update_norm"":0.21702365502760748,""response_direction_projection"":0.0003921873139915988}}},{""client_id"":54,""num_visits_before"":2,""has_observation"":true,""conflict"":-0.02363050915300846,""support"":0.007276549935340881,""total_conflict"":-0.02363050915300846,""total_support"":0.007276549935340881,""alpha"":0.0,""effective_ratio"":0.0,""obs_input_norm"":0.5681492686271667,""last_round"":11,""reason"":""no_need"",""group_diagnostics"":{""features"":{""parameter_numel"":14723136,""conflict"":-0.012648843219452035,""support"":0.004868493288881837,""update_norm"":1.4577581157998178,""response_direction_projection"":0.004868493288881837},""classifier"":{""parameter_numel"":18882560,""conflict"":-0.0037701916604646613,""support"":0.00036365335191135273,""update_norm"":0.29262803456277836,""response_direction_projection"":0.00036365335191135273},""fc"":{""parameter_numel"":40970,""conflict"":-0.007211483425635379,""support"":0.002044403746367607,""update_norm"":0.25268573588212173,""response_direction_projection"":0.002044403746367607}}},{""client_id"":68,""num_visits_before"":4,""has_observation"":true,""conflict"":-0.9015005826950073,""support"":0.2774776518344879,""total_conflict"":-0.9015005826950073,""total_support"":0.2774776518344879,""alpha"":0.0,""effective_ratio"":0.0,""obs_input_norm"":1.4715137481689453,""last_round"":19,""reason"":""no_need"",""group_diagnostics"":{""features"":{""parameter_numel"":14723136,""conflict"":-0.859716187952472,""support"":0.26301021769421595,""update_norm"":2.026043839275024,""response_direction_projection"":0.26301021769421595},""classifier"":{""parameter_numel"":18882560,""conflict"":-0.024230966828326927,""support"":0.008946870122599648,""update_norm"":0.38493338412627376,""response_direction_projection"":0.008946870122599648},""fc"":{""parameter_numel"":40970,""conflict"":-0.017553730838699266,""support"":0.005520478063772316,""update_norm"":0.30588148832692813,""response_direction_projection"":0.005520478063772316}}},{""client_id"":90,""num_visits_before"":0,""has_observation"":false,""conflict"":null,""support"":null,""total_conflict"":null,""total_support"":null,""alpha"":0.0,""effective_ratio"":0.0,""obs_input_norm"":0.0,""last_round"":null,""reason"":""cold_start"",""group_diagnostics"":{}},{""client_id"":76,""num_visits_before"":1,""has_observation"":false,""conflict"":null,""support"":null,""total_conflict"":null,""total_support"":null,""alpha"":0.0,""effective_ratio"":0.0,""obs_input_norm"":0.0,""last_round"":6,""reason"":""cold_start"",""group_diagnostics"":{}},{""client_id"":10,""num_visits_before"":2,""has_observation"":true,""conflict"":0.04273541271686554,""support"":-0.01657906174659729,""total_conflict"":0.04273541271686554,""total_support"":-0.01657906174659729,""alpha"":0.0,""effective_ratio"":0.0,""obs_input_norm"":2.597691774368286,""last_round"":16,""reason"":""no_support"",""group_diagnostics"":{""features"":{""parameter_numel"":14723136,""conflict"":0.01721056938762544,""support"":-0.009759404116309156,""update_norm"":1.8227357508195974,""response_direction_projection"":-0.009759404116309156},""classifier"":{""parameter_numel"":18882560,""conflict"":0.014979090590259148,""support"":-0.0034181869502845075,""update_norm"":0.4110905041124815,""response_direction_projection"":-0.0034181869502845075},""fc"":{""parameter_numel"":40970,""conflict"":0.010545747441938147,""support"":-0.0034014736402241397,""update_norm"":0.33236363205885894,""response_direction_projection"":-0.0034014736402241397}}}]"
22,InteractionDispatchV2,1,0.4,59.40999984741211,25.686291100000744,"[84, 74, 93, 1, 48, 44, 29, 26, 94, 75]",f8e48ee57baf2692b2eb5dc85bd8d5da5fc90261c0fe950ccbc57405635c7f4b,1,6,0,3,0,0,0.42316575050354005,0.42316575050354005,0.21041385237708457,87,65,32166212696,"[{""client_id"":84,""num_visits_before"":1,""has_observation"":false,""conflict"":null,""support"":null,""total_conflict"":null,""total_support"":null,""alpha"":0.0,""effective_ratio"":0.0,""obs_input_norm"":0.0,""last_round"":0,""reason"":""cold_start"",""group_diagnostics"":{}},{""client_id"":74,""num_visits_before"":2,""has_observation"":true,""conflict"":0.020001523196697235,""support"":0.002493679290637374,""total_conflict"":0.020001523196697235,""total_support"":0.002493679290637374,""alpha"":0.42316575050354005,""effective_ratio"":0.4,""obs_input_norm"":1.05791437625885,""last_round"":7,""reason"":""active"",""group_diagnostics"":{""features"":{""parameter_numel"":14723136,""conflict"":0.008525418484119028,""support"":-0.0011879200126223566,""update_norm"":0.896897870074978,""response_direction_projection"":-0.0011879200126223566},""classifier"":{""parameter_numel"":18882560,""conflict"":0.00481099350599834,""support"":0.0016013492621880232,""update_norm"":0.2625040769308935,""response_direction_projection"":0.0016013492621880232},""fc"":{""parameter_numel"":40970,""conflict"":0.006665113349299645,""support"":0.002080250054859789,""update_norm"":0.267398920566251,""response_direction_projection"":0.002080250054859789}},""actual_delta_norm"":0.42247888445854187},{""client_id"":93,""num_visits_before"":5,""has_observation"":true,""conflict"":-0.8668645620346069,""support"":0.33633777499198914,""total_conflict"":-0.8668645620346069,""total_support"":0.33633777499198914,""alpha"":0.0,""effective_ratio"":0.0,""obs_input_norm"":1.0781593322753906,""last_round"":20,""reason"":""no_need"",""group_diagnostics"":{""features"":{""parameter_numel"":14723136,""conflict"":-0.8268477983430103,""support"":0.321097251473077,""update_norm"":1.8452987815071902,""response_direction_projection"":0.321097251473077},""classifier"":{""parameter_numel"":18882560,""conflict"":-0.023174779873443185,""support"":0.009429228757653618,""update_norm"":0.3286846182961069,""response_direction_projection"":0.009429228757653618},""fc"":{""parameter_numel"":40970,""conflict"":-0.016841926146298647,""support"":0.0058112949609494535,""update_norm"":0.2668175374350309,""response_direction_projection"":0.0058112949609494535}}},{""client_id"":1,""num_visits_before"":7,""has_observation"":true,""conflict"":-0.0031367014162242413,""support"":-0.00020944265997968614,""total_conflict"":-0.0031367014162242413,""total_support"":-0.00020944265997968614,""alpha"":0.0,""effective_ratio"":0.0,""obs_input_norm"":0.7948835492134094,""last_round"":17,""reason"":""no_need"",""group_diagnostics"":{""features"":{""parameter_numel"":14723136,""conflict"":0.0008155983532667312,""support"":6.473284032182391e-05,""update_norm"":1.0993443002695695,""response_direction_projection"":6.473284032182391e-05},""classifier"":{""parameter_numel"":18882560,""conflict"":-0.003046291470354845,""support"":-0.00010559967854106844,""update_norm"":0.1849150990798547,""response_direction_projection"":-0.00010559967854106844},""fc"":{""parameter_numel"":40970,""conflict"":-0.0009060131505975733,""support"":-0.0001685773693225201,""update_norm"":0.15304328483048052,""response_direction_projection"":-0.0001685773693225201}}},{""client_id"":48,""num_visits_before"":2,""has_observation"":true,""conflict"":-0.015489090234041214,""support"":-0.0066661289893090725,""total_conflict"":-0.015489090234041214,""total_support"":-0.0066661289893090725,""alpha"":0.0,""effective_ratio"":0.0,""obs_input_norm"":2.188692808151245,""last_round"":18,""reason"":""no_need"",""group_diagnostics"":{""features"":{""parameter_numel"":14723136,""conflict"":-0.00022473318251315172,""support"":-0.006734144391959518,""update_norm"":1.453661686416019,""response_direction_projection"":-0.006734144391959518},""classifier"":{""parameter_numel"":18882560,""conflict"":-0.006832829694985776,""support"":-9.795267627765725e-05,""update_norm"":0.316208173986011,""response_direction_projection"":-9.795267627765725e-05},""fc"":{""parameter_numel"":40970,""conflict"":-0.008431533300608862,""support"":0.00016596304863014666,""update_norm"":0.28663568463627176,""response_direction_projection"":0.00016596304863014666}}},{""client_id"":44,""num_visits_before"":4,""has_observation"":true,""conflict"":-0.027213962748646736,""support"":0.0006072423420846462,""total_conflict"":-0.027213962748646736,""total_support"":0.0006072423420846462,""alpha"":0.0,""effective_ratio"":0.0,""obs_input_norm"":0.5463871955871582,""last_round"":12,""reason"":""no_need"",""group_diagnostics"":{""features"":{""parameter_numel"":14723136,""conflict"":-0.012745481629394817,""support"":0.003035893907707532,""update_norm"":1.8331361472770762,""response_direction_projection"":0.003035893907707532},""classifier"":{""parameter_numel"":18882560,""conflict"":-0.007887968243721843,""support"":-0.0006422746848642191,""update_norm"":0.32862509717681904,""response_direction_projection"":-0.0006422746848642191},""fc"":{""parameter_numel"":40970,""conflict"":-0.006580523055163212,""support"":-0.0017863715038402006,""update_norm"":0.2609024028609077,""response_direction_projection"":-0.0017863715038402006}}},{""client_id"":29,""num_visits_before"":1,""has_observation"":false,""conflict"":null,""support"":null,""total_conflict"":null,""total_support"":null,""alpha"":0.0,""effective_ratio"":0.0,""obs_input_norm"":0.0,""last_round"":17,""reason"":""cold_start"",""group_diagnostics"":{}},{""client_id"":26,""num_visits_before"":3,""has_observation"":true,""conflict"":-0.27519723773002625,""support"":0.1520395129919052,""total_conflict"":-0.27519723773002625,""total_support"":0.1520395129919052,""alpha"":0.0,""effective_ratio"":0.0,""obs_input_norm"":1.2314579486846924,""last_round"":20,""reason"":""no_need"",""group_diagnostics"":{""features"":{""parameter_numel"":14723136,""conflict"":-0.2690288261702847,""support"":0.1438943810556168,""update_norm"":1.2280323408545153,""response_direction_projection"":0.1438943810556168},""classifier"":{""parameter_numel"":18882560,""conflict"":-0.005609176198504429,""support"":0.0053918104545118695,""update_norm"":0.2460422103968329,""response_direction_projection"":0.0053918104545118695},""fc"":{""parameter_numel"":40970,""conflict"":-0.0005590865785052301,""support"":0.002753386908381117,""update_norm"":0.20059694444201867,""response_direction_projection"":0.002753386908381117}}},{""client_id"":94,""num_visits_before"":1,""has_observation"":false,""conflict"":null,""support"":null,""total_conflict"":null,""total_support"":null,""alpha"":0.0,""effective_ratio"":0.0,""obs_input_norm"":0.0,""last_round"":18,""reason"":""cold_start"",""group_diagnostics"":{}},{""client_id"":75,""num_visits_before"":5,""has_observation"":true,""conflict"":-0.006193828769028187,""support"":0.0019963004160672426,""total_conflict"":-0.006193828769028187,""total_support"":0.0019963004160672426,""alpha"":0.0,""effective_ratio"":0.0,""obs_input_norm"":1.0862561464309692,""last_round"":16,""reason"":""no_need"",""group_diagnostics"":{""features"":{""parameter_numel"":14723136,""conflict"":-0.010324497719494717,""support"":0.002245470073482636,""update_norm"":1.6565296349564607,""response_direction_projection"":0.002245470073482636},""classifier"":{""parameter_numel"":18882560,""conflict"":0.00016600731458993323,""support"":-0.00033905320054827826,""update_norm"":0.30421150871279895,""response_direction_projection"":-0.00033905320054827826},""fc"":{""parameter_numel"":40970,""conflict"":0.00396466371967108,""support"":8.988532886178291e-05,""update_norm"":0.24674402704391446,""response_direction_projection"":8.988532886178291e-05}}}]"
23,InteractionDispatchV2,1,0.4,50.79999923706055,24.47167359999912,"[71, 58, 50, 22, 59, 84, 10, 70, 43, 67]",707b703d0b5303b98e3d3507650d42e943d4155e01470844e081b23330236636,0,5,2,3,0,0,0.0,0.0,0.2468694522251643,88,67,32704559352,"[{""client_id"":71,""num_visits_before"":3,""has_observation"":true,""conflict"":-0.03213914856314659,""support"":-0.0030764134135097265,""total_conflict"":-0.03213914856314659,""total_support"":-0.0030764134135097265,""alpha"":0.0,""effective_ratio"":0.0,""obs_input_norm"":0.7455849647521973,""last_round"":16,""reason"":""no_need"",""group_diagnostics"":{""features"":{""parameter_numel"":14723136,""conflict"":-0.006075637041938366,""support"":-0.001173837084380125,""update_norm"":1.2210551365405053,""response_direction_projection"":-0.001173837084380125},""classifier"":{""parameter_numel"":18882560,""conflict"":-0.009135750616223959,""support"":-0.0007983556238286837,""update_norm"":0.2763833390442987,""response_direction_projection"":-0.0007983556238286837},""fc"":{""parameter_numel"":40970,""conflict"":-0.016927765696891584,""support"":-0.0011042218077363941,""update_norm"":0.270265366321514,""response_direction_projection"":-0.0011042218077363941}}},{""client_id"":58,""num_visits_before"":0,""has_observation"":false,""conflict"":null,""support"":null,""total_conflict"":null,""total_support"":null,""alpha"":0.0,""effective_ratio"":0.0,""obs_input_norm"":0.0,""last_round"":null,""reason"":""cold_start"",""group_diagnostics"":{}},{""client_id"":50,""num_visits_before"":1,""has_observation"":false,""conflict"":null,""support"":null,""total_conflict"":null,""total_support"":null,""alpha"":0.0,""effective_ratio"":0.0,""obs_input_norm"":0.0,""last_round"":9,""reason"":""cold_start"",""group_diagnostics"":{}},{""client_id"":22,""num_visits_before"":3,""has_observation"":true,""conflict"":0.046326544135808945,""support"":-0.0038975425995886326,""total_conflict"":0.046326544135808945,""total_support"":-0.0038975425995886326,""alpha"":0.0,""effective_ratio"":0.0,""obs_input_norm"":1.2004419565200806,""last_round"":18,""reason"":""no_support"",""group_diagnostics"":{""features"":{""parameter_numel"":14723136,""conflict"":0.02045285523868756,""support"":-0.0016422474910200435,""update_norm"":1.4426996125661533,""response_direction_projection"":-0.0016422474910200435},""classifier"":{""parameter_numel"":18882560,""conflict"":0.013671183276528609,""support"":-0.0011369114848776007,""update_norm"":0.3405651459855366,""response_direction_projection"":-0.0011369114848776007},""fc"":{""parameter_numel"":40970,""conflict"":0.012202509176859166,""support"":-0.0011183861597601208,""update_norm"":0.28934359183721325,""response_direction_projection"":-0.0011183861597601208}}},{""client_id"":59,""num_visits_before"":3,""has_observation"":true,""conflict"":-0.035951778292655945,""support"":0.007444402202963829,""total_conflict"":-0.035951778292655945,""total_support"":0.007444402202963829,""alpha"":0.0,""effective_ratio"":0.0,""obs_input_norm"":2.303593635559082,""last_round"":19,""reason"":""no_need"",""group_diagnostics"":{""features"":{""parameter_numel"":14723136,""conflict"":-0.01304869119383767,""support"":0.0047636512460371705,""update_norm"":1.2335175634905917,""response_direction_projection"":0.0047636512460371705},""classifier"":{""parameter_numel"":18882560,""conflict"":-0.01241723206885581,""support"":0.002246736683900963,""update_norm"":0.26204018699752696,""response_direction_projection"":0.002246736683900963},""fc"":{""parameter_numel"":40970,""conflict"":-0.0104858697814052,""support"":0.0004340150535426801,""update_norm"":0.2035959073092427,""response_direction_projection"":0.0004340150535426801}}},{""client_id"":84,""num_visits_before"":2,""has_observation"":true,""conflict"":-0.4149687588214874,""support"":0.19437433779239655,""total_conflict"":-0.4149687588214874,""total_support"":0.19437433779239655,""alpha"":0.0,""effective_ratio"":0.0,""obs_input_norm"":3.6278700828552246,""last_round"":21,""reason"":""no_need"",""group_diagnostics"":{""features"":{""parameter_numel"":14723136,""conflict"":-0.40287520315496295,""support"":0.18122125187257154,""update_norm"":1.5183881468453055,""response_direction_projection"":0.18122125187257154},""classifier"":{""parameter_numel"":18882560,""conflict"":-0.009589653906459716,""support"":0.006804302124692185,""update_norm"":0.28890872400887624,""response_direction_projection"":0.006804302124692185},""fc"":{""parameter_numel"":40970,""conflict"":-0.0025037746145244455,""support"":0.006348808121401817,""update_norm"":0.23046187863118067,""response_direction_projection"":0.006348808121401817}}},{""client_id"":10,""num_visits_before"":3,""has_observation"":true,""conflict"":0.04491617530584335,""support"":-0.006866171024739742,""total_conflict"":0.04491617530584335,""total_support"":-0.006866171024739742,""alpha"":0.0,""effective_ratio"":0.0,""obs_input_norm"":1.0781593322753906,""last_round"":20,""reason"":""no_support"",""group_diagnostics"":{""features"":{""parameter_numel"":14723136,""conflict"":0.035460592298036886,""support"":-0.0069890543672812555,""update_norm"":1.9450733662127238,""response_direction_projection"":-0.0069890543672812555},""classifier"":{""parameter_numel"":18882560,""conflict"":0.007863514542805206,""support"":0.00022749916166731055,""update_norm"":0.40391978961698877,""response_direction_projection"":0.00022749916166731055},""fc"":{""parameter_numel"":40970,""conflict"":0.0015920616388029885,""support"":-0.00010460146472723864,""update_norm"":0.3177906733403546,""response_direction_projection"":-0.00010460146472723864}}},{""client_id"":70,""num_visits_before"":1,""has_observation"":false,""conflict"":null,""support"":null,""total_conflict"":null,""total_support"":null,""alpha"":0.0,""effective_ratio"":0.0,""obs_input_norm"":0.0,""last_round"":12,""reason"":""cold_start"",""group_diagnostics"":{}},{""client_id"":43,""num_visits_before"":2,""has_observation"":true,""conflict"":-0.053936321288347244,""support"":0.004411355126649141,""total_conflict"":-0.053936321288347244,""total_support"":0.004411355126649141,""alpha"":0.0,""effective_ratio"":0.0,""obs_input_norm"":2.0578324794769287,""last_round"":15,""reason"":""no_need"",""group_diagnostics"":{""features"":{""parameter_numel"":14723136,""conflict"":-0.01858615009280129,""support"":0.002565881561451988,""update_norm"":0.8241102012437573,""response_direction_projection"":0.002565881561451988},""classifier"":{""parameter_numel"":18882560,""conflict"":-0.017870971237243793,""support"":0.0019151169674387347,""update_norm"":0.25776460781272315,""response_direction_projection"":0.0019151169674387347},""fc"":{""parameter_numel"":40970,""conflict"":-0.017479197726061102,""support"":-6.964255635466543e-05,""update_norm"":0.2556036943820204,""response_direction_projection"":-6.964255635466543e-05}}},{""client_id"":67,""num_visits_before"":3,""has_observation"":true,""conflict"":-0.002994897775352001,""support"":-0.006734882015734911,""total_conflict"":-0.002994897775352001,""total_support"":-0.006734882015734911,""alpha"":0.0,""effective_ratio"":0.0,""obs_input_norm"":1.9480663537979126,""last_round"":17,""reason"":""no_need"",""group_diagnostics"":{""features"":{""parameter_numel"":14723136,""conflict"":-0.006125369264026405,""support"":-0.00402601563244076,""update_norm"":1.6424785850016201,""response_direction_projection"":-0.00402601563244076},""classifier"":{""parameter_numel"":18882560,""conflict"":0.0024497647035559567,""support"":-0.001735189559894934,""update_norm"":0.28590573885146814,""response_direction_projection"":-0.001735189559894934},""fc"":{""parameter_numel"":40970,""conflict"":0.0006807070931245107,""support"":-0.000973678758555252,""update_norm"":0.23392451832379943,""response_direction_projection"":-0.000973678758555252}}}]"
24,InteractionDispatchV2,1,0.4,55.43000030517578,32.72093119999954,"[70, 54, 33, 75, 31, 58, 17, 6, 3, 51]",63e8993fbfbfb35345c9bf9c04f3172bc21ab78d42a6223deb0ee5c66c208edc,1,5,1,3,0,0,0.4907088279724121,0.4907088279724121,0.21206997199588268,89,69,33242906008,"[{""client_id"":70,""num_visits_before"":2,""has_observation"":true,""conflict"":-1.4350286722183228,""support"":0.3550202250480652,""total_conflict"":-1.4350286722183228,""total_support"":0.3550202250480652,""alpha"":0.0,""effective_ratio"":0.0,""obs_input_norm"":1.7877421379089355,""last_round"":22,""reason"":""no_need"",""group_diagnostics"":{""features"":{""parameter_numel"":14723136,""conflict"":-1.284731550361812,""support"":0.33353303244075505,""update_norm"":2.3798670923570238,""response_direction_projection"":0.33353303244075505},""classifier"":{""parameter_numel"":18882560,""conflict"":-0.09001116224681027,""support"":0.014732781591192179,""update_norm"":0.5414625194141043,""response_direction_projection"":0.014732781591192179},""fc"":{""parameter_numel"":40970,""conflict"":-0.06028662348398939,""support"":0.006754439723408723,""update_norm"":0.3944424778159619,""response_direction_projection"":0.006754439723408723}}},{""client_id"":54,""num_visits_before"":3,""has_observation"":true,""conflict"":0.020270608365535736,""support"":-0.0016829099040478468,""total_conflict"":0.020270608365535736,""total_support"":-0.0016829099040478468,""alpha"":0.0,""effective_ratio"":0.0,""obs_input_norm"":1.6931300163269043,""last_round"":20,""reason"":""no_support"",""group_diagnostics"":{""features"":{""parameter_numel"":14723136,""conflict"":-0.0005023396337691215,""support"":-0.0028403914877124237,""update_norm"":1.33506462909285,""response_direction_projection"":-0.0028403914877124237},""classifier"":{""parameter_numel"":18882560,""conflict"":0.008938428468809434,""support"":0.0004379194634509531,""update_norm"":0.2653614274465593,""response_direction_projection"":0.0004379194634509531},""fc"":{""parameter_numel"":40970,""conflict"":0.011834512515633833,""support"":0.0007195574248726189,""update_norm"":0.22059988413570988,""response_direction_projection"":0.0007195574248726189}}},{""client_id"":33,""num_visits_before"":4,""has_observation"":true,""conflict"":-0.03563385084271431,""support"":0.0056454818695783615,""total_conflict"":-0.03563385084271431,""total_support"":0.0056454818695783615,""alpha"":0.0,""effective_ratio"":0.0,""obs_input_norm"":0.7644448280334473,""last_round"":10,""reason"":""no_need"",""group_diagnostics"":{""features"":{""parameter_numel"":14723136,""conflict"":-0.021569520774498585,""support"":0.0017774807834616269,""update_norm"":2.0378102344772824,""response_direction_projection"":0.0017774807834616269},""classifier"":{""parameter_numel"":18882560,""conflict"":-0.008477801027311216,""support"":0.0020659793224240275,""update_norm"":0.393615237948836,""response_direction_projection"":0.0020659793224240275},""fc"":{""parameter_numel"":40970,""conflict"":-0.005586514664173592,""support"":0.0018020220345533744,""update_norm"":0.3348908894613828,""response_direction_projection"":0.0018020220345533744}}},{""client_id"":75,""num_visits_before"":6,""has_observation"":true,""conflict"":0.02410152554512024,""support"":0.0012913940008729696,""total_conflict"":0.02410152554512024,""total_support"":0.0012913940008729696,""alpha"":0.4907088279724121,""effective_ratio"":0.4,""obs_input_norm"":1.2267720699310303,""last_round"":21,""reason"":""active"",""group_diagnostics"":{""features"":{""parameter_numel"":14723136,""conflict"":0.00794175952219689,""support"":0.00046653897064707905,""update_norm"":1.560101754635981,""response_direction_projection"":0.00046653897064707905},""classifier"":{""parameter_numel"":18882560,""conflict"":0.008725110975319694,""support"":3.747760217720497e-06,""update_norm"":0.2866173241502865,""response_direction_projection"":3.747760217720497e-06},""fc"":{""parameter_numel"":40970,""conflict"":0.007434654537064489,""support"":0.0008211068659420562,""update_norm"":0.22856951321683025,""response_direction_projection"":0.0008211068659420562}},""actual_delta_norm"":0.490608811378479},{""client_id"":31,""num_visits_before"":0,""has_observation"":false,""conflict"":null,""support"":null,""total_conflict"":null,""total_support"":null,""alpha"":0.0,""effective_ratio"":0.0,""obs_input_norm"":0.0,""last_round"":null,""reason"":""cold_start"",""group_diagnostics"":{}},{""client_id"":58,""num_visits_before"":1,""has_observation"":false,""conflict"":null,""support"":null,""total_conflict"":null,""total_support"":null,""alpha"":0.0,""effective_ratio"":0.0,""obs_input_norm"":0.0,""last_round"":22,""reason"":""cold_start"",""group_diagnostics"":{}},{""client_id"":17,""num_visits_before"":3,""has_observation"":true,""conflict"":-0.02643805928528309,""support"":-0.025230344384908676,""total_conflict"":-0.02643805928528309,""total_support"":-0.025230344384908676,""alpha"":0.0,""effective_ratio"":0.0,""obs_input_norm"":0.5074724555015564,""last_round"":19,""reason"":""no_need"",""group_diagnostics"":{""features"":{""parameter_numel"":14723136,""conflict"":-0.0005996976478002123,""support"":-0.009213199939125616,""update_norm"":0.9956061212903801,""response_direction_projection"":-0.009213199939125616},""classifier"":{""parameter_numel"":18882560,""conflict"":-0.011273527943103545,""support"":-0.007243193587896712,""update_norm"":0.2523664608458113,""response_direction_projection"":-0.007243193587896712},""fc"":{""parameter_numel"":40970,""conflict"":-0.014564841898391023,""support"":-0.008773958186793607,""update_norm"":0.20617892862411435,""response_direction_projection"":-0.008773958186793607}}},{""client_id"":6,""num_visits_before"":2,""has_observation"":true,""conflict"":-0.02067250944674015,""support"":-0.008048813790082932,""total_conflict"":-0.02067250944674015,""total_support"":-0.008048813790082932,""alpha"":0.0,""effective_ratio"":0.0,""obs_input_norm"":2.2529361248016357,""last_round"":17,""reason"":""no_need"",""group_diagnostics"":{""features"":{""parameter_numel"":14723136,""conflict"":-0.004422699381954947,""support"":-0.004049981088346755,""update_norm"":1.576806089417498,""response_direction_projection"":-0.004049981088346755},""classifier"":{""parameter_numel"":18882560,""conflict"":-0.011503536414238624,""support"":-0.0012812096060486056,""update_norm"":0.3792351693439524,""response_direction_projection"":-0.0012812096060486056},""fc"":{""parameter_numel"":40970,""conflict"":-0.00474626359573449,""support"":-0.0027176257317478303,""update_norm"":0.3457290462818376,""response_direction_projection"":-0.0027176257317478303}}},{""client_id"":3,""num_visits_before"":3,""has_observation"":true,""conflict"":-0.008571771904826164,""support"":-0.004690578673034906,""total_conflict"":-0.008571771904826164,""total_support"":-0.004690578673034906,""alpha"":0.0,""effective_ratio"":0.0,""obs_input_norm"":1.894781231880188,""last_round"":13,""reason"":""no_need"",""group_diagnostics"":{""features"":{""parameter_numel"":14723136,""conflict"":-0.006991841727696627,""support"":-0.0004956303798557826,""update_norm"":1.819406180487806,""response_direction_projection"":-0.0004956303798557826},""classifier"":{""parameter_numel"":18882560,""conflict"":0.0007320309919123247,""support"":-0.0021731815755856587,""update_norm"":0.3796632206629076,""response_direction_projection"":-0.0021731815755856587},""fc"":{""parameter_numel"":40970,""conflict"":-0.0023119700417737477,""support"":-0.002021763752509287,""update_norm"":0.33140624445980305,""response_direction_projection"":-0.002021763752509287}}},{""client_id"":51,""num_visits_before"":1,""has_observation"":false,""conflict"":null,""support"":null,""total_conflict"":null,""total_support"":null,""alpha"":0.0,""effective_ratio"":0.0,""obs_input_norm"":0.0,""last_round"":18,""reason"":""cold_start"",""group_diagnostics"":{}}]"
25,InteractionDispatchV2,1,0.4,56.29999923706055,28.552424900000915,"[42, 87, 33, 36, 30, 84, 78, 98, 71, 75]",912eda0129e9da4398a88b16f76a09c92c4980683c845e0e0cee22691c674fe9,2,4,1,3,0,0,0.3910149931907654,0.5754247188568116,0.21993347419429607,90,71,33781252664,"[{""client_id"":42,""num_visits_before"":1,""has_observation"":false,""conflict"":null,""support"":null,""total_conflict"":null,""total_support"":null,""alpha"":0.0,""effective_ratio"":0.0,""obs_input_norm"":0.0,""last_round"":16,""reason"":""cold_start"",""group_diagnostics"":{}},{""client_id"":87,""num_visits_before"":2,""has_observation"":true,""conflict"":-0.00768282962962985,""support"":0.0014186560874804854,""total_conflict"":-0.00768282962962985,""total_support"":0.0014186560874804854,""alpha"":0.0,""effective_ratio"":0.0,""obs_input_norm"":3.2149016857147217,""last_round"":18,""reason"":""no_need"",""group_diagnostics"":{""features"":{""parameter_numel"":14723136,""conflict"":-0.009392659968796128,""support"":-0.0001800528249304989,""update_norm"":1.457963363344883,""response_direction_projection"":-0.0001800528249304989},""classifier"":{""parameter_numel"":18882560,""conflict"":-0.0011941594721065485,""support"":0.0012197333272752076,""update_norm"":0.3309453200489522,""response_direction_projection"":0.0012197333272752076},""fc"":{""parameter_numel"":40970,""conflict"":0.002903989949118113,""support"":0.0003789780239458196,""update_norm"":0.2984305001520501,""response_direction_projection"":0.0003789780239458196}}},{""client_id"":33,""num_visits_before"":5,""has_observation"":true,""conflict"":-1.1396061182022095,""support"":0.36569318175315857,""total_conflict"":-1.1396061182022095,""total_support"":0.36569318175315857,""alpha"":0.0,""effective_ratio"":0.0,""obs_input_norm"":2.1190640926361084,""last_round"":23,""reason"":""no_need"",""group_diagnostics"":{""features"":{""parameter_numel"":14723136,""conflict"":-1.056412401546595,""support"":0.3428300512067608,""update_norm"":1.9956941157968424,""response_direction_projection"":0.3428300512067608},""classifier"":{""parameter_numel"":18882560,""conflict"":-0.04983420588905574,""support"":0.014027767318111728,""update_norm"":0.42189715779836484,""response_direction_projection"":0.014027767318111728},""fc"":{""parameter_numel"":40970,""conflict"":-0.033359780682076234,""support"":0.008835001273837406,""update_norm"":0.3448978962355112,""response_direction_projection"":0.008835001273837406}}},{""client_id"":36,""num_visits_before"":3,""has_observation"":true,""conflict"":-0.020329417660832405,""support"":0.0066420091316103935,""total_conflict"":-0.020329417660832405,""total_support"":0.0066420091316103935,""alpha"":0.0,""effective_ratio"":0.0,""obs_input_norm"":1.2299768924713135,""last_round"":17,""reason"":""no_need"",""group_diagnostics"":{""features"":{""parameter_numel"":14723136,""conflict"":-0.013797814920081926,""support"":0.0036315789027376866,""update_norm"":1.507984786876915,""response_direction_projection"":0.0036315789027376866},""classifier"":{""parameter_numel"":18882560,""conflict"":-0.0033848853172457893,""support"":0.0012012026018624056,""update_norm"":0.3604964729299039,""response_direction_projection"":0.0012012026018624056},""fc"":{""parameter_numel"":40970,""conflict"":-0.0031467300486838212,""support"":0.001809224921544228,""update_norm"":0.30746623661182887,""response_direction_projection"":0.001809224921544228}}},{""client_id"":30,""num_visits_before"":3,""has_observation"":true,""conflict"":0.011918788775801659,""support"":0.003949203994125128,""total_conflict"":0.011918788775801659,""total_support"":0.003949203994125128,""alpha"":0.5754247188568116,""effective_ratio"":0.4,""obs_input_norm"":1.4385617971420288,""last_round"":13,""reason"":""active"",""group_diagnostics"":{""features"":{""parameter_numel"":14723136,""conflict"":0.0005076525566138895,""support"":0.0026448703853194644,""update_norm"":1.060541322161241,""response_direction_projection"":0.0026448703853194644},""classifier"":{""parameter_numel"":18882560,""conflict"":0.00617673845954414,""support"":0.0007152292646992464,""update_norm"":0.3400488256130667,""response_direction_projection"":0.0007152292646992464},""fc"":{""parameter_numel"":40970,""conflict"":0.005234391192061594,""support"":0.0005891073653856438,""update_norm"":0.3023415748904688,""response_direction_projection"":0.0005891073653856438}},""actual_delta_norm"":0.5740851163864136},{""client_id"":84,""num_visits_before"":3,""has_observation"":true,""conflict"":0.02312028408050537,""support"":0.0004011783457826823,""total_conflict"":0.02312028408050537,""total_support"":0.0004011783457826823,""alpha"":0.20660526752471925,""effective_ratio"":0.4,""obs_input_norm"":0.5165131688117981,""last_round"":22,""reason"":""active"",""group_diagnostics"":{""features"":{""parameter_numel"":14723136,""conflict"":0.017589508841552966,""support"":-0.000498855402362608,""update_norm"":1.5406334571703995,""response_direction_projection"":-0.000498855402362608},""classifier"":{""parameter_numel"":18882560,""conflict"":0.003689797232482306,""support"":0.0003876819231720674,""update_norm"":0.2930848503661627,""response_direction_projection"":0.0003876819231720674},""fc"":{""parameter_numel"":40970,""conflict"":0.0018409815775157767,""support"":0.0005123512901263894,""update_norm"":0.24246348644154453,""response_direction_projection"":0.0005123512901263894}},""actual_delta_norm"":0.20619644224643707},{""client_id"":78,""num_visits_before"":1,""has_observation"":false,""conflict"":null,""support"":null,""total_conflict"":null,""total_support"":null,""alpha"":0.0,""effective_ratio"":0.0,""obs_input_norm"":0.0,""last_round"":12,""reason"":""cold_start"",""group_diagnostics"":{}},{""client_id"":98,""num_visits_before"":0,""has_observation"":false,""conflict"":null,""support"":null,""total_conflict"":null,""total_support"":null,""alpha"":0.0,""effective_ratio"":0.0,""obs_input_norm"":0.0,""last_round"":null,""reason"":""cold_start"",""group_diagnostics"":{}},{""client_id"":71,""num_visits_before"":4,""has_observation"":true,""conflict"":0.0481337271630764,""support"":-0.007665570359677076,""total_conflict"":0.0481337271630764,""total_support"":-0.007665570359677076,""alpha"":0.0,""effective_ratio"":0.0,""obs_input_norm"":1.3390084505081177,""last_round"":22,""reason"":""no_support"",""group_diagnostics"":{""features"":{""parameter_numel"":14723136,""conflict"":0.029585909798818477,""support"":-0.007741208899663121,""update_norm"":1.1977642231492216,""response_direction_projection"":-0.007741208899663121},""classifier"":{""parameter_numel"":18882560,""conflict"":0.007891854871786563,""support"":-0.00013338666954609835,""update_norm"":0.2553492251174114,""response_direction_projection"":-0.00013338666954609835},""fc"":{""parameter_numel"":40970,""conflict"":0.01065594933970715,""support"":0.00020902486585328006,""update_norm"":0.2323454618688538,""response_direction_projection"":0.00020902486585328006}}},{""client_id"":75,""num_visits_before"":7,""has_observation"":true,""conflict"":-0.4556783437728882,""support"":0.18590344488620758,""total_conflict"":-0.4556783437728882,""total_support"":0.18590344488620758,""alpha"":0.0,""effective_ratio"":0.0,""obs_input_norm"":0.9408972859382629,""last_round"":23,""reason"":""no_need"",""group_diagnostics"":{""features"":{""parameter_numel"":14723136,""conflict"":-0.4296357537289168,""support"":0.1750694021922925,""update_norm"":1.5978112464240692,""response_direction_projection"":0.1750694021922925},""classifier"":{""parameter_numel"":18882560,""conflict"":-0.015087255634625762,""support"":0.006187209487620748,""update_norm"":0.29352069673913395,""response_direction_projection"":0.006187209487620748},""fc"":{""parameter_numel"":40970,""conflict"":-0.010955462166748475,""support"":0.004646798496651172,""update_norm"":0.2314867971358262,""response_direction_projection"":0.004646798496651172}}}]"
26,InteractionDispatchV2,1,0.4,54.130001068115234,29.218679200001134,"[41, 47, 34, 10, 51, 11, 50, 16, 86, 64]",231b4dac08aa0ba69c3215cea472a6fa61cae1036e67917a1d61d8cbb4556a6b,1,3,4,2,0,0,0.4352131843566895,0.4352131843566895,0.22761592591887553,91,72,34185012656,"[{""client_id"":41,""num_visits_before"":2,""has_observation"":true,""conflict"":0.008611067198216915,""support"":-0.005040402058511972,""total_conflict"":0.008611067198216915,""total_support"":-0.005040402058511972,""alpha"":0.0,""effective_ratio"":0.0,""obs_input_norm"":1.0115104913711548,""last_round"":13,""reason"":""no_support"",""group_diagnostics"":{""features"":{""parameter_numel"":14723136,""conflict"":0.0034540856832379063,""support"":-0.00033072788787436025,""update_norm"":1.459657572589964,""response_direction_projection"":-0.00033072788787436025},""classifier"":{""parameter_numel"":18882560,""conflict"":-0.0003591589174902765,""support"":-0.001642605500848049,""update_norm"":0.28344095198017416,""response_direction_projection"":-0.001642605500848049},""fc"":{""parameter_numel"":40970,""conflict"":0.005516146681657119,""support"":-0.003067069232201902,""update_norm"":0.24501001320350171,""response_direction_projection"":-0.003067069232201902}}},{""client_id"":47,""num_visits_before"":1,""has_observation"":false,""conflict"":null,""support"":null,""total_conflict"":null,""total_support"":null,""alpha"":0.0,""effective_ratio"":0.0,""obs_input_norm"":0.0,""last_round"":17,""reason"":""cold_start"",""group_diagnostics"":{}},{""client_id"":34,""num_visits_before"":0,""has_observation"":false,""conflict"":null,""support"":null,""total_conflict"":null,""total_support"":null,""alpha"":0.0,""effective_ratio"":0.0,""obs_input_norm"":0.0,""last_round"":null,""reason"":""cold_start"",""group_diagnostics"":{}},{""client_id"":10,""num_visits_before"":4,""has_observation"":true,""conflict"":0.03333094343543053,""support"":-0.011132143437862396,""total_conflict"":0.03333094343543053,""total_support"":-0.011132143437862396,""alpha"":0.0,""effective_ratio"":0.0,""obs_input_norm"":0.7790536284446716,""last_round"":22,""reason"":""no_support"",""group_diagnostics"":{""features"":{""parameter_numel"":14723136,""conflict"":0.025284863267224008,""support"":-0.0073617667109928675,""update_norm"":1.7882669238813917,""response_direction_projection"":-0.0073617667109928675},""classifier"":{""parameter_numel"":18882560,""conflict"":0.006163937515793805,""support"":-0.0015121323211815252,""update_norm"":0.3550937305843782,""response_direction_projection"":-0.0015121323211815252},""fc"":{""parameter_numel"":40970,""conflict"":0.0018821540506905876,""support"":-0.0022582487099498394,""update_norm"":0.27794636894987074,""response_direction_projection"":-0.0022582487099498394}}},{""client_id"":51,""num_visits_before"":2,""has_observation"":true,""conflict"":-0.01787155121564865,""support"":0.0140365120023489,""total_conflict"":-0.01787155121564865,""total_support"":0.0140365120023489,""alpha"":0.0,""effective_ratio"":0.0,""obs_input_norm"":1.231102705001831,""last_round"":23,""reason"":""no_need"",""group_diagnostics"":{""features"":{""parameter_numel"":14723136,""conflict"":-0.004323697270905315,""support"":0.006078320434284024,""update_norm"":1.3690416791246856,""response_direction_projection"":0.006078320434284024},""classifier"":{""parameter_numel"":18882560,""conflict"":-0.0040989790783783064,""support"":0.0030851554205924003,""update_norm"":0.33409736420259234,""response_direction_projection"":0.0030851554205924003},""fc"":{""parameter_numel"":40970,""conflict"":-0.009448868564504664,""support"":0.004873038446021383,""update_norm"":0.2737952566467933,""response_direction_projection"":0.004873038446021383}}},{""client_id"":11,""num_visits_before"":3,""has_observation"":true,""conflict"":0.035580962896347046,""support"":0.002723543206229806,""total_conflict"":0.035580962896347046,""total_support"":0.002723543206229806,""alpha"":0.4352131843566895,""effective_ratio"":0.4,""obs_input_norm"":1.0880329608917236,""last_round"":19,""reason"":""active"",""group_diagnostics"":{""features"":{""parameter_numel"":14723136,""conflict"":0.011823234313695252,""support"":-0.0008864588860610922,""update_norm"":1.6469241411809428,""response_direction_projection"":-0.0008864588860610922},""classifier"":{""parameter_numel"":18882560,""conflict"":0.008195302194508258,""support"":0.0019430268450832955,""update_norm"":0.3324151035317046,""response_direction_projection"":0.0019430268450832955},""fc"":{""parameter_numel"":40970,""conflict"":0.015562428307021037,""support"":0.0016669740678025846,""update_norm"":0.27911928365588073,""response_direction_projection"":0.0016669740678025846}},""actual_delta_norm"":0.43455734848976135},{""client_id"":50,""num_visits_before"":2,""has_observation"":true,""conflict"":0.024537689983844757,""support"":-0.008860443718731403,""total_conflict"":0.024537689983844757,""total_support"":-0.008860443718731403,""alpha"":0.0,""effective_ratio"":0.0,""obs_input_norm"":2.1910972595214844,""last_round"":22,""reason"":""no_support"",""group_diagnostics"":{""features"":{""parameter_numel"":14723136,""conflict"":0.016035292890393293,""support"":-0.004515002814059699,""update_norm"":1.82729612489703,""response_direction_projection"":-0.004515002814059699},""classifier"":{""parameter_numel"":18882560,""conflict"":0.004397673452785966,""support"":-0.0023859688920992994,""update_norm"":0.35611289659438167,""response_direction_projection"":-0.0023859688920992994},""fc"":{""parameter_numel"":40970,""conflict"":0.0041047221384360455,""support"":-0.0019594711543504673,""update_norm"":0.2827560754219022,""response_direction_projection"":-0.0019594711543504673}}},{""client_id"":16,""num_visits_before"":3,""has_observation"":true,""conflict"":-0.0028049719985574484,""support"":0.004059198312461376,""total_conflict"":-0.0028049719985574484,""total_support"":0.004059198312461376,""alpha"":0.0,""effective_ratio"":0.0,""obs_input_norm"":0.9074316620826721,""last_round"":16,""reason"":""no_need"",""group_diagnostics"":{""features"":{""parameter_numel"":14723136,""conflict"":-0.003909714653296701,""support"":0.0009102309290245358,""update_norm"":1.932061242748964,""response_direction_projection"":0.0009102309290245358},""classifier"":{""parameter_numel"":18882560,""conflict"":-0.0024928884665769147,""support"":0.0009724106710820024,""update_norm"":0.3639221268929775,""response_direction_projection"":0.0009724106710820024},""fc"":{""parameter_numel"":40970,""conflict"":0.0035976340259367134,""support"":0.002176555551159254,""update_norm"":0.27419385801302015,""response_direction_projection"":0.002176555551159254}}},{""client_id"":86,""num_visits_before"":2,""has_observation"":true,""conflict"":-0.005034810863435268,""support"":-0.0029203048907220364,""total_conflict"":-0.005034810863435268,""total_support"":-0.0029203048907220364,""alpha"":0.0,""effective_ratio"":0.0,""obs_input_norm"":2.2052955627441406,""last_round"":15,""reason"":""no_need"",""group_diagnostics"":{""features"":{""parameter_numel"":14723136,""conflict"":-0.0007286809282263105,""support"":-0.002792438791527019,""update_norm"":2.229838870623136,""response_direction_projection"":-0.002792438791527019},""classifier"":{""parameter_numel"":18882560,""conflict"":-0.0009478781507823442,""support"":0.00011621011820750482,""update_norm"":0.40995127637750206,""response_direction_projection"":0.00011621011820750482},""fc"":{""parameter_numel"":40970,""conflict"":-0.0033582505711819977,""support"":-0.0002440801200691567,""update_norm"":0.31958712915374893,""response_direction_projection"":-0.0002440801200691567}}},{""client_id"":64,""num_visits_before"":2,""has_observation"":true,""conflict"":0.02668377012014389,""support"":-0.003293234622105956,""total_conflict"":0.02668377012014389,""total_support"":-0.003293234622105956,""alpha"":0.0,""effective_ratio"":0.0,""obs_input_norm"":1.7129813432693481,""last_round"":17,""reason"":""no_support"",""group_diagnostics"":{""features"":{""parameter_numel"":14723136,""conflict"":0.015526393140753214,""support"":-0.004106743781843392,""update_norm"":1.3872384576925323,""response_direction_projection"":-0.004106743781843392},""classifier"":{""parameter_numel"":18882560,""conflict"":0.004851736863770384,""support"":0.0001422259854564345,""update_norm"":0.2661618080516722,""response_direction_projection"":0.0001422259854564345},""fc"":{""parameter_numel"":40970,""conflict"":0.0063056300932657905,""support"":0.0006712780448197009,""update_norm"":0.2370820453139656,""response_direction_projection"":0.0006712780448197009}}}]"
27,InteractionDispatchV2,1,0.4,55.66999816894531,33.01159929999994,"[58, 82, 63, 50, 98, 84, 4, 46, 65, 88]",cdb10bea246efd66abb0be89706d0fcb0f25416d883a00a07c5edbb1f33003fb,2,5,0,3,0,0,0.28752789497375486,0.3257079839706421,0.2327841741702102,91,75,34588772648,"[{""client_id"":58,""num_visits_before"":2,""has_observation"":true,""conflict"":0.01670089364051819,""support"":0.000750545586925,""total_conflict"":0.01670089364051819,""total_support"":0.000750545586925,""alpha"":0.24934780597686768,""effective_ratio"":0.4,""obs_input_norm"":0.6233695149421692,""last_round"":23,""reason"":""active"",""group_diagnostics"":{""features"":{""parameter_numel"":14723136,""conflict"":0.014082101008355606,""support"":0.000318476998582895,""update_norm"":1.4290417749008928,""response_direction_projection"":0.000318476998582895},""classifier"":{""parameter_numel"":18882560,""conflict"":0.00426542034438171,""support"":0.0005224811639550353,""update_norm"":0.2584874345078249,""response_direction_projection"":0.0005224811639550353},""fc"":{""parameter_numel"":40970,""conflict"":-0.0016466419529024279,""support"":-9.04133858057321e-05,""update_norm"":0.19756435774001155,""response_direction_projection"":-9.04133858057321e-05}},""actual_delta_norm"":0.24934451282024384},{""client_id"":82,""num_visits_before"":3,""has_observation"":true,""conflict"":-0.01141473650932312,""support"":0.004825283773243427,""total_conflict"":-0.01141473650932312,""total_support"":0.004825283773243427,""alpha"":0.0,""effective_ratio"":0.0,""obs_input_norm"":2.8939003944396973,""last_round"":14,""reason"":""no_need"",""group_diagnostics"":{""features"":{""parameter_numel"":14723136,""conflict"":-0.013621731525834242,""support"":0.004181747553470672,""update_norm"":1.8883962175297353,""response_direction_projection"":0.004181747553470672},""classifier"":{""parameter_numel"":18882560,""conflict"":-0.0009249445010937052,""support"":0.000947628320034255,""update_norm"":0.38250617418120864,""response_direction_projection"":0.000947628320034255},""fc"":{""parameter_numel"":40970,""conflict"":0.003131929845039849,""support"":-0.00030409012560994597,""update_norm"":0.32162497394024825,""response_direction_projection"":-0.00030409012560994597}}},{""client_id"":63,""num_visits_before"":1,""has_observation"":false,""conflict"":null,""support"":null,""total_conflict"":null,""total_support"":null,""alpha"":0.0,""effective_ratio"":0.0,""obs_input_norm"":0.0,""last_round"":18,""reason"":""cold_start"",""group_diagnostics"":{}},{""client_id"":50,""num_visits_before"":3,""has_observation"":true,""conflict"":-0.6118807196617126,""support"":0.20482124388217926,""total_conflict"":-0.6118807196617126,""total_support"":0.20482124388217926,""alpha"":0.0,""effective_ratio"":0.0,""obs_input_norm"":1.0336565971374512,""last_round"":25,""reason"":""no_need"",""group_diagnostics"":{""features"":{""parameter_numel"":14723136,""conflict"":-0.5813162722162133,""support"":0.19349868271908122,""update_norm"":2.0206951235438027,""response_direction_projection"":0.19349868271908122},""classifier"":{""parameter_numel"":18882560,""conflict"":-0.019587182343002496,""support"":0.006833811177557436,""update_norm"":0.3661950863050127,""response_direction_projection"":0.006833811177557436},""fc"":{""parameter_numel"":40970,""conflict"":-0.010977376990922494,""support"":0.004488650356506696,""update_norm"":0.28054931189977717,""response_direction_projection"":0.004488650356506696}}},{""client_id"":98,""num_visits_before"":1,""has_observation"":false,""conflict"":null,""support"":null,""total_conflict"":null,""total_support"":null,""alpha"":0.0,""effective_ratio"":0.0,""obs_input_norm"":0.0,""last_round"":24,""reason"":""cold_start"",""group_diagnostics"":{}},{""client_id"":84,""num_visits_before"":4,""has_observation"":true,""conflict"":-0.008445018902420998,""support"":0.004749095067381859,""total_conflict"":-0.008445018902420998,""total_support"":0.004749095067381859,""alpha"":0.0,""effective_ratio"":0.0,""obs_input_norm"":0.8707719445228577,""last_round"":24,""reason"":""no_need"",""group_diagnostics"":{""features"":{""parameter_numel"":14723136,""conflict"":-0.009098956600222863,""support"":0.007057966175324282,""update_norm"":1.7350882963870935,""response_direction_projection"":0.007057966175324282},""classifier"":{""parameter_numel"":18882560,""conflict"":0.001462624349642283,""support"":-0.001312141765367869,""update_norm"":0.29669841412994374,""response_direction_projection"":-0.001312141765367869},""fc"":{""parameter_numel"":40970,""conflict"":-0.0008086937177722575,""support"":-0.0009967303362827806,""update_norm"":0.2287454559279,""response_direction_projection"":-0.0009967303362827806}}},{""client_id"":4,""num_visits_before"":3,""has_observation"":true,""conflict"":0.039090462028980255,""support"":0.019473686814308167,""total_conflict"":0.039090462028980255,""total_support"":0.019473686814308167,""alpha"":0.3257079839706421,""effective_ratio"":0.4,""obs_input_norm"":0.8142699599266052,""last_round"":18,""reason"":""active"",""group_diagnostics"":{""features"":{""parameter_numel"":14723136,""conflict"":0.015372485903540678,""support"":0.006003369738625253,""update_norm"":1.0328441910320763,""response_direction_projection"":0.006003369738625253},""classifier"":{""parameter_numel"":18882560,""conflict"":0.01014387219515811,""support"":0.004413324032583432,""update_norm"":0.22281044003420428,""response_direction_projection"":0.004413324032583432},""fc"":{""parameter_numel"":40970,""conflict"":0.013574099597462919,""support"":0.009056991893885424,""update_norm"":0.1960575962111553,""response_direction_projection"":0.009056991893885424}},""actual_delta_norm"":0.32543179392814636},{""client_id"":46,""num_visits_before"":1,""has_observation"":false,""conflict"":null,""support"":null,""total_conflict"":null,""total_support"":null,""alpha"":0.0,""effective_ratio"":0.0,""obs_input_norm"":0.0,""last_round"":10,""reason"":""cold_start"",""group_diagnostics"":{}},{""client_id"":65,""num_visits_before"":2,""has_observation"":true,""conflict"":-0.04499826580286026,""support"":-0.004986423999071121,""total_conflict"":-0.04499826580286026,""total_support"":-0.004986423999071121,""alpha"":0.0,""effective_ratio"":0.0,""obs_input_norm"":2.5228071212768555,""last_round"":9,""reason"":""no_need"",""group_diagnostics"":{""features"":{""parameter_numel"":14723136,""conflict"":-0.01539024286915236,""support"":-6.218453456163786e-05,""update_norm"":2.051716138369039,""response_direction_projection"":-6.218453456163786e-05},""classifier"":{""parameter_numel"":18882560,""conflict"":-0.01101306681493952,""support"":-0.002457873047035264,""update_norm"":0.44179693025995154,""response_direction_projection"":-0.002457873047035264},""fc"":{""parameter_numel"":40970,""conflict"":-0.01859495045209769,""support"":-0.002466368563091237,""update_norm"":0.3878204926728414,""response_direction_projection"":-0.002466368563091237}}},{""client_id"":88,""num_visits_before"":4,""has_observation"":true,""conflict"":-0.017859090119600296,""support"":-0.0019060198683291674,""total_conflict"":-0.017859090119600296,""total_support"":-0.0019060198683291674,""alpha"":0.0,""effective_ratio"":0.0,""obs_input_norm"":1.116275668144226,""last_round"":15,""reason"":""no_need"",""group_diagnostics"":{""features"":{""parameter_numel"":14723136,""conflict"":-0.005062463433500139,""support"":-0.0019444285925160898,""update_norm"":1.3602292360337334,""response_direction_projection"":-0.0019444285925160898},""classifier"":{""parameter_numel"":18882560,""conflict"":-0.005136178064049091,""support"":8.688301407744348e-05,""update_norm"":0.2850181878296087,""response_direction_projection"":8.688301407744348e-05},""fc"":{""parameter_numel"":40970,""conflict"":-0.007660452818527119,""support"":-4.847589161727228e-05,""update_norm"":0.2360355257257597,""response_direction_projection"":-4.847589161727228e-05}}}]"
28,InteractionDispatchV2,1,0.4,55.83000183105469,28.42829129999882,"[99, 88, 69, 16, 46, 29, 90, 91, 4, 45]",e1783e6eda2bc9da8402ca4d21a3dd46bd917c3242501caaf013f683706f325d,1,7,1,1,0,0,1.2358100891113282,1.2358100891113282,0.18122213215725516,91,76,34723359312,"[{""client_id"":99,""num_visits_before"":2,""has_observation"":true,""conflict"":-0.04240011051297188,""support"":0.00043137784814462066,""total_conflict"":-0.04240011051297188,""total_support"":0.00043137784814462066,""alpha"":0.0,""effective_ratio"":0.0,""obs_input_norm"":1.0771416425704956,""last_round"":4,""reason"":""no_need"",""group_diagnostics"":{""features"":{""parameter_numel"":14723136,""conflict"":-0.01468281699110463,""support"":-0.0005113307122925903,""update_norm"":1.0453123917610827,""response_direction_projection"":-0.0005113307122925903},""classifier"":{""parameter_numel"":18882560,""conflict"":-0.016019903485357645,""support"":0.0005883835805207127,""update_norm"":0.34012515364656315,""response_direction_projection"":0.0005883835805207127},""fc"":{""parameter_numel"":40970,""conflict"":-0.011697393845679471,""support"":0.0003543225875546341,""update_norm"":0.3183152222659384,""response_direction_projection"":0.0003543225875546341}}},{""client_id"":88,""num_visits_before"":5,""has_observation"":true,""conflict"":-0.23712795972824097,""support"":0.10142237693071365,""total_conflict"":-0.23712795972824097,""total_support"":0.10142237693071365,""alpha"":0.0,""effective_ratio"":0.0,""obs_input_norm"":1.9225856065750122,""last_round"":26,""reason"":""no_need"",""group_diagnostics"":{""features"":{""parameter_numel"":14723136,""conflict"":-0.2059770137769874,""support"":0.09390547011219041,""update_norm"":1.3433308318225017,""response_direction_projection"":0.09390547011219041},""classifier"":{""parameter_numel"":18882560,""conflict"":-0.018306427789866575,""support"":0.004735014278821836,""update_norm"":0.2759047172757499,""response_direction_projection"":0.004735014278821836},""fc"":{""parameter_numel"":40970,""conflict"":-0.012844491233408917,""support"":0.002781915138257318,""update_norm"":0.21479937145181832,""response_direction_projection"":0.002781915138257318}}},{""client_id"":69,""num_visits_before"":2,""has_observation"":true,""conflict"":0.011091324500739574,""support"":0.001262729987502098,""total_conflict"":0.011091324500739574,""total_support"":0.001262729987502098,""alpha"":1.2358100891113282,""effective_ratio"":0.4,""obs_input_norm"":3.0895252227783203,""last_round"":14,""reason"":""active"",""group_diagnostics"":{""features"":{""parameter_numel"":14723136,""conflict"":-0.0019540318574229557,""support"":-9.194276510982036e-05,""update_norm"":1.5679569945250007,""response_direction_projection"":-9.194276510982036e-05},""classifier"":{""parameter_numel"":18882560,""conflict"":0.0069702037858405674,""support"":-0.0003705173689922958,""update_norm"":0.31138616453025303,""response_direction_projection"":-0.0003705173689922958},""fc"":{""parameter_numel"":40970,""conflict"":0.006075153878555284,""support"":0.0017251924145966768,""update_norm"":0.2630683352612938,""response_direction_projection"":0.0017251924145966768}},""actual_delta_norm"":1.2342579364776611},{""client_id"":16,""num_visits_before"":4,""has_observation"":true,""conflict"":-0.02363446354866028,""support"":0.003202064661309123,""total_conflict"":-0.02363446354866028,""total_support"":0.003202064661309123,""alpha"":0.0,""effective_ratio"":0.0,""obs_input_norm"":1.7260364294052124,""last_round"":25,""reason"":""no_need"",""group_diagnostics"":{""features"":{""parameter_numel"":14723136,""conflict"":-0.005854217995274527,""support"":-0.0003311726202106513,""update_norm"":1.4451791137323498,""response_direction_projection"":-0.0003311726202106513},""classifier"":{""parameter_numel"":18882560,""conflict"":-0.010000387472700822,""support"":0.0012943986833988674,""update_norm"":0.3074534122647907,""response_direction_projection"":0.0012943986833988674},""fc"":{""parameter_numel"":40970,""conflict"":-0.007779863157338696,""support"":0.002238836686956347,""update_norm"":0.26882669415283,""response_direction_projection"":0.002238836686956347}}},{""client_id"":46,""num_visits_before"":2,""has_observation"":true,""conflict"":-0.252702921628952,""support"":0.12540572881698608,""total_conflict"":-0.252702921628952,""total_support"":0.12540572881698608,""alpha"":0.0,""effective_ratio"":0.0,""obs_input_norm"":2.402092218399048,""last_round"":26,""reason"":""no_need"",""group_diagnostics"":{""features"":{""parameter_numel"":14723136,""conflict"":-0.19291869606769296,""support"":0.11271621846674407,""update_norm"":1.0429617952126677,""response_direction_projection"":0.11271621846674407},""classifier"":{""parameter_numel"":18882560,""conflict"":-0.034981535227416316,""support"":0.007839083129056235,""update_norm"":0.34588937280356546,""response_direction_projection"":0.007839083129056235},""fc"":{""parameter_numel"":40970,""conflict"":-0.024802715051919222,""support"":0.004850469473240082,""update_norm"":0.3100784210939284,""response_direction_projection"":0.004850469473240082}}},{""client_id"":29,""num_visits_before"":2,""has_observation"":true,""conflict"":-0.04409744590520859,""support"":0.018053505569696426,""total_conflict"":-0.04409744590520859,""total_support"":0.018053505569696426,""alpha"":0.0,""effective_ratio"":0.0,""obs_input_norm"":1.08475661277771,""last_round"":21,""reason"":""no_need"",""group_diagnostics"":{""features"":{""parameter_numel"":14723136,""conflict"":-0.032530715398806365,""support"":0.013559855849479163,""update_norm"":1.0093105306500283,""response_direction_projection"":0.013559855849479163},""classifier"":{""parameter_numel"":18882560,""conflict"":-0.0070350304119983775,""support"":0.0025745694576926326,""update_norm"":0.30224363432018964,""response_direction_projection"":0.0025745694576926326},""fc"":{""parameter_numel"":40970,""conflict"":-0.004531705730187241,""support"":0.0019190749953850172,""update_norm"":0.29169526450676453,""response_direction_projection"":0.0019190749953850172}}},{""client_id"":90,""num_visits_before"":1,""has_observation"":false,""conflict"":null,""support"":null,""total_conflict"":null,""total_support"":null,""alpha"":0.0,""effective_ratio"":0.0,""obs_input_norm"":0.0,""last_round"":20,""reason"":""cold_start"",""group_diagnostics"":{}},{""client_id"":91,""num_visits_before"":2,""has_observation"":true,""conflict"":-0.06268419325351715,""support"":0.0031369386706501245,""total_conflict"":-0.06268419325351715,""total_support"":0.0031369386706501245,""alpha"":0.0,""effective_ratio"":0.0,""obs_input_norm"":1.2246136665344238,""last_round"":9,""reason"":""no_need"",""group_diagnostics"":{""features"":{""parameter_numel"":14723136,""conflict"":-0.03094311988337494,""support"":0.004572340808583597,""update_norm"":1.3039578042664515,""response_direction_projection"":0.004572340808583597},""classifier"":{""parameter_numel"":18882560,""conflict"":-0.017137767279564287,""support"":-0.0006664734934247463,""update_norm"":0.30821108207581155,""response_direction_projection"":-0.0006664734934247463},""fc"":{""parameter_numel"":40970,""conflict"":-0.014603321484173648,""support"":-0.0007689291924179997,""update_norm"":0.266282022035429,""response_direction_projection"":-0.0007689291924179997}}},{""client_id"":4,""num_visits_before"":4,""has_observation"":true,""conflict"":-0.21666745841503143,""support"":0.10679547488689423,""total_conflict"":-0.21666745841503143,""total_support"":0.10679547488689423,""alpha"":0.0,""effective_ratio"":0.0,""obs_input_norm"":1.634583830833435,""last_round"":26,""reason"":""no_need"",""group_diagnostics"":{""features"":{""parameter_numel"":14723136,""conflict"":-0.17575887635280196,""support"":0.0960120247093812,""update_norm"":1.1744849390233125,""response_direction_projection"":0.0960120247093812},""classifier"":{""parameter_numel"":18882560,""conflict"":-0.02317499629680242,""support"":0.006424568303145861,""update_norm"":0.2750614485671742,""response_direction_projection"":0.006424568303145861},""fc"":{""parameter_numel"":40970,""conflict"":-0.017733597444021143,""support"":0.004358887468697503,""update_norm"":0.2454631818791314,""response_direction_projection"":0.004358887468697503}}},{""client_id"":45,""num_visits_before"":6,""has_observation"":true,""conflict"":0.027071237564086914,""support"":-0.02011428028345108,""total_conflict"":0.027071237564086914,""total_support"":-0.02011428028345108,""alpha"":0.0,""effective_ratio"":0.0,""obs_input_norm"":1.6967339515686035,""last_round"":20,""reason"":""no_support"",""group_diagnostics"":{""features"":{""parameter_numel"":14723136,""conflict"":0.01721557359305948,""support"":-0.012808821627679379,""update_norm"":0.9299158830452102,""response_direction_projection"":-0.012808821627679379},""classifier"":{""parameter_numel"":18882560,""conflict"":0.00505128925237841,""support"":-0.00389181335901867,""update_norm"":0.22197252011001917,""response_direction_projection"":-0.00389181335901867},""fc"":{""parameter_numel"":40970,""conflict"":0.0048043760762084275,""support"":-0.003413649179492495,""update_norm"":0.193040198422347,""response_direction_projection"":-0.003413649179492495}}}]"
29,InteractionDispatchV2,1,0.4,52.29999923706055,46.03570810000019,"[80, 73, 28, 34, 1, 10, 13, 65, 5, 49]",6e6e46b198994d9698b3508dcc5797b106a0fbfddd0e0e1602742723a5e43409,1,2,3,4,0,0,0.433902645111084,0.433902645111084,0.23795537969627953,92,79,35396292632,"[{""client_id"":80,""num_visits_before"":2,""has_observation"":true,""conflict"":0.04731753468513489,""support"":-0.007831010967493057,""total_conflict"":0.04731753468513489,""total_support"":-0.007831010967493057,""alpha"":0.0,""effective_ratio"":0.0,""obs_input_norm"":1.0840734243392944,""last_round"":2,""reason"":""no_support"",""group_diagnostics"":{""features"":{""parameter_numel"":14723136,""conflict"":0.01124400373282696,""support"":-0.003395342490776443,""update_norm"":2.3408517347739632,""response_direction_projection"":-0.003395342490776443},""classifier"":{""parameter_numel"":18882560,""conflict"":0.01920642045843124,""support"":-0.003654565377473773,""update_norm"":0.6934674199018825,""response_direction_projection"":-0.003654565377473773},""fc"":{""parameter_numel"":40970,""conflict"":0.016867103840922937,""support"":-0.0007811016403138638,""update_norm"":0.6033110579077707,""response_direction_projection"":-0.0007811016403138638}}},{""client_id"":73,""num_visits_before"":0,""has_observation"":false,""conflict"":null,""support"":null,""total_conflict"":null,""total_support"":null,""alpha"":0.0,""effective_ratio"":0.0,""obs_input_norm"":0.0,""last_round"":null,""reason"":""cold_start"",""group_diagnostics"":{}},{""client_id"":28,""num_visits_before"":4,""has_observation"":true,""conflict"":-0.06534778326749802,""support"":0.013503732159733772,""total_conflict"":-0.06534778326749802,""total_support"":0.013503732159733772,""alpha"":0.0,""effective_ratio"":0.0,""obs_input_norm"":1.0880329608917236,""last_round"":19,""reason"":""no_need"",""group_diagnostics"":{""features"":{""parameter_numel"":14723136,""conflict"":-0.018676707271829684,""support"":0.0006061628501186078,""update_norm"":0.6665813509378995,""response_direction_projection"":0.0006061628501186078},""classifier"":{""parameter_numel"":18882560,""conflict"":-0.0284091755593181,""support"":0.008535065390788077,""update_norm"":0.3680635494293275,""response_direction_projection"":0.008535065390788077},""fc"":{""parameter_numel"":40970,""conflict"":-0.01826191168220248,""support"":0.0043625062207865994,""update_norm"":0.3184168712864619,""response_direction_projection"":0.0043625062207865994}}},{""client_id"":34,""num_visits_before"":1,""has_observation"":false,""conflict"":null,""support"":null,""total_conflict"":null,""total_support"":null,""alpha"":0.0,""effective_ratio"":0.0,""obs_input_norm"":0.0,""last_round"":25,""reason"":""cold_start"",""group_diagnostics"":{}},{""client_id"":1,""num_visits_before"":8,""has_observation"":true,""conflict"":0.00790390931069851,""support"":0.007980166003108025,""total_conflict"":0.00790390931069851,""total_support"":0.007980166003108025,""alpha"":0.433902645111084,""effective_ratio"":0.4,""obs_input_norm"":1.08475661277771,""last_round"":21,""reason"":""active"",""group_diagnostics"":{""features"":{""parameter_numel"":14723136,""conflict"":0.004837112814193745,""support"":0.0037564667358793713,""update_norm"":1.158808750836013,""response_direction_projection"":0.0037564667358793713},""classifier"":{""parameter_numel"":18882560,""conflict"":0.004251696439951047,""support"":0.0013489928427645737,""update_norm"":0.20948743146982882,""response_direction_projection"":0.0013489928427645737},""fc"":{""parameter_numel"":40970,""conflict"":-0.0011849056763821864,""support"":0.0028747080577886663,""update_norm"":0.18215650662223867,""response_direction_projection"":0.0028747080577886663}},""actual_delta_norm"":0.4332340359687805},{""client_id"":10,""num_visits_before"":5,""has_observation"":true,""conflict"":0.034475475549697876,""support"":-0.005913123954087496,""total_conflict"":0.034475475549697876,""total_support"":-0.005913123954087496,""alpha"":0.0,""effective_ratio"":0.0,""obs_input_norm"":1.0336565971374512,""last_round"":25,""reason"":""no_support"",""group_diagnostics"":{""features"":{""parameter_numel"":14723136,""conflict"":0.01648043836235046,""support"":-0.004242590394063939,""update_norm"":1.9666319353689774,""response_direction_projection"":-0.004242590394063939},""classifier"":{""parameter_numel"":18882560,""conflict"":0.009755605532973277,""support"":-0.000641944594491406,""update_norm"":0.34457092241678416,""response_direction_projection"":-0.000641944594491406},""fc"":{""parameter_numel"":40970,""conflict"":0.008239431226684246,""support"":-0.0010285916819157137,""update_norm"":0.26379819041988717,""response_direction_projection"":-0.0010285916819157137}}},{""client_id"":13,""num_visits_before"":1,""has_observation"":false,""conflict"":null,""support"":null,""total_conflict"":null,""total_support"":null,""alpha"":0.0,""effective_ratio"":0.0,""obs_input_norm"":0.0,""last_round"":15,""reason"":""cold_start"",""group_diagnostics"":{}},{""client_id"":65,""num_visits_before"":3,""has_observation"":true,""conflict"":0.13078361749649048,""support"":-0.022072335705161095,""total_conflict"":0.13078361749649048,""total_support"":-0.022072335705161095,""alpha"":0.0,""effective_ratio"":0.0,""obs_input_norm"":2.582374095916748,""last_round"":26,""reason"":""no_support"",""group_diagnostics"":{""features"":{""parameter_numel"":14723136,""conflict"":0.0729216650279909,""support"":-0.023154802250637374,""update_norm"":1.6032167575668659,""response_direction_projection"":-0.023154802250637374},""classifier"":{""parameter_numel"":18882560,""conflict"":0.02354005924644298,""support"":-0.0006867158119803207,""update_norm"":0.39328751091986786,""response_direction_projection"":-0.0006867158119803207},""fc"":{""parameter_numel"":40970,""conflict"":0.03432194887136575,""support"":0.001769185922057659,""update_norm"":0.3283346337052045,""response_direction_projection"":0.001769185922057659}}},{""client_id"":5,""num_visits_before"":2,""has_observation"":true,""conflict"":-0.010054221376776695,""support"":0.0017372709698975086,""total_conflict"":-0.010054221376776695,""total_support"":0.0017372709698975086,""alpha"":0.0,""effective_ratio"":0.0,""obs_input_norm"":2.2177441120147705,""last_round"":12,""reason"":""no_need"",""group_diagnostics"":{""features"":{""parameter_numel"":14723136,""conflict"":-0.004399113690908512,""support"":-0.00023928054361022078,""update_norm"":2.1223449035039117,""response_direction_projection"":-0.00023928054361022078},""classifier"":{""parameter_numel"":18882560,""conflict"":-0.0048825966389358655,""support"":0.0009706769808133231,""update_norm"":0.48706075865070503,""response_direction_projection"":0.0009706769808133231},""fc"":{""parameter_numel"":40970,""conflict"":-0.000772517789300764,""support"":0.0010058727948489832,""update_norm"":0.4070679013338071,""response_direction_projection"":0.0010058727948489832}}},{""client_id"":49,""num_visits_before"":1,""has_observation"":false,""conflict"":null,""support"":null,""total_conflict"":null,""total_support"":null,""alpha"":0.0,""effective_ratio"":0.0,""obs_input_norm"":0.0,""last_round"":13,""reason"":""cold_start"",""group_diagnostics"":{}}]"
