seed,round,client_id,client_visit_index,participation_gap,probe_ratio,epsilon,previous_obs_input_norm,previous_obs_age_rounds,status,skip_reason,predicted_response_norm,realized_response_norm,response_cosine,response_nre,response_norm_ratio,actual_delta_update_norm,predicted_delta_update_norm,conflict,predicted_support,realized_support,support_sign_agreement,predicted_active,base_alignment,shadow_alignment,alignment_change,alignment_identity_abs_error,shadow_displacement_norm,epsilon_geometry_abs_error,response_identity_abs_error
1,8,45,3,3,0.02,0.021542832851409913,1.0771416425704956,3,ok,,1.2662333250045776,35.80448532104492,0.0058074026894940475,0.966240278171629,28.27637261946743,0.7712125778198242,0.02727825287145862,-0.04288199543952942,-0.0086697768419981,-0.012176643125712872,1,0,0.007792492397129536,0.007530180737376213,-0.0002623116597533226,7.727795179322035e-09,0.021537719294428825,5.113556981087286e-06,2.1627508672850126e-08
1,8,45,3,3,0.05,0.05385708212852478,1.0771416425704956,3,ok,,1.2662333250045776,15.41942310333252,0.0014978322688826641,0.9271098630099613,12.17739479670115,0.8294413089752197,0.06819563217864655,-0.04288199543952942,-0.0086697768419981,-0.07138435542583466,1,0,0.007792492397129536,0.00394794438034296,-0.0038445480167865753,5.0760744054259566e-09,0.05378211662173271,7.496550679206987e-05,1.6116786127895466e-08
1,8,45,3,3,0.1,0.10771416425704956,1.0771416425704956,3,ok,,1.2662333250045776,8.465193748474121,0.01045801188899373,0.8780956779959272,6.685334828347558,0.9130754470825195,0.1363912643572931,-0.04288199543952942,-0.0086697768419981,-0.031117472797632217,1,0,0.007792492397129536,0.004440703429281712,-0.003351788967847824,3.608340604175503e-09,0.10756426304578781,0.00014990121126175204,1.774746927196702e-08
1,8,45,3,3,0.2,0.21542832851409913,1.0771416425704956,3,ok,,1.2662333250045776,4.5993170738220215,0.015516538610940931,0.8100665714801192,3.632282441943914,0.9924619197845459,0.2727825287145862,-0.04288199543952942,-0.0086697768419981,-0.015937671065330505,1,0,0.007792492397129536,0.004359079524874687,-0.0034334128722548485,1.2965756823659497e-08,0.215128555893898,0.0002997726202011164,1.9252535565783546e-08
1,8,45,3,3,0.4,0.43085665702819825,1.0771416425704956,3,ok,,1.2662333250045776,2.613436460494995,0.016745964048353715,0.7426163915845265,2.0639454110746005,1.1245408058166504,0.5455650574291724,-0.04288199543952942,-0.0086697768419981,-0.009804224595427513,1,0,0.007792492397129536,0.003568279789760709,-0.004224212607368827,2.826570710996734e-09,0.43025705218315125,0.0005996048450470082,2.1762698310112683e-08
1,9,45,4,1,0.02,0.021158287525177004,1.05791437625885,1,ok,,1.2501730918884277,36.041629791259766,0.003474541073629171,0.966938088418341,28.829311736976248,0.7624320983886719,0.026451521734414885,-0.13366706669330597,0.09648710489273071,0.04055773466825485,1,0,-0.028252877295017242,-0.02739473432302475,0.0008581429719924927,1.0760511717127288e-08,0.02114897407591343,9.313449263574636e-06,2.1538808070431514e-08
1,9,45,4,1,0.05,0.052895718812942506,1.05791437625885,1,ok,,1.2501730918884277,15.766053199768066,0.0031749955889482967,0.9292143026938631,12.611096257031345,0.8329026699066162,0.06612880433603721,-0.13366706669330597,0.09648710489273071,0.056239768862724304,1,0,-0.028252877295017242,-0.02527802810072899,0.002974849194288254,6.1944207094440096e-09,0.0528109148144722,8.480399847030778e-05,1.707756602797872e-08
1,9,45,4,1,0.1,0.10579143762588501,1.05791437625885,1,ok,,1.2501730918884277,8.665633201599121,0.0009910350983617132,0.882762274095938,6.931546725663775,0.9178722500801086,0.13225760867207442,-0.13366706669330597,0.09648710489273071,0.013658507727086544,1,0,-0.028252877295017242,-0.02680792473256588,0.0014449525624513626,6.0582138199268e-10,0.10562091320753098,0.0001705244183540372,1.8794073852745896e-08
1,9,45,4,1,0.2,0.21158287525177003,1.05791437625885,1,ok,,1.2501730918884277,4.681252479553223,0.016465392652548927,0.8135772834385936,3.7444834718673166,0.9918739795684814,0.26451521734414885,-0.13366706669330597,0.09648710489273071,0.029094528406858444,1,0,-0.028252877295017242,-0.022096963599324226,0.006155913695693016,9.72127560654873e-09,0.21124091744422913,0.0003419578075408991,2.0216912588466585e-08
1,9,45,4,1,0.4,0.42316575050354005,1.05791437625885,1,ok,,1.2501730918884277,2.6793265342712402,0.022861679683498042,0.7445523821957202,2.1431644559089698,1.1322991847991943,0.5290304346882977,-0.13366706669330597,0.09648710489273071,0.02103409543633461,1,0,-0.028252877295017242,-0.01935196854174137,0.008900908753275871,2.82037500992649e-11,0.42247888445854187,0.00068686604499818,2.3137094018466087e-08
1,12,45,5,3,0.02,0.012827651500701904,0.6413825750350952,3,ok,,2.100971221923828,47.10651779174805,0.005251391731530506,0.9580068852558457,22.421305584847985,0.6046098470687866,0.02695052664784271,0.007202772423624992,0.013517053797841072,-0.017915135249495506,0,1,-0.044866204261779785,-0.0450960174202919,-0.00022981315851211548,4.046943646868065e-09,0.012802225537598133,2.542596310377114e-05,1.3345297311673221e-08
1,12,45,5,3,0.05,0.032069128751754765,0.6413825750350952,3,ok,,2.100971221923828,20.871112823486328,0.006125452235094796,0.9125934034473899,9.934030797606558,0.6694476008415222,0.06737631661960677,0.007202772423624992,0.013517053797841072,-0.0836249589920044,0,1,-0.044866204261779785,-0.04754798114299774,-0.0026817768812179565,2.6955568445743983e-09,0.032073769718408585,4.640966653819689e-06,9.0595291268869e-09
1,12,45,5,3,0.1,0.06413825750350953,0.6413825750350952,3,ok,,2.100971221923828,11.709190368652344,0.009011174134937556,0.8597823742054832,5.573227394292835,0.7508643865585327,0.13475263323921355,0.007202772423624992,0.013517053797841072,-0.053412698209285736,0,1,-0.044866204261779785,-0.04829200357198715,-0.003425799310207367,1.9185029558922706e-09,0.06414789706468582,9.639561176291722e-06,1.0212992229696738e-08
1,12,45,5,3,0.2,0.12827651500701906,0.6413825750350952,3,ok,,2.100971221923828,6.403995037078857,0.02126933129918847,0.7875482718942625,3.0481117353010507,0.82161945104599,0.2695052664784271,0.007202772423624992,0.013517053797841072,-0.02553054317831993,0,1,-0.044866204261779785,-0.048141177743673325,-0.0032749734818935394,4.376742434621106e-09,0.1282961666584015,1.9651651382429636e-05,1.1182943460141814e-08
1,12,45,5,3,0.4,0.2565530300140381,0.6413825750350952,3,ok,,2.100971221923828,3.7862372398376465,0.029888024820820543,0.724957803390039,1.8021366501007297,0.9715831875801086,0.5390105329568542,0.007202772423624992,0.013517053797841072,-0.010631649754941463,0,1,-0.044866204261779785,-0.04759378731250763,-0.0027275830507278442,1.092049606125911e-09,0.2565910220146179,3.799200057980068e-05,1.319623343931653e-08
1,14,30,3,4,0.02,0.02449227333068848,1.2246136665344238,4,ok,,1.3490495681762695,27.287527084350586,0.00045367956890483336,0.9540338968510232,20.227223467570106,0.6688510179519653,0.03304129076042046,0.02208314836025238,0.009061798453330994,-0.05754748731851578,0,1,-0.06296014785766602,-0.06436961144208908,-0.0014094635844230652,5.2044763522701015e-09,0.02443336881697178,5.8904513716699636e-05,1.6212657882874737e-08
1,14,30,3,4,0.05,0.06123068332672119,1.2246136665344238,4,ok,,1.3490495681762695,12.111689567565918,0.008757938892420991,0.9043968489949598,8.977942585112189,0.7416887283325195,0.08260322690105114,0.02208314836025238,0.009061798453330994,0.017269808799028397,1,1,-0.06296014785766602,-0.06190268695354462,0.001057460904121399,1.8710435067828893e-08,0.06121518835425377,1.5494972467423873e-05,5.400358826790352e-09
1,14,30,3,4,0.1,0.12246136665344239,1.2246136665344238,4,ok,,1.3490495681762695,6.719934463500977,0.012369662590126142,0.8474313087795429,4.98123613988508,0.8228046298027039,0.16520645380210228,0.02208314836025238,0.009061798453330994,-0.010263233445584774,0,1,-0.06296014785766602,-0.0642169862985611,-0.0012568384408950806,1.1153134549376706e-08,0.12242986261844635,3.150403499603549e-05,6.0076432717437456e-09
1,14,30,3,4,0.2,0.24492273330688477,1.2246136665344238,4,ok,,1.3490495681762695,3.8182318210601807,0.014626093496787748,0.7793242227973762,2.8303124741510257,0.9350242614746094,0.33041290760420455,0.02208314836025238,0.009061798453330994,0.006389542017132044,1,1,-0.06296014785766602,-0.06139519810676575,0.0015649497509002686,5.655485102364771e-09,0.24485956132411957,6.31719827652033e-05,6.811387454064288e-09
1,14,30,3,4,0.4,0.48984546661376954,1.2246136665344238,4,ok,,1.3490495681762695,2.1872589588165283,0.019400802219814457,0.7208501577596607,1.6213332781921288,1.0713891983032227,0.6608258152084091,0.02208314836025238,0.009061798453330994,0.0022565850522369146,1,1,-0.06296014785766602,-0.0618547722697258,0.001105375587940216,2.369926432833555e-09,0.4897189736366272,0.0001264929771423451,7.845961214059116e-09
1,14,40,3,2,0.02,0.04234605312347412,2.117302656173706,2,ok,,0.9733301401138306,30.300649642944336,-0.0014317695954238349,0.9694198090342178,31.130906558970377,1.282707691192627,0.04121668981993878,0.040027059614658356,-0.009028488770127296,0.09361391514539719,0,0,-0.06002034991979599,-0.05605615675449371,0.003964193165302277,1.3341458889037927e-08,0.04232485964894295,2.1193474531173984e-05,3.616123578353836e-08
1,14,40,3,2,0.05,0.10586513280868531,2.117302656173706,2,ok,,0.9733301401138306,13.439783096313477,-0.00047536348947428903,0.9349229996996108,13.808041631925517,1.4231226444244385,0.10304172454984696,0.040027059614658356,-0.009028488770127296,0.03958228975534439,0,0,-0.06002034991979599,-0.055829957127571106,0.004190392792224884,8.4304034855473e-09,0.10568304359912872,0.0001820892095565907,2.9022551473190106e-08
1,14,40,3,2,0.1,0.21173026561737063,2.117302656173706,2,ok,,0.9733301401138306,6.850833892822266,0.0027414940375506346,0.8840678463983419,7.0385510634798845,1.4498441219329834,0.20608344909969392,0.040027059614658356,-0.009028488770127296,-0.00023688706278335303,1,0,-0.06002034991979599,-0.060070499777793884,-5.014985799789429e-05,6.30272654380382e-09,0.21136626601219177,0.0003639996051788552,2.959980172079213e-08
1,14,40,3,2,0.2,0.42346053123474126,2.117302656173706,2,ok,,0.9733301401138306,3.7679972648620605,0.01224533603026079,0.8184632758535776,3.8712427670405067,1.593656301498413,0.41216689819938784,0.040027059614658356,-0.009028488770127296,0.007060168776661158,0,0,-0.06002034991979599,-0.05703061819076538,0.002989731729030609,2.8908258742094822e-08,0.42273226380348206,0.0007282674312591997,3.267426507136406e-08
1,14,40,3,2,0.4,0.8469210624694825,2.117302656173706,2,ok,,0.9733301401138306,2.0181639194488525,0.008237868071967098,0.7458383960352758,2.0734628840433893,1.7093783617019653,0.8243337963987757,0.040027059614658356,-0.009028488770127296,-0.007676719222217798,1,0,-0.06002034991979599,-0.06652190536260605,-0.006501555442810059,1.9757150538854407e-08,0.8454650640487671,0.0014559984207154208,3.497152079035004e-08
1,17,38,3,12,0.02,0.02809241771697998,1.404620885848999,12,ok,,0.9937469959259033,15.177495002746582,0.0021018381008541397,0.9403872389953258,15.272997115920829,0.4260680079460144,0.027916755714544477,-0.03980498015880585,0.01085313968360424,0.06804604083299637,1,0,0.004440775606781244,0.006352349184453487,0.0019115735776722431,4.225394967293308e-09,0.02806803025305271,2.4387463927268843e-05,7.039033356193158e-09
1,17,38,3,12,0.05,0.07023104429244996,1.404620885848999,12,ok,,0.9937469959259033,7.237507343292236,0.006087667982423688,0.8866703280402225,7.283048273812948,0.5080735683441162,0.06979188928636121,-0.03980498015880585,0.01085313968360424,0.04925502836704254,1,0,0.004440775606781244,0.00790000893175602,0.0034592333249747753,1.2461031312707704e-09,0.07014316320419312,8.788108825684426e-05,1.2608911248435106e-08
1,17,38,3,12,0.1,0.14046208858489992,1.404620885848999,12,ok,,0.9937469959259033,4.2629923820495605,0.00789680461193673,0.830863679085677,4.289816622865175,0.5991628766059875,0.13958377857272242,-0.03980498015880585,0.01085313968360424,0.025805426761507988,1,0,0.004440775606781244,0.008065454661846161,0.0036246790550649166,5.084681165262034e-09,0.1402864307165146,0.0001756578683853316,1.4887045374223362e-08
1,17,38,3,12,0.2,0.28092417716979984,1.404620885848999,12,ok,,0.9937469959259033,2.5599472522735596,0.013802883983105108,0.7692527490602838,2.5760553367870114,0.7186287045478821,0.27916755714544483,-0.03980498015880585,0.01085313968360424,0.012819317169487476,1,0,0.004440775606781244,0.008042031899094582,0.0036012562923133373,1.6459638036217528e-10,0.28057247400283813,0.00035170316696170323,1.786502501488485e-08
1,17,38,3,12,0.4,0.5618483543395997,1.404620885848999,12,ok,,0.9937469959259033,1.5804394483566284,0.01453156124183663,0.7208924526208168,1.590384126779167,0.8888444900512695,0.5583351142908897,-0.03980498015880585,0.01085313968360424,0.015814123675227165,1,0,0.004440775606781244,0.013325914740562439,0.008885139133781195,2.2846808993282064e-10,0.5611434578895569,0.0007048964500427912,2.205770144314556e-08
1,18,36,3,5,0.02,0.058248558044433595,2.9124279022216797,5,ok,,0.9292169809341431,26.17755889892578,-0.004749360096391265,0.9664866700135958,28.1716320687352,1.5240435600280762,0.054125549249815774,-0.010185237973928452,0.0005106949247419834,-0.07739061117172241,0,0,-0.010219925083220005,-0.014727816917002201,-0.004507891833782196,3.2685193180476135e-10,0.058209411799907684,3.9146244525910256e-05,2.0504122844045014e-08
1,18,36,3,5,0.05,0.145621395111084,2.9124279022216797,5,ok,,0.9292169809341431,10.839959144592285,-0.00850286687013258,0.9250962692526957,11.665692047172012,1.5759294033050537,0.13531387312453944,-0.010185237973928452,0.0005106949247419834,-0.06903770565986633,0,0,-0.010219925083220005,-0.020273298025131226,-0.01005337294191122,5.928453105166764e-09,0.1454348862171173,0.00018650889396668036,4.207209869377948e-08
1,18,36,3,5,0.1,0.291242790222168,2.9124279022216797,5,ok,,0.9292169809341431,5.697932243347168,-0.000874335319076328,0.8708401738022716,6.131971714090822,1.6593347787857056,0.27062774624907887,-0.010185237973928452,0.0005106949247419834,-0.024172332137823105,0,0,-0.010219925083220005,-0.017259960994124413,-0.0070400359109044075,1.8452907823290898e-08,0.2908696234226227,0.0003731667995452992,4.430532385413244e-08
1,18,36,3,5,0.2,0.582485580444336,2.9124279022216797,5,ok,,0.9292169809341431,3.0364413261413574,0.0006791858878948666,0.8004507737891582,3.2677419681736244,1.7709343433380127,0.5412554924981577,-0.010185237973928452,0.0005106949247419834,-0.018643688410520554,0,0,-0.010219925083220005,-0.021079616621136665,-0.01085969153791666,1.1872491255740525e-08,0.5817391872406006,0.0007463932037353738,4.7201474728808535e-08
1,18,36,3,5,0.4,1.164971160888672,2.9124279022216797,5,ok,,0.9292169809341431,1.6711922883987427,0.002521124403576986,0.7351569056192481,1.7984952090704287,1.9497058391571045,1.0825109849963155,-0.010185237973928452,0.0005106949247419834,-0.01121706236153841,0,0,-0.010219925083220005,-0.02328750491142273,-0.013067579828202724,2.5667120694475298e-08,1.1634783744812012,0.0014927864074707475,5.1891863250830284e-08
1,21,45,6,9,0.02,0.025384931564331054,1.2692465782165527,9,ok,,1.1064889430999756,16.640064239501953,-0.0005531121346821049,0.9396871789414046,15.038617731567715,0.42263925075531006,0.02808814609728188,-0.014359434135258198,-0.006449840497225523,-0.11537300050258636,1,0,-0.0240128543227911,-0.026941586285829544,-0.0029287319630384445,3.759091242710316e-09,0.02532590739428997,5.902417004108318e-05,9.52551548749625e-09
1,21,45,6,9,0.05,0.06346232891082763,1.2692465782165527,9,ok,,1.1064889430999756,7.920251846313477,0.0056263367758423955,0.8852528182441616,7.158003607443813,0.5022118091583252,0.0702203652432047,-0.014359434135258198,-0.006449840497225523,-0.057782962918281555,1,0,-0.0240128543227911,-0.02767990715801716,-0.003667052835226059,1.1437063918325052e-08,0.06346116960048676,1.159310340878572e-06,5.338883113381598e-09
1,21,45,6,9,0.1,0.12692465782165527,1.2692465782165527,9,ok,,1.1064889430999756,4.605325222015381,0.008082085986474972,0.8277143066444239,4.162106861283935,0.5845882296562195,0.1404407304864094,-0.014359434135258198,-0.006449840497225523,-0.032681819051504135,1,0,-0.0240128543227911,-0.028160979971289635,-0.004148125648498535,3.0516028809782214e-09,0.1269223988056183,2.2590160369817536e-06,6.181238632052555e-09
1,21,45,6,9,0.2,0.25384931564331054,1.2692465782165527,9,ok,,1.1064889430999756,2.767742395401001,0.016133254143534406,0.7636394484476023,2.5013737486109004,0.7026642560958862,0.2808814609728188,-0.014359434135258198,-0.006449840497225523,-0.01897289790213108,1,0,-0.0240128543227911,-0.02882910519838333,-0.004816250875592232,6.272634145605693e-09,0.25384464859962463,4.667043685901984e-06,7.405727586728972e-09
1,21,45,6,9,0.4,0.5076986312866211,1.2692465782165527,9,ok,,1.1064889430999756,1.6307705640792847,0.025658277875746337,0.7124269934097067,1.4738245458729942,0.8280313611030579,0.5617629219456376,-0.014359434135258198,-0.006449840497225523,-0.017584167420864105,1,0,-0.0240128543227911,-0.03294031322002411,-0.00892745889723301,1.1653455093268983e-09,0.5076890587806702,9.57250595090553e-06,8.792364170062683e-09
1,25,36,4,7,0.02,0.024425590038299562,1.221279501914978,7,ok,,1.9231610298156738,51.12526321411133,-9.360246119627139e-05,0.9644314306629815,26.583974207809767,1.2497690916061401,0.04697434289191165,-0.013979107141494751,0.005439400672912598,0.15065844357013702,1,0,-0.008361730724573135,-0.004681811667978764,0.003679919056594372,2.321858083836198e-09,0.024359822273254395,6.57677650451674e-05,3.042132590280744e-08
1,25,36,4,7,0.05,0.0610639750957489,1.221279501914978,7,ok,,1.9231610298156738,22.266361236572266,0.0012162749102993867,0.9238431468483047,11.57800147328007,1.3594247102737427,0.11743585722977912,-0.013979107141494751,0.005439400672912598,0.06722689419984818,1,0,-0.008361730724573135,-0.004256596788764,0.0041051339358091354,7.457374939789929e-09,0.06104879081249237,1.5184283256530762e-05,1.0474756173550759e-08
1,25,36,4,7,0.1,0.1221279501914978,1.221279501914978,7,ok,,1.9231610298156738,11.216791152954102,9.509813211084915e-05,0.8650425814590953,5.832476313241095,1.3696410655975342,0.23487171445955823,-0.013979107141494751,0.005439400672912598,0.0680558830499649,1,0,-0.008361730724573135,-5.019595846533775e-05,0.008311534766107798,9.270743284162108e-09,0.12209763377904892,3.0316412448883057e-05,1.0567467789712737e-08
1,25,36,4,7,0.2,0.2442559003829956,1.221279501914978,7,ok,,1.9231610298156738,5.900078296661377,0.003648672908213912,0.7921433317797848,3.0679065378232027,1.4417694807052612,0.46974342891911647,-0.013979107141494751,0.005439400672912598,0.02220325917005539,1,0,-0.008361730724573135,-0.002938443562015891,0.005423287162557244,1.010253836142283e-08,0.24419502913951874,6.0871243476867676e-05,1.123801585123374e-08
1,25,36,4,7,0.4,0.4885118007659912,1.221279501914978,7,ok,,1.9231610298156738,3.238140106201172,0.009998959306990724,0.7270113182395578,1.6837592151655907,1.5815660953521729,0.9394868578382329,-0.013979107141494751,0.005439400672912598,0.018198221921920776,1,0,-0.008361730724573135,0.0005283444188535213,0.008890075143426657,2.898161000075561e-08,0.4883898198604584,0.00012198090553283691,1.2296887952345514e-08
1,25,30,4,11,0.02,0.025471849441528322,1.273592472076416,11,ok,,1.3100565671920776,13.36602783203125,0.0025358287419398203,0.9148334695358971,10.202634120348902,0.3407805860042572,0.033369563639402036,0.007860811427235603,0.004225376062095165,-0.006939872168004513,0,1,-0.01700185425579548,-0.01717863231897354,-0.00017677806317806244,6.6841711987390695e-09,0.02541304938495159,5.8800056576730625e-05,7.643937038892545e-09
1,25,30,4,11,0.05,0.0636796236038208,1.273592472076416,11,ok,,1.3100565671920776,6.310103893280029,0.004421604609159282,0.844856053042463,4.816665212251127,0.4018683433532715,0.08342390909850508,0.007860811427235603,0.004225376062095165,0.0032290020026266575,1,1,-0.01700185425579548,-0.016796236857771873,0.00020561739802360535,4.234119643792148e-09,0.0636386126279831,4.1010975837710295e-05,4.6923567253998044e-09
1,25,30,4,11,0.1,0.1273592472076416,1.273592472076416,11,ok,,1.3100565671920776,3.834076404571533,0.008554477216170904,0.7846304636515132,2.926649505514415,0.48837053775787354,0.16684781819701017,0.007860811427235603,0.004225376062095165,0.0006073754047974944,1,1,-0.01700185425579548,-0.016924502328038216,7.735192775726318e-05,2.9465701822939394e-09,0.12727703154087067,8.221566677094061e-05,5.693880922308381e-09
1,25,30,4,11,0.2,0.2547184944152832,1.273592472076416,11,ok,,1.3100565671920776,2.3156793117523193,0.01581710664379205,0.7292202431064864,1.7676178034921692,0.5899230241775513,0.33369563639402033,0.007860811427235603,0.004225376062095165,0.003942559473216534,1,1,-0.01700185425579548,-0.015997614711523056,0.0010042395442724228,3.2688880046826546e-09,0.2545546293258667,0.000163865089416515,6.853715373011937e-09
1,25,30,4,11,0.4,0.5094369888305664,1.273592472076416,11,ok,,1.3100565671920776,1.438346028327942,0.020259225635437896,0.7012737043394724,1.0979266577852715,0.7325379848480225,0.6673912727880407,0.007860811427235603,0.004225376062095165,0.01305411383509636,1,1,-0.01700185425579548,-0.010351605713367462,0.006650248542428017,9.842509012675249e-11,0.5091093182563782,0.0003276705741882546,8.563725728549798e-09
1,26,86,3,10,0.02,0.04397097110748291,2.1985485553741455,10,ok,,1.3496778011322021,37.32749938964844,0.006075467939449648,0.965521127878104,27.656600233261535,1.6412663459777832,0.05934664359799512,-0.0031337446998804808,-0.0002779943752102554,0.01892385073006153,0,0,-0.025577044114470482,-0.02474493533372879,0.0008321087807416916,8.687047836609084e-09,0.0439683236181736,2.647489309309803e-06,4.527585772962084e-08
1,26,86,3,10,0.05,0.10992742776870729,2.1985485553741455,10,ok,,1.3496778011322021,14.126266479492188,0.005376673695238648,0.916470390950971,10.466399067712043,1.5513646602630615,0.14836660899498783,-0.0031337446998804808,-0.0002779943752102554,0.013969864696264267,0,0,-0.025577044114470482,-0.02404136210680008,0.0015356820076704025,1.071533319843207e-08,0.10976318269968033,0.00016424506902695812,2.8145322517048044e-08
1,26,86,3,10,0.1,0.21985485553741457,2.1985485553741455,10,ok,,1.3496778011322021,6.835925102233887,0.009162454894607142,0.8497600858557196,5.064857032170478,1.5016932487487793,0.29673321798997565,-0.0031337446998804808,-0.0002779943752102554,0.03895890340209007,0,0,-0.025577044114470482,-0.017011724412441254,0.008565319702029228,1.5622666625636494e-08,0.2195269763469696,0.0003278791904449685,2.7281354064712104e-08
1,26,86,3,10,0.2,0.43970971107482915,2.1985485553741455,10,ok,,1.3496778011322021,3.6771132946014404,0.007409436311429939,0.7775853981403212,2.7244378558453737,1.6152230501174927,0.5934664359799513,-0.0031337446998804808,-0.0002779943752102554,0.0026616451796144247,0,0,-0.025577044114470482,-0.024406690150499344,0.001170353963971138,2.7310591676609625e-09,0.43905356526374817,0.000656145811080977,2.9215302177476588e-08
1,26,86,3,10,0.4,0.8794194221496583,2.1985485553741455,10,ok,,1.3496778011322021,2.2316620349884033,0.008664961574088225,0.7259392507721043,1.6534776174837273,1.9661940336227417,1.1869328719599026,-0.0031337446998804808,-0.0002779943752102554,0.008447352796792984,0,0,-0.025577044114470482,-0.018148275092244148,0.007428769022226334,2.9069763480063515e-09,0.8781077861785889,0.0013116359710694248,3.540306892091394e-08
1,27,58,3,3,0.02,0.012679126262664795,0.6339563131332397,3,ok,,2.762025833129883,74.81454467773438,0.010649103796392332,0.9646715044195009,27.08683741488712,0.9495860934257507,0.03502007427899571,0.015354512259364128,-0.0009884610772132874,-0.29242783784866333,1,0,-0.0597669892013073,-0.06347472965717316,-0.00370774045586586,1.0977064590633745e-08,0.012653808109462261,2.531815320253386e-05,2.1488784085477164e-08
1,27,58,3,3,0.05,0.031697815656661986,0.6339563131332397,3,ok,,2.762025833129883,30.40382957458496,0.006192014565906129,0.9200014262332327,11.007800582415562,0.9638392925262451,0.08755018569748926,0.015354512259364128,-0.0009884610772132874,-0.05702643841505051,1,0,-0.0597669892013073,-0.061574626713991165,-0.0018076375126838684,2.3980247609899433e-08,0.031702280044555664,4.464387893678146e-06,9.922285215679949e-09
1,27,58,3,3,0.1,0.06339563131332397,0.6339563131332397,3,ok,,2.762025833129883,15.56514835357666,0.006084598561730634,0.8617005859522406,5.635410127910662,0.9868521094322205,0.17510037139497853,0.015354512259364128,-0.0009884610772132874,-0.06841561943292618,1,0,-0.0597669892013073,-0.06410427391529083,-0.004337284713983536,3.3328341065251565e-08,0.06340467184782028,9.040534496310149e-06,1.0175552844771119e-08
1,27,58,3,3,0.2,0.12679126262664794,0.6339563131332397,3,ok,,2.762025833129883,8.55201244354248,0.016296628040192884,0.7904797090333128,3.096282569467637,1.084377408027649,0.35020074278995705,0.015354512259364128,-0.0009884610772132874,-0.012347395531833172,1,0,-0.0597669892013073,-0.061332523822784424,-0.001565534621477127,7.2481546320446455e-09,0.12680897116661072,1.7708539962774106e-05,1.111593128655386e-08
1,27,58,3,3,0.4,0.2535825252532959,0.6339563131332397,3,ok,,2.762025833129883,4.679135799407959,0.02432059181812986,0.7229560031954947,1.6940955958054686,1.186680555343628,0.7004014855799141,0.015354512259364128,-0.0009884610772132874,-0.009439438581466675,1,0,-0.0597669892013073,-0.06216064468026161,-0.002393655478954315,2.1193507393491018e-08,0.2536177337169647,3.5208463668834344e-05,1.2246971436979948e-08
1,28,29,3,6,0.02,0.022050201892852783,1.1025100946426392,6,ok,,1.164852261543274,18.863588333129883,0.0008035241092518818,0.9435779809714905,16.193974940755105,0.4159395396709442,0.025685227542375344,-0.04619264975190163,0.024049881845712662,0.00787010695785284,1,0,-0.015684736892580986,-0.015511199831962585,0.00017353706061840057,3.8672059998745567e-10,0.02204877883195877,1.4230608940124512e-06,1.1412420342082896e-08
1,28,29,3,6,0.05,0.05512550473213196,1.1025100946426392,6,ok,,1.164852261543274,9.32123851776123,0.003948068099567919,0.8953630136428711,8.002077881879913,0.5136702656745911,0.06421306885593836,-0.04619264975190163,0.024049881845712662,0.021491724997758865,1,0,-0.015684736892580986,-0.014499995857477188,0.001184741035103798,1.1529618371142192e-09,0.0550488643348217,7.664039731025696e-05,9.186283733697564e-09
1,28,29,3,6,0.1,0.11025100946426392,1.1025100946426392,6,ok,,1.164852261543274,5.315888404846191,0.00899664135566399,0.8381675115915111,4.563573064449207,0.5855411291122437,0.12842613771187672,-0.04619264975190163,0.024049881845712662,0.01685350388288498,1,0,-0.015684736892580986,-0.013826621696352959,0.0018581151962280273,6.19869933160544e-10,0.11009708046913147,0.0001539289951324463,1.046764630530106e-08
1,28,29,3,6,0.2,0.22050201892852783,1.1025100946426392,6,ok,,1.164852261543274,3.0873615741729736,0.02060184747948881,0.7707592523776119,2.650431884022769,0.6818791627883911,0.25685227542375344,-0.04619264975190163,0.024049881845712662,0.02280525676906109,1,0,-0.015684736892580986,-0.010656135156750679,0.005028601735830307,3.4239311386130566e-09,0.22019405663013458,0.0003079622983932495,1.2202608701272766e-08
1,28,29,3,6,0.4,0.44100403785705566,1.1025100946426392,6,ok,,1.164852261543274,1.8048251867294312,0.03173778989526269,0.7117706469229033,1.5494026550085664,0.7951061129570007,0.5137045508475069,-0.04619264975190163,0.024049881845712662,0.01214058231562376,1,0,-0.015684736892580986,-0.010330697521567345,0.005354039371013641,6.452112399912835e-09,0.4403877854347229,0.0006162524223327637,1.4218254129616525e-08
1,28,45,7,7,0.02,0.03384621620178223,1.6923108100891113,7,ok,,0.7707966566085815,12.786857604980469,0.010899563553113303,0.9442311480467575,16.58914513358765,0.43301084637641907,0.026088550287184945,0.01968962699174881,-0.006271679885685444,0.04076239466667175,0,0,-0.05597038194537163,-0.05459073185920715,0.0013796500861644745,2.736626072454007e-09,0.033753152936697006,9.3063265085222e-05,9.46384925981647e-09
1,28,45,7,7,0.05,0.08461554050445558,1.6923108100891113,7,ok,,0.7707966566085815,5.935429573059082,0.011996709214192155,0.8910658851212916,7.700383132390069,0.5026795268058777,0.06522137571796237,0.01968962699174881,-0.006271679885685444,0.008365258574485779,0,0,-0.05597038194537163,-0.05526256933808327,0.0007078126072883606,1.826845128513957e-08,0.08457488566637039,4.065483808518566e-05,1.4201948062009251e-08
1,28,45,7,7,0.1,0.16923108100891116,1.6923108100891113,7,ok,,0.7707966566085815,3.4827566146850586,0.021677021650235367,0.8348357831675619,4.518385730945275,0.5892056226730347,0.13044275143592474,0.01968962699174881,-0.006271679885685444,0.002993944799527526,0,0,-0.05597038194537163,-0.055463701486587524,0.0005066804587841034,1.1943879052347776e-08,0.1691497266292572,8.135437965395287e-05,1.6650712808541357e-08
1,28,45,7,7,0.2,0.3384621620178223,1.6923108100891113,7,ok,,0.7707966566085815,2.066774368286133,0.03710696357670272,0.76767819011066,2.6813483823049076,0.7007331252098083,0.2608855028718495,0.01968962699174881,-0.006271679885685444,-0.001699273008853197,1,0,-0.05597038194537163,-0.05654551088809967,-0.0005751289427280426,1.0673706940544404e-08,0.3382995128631592,0.00016264915466313035,1.980395936129753e-08
1,28,45,7,7,0.4,0.6769243240356446,1.6923108100891113,7,ok,,0.7707966566085815,1.2282917499542236,0.04695515624868417,0.7105906538202644,1.593535388901368,0.8311694860458374,0.521771005743699,0.01968962699174881,-0.006271679885685444,-0.0039014634676277637,1,0,-0.05597038194537163,-0.05861137434840202,-0.0026409924030303955,3.1175432903610134e-09,0.6765990257263184,0.0003252983093262607,2.34588881653508e-08
1,32,40,4,18,0.02,0.016060686111450194,0.8030343055725098,18,ok,,2.417785882949829,53.69163513183594,0.003424843237183382,0.9577346719205014,22.20694376224376,0.8624988198280334,0.038831300150752666,0.00289962743408978,-0.006874779239296913,-0.020163606852293015,1,0,-0.022245926782488823,-0.022569768130779266,-0.0003238413482904434,1.2238920976941764e-11,0.016028068959712982,3.261715173721175e-05,1.2033389396037819e-08
1,32,40,4,18,0.05,0.04015171527862549,0.8030343055725098,18,ok,,2.417785882949829,23.062829971313477,0.00798493108642027,0.9091715192984573,9.53882233077068,0.9268575310707092,0.09707825037688167,0.00289962743408978,-0.006874779239296913,0.03133412450551987,0,0,-0.022245926782488823,-0.02098781056702137,0.001258116215467453,2.630183182361634e-09,0.04011033847928047,4.137679934501648e-05,2.6400821084848758e-08
1,32,40,4,18,0.1,0.08030343055725098,0.8030343055725098,18,ok,,2.417785882949829,12.54758358001709,0.004041785873835068,0.8532099023106408,5.189700075799587,1.008193850517273,0.19415650075376334,0.00289962743408978,-0.006874779239296913,-0.017995595932006836,1,0,-0.022245926782488823,-0.02369103953242302,-0.0014451127499341965,4.6616719373560045e-09,0.08022082597017288,8.260458707809448e-05,2.8747452418542707e-08
1,32,40,4,18,0.2,0.16060686111450195,0.8030343055725098,18,ok,,2.417785882949829,6.9039740562438965,0.0074833786550387625,0.7831437150903054,2.855494402927781,1.108062982559204,0.3883130015075267,0.00289962743408978,-0.006874779239296913,0.015957143157720566,0,0,-0.022245926782488823,-0.019683102145791054,0.002562824636697769,2.0382184828804384e-09,0.16044196486473083,0.00016489624977111816,3.1620526641518154e-08
1,32,40,4,18,0.4,0.3212137222290039,0.8030343055725098,18,ok,,2.417785882949829,3.8727495670318604,0.011442209872096432,0.7210171548979013,1.6017752416956357,1.243062973022461,0.7766260030150534,0.00289962743408978,-0.006874779239296913,0.00450221449136734,0,0,-0.022245926782488823,-0.020799754187464714,0.0014461725950241089,4.800213559974509e-10,0.32088443636894226,0.0003292858600616455,3.5505113515910125e-08
1,33,45,8,5,0.02,0.031254663467407226,1.5627331733703613,5,ok,,0.7734578251838684,13.960320472717285,0.008014243541507381,0.9485437705551548,18.04923296157816,0.4363255202770233,0.024174164032354496,-0.007582393474876881,0.003940115217119455,0.0544472374022007,1,0,-0.033210527151823044,-0.03150879591703415,0.0017017312347888947,1.1530530842195769e-09,0.031253546476364136,1.1169910430902652e-06,4.927688257438945e-10
1,33,45,8,5,0.05,0.07813665866851807,1.5627331733703613,5,ok,,0.7734578251838684,6.541188716888428,0.012068395132927106,0.8992018173489752,8.457072259014229,0.5110421180725098,0.060435410080886244,-0.007582393474876881,0.003940115217119455,0.004140848759561777,1,0,-0.033210527151823044,-0.03288697451353073,0.0003235526382923126,5.521684776077507e-10,0.07803146541118622,0.0001051932573318537,1.4501631895313949e-08
1,33,45,8,5,0.1,0.15627331733703614,1.5627331733703613,5,ok,,0.7734578251838684,3.783590078353882,0.02053252357203385,0.8441189858389491,4.891785893367289,0.590718150138855,0.12087082016177249,-0.007582393474876881,0.003940115217119455,-0.0037339951377362013,0,0,-0.033210527151823044,-0.03379407152533531,-0.0005835443735122681,2.0566417868652515e-08,0.15606293082237244,0.0002103865146637074,1.6759470256033637e-08
1,33,45,8,5,0.2,0.3125466346740723,1.5627331733703613,5,ok,,0.7734578251838684,2.1964240074157715,0.038026810889517565,0.774840958144194,2.8397463131112444,0.6876305341720581,0.24174164032354498,-0.007582393474876881,0.003940115217119455,0.0006997371092438698,1,0,-0.033210527151823044,-0.032991837710142136,0.0002186894416809082,1.1036969826977048e-08,0.3121260404586792,0.0004205942153930886,1.9486428470827377e-08
1,33,45,8,5,0.4,0.6250932693481446,1.5627331733703613,5,ok,,0.7734578251838684,1.3509835004806519,0.051375989989073514,0.7152931674184858,1.746680240978551,0.8436232805252075,0.48348328064708995,-0.007582393474876881,0.003940115217119455,-0.00016132486052811146,0,0,-0.033210527151823044,-0.0333113856613636,-0.00010085850954055786,1.542504590722226e-08,0.6242522597312927,0.000841009616851851,2.3891688627486474e-08
1,33,36,5,8,0.02,0.02989781379699707,1.4948906898498535,8,ok,,1.454898476600647,40.12324905395508,0.0003076346662666896,0.9656267520843923,27.57804046071654,1.199170708656311,0.04349828374694084,0.0016201166436076164,-0.02233896777033806,-0.13584348559379578,1,0,-0.037101782858371735,-0.04116317629814148,-0.004061393439769745,2.979804861538704e-08,0.029883895069360733,1.3918727636338252e-05,1.2795728032699571e-08
1,33,36,5,8,0.05,0.07474453449249267,1.4948906898498535,8,ok,,1.454898476600647,17.751039505004883,0.006186318946145419,0.9268784950457769,12.200878473986565,1.3286771774291992,0.1087457093673521,0.0016201166436076164,-0.02233896777033806,-0.04757878556847572,1,0,-0.037101782858371735,-0.04065806418657303,-0.003556281328201294,2.7149167447591133e-08,0.07460672408342361,0.0001378104090690585,3.660403180560934e-08
1,33,36,5,8,0.1,0.14948906898498535,1.4948906898498535,8,ok,,1.454898476600647,9.263514518737793,0.007303018086102738,0.8739009948163826,6.367120914426632,1.3867226839065552,0.2174914187347042,0.0016201166436076164,-0.02233896777033806,-0.06728022545576096,1,0,-0.037101782858371735,-0.04715944081544876,-0.010057657957077026,3.074045896306332e-10,0.14921332895755768,0.0002757400274276678,3.8265010715576864e-08
1,33,36,5,8,0.2,0.2989781379699707,1.4948906898498535,8,ok,,1.454898476600647,4.733635425567627,0.011631436039778049,0.7978169707752145,3.253584701404359,1.4168508052825928,0.4349828374694084,0.0016201166436076164,-0.02233896777033806,-0.040071312338113785,1,0,-0.037101782858371735,-0.049082253128290176,-0.011980470269918442,2.3921056069992064e-08,0.29842638969421387,0.0005517482757568248,3.8954642178623544e-08
1,33,36,5,8,0.4,0.5979562759399414,1.4948906898498535,8,ok,,1.454898476600647,2.674696922302246,0.018782050466233893,0.7302099036713008,1.8384079475770743,1.5971177816390991,0.8699656749388168,0.0016201166436076164,-0.02233896777033806,-0.03090127743780613,1,0,-0.037101782858371735,-0.05557940527796745,-0.01847762241959572,9.641098232260337e-09,0.596852719783783,0.001103556156158425,4.394703623233909e-08
1,34,58,4,7,0.02,0.019923384189605712,0.9961692094802856,7,ok,,1.7498608827590942,34.096004486083984,0.0029418649965996862,0.9522806108754166,19.484980104420416,0.6803648471832275,0.034863150645572036,0.10022102296352386,-0.032305773347616196,0.03918665274977684,0,0,-0.14503557980060577,-0.1442548632621765,0.0007807165384292603,1.4199409212886996e-08,0.019901998341083527,2.1385848522185308e-05,1.936809290725705e-08
1,34,58,4,7,0.05,0.049808460474014285,0.9961692094802856,7,ok,,1.7498608827590942,14.862354278564453,0.0007716824403193368,0.9007909037801568,8.493449065003231,0.7392401695251465,0.0871578766139301,0.10022102296352386,-0.032305773347616196,-0.035664670169353485,1,0,-0.14503557980060577,-0.14681200683116913,-0.0017764270305633545,2.4716114355042076e-08,0.049687281250953674,0.00012117922306061069,1.7451002420898476e-08
1,34,58,4,7,0.1,0.09961692094802857,0.9961692094802856,7,ok,,1.7498608827590942,7.757199287414551,0.013604714186301192,0.8341158752351334,4.433037713934692,0.7715025544166565,0.1743157532278602,0.10022102296352386,-0.032305773347616196,-0.0013373126275837421,1,0,-0.14503557980060577,-0.14516884088516235,-0.0001332610845565796,4.211825176957964e-08,0.0993746742606163,0.00024224668741226751,1.82021135941568e-08
1,34,58,4,7,0.2,0.19923384189605714,0.9961692094802856,7,ok,,1.7498608827590942,4.41463565826416,0.022082910555821046,0.7647294235744375,2.5228495029278313,0.8803435564041138,0.3486315064557204,0.10022102296352386,-0.032305773347616196,-0.02163567766547203,1,0,-0.14503557980060577,-0.14934618771076202,-0.00431060791015625,4.8726839540699785e-08,0.19874975085258484,0.00048409104347230114,2.0695921421065577e-08
1,34,58,4,7,0.4,0.3984676837921143,0.9961692094802856,7,ok,,1.7498608827590942,2.7034261226654053,0.031459359405562645,0.7116773861112442,1.5449377429371594,1.0751945972442627,0.6972630129114408,0.10022102296352386,-0.032305773347616196,-0.008625021204352379,1,0,-0.14503557980060577,-0.148472398519516,-0.0034368187189102173,2.6496954052754318e-08,0.3975009620189667,0.0009667217731476052,2.5237579137638022e-08
1,34,30,5,9,0.02,0.03773801565170288,1.886900782585144,9,ok,,0.7085378766059875,10.50278377532959,0.009432497045167805,0.9383093250893201,14.82317900296992,0.39594167470932007,0.02673881347718108,0.0018714256584644318,0.0021106693893671036,-0.015872519463300705,0,1,-0.03326140344142914,-0.03386039659380913,-0.0005989931523799896,4.2355580109855115e-09,0.037670597434043884,6.741821765899464e-05,1.0991767496193461e-08
1,34,30,5,9,0.05,0.09434503912925721,1.886900782585144,9,ok,,0.7085378766059875,5.0568132400512695,0.00460134904994746,0.8850685149589413,7.136969535442616,0.4773073196411133,0.06684703369295271,0.0018714256584644318,0.0021106693893671036,-0.004083612468093634,0,1,-0.03326140344142914,-0.03364667668938637,-0.0003852732479572296,4.669866213126081e-09,0.09408248215913773,0.00026255697011948187,1.2189864229128489e-08
1,34,30,5,9,0.1,0.18869007825851442,1.886900782585144,9,ok,,0.7085378766059875,2.8932409286499023,0.014933681376572316,0.8235464257429733,4.083396278692844,0.5457586050033569,0.13369406738590542,0.0018714256584644318,0.0021106693893671036,-0.01274694874882698,0,1,-0.03326140344142914,-0.03566663712263107,-0.002405233681201935,1.0924228499228916e-08,0.18816465139389038,0.0005254268646240345,1.3960988809458286e-08
1,34,30,5,9,0.2,0.37738015651702883,1.886900782585144,9,ok,,0.7085378766059875,1.68666410446167,0.028132123858255777,0.7562156367447129,2.3804854477768878,0.6368541121482849,0.26738813477181084,0.0018714256584644318,0.0021106693893671036,-0.0037158476188778877,0,1,-0.03326140344142914,-0.03466369956731796,-0.0014022961258888245,8.969883258250558e-09,0.37633001804351807,0.0010501384735107644,1.638920643642905e-08
1,34,30,5,9,0.4,0.7547603130340577,1.886900782585144,9,ok,,0.7085378766059875,1.0458245277404785,0.02990033378507991,0.710153734965994,1.476031927536003,0.7894700765609741,0.5347762695436217,0.0018714256584644318,0.0021106693893671036,-0.000246279698330909,0,1,-0.03326140344142914,-0.03344729542732239,-0.0001858919858932495,9.843687079325557e-09,0.7526602745056152,0.0021000385284424272,2.0305803261067012e-08
1,38,38,4,21,0.02,0.04795266151428223,2.3976330757141113,21,ok,,0.5226987600326538,4.834963798522949,0.009740166912630797,0.9066143317234852,9.25000051312854,0.23196662962436676,0.02506479671378088,0.006582778412848711,0.012010028585791588,0.012033148668706417,1,1,-0.04156465828418732,-0.040987636893987656,0.0005770213901996613,1.1486185342701044e-10,0.04784606024622917,0.00010660126805305675,5.77719960759282e-09
1,38,38,4,21,0.05,0.11988165378570557,2.3976330757141113,21,ok,,0.5226987600326538,2.5799736976623535,0.01603326512585422,0.8455899221666316,4.9358710885333705,0.3092024624347687,0.0626619917844522,0.006582778412848711,0.012010028585791588,0.019586974754929543,1,1,-0.04156465828418732,-0.0392165370285511,0.002348121255636215,2.3293563965708086e-09,0.1198267787694931,5.4875016212471706e-05,3.2122755566632577e-09
1,38,38,4,21,0.1,0.23976330757141115,2.3976330757141113,21,ok,,0.5226987600326538,1.6546844244003296,0.021597823069138083,0.7918154148094491,3.165655920618203,0.3966243267059326,0.1253239835689044,0.006582778412848711,0.012010028585791588,0.012470492161810398,1,1,-0.04156465828418732,-0.03857468441128731,0.002989973872900009,7.425140990773016e-09,0.2396537959575653,0.00010951161384584185,4.1297689712394e-09
1,38,38,4,21,0.2,0.4795266151428223,2.3976330757141113,21,ok,,0.5226987600326538,1.0847679376602173,0.026877601803996728,0.7412165220745162,2.0753214290968947,0.5201337337493896,0.2506479671378088,0.006582778412848711,0.012010028585791588,0.010985281318426132,1,1,-0.04156465828418732,-0.03629693761467934,0.00526772066950798,1.4097508583242602e-08,0.47930774092674255,0.00021887421607974522,5.402229330542241e-09
1,38,38,4,21,0.4,0.9590532302856446,2.3976330757141113,21,ok,,0.5226987600326538,0.7150693535804749,0.03366286084753452,0.7041045774969279,1.368033384151199,0.6867008209228516,0.5012959342756176,0.006582778412848711,0.012010028585791588,0.010083227418363094,1,1,-0.04156465828418732,-0.03189430758357048,0.009670350700616837,1.1266690705391547e-09,0.9586154818534851,0.00043774843215949044,7.1395516165750905e-09
1,39,40,5,7,0.02,0.049590129852294926,2.479506492614746,7,ok,,0.7923453450202942,13.998930931091309,0.003310997137182982,0.9477676373955357,17.667713982360922,0.694756031036377,0.039292508547417816,0.08667784929275513,-0.022535128518939018,0.03267686814069748,0,0,-0.09831947088241577,-0.09669899195432663,0.0016204789280891418,2.8793825634790618e-08,0.04945642501115799,0.00013370484113693626,1.642495028875146e-08
1,39,40,5,7,0.05,0.12397532463073731,2.479506492614746,7,ok,,0.7923453450202942,6.360575199127197,0.007019696331846377,0.8953376725628838,8.027528954506899,0.7885130047798157,0.09823127136854452,0.08667784929275513,-0.022535128518939018,-0.007036621682345867,1,0,-0.09831947088241577,-0.099191814661026,-0.0008723437786102295,2.367876228426269e-08,0.12396033108234406,1.4993548393252287e-05,3.6503613465299622e-09
1,39,40,5,7,0.1,0.24795064926147461,2.479506492614746,7,ok,,0.7923453450202942,3.492654800415039,0.016330748705122626,0.8329846334221416,4.4079956074218805,0.8659464120864868,0.19646254273708905,0.08667784929275513,-0.022535128518939018,-0.013775714673101902,1,0,-0.09831947088241577,-0.1017351746559143,-0.003415703773498535,6.376262096010471e-09,0.24791979789733887,3.085136413574774e-05,3.991395658431429e-09
1,39,40,5,7,0.2,0.49590129852294923,2.479506492614746,7,ok,,0.7923453450202942,1.979477882385254,0.020685676584051634,0.7622224032836773,2.498251418807863,0.9815685153007507,0.3929250854741781,0.08667784929275513,-0.022535128518939018,-0.01049058698117733,1,0,-0.09831947088241577,-0.10352177917957306,-0.005202308297157288,1.2590923503461027e-08,0.4958355128765106,6.578564643860974e-05,4.502678674356275e-09
1,39,40,5,7,0.4,0.9918025970458985,2.479506492614746,7,ok,,0.7923453450202942,1.1689478158950806,0.025146701224917335,0.712813317133222,1.4753009192773958,1.1592886447906494,0.7858501709483562,0.08667784929275513,-0.022535128518939018,-0.007416225038468838,1,0,-0.09831947088241577,-0.10567490011453629,-0.007355429232120514,2.0213096977445e-09,0.9916703701019287,0.00013222694396974877,5.351527221364449e-09
1,40,45,9,7,0.02,0.023028876781463623,1.1514438390731812,7,ok,,1.0500600337982178,14.752479553222656,0.008482758628867755,0.9353467010848954,14.049177264510078,0.33982011675834656,0.024181703131478684,0.014933019876480103,0.015527362935245037,0.07509644329547882,1,1,-0.07311651855707169,-0.07138712704181671,0.0017293915152549744,4.775877222558747e-09,0.0229738038033247,5.5072978138923784e-05,8.975322707271971e-09
1,40,45,9,7,0.05,0.05757219195365906,1.1514438390731812,7,ok,,1.0500600337982178,6.98088264465332,0.013824472251877816,0.8772375428667796,6.648079557314278,0.401677668094635,0.06045425782869672,0.014933019876480103,0.015527362935245037,-0.01263451762497425,0,1,-0.07311651855707169,-0.07384390383958817,-0.0007273852825164795,1.1591430426724676e-08,0.05752282962203026,4.936233162880499e-05,5.831261695732337e-09
1,40,45,9,7,0.1,0.11514438390731813,1.1514438390731812,7,ok,,1.0500600337982178,4.158902645111084,0.016435250633504594,0.8200792814965745,3.9606332126209733,0.479646235704422,0.12090851565739344,0.014933019876480103,0.015527362935245037,0.02166587859392166,1,1,-0.07311651855707169,-0.07062181830406189,0.002494700253009796,3.989498065671421e-09,0.11504487693309784,9.950697422028698e-05,6.971698329749643e-09
1,40,45,9,7,0.2,0.23028876781463625,1.1514438390731812,7,ok,,1.0500600337982178,2.579224109649658,0.03524959010982453,0.758259335090675,2.4562634769726244,0.5935772061347961,0.24181703131478688,0.014933019876480103,0.015527362935245037,0.010330146178603172,1,1,-0.07311651855707169,-0.07073759287595749,0.0023789256811141968,9.046298598668762e-09,0.23008941113948822,0.00019935667514803246,8.610022916855087e-09
1,40,45,9,7,0.4,0.4605775356292725,1.1514438390731812,7,ok,,1.0500600337982178,1.6088024377822876,0.05406441707374373,0.705494335023859,1.532105199701284,0.7406010031700134,0.48363406262957376,0.014933019876480103,0.015527362935245037,0.015557403676211834,1,1,-0.07311651855707169,-0.06595110148191452,0.0071654170751571655,2.6429177734342557e-08,0.4601786732673645,0.0003988623619080034,1.077277111960484e-08
1,40,42,3,15,0.02,0.032272863388061526,1.6136431694030762,15,ok,,1.2030949592590332,20.156871795654297,0.0006228372035088406,0.9453063133225946,16.75418190435428,0.6506584882736206,0.03882731926303223,0.05104703828692436,-0.014443546533584595,0.021837281063199043,0,0,-0.10357033461332321,-0.10286557674407959,0.0007047578692436218,6.280724296117007e-09,0.032194264233112335,7.859915494919101e-05,9.747293638895371e-09
1,40,42,3,15,0.05,0.08068215847015381,1.6136431694030762,15,ok,,1.2030949592590332,9.51574420928955,0.00530635294907422,0.8942104498702068,7.909387481053228,0.7673227787017822,0.09706829815758056,0.05104703828692436,-0.014443546533584595,0.01947297528386116,0,0,-0.10357033461332321,-0.1019992008805275,0.0015711337327957153,1.2055057840854033e-08,0.0806015282869339,8.063018321990967e-05,2.1838491903736212e-08
1,40,42,3,15,0.1,0.16136431694030762,1.6136431694030762,15,ok,,1.2030949592590332,5.342933654785156,0.008946182769690784,0.8351002187714547,4.440990807634455,0.8615904450416565,0.19413659631516111,0.05104703828692436,-0.014443546533584595,0.022390922531485558,0,0,-0.10357033461332321,-0.09995724260807037,0.003613092005252838,3.914703672336373e-09,0.16120308637619019,0.00016123056411743164,2.4525508734996038e-08
1,40,42,3,15,0.2,0.32272863388061523,1.6136431694030762,15,ok,,1.2030949592590332,3.0701310634613037,0.016336985819689575,0.767402422188838,2.551860964781696,0.9926604628562927,0.38827319263032223,0.05104703828692436,-0.014443546533584595,-0.0013200946850702167,1,0,-0.10357033461332321,-0.1039963886141777,-0.0004260540008544922,2.1646548720166692e-08,0.32240620255470276,0.0003224313259124756,2.826318734605593e-08
1,40,42,3,15,0.4,0.6454572677612305,1.6136431694030762,15,ok,,1.2030949592590332,1.821839690208435,0.024455417629566264,0.7124786763468812,1.5142941761878566,1.1750365495681763,0.7765463852606445,0.05104703828692436,-0.014443546533584595,0.011347921565175056,0,0,-0.10357033461332321,-0.09624575078487396,0.007324583828449249,1.461977738870246e-08,0.6448123455047607,0.0006449222564697266,3.3607054916728885e-08
1,40,36,6,7,0.02,0.03059213638305664,1.529606819152832,7,ok,,1.3239405155181885,39.9359016418457,-0.004408601961631544,0.968588162694132,30.164422928159034,1.2215185165405273,0.04050216881378674,-0.003873612731695175,0.009656870737671852,0.27556145191192627,1,0,-0.07358752191066742,-0.06515751779079437,0.008430004119873047,9.398929705708992e-09,0.030584512278437614,7.624104619026462e-06,9.081309038094787e-09
1,40,36,6,7,0.05,0.07648034095764161,1.529606819152832,7,ok,,1.3239405155181885,17.35203742980957,0.003669599470183925,0.9315281738747555,13.106357292045631,1.329079270362854,0.10125542203446686,-0.003873612731695175,0.009656870737671852,0.062153466045856476,1,0,-0.07358752191066742,-0.06883399188518524,0.004753530025482178,1.175059587306404e-08,0.07635828852653503,0.00012205243110657849,3.729182651568408e-08
1,40,36,6,7,0.1,0.15296068191528323,1.529606819152832,7,ok,,1.3239405155181885,8.859657287597656,0.0007376115986754497,0.8795388675207834,6.691884706106532,1.3573001623153687,0.20251084406893372,-0.003873612731695175,0.009656870737671852,0.011934759095311165,1,0,-0.07358752191066742,-0.07176199555397034,0.0018255263566970825,2.253301634191386e-08,0.15271690487861633,0.00024377703666689232,3.8161761750643564e-08
1,40,36,6,7,0.2,0.30592136383056645,1.529606819152832,7,ok,,1.3239405155181885,4.79885721206665,0.013062017242129744,0.8104363266437222,3.624677359605359,1.4666730165481567,0.40502168813786743,-0.003873612731695175,0.009656870737671852,0.039175793528556824,1,0,-0.07358752191066742,-0.061602797359228134,0.011984724551439285,1.2366038502215071e-08,0.3054339587688446,0.00048740506172184617,4.119201690855334e-08
1,40,36,6,7,0.4,0.6118427276611329,1.529606819152832,7,ok,,1.3239405155181885,2.4876797199249268,0.023696069662189415,0.7325967433479109,1.8789965944575486,1.520318865776062,0.8100433762757349,-0.003873612731695175,0.009656870737671852,0.02101907506585121,1,0,-0.07358752191066742,-0.06072714552283287,0.012860376387834549,8.166630037151346e-09,0.6108680367469788,0.0009746909141541416,4.2682966494567154e-08
1,42,29,4,14,0.02,0.028784332275390626,1.4392166137695312,14,ok,,0.8962849378585815,12.394314765930176,0.0038034394934104232,0.9347016674581348,13.828542958145704,0.3569476902484894,0.02579896346474925,-0.0448482520878315,-0.003968246281147003,0.011044773273169994,0,0,0.011447344906628132,0.01176526490598917,0.0003179199993610382,3.5755597593508694e-09,0.028759056702256203,2.527557313442355e-05,5.2142730133653e-09
1,42,29,4,14,0.05,0.07196083068847657,1.4392166137695312,14,ok,,0.8962849378585815,5.87031888961792,0.012420095913491767,0.8757508383146864,6.549612340509516,0.4227074980735779,0.06449740866187313,-0.0448482520878315,-0.003968246281147003,-0.0019523680675774813,1,0,0.011447344906628132,0.011306851170957088,-0.0001404937356710434,2.922814879122333e-10,0.07179946452379227,0.00016136616468430398,1.1053774784386405e-08
1,42,29,4,14,0.1,0.14392166137695314,1.4392166137695312,14,ok,,0.8962849378585815,3.4240331649780273,0.02117674625873641,0.8148684979671253,3.8202507041510287,0.49325186014175415,0.12899481732374626,-0.0448482520878315,-0.003968246281147003,-0.012457453645765781,1,0,0.011447344906628132,0.009654456749558449,-0.001792888157069683,9.268155310056259e-09,0.1435990333557129,0.00032262802124025103,1.2916185454514562e-08
1,42,29,4,14,0.2,0.2878433227539063,1.4392166137695312,14,ok,,0.8962849378585815,2.0951809883117676,0.028365572540616255,0.7537025137444388,2.3376282472349366,0.6036060452461243,0.2579896346474925,-0.0448482520878315,-0.003968246281147003,-0.0003274710034020245,1,0,0.011447344906628132,0.011353090405464172,-9.42545011639595e-05,5.840560834976887e-09,0.28719770908355713,0.0006456136703491544,1.5799660246784697e-08
1,42,29,4,14,0.4,0.5756866455078126,1.4392166137695312,14,ok,,0.8962849378585815,1.3264919519424438,0.044150311689527,0.7040983687439997,1.47998911496855,0.7623992562294006,0.515979269294985,-0.0448482520878315,-0.003968246281147003,-0.002093974268063903,1,0,0.011447344906628132,0.010241873562335968,-0.0012054713442921638,1.6778692213826468e-09,0.5743952989578247,0.0012913465499878596,2.001075571911315e-08
1,42,58,5,8,0.02,0.027716152667999268,1.3858076333999634,8,ok,,1.1306860446929932,31.96605682373047,0.0007414732221876072,0.966407471041815,28.27138176307969,0.885300874710083,0.03133826703428724,-0.04562688246369362,-0.009344580583274364,-0.24670180678367615,1,0,0.008546523749828339,0.0017088870517909527,-0.006837636698037386,1.1757749760789304e-08,0.027679938822984695,3.621384501457242e-05,1.5454499902034513e-08
1,42,58,5,8,0.05,0.06929038166999817,1.3858076333999634,8,ok,,1.1306860446929932,13.348091125488281,0.016846233034950274,0.9238882379119784,11.805302796587345,0.9255656003952026,0.0783456675857181,-0.04562688246369362,-0.009344580583274364,-0.025863248854875565,1,0,0.008546523749828339,0.006754436530172825,-0.0017920872196555138,1.2835275042897415e-08,0.06910491734743118,0.0001854643225669833,2.206966698281576e-08
1,42,58,5,8,0.1,0.13858076333999633,1.3858076333999634,8,ok,,1.1306860446929932,7.232595443725586,0.009520589574663474,0.8740796299233136,6.396643416327829,1.0023291110992432,0.1566913351714362,-0.04562688246369362,-0.009344580583274364,-0.02275158278644085,1,0,0.008546523749828339,0.005393578205257654,-0.0031529455445706844,1.383483259074017e-08,0.1382092833518982,0.000371479988098139,2.3914548563652716e-08
1,42,58,5,8,0.2,0.27716152667999266,1.3858076333999634,8,ok,,1.1306860446929932,3.753049612045288,0.016589479505454557,0.7991239644534318,3.3192676514027433,1.0386548042297363,0.3133826703428724,-0.04562688246369362,-0.009344580583274364,-0.007108486257493496,1,0,0.008546523749828339,0.006576302461326122,-0.0019702212885022163,2.2384991571738205e-08,0.27641814947128296,0.0007433772087097057,2.4819602373327143e-08
1,42,58,5,8,0.4,0.5543230533599853,1.3858076333999634,8,ok,,1.1306860446929932,2.179896593093872,0.04296011804942958,0.7290800030821118,1.927941538965253,1.2092807292938232,0.6267653406857449,-0.04562688246369362,-0.009344580583274364,-0.005441029090434313,1,0,0.008546523749828339,0.005530424881726503,-0.0030160988681018353,1.1009271783275765e-08,0.5528361201286316,0.0014869332313537376,2.8798249118722197e-08
1,43,24,3,32,0.02,0.03360681056976318,1.6803405284881592,32,ok,,1.2801350355148315,20.8802490234375,0.0022951553162609373,0.9438582660539657,16.31097379896628,0.7020907402038574,0.04302125564226401,-0.0432584173977375,0.0025835237465798855,0.030586471781134605,1,0,0.017188236117362976,0.01821615919470787,0.0010279230773448944,9.31419889675135e-09,0.033533744513988495,7.306605577468706e-05,1.484416589647708e-08
1,43,24,3,32,0.05,0.08401702642440796,1.6803405284881592,32,ok,,1.2801350355148315,9.138720512390137,0.0039246751954865105,0.8851587868812651,7.138872274289158,0.7675597071647644,0.10755313910566003,-0.0432584173977375,0.0025835237465798855,-0.003071485087275505,0,0,0.017188236117362976,0.01693018153309822,-0.00025805458426475525,2.4594750458787305e-09,0.08396914601325989,4.7880411148074065e-05,2.170578028426462e-08
1,43,24,3,32,0.1,0.16803405284881592,1.6803405284881592,32,ok,,1.2801350355148315,5.186439514160156,0.004537588637257188,0.8252562758177693,4.05147845365413,0.8711561560630798,0.21510627821132006,-0.0432584173977375,0.0025835237465798855,0.002648793626576662,1,0,0.017188236117362976,0.017633328214287758,0.0004450920969247818,4.568690992201325e-09,0.16793842613697052,9.56267118454035e-05,2.4630361750155316e-08
1,43,24,3,32,0.2,0.33606810569763185,1.6803405284881592,32,ok,,1.2801350355148315,2.9769558906555176,0.006966625366271241,0.7591315039674853,2.325501457317704,1.002132534980774,0.4302125564226401,-0.0432584173977375,0.0025835237465798855,0.005539195146411657,1,0,0.017188236117362976,0.019049791619181633,0.001861555501818657,8.681874574725107e-09,0.33587685227394104,0.000191253423690807,2.831383305590407e-08
1,43,24,3,32,0.4,0.6721362113952637,1.6803405284881592,32,ok,,1.2801350355148315,1.768406629562378,0.012838528067651237,0.7105108152843592,1.3814219441699733,1.1880691051483154,0.8604251128452802,-0.0432584173977375,0.0025835237465798855,0.0048941983841359615,1,0,0.017188236117362976,0.02047780342400074,0.003289567306637764,6.530922027139785e-10,0.6717538833618164,0.00038232803344728783,3.3747621586144305e-08
1,45,42,4,5,0.02,0.040985240936279296,2.049262046813965,5,ok,,0.9487285017967224,20.78508186340332,0.00914202513145884,0.9569472036926482,21.908356104004653,0.8514201641082764,0.03888386622925395,0.009950537234544754,-0.006354617420583963,0.09138906002044678,0,0,-0.038763128221035004,-0.03501751273870468,0.0037456154823303223,1.2838452221469732e-08,0.0409504696726799,3.47712635993952e-05,2.4216422644940394e-08
1,45,42,4,5,0.05,0.10246310234069825,2.049262046813965,5,ok,,0.9487285017967224,9.149145126342773,0.014141317067799,0.9095479932210452,9.643586240959644,0.9384657740592957,0.09720966557313489,0.009950537234544754,-0.006354617420583963,0.04167897626757622,0,0,-0.038763128221035004,-0.03449256718158722,0.004270561039447784,3.828687589191304e-09,0.10222871601581573,0.00023438632488251288,2.0791084409665928e-08
1,45,42,4,5,0.1,0.2049262046813965,2.049262046813965,5,ok,,0.9487285017967224,4.736443996429443,0.0202626222482284,0.8463198477747315,4.992412463053942,0.971642792224884,0.19441933114626977,0.009950537234544754,-0.006354617420583963,0.014967009425163269,0,0,-0.038763128221035004,-0.03569599613547325,0.0030671320855617523,3.513676463499926e-10,0.2044571191072464,0.00046908557415009655,2.141291410850954e-08
1,45,42,4,5,0.2,0.409852409362793,2.049262046813965,5,ok,,0.9487285017967224,3.0118303298950195,0.02873388405693757,0.7905811943688411,3.174596656670455,1.2357085943222046,0.38883866229253955,0.009950537234544754,-0.006354617420583963,-0.001138837542384863,1,0,-0.038763128221035004,-0.03922989219427109,-0.000466763973236084,8.66261684606684e-09,0.40891408920288086,0.0009383201599121316,2.7438245453481613e-08
1,45,42,4,5,0.4,0.819704818725586,2.049262046813965,5,ok,,0.9487285017967224,1.6504040956497192,0.04175675372440167,0.7195730773108006,1.7395957774246362,1.3544774055480957,0.7776773245850791,0.009950537234544754,-0.006354617420583963,0.00675984239205718,0,0,-0.038763128221035004,-0.03322205692529678,0.00554107129573822,4.0868565424206915e-09,0.8178281188011169,0.0018766999244690385,3.008570814699851e-08
1,49,45,10,9,0.02,0.02584789037704468,1.2923945188522339,9,ok,,0.9295249581336975,11.653286933898926,0.004753416474744612,0.9286652950587211,12.53681983675176,0.30143094062805176,0.024026259220566858,0.0409444123506546,-0.024441761896014214,-0.021776216104626656,1,0,-0.04876696318387985,-0.049329809844493866,-0.0005628466606140137,2.258608521098302e-08,0.02579394541680813,5.394496023655021e-05,6.5451506436886575e-09
1,49,45,10,9,0.05,0.0646197259426117,1.2923945188522339,9,ok,,0.9295249581336975,5.7009687423706055,0.012864343749217811,0.8687995659881076,6.133206744454599,0.3680790364742279,0.06006564805141715,0.0409444123506546,-0.024441761896014214,-0.02068539522588253,1,0,-0.04876696318387985,-0.05010363459587097,-0.0013366714119911194,1.3158520018171846e-08,0.06446722149848938,0.00015250444412232,5.6211395538241504e-09
1,49,45,10,9,0.1,0.1292394518852234,1.2923945188522339,9,ok,,0.9295249581336975,3.435961961746216,0.02175172907775487,0.810855579144404,3.6964709034185077,0.4441699683666229,0.1201312961028343,0.0409444123506546,-0.024441761896014214,-0.028650976717472076,1,0,-0.04876696318387985,-0.05246978998184204,-0.0037028267979621887,9.728980199588677e-09,0.1289338767528534,0.0003055751323700062,6.7698873174038e-09
1,49,45,10,9,0.2,0.2584789037704468,1.2923945188522339,9,ok,,0.9295249581336975,2.1599767208099365,0.042413451279919516,0.7493167366720205,2.3237425761481645,0.5584341287612915,0.2402625922056686,0.0409444123506546,-0.024441761896014214,-0.026804927736520767,1,0,-0.04876696318387985,-0.05569544807076454,-0.006928484886884689,2.3450097242500023e-08,0.25786879658699036,0.0006101071834564431,8.526557238042187e-09
1,49,45,10,9,0.4,0.5169578075408936,1.2923945188522339,9,ok,,0.9295249581336975,1.4280555248260498,0.06406819053866071,0.7009185021339059,1.5363283280653022,0.7376331686973572,0.4805251844113372,0.0409444123506546,-0.024441761896014214,-0.028124159201979637,1,0,-0.04876696318387985,-0.06330595165491104,-0.014538988471031189,1.520895525145005e-08,0.5157376527786255,0.0012201547622681108,1.1270829602949561e-08
1,50,38,5,12,0.02,0.05253258228302002,2.626629114151001,12,ok,,0.42828261852264404,5.951424598693848,0.010128453309374818,0.9345466306571848,13.896021788624816,0.3129105567932129,0.022498791897928073,-0.008474551141262054,0.006504110060632229,0.01754584349691868,1,0,-0.038975559175014496,-0.03805384039878845,0.0009217187762260437,9.691000828421573e-09,0.05242767557501793,0.00010490670800208934,6.541916786062529e-09
1,50,38,5,12,0.05,0.13133145570755006,2.626629114151001,12,ok,,0.42828261852264404,3.054755687713623,0.019644810018312697,0.8830870232272996,7.132569839616268,0.401290625333786,0.05624697974482019,-0.008474551141262054,0.006504110060632229,0.021039610728621483,1,0,-0.038975559175014496,-0.03621240705251694,0.0027631521224975586,1.0582012488925124e-08,0.13096201419830322,0.0003694415092468373,7.255066769573659e-09
1,50,38,5,12,0.1,0.2626629114151001,2.626629114151001,12,ok,,0.42828261852264404,1.9190690517425537,0.027792783521236944,0.832636137104425,4.480847386143943,0.5037577748298645,0.11249395948964037,-0.008474551141262054,0.006504110060632229,0.009263573214411736,1,0,-0.038975559175014496,-0.0365423858165741,0.002433173358440399,2.375216392493107e-08,0.2619238495826721,0.0007390618324280007,9.12069086922429e-09
1,50,38,5,12,0.2,0.5253258228302002,2.626629114151001,12,ok,,0.42828261852264404,1.1745655536651611,0.04298899866470145,0.7691751951274666,2.742501102926075,0.6172703504562378,0.22498791897928075,-0.008474551141262054,0.006504110060632229,0.00758832972496748,1,0,-0.038975559175014496,-0.03498923406004906,0.003986325114965439,2.044170996969713e-08,0.5238476395606995,0.0014781832695007768,1.1169455582660248e-08
1,50,38,5,12,0.4,1.0506516456604005,2.626629114151001,12,ok,,0.42828261852264404,0.7569658160209656,0.05071558688419135,0.7179747881442674,1.7674446341771772,0.7955502271652222,0.4499758379585615,-0.008474551141262054,0.006504110060632229,0.011707772500813007,1,0,-0.038975559175014496,-0.026674780994653702,0.012300778180360794,1.2264635975214877e-08,1.047695279121399,0.0029563665390015537,1.4392759872805527e-08
1,51,58,6,9,0.02,0.027078492641448976,1.3539246320724487,9,ok,,1.111342430114746,23.341611862182617,0.0058959683034919014,0.9553530370232872,21.00307810595479,0.6327357292175293,0.030093477815992177,-0.03949306532740593,-0.01763065904378891,-0.028858086094260216,1,0,-0.0028414884582161903,-0.0036229202523827553,-0.0007814317941665649,1.6777831613173227e-09,0.02703629806637764,4.219457507133664e-05,1.2040531238710628e-08
1,51,58,6,9,0.05,0.06769623160362244,1.3539246320724487,9,ok,,1.111342430114746,8.78312873840332,0.015035001118952654,0.8930665280013131,7.903170526377328,0.5948670506477356,0.07523369453998044,-0.03949306532740593,-0.01763065904378891,-0.018861297518014908,1,0,-0.0028414884582161903,-0.004118307959288359,-0.0012768195010721684,1.92640521978326e-08,0.06749766319990158,0.0001985684037208585,1.3019457512086774e-08
1,51,58,6,9,0.1,0.13539246320724488,1.3539246320724487,9,ok,,1.111342430114746,4.829391956329346,0.016217890619229725,0.8312648998206509,4.345548073626924,0.6542109847068787,0.15046738907996088,-0.03949306532740593,-0.01763065904378891,0.0021753571927547455,0,0,-0.0028414884582161903,-0.0025469576939940453,0.0002945307642221451,3.795539482698545e-09,0.13499484956264496,0.0003976136445999201,1.4279009974416113e-08
1,51,58,6,9,0.2,0.27078492641448976,1.3539246320724487,9,ok,,1.111342430114746,2.8271372318267822,0.02315607776827562,0.7637479121995695,2.543893902739173,0.7642015814781189,0.30093477815992176,-0.03949306532740593,-0.01763065904378891,0.0036471369676291943,0,0,-0.0028414884582161903,-0.0018539121374487877,0.0009875763207674026,1.3394635633946425e-08,0.26998960971832275,0.0007953166961670033,1.6707621952605223e-08
1,51,58,6,9,0.4,0.5415698528289795,1.3539246320724487,9,ok,,1.111342430114746,1.6361186504364014,0.0336373485537294,0.7095779762151665,1.4722002922771515,0.8866016864776611,0.6018695563198435,-0.03949306532740593,-0.01763065904378891,-0.008372096344828606,1,0,-0.0028414884582161903,-0.007375569082796574,-0.004534080624580383,5.639241518196059e-09,0.5399793386459351,0.0015905141830444558,1.935381455098195e-08
1,51,29,5,9,0.02,0.03753067970275879,1.8765339851379395,9,ok,,0.656082808971405,7.308265209197998,0.008875308560419948,0.9205439019953306,11.139242042699804,0.27399978041648865,0.024623233761992085,0.0015530160162597895,-0.01841997541487217,0.021595314145088196,0,0,-0.02452041581273079,-0.023709943518042564,0.0008104722946882248,1.4523571536606897e-08,0.03746229037642479,6.838932633400352e-05,7.608667473846253e-09
1,51,29,5,9,0.05,0.09382669925689698,1.8765339851379395,9,ok,,0.656082808971405,3.669114351272583,0.018146494249638684,0.8589751001334517,5.5924561672624264,0.3443884551525116,0.06155808440498021,0.0015530160162597895,-0.01841997541487217,-0.007010036148130894,1,0,-0.02452041581273079,-0.025178147479891777,-0.0006577316671609879,3.1137103339478125e-09,0.09354996681213379,0.00027673244476318637,8.894874170550793e-09
1,51,29,5,9,0.1,0.18765339851379395,1.8765339851379395,9,ok,,0.656082808971405,2.2914040088653564,0.030185706737461588,0.8020983679009775,3.4925530398430746,0.43018612265586853,0.12311616880996042,0.0015530160162597895,-0.01841997541487217,0.001240891171619296,0,0,-0.02452041581273079,-0.024287564679980278,0.00023285113275051117,6.312789613288237e-09,0.18710027635097504,0.0005531221628189142,1.1086390472314633e-08
1,51,29,5,9,0.2,0.3753067970275879,1.8765339851379395,9,ok,,0.656082808971405,1.433743953704834,0.04988101436442771,0.7393862351765746,2.18530943670121,0.5377838015556335,0.24623233761992083,0.0015530160162597895,-0.01841997541487217,0.004013442434370518,0,0,-0.02452041581273079,-0.02301415428519249,0.0015062615275382996,1.069755990452774e-08,0.3742004930973053,0.0011063039302826039,1.3905692597404595e-08
1,51,29,5,9,0.4,0.7506135940551758,1.8765339851379395,9,ok,,0.656082808971405,0.9252268671989441,0.05619139043504905,0.6968088246143139,1.4102287920759395,0.6948337554931641,0.49246467523984166,0.0015530160162597895,-0.01841997541487217,0.003714890219271183,0,0,-0.02452041581273079,-0.02173198014497757,0.0027884356677532196,1.1431254343281794e-08,0.7484010457992554,0.0022125482559204324,1.7999797208290147e-08
1,51,30,6,17,0.02,0.03206406116485596,1.6032030582427979,17,ok,,0.7424010634422302,7.67078971862793,0.002475437430776226,0.915772569447841,10.332406695447169,0.24599190056324005,0.02380439310706578,-0.027672965079545975,0.004674862138926983,0.029581256210803986,1,0,-0.006694920361042023,-0.005746426992118359,0.0009484933689236641,1.8395528301583947e-09,0.031987834721803665,7.622644305229492e-05,3.334200915361407e-09
1,51,30,6,17,0.05,0.0801601529121399,1.6032030582427979,17,ok,,0.7424010634422302,3.8428125381469727,0.006729309919264176,0.852507995262187,5.176194818908451,0.30783918499946594,0.05951098276766445,-0.027672965079545975,0.004674862138926983,-0.007292560301721096,0,0,-0.006694920361042023,-0.00727949570864439,-0.0005845753476023674,2.598695403180709e-09,0.0800754502415657,8.470267057419933e-05,8.79631478767351e-09
1,51,30,6,17,0.1,0.1603203058242798,1.6032030582427979,17,ok,,0.7424010634422302,2.286003589630127,0.013715086238959751,0.79048060727338,3.0792030106041635,0.3663361072540283,0.1190219655353289,-0.027672965079545975,0.004674862138926983,0.004588906653225422,1,0,-0.006694920361042023,-0.005959225352853537,0.0007356950081884861,9.014431410526991e-11,0.16015125811100006,0.00016904771327974633,1.0459506150084508e-08
1,51,30,6,17,0.2,0.3206406116485596,1.6032030582427979,17,ok,,0.7424010634422302,1.4429593086242676,0.028012510262433326,0.7337788298100438,1.9436385259631401,0.46316635608673096,0.2380439310706578,-0.027672965079545975,0.004674862138926983,0.0034062499180436134,1,0,-0.006694920361042023,-0.005602736491709948,0.0010921838693320751,1.8121827148696174e-09,0.32030266523361206,0.0003379464149475542,1.319886777650936e-08
1,51,30,6,17,0.4,0.6412812232971192,1.6032030582427979,17,ok,,0.7424010634422302,0.9266788959503174,0.0387672918343271,0.6973590764968182,1.2482187076247075,0.5937739610671997,0.4760878621413156,-0.027672965079545975,0.004674862138926983,0.006832983810454607,1,0,-0.006694920361042023,-0.002313055330887437,0.004381865030154586,8.134168442974765e-10,0.6406053304672241,0.0006758928298951083,1.696053786304219e-08
1,52,86,4,26,0.02,0.036802861690521244,1.840143084526062,26,ok,,1.446967601776123,20.886478424072266,0.002898891086165644,0.9372553717622866,14.434655204733062,0.7677281498908997,0.05325254851883188,0.018287992104887962,0.008491612039506435,0.10065828263759613,1,1,-0.058093950152397156,-0.054389432072639465,0.0037045180797576904,5.225840844259866e-09,0.03672642260789871,7.643908262253141e-05,2.0819644674929805e-08
1,52,86,4,26,0.05,0.09200715422630311,1.840143084526062,26,ok,,1.446967601776123,10.073541641235352,0.0026455225292259326,0.8830416097773682,6.961829434787153,0.9271062016487122,0.1331313712970797,0.018287992104887962,0.008491612039506435,0.004478178918361664,1,1,-0.058093950152397156,-0.057681918144226074,0.00041203200817108154,7.509776400727291e-09,0.09176850318908691,0.00023865103721619485,2.4422266875490095e-08
1,52,86,4,26,0.1,0.18401430845260622,1.840143084526062,26,ok,,1.446967601776123,5.735764026641846,0.007526065934503519,0.8214335788751372,3.9639892555972565,1.054903507232666,0.2662627425941594,0.018287992104887962,0.008491612039506435,0.021882258355617523,1,1,-0.058093950152397156,-0.05406729876995087,0.004026651382446289,2.743756066098113e-09,0.18353666365146637,0.0004776448011398482,2.7914945022189386e-08
1,52,86,4,26,0.2,0.36802861690521244,1.840143084526062,26,ok,,1.446967601776123,3.069551467895508,0.008584489941848473,0.7490924929264892,2.121368484080483,1.1299924850463867,0.5325254851883188,0.018287992104887962,0.008491612039506435,0.01229456439614296,1,1,-0.058093950152397156,-0.05356920510530472,0.004524745047092438,6.483072124280342e-09,0.3670731484889984,0.0009554684162140226,2.9943564072709705e-08
1,52,86,4,26,0.4,0.7360572338104249,1.840143084526062,26,ok,,1.446967601776123,1.536480188369751,0.014340498239738337,0.7018219621754557,1.0618621913045538,1.131274938583374,1.0650509703766375,0.018287992104887962,0.008491612039506435,0.014601292088627815,1,1,-0.058093950152397156,-0.047346558421850204,0.010747391730546951,5.065733520159821e-09,0.734146237373352,0.0019109964370728205,3.001452242301639e-08
1,53,42,5,8,0.02,0.02038136720657349,1.0190683603286743,8,ok,,1.7166727781295776,24.401933670043945,0.00029511722925788656,0.936538793870131,14.214668037444598,0.4981798827648163,0.03498813826458758,0.003957401029765606,0.006972813047468662,0.033889755606651306,1,1,-0.03512198477983475,-0.03443127125501633,0.0006907135248184204,6.028741772511406e-09,0.020363863557577133,1.750364899635523e-05,1.4204712073251358e-08
1,53,42,5,8,0.05,0.050953418016433716,1.0190683603286743,8,ok,,1.7166727781295776,11.086099624633789,0.006552966823527707,0.8753435545142995,6.45789912082507,0.5641400218009949,0.08747034566146894,0.003957401029765606,0.006972813047468662,0.04218381270766258,1,1,-0.03512198477983475,-0.032972563058137894,0.0021494217216968536,1.2279276373483583e-08,0.050839561969041824,0.00011385604739189148,1.2621514500210651e-08
1,53,42,5,8,0.1,0.10190683603286743,1.0190683603286743,8,ok,,1.7166727781295776,6.24944543838501,0.007276810829994955,0.8119541768445091,3.6404406931823843,0.6374873518943787,0.17494069132293788,0.003957401029765606,0.006972813047468662,0.024728523567318916,1,1,-0.03512198477983475,-0.0326019711792469,0.002520013600587845,8.004078178025509e-09,0.10167932510375977,0.00022751092910766602,1.4278882076723676e-08
1,53,42,5,8,0.2,0.20381367206573486,1.0190683603286743,8,ok,,1.7166727781295776,3.859863519668579,0.017802356091859515,0.7508937966402096,2.2484561815396717,0.7855314612388611,0.34988138264587576,0.003957401029765606,0.006972813047468662,0.02294289320707321,1,1,-0.03512198477983475,-0.030445924028754234,0.004676060751080513,1.4561265082591035e-08,0.20335862040519714,0.0004550516605377197,1.7649826489218867e-08
1,53,42,5,8,0.4,0.4076273441314697,1.0190683603286743,8,ok,,1.7166727781295776,2.2852838039398193,0.04065298665913084,0.7011284940844985,1.3312285445735603,0.9325692653656006,0.6997627652917515,0.003957401029765606,0.006972813047468662,0.018177706748247147,1,1,-0.03512198477983475,-0.027712255716323853,0.007409729063510895,1.2606777843870987e-09,0.4067169725894928,0.0009103715419769287,2.088206763062317e-08
1,54,40,6,15,0.02,0.02657036781311035,1.3285183906555176,15,ok,,1.2743955850601196,23.37128257751465,0.002451618915211097,0.949549922463333,18.33911138070505,0.6215976476669312,0.03386115943445134,0.038470204919576645,0.008064097724854946,-0.0368041954934597,0,1,-0.09231805056333542,-0.09329599142074585,-0.000977940857410431,3.984608358824533e-08,0.026523081585764885,4.728622734546592e-05,1.2532647808427555e-08
1,54,40,6,15,0.05,0.06642591953277588,1.3285183906555176,15,ok,,1.2743955850601196,10.278936386108398,0.006330036762742535,0.8958061193642944,8.065734460007112,0.6830821633338928,0.08465289858612834,0.038470204919576645,0.008064097724854946,0.03174751251935959,1,1,-0.09231805056333542,-0.09020921587944031,0.002108834683895111,2.3028081663767352e-08,0.06623543798923492,0.0001904815435409546,1.3448767433033026e-08
1,54,40,6,15,0.1,0.13285183906555176,1.3285183906555176,15,ok,,1.2743955850601196,5.747895240783691,0.0062581138575323655,0.8367764610277222,4.510291237793345,0.7634084224700928,0.1693057971722567,0.038470204919576645,0.008064097724854946,-0.0004074788303114474,0,1,-0.09231805056333542,-0.09237220883369446,-5.415827035903931e-05,2.3958371883625595e-08,0.13247057795524597,0.00038126111030578613,1.5089856475469787e-08
1,54,40,6,15,0.2,0.2657036781311035,1.3285183906555176,15,ok,,1.2743955850601196,3.1957428455352783,0.01090106901323367,0.7668382507240824,2.507653732480571,0.8494936227798462,0.3386115943445134,0.038470204919576645,0.008064097724854946,-0.0006816230597905815,0,1,-0.09231805056333542,-0.09249915182590485,-0.0001811012625694275,8.491515907094183e-09,0.2649412751197815,0.0007624030113220215,1.6769256205861893e-08
1,54,40,6,15,0.4,0.531407356262207,1.3285183906555176,15,ok,,1.2743955850601196,1.8766313791275024,0.022006113200580876,0.7113760856330024,1.4725658195351483,0.9977006316184998,0.6772231886890268,0.038470204919576645,0.008064097724854946,0.00476074917241931,1,1,-0.09231805056333542,-0.08978816121816635,0.0025298893451690674,7.786373767970645e-09,0.5298833250999451,0.0015240311622619629,1.9542326867849624e-08
1,54,42,6,1,0.02,0.027138192653656006,1.3569096326828003,1,ok,,1.2213108539581299,27.951435089111328,0.011708557278769714,0.9585499238247599,22.886421584235503,0.757921576499939,0.033144169244716866,-0.21792393922805786,0.07649689167737961,0.09782418608665466,1,0,0.02492230013012886,0.027577050030231476,0.0026547499001026154,2.1708104114195187e-08,0.02709725685417652,4.0935799479484974e-05,1.4348570331890187e-08
1,54,42,6,1,0.05,0.06784548163414002,1.3569096326828003,1,ok,,1.2213108539581299,12.464937210083008,0.023610441860158957,0.9130165108753845,10.206195392168468,0.8461348414421082,0.08286042311179216,-0.21792393922805786,0.07649689167737961,0.07078322768211365,1,0,0.02492230013012886,0.0297246053814888,0.00480230525135994,1.6922352053493073e-08,0.0676521435379982,0.00019333809614181796,1.8615976316027627e-08
1,54,42,6,1,0.1,0.13569096326828003,1.3569096326828003,1,ok,,1.2213108539581299,6.9041242599487305,0.02373816041963764,0.8593464100998501,5.653044216849128,0.9373236298561096,0.16572084622358432,-0.21792393922805786,0.07649689167737961,0.04663010314106941,1,0,0.02492230013012886,0.031249573454260826,0.006327273324131966,1.0288378993368597e-08,0.13530415296554565,0.00038681030273438055,2.0700875680290665e-08
1,54,42,6,1,0.2,0.27138192653656007,1.3569096326828003,1,ok,,1.2213108539581299,3.676802635192871,0.03300337916095545,0.7832408667427619,3.0105379177412206,0.998323380947113,0.33144169244716865,-0.21792393922805786,0.07649689167737961,0.022754210978746414,1,0,0.02492230013012886,0.03109738603234291,0.00617508590221405,4.2899825020495386e-09,0.2706082761287689,0.0007736504077911488,2.2026078738690558e-08
1,54,42,6,1,0.4,0.5427638530731201,1.3569096326828003,1,ok,,1.2213108539581299,2.088193893432617,0.042496229228269074,0.7174194581121232,1.709797212284905,1.133835792541504,0.6628833848943373,-0.21792393922805786,0.07649689167737961,0.006667484529316425,1,0,0.02492230013012886,0.028541164472699165,0.003618864342570305,5.250866897104495e-09,0.5412165522575378,0.0015473008155822976,2.5074811560443777e-08
1,55,58,7,4,0.02,0.028634903430938722,1.431745171546936,4,ok,,1.0123376846313477,10.070097923278809,0.004678692533292567,0.9128213124492756,9.947370404309291,0.2881894111633301,0.02898819183891874,0.015101827681064606,-0.017703885212540627,-0.03390151634812355,1,0,-0.08448188006877899,-0.085452601313591,-0.0009707212448120117,4.54019788965164e-08,0.0286092571914196,2.5646239519120512e-05,4.3149865902591955e-09
1,55,58,7,4,0.05,0.07158725857734681,1.431745171546936,4,ok,,1.0123376846313477,4.7567291259765625,0.012450916772696516,0.8409031285410669,4.6987573397547395,0.3408133089542389,0.07247047959729686,0.015101827681064606,-0.017703885212540627,-0.00475844694301486,1,0,-0.08448188006877899,-0.08482252061367035,-0.0003406405448913574,3.626844832815314e-09,0.07141970098018646,0.00016755759716034768,8.824523334283185e-09
1,55,58,7,4,0.1,0.14317451715469362,1.431745171546936,4,ok,,1.0123376846313477,2.8466646671295166,0.016806462106335417,0.7779572488994377,2.8119714501820057,0.40738585591316223,0.1449409591945937,0.015101827681064606,-0.017703885212540627,-0.0072884708642959595,1,0,-0.08448188006877899,-0.08552542328834534,-0.0010435432195663452,1.992277471880681e-08,0.14283901453018188,0.0003355026245117354,1.0552331453084207e-08
1,55,58,7,4,0.2,0.28634903430938724,1.431745171546936,4,ok,,1.0123376846313477,1.771114706993103,0.030527715767020857,0.7230645247426971,1.7495295629899636,0.5068551301956177,0.2898819183891874,0.015101827681064606,-0.017703885212540627,-0.0017541676061227918,1,0,-0.08448188006877899,-0.084984190762043,-0.0005023106932640076,6.493233936535718e-09,0.28567859530448914,0.0006704390048981046,1.3129070275397225e-08
1,55,58,7,4,0.4,0.5726980686187745,1.431745171546936,4,ok,,1.0123376846313477,1.2046130895614624,0.046284246295862225,0.6929569405084143,1.1899320827900857,0.6906030178070068,0.5797638367783748,0.015101827681064606,-0.017703885212540627,-0.006460890639573336,1,0,-0.08448188006877899,-0.08818201720714569,-0.0037001371383666992,2.4524740688779134e-09,0.5713578462600708,0.00134022235870368,1.782909997416482e-08
1,55,86,5,3,0.02,0.05320144653320313,2.6600723266601562,3,ok,,0.7356699109077454,21.0883731842041,0.00044449381181639884,0.9668707283256813,28.66553718114477,1.1207133531570435,0.039138703431244724,0.014138267375528812,-0.002354259369894862,-0.014200348407030106,1,0,-0.06902052462100983,-0.0697760060429573,-0.0007554814219474792,2.3454180108489764e-09,0.05310407653450966,9.736999869346813e-05,2.2570139535105227e-08
1,55,86,5,3,0.05,0.1330036163330078,2.6600723266601562,3,ok,,0.7356699109077454,9.426872253417969,0.006284517033669376,0.9299678153848108,12.813997301824276,1.254341721534729,0.0978467585781118,0.014138267375528812,-0.002354259369894862,0.006995783653110266,0,0,-0.06902052462100983,-0.0680900365114212,0.000930488109588623,2.3584641617490146e-08,0.13259382545948029,0.0004097908735275213,2.4902744755195272e-08
1,55,86,5,3,0.1,0.2660072326660156,2.6600723266601562,3,ok,,0.7356699109077454,5.172985076904297,0.010532167068547024,0.8830376913905801,7.031665968932049,1.3766117095947266,0.1956935171562236,0.014138267375528812,-0.002354259369894862,0.0033973141107708216,0,0,-0.06902052462100983,-0.06811682134866714,0.0009037032723426819,6.852760670006917e-09,0.26518744230270386,0.0008197903633117565,2.7154108295235346e-08
1,55,86,5,3,0.2,0.5320144653320312,2.6600723266601562,3,ok,,0.7356699109077454,2.6451375484466553,0.012378724141857846,0.8096685685466344,3.595549456656745,1.4078278541564941,0.3913870343124472,0.014138267375528812,-0.002354259369894862,0.014965026639401913,0,0,-0.06902052462100983,-0.06105891615152359,0.007961608469486237,2.1767547764284245e-09,0.530372679233551,0.0016417860984802024,2.7954065728863497e-08
1,55,86,5,3,0.4,1.0640289306640625,2.6600723266601562,3,ok,,0.7356699109077454,1.474894404411316,0.02343102576567643,0.7388087210339117,2.004831762915836,1.5697503089904785,0.7827740686248944,0.014138267375528812,-0.002354259369894862,0.00820493046194315,0,0,-0.06902052462100983,-0.06029023975133896,0.008730284869670868,1.48407650578386e-09,1.0607434511184692,0.0032854795455932173,3.109168034143295e-08
1,56,38,6,6,0.02,0.03206549167633057,1.6032745838165283,6,ok,,0.6870919466018677,6.895358562469482,0.022100809776728646,0.9118380195767434,10.03556888792197,0.22113801538944244,0.022031941094635955,-0.04255904629826546,-0.020043613389134407,-0.04380663111805916,1,0,0.025070805102586746,0.023666124790906906,-0.00140468031167984,8.538043696527942e-10,0.03198662027716637,7.887139916420288e-05,2.9939803969369905e-09
1,56,38,6,6,0.05,0.08016372919082643,1.6032745838165283,6,ok,,0.6870919466018677,3.6440906524658203,0.0275354877037317,0.8517420157706017,5.3036433776920235,0.2919440269470215,0.05507985273658989,-0.04255904629826546,-0.020043613389134407,-0.03383835777640343,1,0,0.025070805102586746,0.022358199581503868,-0.002712605521082878,3.427967021785855e-09,0.08007854223251343,8.518695831299938e-05,8.315199195862988e-09
1,56,38,6,6,0.1,0.16032745838165285,1.6032745838165283,6,ok,,0.6870919466018677,2.2426939010620117,0.04654975835565895,0.7898343256296684,3.2640375311490395,0.3596978187561035,0.11015970547317978,-0.04255904629826546,-0.020043613389134407,-0.019979866221547127,1,0,0.025070805102586746,0.021867485716938972,-0.0032033193856477737,1.7844583150537774e-09,0.16015659272670746,0.00017086565494539574,1.0248129456158495e-08
1,56,38,6,6,0.2,0.3206549167633057,1.6032745838165283,6,ok,,0.6870919466018677,1.4577680826187134,0.052839126532683335,0.7354235874163372,2.1216492055047893,0.46806323528289795,0.22031941094635957,-0.04255904629826546,-0.020043613389134407,-0.025048628449440002,1,0,0.025070805102586746,0.017038844525814056,-0.00803196057677269,5.293717466117731e-09,0.32031315565109253,0.0003417611122131792,1.3346166838346107e-08
1,56,38,6,6,0.4,0.6413098335266114,1.6032745838165283,6,ok,,0.6870919466018677,1.0242952108383179,0.07240797602031221,0.6960344398593997,1.490768762321632,0.6577277779579163,0.44063882189271913,-0.04255904629826546,-0.020043613389134407,-0.018729904666543007,1,0,0.025070805102586746,0.013059142045676708,-0.012011663056910038,8.986759959458968e-09,0.640626072883606,0.0006837606430054599,1.881067390741009e-08
1,56,58,8,1,0.02,0.018498300313949584,0.9249150156974792,1,ok,,1.337896704673767,9.105810165405273,0.01921227107457501,0.8787588435108795,6.806063677104899,0.16860851645469666,0.02474881503209886,-0.38346174359321594,0.3213004171848297,0.050865281373262405,1,0,0.028810709714889526,0.029751626774668694,0.0009409170597791672,4.190616986667756e-09,0.01846420206129551,3.409825265407451e-05,4.596869107587054e-09
1,56,58,8,1,0.05,0.04624575078487397,0.9249150156974792,1,ok,,1.337896704673767,4.553168296813965,0.022414078873808203,0.800606825450635,3.4032285757971175,0.21062308549880981,0.06187203758024716,-0.38346174359321594,0.3213004171848297,0.049386583268642426,1,0,0.028810709714889526,0.03109462559223175,0.002283915877342224,3.744615839629262e-09,0.04614410549402237,0.00010164529085159718,5.518666412740458e-09
1,56,58,8,1,0.1,0.09249150156974793,0.9249150156974792,1,ok,,1.337896704673767,2.880283832550049,0.034989580591341836,0.7423836140531781,2.152844702050615,0.26635274291038513,0.12374407516049432,-0.38346174359321594,0.3213004171848297,0.06587228924036026,1,0,0.028810709714889526,0.034903332591056824,0.006092622876167297,4.067510373656491e-09,0.09228835999965668,0.00020314157009125589,7.00555924382229e-09
1,56,58,8,1,0.2,0.18498300313949587,0.9249150156974792,1,ok,,1.337896704673767,2.4279556274414062,0.03476754451659948,0.7256816096377656,1.8147556675772099,0.4492846429347992,0.24748815032098864,-0.38346174359321594,0.3213004171848297,0.08405599743127823,1,0,0.028810709714889526,0.04435964301228523,0.015548933297395706,2.4606721087810923e-09,0.18457722663879395,0.00040577650070192095,1.178222230890924e-08
1,56,58,8,1,0.4,0.36996600627899173,0.9249150156974792,1,ok,,1.337896704673767,1.5575937032699585,0.05002377687096315,0.6922791895336488,1.1642107330315894,0.5764569044113159,0.4949763006419773,-0.38346174359321594,0.3213004171848297,0.0730515718460083,1,0,0.028810709714889526,0.05583730712532997,0.027026597410440445,8.778300794598515e-10,0.36915430426597595,0.0008117020130157804,1.5189909774449006e-08
1,57,38,7,1,0.02,0.023173348903656008,1.1586674451828003,1,ok,,0.9690622091293335,8.44793701171875,0.006574506439102839,0.9021306083008944,8.717641583918736,0.19578124582767487,0.02245641668150171,-0.09415595233440399,0.017767805606126785,-0.026788663119077682,0,0,0.031033281236886978,0.030412498861551285,-0.0006207823753356934,6.617851955456264e-10,0.02311178296804428,6.156593561172652e-05,5.1342436968582206e-09
1,57,38,7,1,0.05,0.05793337225914002,1.1586674451828003,1,ok,,0.9690622091293335,4.429011344909668,0.015022321949926733,0.8369128942433669,4.570409725175849,0.2566078305244446,0.05614104170375427,-0.09415595233440399,0.017767805606126785,0.006907367147505283,1,0,0.031033281236886978,0.031433455646038055,0.00040017440915107727,7.336864099550741e-09,0.057888682931661606,4.468932747841298e-05,3.576772433788733e-09
1,57,38,7,1,0.1,0.11586674451828004,1.1586674451828003,1,ok,,0.9690622091293335,2.778021812438965,0.027414130464929368,0.7768279389765672,2.8667115343730596,0.32173579931259155,0.11228208340750855,-0.09415595233440399,0.017767805606126785,0.0005779423518106341,1,0,0.031033281236886978,0.03110024333000183,6.69620931148529e-05,2.2057086837611126e-09,0.11577659845352173,9.014606475830911e-05,4.479786319677714e-09
1,57,38,7,1,0.2,0.23173348903656008,1.1586674451828003,1,ok,,0.9690622091293335,1.8170371055603027,0.04834542157050671,0.7233993375260731,1.875046914883791,0.42084434628486633,0.2245641668150171,-0.09415595233440399,0.017767805606126785,0.0016877534799277782,1,0,0.031033281236886978,0.0314243920147419,0.00039111077785491943,1.775317659536129e-09,0.23155373334884644,0.0001797556877136397,5.895675947442669e-09
1,57,38,7,1,0.4,0.46346697807312015,1.1586674451828003,1,ok,,0.9690622091293335,1.245794653892517,0.05207620655466762,0.6931461154686921,1.285567265088721,0.577042818069458,0.4491283336300342,-0.09415595233440399,0.017767805606126785,0.006240192800760269,1,0,0.031033281236886978,0.033925414085388184,0.0028921328485012054,9.548539203676348e-09,0.46310755610466003,0.0003594219684601163,8.074253265988318e-09
1,58,42,7,4,0.02,0.009444751143455506,0.47223755717277527,4,ok,,3.288874626159668,104.85286712646484,0.007116677166803966,0.9698477712851646,31.881077585759748,0.9914854764938354,0.03106260238610332,0.027569031342864037,0.04549946263432503,-0.24370968341827393,0,1,-0.1353994607925415,-0.13770118355751038,-0.002301722764968872,5.4546167049720345e-08,0.009430060163140297,1.4690980315208713e-05,2.752950933881948e-08
1,58,42,7,4,0.05,0.023611877858638764,0.47223755717277527,4,ok,,3.288874626159668,46.35245895385742,0.0011200522535177804,0.9359839106170478,14.093714179663902,1.0946303606033325,0.0776565059652583,0.027569031342864037,0.04549946263432503,-0.022255461663007736,0,1,-0.1353994607925415,-0.13592493534088135,-0.0005254745483398438,1.8694134712449184e-08,0.023572802543640137,3.90753149986274e-05,2.8046306610463034e-08
1,58,42,7,4,0.1,0.04722375571727753,0.47223755717277527,4,ok,,3.288874626159668,25.134387969970703,0.00880361413153262,0.8908162545294437,7.64224570010801,1.187423586845398,0.1553130119305166,0.027569031342864037,0.04549946263432503,0.013575599528849125,1,1,-0.1353994607925415,-0.1347583532333374,0.0006411075592041016,1.676333814262191e-08,0.047145962715148926,7.779300212860246e-05,3.045763818931846e-08
1,58,42,7,4,0.2,0.09444751143455506,0.47223755717277527,4,ok,,3.288874626159668,13.152580261230469,0.011092938916703014,0.822511740785902,3.999112692411869,1.2428175210952759,0.3106260238610332,0.027569031342864037,0.04549946263432503,0.007790951989591122,1,1,-0.1353994607925415,-0.1346636563539505,0.0007358044385910034,3.1588531973535464e-08,0.09429176896810532,0.00015574246644974032,3.194593389821421e-08
1,58,42,7,4,0.4,0.1888950228691101,0.47223755717277527,4,ok,,3.288874626159668,7.518611431121826,0.015322235980468358,0.753957577034876,2.286074200371336,1.4195927381515503,0.6212520477220664,0.027569031342864037,0.04549946263432503,0.060133904218673706,1,1,-0.1353994607925415,-0.12404045462608337,0.01135900616645813,1.0953862882717713e-08,0.18858276307582855,0.0003122597932815607,3.6391501367916135e-08
1,62,30,7,11,0.02,0.04034420967102051,2.0172104835510254,11,ok,,0.55824875831604,8.467855453491211,0.004604352528423834,0.9398762884418395,15.16860597956253,0.3421657979488373,0.022522104954089173,-0.018167980015277863,0.0043624527752399445,0.028467174619436264,1,0,0.0010569868609309196,0.002205474069342017,0.0011484872084110975,1.546823007354814e-09,0.040304213762283325,3.999590873718373e-05,9.744407947209766e-09
1,62,30,7,11,0.05,0.10086052417755127,2.0172104835510254,11,ok,,0.55824875831604,4.269852638244629,0.015100622901125474,0.8901300089748916,7.648655862875558,0.4310145080089569,0.05630526238522293,-0.018167980015277863,0.0043624527752399445,-0.009641514159739017,0,0,0.0010569868609309196,8.453661575913429e-05,-0.0009724502451717854,2.0731552252900923e-09,0.10061102360486984,0.0002495005726814298,9.869656203420618e-09
1,62,30,7,11,0.1,0.20172104835510254,2.0172104835510254,11,ok,,0.55824875831604,2.533623695373535,0.017839770899626965,0.836050777232407,4.538520968701631,0.5106617212295532,0.11261052477044586,-0.018167980015277863,0.0043624527752399445,0.0007926466641947627,1,0,0.0010569868609309196,0.0012168834218755364,0.0001598965609446168,3.044868074336812e-09,0.20122186839580536,0.0004991799592971857,1.1682127265544295e-08
1,62,30,7,11,0.2,0.4034420967102051,2.0172104835510254,11,ok,,0.55824875831604,1.6526521444320679,0.02666009636686881,0.7828698224194485,2.960422427833678,0.6674385070800781,0.22522104954089173,-0.018167980015277863,0.0043624527752399445,0.005775012541562319,1,0,0.0010569868609309196,0.00338687002658844,0.0023298831656575203,2.638111951114297e-12,0.4024432599544525,0.0009988367557525746,1.531859439296568e-08
1,62,30,7,11,0.4,0.8068841934204102,2.0172104835510254,11,ok,,0.55824875831604,0.996988832950592,0.03624131847359983,0.7221767494840725,1.7859221683828328,0.8030425906181335,0.45044209908178345,-0.018167980015277863,0.0043624527752399445,0.005250559188425541,1,0,0.0010569868609309196,0.005293580703437328,0.004236593842506409,6.267475427534919e-10,0.8048864603042603,0.0019977331161499245,1.8496555398428427e-08
1,63,42,8,5,0.02,0.019291086196899416,0.9645543098449707,5,ok,,2.0519821643829346,18.17314338684082,-0.001865070566035238,0.9044515625750132,8.85638467149978,0.35101407766342163,0.039584964807611416,-0.024425994604825974,0.037038035690784454,-0.059163808822631836,0,0,-0.04358694329857826,-0.044728271663188934,-0.001141328364610672,5.771123596804567e-09,0.019263893365859985,2.7192831039430515e-05,9.879251194888639e-09
1,63,42,8,5,0.05,0.04822771549224854,0.9645543098449707,5,ok,,2.0519821643829346,8.823153495788574,0.008586510586346904,0.8314269256169952,4.29981977861759,0.4257499873638153,0.09896241201902854,-0.024425994604825974,0.037038035690784454,0.04243550822138786,1,0,-0.04358694329857826,-0.04154038056731224,0.0020465627312660217,4.8860040458009735e-09,0.048101164400577545,0.00012655109167099277,1.056511678143579e-08
1,63,42,8,5,0.1,0.09645543098449708,0.9645543098449707,5,ok,,2.0519821643829346,5.535494327545166,0.015755182463785045,0.7727355640205047,2.697632768756099,0.5329919457435608,0.19792482403805708,-0.024425994604825974,0.037038035690784454,0.0017285356298089027,1,0,-0.04358694329857826,-0.0434202142059803,0.00016672909259796143,2.4434526846252216e-09,0.0962020680308342,0.00025336295366287787,1.3246142849254738e-08
1,63,42,8,5,0.2,0.19291086196899415,0.9645543098449707,5,ok,,2.0519821643829346,3.359673023223877,0.0363279816416035,0.7165842362234115,1.6372817861370397,0.6485487818717957,0.39584964807611417,-0.024425994604825974,0.037038035690784454,0.017226917669177055,1,0,-0.04358694329857826,-0.04026369750499725,0.003323245793581009,1.3743048832629001e-08,0.19240416586399078,0.000506696105003368,1.6158308469016447e-08
1,63,42,8,5,0.4,0.3858217239379883,0.9645543098449707,5,ok,,2.0519821643829346,2.4637866020202637,0.05517036468071221,0.6903013736642374,1.2006861681275698,0.9512726664543152,0.7916992961522283,-0.024425994604825974,0.037038035690784454,0.014824983663856983,1,0,-0.04358694329857826,-0.037867143750190735,0.0057197995483875275,1.2061542875585474e-09,0.38480842113494873,0.001013302803039573,2.3562568784996074e-08
1,64,29,6,13,0.02,0.028634903430938722,1.431745171546936,13,ok,,0.7778704762458801,8.515120506286621,-0.0025520821871937906,0.920285319815754,10.946707409916014,0.24420127272605896,0.02227424596907909,-0.05066024512052536,0.011225718073546886,0.016005802899599075,1,0,-0.026620304211974144,-0.026161950081586838,0.0004583541303873062,2.9510022647727396e-08,0.028609253466129303,2.5649964809418974e-05,3.63761709643029e-09
1,64,29,6,13,0.05,0.07158725857734681,1.431745171546936,13,ok,,0.7778704762458801,4.359848976135254,0.007001450063802039,0.8609008595914529,5.604852104904323,0.3123786151409149,0.05568561492269773,-0.05066024512052536,0.011225718073546886,0.0053405845537781715,1,0,-0.026620304211974144,-0.02623799443244934,0.00038230977952480316,8.027880699123299e-09,0.07141970098018646,0.00016755759716034768,8.075177859723226e-09
1,64,29,6,13,0.1,0.14317451715469362,1.431745171546936,13,ok,,0.7778704762458801,2.7509970664978027,0.012836550886858972,0.8066601206630857,3.5365747261304885,0.39328858256340027,0.11137122984539546,-0.05066024512052536,0.011225718073546886,0.004826672840863466,1,0,-0.026620304211974144,-0.025929216295480728,0.0006910879164934158,3.1363039115642546e-08,0.14283901453018188,0.0003355026245117354,1.0197513056198204e-08
1,64,29,6,13,0.2,0.28634903430938724,1.431745171546936,13,ok,,0.7778704762458801,1.8068174123764038,0.022825383224991194,0.7552548300175196,2.3227741218487346,0.516673743724823,0.22274245969079093,-0.05066024512052536,0.011225718073546886,0.009884942322969437,1,0,-0.026620304211974144,-0.02378976158797741,0.0028305426239967346,1.0643895547932103e-09,0.2856786251068115,0.0006704092025757169,1.3361287187763082e-08
1,64,29,6,13,0.4,0.5726980686187745,1.431745171546936,13,ok,,0.7778704762458801,1.1941969394683838,0.03993185398906643,0.7105361602092716,1.5352130925835141,0.6846917867660522,0.44548491938158186,-0.05066024512052536,0.011225718073546886,0.013322928920388222,1,0,-0.026620304211974144,-0.018990298733115196,0.007630005478858948,1.0182192601224105e-08,0.5713579058647156,0.0013401627540589045,1.7720880762794877e-08
1,64,58,9,8,0.02,0.00980515718460083,0.4902578592300415,8,ok,,2.0266942977905273,29.864521026611328,0.012972794075156637,0.9377892817730183,14.73558249961746,0.29260462522506714,0.019872056154970324,0.04013928771018982,0.022015422582626343,0.1349029541015625,1,1,-0.1013864278793335,-0.10006368905305862,0.0013227388262748718,5.843357939660718e-09,0.00979368295520544,1.1474229395389002e-05,8.311455523823952e-09
1,64,58,9,8,0.05,0.024512892961502077,0.4902578592300415,8,ok,,2.0266942977905273,14.190722465515137,0.013779989215462337,0.882209870701803,7.001905754103445,0.34808436036109924,0.04968014038742581,0.04013928771018982,0.022015422582626343,0.06801406294107437,1,1,-0.1013864278793335,-0.09971921145915985,0.001667216420173645,5.024577776199454e-09,0.024461720138788223,5.117282271385401e-05,8.436483511786719e-09
1,64,58,9,8,0.1,0.049025785923004155,0.4902578592300415,8,ok,,2.0266942977905273,8.852726936340332,0.027870370421643142,0.8297257163894433,4.3680622903943025,0.4343315362930298,0.09936028077485162,0.04013928771018982,0.022015422582626343,0.07486411184072495,1,1,-0.1013864278793335,-0.09771615266799927,0.0036702752113342285,3.2909150066498527e-09,0.048923853784799576,0.00010193213820457875,1.0499266345220803e-08
1,64,58,9,8,0.2,0.09805157184600831,0.4902578592300415,8,ok,,2.0266942977905273,5.842601299285889,0.03913966866536554,0.7762237406296215,2.8828231794269734,0.5732033252716064,0.19872056154970325,0.04013928771018982,0.022015422582626343,0.046204619109630585,1,1,-0.1013864278793335,-0.09685597568750381,0.004530452191829681,1.666158428934028e-08,0.09784770756959915,0.0002038642764091575,1.3860477210414501e-08
1,64,58,9,8,0.4,0.19610314369201662,0.4902578592300415,8,ok,,2.0266942977905273,4.324241638183594,0.04531453633308252,0.7390450607024444,2.1336427713324526,0.8487136960029602,0.3974411230994065,0.04013928771018982,0.022015422582626343,0.020404960960149765,1,1,-0.1013864278793335,-0.09738494455814362,0.00400148332118988,6.3299916419623514e-09,0.19569584727287292,0.0004072964191436934,2.0542469059137147e-08
1,66,36,7,26,0.02,0.02584789037704468,1.2923945188522339,26,ok,,1.524712085723877,49.40898132324219,0.0020547157365383285,0.9704642567655385,32.40545004255818,1.2785749435424805,0.039410590848345924,-0.01346096396446228,-0.017292305827140808,-0.12157349288463593,1,0,-0.017961686477065086,-0.02110409364104271,-0.003142407163977623,1.1152858867772425e-08,0.02579394541680813,5.394496023655021e-05,2.779681018694191e-08
1,66,36,7,26,0.05,0.0646197259426117,1.2923945188522339,26,ok,,1.524712085723877,19.591459274291992,0.007439361393776286,0.9300794527192686,12.849284437184638,1.2663074731826782,0.0985264771208648,-0.01346096396446228,-0.017292305827140808,-0.07100072503089905,1,0,-0.017961686477065086,-0.022549714893102646,-0.0045880284160375595,1.8977185867879998e-08,0.06446721404790878,0.00015251189470291693,1.9308195930989314e-08
1,66,36,7,26,0.1,0.1292394518852234,1.2923945188522339,26,ok,,1.524712085723877,10.744572639465332,0.008681928200395341,0.8835015023965922,7.046951840981282,1.388942837715149,0.1970529542417296,-0.01346096396446228,-0.017292305827140808,-0.08726092427968979,1,0,-0.017961686477065086,-0.029239222407341003,-0.011277535930275917,1.8094629173487364e-08,0.1289338916540146,0.00030556023120881237,2.1215868173385388e-08
1,66,36,7,26,0.2,0.2584789037704468,1.2923945188522339,26,ok,,1.524712085723877,5.629427433013916,0.013996321478893249,0.8106118926492326,3.6921248842450014,1.451999306678772,0.3941059084834592,-0.01346096396446228,-0.017292305827140808,-0.032948680222034454,1,0,-0.017961686477065086,-0.02647821046411991,-0.008516523987054825,1.475741964220012e-08,0.25786879658699036,0.0006101071834564431,2.2242543806783033e-08
1,66,36,7,26,0.4,0.5169578075408936,1.2923945188522339,26,ok,,1.524712085723877,3.171401262283325,0.022381907137081415,0.7433300128490542,2.080000081310814,1.6399109363555908,0.7882118169669184,-0.01346096396446228,-0.017292305827140808,-0.01982506550848484,1,0,-0.017961686477065086,-0.02821039967238903,-0.010248713195323944,9.204296970433123e-09,0.5157376527786255,0.0012201547622681108,2.498227757996574e-08
1,67,58,10,3,0.02,0.027213332653045656,1.3606666326522827,3,ok,,0.7627085447311401,9.827107429504395,0.014116399277154124,0.9297641444307239,12.884485820144615,0.267222136259079,0.020755841345088868,-0.013021588325500488,0.005076259840279818,0.02731199562549591,1,0,-0.018561754375696182,-0.017818508669734,0.0007432457059621811,4.71641296688214e-09,0.027173852548003197,3.948010504245883e-05,4.988014001838792e-09
1,67,58,10,3,0.05,0.06803333163261414,1.3606666326522827,3,ok,,0.7627085447311401,5.04772424697876,0.027758031195724904,0.8750486110965705,6.618156151313997,0.3435957431793213,0.05188960336272218,-0.013021588325500488,0.005076259840279818,0.017914457246661186,1,0,-0.018561754375696182,-0.017342975363135338,0.0012187790125608444,1.198319543637208e-09,0.06784687936306,0.0001864522695541465,7.6506481150318e-09
1,67,58,10,3,0.1,0.1360666632652283,1.3606666326522827,3,ok,,0.7627085447311401,3.304121971130371,0.02286140793941784,0.8297893888287194,4.332089884073299,0.44985508918762207,0.10377920672544436,-0.013021588325500488,0.005076259840279818,0.0060316892340779305,1,0,-0.018561754375696182,-0.017741039395332336,0.0008207149803638458,3.1524300613504364e-09,0.13569380342960358,0.0003728598356247115,1.0045650533641037e-08
1,67,58,10,3,0.2,0.2721333265304566,1.3606666326522827,3,ok,,0.7627085447311401,2.1629295349121094,0.03793966526620301,0.7748138693164188,2.8358532887181966,0.5889482498168945,0.2075584134508887,-0.013021588325500488,0.005076259840279818,-0.0007496171165257692,0,0,-0.018561754375696182,-0.01876574382185936,-0.0002039894461631775,6.353381148981908e-09,0.27138766646385193,0.0007456600666046476,1.3171155721636296e-08
1,67,58,10,3,0.4,0.5442666530609132,1.3606666326522827,3,ok,,0.7627085447311401,1.5877629518508911,0.0688611303005722,0.7296506945410601,2.081742708688948,0.8647658228874207,0.4151168269017774,-0.013021588325500488,0.005076259840279818,0.0014043687842786312,1,0,-0.018561754375696182,-0.017797401174902916,0.0007643532007932663,2.1029107121015717e-09,0.5427753925323486,0.0014912605285645197,1.932988880071207e-08
1,68,38,8,11,0.02,0.011068241596221924,0.5534120798110962,11,ok,,1.7303026914596558,12.4878568649292,0.003984335808320077,0.8860793291943734,7.217151615471062,0.13821975886821747,0.019151408223668513,0.015000661835074425,-0.021849868819117546,0.007334364578127861,0,0,-0.04205610603094101,-0.04197493940591812,8.116662502288818e-05,1.1894082603265514e-08,0.011067899875342846,3.41720879077842e-07,3.790066926967484e-09
1,68,38,8,11,0.05,0.02767060399055481,0.5534120798110962,11,ok,,1.7303026914596558,6.931685924530029,0.012544629289835168,0.8222504995627647,4.006053945785961,0.191681906580925,0.04787852055917128,0.015000661835074425,-0.021849868819117546,-0.03624897077679634,1,0,-0.04205610603094101,-0.04305914416909218,-0.0010030381381511688,7.222721243359612e-09,0.027635561302304268,3.504268825054238e-05,3.3794449461055365e-09
1,68,38,8,11,0.1,0.05534120798110962,0.5534120798110962,11,ok,,1.7303026914596558,4.542086124420166,0.02072535616762953,0.7694328317723379,2.6250240185351092,0.25153788924217224,0.09575704111834256,0.015000661835074425,-0.021849868819117546,-0.02172037586569786,1,0,-0.04205610603094101,-0.043258123099803925,-0.001202017068862915,1.4769348544293667e-08,0.055270761251449585,7.044672966003557e-05,4.419994148463502e-09
1,68,38,8,11,0.2,0.11068241596221924,0.5534120798110962,11,ok,,1.7303026914596558,3.070197105407715,0.02891934811607319,0.7252288710432544,1.774369953049065,0.3403357267379761,0.19151408223668512,0.015000661835074425,-0.021849868819117546,-0.018375545740127563,1,0,-0.04205610603094101,-0.044089969247579575,-0.002033863216638565,1.3419496980218021e-08,0.11054082214832306,0.00014159381389618197,5.9842926170006194e-09
1,68,38,8,11,0.4,0.22136483192443848,0.5534120798110962,11,ok,,1.7303026914596558,2.1415393352508545,0.04243906559322347,0.6970854263928544,1.2376674588901253,0.47484254837036133,0.38302816447337024,0.015000661835074425,-0.021849868819117546,-0.024403799325227737,1,0,-0.04205610603094101,-0.04745825380086899,-0.0054021477699279785,4.833981215313088e-09,0.22108131647109985,0.0002835154533386286,8.326114908641102e-09
1,69,29,7,5,0.02,0.033495681285858156,1.6747840642929077,5,ok,,0.6867262721061707,8.386640548706055,0.012713146065421458,0.9264083195863859,12.21249410332336,0.2809973955154419,0.023002364341093796,0.03896687552332878,-0.020837390795350075,-0.033359840512275696,1,0,-0.06337574124336243,-0.06449317932128906,-0.0011174380779266357,2.749238039003246e-08,0.03339415416121483,0.00010152712464332747,5.794837054651225e-09
1,69,29,7,5,0.05,0.0837392032146454,1.6747840642929077,5,ok,,0.6867262721061707,4.083076000213623,0.024534016144295387,0.8642237004812856,5.945711073037872,0.3423705995082855,0.057505910852734494,0.03896687552332878,-0.020837390795350075,-0.03376273438334465,1,0,-0.06337574124336243,-0.0662030279636383,-0.002827286720275879,2.2244666885839343e-08,0.0836920365691185,4.716664552689709e-05,9.69279767559783e-09
1,69,29,7,5,0.1,0.1674784064292908,1.6747840642929077,5,ok,,0.6867262721061707,2.566797971725464,0.028998612205953945,0.8107625162544218,3.7377308484928458,0.429716020822525,0.11501182170546899,0.03896687552332878,-0.020837390795350075,-0.02183273434638977,1,0,-0.06337574124336243,-0.06703224778175354,-0.0036565065383911133,5.01793628914296e-09,0.16738441586494446,9.399056434633568e-05,1.2145394023832523e-08
1,69,29,7,5,0.2,0.3349568128585816,1.6747840642929077,5,ok,,0.6867262721061707,1.7076338529586792,0.04941562381839966,0.7556067548438934,2.4866295674387504,0.5717464089393616,0.23002364341093798,0.03896687552332878,-0.020837390795350075,-0.02327384613454342,1,0,-0.06337574124336243,-0.07117149233818054,-0.007795751094818115,1.7770630432456525e-08,0.3347689211368561,0.00018789172172550828,1.6229240173970538e-08
1,69,29,7,5,0.4,0.6699136257171632,1.6747840642929077,5,ok,,0.6867262721061707,1.2113332748413086,0.06985961094729955,0.7118159046766371,1.763924468950953,0.8111242651939392,0.46004728682187596,0.03896687552332878,-0.020837390795350075,-0.01817980408668518,1,0,-0.06337574124336243,-0.07555464655160904,-0.012178905308246613,6.837707643148061e-09,0.6695371270179749,0.00037649869918832124,2.294486556309039e-08
1,70,38,9,2,0.02,0.03011626958847046,1.505813479423523,2,ok,,0.6456349492073059,4.602193355560303,0.019225146763074175,0.8831085030043937,7.1281664061148335,0.13857735693454742,0.019444116186065657,-0.0464886799454689,0.006495974026620388,0.004941691178828478,1,0,-0.01964876987040043,-0.01949995569884777,0.00014881417155265808,1.1132211906743524e-08,0.0301042627543211,1.20068341493626e-05,1.35092836917039e-09
1,70,38,9,2,0.05,0.07529067397117616,1.505813479423523,2,ok,,0.6456349492073059,2.468006134033203,0.037116053366415144,0.8117699395970407,3.8226030623954537,0.18567709624767303,0.048610290465164144,-0.0464886799454689,0.006495974026620388,-0.006771404761821032,0,0,-0.01964876987040043,-0.02015860192477703,-0.0005098320543766022,8.426127465145823e-09,0.07516107708215714,0.00012959688901902078,5.15782039300916e-09
1,70,38,9,2,0.1,0.1505813479423523,1.505813479423523,2,ok,,0.6456349492073059,1.5602338314056396,0.0532536475590646,0.7508503827120738,2.4165882490079547,0.23521701991558075,0.09722058093032829,-0.0464886799454689,0.006495974026620388,0.0038009490817785263,1,0,-0.01964876987040043,-0.01907641999423504,0.00057234987616539,2.160029066743986e-09,0.15032227337360382,0.0002590745687484908,6.511352346194599e-09
1,70,38,9,2,0.2,0.3011626958847046,1.505813479423523,2,ok,,0.6456349492073059,1.077614188194275,0.07531273553051715,0.7046456504252046,1.6690766036065319,0.3249504864215851,0.19444116186065658,-0.0464886799454689,0.006495974026620388,0.008766315877437592,1,0,-0.01964876987040043,-0.017008688300848007,0.0026400815695524216,5.7530735735229765e-09,0.30064451694488525,0.0005181789398193692,9.02200536501141e-09
1,70,38,9,2,0.4,0.6023253917694092,1.505813479423523,2,ok,,0.6456349492073059,0.7503025531768799,0.08610872295625069,0.6791843874948726,1.162115765413443,0.45254698395729065,0.38888232372131315,-0.0464886799454689,0.006495974026620388,0.007618646137416363,1,0,-0.01964876987040043,-0.01505986973643303,0.0045889001339674,3.8855044078023315e-09,0.601288914680481,0.0010364770889282893,1.2554140838005878e-08
1,71,45,11,22,0.02,0.027568004131317138,1.378400206565857,22,ok,,0.8540048003196716,9.401788711547852,0.011842345248809874,0.9194979883694826,11.009058389387928,0.25904959440231323,0.023543207863377377,-0.005829407833516598,0.0035059163346886635,-0.0337398499250412,0,0,-0.028333550319075584,-0.0292636901140213,-0.0009301397949457169,5.271778391428839e-10,0.027530010789632797,3.79933416843406e-05,4.622453975144936e-09
1,71,45,11,22,0.05,0.06892001032829286,1.378400206565857,22,ok,,0.8540048003196716,4.822260856628418,0.01084393295006721,0.8611209674568259,5.646643736449374,0.33256393671035767,0.05885801965844344,-0.005829407833516598,0.0035059163346886635,-0.00046736770309507847,0,0,-0.028333550319075584,-0.02836574986577034,-3.2199546694755554e-05,1.1440229667759839e-08,0.06872928887605667,0.00019072145223618386,7.830900372596261e-09
1,71,45,11,22,0.1,0.1378400206565857,1.378400206565857,22,ok,,0.8540048003196716,2.9357621669769287,0.025576383900889444,0.8009938199391898,3.43764129414094,0.40484967827796936,0.11771603931688689,-0.005829407833516598,0.0035059163346886635,0.00601503811776638,1,0,-0.028333550319075584,-0.027504436671733856,0.0008291136473417282,6.689386598899422e-10,0.13745860755443573,0.00038141310214998003,9.515582988228743e-09
1,71,45,11,22,0.2,0.2756800413131714,1.378400206565857,22,ok,,0.8540048003196716,1.856213092803955,0.044661487038442485,0.7406845375172951,2.1735394134868593,0.5110692381858826,0.23543207863377377,-0.005829407833516598,0.0035059163346886635,0.00016410827811341733,1,0,-0.028333550319075584,-0.028288304805755615,4.524551331996918e-05,4.136429828861972e-09,0.27491727471351624,0.0007627665996551847,1.2055018316914357e-08
1,71,45,11,22,0.4,0.5513600826263428,1.378400206565857,22,ok,,0.8540048003196716,1.2092243432998657,0.06147710202743089,0.6960015676328333,1.4159456045748362,0.6672399640083313,0.47086415726754755,-0.005829407833516598,0.0035059163346886635,0.004233468323945999,1,0,-0.028333550319075584,-0.025999387726187706,0.0023341625928878784,2.851998992872695e-09,0.5498350262641907,0.0015250563621521662,1.566571938838024e-08
1,73,45,12,2,0.02,0.04352283954620361,2.1761419773101807,2,ok,,0.5384984016418457,5.034465789794922,0.01493207993054435,0.9070823821269108,9.349082141071957,0.21909523010253906,0.023436979530545157,-0.020035624504089355,0.002217043424025178,0.015753943473100662,1,0,-0.05433066189289093,-0.05364500731229782,0.0006856545805931091,1.7734066126403117e-09,0.043516337871551514,6.501674652097111e-06,6.082273351637468e-09
1,73,45,12,2,0.05,0.10880709886550904,2.1761419773101807,2,ok,,0.5384984016418457,2.5338308811187744,0.027993323121836753,0.8383660361949589,4.705363791960362,0.2754563093185425,0.0585924488263629,-0.020035624504089355,0.002217043424025178,0.019212540239095688,1,0,-0.05433066189289093,-0.05224020779132843,0.0020904541015625,6.663690355155488e-09,0.10864145308732986,0.0001656457781791798,5.158599769572447e-09
1,73,45,12,2,0.1,0.2176141977310181,2.1761419773101807,2,ok,,0.5384984016418457,1.5669854879379272,0.047045819555171516,0.7756160529003122,2.909916692709548,0.3414846360683441,0.1171848976527258,-0.020035624504089355,0.002217043424025178,0.016903109848499298,1,0,-0.05433066189289093,-0.05065230652689934,0.0036783553659915924,1.3228488530275806e-09,0.21728311479091644,0.00033108294010164574,6.417757436594229e-09
1,73,45,12,2,0.2,0.4352283954620362,2.1761419773101807,2,ok,,0.5384984016418457,0.9954131841659546,0.0629363613116809,0.7170236558586921,1.8484979363525644,0.43279191851615906,0.2343697953054516,-0.020035624504089355,0.002217043424025178,0.018783636391162872,1,0,-0.05433066189289093,-0.04615548253059387,0.008175179362297058,7.434828929592241e-09,0.43456611037254333,0.0006622850894928423,8.118162142523033e-09
1,73,45,12,2,0.4,0.8704567909240724,2.1761419773101807,2,ok,,0.5384984016418457,0.6483428478240967,0.08803217457697757,0.6785272338755461,1.2039828639159162,0.5637142062187195,0.4687395906109032,-0.020035624504089355,0.002217043424025178,0.017796427011489868,1,0,-0.05433066189289093,-0.03883964940905571,0.01549101248383522,8.26250073047985e-09,0.8691320419311523,0.0013247489929200107,1.0591784338487287e-08
1,73,36,8,7,0.02,0.048880114555358886,2.4440057277679443,7,ok,,0.8510470390319824,28.28598976135254,0.01026963254480666,0.9709365688895277,33.23669370084761,1.383618712425232,0.04159927675988229,-0.06631466746330261,-0.012298171408474445,-0.1531025469303131,1,0,0.017268721014261246,0.009785065427422523,-0.007483655586838722,1.4445832192781782e-08,0.04874345287680626,0.000136661678552627,3.364725742471819e-08
1,73,36,8,7,0.05,0.12220028638839722,2.4440057277679443,7,ok,,0.8510470390319824,10.496912956237793,0.004728414922045273,0.9276945837989867,12.334116065035724,1.2825013399124146,0.10399819189970572,-0.06631466746330261,-0.012298171408474445,0.04340562969446182,0,0,0.017268721014261246,0.02257291041314602,0.005304189398884773,9.019352820160975e-09,0.12217029184103012,2.99945473671015e-05,9.789727251074964e-09
1,73,36,8,7,0.1,0.24440057277679444,2.4440057277679443,7,ok,,0.8510470390319824,6.211056232452393,0.028538408974718307,0.8843071013260866,7.2981350590324805,1.5177578926086426,0.20799638379941143,-0.06631466746330261,-0.012298171408474445,0.021750781685113907,0,0,0.017268721014261246,0.02258465252816677,0.005315931513905525,2.8011720676519858e-08,0.2443394511938095,6.112158298493542e-05,1.1613424000245232e-08
1,73,36,8,7,0.2,0.4888011455535889,2.4440057277679443,7,ok,,0.8510470390319824,3.2335269451141357,0.028030121568531303,0.8130741138847101,3.799469120753054,1.580285668373108,0.41599276759882287,-0.06631466746330261,-0.012298171408474445,-0.0054008327424526215,1,0,0.017268721014261246,0.0146288201212883,-0.002639900892972946,3.233848122619065e-08,0.4886751174926758,0.00012602806091310814,1.2063587462307623e-08
1,73,36,8,7,0.4,0.9776022911071778,2.4440057277679443,7,ok,,0.8510470390319824,1.4924169778823853,0.032038884974066,0.7234438853899628,1.7536245465094045,1.4588829278945923,0.8319855351976457,-0.06631466746330261,-0.012298171408474445,-0.007525757886469364,1,0,0.017268721014261246,0.009911551140248775,-0.00735716987401247,2.8278117892438503e-08,0.9773493409156799,0.00025295019149784714,1.1262146770718573e-08
1,74,24,4,31,0.02,0.06792598247528077,3.396299123764038,31,ok,,0.5463486909866333,9.048645973205566,0.0028088969351891873,0.9446015673587971,16.562034690425175,0.6149896383285522,0.03711127160935064,-0.0974453017115593,0.003425928298383951,-0.00491681881248951,0,0,0.04776451736688614,0.04743054509162903,-0.0003339722752571106,7.473234182636852e-09,0.06771605461835861,0.00020992785692215687,1.3591217040698211e-08
1,74,24,4,31,0.05,0.16981495618820192,3.396299123764038,31,ok,,0.5463486909866333,4.202297687530518,0.0030908580405823362,0.8919435807115529,7.691603836249765,0.7141370177268982,0.0927781790233766,-0.0974453017115593,0.003425928298383951,-0.002308777067810297,0,0,0.04776451736688614,0.04737245291471481,-0.0003920644521713257,4.2444720519318677e-10,0.16973459720611572,8.035898208619274e-05,2.0140459966455637e-08
1,74,24,4,31,0.1,0.33962991237640383,3.396299123764038,31,ok,,0.5463486909866333,2.5075361728668213,0.004855299868796417,0.8395571789550337,4.589626028633754,0.8513770699501038,0.1855563580467532,-0.0974453017115593,0.003425928298383951,0.005603251978754997,1,0,0.04776451736688614,0.04966755211353302,0.001903034746646881,2.768079410001359e-09,0.3394692540168762,0.0001606583595276101,2.3962325457205225e-08
1,74,24,4,31,0.2,0.6792598247528077,3.396299123764038,31,ok,,0.5463486909866333,1.471441626548767,0.01228540457432,0.7746311512887344,2.693228062629464,1.0012404918670654,0.3711127160935064,-0.0974453017115593,0.003425928298383951,0.0033466017339378595,1,0,0.04776451736688614,0.05003773421049118,0.0022732168436050415,4.7362929689320765e-09,0.6789386868476868,0.000321137905120894,2.8153998243851674e-08
1,74,24,4,31,0.4,1.3585196495056153,3.396299123764038,31,ok,,0.5463486909866333,0.8642540574073792,0.01588622648321905,0.7192071051162131,1.5818726605623765,1.1737167835235596,0.7422254321870128,-0.0974453017115593,0.003425928298383951,0.0010644495487213135,1,0,0.04776451736688614,0.04921059310436249,0.0014460757374763489,1.0963105965579312e-10,1.3578773736953735,0.000642275810241788,3.311166807407062e-08
1,75,30,8,13,0.02,0.031768920421600344,1.588446021080017,13,ok,,0.7363962531089783,4.860428810119629,0.013372468653447264,0.8766553279403763,6.600289979196487,0.15442797541618347,0.023394513963783795,0.03728054463863373,-0.014049743302166462,-0.05012065917253494,1,0,-0.04752352833747864,-0.049115780740976334,-0.001592252403497696,2.6829232720008978e-08,0.03171459212899208,5.432829260826333e-05,1.6953161097177372e-09
1,75,30,8,13,0.05,0.07942230105400086,1.588446021080017,13,ok,,0.7363962531089783,2.7122466564178467,0.03560705706079924,0.8077646225512134,3.6831347864188304,0.21525079011917114,0.058486284909459486,0.03728054463863373,-0.014049743302166462,-0.042388468980789185,1,0,-0.04752352833747864,-0.05089011415839195,-0.003366585820913315,3.9236971007342025e-09,0.07933106273412704,9.123831987381537e-05,6.135308261434602e-09
1,75,30,8,13,0.1,0.15884460210800172,1.588446021080017,13,ok,,0.7363962531089783,1.847717523574829,0.05973775957190141,0.7541768410857058,2.509134879178804,0.29325050115585327,0.11697256981891897,0.03728054463863373,-0.014049743302166462,-0.0425725132226944,1,0,-0.04752352833747864,-0.054285928606987,-0.006762400269508362,1.3654088171742573e-08,0.1586621254682541,0.00018247663974763073,8.364520631687355e-09
1,75,30,8,13,0.2,0.31768920421600344,1.588446021080017,13,ok,,0.7363962531089783,1.355427622795105,0.0791041013614837,0.7114204734855979,1.8406226499263252,0.43023884296417236,0.23394513963783795,0.03728054463863373,-0.014049743302166462,-0.040549732744693756,1,0,-0.04752352833747864,-0.06040573492646217,-0.012882206588983536,5.7378498410920464e-09,0.31732410192489624,0.00036510229110719994,1.2248826841698701e-08
1,75,30,8,13,0.4,0.6353784084320069,1.588446021080017,13,ok,,0.7363962531089783,0.9998830556869507,0.09751881421639495,0.6806323928032577,1.3578057349751638,0.6347719430923462,0.4678902792756759,0.03728054463863373,-0.014049743302166462,-0.034352391958236694,1,0,-0.04752352833747864,-0.06935027986764908,-0.02182675153017044,1.6598086460817285e-08,0.6346482634544373,0.0007301449775696245,1.8083891717424194e-08
1,75,24,5,1,0.02,0.053561220169067385,2.678061008453369,1,ok,,0.5996595025062561,12.820780754089355,0.003593446923759136,0.9562093400122867,21.380101041480987,0.6875779628753662,0.032118494640211,-0.38834407925605774,0.13231158256530762,0.04076200723648071,1,0,0.04320625215768814,0.045389559119939804,0.002183306962251663,4.411812540164664e-08,0.05347025766968727,9.096249938011364e-05,1.35500810571898e-08
1,75,24,5,1,0.05,0.13390305042266845,2.678061008453369,1,ok,,0.5996595025062561,5.723797798156738,0.008097524969875631,0.9091587879871397,9.545079789822022,0.7661225199699402,0.0802962366005275,-0.38834407925605774,0.13231158256530762,0.03335770219564438,1,0,0.04320625215768814,0.047672949731349945,0.004466697573661804,5.054259233361336e-10,0.13348694145679474,0.0004161089658737127,1.5841928657778226e-08
1,75,24,5,1,0.1,0.2678061008453369,2.678061008453369,1,ok,,0.5996595025062561,3.1210949420928955,0.014966386894532759,0.8518155249539068,5.2047785935905,0.8362315893173218,0.160592473201055,-0.38834407925605774,0.13231158256530762,0.008480342105031013,1,0,0.04320625215768814,0.045477401465177536,0.002271149307489395,6.19545065029016e-08,0.2669738829135895,0.0008322179317474254,1.722974296569646e-08
1,75,24,5,1,0.2,0.5356122016906738,2.678061008453369,1,ok,,0.5996595025062561,1.9233160018920898,0.022759561100919888,0.7934825952389929,3.2073468257410247,1.0283501148223877,0.32118494640211,-0.38834407925605774,0.13231158256530762,0.016646653413772583,1,0,0.04320625215768814,0.05212243273854256,0.008916180580854416,2.989512211219736e-08,0.5339473485946655,0.0016648530960082786,2.1212224865507778e-08
1,75,24,5,1,0.4,1.0712244033813476,2.678061008453369,1,ok,,0.5996595025062561,1.1348263025283813,0.030294201693158922,0.7312658697157827,1.892451128988237,1.216328501701355,0.64236989280422,-0.38834407925605774,0.13231158256530762,0.018083158880472183,1,0,0.04320625215768814,0.06257736682891846,0.019371114671230316,6.411753617624472e-09,1.0678945779800415,0.003329825401306108,2.5170402651042423e-08
1,76,45,13,3,0.02,0.016565459966659545,0.8282729983329773,3,ok,,1.2214300632476807,21.44390869140625,0.014928307126604371,0.9468132338184188,17.556395029586163,0.3550822138786316,0.02023355081480389,-0.025625739246606827,0.015424694865942001,-0.10271187126636505,0,0,-0.008808674290776253,-0.010510129854083061,-0.0017014555633068085,1.3828256850570778e-08,0.016521619632840157,4.384033381938865e-05,6.879291358785622e-09
1,76,45,13,3,0.05,0.041413649916648865,0.8282729983329773,3,ok,,1.2214300632476807,9.994941711425781,0.025620271153477498,0.8949169870220767,8.182983219556494,0.41375577449798584,0.05058387703700973,-0.025625739246606827,0.015424694865942001,0.006975680589675903,1,0,-0.008808674290776253,-0.008519770577549934,0.00028890371322631836,1.5319355117782152e-08,0.04138628765940666,2.736225724220276e-05,1.1758731766065011e-08
1,76,45,13,3,0.1,0.08282729983329773,0.8282729983329773,3,ok,,1.2214300632476807,5.655660629272461,0.027183188968088176,0.8351869841604196,4.630359772077249,0.4682729244232178,0.10116775407401946,-0.025625739246606827,0.015424694865942001,0.015927234664559364,1,0,-0.008808674290776253,-0.007489455863833427,0.0013192184269428253,8.585866073662629e-09,0.08277275413274765,5.4545700550079346e-05,1.3315814229031275e-08
1,76,45,13,3,0.2,0.16565459966659546,0.8282729983329773,3,ok,,1.2214300632476807,3.620562791824341,0.05382100808809668,0.7764155816273024,2.964199834900577,0.5994691252708435,0.2023355081480389,-0.025625739246606827,0.015424694865942001,0.021219709888100624,1,0,-0.008808674290776253,-0.0052935234270989895,0.0035151508636772633,8.317122657253151e-09,0.16554629802703857,0.00010830163955688477,1.7088753523353262e-08
1,76,45,13,3,0.4,0.3313091993331909,0.8282729983329773,3,ok,,1.2214300632476807,2.2129201889038086,0.06694357331742194,0.7153823794702829,1.8117453102619945,0.7329093813896179,0.4046710162960778,-0.025625739246606827,0.015424694865942001,0.03695707023143768,1,0,-0.008808674290776253,0.003435540245845914,0.012244214536622167,2.811455956930331e-09,0.3310927748680115,0.00021642446517944336,2.0916457899033958e-08
1,76,86,6,21,0.02,0.017286453247070312,0.8643226623535156,21,ok,,2.253467082977295,81.56537628173828,0.00027355428647058707,0.9734822145449115,36.19550376300034,1.4109065532684326,0.038954453373698926,-0.07529561221599579,0.009496435523033142,-0.07646539062261581,0,0,0.0472085103392601,0.045886702835559845,-0.0013218075037002563,7.896316560687677e-09,0.017246393486857414,4.0059760212898116e-05,3.344969812246745e-08
1,76,86,6,21,0.05,0.04321613311767578,0.8643226623535156,21,ok,,2.253467082977295,32.5518798828125,-0.0012869508430965045,0.9374859633787785,14.445243122784072,1.4090044498443604,0.09738613343424732,-0.07529561221599579,0.009496435523033142,-0.05240307375788689,0,0,0.0472085103392601,0.04494386166334152,-0.002264648675918579,9.535377643293125e-09,0.043207477778196335,8.655339479447799e-06,3.933588033078195e-08
1,76,86,6,21,0.1,0.08643226623535157,0.8643226623535156,21,ok,,2.253467082977295,18.744531631469727,0.001889923740592065,0.8989277067543976,8.318085395192911,1.619889497756958,0.19477226686849464,-0.07529561221599579,0.009496435523033142,0.008764675818383694,1,0,0.0472085103392601,0.04796605929732323,0.0007575489580631256,1.8357379617068778e-09,0.08641441911458969,1.7847120761874113e-05,4.518950902365759e-08
1,76,86,6,21,0.2,0.17286453247070313,0.8643226623535156,21,ok,,2.253467082977295,9.729479789733887,0.0025735192084983772,0.8330795536070625,4.317560200113914,1.6815961599349976,0.3895445337369893,-0.07529561221599579,0.009496435523033142,0.02887796238064766,1,0,0.0472085103392601,0.05220048129558563,0.004991970956325531,4.509311680132855e-09,0.17282703518867493,3.749728202820379e-05,4.688181576284478e-08
1,76,86,6,21,0.4,0.34572906494140626,0.8643226623535156,21,ok,,2.253467082977295,5.15267276763916,0.009476240567569268,0.7572807557860426,2.2865533765991954,1.7811403274536133,0.7790890674739785,-0.07529561221599579,0.009496435523033142,-0.013471737504005432,0,0,0.0472085103392601,0.0425509475171566,-0.0046575628221035,8.388292372339679e-09,0.34565359354019165,7.547140121461071e-05,4.976103795684139e-08
1,77,30,9,2,0.02,0.03131091594696045,1.5655457973480225,2,ok,,0.71247398853302,10.098464965820312,-0.008192589026769373,0.9369349525230654,14.173801610075369,0.3161959648132324,0.022308213169353053,-0.010335152968764305,0.0014720913022756577,0.05141862481832504,1,0,-0.021766280755400658,-0.02015630714595318,0.0016099736094474792,9.369652609336754e-09,0.031310971826314926,5.587935447692871e-08,1.2397759485693882e-09
1,77,30,9,2,0.05,0.07827728986740112,1.5655457973480225,2,ok,,0.71247398853302,4.67233419418335,0.002798407147590465,0.8772631228698083,6.557901438334755,0.36555665731430054,0.05577053292338263,-0.010335152968764305,0.0014720913022756577,0.009025277569890022,1,0,-0.021766280755400658,-0.021059811115264893,0.0007064696401357651,4.628336269796307e-09,0.07817712426185608,0.00010016560554504395,1.039090502530371e-08
1,77,30,9,2,0.1,0.15655457973480225,1.5655457973480225,2,ok,,0.71247398853302,3.2105069160461426,0.014407417209062055,0.8356287336077841,4.506139126078206,0.5029080510139465,0.11154106584676526,-0.010335152968764305,0.0014720913022756577,0.012378370389342308,1,0,-0.021766280755400658,-0.019828392192721367,0.0019378885626792908,2.0114259147163693e-09,0.15635377168655396,0.00020080804824829102,1.4276147375369419e-08
1,77,30,9,2,0.2,0.3131091594696045,1.5655457973480225,2,ok,,0.71247398853302,1.9309924840927124,0.02313520435287072,0.7712873467798936,2.710263834425598,0.6040958762168884,0.22308213169353053,-0.010335152968764305,0.0014720913022756577,0.008335917256772518,1,0,-0.021766280755400658,-0.01915622130036354,0.002610059455037117,7.40936090259936e-09,0.3127106726169586,0.000398486852645874,1.7179436540004644e-08
1,77,30,9,2,0.4,0.626218318939209,1.5655457973480225,2,ok,,0.71247398853302,1.176536202430725,0.033780098864269206,0.7175642360425847,1.6513391665730215,0.7362391352653503,0.44616426338706106,-0.010335152968764305,0.0014720913022756577,0.005161779932677746,1,0,-0.021766280755400658,-0.018533896654844284,0.0032323841005563736,1.705161922771481e-08,0.6254299283027649,0.0007883906364440918,2.0925854826714385e-08
1,78,42,9,15,0.02,0.022633395195007323,1.1316697597503662,15,ok,,1.57388436794281,45.76576232910156,-0.0011631191259869535,0.9673407950259607,29.078224081284898,1.0354098081588745,0.035622346890893934,0.0013741131406277418,0.008024515584111214,-0.07218784093856812,0,1,-0.03314054012298584,-0.03477438539266586,-0.0016338452696800232,1.0662556917256927e-08,0.022581037133932114,5.235806107520974e-05,2.785267660954105e-08
1,78,42,9,15,0.05,0.05658348798751831,1.1316697597503662,15,ok,,1.57388436794281,19.516584396362305,0.0030141528782051514,0.9281661183245573,12.40026573353645,1.1035900115966797,0.08905586722723484,0.0013741131406277418,0.008024515584111214,-0.034410618245601654,0,1,-0.03314054012298584,-0.035087600350379944,-0.001947060227394104,1.2576748975590135e-08,0.05652686208486557,5.6625902652741866e-05,1.754387568553284e-08
1,78,42,9,15,0.1,0.11316697597503662,1.1316697597503662,15,ok,,1.57388436794281,11.210110664367676,0.004817228260439065,0.8848447979582433,7.122575770298198,1.267817497253418,0.17811173445446968,0.0013741131406277418,0.008024515584111214,-0.03613371029496193,0,1,-0.03314054012298584,-0.037229690700769424,-0.004089150577783585,7.852944694693165e-09,0.11305330693721771,0.00011366903781891147,2.023899270398033e-08
1,78,42,9,15,0.2,0.22633395195007325,1.1316697597503662,15,ok,,1.57388436794281,5.887679576873779,0.01038127999391431,0.814619153029261,3.7408590470758,1.3345690965652466,0.35622346890893936,0.0013741131406277418,0.008024515584111214,-0.008816228248178959,0,1,-0.03314054012298584,-0.035135943442583084,-0.0019954033195972443,8.461106970874405e-09,0.22610680758953094,0.00022714436054230291,2.1269213945629417e-08
1,78,42,9,15,0.4,0.4526679039001465,1.1316697597503662,15,ok,,1.57388436794281,3.2730460166931152,0.028993151378252865,0.7413752119178778,2.079597512598186,1.4807027578353882,0.7124469378178787,0.0013741131406277418,0.008024515584111214,0.013361519202589989,1,1,-0.03314054012298584,-0.027092227712273598,0.006048312410712242,1.847964572511407e-08,0.45221319794654846,0.00045470595359803356,2.368191687196486e-08
1,78,24,6,3,0.02,0.008349570631980897,0.4174785315990448,3,ok,,3.6177926063537598,76.55170440673828,-0.00013066347074365575,0.9559475298826599,21.15978242430839,0.6394809484481812,0.03020701489860898,0.0316314622759819,0.0059494320303201675,0.3588521182537079,1,1,-0.0643058642745018,-0.06130962073802948,0.0029962435364723206,1.7571322974765935e-08,0.008328331634402275,2.123899757862195e-05,1.3046514979464519e-08
1,78,24,6,3,0.05,0.02087392657995224,0.4174785315990448,3,ok,,3.6177926063537598,33.84214782714844,0.004340242483595122,0.9081155865801783,9.354363698931692,0.7075911164283752,0.07551753724652244,0.0316314622759819,0.0059494320303201675,0.09188444912433624,1,1,-0.0643058642745018,-0.06238788366317749,0.0019179806113243103,8.633536441315925e-09,0.020861953496932983,1.1973083019256592e-05,2.0093191110959197e-08
1,78,24,6,3,0.1,0.04174785315990448,0.4174785315990448,3,ok,,3.6177926063537598,18.78513526916504,0.01131546263344337,0.8521474183546652,5.192430112264698,0.7839425802230835,0.15103507449304487,0.0316314622759819,0.0059494320303201675,-0.025255726650357246,0,1,-0.0643058642745018,-0.06536021828651428,-0.0010543540120124817,1.8355633318867248e-08,0.04172442480921745,2.3428350687026978e-05,2.2251308351428634e-08
1,78,24,6,3,0.2,0.08349570631980896,0.4174785315990448,3,ok,,3.6177926063537598,10.58675765991211,0.012437781011796743,0.7848725612766345,2.9263030836306525,0.8835707306861877,0.30207014898608975,0.0316314622759819,0.0059494320303201675,0.0020008778665214777,1,1,-0.0643058642745018,-0.06413877755403519,0.00016708672046661377,2.2009741730555366e-08,0.08344954252243042,4.616379737854004e-05,2.505303520194957e-08
1,78,24,6,3,0.4,0.16699141263961792,0.4174785315990448,3,ok,,3.6177926063537598,6.295642375946045,0.015105898442900178,0.7281566408432559,1.7401888557369383,1.0509902238845825,0.6041402979721795,0.0316314622759819,0.0059494320303201675,-0.004256793297827244,0,1,-0.0643058642745018,-0.0650167167186737,-0.0007108524441719055,4.518052876267831e-09,0.166900172829628,9.12398099899292e-05,2.991056291534733e-08
1,78,36,9,5,0.02,0.025072338581085207,1.2536169290542603,5,ok,,1.532710313796997,47.293853759765625,-0.009963509233253544,0.9694183338956442,30.856355133784724,1.1866636276245117,0.03842863193423966,-0.0009846196044236422,-0.008342062123119831,-0.3120998740196228,1,0,-0.03354039788246155,-0.041365452110767365,-0.007825054228305817,1.9484228204816323e-08,0.025013403967022896,5.8934614062311486e-05,2.751848882098784e-08
1,78,36,9,5,0.05,0.06268084645271302,1.2536169290542603,5,ok,,1.532710313796997,10.796792984008789,0.0025539235433745477,0.8842022377634913,7.044248927414569,0.6767646670341492,0.09607157983559916,-0.0009846196044236422,-0.008342062123119831,-0.0011616412084549665,1,0,-0.03354039788246155,-0.033613208681344986,-7.281079888343811e-05,1.8553368716448795e-09,0.06268089264631271,4.619359969537662e-08,3.1711988590643614e-09
1,78,36,9,5,0.1,0.12536169290542604,1.2536169290542603,5,ok,,1.532710313796997,7.052369117736816,-0.0012302425222762141,0.8409854436041821,4.60124072647578,0.8841153979301453,0.19214315967119833,-0.0009846196044236422,-0.008342062123119831,-0.0037013590335845947,1,0,-0.03354039788246155,-0.034004416316747665,-0.00046401843428611755,9.799785161091965e-09,0.12536217272281647,4.798173904307923e-07,4.0709524640192285e-09
1,78,36,9,5,0.2,0.2507233858108521,1.2536169290542603,5,ok,,1.532710313796997,4.457006931304932,-0.0018912115432291095,0.7875503006344143,2.9079251905473513,1.117496371269226,0.38428631934239665,-0.0009846196044236422,-0.008342062123119831,-0.011134432628750801,1,0,-0.03354039788246155,-0.03633202612400055,-0.0027916282415390015,3.440622422558326e-08,0.25072377920150757,3.9339065549537366e-07,5.268391944923678e-09
1,78,36,9,5,0.4,0.5014467716217041,1.2536169290542603,5,ok,,1.532710313796997,1.8537139892578125,0.033571302075354484,0.6983682342329611,1.2094353202754802,0.9295603036880493,0.7685726386847933,-0.0009846196044236422,-0.008342062123119831,0.014050711877644062,0,0,-0.03354039788246155,-0.026494693011045456,0.007045704871416092,2.076138474419592e-08,0.5014463067054749,4.649162292924558e-07,4.388908791952417e-09
1,79,30,10,2,0.02,0.013826951980590821,0.691347599029541,2,ok,,1.4945882558822632,13.927254676818848,0.011235173799883487,0.9072119378705681,9.318455850295837,0.19242872297763824,0.020665600044839038,0.03129684925079346,0.0628853291273117,0.0043847206979990005,1,1,-0.10348302870988846,-0.1034223809838295,6.064772605895996e-05,2.0403519425111864e-08,0.01380966417491436,1.728780567646082e-05,3.3943012844872555e-09
1,79,30,10,2,0.05,0.03456737995147705,0.691347599029541,2,ok,,1.4945882558822632,7.004970073699951,0.010073801108594137,0.8410852126613204,4.686889547088134,0.24231018126010895,0.0516640001120976,0.03129684925079346,0.0628853291273117,0.04288817569613457,1,1,-0.10348302870988846,-0.10200049728155136,0.0014825314283370972,4.3637689013491243e-10,0.03447919711470604,8.818283677101274e-05,5.740570685475177e-09
1,79,30,10,2,0.1,0.0691347599029541,0.691347599029541,2,ok,,1.4945882558822632,4.293389797210693,0.020640966392191585,0.7805354630546386,2.8726238014451746,0.29700967669487,0.1033280002241952,0.03129684925079346,0.0628853291273117,0.06733384728431702,1,1,-0.10348302870988846,-0.09882791340351105,0.004655115306377411,5.941033975540022e-09,0.06895852833986282,0.00017623156309128085,7.060864337660178e-09
1,79,30,10,2,0.2,0.1382695198059082,0.691347599029541,2,ok,,1.4945882558822632,2.910356044769287,0.032222309176778464,0.7330504370461002,1.9472627550183321,0.4024747908115387,0.2066560004483904,0.03129684925079346,0.0628853291273117,0.0763847827911377,1,1,-0.10348302870988846,-0.09292135387659073,0.01056167483329773,1.2403711479799795e-08,0.13791710138320923,0.00035241842269898016,9.544477208578428e-09
1,79,30,10,2,0.4,0.2765390396118164,0.691347599029541,2,ok,,1.4945882558822632,1.9864603281021118,0.05466885274535649,0.6948290259231612,1.3291020588999374,0.5482122898101807,0.4133120008967808,0.03129684925079346,0.0628853291273117,0.0871567502617836,1,1,-0.10348302870988846,-0.07938079535961151,0.024102233350276947,1.066280361922134e-08,0.27583417296409607,0.000704866647720348,1.3014350486173498e-08
1,80,38,10,10,0.02,0.013445124626159669,0.6722562313079834,10,ok,,1.296852946281433,20.30011749267578,0.010199881127554504,0.9412459125969458,15.653368834815254,0.2726938724517822,0.01743634948455622,0.050194524228572845,-0.017851456999778748,0.11694681644439697,0,0,-0.07523738592863083,-0.07366502285003662,0.0015723630785942078,1.443133328549867e-09,0.013424457050859928,2.0667575299740393e-05,5.2878652567756035e-09
1,80,38,10,10,0.05,0.03361281156539917,0.6722562313079834,10,ok,,1.296852946281433,9.970391273498535,0.020188943818316263,0.890029195432951,7.688143287239869,0.3352922797203064,0.043590873711390546,0.050194524228572845,-0.017851456999778748,0.03121214732527733,0,0,-0.07523738592863083,-0.07418829202651978,0.0010490939021110535,3.4124484971044186e-08,0.033521994948387146,9.081661701202531e-05,7.080354968991287e-09
1,80,38,10,10,0.1,0.06722562313079834,0.6722562313079834,10,ok,,1.296852946281433,5.822185516357422,0.03889450328986751,0.830676250936711,4.489472405523953,0.3914375901222229,0.08718174742278109,0.050194524228572845,-0.017851456999778748,-0.01858975738286972,1,0,-0.07523738592863083,-0.07648707926273346,-0.0012496933341026306,1.4689811145274234e-08,0.06704447418451309,0.00018114894628525058,8.259290140699704e-09
1,80,38,10,10,0.2,0.13445124626159669,0.6722562313079834,10,ok,,1.296852946281433,3.939486503601074,0.06489117793853325,0.7755335561842536,3.037727997529736,0.5286300182342529,0.17436349484556218,0.050194524228572845,-0.017851456999778748,-0.007060680538415909,1,0,-0.07523738592863083,-0.07618671655654907,-0.0009493306279182434,1.3330073222973457e-08,0.1340869814157486,0.00036426484584808905,1.1150427248196593e-08
1,80,38,10,10,0.4,0.26890249252319337,0.6722562313079834,10,ok,,1.296852946281433,2.580293893814087,0.08578061979959944,0.7192864070735125,1.9896580419628713,0.6942452192306519,0.34872698969112437,0.050194524228572845,-0.017851456999778748,-0.020271215587854385,1,0,-0.07523738592863083,-0.08068837225437164,-0.005450986325740814,5.927691759319287e-09,0.2681735157966614,0.0007289767265319935,1.4648234625269652e-08
1,82,40,7,28,0.02,0.03648327112197876,1.824163556098938,28,ok,,0.8611557483673096,21.652929306030273,0.006428755861060594,0.9622704394578311,25.144033871988377,0.7889737486839294,0.03141777864593507,0.030499637126922607,0.018339835107326508,-0.11646923422813416,0,1,-0.0939992368221283,-0.09824840724468231,-0.004249170422554016,8.227160250805221e-09,0.03640470653772354,7.856458425521684e-05,2.110881780481577e-08
1,82,40,7,28,0.05,0.0912081778049469,1.824163556098938,28,ok,,0.8611557483673096,9.600065231323242,0.0018383054036349251,0.9212125173558868,11.147884978429442,0.875800609588623,0.07854444661483768,0.030499637126922607,0.018339835107326508,-0.022669542580842972,0,1,-0.0939992368221283,-0.09606688469648361,-0.002067647874355316,2.038849753090155e-10,0.09097906947135925,0.00022910833358764926,2.3308862395765573e-08
1,82,40,7,28,0.1,0.1824163556098938,1.824163556098938,28,ok,,0.8611557483673096,5.294523239135742,0.009045261115092497,0.8701842677437873,6.148159899260541,0.9660143852233887,0.15708889322967537,0.030499637126922607,0.018339835107326508,-0.024977020919322968,0,1,-0.0939992368221283,-0.09855545312166214,-0.004556216299533844,8.305611311557048e-10,0.1819574236869812,0.0004589319229126032,2.5746087928268935e-08
1,82,40,7,28,0.2,0.3648327112197876,1.824163556098938,28,ok,,0.8611557483673096,2.9453353881835938,0.017815664568242438,0.8021484467114999,3.420212190146,1.0746383666992188,0.31417778645935074,0.030499637126922607,0.018339835107326508,-0.0032910178415477276,0,1,-0.0939992368221283,-0.09519989043474197,-0.001200653612613678,1.734919087277402e-08,0.36391472816467285,0.0009179830551147572,2.8714103095239807e-08
1,82,40,7,28,0.4,0.7296654224395752,1.824163556098938,28,ok,,0.8611557483673096,1.7212498188018799,0.029902504264330054,0.7368922688988055,1.9987671475958317,1.2562487125396729,0.6283555729187015,0.030499637126922607,0.018339835107326508,0.00805734097957611,1,1,-0.0939992368221283,-0.08812006562948227,0.005879171192646027,8.083043922559041e-09,0.7278295755386353,0.0018358469009399636,3.357895295152957e-08
1,84,58,11,17,0.02,0.014605991840362549,0.7302995920181274,17,ok,,1.5448434352874756,36.695640563964844,-0.0057963707114815285,0.9606917143702765,23.75363077301908,0.5357785820960999,0.02256397061044652,0.005345555022358894,0.016386380419135094,0.12478553503751755,1,1,-0.06311685591936111,-0.06129424273967743,0.0018226131796836853,3.326869571062402e-09,0.014596009626984596,9.982213377952853e-06,7.043812200180355e-09
1,84,58,11,17,0.05,0.036514979600906376,0.7302995920181274,17,ok,,1.5448434352874756,15.046757698059082,0.000944848400143468,0.9115929926876101,9.739988761546785,0.5487526059150696,0.0564099265261163,0.005345555022358894,0.016386380419135094,0.04593837633728981,1,1,-0.06311685591936111,-0.061439402401447296,0.0016774535179138184,1.46430589207866e-08,0.036442000418901443,7.297918200493275e-05,1.4693776861918195e-08
1,84,58,11,17,0.1,0.07302995920181275,0.7302995920181274,17,ok,,1.5448434352874756,8.333213806152344,0.00733346959135719,0.8568192737060178,5.394212523935311,0.6091085076332092,0.1128198530522326,0.005345555022358894,0.016386380419135094,0.056128375232219696,1,1,-0.06311685591936111,-0.05901779234409332,0.004099063575267792,1.0621994749916708e-08,0.07288405299186707,0.00014590620994568704,1.633728707872706e-08
1,84,58,11,17,0.2,0.1460599184036255,0.7302995920181274,17,ok,,1.5448434352874756,4.991386890411377,0.02031830236855249,0.7950807984711643,3.2309985441853613,0.7282050251960754,0.2256397061044652,0.005345555022358894,0.016386380419135094,0.03031383827328682,1,1,-0.06311685591936111,-0.05868919938802719,0.004427656531333923,1.9786636950430703e-08,0.14576837420463562,0.0002915441989898848,1.9579463383934126e-08
1,84,58,11,17,0.4,0.292119836807251,0.7302995920181274,17,ok,,1.5448434352874756,3.1462719440460205,0.03327710717471722,0.7378819660371865,2.0366283548070374,0.920224130153656,0.4512794122089304,0.005345555022358894,0.016386380419135094,0.032800134271383286,1,1,-0.06311685591936111,-0.05353527143597603,0.009581584483385086,1.4612772679389874e-08,0.29153719544410706,0.0005826413631439542,2.457730197136243e-08
1,84,36,10,6,0.02,0.021545522212982178,1.0772761106491089,6,ok,,1.486750602722168,28.083627700805664,0.0043066471221621695,0.9508567946200106,18.88926606074147,0.6049734950065613,0.03203281813611511,-0.029616903513669968,0.019162459298968315,0.08733885735273361,1,0,-0.015169982798397541,-0.013288225047290325,0.0018817577511072159,3.540042588061343e-09,0.02153961919248104,5.903020501137057e-06,1.6929570634260926e-08
1,84,36,10,6,0.05,0.05386380553245545,1.0772761106491089,6,ok,,1.486750602722168,12.267800331115723,0.006309078816942572,0.8977776132222097,8.25141776209522,0.6616191267967224,0.08008204534028779,-0.029616903513669968,0.019162459298968315,0.04798008129000664,1,0,-0.015169982798397541,-0.012585585936903954,0.0025843968614935875,7.093457266016401e-09,0.05377884954214096,8.49559903144878e-05,1.2804845184177793e-08
1,84,36,10,6,0.1,0.1077276110649109,1.0772761106491089,6,ok,,1.486750602722168,8.081315994262695,0.007728026976280929,0.8572669068443798,5.43555588910525,0.8711366653442383,0.16016409068057558,-0.029616903513669968,0.019162459298968315,0.01731088198721409,1,0,-0.015169982798397541,-0.013305097818374634,0.0018648849800229073,2.5018113736056946e-08,0.10755781829357147,0.00016979277133942483,1.6870579599981284e-08
1,84,36,10,6,0.2,0.2154552221298218,1.0772761106491089,6,ok,,1.486750602722168,6.047609806060791,0.02107305176334734,0.8226929074465803,4.067669315205821,1.3049557209014893,0.32032818136115115,-0.029616903513669968,0.019162459298968315,-0.013473624363541603,0,0,-0.015169982798397541,-0.018072929233312607,-0.0029029464349150658,1.629522556906987e-08,0.21511562168598175,0.0003396004438400435,2.5359479849385025e-08
1,84,36,10,6,0.4,0.4309104442596436,1.0772761106491089,6,ok,,1.486750602722168,3.6382293701171875,0.015864839194976336,0.7632553339444067,2.4471013251673277,1.5658705234527588,0.6406563627223023,-0.029616903513669968,0.019162459298968315,0.001790435053408146,1,0,-0.015169982798397541,-0.014398439787328243,0.0007715430110692978,2.584678715489546e-08,0.4302312135696411,0.0006792306900024747,3.039052032249856e-08
1,84,38,11,4,0.02,0.02939413785934448,1.4697068929672241,4,ok,,0.7254382371902466,8.024518013000488,0.011876866988637479,0.9196136678724071,11.06161434785935,0.23587273061275482,0.02132363155240995,-0.043114423751831055,0.0012793325586244464,-5.858542863279581e-05,0,0,-0.0019761864095926285,-0.001977912848815322,-1.7264392226934433e-06,4.3710569122557e-09,0.02937494032084942,1.9197538495063088e-05,2.9476339147294084e-09
1,84,38,11,4,0.05,0.0734853446483612,1.4697068929672241,4,ok,,0.7254382371902466,4.263879299163818,0.02302906121193008,0.8634866213708022,5.8776599861522545,0.3136182129383087,0.053309078881024874,-0.043114423751831055,0.0012793325586244464,0.008207201026380062,1,0,-0.0019761864095926285,-0.0013730924110859632,0.0006030939985066652,1.49975152574644e-08,0.07333845645189285,0.00014688819646835327,8.459832834262215e-09
1,84,38,11,4,0.1,0.1469706892967224,1.4697068929672241,4,ok,,0.7254382371902466,2.8438243865966797,0.03052308703024217,0.8153024875966888,3.92014680341004,0.417792946100235,0.10661815776204975,-0.043114423751831055,0.0012793325586244464,-0.001588854705914855,0,0,-0.0019761864095926285,-0.002209712052717805,-0.00023352564312517643,1.057180452901374e-08,0.14667728543281555,0.00029340386390686035,1.1279445821799072e-08
1,84,38,11,4,0.2,0.2939413785934448,1.4697068929672241,4,ok,,0.7254382371902466,1.970224380493164,0.06204531599188374,0.7616086724465472,2.7159091973446055,0.5783764123916626,0.2132363155240995,-0.043114423751831055,0.0012793325586244464,-0.00036820434615947306,0,0,-0.0019761864095926285,-0.0020844198297709227,-0.00010823342017829418,2.9270640806988713e-09,0.2933546304702759,0.0005867481231689453,1.563364016021751e-08
1,84,38,11,4,0.4,0.5878827571868896,1.4697068929672241,4,ok,,0.7254382371902466,1.3616536855697632,0.0875797883852847,0.7106996220423197,1.8770084285077349,0.799354612827301,0.426472631048199,-0.043114423751831055,0.0012793325586244464,0.0018203180516138673,1,0,-0.0019761864095926285,-0.0009060577722266316,0.0010701286373659968,4.957773830360779e-09,0.5867093205451965,0.0011734366416931152,2.1545405459733047e-08
1,86,24,7,8,0.02,0.018702677488327026,0.9351338744163513,8,ok,,1.7396663427352905,35.6268196105957,-0.003971354057766623,0.9547632470844166,20.47911069806576,0.6670800447463989,0.03253641854547552,0.04181408882141113,-0.006889113690704107,-0.04912513121962547,1,0,-0.0570724681019783,-0.05799125134944916,-0.0009187832474708557,1.1761698455242317e-08,0.01867029443383217,3.2383054494856955e-05,1.842006724928069e-08
1,86,24,7,8,0.05,0.04675669372081757,0.9351338744163513,8,ok,,1.7396663427352905,16.162160873413086,0.0034843376225173377,0.9074665749793908,9.29037969889784,0.7552782893180847,0.08134104636368882,0.04181408882141113,-0.006889113690704107,0.022639594972133636,0,0,-0.0570724681019783,-0.05601393058896065,0.0010585375130176544,1.5095057759317854e-08,0.04662186652421951,0.00013482719659805437,1.9637745651834848e-08
1,86,24,7,8,0.1,0.09351338744163513,0.9351338744163513,8,ok,,1.7396663427352905,9.182219505310059,0.012041856005424355,0.8538349713830082,5.2781497691491275,0.8590018153190613,0.16268209272737763,0.04181408882141113,-0.006889113690704107,-0.0020169070921838284,1,0,-0.0570724681019783,-0.05726110190153122,-0.00018863379955291748,2.5985207749434913e-08,0.09324358403682709,0.0002698034048080472,2.2236678276499333e-08
1,86,24,7,8,0.2,0.18702677488327027,0.9351338744163513,8,ok,,1.7396663427352905,5.365621089935303,0.02070703365144381,0.7893259773410407,3.084281714329089,1.003084659576416,0.32536418545475526,0.04181408882141113,-0.006889113690704107,-0.006175620947033167,1,0,-0.0570724681019783,-0.05822749435901642,-0.0011550262570381165,1.978841293603928e-08,0.1864871382713318,0.0005396366119384821,2.5965999128629846e-08
1,86,24,7,8,0.4,0.37405354976654054,0.9351338744163513,8,ok,,1.7396663427352905,3.239292621612549,0.03607162563044909,0.7279229172349081,1.8620194815734161,1.212228775024414,0.6507283709095105,0.04181408882141113,-0.006889113690704107,-0.0035709706135094166,1,0,-0.0570724681019783,-0.0584082268178463,-0.0013357587158679962,2.4481772797815132e-08,0.3729742765426636,0.0010792732238769642,3.145567362139445e-08
1,86,40,8,4,0.02,0.049099178314208985,2.454958915710449,4,ok,,0.6960148215293884,15.736016273498535,0.0064581568099133365,0.9583026289163702,22.608737323866734,0.7714616656303406,0.034173755831603786,-0.038420215249061584,-0.012743093073368073,0.00860073883086443,0,0,-0.0007077910704538226,-0.0002855046186596155,0.0004222864517942071,2.7576963468312586e-09,0.048965759575366974,0.0001334187388420116,1.862790277584736e-08
1,86,40,8,4,0.05,0.12274794578552246,2.454958915710449,4,ok,,0.6960148215293884,7.756823539733887,0.013730326186952836,0.9202193320815711,11.144624079525036,0.9520318508148193,0.08543438957900946,-0.038420215249061584,-0.012743093073368073,-0.023001687601208687,1,0,-0.0007077910704538226,-0.0035312019754201174,-0.0028234109049662948,1.0023176065174222e-09,0.12272266298532486,2.5282800197604094e-05,6.5276108962564194e-09
1,86,40,8,4,0.1,0.24549589157104493,2.454958915710449,4,ok,,0.6960148215293884,4.1275739669799805,0.02200318307328377,0.8645467459433042,5.9302960789029235,1.0136502981185913,0.17086877915801893,-0.038420215249061584,-0.012743093073368073,-0.003615244058892131,1,0,-0.0007077910704538226,-0.0015953120309859514,-0.0008875209605321288,6.6029525180866244e-09,0.24544525146484375,5.0640106201177426e-05,6.972344035460765e-09
1,86,40,8,4,0.2,0.49099178314208985,2.454958915710449,4,ok,,0.6960148215293884,2.107926607131958,0.01473779020669147,0.7880226853551704,3.0285656884390426,1.034942626953125,0.34173755831603786,-0.038420215249061584,-0.012743093073368073,-0.005242586135864258,1,0,-0.0007077910704538226,-0.003281853860244155,-0.0025740627897903323,3.925333658377078e-09,0.49089041352272034,0.00010136961936951794,7.0623280556958434e-09
1,86,40,8,4,0.4,0.9819835662841797,2.454958915710449,4,ok,,0.6960148215293884,1.3347282409667969,0.033740522807898424,0.7293874723123338,1.9176721524866578,1.3105007410049438,0.6834751166320757,-0.038420215249061584,-0.012743093073368073,-0.00710338307544589,1,0,-0.0007077910704538226,-0.007683189120143652,-0.006975398049689829,7.395419210180776e-09,0.9817809462547302,0.0002026200294494851,8.98507046542818e-09
1,87,29,8,18,0.02,0.019724591970443725,0.9862295985221863,18,ok,,1.1825346946716309,11.464030265808105,0.017209364290426056,0.9095109002720781,9.694455746164614,0.22627471387386322,0.02332501434329117,0.01018418651074171,-0.031042329967021942,-0.08629772067070007,1,0,-0.0035028569400310516,-0.0052050440572202206,-0.001702187117189169,2.1101971710811573e-10,0.019701985642313957,2.2606328129767816e-05,6.431820853691761e-09
1,87,29,8,18,0.05,0.04931147992610932,0.9862295985221863,18,ok,,1.1825346946716309,6.248435020446777,0.020210628921561218,0.8525896611194285,5.283933781052043,0.3083503246307373,0.05831253585822794,0.01018418651074171,-0.031042329967021942,-0.07554615288972855,1,0,-0.0035028569400310516,-0.00722814816981554,-0.0037252912297844887,1.3719321460131662e-09,0.04918733239173889,0.00012414753437042791,7.374294952455784e-09
1,87,29,8,18,0.1,0.09862295985221864,0.9862295985221863,18,ok,,1.1825346946716309,3.8591244220733643,0.026310516254914467,0.794546796971088,3.263434417154003,0.3799988329410553,0.11662507171645588,0.01018418651074171,-0.031042329967021942,-0.039292603731155396,1,0,-0.0035028569400310516,-0.007378011010587215,-0.003875154070556164,1.1902892890075512e-09,0.09837433695793152,0.0002486228942871205,9.11224873334504e-09
1,87,29,8,18,0.2,0.19724591970443728,0.9862295985221863,18,ok,,1.1825346946716309,2.5514423847198486,0.039232975265055044,0.7422223442485881,2.157604674276539,0.5030991435050964,0.23325014343291176,0.01018418651074171,-0.031042329967021942,-0.031584370881319046,1,0,-0.0035028569400310516,-0.009732751175761223,-0.006229894235730171,5.952958347620052e-09,0.19674742221832275,0.0004984974861145242,1.203812338701482e-08
1,87,29,8,18,0.4,0.39449183940887456,0.9862295985221863,18,ok,,1.1825346946716309,1.8125319480895996,0.06135582299737986,0.700994251015908,1.532751602346327,0.714560329914093,0.4665002868658235,0.01018418651074171,-0.031042329967021942,-0.03179623559117317,1,0,-0.0035028569400310516,-0.01604621484875679,-0.012543357908725739,2.4440859093532996e-09,0.39349350333213806,0.0009983360767364946,1.7169922372772817e-08
1,89,29,9,2,0.02,0.03754683494567871,1.8773417472839355,2,ok,,0.6532542109489441,5.4680495262146,0.007110536422293906,0.8988369102215132,8.370477272948786,0.20510759949684143,0.024527628036069588,0.20183256268501282,-0.019409388303756714,0.023008422926068306,0,0,-0.1893906444311142,-0.18852677941322327,0.0008638650178909302,2.844007452652321e-08,0.03748038411140442,6.645083427429116e-05,5.682366577275388e-09
1,89,29,9,2,0.05,0.09386708736419679,1.8773417472839355,2,ok,,0.6532542109489441,2.99049711227417,0.01819167710879635,0.8367242277336465,4.57784590156024,0.28079286217689514,0.06131907009017397,0.20183256268501282,-0.019409388303756714,-0.01981903240084648,1,0,-0.1893906444311142,-0.1912510097026825,-0.0018603652715682983,1.0425724194986635e-08,0.09357821941375732,0.00028886795043946145,7.2670349737791184e-09
1,89,29,9,2,0.1,0.18773417472839357,1.8773417472839355,2,ok,,0.6532542109489441,1.8699252605438232,0.028145270728597245,0.7781863084094174,2.8624771631010693,0.3511820137500763,0.12263814018034794,0.20183256268501282,-0.019409388303756714,-0.014782430604100227,1,0,-0.1893906444311142,-0.1921657919883728,-0.002775147557258606,1.9852681898586966e-08,0.18715573847293854,0.0005784362554550337,9.063902517425504e-09
1,89,29,9,2,0.2,0.37546834945678714,1.8773417472839355,2,ok,,0.6532542109489441,1.2590841054916382,0.032812021506671986,0.7321097779420891,1.927402968686131,0.4729465842247009,0.24527628036069588,0.20183256268501282,-0.019409388303756714,-0.008234847337007523,1,0,-0.1893906444311142,-0.19248253107070923,-0.0030918866395950317,3.789805980191144e-08,0.374311238527298,0.001157110929489169,1.2187381770445427e-08
1,89,29,9,2,0.4,0.7509366989135743,1.8773417472839355,2,ok,,0.6532542109489441,0.851041316986084,0.04896112830441092,0.6950719455911881,1.3027720337975677,0.6393826603889465,0.49055256072139175,0.20183256268501282,-0.019409388303756714,-0.012188615277409554,1,0,-0.1893906444311142,-0.198543518781662,-0.00915287435054779,4.1701976993130385e-09,0.7486225366592407,0.0023141622543335627,1.6498237442874597e-08
1,90,29,10,1,0.02,0.012853375673294068,0.6426687836647034,1,ok,,1.8223904371261597,15.054327964782715,-0.005866707366276176,0.8991161151546373,8.260758868178959,0.19328245520591736,0.023423868911801125,-0.16469217836856842,0.1719309240579605,-0.0377277247607708,0,0,0.03525803983211517,0.03477312624454498,-0.00048491358757019043,1.50320786352319e-08,0.012828257866203785,2.5117807090283342e-05,4.249629537156352e-09
1,90,29,10,1,0.05,0.03213343918323517,0.6426687836647034,1,ok,,1.8223904371261597,7.466825008392334,0.008445442374049358,0.8257207666786832,4.097269638971073,0.23997284471988678,0.05855967227950281,-0.16469217836856842,0.1719309240579605,0.007094474509358406,1,0,0.03525803983211517,0.035486023873090744,0.00022798404097557068,1.4175792090170966e-08,0.03205985203385353,7.358714938163896e-05,3.3559133250093964e-09
1,90,29,10,1,0.1,0.06426687836647034,0.6426687836647034,1,ok,,1.8223904371261597,4.538308143615723,0.01372477503600799,0.7651218133593632,2.490305069187024,0.29171139001846313,0.11711934455900562,-0.16469217836856842,0.1719309240579605,0.007262815721333027,1,0,0.03525803983211517,0.03572479262948036,0.0004667527973651886,5.697195809572803e-09,0.06412018090486526,0.0001466974616050748,4.10687617247163e-09
1,90,29,10,1,0.2,0.12853375673294068,0.6426687836647034,1,ok,,1.8223904371261597,2.827383279800415,0.012417896892224481,0.7181960095554094,1.5514695546018882,0.3627893924713135,0.23423868911801124,-0.16469217836856842,0.1719309240579605,0.008658947423100471,1,0,0.03525803983211517,0.036371007561683655,0.0011129677295684814,6.87924361789452e-10,0.12824025750160217,0.00029349923133850653,5.082143150758611e-09
1,90,29,10,1,0.4,0.25706751346588136,0.6426687836647034,1,ok,,1.8223904371261597,1.920438528060913,0.015905332025880115,0.7014576016114251,1.0538019125519105,0.4937759339809418,0.4684773782360225,-0.16469217836856842,0.1719309240579605,0.01108431164175272,1,0,0.03525803983211517,0.03810746222734451,0.0028494223952293396,5.96300304663358e-09,0.25648051500320435,0.0005869984626770131,6.929345985895452e-09
1,91,36,11,7,0.02,0.02113379001617432,1.0566895008087158,7,ok,,1.4223642349243164,9.155509948730469,0.012856874027814316,0.8742080681012597,6.436825198442362,0.19344714283943176,0.03005994706740694,0.013873877935111523,-0.003433539532124996,0.021360056474804878,0,0,-0.03302100673317909,-0.03256954252719879,0.0004514642059803009,4.525770814996265e-08,0.021123798564076424,9.991452097894704e-06,5.458750340636698e-09
1,91,36,11,7,0.05,0.05283447504043579,1.0566895008087158,7,ok,,1.4223642349243164,4.7959089279174805,0.018891513281970713,0.8004067891020212,3.3717867829890262,0.2533019781112671,0.07514986766851735,0.013873877935111523,-0.003433539532124996,-0.014636903069913387,1,0,-0.03302100673317909,-0.033794328570365906,-0.0007733218371868134,1.1252729803512551e-08,0.05273916944861412,9.530559182167192e-05,5.190514684727532e-09
1,91,36,11,7,0.1,0.10566895008087158,1.0566895008087158,7,ok,,1.4223642349243164,3.04181170463562,0.02378344345265517,0.7454782766453838,2.1385603138392573,0.32181933522224426,0.1502997353370347,0.013873877935111523,-0.003433539532124996,-0.013420837931334972,1,0,-0.03302100673317909,-0.03443919122219086,-0.0014181844890117645,1.8635602061500833e-08,0.10547864437103271,0.00019030570983886996,6.613729564008963e-09
1,91,36,11,7,0.2,0.21133790016174317,1.0566895008087158,7,ok,,1.4223642349243164,2.0056567192077637,0.03667131234464474,0.7042628258046505,1.41008657976631,0.42357781529426575,0.3005994706740694,0.013873877935111523,-0.003433539532124996,-0.0006930727977305651,1,0,-0.03302100673317909,-0.03316746652126312,-0.00014645978808403015,1.2761647572023804e-08,0.2109585851430893,0.0003793150186538752,8.696633635452145e-09
1,91,36,11,7,0.4,0.42267580032348634,1.0566895008087158,7,ok,,1.4223642349243164,1.4608241319656372,0.041282129593940474,0.693498622773812,1.0270394151483568,0.618224561214447,0.6011989413481388,0.013873877935111523,-0.003433539532124996,-0.003923490177839994,1,0,-0.03302100673317909,-0.0346793457865715,-0.0016583390533924103,2.5297587447157405e-08,0.42191964387893677,0.0007561564445495716,1.2704741259028651e-08
1,91,24,8,5,0.02,0.023913247585296633,1.1956623792648315,5,ok,,1.4163917303085327,24.442955017089844,0.0016223143075459621,0.9467220265972789,17.25719975204047,0.5847674608230591,0.03387052612463464,-0.0015115083660930395,-0.0020539823453873396,0.0022436107974499464,0,0,-0.02269946038722992,-0.02264578640460968,5.367398262023926e-05,2.196213577387591e-08,0.023846618831157684,6.662875413894834e-05,1.47335690314776e-08
1,91,24,8,5,0.05,0.05978311896324158,1.1956623792648315,5,ok,,1.4163917303085327,10.182525634765625,0.010794805940121178,0.885032432732296,7.189060354468728,0.6085718274116516,0.08467631531158659,-0.0015115083660930395,-0.0020539823453873396,-0.047903917729854584,1,0,-0.02269946038722992,-0.025563301518559456,-0.0028638411313295364,4.481119697530289e-09,0.05975700169801712,2.6117265224459563e-05,6.5047691677477815e-09
1,91,24,8,5,0.1,0.11956623792648316,1.1956623792648315,5,ok,,1.4163917303085327,6.051056385040283,0.007996483822202163,0.8306674034518657,4.272163029162779,0.7234857082366943,0.16935263062317318,-0.0015115083660930395,-0.0020539823453873396,-0.017763935029506683,1,0,-0.02269946038722992,-0.024823462590575218,-0.0021240022033452988,3.5321096714113764e-08,0.11951392143964767,5.231648683548529e-05,7.758582221129018e-09
1,91,24,8,5,0.2,0.23913247585296632,1.1956623792648315,5,ok,,1.4163917303085327,3.523033618927002,0.014046225939867546,0.7651516403934524,2.4873299833211338,0.8422055840492249,0.33870526124634637,-0.0015115083660930395,-0.0020539823453873396,-0.005797196179628372,1,0,-0.02269946038722992,-0.024085745215415955,-0.0013862848281860352,1.3047253855221971e-08,0.23902752995491028,0.00010494589805604138,9.02283225912015e-09
1,91,24,8,5,0.4,0.47826495170593264,1.1956623792648315,5,ok,,1.4163917303085327,2.1462695598602295,0.02599472019829475,0.7134532827311224,1.5153078868874728,1.026429533958435,0.6774105224926927,-0.0015115083660930395,-0.0020539823453873396,-0.009985118173062801,1,0,-0.02269946038722992,-0.0274750217795372,-0.0047755613923072815,2.9331489370156005e-08,0.47805503010749817,0.00020992159843447045,1.0979257503151985e-08
1,94,38,12,10,0.02,0.018598272800445556,0.9299136400222778,10,ok,,1.2924250364303589,8.101943016052246,-0.004541272702151434,0.8734089200254722,6.2687914483793294,0.15070123970508575,0.0240368734016576,-0.023289350792765617,-0.031070824712514877,-0.014994952827692032,1,0,-0.000459510600194335,-0.0007383888587355614,-0.0002788782585412264,1.9647780025123726e-09,0.018565192818641663,3.307998180389349e-05,4.144246279480512e-09
1,94,38,12,10,0.05,0.0464956820011139,0.9299136400222778,10,ok,,1.2924250364303589,4.286750316619873,0.0022944241906496573,0.8018067791180109,3.3168270466629446,0.19936949014663696,0.06009218350414401,-0.023289350792765617,-0.031070824712514877,-0.032300833612680435,1,0,-0.000459510600194335,-0.0019613623153418303,-0.0015018517151474953,2.427121414873973e-09,0.04635615646839142,0.0001395255327224787,5.207719588895543e-09
1,94,38,12,10,0.1,0.0929913640022278,0.9299136400222778,10,ok,,1.2924250364303589,2.696308135986328,0.011722455346434396,0.7446577500678873,2.0862394800331074,0.2506980001926422,0.12018436700828802,-0.023289350792765617,-0.031070824712514877,-0.02497182972729206,1,0,-0.000459510600194335,-0.002781674498692155,-0.00232216389849782,6.094744487740444e-10,0.09271208941936493,0.0002792745828628651,6.527724139004931e-09
1,94,38,12,10,0.2,0.1859827280044556,0.9299136400222778,10,ok,,1.2924250364303589,1.816855549812317,0.009857519759594322,0.7125957383896268,1.4057724808775094,0.3380219638347626,0.24036873401657605,-0.023289350792765617,-0.031070824712514877,-0.01654369942843914,1,0,-0.000459510600194335,-0.0035363538190722466,-0.0030768432188779116,8.678910476574153e-10,0.18542368710041046,0.0005590409040451272,8.83786821503918e-09
1,94,38,12,10,0.4,0.3719654560089112,0.9299136400222778,10,ok,,1.2924250364303589,1.2657774686813354,0.026079419854964134,0.6976537666451852,0.9793817304687916,0.47100961208343506,0.4807374680331521,-0.023289350792765617,-0.031070824712514877,-0.009152756072580814,1,0,-0.000459510600194335,-0.003864023834466934,-0.0034045132342725992,4.147996745564042e-09,0.37084639072418213,0.0011190652847290483,1.229781876332936e-08
1,94,36,12,3,0.02,0.02453368663787842,1.226684331893921,3,ok,,1.0490108728408813,12.798603057861328,0.005760872383586754,0.9269152561282065,12.20063908697968,0.31419870257377625,0.02573610403400551,-0.009335260838270187,0.028342988342046738,0.0250026136636734,1,0,-0.045710716396570206,-0.04509730637073517,0.0006134100258350372,3.737082536763199e-09,0.024472061544656754,6.162509322166568e-05,7.609191499113876e-09
1,94,36,12,3,0.05,0.061334216594696046,1.226684331893921,3,ok,,1.0490108728408813,6.098727703094482,0.008806463244514813,0.8645207086766598,5.813788837643202,0.3740280270576477,0.06434026008501377,-0.009335260838270187,0.028342988342046738,0.01662379316985607,1,0,-0.045710716396570206,-0.04469110816717148,0.0010196082293987274,8.98493346347326e-10,0.061322443187236786,1.1773407459260421e-05,2.611757476955745e-09
1,94,36,12,3,0.1,0.12266843318939209,1.226684331893921,3,ok,,1.0490108728408813,4.381598949432373,0.01349317866097091,0.8271711868510161,4.176886115166908,0.537429928779602,0.12868052017002754,-0.009335260838270187,0.028342988342046738,-0.004223949275910854,0,0,-0.045710716396570206,-0.04622882977128029,-0.000518113374710083,3.1864837368765844e-08,0.12264523655176163,2.3196637630465422e-05,3.756137623156519e-09
1,94,36,12,3,0.2,0.24533686637878419,1.226684331893921,3,ok,,1.0490108728408813,2.2090117931365967,0.02329677622530099,0.7442606413581186,2.105804477652505,0.5418903827667236,0.2573610403400551,-0.009335260838270187,0.028342988342046738,0.024002397432923317,1,0,-0.045710716396570206,-0.0398220531642437,0.005888663232326508,9.739445072480535e-09,0.24529148638248444,4.5379996299749203e-05,3.780577184642198e-09
1,94,36,12,3,0.4,0.49067373275756837,1.226684331893921,3,ok,,1.0490108728408813,1.4855073690414429,0.024735136642209173,0.7100654341168954,1.416102928482568,0.7288755774497986,0.5147220806801102,-0.009335260838270187,0.028342988342046738,0.024635793641209602,1,0,-0.045710716396570206,-0.03362257406115532,0.012088142335414886,5.510037403774759e-09,0.4905831217765808,9.061098098755993e-05,5.094307642394824e-09
1,95,24,9,4,0.02,0.021699693202972412,1.0849846601486206,4,ok,,1.473988652229309,25.9238338470459,-0.001701520122896476,0.9478300385798971,17.58753963798856,0.5624858736991882,0.0319851015380388,-0.060466114431619644,0.006312001030892134,-0.2586608827114105,0,0,0.042169131338596344,0.03655626252293587,-0.005612868815660477,7.0172128377107845e-09,0.021695613861083984,4.079341888427873e-06,1.5625207794300877e-08
1,95,24,9,4,0.05,0.054249233007431036,1.0849846601486206,4,ok,,1.473988652229309,11.734213829040527,0.0019340763645089533,0.8951369916936686,7.960857643839628,0.6372712254524231,0.07996275384509702,-0.060466114431619644,0.006312001030892134,-0.03709179908037186,0,0,0.042169131338596344,0.040156930685043335,-0.002012200653553009,9.974228999155843e-10,0.05417101830244064,7.821470499039251e-05,1.2062200127616052e-08
1,95,24,9,4,0.1,0.10849846601486207,1.0849846601486206,4,ok,,1.473988652229309,8.354408264160156,0.003625088996170684,0.862602299435805,5.667891846737765,0.9075887799263,0.15992550769019404,-0.060466114431619644,0.006312001030892134,-0.05020001158118248,0,0,0.042169131338596344,0.03672250360250473,-0.005446627736091614,3.485605004280301e-09,0.10834262520074844,0.00015584081411362805,1.7157200105089032e-08
1,95,24,9,4,0.2,0.21699693202972414,1.0849846601486206,4,ok,,1.473988652229309,4.4412360191345215,-0.00017906003418821396,0.7913475923992255,3.0130734130242023,0.9651185274124146,0.31985101538038807,-0.060466114431619644,0.006312001030892134,0.0018666621763259172,1,0,0.042169131338596344,0.04257418215274811,0.0004050508141517639,9.151246888093947e-09,0.2166852355003357,0.00031169652938844994,1.8219424191556755e-08
1,95,24,9,4,0.4,0.4339938640594483,1.0849846601486206,4,ok,,1.473988652229309,2.2480151653289795,0.014863625104956134,0.7182907058067955,1.5251237938144788,0.9770121574401855,0.6397020307607761,-0.060466114431619644,0.006312001030892134,0.00363561580888927,1,0,0.042169131338596344,0.043746963143348694,0.0015778318047523499,3.1483831210502022e-09,0.43337059020996094,0.0006232738494873491,1.840917285278465e-08
1,96,45,14,20,0.02,0.013411564826965332,0.6705782413482666,20,ok,,1.5837411880493164,21.20041847229004,0.002055087112562453,0.9329400961193095,13.386289775281444,0.2840655744075775,0.0212404476126585,0.01699015125632286,0.00475703738629818,-0.11985334008932114,0,1,-0.03655378520488739,-0.038161199539899826,-0.001607414335012436,6.5053238173899686e-09,0.01339026726782322,2.12975591421128e-05,5.569305905339661e-09
1,96,45,14,20,0.05,0.03352891206741333,0.6705782413482666,20,ok,,1.5837411880493164,10.341445922851562,0.010685149159674256,0.8759282384331581,6.529757513967621,0.3468841016292572,0.05310111903164625,0.01699015125632286,0.00475703738629818,-0.020374232903122902,0,1,-0.03655378520488739,-0.03723689913749695,-0.0006831139326095581,1.193084024912923e-08,0.033434316515922546,9.459555149078647e-05,7.266711676834348e-09
1,96,45,14,20,0.1,0.06705782413482667,0.6705782413482666,20,ok,,1.5837411880493164,6.285975933074951,0.011186017323314933,0.8215600915486498,3.969067661120424,0.4217144548892975,0.1062022380632925,0.01699015125632286,0.00475703738629818,-0.024431809782981873,0,1,-0.03655378520488739,-0.03819213807582855,-0.0016383528709411621,8.867218426102802e-09,0.06686902046203613,0.0001888036727905329,8.801266382363337e-09
1,96,45,14,20,0.2,0.13411564826965333,0.6705782413482666,20,ok,,1.5837411880493164,4.063809871673584,0.01964022496893941,0.766840684974154,2.565955790211143,0.5449568033218384,0.212404476126585,0.01699015125632286,0.00475703738629818,-0.020457524806261063,0,1,-0.03655378520488739,-0.03929746896028519,-0.0027436837553977966,9.554013579837067e-09,0.13373832404613495,0.0003773242235183827,1.1419966305936669e-08
1,96,45,14,20,0.4,0.26823129653930666,0.6705782413482666,20,ok,,1.5837411880493164,2.7839674949645996,0.035825027951167834,0.7208650586384505,1.7578424530284749,0.7452405095100403,0.42480895225317,0.01699015125632286,0.00475703738629818,-0.028419947251677513,0,1,-0.03655378520488739,-0.04417688772082329,-0.007623102515935898,1.678296026631776e-08,0.2674766778945923,0.0007546186447143777,1.5547296783324782e-08
1,96,24,10,1,0.02,0.01841664671897888,0.9208323359489441,1,ok,,1.6141587495803833,22.69505500793457,-0.007313500763237908,0.9360843307217457,14.059989461272204,0.4177649915218353,0.029727391439370622,-0.3718857169151306,0.32329457998275757,0.12663178145885468,1,0,0.02385571412742138,0.026187850162386894,0.002332136034965515,3.2524428484649592e-09,0.018382351845502853,3.4294873476028304e-05,1.1302042857153083e-08
1,96,24,10,1,0.05,0.046041616797447206,0.9208323359489441,1,ok,,1.6141587495803833,9.424077987670898,-0.00011851150793389239,0.8662572491014189,5.838383610109565,0.43401655554771423,0.07431847859842655,-0.3718857169151306,0.32329457998275757,0.07512767612934113,1,0,0.02385571412742138,0.027314718812704086,0.003459004685282707,5.01005286129147e-09,0.04593696817755699,0.0001046486198902144,1.1445529857212478e-08
1,96,24,10,1,0.1,0.09208323359489441,0.9208323359489441,1,ok,,1.6141587495803833,4.693481922149658,0.010491148104880162,0.7845063697350932,2.9076953697192844,0.432311087846756,0.1486369571968531,-0.3718857169151306,0.32329457998275757,-0.005880462005734444,0,0,0.02385571412742138,0.0233142152428627,-0.0005414988845586777,6.928038731568963e-09,0.0918741375207901,0.00020909607410431186,1.140461858284425e-08
1,96,24,10,1,0.2,0.18416646718978882,0.9208323359489441,1,ok,,1.6141587495803833,2.9843544960021973,0.020905369127729636,0.7317310313315605,1.848860588697463,0.5497332811355591,0.2972739143937062,-0.3718857169151306,0.32329457998275757,0.009142809547483921,1,0,0.02385571412742138,0.025539521127939224,0.0016838070005178452,8.0659686596974e-09,0.18374885618686676,0.00041761100292206366,1.4547997473357555e-08
1,96,24,10,1,0.4,0.36833293437957765,0.9208323359489441,1,ok,,1.6141587495803833,1.877064824104309,0.03498099362536071,0.6966299769591551,1.1628749802899547,0.6915827989578247,0.5945478287874124,-0.3718857169151306,0.32329457998275757,0.016044756397604942,1,0,0.02385571412742138,0.029765518382191658,0.005909804254770279,7.95056505093622e-09,0.36749789118766785,0.0008350431919098011,1.825725881587914e-08
1,98,45,15,2,0.02,0.039741616249084476,1.9870808124542236,2,ok,,0.6343899965286255,7.748093128204346,0.005169493994558771,0.9270255789589417,12.213454137974441,0.3077320456504822,0.025211683794298667,0.0028401860035955906,0.004325106739997864,-0.03877020999789238,0,1,-0.041704822331666946,-0.043245598673820496,-0.0015407763421535492,1.4465479107952928e-08,0.039697591215372086,4.402503371239014e-05,8.78846151408652e-09
1,98,45,15,2,0.05,0.09935404062271119,1.9870808124542236,2,ok,,0.6343899965286255,3.8560404777526855,0.01185230363188446,0.8686464254537161,6.078343761482392,0.38257506489753723,0.06302920948574667,0.0028401860035955906,0.004325106739997864,0.0018658112967386842,1,1,-0.041704822331666946,-0.04151943325996399,0.00018538907170295715,1.3180332468482438e-08,0.09910193085670471,0.00025210976600648083,9.022992131235696e-09
1,98,45,15,2,0.1,0.19870808124542239,1.9870808124542236,2,ok,,0.6343899965286255,2.354846239089966,0.01820871224580553,0.81217454577505,3.71198513843526,0.4682835340499878,0.12605841897149334,0.0028401860035955906,0.004325106739997864,-0.004020046442747116,0,1,-0.041704822331666946,-0.04250364005565643,-0.0007988177239894867,2.0088337215461854e-09,0.19820402562618256,0.0005040556192398293,1.1010817146939189e-08
1,98,45,15,2,0.2,0.39741616249084477,1.9870808124542236,2,ok,,0.6343899965286255,1.5722471475601196,0.03384503444471709,0.7593674094221634,2.4783605607921926,0.6253301501274109,0.25211683794298667,0.0028401860035955906,0.004325106739997864,-0.0018290744628757238,0,1,-0.041704822331666946,-0.04243171215057373,-0.0007268898189067841,1.3935039289256386e-08,0.3964083790779114,0.001007783412933394,1.4784851565252666e-08
1,98,45,15,2,0.4,0.7948323249816895,1.9870808124542236,2,ok,,0.6343899965286255,1.0381908416748047,0.05239041299332746,0.7105953583674312,1.6365183047559642,0.8257416486740112,0.5042336758859733,0.0028401860035955906,0.004325106739997864,-0.002896605059504509,0,1,-0.041704822331666946,-0.044007133692502975,-0.002302311360836029,3.973163664825613e-09,0.7928171157836914,0.0020152091979981357,1.9496496861393098e-08
1,99,45,16,1,0.02,0.014019509553909302,0.7009754776954651,1,ok,,1.859989881515503,13.958901405334473,-0.0021640090834409067,0.8904434307075665,7.50482652838594,0.19557827711105347,0.026076145914081222,-0.12249699234962463,0.14987879991531372,-0.007245196029543877,0,0,-0.010095550678670406,-0.010197116062045097,-0.00010156538337469101,8.711581445111573e-09,0.014005170203745365,1.4339350163936407e-05,3.2546159101087824e-09
1,99,45,16,1,0.05,0.03504877388477325,0.7009754776954651,1,ok,,1.859989881515503,7.023012638092041,0.016312744669903616,0.8145224491707752,3.775833786991345,0.24630627036094666,0.06519036478520306,-0.12249699234962463,0.14987879991531372,0.03702976554632187,1,0,-0.010095550678670406,-0.008797693997621536,0.00129785668104887,8.801409667703528e-09,0.03496802598237991,8.074790239333968e-05,6.0633791321151875e-09
1,99,45,16,1,0.1,0.0700975477695465,0.7009754776954651,1,ok,,1.859989881515503,4.314578533172607,0.020125649792404922,0.7552345030894385,2.3196784972049462,0.3026406168937683,0.1303807295704061,-0.12249699234962463,0.14987879991531372,0.004973697476089001,1,0,-0.010095550678670406,-0.00974690169095993,0.0003486489877104759,4.991289054322775e-09,0.06993617862462997,0.00016136914491653165,7.482927166790887e-09
1,99,45,16,1,0.2,0.140195095539093,0.7009754776954651,1,ok,,1.859989881515503,2.794685125350952,0.03336901849736698,0.7089933669418768,1.5025270584119337,0.3912107050418854,0.2607614591408122,-0.12249699234962463,0.14987879991531372,0.022816114127635956,1,0,-0.010095550678670406,-0.006896832957863808,0.0031987177208065987,1.0420851825985317e-08,0.1398722380399704,0.0003228574991226141,9.66611413133478e-09
1,99,45,16,1,0.4,0.280390191078186,0.7009754776954651,1,ok,,1.859989881515503,1.8882743120193481,0.04501802471883441,0.6908656341073495,1.0152067657915342,0.5286275744438171,0.5215229182816244,-0.12249699234962463,0.14987879991531372,0.0264903511852026,1,0,-0.010095550678670406,-0.0026679106522351503,0.007427640026435256,5.395888048008446e-09,0.27974438667297363,0.0006458044052123912,1.3043088387121315e-08
1,100,30,11,21,0.02,0.014296520948410035,0.7148260474205017,21,ok,,1.6045613288879395,17.73492431640625,0.013608813989129451,0.9196455008539057,11.052817986512611,0.25363537669181824,0.02293964465145507,-0.02753303572535515,-0.05532391741871834,-0.14211323857307434,1,0,0.015533050522208214,0.013501317240297794,-0.0020317332819104195,8.38960406918457e-09,0.014284254051744938,1.22668966650967e-05,3.8270013824615035e-09
1,100,30,11,21,0.05,0.03574130237102509,0.7148260474205017,21,ok,,1.6045613288879395,8.666180610656738,0.013996417038945438,0.85600943428673,5.400965643773515,0.3099997639656067,0.05734911162863768,-0.02753303572535515,-0.05532391741871834,-0.002044352702796459,1,0,0.015533050522208214,0.015459978021681309,-7.307250052690506e-05,4.672423234425424e-09,0.035663966089487076,7.733628153801242e-05,7.991471484558588e-09
1,100,30,11,21,0.1,0.07148260474205018,0.7148260474205017,21,ok,,1.6045613288879395,5.684498310089111,0.022274217544133113,0.804808970352754,3.542711772834061,0.4061225950717926,0.11469822325727536,-0.02753303572535515,-0.05532391741871834,-0.04508879408240318,1,0,0.015533050522208214,0.012309987097978592,-0.003223063424229622,1.0214584959117312e-09,0.07132796943187714,0.00015463531017304022,1.0468627742454828e-08
1,100,30,11,21,0.2,0.14296520948410035,0.7148260474205017,21,ok,,1.6045613288879395,4.087921142578125,0.03655300865719913,0.7616862320583155,2.5476876882037036,0.5846576690673828,0.2293964465145507,-0.02753303572535515,-0.05532391741871834,-0.04430272430181503,1,0,0.015533050522208214,0.009199311956763268,-0.006333738565444946,9.695080383474719e-09,0.1426560878753662,0.00030912160873414196,1.5124745900152448e-08
1,100,30,11,21,0.4,0.2859304189682007,0.7148260474205017,21,ok,,1.6045613288879395,2.477638006210327,0.05979957311701888,0.7028871360415894,1.5441217244877388,0.7091774940490723,0.4587928930291014,-0.02753303572535515,-0.05532391741871834,-0.030450742691755295,1,0,0.015533050522208214,0.0068262615241110325,-0.008706788998097181,4.6176492855126705e-09,0.28531211614608765,0.0006183028221130593,1.8287602543409776e-08
1,101,38,13,7,0.02,0.0289904522895813,1.449522614479065,7,ok,,0.704741358757019,6.162045478820801,0.018135349739351395,0.9013260348895372,8.743697815153501,0.17877011001110077,0.020430770737540058,0.015148116275668144,0.003439517691731453,-0.03674528747797012,0,1,-0.09470956772565842,-0.0957748293876648,-0.0010652616620063782,8.414906638252312e-10,0.028969191014766693,2.1261274814606684e-05,2.477317240234811e-09
1,101,38,13,7,0.05,0.07247613072395324,1.449522614479065,7,ok,,0.704741358757019,3.630971908569336,0.0393102511501829,0.8467548747270535,5.152204937948124,0.26288315653800964,0.051076926843850144,0.015148116275668144,0.003439517691731453,-0.01232194248586893,0,1,-0.09470956772565842,-0.09560263156890869,-0.0008930638432502747,1.7128871404592516e-08,0.07232379168272018,0.00015233904123305997,6.9893868470671805e-09
1,101,38,13,7,0.1,0.1449522614479065,1.449522614479065,7,ok,,0.704741358757019,2.3812026977539062,0.05443758438052398,0.792691094197456,3.3788320610987714,0.3454943299293518,0.10215385368770029,0.015148116275668144,0.003439517691731453,-0.006549788173288107,0,1,-0.09470956772565842,-0.09565898030996323,-0.0009494125843048096,5.976581946031713e-09,0.14464758336544037,0.00030467808246611994,9.157798075420942e-09
1,101,38,13,7,0.2,0.289904522895813,1.449522614479065,7,ok,,0.704741358757019,1.6427146196365356,0.08178471803910002,0.73872703318208,2.3309468065440733,0.4767589569091797,0.20430770737540058,0.015148116275668144,0.003439517691731453,-0.014155818149447441,0,1,-0.09470956772565842,-0.09881340712308884,-0.00410383939743042,3.69061496901385e-09,0.28929510712623596,0.0006094157695770153,1.2639617352760979e-08
1,101,38,13,7,0.4,0.579809045791626,1.449522614479065,7,ok,,0.704741358757019,1.1333067417144775,0.10136956094545048,0.6927441513253053,1.6081172583821794,0.6578720808029175,0.40861541475080115,0.015148116275668144,0.003439517691731453,-0.008848365396261215,0,1,-0.09470956772565842,-0.09983992576599121,-0.005130358040332794,4.256889063469771e-09,0.5785901546478271,0.001218891143798806,1.742851019059799e-08
1,102,58,12,18,0.02,0.03711662530899048,1.855831265449524,18,ok,,0.7258255481719971,10.179699897766113,0.008107219244110698,0.9352912432844805,14.02499529451646,0.37745872139930725,0.026940194911192636,-0.03997756540775299,0.007919127121567726,-0.04919123277068138,0,0,0.020526068285107613,0.0187002494931221,-0.0018258187919855118,6.236748797310357e-09,0.03704685717821121,6.976813077926719e-05,1.0323190302585772e-08
1,102,58,12,18,0.05,0.0927915632724762,1.855831265449524,18,ok,,0.7258255481719971,4.8675055503845215,0.014986629225901256,0.877941303908163,6.7061645358677495,0.4518027901649475,0.06735048727798158,-0.03997756540775299,0.007919127121567726,-0.0181232001632452,0,0,0.020526068285107613,0.01884438842535019,-0.0016816798597574234,2.1489009465087971e-10,0.09249744564294815,0.0002941176295280512,1.1804057287179148e-08
1,102,58,12,18,0.1,0.1855831265449524,1.855831265449524,18,ok,,0.7258255481719971,3.187406539916992,0.021963913097414973,0.8314442843097231,4.391422357534994,0.5917212963104248,0.13470097455596317,-0.03997756540775299,0.007919127121567726,-0.00032848049886524677,0,0,0.020526068285107613,0.020465118810534477,-6.0949474573135376e-05,1.0963415322808002e-08,0.1849948614835739,0.0005882650613784901,1.5554608268075754e-08
1,102,58,12,18,0.2,0.3711662530899048,1.855831265449524,18,ok,,0.7258255481719971,1.893287181854248,0.02422348645699512,0.7673920414949522,2.60846037538898,0.7029435634613037,0.26940194911192633,-0.03997756540775299,0.007919127121567726,0.0014497720403596759,1,0,0.020526068285107613,0.02106417901813984,0.0005381107330322266,4.27697741947012e-09,0.3699893653392792,0.0011768877506256326,1.8407240176543382e-08
1,102,58,12,18,0.4,0.7423325061798096,1.855831265449524,18,ok,,0.7258255481719971,1.2402423620224,0.039483873989090174,0.7191321814973302,1.7087334072825913,0.92099928855896,0.5388038982238527,-0.03997756540775299,0.007919127121567726,-0.0024091885425150394,0,0,0.020526068285107613,0.018737653270363808,-0.001788415014743805,3.953881067171594e-09,0.7399787306785583,0.002353775501251265,2.4026419964684465e-08
1,104,29,11,14,0.02,0.007489134669303894,0.3744567334651947,14,ok,,2.7418899536132812,59.85103225708008,0.0006012794251367276,0.9571656739104593,21.828385992729633,0.44810760021209717,0.020534383111021272,0.003222688101232052,-0.007518999744206667,0.016112033277750015,0,0,-0.020889949053525925,-0.020769290626049042,0.00012065842747688293,6.759536492768458e-09,0.0074858637526631355,3.2709166407586185e-06,4.708458067881338e-09
1,104,29,11,14,0.05,0.018722836673259736,0.3744567334651947,14,ok,,2.7418899536132812,26.101417541503906,0.00875714426047364,0.9090640912036294,9.519498587861909,0.4892868995666504,0.051335957777553176,0.003222688101232052,-0.007518999744206667,0.05716213583946228,0,0,-0.020889949053525925,-0.019819697365164757,0.001070251688361168,1.4355144228915886e-08,0.018690969794988632,3.18668782711036e-05,1.3459928283054978e-08
1,104,29,11,14,0.1,0.03744567334651947,0.3744567334651947,14,ok,,2.7418899536132812,14.585029602050781,0.008959100392676906,0.8550858536533323,5.319334418518588,0.5455231666564941,0.10267191555510635,0.003222688101232052,-0.007518999744206667,0.06998846679925919,0,0,-0.020889949053525925,-0.01826917566359043,0.0026207733899354935,8.124146710832697e-09,0.0373823456466198,6.332769989967485e-05,1.5044962609067625e-08
1,104,29,11,14,0.2,0.07489134669303894,0.3744567334651947,14,ok,,2.7418899536132812,9.082085609436035,0.00771066035587298,0.8005867238484613,3.3123450477887664,0.6810740232467651,0.2053438311102127,0.003222688101232052,-0.007518999744206667,0.0328807570040226,0,0,-0.020889949053525925,-0.018427450209856033,0.0024624988436698914,1.4671352066390753e-08,0.07476607710123062,0.00012526959180832187,1.8783493871410428e-08
1,104,29,11,14,0.4,0.1497826933860779,0.3744567334651947,14,ok,,2.7418899536132812,5.392305374145508,0.023374067975900522,0.7350095939629467,1.9666381457204452,0.8066420555114746,0.4106876622204254,0.003222688101232052,-0.007518999744206667,0.004787408746778965,0,0,-0.020889949053525925,-0.02017286792397499,0.0007170811295509338,1.0153118312782906e-08,0.1495322585105896,0.0002504348754882868,2.2246693376359872e-08
1,105,86,7,29,0.02,0.04132422924041748,2.066211462020874,29,ok,,1.1439529657363892,43.74434280395508,0.006587362002906569,0.9746822972399511,38.239634070757084,1.8068276643753052,0.04727297459634599,0.003928721882402897,-0.0018658973276615143,0.07909668982028961,0,0,-0.023802902549505234,-0.020534278824925423,0.003268623724579811,1.3982287967208296e-08,0.04129486903548241,2.9360204935074963e-05,5.1393296729429494e-08
1,105,86,7,29,0.05,0.1033105731010437,2.066211462020874,29,ok,,1.1439529657363892,17.028995513916016,0.008585015542697689,0.9386184426102934,14.886097614108783,1.761007308959961,0.11818243649086498,0.003928721882402897,-0.0018658973276615143,0.014617523178458214,0,0,-0.023802902549505234,-0.02229274995625019,0.001510152593255043,7.89637073501763e-09,0.10308893769979477,0.00022163540124893466,3.8426339443731194e-08
1,105,86,7,29,0.1,0.2066211462020874,2.066211462020874,29,ok,,1.1439529657363892,9.206626892089844,0.008033587057607013,0.8954629148179463,8.048081667549395,1.904483437538147,0.23636487298172995,0.003928721882402897,-0.0018658973276615143,-0.017551038414239883,1,0,-0.023802902549505234,-0.02742931619286537,-0.003626413643360138,2.030826973167116e-09,0.2061774581670761,0.00044368803501129706,4.1470503475693477e-08
1,105,86,7,29,0.2,0.4132422924041748,2.066211462020874,29,ok,,1.1439529657363892,5.208714962005615,0.016218008627927077,0.8367703826685549,4.553259721345353,2.149439811706543,0.4727297459634599,0.003928721882402897,-0.0018658973276615143,0.010484951548278332,0,0,-0.023802902549505234,-0.01947007142007351,0.0043328311294317245,5.715874484661654e-09,0.41235485672950745,0.0008874356746673695,4.669530895284879e-08
1,105,86,7,29,0.4,0.8264845848083496,2.066211462020874,29,ok,,1.1439529657363892,2.7783358097076416,0.015658329397188624,0.7603300450057499,2.4287150721417405,2.2928028106689453,0.9454594919269198,0.003928721882402897,-0.0018658973276615143,-0.00962656456977129,1,0,-0.023802902549505234,-0.031759101897478104,-0.00795619934797287,7.873605323283073e-09,0.8247098922729492,0.0017746925354004128,4.981947654414398e-08
1,106,36,13,12,0.02,0.016859387159347535,0.8429693579673767,12,ok,,1.2707743644714355,44.18252944946289,0.00495858483319638,0.972300691231419,34.76819385462293,0.7437031269073486,0.021424477002797745,-0.019699376076459885,0.011113520711660385,0.04882005229592323,1,0,-0.025295957922935486,-0.024472858756780624,0.0008230991661548615,2.3003358298159977e-08,0.0168179702013731,4.141695797443487e-05,1.5918610429821456e-08
1,106,36,13,12,0.05,0.04214846789836884,0.8429693579673767,12,ok,,1.2707743644714355,19.064250946044922,0.00918865850835011,0.9390094025791954,15.00207391574151,0.8032600283622742,0.053561192506994364,-0.019699376076459885,0.011113520711660385,0.012966315262019634,1,0,-0.025295957922935486,-0.024749426171183586,0.0005465317517518997,2.1429170535269826e-08,0.04212898761034012,1.9480288028721204e-05,2.269544552291336e-08
1,106,36,13,12,0.1,0.08429693579673768,0.8429693579673767,12,ok,,1.2707743644714355,9.175029754638672,0.0032024385032251848,0.8863391261353861,7.220030566518158,0.7732211947441101,0.10712238501398873,-0.019699376076459885,0.011113520711660385,0.003244549036026001,1,0,-0.025295957922935486,-0.025022417306900024,0.0002735406160354614,3.507425621051023e-08,0.08425813168287277,3.880411386490701e-05,2.186080294563908e-08
1,106,36,13,12,0.2,0.16859387159347536,0.8429693579673767,12,ok,,1.2707743644714355,4.888276100158691,0.02217732444343904,0.8156751092499603,3.846690834204913,0.8238581418991089,0.21424477002797745,-0.019699376076459885,0.011113520711660385,0.0028419785667210817,1,0,-0.025295957922935486,-0.024816805496811867,0.0004791524261236191,1.2256574435877323e-08,0.16851617395877838,7.76976346969771e-05,2.327264603252388e-08
1,106,36,13,12,0.4,0.3371877431869507,0.8429693579673767,12,ok,,1.2707743644714355,2.5716049671173096,0.025834792183343547,0.7388287382304486,2.023651907854559,0.866824209690094,0.4284895400559549,-0.019699376076459885,0.011113520711660385,-0.006746327504515648,0,0,-0.025295957922935486,-0.027570700272917747,-0.0022747423499822617,3.6596065422847546e-08,0.3370322585105896,0.0001554846763611173,2.4459223979533817e-08
1,106,30,12,6,0.02,0.041305890083312986,2.0652945041656494,6,ok,,0.5652700066566467,3.702659845352173,0.010681903582547133,0.8762180974265286,6.550249972124688,0.15287867188453674,0.02334898076235305,-0.008352447301149368,-0.0005154318059794605,0.015197142027318478,0,0,-0.011085787788033485,-0.010458056814968586,0.0006277309730648994,5.050960138423127e-10,0.04127786308526993,2.802699804305836e-05,4.342427306625041e-09
1,106,30,12,6,0.05,0.10326472520828248,2.0652945041656494,6,ok,,0.5652700066566467,1.9660882949829102,0.0286936960549624,0.8011981404378768,3.4781401309580944,0.2027885615825653,0.05837245190588263,-0.008352447301149368,-0.0005154318059794605,0.003469782415777445,0,0,-0.011085787788033485,-0.01072748377919197,0.0003583040088415146,2.1188562738128774e-09,0.10305280238389969,0.00021192282438278753,4.413997167773687e-09
1,106,30,12,6,0.1,0.20652945041656495,2.0652945041656494,6,ok,,0.5652700066566467,1.3241236209869385,0.04851275839790671,0.7488783238081179,2.342462195750089,0.27312758564949036,0.11674490381176526,-0.008352447301149368,-0.0005154318059794605,0.004689516965299845,0,0,-0.011085787788033485,-0.010117268189787865,0.0009685195982456207,3.763316913738685e-09,0.20610563457012177,0.00042381584644318737,5.935897995357209e-09
1,106,30,12,6,0.2,0.4130589008331299,2.0652945041656494,6,ok,,0.5652700066566467,0.9222641587257385,0.061889508941697126,0.7059721320321409,1.6315462484538008,0.3804628849029541,0.23348980762353053,-0.008352447301149368,-0.0005154318059794605,0.0009469373035244644,0,0,-0.011085787788033485,-0.010694650933146477,0.00039113685488700867,4.026864694505524e-09,0.412211149930954,0.0008477509021759255,8.29235791144356e-09
1,106,30,12,6,0.4,0.8261178016662598,2.0652945041656494,6,ok,,0.5652700066566467,0.7510455250740051,0.0854788934940752,0.6852249422769812,1.3286491698273892,0.621135950088501,0.46697961524706105,-0.008352447301149368,-0.0005154318059794605,-0.0012968670343980193,1,0,-0.011085787788033485,-0.012157158926129341,-0.0010713711380958557,6.194585522268856e-09,0.824422299861908,0.001695501804351851,1.3542049259740452e-08
1,107,45,17,8,0.02,0.013829023838043214,0.6914511919021606,8,ok,,1.6775330305099487,20.032215118408203,0.004310958060859592,0.9256160162080403,11.941472837829442,0.27682214975357056,0.023198644268026956,-0.04217584431171417,-0.003948099911212921,-0.027281498536467552,1,0,0.007312846835702658,0.006935565732419491,-0.0003772811032831669,4.609684816042452e-09,0.013814018107950687,1.5005730092526592e-05,4.8882955461238e-09
1,107,45,17,8,0.05,0.034572559595108035,0.6914511919021606,8,ok,,1.6775330305099487,8.62220287322998,0.0192028816395015,0.8496469005535686,5.13981108950433,0.2982511520385742,0.05799661067006739,-0.04217584431171417,-0.003948099911212921,0.004608514253050089,0,0,0.007312846835702658,0.00747219193726778,0.0001593451015651226,1.6967906643622485e-08,0.03449443727731705,7.812231779098788e-05,7.0557764075829255e-09
1,107,45,17,8,0.1,0.06914511919021607,0.6914511919021606,8,ok,,1.6775330305099487,5.471150875091553,0.028301066996325848,0.7936488672105936,3.261426616097765,0.3777469992637634,0.11599322134013478,-0.04217584431171417,-0.003948099911212921,0.006024670787155628,0,0,0.007312846835702658,0.00772941205650568,0.0004165652208030224,1.135885666639835e-08,0.0689891055226326,0.00015601366758347113,8.97580054726177e-09
1,107,45,17,8,0.2,0.13829023838043214,0.6914511919021606,8,ok,,1.6775330305099487,3.3187735080718994,0.04434670660882947,0.7312625576929775,1.978365521101576,0.4592787027359009,0.23198644268026955,-0.04217584431171417,-0.003948099911212921,0.012704635970294476,0,0,0.007312846835702658,0.00906977429986,0.001756927464157343,3.2728870720359626e-10,0.13797810673713684,0.0003121316432952992,1.0856731513797513e-08
1,107,45,17,8,0.4,0.2765804767608643,0.6914511919021606,8,ok,,1.6775330305099487,2.1898632049560547,0.06565237048827818,0.691260924741648,1.3054069071230499,0.6061111688613892,0.4639728853605391,-0.04217584431171417,-0.003948099911212921,0.009172623045742512,0,0,0.007312846835702658,0.00984980072826147,0.002536953892558813,1.4562580341690584e-08,0.27595606446266174,0.0006244122982025369,1.4350732158163737e-08
1,108,42,10,30,0.02,0.035526106357574465,1.7763053178787231,30,ok,,1.0053778886795044,25.57101821899414,-0.0004950239933101166,0.962934461224641,25.434235730561472,0.9091712832450867,0.035717161802781734,0.0017941480036824942,-0.006579173728823662,0.08049279451370239,0,0,-0.057330600917339325,-0.05447101593017578,0.0028595849871635437,1.0591748633975023e-08,0.03544081002473831,8.529633283615307e-05,2.322680181521264e-08
1,108,42,10,30,0.05,0.08881526589393617,1.7763053178787231,30,ok,,1.0053778886795044,11.931140899658203,0.009476489273467156,0.9247994908927307,11.867319774972453,1.059678554534912,0.08929290450695433,0.0017941480036824942,-0.006579173728823662,0.038597483187913895,0,0,-0.057330600917339325,-0.05390254780650139,0.0034280531108379364,7.378666632990721e-09,0.08881843090057373,3.1650066375649155e-06,2.9020956304748324e-08
1,108,42,10,30,0.1,0.17763053178787233,1.7763053178787231,30,ok,,1.0053778886795044,6.557899475097656,0.010531775667395035,0.8758063334771156,6.5228204727124925,1.1649214029312134,0.17858580901390866,0.0017941480036824942,-0.006579173728823662,0.015571177937090397,0,0,-0.057330600917339325,-0.054564669728279114,0.002765931189060211,1.4571531258954912e-08,0.17763659358024597,6.061792373640573e-06,3.2013115713880325e-08
1,108,42,10,30,0.2,0.35526106357574466,1.7763053178787231,30,ok,,1.0053778886795044,3.6680240631103516,0.017807382233258777,0.8102108756709462,3.6484033560002036,1.3031365871429443,0.35717161802781733,0.0017941480036824942,-0.006579173728823662,0.010405252687633038,0,0,-0.057330600917339325,-0.053633999079465866,0.003696601837873459,2.0701290570201286e-08,0.35527291893959045,1.1855363845791889e-05,3.573593687633547e-08
1,108,42,10,30,0.4,0.7105221271514893,1.7763053178787231,30,ok,,1.0053778886795044,2.1787357330322266,0.023392108507259007,0.7470068922147892,2.1670814104452614,1.5480862855911255,0.7143432360556347,0.0017941480036824942,-0.006579173728823662,0.013085850514471531,0,0,-0.057330600917339325,-0.048032816499471664,0.00929778441786766,1.9252610634207246e-09,0.7105457782745361,2.3651123046808387e-05,4.236390438450144e-08
1,108,45,18,1,0.02,0.02359008550643921,1.1795042753219604,1,ok,,0.8817242980003357,11.418231964111328,-0.015600487116394383,0.931941531822354,12.949889200052453,0.26922640204429626,0.020799951582933005,-0.06196819245815277,0.06405860185623169,-0.013847959227859974,0,0,-0.08596266806125641,-0.08628933131694794,-0.0003266632556915283,1.128658337238653e-08,0.023523883894085884,6.620161235332614e-05,6.89727430724929e-09
1,108,45,18,1,0.05,0.058975213766098024,1.1795042753219604,1,ok,,0.8817242980003357,5.639559268951416,0.014908176637756194,0.8725648423218171,6.396057454393611,0.33248522877693176,0.05199987895733251,-0.06196819245815277,0.06405860185623169,0.041728947311639786,1,0,-0.08596266806125641,-0.0835016742348671,0.0024609938263893127,2.0238451115071193e-08,0.05894136801362038,3.384575247764726e-05,4.074179660307209e-09
1,108,45,18,1,0.1,0.11795042753219605,1.1795042753219604,1,ok,,0.8817242980003357,3.4309580326080322,-0.010890139296876144,0.8236752990673775,3.8911914306832847,0.40451303124427795,0.10399975791466502,-0.06196819245815277,0.06405860185623169,0.04304474964737892,1,0,-0.08596266806125641,-0.08088552206754684,0.005077145993709564,6.302151248777088e-10,0.11788327991962433,6.714761257171908e-05,4.952399823565656e-09
1,108,45,18,1,0.2,0.2359008550643921,1.1795042753219604,1,ok,,0.8817242980003357,2.1326935291290283,0.012093221924147853,0.7624642602129783,2.4187759529405617,0.5035198330879211,0.20799951582933005,-0.06196819245815277,0.06405860185623169,0.03848056495189667,1,0,-0.08596266806125641,-0.07688508927822113,0.009077578783035278,1.9392478024446436e-08,0.23576515913009644,0.00013569593429565985,6.169477373418886e-09
1,108,45,18,1,0.4,0.4718017101287842,1.1795042753219604,1,ok,,0.8817242980003357,1.418056607246399,0.045923837038914575,0.7104122465932915,1.6082766579766534,0.6692491173744202,0.4159990316586601,-0.06196819245815277,0.06405860185623169,0.040430933237075806,1,0,-0.08596266806125641,-0.0668872594833374,0.019075408577919006,2.5134563940570898e-08,0.47153016924858093,0.00027154088020325817,8.178017374405044e-09
1,109,38,14,8,0.02,0.025145387649536135,1.2572693824768066,8,ok,,0.8430951237678528,3.8856287002563477,0.02220593529727139,0.836946641626455,4.608766663109834,0.09758322685956955,0.021199953712576304,-0.053834669291973114,0.01895146444439888,0.01971864327788353,1,0,0.009209426119923592,0.009705251082777977,0.0004958249628543854,7.966290915882406e-09,0.02508976124227047,5.562640726566523e-05,2.246338226541411e-09
1,109,38,14,8,0.05,0.06286346912384033,1.2572693824768066,8,ok,,0.8430951237678528,2.2607421875,0.03861787449732114,0.7675143957848536,2.681479377313795,0.1421228051185608,0.05299988428144076,-0.053834669291973114,0.01895146444439888,0.008804792538285255,1,0,0.009209426119923592,0.009762921370565891,0.0005534952506422997,4.553230015247323e-09,0.06285019963979721,1.3269484043121338e-05,9.498244413208567e-10
1,109,38,14,8,0.1,0.12572693824768066,1.2572693824768066,8,ok,,0.8430951237678528,1.5920599699020386,0.04387294801651258,0.7266111522901989,1.8883515335554542,0.2001718431711197,0.10599976856288151,-0.053834669291973114,0.01895146444439888,0.015670787543058395,1,0,0.009209426119923592,0.01117965579032898,0.001970229670405388,1.0467313238393672e-08,0.12570053339004517,2.6404857635498047e-05,1.3295214928987775e-09
1,109,38,14,8,0.2,0.25145387649536133,1.2572693824768066,8,ok,,0.8430951237678528,1.2708097696304321,0.062040383938479465,0.6995625797833283,1.5073148139554935,0.31956610083580017,0.21199953712576303,-0.053834669291973114,0.01895146444439888,0.011787890456616879,1,0,0.009209426119923592,0.012173527851700783,0.002964101731777191,9.019241797858513e-09,0.2514010965824127,5.27799129486084e-05,2.1190651455782472e-09
1,109,38,14,8,0.4,0.5029077529907227,1.2572693824768066,8,ok,,0.8430951237678528,0.9721246957778931,0.11276601005089257,0.6679749204830377,1.153042721243891,0.48891374468803406,0.42399907425152605,-0.053834669291973114,0.01895146444439888,0.012618957087397575,1,0,0.009209426119923592,0.015555590391159058,0.006346164271235466,7.082674002845124e-09,0.5028021335601807,0.00010561943054199219,3.2325584431447396e-09
1,110,42,11,2,0.02,0.0481683349609375,2.408416748046875,2,ok,,0.936367928981781,24.254566192626953,0.014081252192675253,0.9630204278317264,25.902816021236216,1.1688963174819946,0.045103284049873765,0.009097018279135227,-0.0006664667744189501,0.1821572482585907,0,0,-0.015915121883153915,-0.007140930742025375,0.00877419114112854,2.0208553906664317e-08,0.048031341284513474,0.00013699367642402982,2.9123077283088605e-08
1,110,42,11,2,0.05,0.12042083740234376,2.408416748046875,2,ok,,0.936367928981781,10.553640365600586,0.023281631552666913,0.9202435907790849,11.270826390931058,1.270565390586853,0.11275821012468441,0.009097018279135227,-0.0006664667744189501,0.02776883915066719,0,0,-0.015915121883153915,-0.012571170926094055,0.0033439509570598602,4.092845529071049e-09,0.12037339061498642,4.744678735733865e-05,1.2454365538872025e-08
1,110,42,11,2,0.1,0.24084167480468752,2.408416748046875,2,ok,,0.936367928981781,5.561670303344727,0.011258264318782855,0.8663765380105698,5.939620667472691,1.3391848802566528,0.22551642024936883,0.009097018279135227,-0.0006664667744189501,-0.01477663405239582,1,0,-0.015915121883153915,-0.01947394385933876,-0.003558821976184845,7.31697014132518e-09,0.24074698984622955,9.468495845796343e-05,1.312876030112875e-08
1,110,42,11,2,0.2,0.48168334960937503,2.408416748046875,2,ok,,0.936367928981781,3.145565986633301,0.009742384032853123,0.8019167014668301,3.3593269154898033,1.5147981643676758,0.45103284049873765,0.009097018279135227,-0.0006664667744189501,-0.0002343013184145093,1,0,-0.015915121883153915,-0.0160280242562294,-0.00011290237307548523,4.332920369165007e-08,0.4814938008785248,0.00018954873085025303,1.4964628647362588e-08
1,110,42,11,2,0.4,0.9633666992187501,2.408416748046875,2,ok,,0.936367928981781,1.7408220767974854,0.010614795637022095,0.7355800337050176,1.8591218504126037,1.6765470504760742,0.9020656809974753,0.009097018279135227,-0.0006664667744189501,0.010299270041286945,0,0,-0.015915121883153915,-0.005993145518004894,0.009921976365149021,2.581111857233309e-09,0.9629874229431152,0.00037927627563483224,1.6568353800039404e-08
1,110,45,19,2,0.02,0.0114077889919281,0.570389449596405,2,ok,,1.8411084413528442,9.696795463562012,0.014389255795838132,0.8531807794382456,5.26682472675621,0.11064043641090393,0.02100297661021088,0.04972522333264351,-0.07709161192178726,-0.07938915491104126,1,0,-0.04445531964302063,-0.04536096751689911,-0.000905647873878479,6.853594172219479e-09,0.011394008062779903,1.3780929148197313e-05,2.94380897436497e-09
1,110,45,19,2,0.05,0.028519472479820254,0.570389449596405,2,ok,,1.8411084413528442,5.322920799255371,0.03860534028974329,0.7769011412078605,2.8911500700856076,0.15171533823013306,0.0525074415255272,0.04972522333264351,-0.07709161192178726,-0.10251190513372421,1,0,-0.04445531964302063,-0.047378890216350555,-0.0029235705733299255,1.4883985266500588e-08,0.028493015095591545,2.645738422870844e-05,2.3199941967533277e-09
1,110,45,19,2,0.1,0.05703894495964051,0.570389449596405,2,ok,,1.8411084413528442,3.7731873989105225,0.05700929599086286,0.7297206413596149,2.049410732230384,0.21508176624774933,0.1050148830510544,0.04972522333264351,-0.07709161192178726,-0.10081036388874054,1,0,-0.04445531964302063,-0.05020540580153465,-0.005750086158514023,3.0638697180035424e-08,0.056986287236213684,5.265772342682301e-05,3.2982254705160585e-09
1,110,45,19,2,0.2,0.11407788991928101,0.570389449596405,2,ok,,1.8411084413528442,2.757946491241455,0.08254349628622462,0.6919181188411491,1.4979815578996647,0.3144010901451111,0.2100297661021088,0.04972522333264351,-0.07709161192178726,-0.0981004387140274,1,0,-0.04445531964302063,-0.05564642325043678,-0.011191103607416153,1.2558764160564007e-08,0.11397330462932587,0.00010458528995514749,4.809782794268358e-09
1,110,45,19,2,0.4,0.22815577983856203,0.570389449596405,2,ok,,1.8411084413528442,2.1643857955932617,0.1006311984203504,0.6741977006842943,1.175588437366404,0.4948009252548218,0.4200595322042176,0.04972522333264351,-0.07709161192178726,-0.0987170934677124,1,0,-0.04445531964302063,-0.06697820872068405,-0.02252288907766342,1.3634141281249068e-08,0.22794626653194427,0.00020951330661775347,7.56117035649595e-09
1,110,29,12,6,0.02,0.03365036725997925,1.6825183629989624,6,ok,,0.795716404914856,6.196033954620361,0.015911193214666355,0.891658535098978,7.786736475887498,0.20858420431613922,0.02677614926017526,0.028100881725549698,-0.00638613710179925,-0.00524414237588644,1,0,-0.04558501020073891,-0.04576149210333824,-0.00017648190259933472,1.4585687135865036e-08,0.03355170413851738,9.866312146186718e-05,4.433372335910235e-09
1,110,29,12,6,0.05,0.08412591814994813,1.6825183629989624,6,ok,,0.795716404914856,3.3040809631347656,0.015761606275465155,0.8259647059673296,4.152334855386273,0.27788248658180237,0.06694037315043816,0.028100881725549698,-0.00638613710179925,0.010066092014312744,0,0,-0.04558501020073891,-0.04473818093538284,0.0008468292653560638,1.0032470143376583e-08,0.08408233523368835,4.358291625977673e-05,7.87719578454471e-09
1,110,29,12,6,0.1,0.16825183629989626,1.6825183629989624,6,ok,,0.795716404914856,2.118924379348755,0.022909287498341174,0.7706773136883378,2.6629140310018156,0.3567241132259369,0.13388074630087632,0.028100881725549698,-0.00638613710179925,0.007955045439302921,0,0,-0.04558501020073891,-0.04424653202295303,0.0013384781777858734,2.717477404191003e-08,0.16816480457782745,8.703172206880883e-05,1.0068469613599973e-08
1,110,29,12,6,0.2,0.3365036725997925,1.6825183629989624,6,ok,,0.795716404914856,1.426976203918457,0.035890541474318416,0.7234850697199369,1.7933225896848948,0.48065733909606934,0.26776149260175264,0.028100881725549698,-0.00638613710179925,0.0005172230303287506,0,0,-0.04558501020073891,-0.045410964637994766,0.00017404556274414062,1.886514677817714e-09,0.33632978796958923,0.00017388463020329148,1.3559128930751285e-08
1,110,29,12,6,0.4,0.673007345199585,1.6825183629989624,6,ok,,0.795716404914856,0.9605090618133545,0.04831247808415662,0.6929806621330542,1.2070997353823876,0.6462076306343079,0.5355229852035053,0.028100881725549698,-0.00638613710179925,0.0041268994100391865,0,0,-0.04558501020073891,-0.04280758276581764,0.0027774274349212646,6.180934941819871e-09,0.6726588010787964,0.00034854412078866304,1.830684226433732e-08
1,111,24,11,15,0.02,0.007521188259124756,0.3760594129562378,15,ok,,3.4684433937072754,57.92089080810547,0.009291297170905292,0.944669783968039,16.699390543081496,0.4355323612689972,0.026086815730189984,-0.013446519151329994,-0.0033243531361222267,-0.2197592705488205,1,0,-0.004925281275063753,-0.006578131578862667,-0.001652850303798914,5.416866954988109e-10,0.007518293801695108,2.8944574296477926e-06,4.314466561794461e-09
1,111,24,11,15,0.05,0.01880297064781189,0.3760594129562378,15,ok,,3.4684433937072754,25.945070266723633,0.01654190798538058,0.8879981714725328,7.4803210897971555,0.4884021580219269,0.06521703932547496,-0.013446519151329994,-0.0033243531361222267,-0.16346830129623413,1,0,-0.004925281275063753,-0.007998967543244362,-0.0030736862681806087,3.402940151886469e-09,0.018772974610328674,2.9996037483215332e-05,1.350751954731777e-08
1,111,24,11,15,0.1,0.03760594129562378,0.3760594129562378,15,ok,,3.4684433937072754,14.903728485107422,0.012702616211823874,0.8306648792447735,4.296950185821873,0.5598851442337036,0.13043407865094991,-0.013446519151329994,-0.0033243531361222267,-0.05463997274637222,1,0,-0.004925281275063753,-0.006980069912970066,-0.002054788637906313,1.0304117559201131e-09,0.0375463142991066,5.9626996517181396e-05,1.5533549557744664e-08
1,111,24,11,15,0.2,0.07521188259124756,0.3760594129562378,15,ok,,3.4684433937072754,9.317706108093262,0.01817802135486932,0.7732136259565535,2.6864230002990666,0.7016869187355042,0.26086815730189983,-0.013446519151329994,-0.0033243531361222267,-0.023896705359220505,1,0,-0.004925281275063753,-0.006722578778862953,-0.0017972975037992,1.8693996128860135e-08,0.07509210705757141,0.00011977553367614746,1.9447009336204246e-08
1,111,24,11,15,0.4,0.15042376518249512,0.3760594129562378,15,ok,,3.4684433937072754,6.011219501495361,0.021636756014514234,0.7256864511157872,1.7331173725941897,0.9053969383239746,0.5217363146037997,-0.013446519151329994,-0.0033243531361222267,-0.016685716807842255,1,0,-0.004925281275063753,-0.007435204461216927,-0.0025099231861531734,5.160851301866387e-09,0.1501847803592682,0.0002389848232269287,2.5108857215627722e-08
1,112,45,20,2,0.02,0.015439541339874269,0.7719770669937134,2,ok,,1.268750786781311,11.759212493896484,0.017691145574703773,0.906072651605307,9.268339075256154,0.1815638393163681,0.019588930222508055,0.0023918019142001867,0.018581395968794823,0.00019763130694627762,1,1,-0.016355153173208237,-0.016352104023098946,3.0491501092910767e-06,2.1866243593574643e-09,0.015437494963407516,2.046376466752209e-06,1.0004868045143667e-09
1,112,45,20,2,0.05,0.03859885334968567,0.7719770669937134,2,ok,,1.268750786781311,6.168759346008301,0.02313086966688644,0.8428625596739722,4.8620733167409025,0.23838846385478973,0.04897232555627014,0.0023918019142001867,0.018581395968794823,0.0007988661527633667,1,1,-0.016355153173208237,-0.01632431335747242,3.0839815735816956e-05,4.498259276172821e-09,0.038546375930309296,5.2477419376376067e-05,6.704027111226196e-09
1,112,45,20,2,0.1,0.07719770669937134,0.7719770669937134,2,ok,,1.268750786781311,3.92215895652771,0.040386798640110036,0.7835292750011712,3.0913548960034367,0.30253446102142334,0.09794465111254028,0.0023918019142001867,0.018581395968794823,0.0016151238232851028,1,1,-0.016355153173208237,-0.01623045653104782,0.00012469664216041565,1.2786967285011294e-08,0.07709281891584396,0.00010488778352737982,8.538086682108315e-09
1,112,45,20,2,0.2,0.1543954133987427,0.7719770669937134,2,ok,,1.268750786781311,2.7083899974823,0.06595473538129099,0.7314606517611032,2.134690299858705,0.4177756607532501,0.19588930222508055,0.0023918019142001867,0.018581395968794823,0.007827402092516422,1,1,-0.016355153173208237,-0.015146627090871334,0.0012085260823369026,1.1100424646094328e-08,0.15418559312820435,0.00020982027053834118,1.1769976993036835e-08
1,112,45,20,2,0.4,0.3087908267974854,0.7719770669937134,2,ok,,1.268750786781311,2.0134520530700684,0.08309714588897894,0.6970478056729057,1.586956299098265,0.6218774318695068,0.3917786044501611,0.0023918019142001867,0.018581395968794823,0.01476907730102539,1,1,-0.016355153173208237,-0.011794586665928364,0.004560566507279873,1.0916460268725614e-08,0.308370977640152,0.00041984915733339623,1.7583923650477118e-08
1,112,40,9,26,0.02,0.017079150676727297,0.8539575338363647,26,ok,,2.0759947299957275,36.59073257446289,0.0010513768780369053,0.9477822140211869,17.62563846899581,0.6252932548522949,0.03545622679768883,0.000724366691429168,0.021084388718008995,-0.04407992586493492,0,1,-0.019315611571073532,-0.02006845921278,-0.0007528476417064667,5.395972568506685e-11,0.017033439129590988,4.5711547136308844e-05,1.4177418350413973e-08
1,112,40,9,26,0.05,0.04269787669181824,0.8539575338363647,26,ok,,2.0759947299957275,15.66396427154541,0.0093604582648711,0.8896607958352113,7.5452813271689285,0.6686805486679077,0.08864056699422207,0.000724366691429168,0.021084388718008995,0.037174638360738754,1,1,-0.019315611571073532,-0.01772833801805973,0.0015872735530138016,4.5717759578067785e-09,0.04268309846520424,1.4778226613998413e-05,1.8783998356752818e-08
1,112,40,9,26,0.1,0.08539575338363647,0.8539575338363647,26,ok,,2.0759947299957275,9.46496295928955,0.008351163508454362,0.8382452815785488,4.559242286373468,0.8080829977989197,0.17728113398844414,0.000724366691429168,0.021084388718008995,0.03390930965542793,1,1,-0.019315611571073532,-0.0164199061691761,0.0028957054018974304,5.642846856446226e-09,0.0853661522269249,2.960115671157837e-05,2.265730003614408e-08
1,112,40,9,26,0.2,0.17079150676727295,0.8539575338363647,26,ok,,2.0759947299957275,5.402145862579346,0.012368698744620443,0.7696450202840651,2.602196327631266,0.9224345684051514,0.3545622679768883,0.000724366691429168,0.021084388718008995,0.006001673173159361,1,1,-0.019315611571073532,-0.018290583044290543,0.0010250285267829895,6.2775856179975165e-09,0.17073291540145874,5.8591365814208984e-05,2.5849814733192034e-08
1,112,40,9,26,0.4,0.3415830135345459,0.8539575338363647,26,ok,,2.0759947299957275,3.2872252464294434,0.019289460295112002,0.7196275168119538,1.5834458531764313,1.1225776672363281,0.7091245359537766,0.000724366691429168,0.021084388718008995,0.010580084286630154,1,1,-0.019315611571073532,-0.015701647847890854,0.0036139637231826782,1.3350893945940356e-08,0.3414662182331085,0.00011679530143737793,3.160766226528722e-08
1,113,29,13,3,0.02,0.023536264896392822,1.1768132448196411,3,ok,,1.149396538734436,6.041049480438232,0.021431418831629197,0.8517712498058884,5.255844503485789,0.14222031831741333,0.02705250140665072,-0.016249848529696465,0.0016141401138156652,0.0405738539993763,1,0,-0.007498172111809254,-0.006543212104588747,0.0009549600072205067,3.031623618809931e-09,0.023467043414711952,6.922148168087006e-05,3.6560448002376233e-09
1,113,29,13,3,0.05,0.058840662240982056,1.1768132448196411,3,ok,,1.149396538734436,3.4458863735198975,0.018304244281364065,0.7861916253195891,2.997996128743397,0.2026820182800293,0.0676312535166268,-0.016249848529696465,0.0016141401138156652,0.013510951772332191,1,0,-0.007498172111809254,-0.006703180260956287,0.0007949918508529663,1.4989370300533267e-09,0.05880487710237503,3.5785138607025146e-05,2.5279658366628155e-09
1,113,29,13,3,0.1,0.11768132448196411,1.1768132448196411,3,ok,,1.149396538734436,2.2085628509521484,0.03471257186828131,0.731048697654494,1.9214977394851085,0.2598634958267212,0.1352625070332536,-0.016249848529696465,0.0016141401138156652,0.003287276951596141,1,0,-0.007498172111809254,-0.007111320272088051,0.00038685183972120285,7.341183355658032e-10,0.11760985851287842,7.146596908569336e-05,3.2337648114832973e-09
1,113,29,13,3,0.2,0.23536264896392822,1.1768132448196411,3,ok,,1.149396538734436,1.5229289531707764,0.04669865151373265,0.6985908207266562,1.3249813287643095,0.3585600256919861,0.2705250140665072,-0.016249848529696465,0.0016141401138156652,-0.000820055662188679,0,0,-0.007498172111809254,-0.007691177539527416,-0.00019300542771816254,5.045232433220637e-09,0.23521988093852997,0.0001427680253982544,4.468712511140893e-09
1,113,29,13,3,0.4,0.47072529792785645,1.1768132448196411,3,ok,,1.149396538734436,1.1029595136642456,0.057029074241412916,0.6866298488861113,0.959598777700966,0.519051194190979,0.5410500281330144,-0.016249848529696465,0.0016141401138156652,-0.0012928463984280825,0,0,-0.007498172111809254,-0.008106743916869164,-0.0006085718050599098,3.7010151054950313e-09,0.4704397916793823,0.0002855062484741211,6.452443024329568e-09
1,114,40,10,2,0.02,0.04475460052490234,2.237730026245117,2,ok,,0.7913973927497864,21.54853057861328,0.004199578031135608,0.9650792576108802,27.22845788474689,0.9644710421562195,0.035418674168965936,0.03232146054506302,-0.0006400012644007802,-0.016894876956939697,1,0,-0.08226825296878815,-0.08302438259124756,-0.0007561296224594116,6.153334197755468e-09,0.04467060789465904,8.39926302433e-05,2.6153072596457605e-08
1,114,40,10,2,0.05,0.11188650131225586,2.237730026245117,2,ok,,0.7913973927497864,9.275460243225098,0.007468735089410512,0.9241682904429377,11.720357342832402,1.0372300148010254,0.08854668542241484,0.03232146054506302,-0.0006400012644007802,-0.017612524330615997,1,0,-0.08226825296878815,-0.08423888683319092,-0.001970633864402771,3.0137773165961335e-08,0.11175338178873062,0.00013311952352523804,1.7412531860827585e-08
1,114,40,10,2,0.1,0.22377300262451172,2.237730026245117,2,ok,,0.7913973927497864,5.205987930297852,0.0075024424944673245,0.8771136238507703,6.578222240791781,1.1640321016311646,0.17709337084482968,0.03232146054506302,-0.0006400012644007802,-0.00583413802087307,1,0,-0.08226825296878815,-0.08357379585504532,-0.0013055428862571716,2.0303600578586156e-08,0.22350749373435974,0.00026550889015197754,1.9553851871023653e-08
1,114,40,10,2,0.2,0.44754600524902344,2.237730026245117,2,ok,,0.7913973927497864,2.9664883613586426,0.013987282607321638,0.8142254695279173,3.7484181632789375,1.3297791481018066,0.35418674168965936,0.03232146054506302,-0.0006400012644007802,0.01080261915922165,0,0,-0.08226825296878815,-0.07743358612060547,0.004834666848182678,2.2027535351298866e-09,0.4470177888870239,0.0005282163619995117,2.235424290120136e-08
1,114,40,10,2,0.4,0.8950920104980469,2.237730026245117,2,ok,,0.7913973927497864,1.7015436887741089,0.0262672262469209,0.74576502337314,2.1500496518693115,1.5217950344085693,0.7083734833793187,0.03232146054506302,-0.0006400012644007802,0.009112963452935219,0,0,-0.08226825296878815,-0.07411129772663116,0.008156955242156982,1.4463473974046792e-08,0.8940363526344299,0.0010556578636169434,2.5579833362598947e-08
1,115,42,12,5,0.02,0.015439541339874269,0.7719770669937134,5,ok,,2.8493030071258545,43.3015251159668,-0.0012963998863823605,0.9403728726308511,15.197234203473032,0.6685100197792053,0.0439919315683477,0.04243454709649086,0.053779203444719315,0.06887220591306686,1,1,-0.13529740273952484,-0.13423404097557068,0.0010633617639541626,6.493591033591636e-09,0.015437494963407516,2.046376466752209e-06,3.7042060530012577e-09
1,115,42,12,5,0.05,0.03859885334968567,0.7719770669937134,5,ok,,2.8493030071258545,18.52530288696289,0.006591138676940536,0.8759984247909514,6.501696323847006,0.7149167656898499,0.10997982892086924,0.04243454709649086,0.053779203444719315,0.13517799973487854,1,1,-0.13529740273952484,-0.13007968664169312,0.005217716097831726,3.0996130054999904e-10,0.038546375930309296,5.2477419376376067e-05,2.018242462042963e-08
1,115,42,12,5,0.1,0.07719770669937134,0.7719770669937134,5,ok,,2.8493030071258545,11.655900955200195,0.011083844509529022,0.8249653369243801,4.0907902480170515,0.9007930755615234,0.2199596578417385,0.04243454709649086,0.053779203444719315,0.08733465522527695,1,1,-0.13529740273952484,-0.1285553127527237,0.0067420899868011475,5.4888029499093605e-08,0.07709281891584396,0.00010488778352737982,2.5358977140399475e-08
1,115,42,12,5,0.2,0.1543954133987427,0.7719770669937134,5,ok,,2.8493030071258545,6.546677112579346,0.010220535617178035,0.757285135394732,2.2976415973325364,1.0106040239334106,0.439919315683477,0.04243454709649086,0.053779203444719315,0.07680156081914902,1,1,-0.13529740273952484,-0.12343960255384445,0.01185780018568039,8.54666080268851e-09,0.15418559312820435,0.00020982027053834118,2.8560718234871274e-08
1,115,42,12,5,0.4,0.3087908267974854,0.7719770669937134,5,ok,,2.8493030071258545,4.449124336242676,0.02035709263820497,0.7178238943821473,1.5614781317094912,1.3759571313858032,0.879838631366954,0.04243454709649086,0.053779203444719315,0.06310012936592102,1,1,-0.13529740273952484,-0.11581270396709442,0.01948469877243042,4.2345500619878074e-08,0.308370977640152,0.00041984915733339623,3.8807076663260887e-08
1,115,45,21,3,0.02,0.012200382947921752,0.6100191473960876,3,ok,,1.5303142070770264,9.665006637573242,-0.004183126701347586,0.8746462556396268,6.315700784107306,0.11798352003097534,0.01867041935698495,-0.002608182840049267,-0.07776422053575516,-0.1055593490600586,1,0,-0.030748926103115082,-0.032036785036325455,-0.001287858933210373,5.5490556860864765e-09,0.012172084301710129,2.829864621162366e-05,2.8616640168621643e-09
1,115,45,21,3,0.05,0.030500957369804384,0.6100191473960876,3,ok,,1.5303142070770264,5.578105449676514,0.00793623644942237,0.8108104300828851,3.6450719884038176,0.1701144576072693,0.04667604839246238,-0.002608182840049267,-0.07776422053575516,-0.06765236705541611,1,0,-0.030748926103115082,-0.03281238675117493,-0.002063460648059845,1.3154637600563956e-09,0.03049464523792267,6.312131881715255e-06,1.3514441787876308e-09
1,115,45,21,3,0.1,0.06100191473960877,0.6100191473960876,3,ok,,1.5303142070770264,3.802504062652588,0.013358999075544034,0.7640003485418749,2.484786487026784,0.2319251149892807,0.09335209678492476,-0.002608182840049267,-0.07776422053575516,-0.06491389870643616,1,0,-0.030748926103115082,-0.03470876067876816,-0.003959834575653076,3.7538652542315476e-08,0.06098984554409981,1.2069195508959685e-05,1.8331959283912624e-09
1,115,45,21,3,0.2,0.12200382947921753,0.6100191473960876,3,ok,,1.5303142070770264,2.9729340076446533,0.030334862852495138,0.7336246754020714,1.9426951627935005,0.362700879573822,0.18670419356984952,-0.002608182840049267,-0.07776422053575516,-0.07596886903047562,1,0,-0.030748926103115082,-0.04001742601394653,-0.009268499910831451,6.967908293756264e-09,0.12198016792535782,2.3661553859716244e-05,2.868015158696835e-09
1,115,45,21,3,0.4,0.24400765895843507,0.6100191473960876,3,ok,,1.5303142070770264,2.208930730819702,0.03159544017868065,0.7089447337427879,1.4434491430602492,0.5389023423194885,0.37340838713969904,-0.002608182840049267,-0.07776422053575516,-0.06366467475891113,1,0,-0.030748926103115082,-0.04628358781337738,-0.015534661710262299,6.536009778540519e-09,0.24396051466464996,4.714429378510632e-05,4.2614840545240895e-09
1,116,30,13,10,0.02,0.02076819896697998,1.038409948348999,10,ok,,1.0322537422180176,6.916162014007568,0.0007590052899996368,0.8796747454380778,6.700060005730778,0.14358341693878174,0.02143805110279345,0.0285123772919178,-0.016815241426229477,-0.041949182748794556,1,0,-0.06918881088495255,-0.07006000727415085,-0.0008711963891983032,1.2584630866259786e-08,0.020757490769028664,1.0708197951316695e-05,4.08436529042433e-09
1,116,30,13,10,0.05,0.05192049741744995,1.038409948348999,10,ok,,1.0322537422180176,4.1080708503723145,0.008739285275184621,0.8220458695799401,3.9797103002419414,0.21341174840927124,0.05359512775698363,0.0285123772919178,-0.016815241426229477,-0.04000632092356682,1,0,-0.06918881088495255,-0.07126596570014954,-0.002077154815196991,6.733003266035098e-09,0.05182744190096855,9.305551648140092e-05,4.5862993403034125e-09
1,116,30,13,10,0.1,0.1038409948348999,1.038409948348999,10,ok,,1.0322537422180176,2.7864058017730713,0.011094345366841993,0.7738991606154054,2.699341923220529,0.2889900505542755,0.10719025551396726,0.0285123772919178,-0.016815241426229477,-0.03432682529091835,1,0,-0.06918881088495255,-0.07275335490703583,-0.0035645440220832825,1.2334350518814624e-08,0.10365375131368637,0.00018724352121353427,6.2062666117412846e-09
1,116,30,13,10,0.2,0.2076819896697998,1.038409948348999,10,ok,,1.0322537422180176,1.975518822669983,0.014853080950801557,0.7353443627436392,1.9137918729393462,0.4097415506839752,0.2143805110279345,0.0285123772919178,-0.016815241426229477,-0.033100564032793045,1,0,-0.06918881088495255,-0.07606320828199387,-0.006874397397041321,6.399518248656477e-09,0.20730745792388916,0.0003745317459106501,8.809499796313958e-09
1,116,30,13,10,0.4,0.4153639793395996,1.038409948348999,10,ok,,1.0322537422180176,1.41385018825531,0.02208359661780651,0.7076574873725183,1.3696731050022461,0.5864372253417969,0.428761022055869,0.0285123772919178,-0.016815241426229477,-0.01610642857849598,1,0,-0.06918881088495255,-0.07587885111570358,-0.006690040230751038,9.963437896769178e-09,0.41461458802223206,0.0007493913173675648,1.262166637872042e-08
1,118,86,8,13,0.02,0.047783818244934086,2.389190912246704,13,ok,,1.1181176900863647,17.68207359313965,0.010106187179701855,0.9418006196092918,15.814143493032516,0.8453320860862732,0.05342793247953239,0.012327679432928562,-0.006397877354174852,-0.05805293098092079,1,0,-0.06788330525159836,-0.07065728306770325,-0.002773977816104889,1.2886473133369436e-08,0.04764186963438988,0.00014194861054420832,2.1216351342445705e-08
1,118,86,8,13,0.05,0.11945954561233521,2.389190912246704,13,ok,,1.1181176900863647,7.454044342041016,0.00900241053357447,0.8781447791704622,6.666600849020275,0.890200674533844,0.13356983119883098,0.012327679432928562,-0.006397877354174852,-0.0066294483840465546,1,0,-0.06788330525159836,-0.06867526471614838,-0.0007919594645500183,8.572931386920807e-09,0.11940047144889832,5.90741634368952e-05,9.600552353106195e-09
1,118,86,8,13,0.1,0.23891909122467042,2.389190912246704,13,ok,,1.1181176900863647,4.2643280029296875,0.005871165777395333,0.8178276085385927,3.813845394572455,1.0189701318740845,0.26713966239766196,0.012327679432928562,-0.006397877354174852,-0.032724909484386444,1,0,-0.06788330525159836,-0.07570189237594604,-0.007818587124347687,1.851007152067763e-08,0.23879946768283844,0.00011962354183198132,1.1012108558361433e-08
1,118,86,8,13,0.2,0.47783818244934084,2.389190912246704,13,ok,,1.1181176900863647,2.4295005798339844,0.0143858893108217,0.750210814474012,2.1728487093734774,1.1605015993118286,0.5342793247953239,0.012327679432928562,-0.006397877354174852,-0.01524710189551115,1,0,-0.06788330525159836,-0.07516894489526749,-0.007285639643669128,7.813701819250896e-09,0.477598637342453,0.0002395451068878396,1.2557823225733955e-08
1,118,86,8,13,0.4,0.9556763648986817,2.389190912246704,13,ok,,1.1181176900863647,1.4546812772750854,0.019890015451889596,0.7071259457211116,1.3010090889103303,1.3929554224014282,1.0685586495906478,0.012327679432928562,-0.006397877354174852,-0.015862898901104927,1,0,-0.06788330525159836,-0.08304309099912643,-0.015159785747528076,1.1811035172462625e-08,0.9551971554756165,0.00047920942306522996,1.5082283866263424e-08
1,121,36,14,15,0.02,0.03042179584503174,1.521089792251587,15,ok,,0.7587907314300537,25.727262496948242,0.0016145566447680086,0.9717339886641126,33.90560984901264,0.7825510501861572,0.023083776720667405,0.026553617790341377,0.0028579256031662226,0.01574193313717842,1,1,-0.05246184393763542,-0.051982954144477844,0.0004788897931575775,8.082947804458583e-09,0.030413182452321053,8.61339271068795e-06,6.509995209569297e-09
1,121,36,14,15,0.05,0.07605448961257935,1.521089792251587,15,ok,,0.7587907314300537,12.354909896850586,0.014090076308138718,0.9431082721953655,16.282367964023024,0.9409489035606384,0.05770944180166851,0.026553617790341377,0.0028579256031662226,-0.03592239320278168,0,1,-0.05246184393763542,-0.05519389361143112,-0.0027320496737957,9.606904249979259e-09,0.07593811303377151,0.00011637657880783636,2.6269033170933653e-08
1,121,36,14,15,0.1,0.1521089792251587,1.521089792251587,15,ok,,0.7587907314300537,7.097041606903076,0.017155378926440673,0.9069522805771963,9.35309475053589,1.078385829925537,0.11541888360333702,0.026553617790341377,0.0028579256031662226,-0.04384618252515793,0,1,-0.05246184393763542,-0.05913122370839119,-0.006669379770755768,1.829606599643846e-08,0.15187612175941467,0.00023285746574402966,3.021992611706992e-08
1,121,36,14,15,0.2,0.3042179584503174,1.521089792251587,15,ok,,0.7587907314300537,3.659306764602661,0.02261166995438652,0.8422346008631052,4.822550688911727,1.1119730472564697,0.23083776720667404,0.026553617790341377,0.0028579256031662226,0.002842711051926017,1,1,-0.05246184393763542,-0.05159701034426689,0.0008648335933685303,2.984068744318544e-08,0.30375200510025024,0.0004659533500671609,3.118379510169689e-08
1,121,36,14,15,0.4,0.6084359169006348,1.521089792251587,15,ok,,0.7587907314300537,2.392517328262329,0.03472458088370684,0.7888181041800725,3.153066094719057,1.4544013738632202,0.4616755344133481,0.026553617790341377,0.0028579256031662226,-0.004087616223841906,0,1,-0.05246184393763542,-0.05494889244437218,-0.0024870485067367554,4.01835440486456e-09,0.6075041890144348,0.0009317278861999956,4.064630232392119e-08
1,121,40,11,7,0.02,0.012852301597595215,0.6426150798797607,7,ok,,2.8459808826446533,35.027801513671875,-0.0007680693172208983,0.9279529524681944,12.307813354357345,0.45056286454200745,0.03657740464473932,0.0038834635633975267,0.008381065912544727,0.0503462478518486,1,1,-0.027474958449602127,-0.026827886700630188,0.0006470717489719391,6.5872727006161674e-09,0.012826227582991123,2.6074014604091436e-05,9.893823538220659e-09
1,121,40,11,7,0.05,0.032130753993988036,0.6426150798797607,7,ok,,2.8459808826446533,15.623944282531738,0.009495078671442118,0.8584460046402149,5.489827559209589,0.5017622113227844,0.09144351161184829,0.0038834635633975267,0.008381065912544727,-0.019164424389600754,0,1,-0.027474958449602127,-0.028090722858905792,-0.0006157644093036652,2.996194981030355e-09,0.03205985203385353,7.090196013450484e-05,7.0393202378227215e-09
1,121,40,11,7,0.1,0.06426150798797607,0.6426150798797607,7,ok,,2.8459808826446533,8.844428062438965,0.015024166495019102,0.7912912920567782,3.107690609016703,0.568437933921814,0.18288702322369657,0.0038834635633975267,0.008381065912544727,-0.014300239272415638,0,1,-0.027474958449602127,-0.028393901884555817,-0.0009189434349536896,1.1505280617107871e-08,0.06411992758512497,0.00014158040285110196,8.01391575322441e-09
1,121,40,11,7,0.2,0.12852301597595214,0.6426150798797607,7,ok,,2.8459808826446533,6.3027496337890625,0.02256242944886774,0.7497347648736793,2.21461418529627,0.8101790547370911,0.36577404644739314,0.0038834635633975267,0.008381065912544727,-0.01722196489572525,0,1,-0.027474958449602127,-0.02968837320804596,-0.0022134147584438324,4.11098675110258e-09,0.12824003398418427,0.00028298199176787775,1.1416243950179705e-08
1,121,40,11,7,0.4,0.2570460319519043,0.6426150798797607,7,ok,,2.8459808826446533,3.47467303276062,0.029621423234648104,0.6995380438963563,1.220905261152186,0.8933441638946533,0.7315480928947863,0.0038834635633975267,0.008381065912544727,-0.004906127229332924,0,1,-0.027474958449602127,-0.0287360530346632,-0.0012610945850610733,5.95149014510736e-09,0.25648006796836853,0.0005659639835357555,1.252425096964771e-08
1,124,38,15,15,0.02,0.02501422643661499,1.2507113218307495,15,ok,,0.7966508865356445,10.83769702911377,0.019178520994159374,0.9327507574491197,13.604073267563301,0.2707577049732208,0.01992760566673269,0.0004450436681509018,-0.010807657614350319,-0.031203266233205795,1,0,-0.00011050176544813439,-0.0008910251781344414,-0.000780523412686307,2.1544330852749788e-09,0.024956215173006058,5.8011263608933467e-05,6.306374977782525e-09
1,124,38,15,15,0.05,0.06253556609153747,1.2507113218307495,15,ok,,0.7966508865356445,5.650382041931152,0.02516983240576739,0.881544551022288,7.092670249192329,0.3533390164375305,0.04981901416683172,0.0004450436681509018,-0.010807657614350319,-0.05546799674630165,1,0,-0.00011050176544813439,-0.003579220501706004,-0.0034687187362578698,3.84023566245284e-09,0.0625348761677742,6.899237632723709e-07,7.556407721764913e-10
1,124,38,15,15,0.1,0.12507113218307495,1.2507113218307495,15,ok,,0.7966508865356445,3.539804220199585,0.0397386679198679,0.8296491100842465,4.443356908304602,0.4427289664745331,0.09963802833366343,0.0004450436681509018,-0.010807657614350319,-0.028112689033150673,1,0,-0.00011050176544813439,-0.0036265896633267403,-0.003516087897878606,2.051791736512598e-09,0.12506966292858124,1.4692544937078278e-06,9.569555148303266e-10
1,124,38,15,15,0.2,0.2501422643661499,1.2507113218307495,15,ok,,0.7966508865356445,2.3584141731262207,0.0743146456030479,0.7713600883586549,2.960411157488542,0.5899417400360107,0.19927605666732687,0.0004450436681509018,-0.010807657614350319,-0.017821140587329865,1,0,-0.00011050176544813439,-0.0045683253556489944,-0.00445782359020086,3.1300986689727917e-09,0.2501390278339386,3.2365322112926087e-06,1.2547742844759568e-09
1,124,38,15,15,0.4,0.5002845287322998,1.2507113218307495,15,ok,,0.7966508865356445,1.5758357048034668,0.10069715964705155,0.7141083798194746,1.9780756306620657,0.788370668888092,0.39855211333465373,0.0004450436681509018,-0.010807657614350319,-0.020532801747322083,1,0,-0.00011050176544813439,-0.01038274820894003,-0.010272246443491895,3.3977791257661094e-09,0.5002768635749817,7.66515731809303e-06,1.6896897214735418e-09
1,125,86,9,7,0.02,0.031912927627563474,1.5956463813781738,7,ok,,1.5566812753677368,29.3590030670166,0.00988695046167205,0.9504905879051534,18.85999628283717,0.9370797872543335,0.04967825687999379,0.047304101288318634,0.013821258209645748,-0.15888307988643646,0,1,-0.160375714302063,-0.16544611752033234,-0.005070403218269348,2.1011390884985437e-08,0.031840384006500244,7.254362106322992e-05,1.1546142708596108e-08
1,125,86,9,7,0.05,0.0797823190689087,1.5956463813781738,7,ok,,1.5566812753677368,12.972248077392578,0.012391805601033298,0.8979766592343056,8.333271738185323,1.0344395637512207,0.12419564219998451,0.047304101288318634,0.013821258209645748,-0.06741182506084442,0,1,-0.160375714302063,-0.16575399041175842,-0.005378276109695435,4.373673688842783e-09,0.07969709485769272,8.5224211215984e-05,2.9582897909108397e-08
1,125,86,9,7,0.1,0.1595646381378174,1.5956463813781738,7,ok,,1.5566812753677368,6.523573398590088,0.018602746834483395,0.8266525984466644,4.1906930479682325,1.0403556823730469,0.24839128439996902,0.047304101288318634,0.013821258209645748,0.002673227107152343,1,1,-0.160375714302063,-0.1599491685628891,0.00042654573917388916,6.776839078835931e-09,0.1593937873840332,0.0001708507537842019,2.9677060808808164e-08
1,125,86,9,7,0.2,0.3191292762756348,1.5956463813781738,7,ok,,1.5566812753677368,3.623014450073242,0.0252705057268357,0.7548460789932601,2.3273964345816682,1.1552526950836182,0.49678256879993804,0.047304101288318634,0.013821258209645748,0.00035287137143313885,1,1,-0.160375714302063,-0.1602630764245987,0.00011263787746429443,2.629208044612223e-08,0.31878942251205444,0.0003398537635803667,3.298664452699995e-08
1,125,86,9,7,0.4,0.6382585525512696,1.5956463813781738,7,ok,,1.5566812753677368,2.4224207401275635,0.028476045459869953,0.7147030537974826,1.5561443299006443,1.5449007749557495,0.9935651375998761,0.047304101288318634,0.013821258209645748,0.011384217068552971,1,1,-0.160375714302063,-0.15310968458652496,0.007266029715538025,4.419256605190519e-08,0.6375788450241089,0.0006797075271607333,4.4095248341591287e-08
1,126,40,12,5,0.02,0.027220194339752198,1.3610097169876099,5,ok,,1.242256760597229,15.002153396606445,-0.0028314790620157307,0.9269130991578091,12.076531899397281,0.40800803899765015,0.033814470443327596,0.0038998739328235388,-0.03866974264383316,-0.009282834827899933,1,0,-0.04184193164110184,-0.042094603180885315,-0.0002526715397834778,9.028255778555355e-09,0.02718299813568592,3.719620406627752e-05,7.624765707703318e-09
1,126,40,12,5,0.05,0.06805048584938049,1.3610097169876099,5,ok,,1.242256760597229,7.023784160614014,-0.0017576745792265652,0.8631876830213391,5.654051870268426,0.4782175123691559,0.08453617610831898,0.0038998739328235388,-0.03866974264383316,-0.004517722874879837,1,0,-0.04184193164110184,-0.04214935749769211,-0.000307425856590271,7.379978161892696e-09,0.06787862628698349,0.0001718595623970004,1.0669904959570431e-08
1,126,40,12,5,0.1,0.13610097169876098,1.3610097169876099,5,ok,,1.242256760597229,4.287291526794434,-0.000803488620337132,0.8074211926113873,3.451212070465866,0.5837907195091248,0.16907235221663797,0.0038998739328235388,-0.03866974264383316,-0.0032115483190864325,1,0,-0.04184193164110184,-0.042278990149497986,-0.0004370585083961487,3.6338489037279764e-08,0.13575702905654907,0.0003439426422119085,1.3080390104391881e-08
1,126,40,12,5,0.2,0.27220194339752196,1.3610097169876099,5,ok,,1.242256760597229,2.5678670406341553,0.011754242835760252,0.7450113863071696,2.0670984631209066,0.6993557810783386,0.33814470443327593,0.0038998739328235388,-0.03866974264383316,0.0033413481432944536,0,0,-0.04184193164110184,-0.040932390838861465,0.0009095408022403717,1.934406791974548e-08,0.2715139091014862,0.0006880342960357555,1.5565113642423967e-08
1,126,40,12,5,0.4,0.5444038867950439,1.3610097169876099,5,ok,,1.242256760597229,1.631081461906433,0.022488674713337802,0.7053507344300659,1.312998659891341,0.8885275721549988,0.6762894088665519,0.0038998739328235388,-0.03866974264383316,0.0062112282030284405,0,0,-0.04184193164110184,-0.03846048563718796,0.0033814460039138794,2.922841420022887e-08,0.5430280566215515,0.0013758301734924094,1.990353304393011e-08
1,128,45,22,13,0.02,0.014771958589553833,0.7385979294776917,13,ok,,1.3782036304473877,9.264841079711914,0.00375289624634316,0.879553379786932,6.722403623837263,0.13682185113430023,0.020358766956941565,-0.019605249166488647,0.015175980515778065,0.07979348301887512,1,0,-0.0014990823110565543,-0.00032037997152656317,0.0011787023395299911,3.687341099123387e-09,0.014763786457479,8.172132074832708e-06,1.6352732501445644e-09
1,128,45,22,13,0.05,0.03692989647388458,0.7385979294776917,13,ok,,1.3782036304473877,4.949949264526367,0.008804303190357356,0.8100944318963724,3.5915949974068346,0.1826486438512802,0.05089691739235391,-0.019605249166488647,0.015175980515778065,0.04824795573949814,1,0,-0.0014990823110565543,0.00028270913753658533,0.0017817914485931396,5.619430918854529e-10,0.036862850189208984,6.704628467559676e-05,4.965436062320805e-09
1,128,45,22,13,0.1,0.07385979294776916,0.7385979294776917,13,ok,,1.3782036304473877,3.0687415599823,0.019101093041781602,0.7509934676684364,2.226624202828365,0.22688449919223785,0.10179383478470783,-0.019605249166488647,0.015175980515778065,0.03675838187336922,1,0,-0.0014990823110565543,0.0012158817844465375,0.002714964095503092,2.3787589896982764e-09,0.07372567802667618,0.00013411492109298428,6.163225929611826e-09
1,128,45,22,13,0.2,0.14771958589553832,0.7385979294776917,13,ok,,1.3782036304473877,2.1525230407714844,0.02239763345671488,0.7167157327453053,1.5618323687561162,0.3183027505874634,0.20358766956941565,-0.019605249166488647,0.015175980515778065,0.01786087453365326,1,0,-0.0014990823110565543,0.001139319036155939,0.0026384013472124934,3.5736906793190637e-10,0.14745038747787476,0.00026919841766356867,8.645433702270111e-09
1,128,45,22,13,0.4,0.29543917179107665,0.7385979294776917,13,ok,,1.3782036304473877,1.46512770652771,0.03072830828618325,0.697173798713065,1.0630705609526236,0.43327468633651733,0.4071753391388313,-0.019605249166488647,0.015175980515778065,0.02291666716337204,1,0,-0.0014990823110565543,0.005271397531032562,0.006770479842089117,1.324869281123242e-09,0.29490211606025696,0.000537055730819691,1.1770931784838012e-08
1,128,86,10,3,0.02,0.025684576034545898,1.284228801727295,3,ok,,1.5646312236785889,47.37287139892578,-0.0059633563106681105,0.9687434782016879,30.277339913693922,1.217797875404358,0.04018688963059731,0.03456873074173927,-0.03219246864318848,-0.03230636566877365,1,0,-0.01321046520024538,-0.014040247537195683,-0.0008297823369503021,7.031530842066709e-09,0.025632040575146675,5.253545939922291e-05,2.684180167022987e-08
1,128,86,10,3,0.05,0.06421144008636474,1.284228801727295,3,ok,,1.5646312236785889,20.118568420410156,0.00956548885715929,0.9299575590687625,12.858345222778267,1.2920846939086914,0.10046722407649326,0.03456873074173927,-0.03219246864318848,-0.04587864875793457,1,0,-0.01321046520024538,-0.016156412661075592,-0.0029459474608302116,1.3354866723776226e-08,0.0640757828950882,0.00013565719127654752,1.7940426033646872e-08
1,128,86,10,3,0.1,0.1284228801727295,1.284228801727295,3,ok,,1.5646312236785889,11.151887893676758,0.004037022125186455,0.8850990290088461,7.127486480456741,1.430374026298523,0.20093444815298653,0.03456873074173927,-0.03219246864318848,-0.009571538306772709,1,0,-0.01321046520024538,-0.014439658261835575,-0.0012291930615901947,1.1455449166943715e-08,0.12815195322036743,0.000270926952362055,1.9780166837790603e-08
1,128,86,10,3,0.2,0.256845760345459,1.284228801727295,3,ok,,1.5646312236785889,6.780313968658447,0.012327026919335063,0.8316885486074824,4.333490132398729,1.7418147325515747,0.40186889630597306,0.03456873074173927,-0.03219246864318848,0.004220590926706791,0,0,-0.01321046520024538,-0.012126442044973373,0.001084023155272007,1.773040514407853e-08,0.25630396604537964,0.0005417943000793346,2.4359090744496825e-08
1,128,86,10,3,0.4,0.513691520690918,1.284228801727295,3,ok,,1.5646312236785889,3.543017625808716,0.018792249436943523,0.753595989587134,2.2644426189300364,1.8204045295715332,0.8037377926119461,0.03456873074173927,-0.03219246864318848,0.009666633792221546,0,0,-0.01321046520024538,-0.00824479665607214,0.004965668544173241,7.314847399672586e-10,0.5126078724861145,0.0010836482048034446,2.5192749220082078e-08
1,129,36,15,8,0.02,0.036460986137390135,1.8230493068695068,8,ok,,0.7908064723014832,7.832098484039307,0.009564360792517206,0.9120470236406371,9.90393826853194,0.2852531373500824,0.028833583823942775,-0.010392682626843452,0.006848571822047234,-0.013391468673944473,0,0,-0.01993953436613083,-0.020427806302905083,-0.00048827193677425385,5.783094270172054e-09,0.036388099193573,7.288694381713673e-05,7.631004272923292e-09
1,129,36,15,8,0.05,0.09115246534347535,1.8230493068695068,8,ok,,0.7908064723014832,3.8340728282928467,0.00831067980576885,0.8451647302081713,4.848307345196228,0.34954318404197693,0.07208395955985694,-0.010392682626843452,0.006848571822047234,-0.01171613298356533,0,0,-0.01993953436613083,-0.021007481962442398,-0.0010679475963115692,6.809432417887937e-09,0.09093387424945831,0.00021859109401703436,9.339816031683768e-09
1,129,36,15,8,0.1,0.1823049306869507,1.8230493068695068,8,ok,,0.7908064723014832,2.479893445968628,0.014928441681482364,0.7926289898795058,3.135904336680833,0.4521900713443756,0.14416791911971388,-0.010392682626843452,0.006848571822047234,-0.005662619601935148,0,0,-0.01993953436613083,-0.020971857011318207,-0.001032322645187378,8.288499775844366e-10,0.1818677932024002,0.0004371374845504872,1.2062774779053598e-08
1,129,36,15,8,0.2,0.3646098613739014,1.8230493068695068,8,ok,,0.7908064723014832,1.636527419090271,0.02782710313864534,0.741116894364319,2.0694411039978187,0.5968279838562012,0.28833583823942777,-0.010392682626843452,0.006848571822047234,-0.009188239462673664,0,0,-0.01993953436613083,-0.02328966185450554,-0.00335012748837471,4.771619055172344e-09,0.36373570561408997,0.0008741557598114236,1.5941443720635107e-08
1,129,36,15,8,0.4,0.7292197227478028,1.8230493068695068,8,ok,,0.7908064723014832,1.310492992401123,0.03715821876197139,0.7154840357624555,1.6571601754668746,0.9558559060096741,0.5766716764788555,-0.010392682626843452,0.006848571822047234,0.00030903011793270707,1,0,-0.01993953436613083,-0.01971418969333172,0.0002253446727991104,6.184120499025262e-09,0.7274715304374695,0.0017481923103332964,2.545643873475001e-08
1,131,45,23,3,0.02,0.032859709262847904,1.642985463142395,3,ok,,0.569639265537262,6.768645286560059,0.019555211580276604,0.9241196746302642,11.882336236362233,0.22248102724552155,0.018718180650256645,0.011836429126560688,-0.007597890216857195,-0.02307184413075447,1,0,-0.03447508439421654,-0.03523321822285652,-0.0007581338286399841,2.616543516142239e-10,0.03277237340807915,8.733585476875666e-05,4.040798806670409e-09
1,131,45,23,3,0.05,0.08214927315711976,1.642985463142395,3,ok,,0.569639265537262,3.5310323238372803,0.025662458831207182,0.8687103069914903,6.198716516672612,0.2899438738822937,0.04679545162564161,0.011836429126560688,-0.007597890216857195,-0.001548922504298389,1,0,-0.03447508439421654,-0.0346023291349411,-0.0001272447407245636,1.8828197452470854e-09,0.08209148049354553,5.77926635742243e-05,8.24484835959538e-09
1,131,45,23,3,0.1,0.1642985463142395,1.642985463142395,3,ok,,0.569639265537262,2.3237297534942627,0.03258099293954374,0.8207122981698399,4.079300522407862,0.3816351890563965,0.09359090325128322,0.011836429126560688,-0.007597890216857195,-0.0017848005518317223,1,0,-0.03447508439421654,-0.03476833924651146,-0.0002932548522949219,1.4716168117434592e-08,0.1641823798418045,0.00011616647243500866,1.0863487887036172e-08
1,131,45,23,3,0.2,0.328597092628479,1.642985463142395,3,ok,,0.569639265537262,1.502170205116272,0.0408853436669681,0.7649617317083196,2.637055231255601,0.49444082379341125,0.18718180650256644,0.011836429126560688,-0.007597890216857195,-0.0008764471858739853,1,0,-0.03447508439421654,-0.03476309776306152,-0.00028801336884498596,1.53717243822518e-08,0.3283681869506836,0.00022890567779543236,1.4089621913626615e-08
1,131,45,23,3,0.4,0.657194185256958,1.642985463142395,3,ok,,0.569639265537262,0.9974775314331055,0.0550531621864316,0.7144778704671949,1.7510687759394041,0.6552209258079529,0.3743636130051329,0.011836429126560688,-0.007597890216857195,0.002788126701489091,0,0,-0.03447508439421654,-0.032642755657434464,0.001832328736782074,1.1919196218988098e-08,0.656737208366394,0.00045697689056400925,1.8671833856842568e-08
1,132,36,16,3,0.02,0.023772900104522706,1.1886450052261353,3,ok,,1.2416449785232544,7.024813652038574,0.002572123475909224,0.8625825757211025,5.657666864152949,0.1670677363872528,0.02951750203971557,0.012113118544220924,0.004620898514986038,-0.030759934335947037,0,1,-0.07378077507019043,-0.07451199740171432,-0.0007312223315238953,3.051466625160395e-08,0.023706655949354172,6.62441551685343e-05,4.24003809840201e-09
1,132,36,16,3,0.05,0.05943225026130677,1.1886450052261353,3,ok,,1.2416449785232544,3.8067703247070312,0.013839693280442836,0.7900179028270933,3.0659088471742804,0.22618210315704346,0.07379375509928893,0.012113118544220924,0.004620898514986038,-0.014268962666392326,0,1,-0.07378077507019043,-0.0746287927031517,-0.0008480176329612732,1.892719699860771e-08,0.059402432292699814,2.9817968606953016e-05,2.5703401629328937e-09
1,132,36,16,3,0.1,0.11886450052261353,1.1886450052261353,3,ok,,1.2416449785232544,2.422761917114258,0.017475549913527177,0.7379884358356104,1.9512517338038196,0.2878855764865875,0.14758751019857785,0.012113118544220924,0.004620898514986038,-0.01792209781706333,0,1,-0.07378077507019043,-0.07591105997562408,-0.002130284905433655,1.6299909000663804e-08,0.11880501359701157,5.9486925601967555e-05,3.2708937780512315e-09
1,132,36,16,3,0.2,0.23772900104522707,1.1886450052261353,3,ok,,1.2416449785232544,1.7966772317886353,0.024719136410952258,0.7095240475506756,1.44701364952489,0.4269722104072571,0.2951750203971557,0.012113118544220924,0.004620898514986038,-0.021712036803364754,0,1,-0.07378077507019043,-0.07894234359264374,-0.005161568522453308,1.2297467800147233e-08,0.23760990798473358,0.00011909306049348589,4.868535352642311e-09
1,132,36,16,3,0.4,0.47545800209045413,1.1886450052261353,3,ok,,1.2416449785232544,1.3048025369644165,0.030200544432334896,0.6964970987046183,1.05086603621208,0.6201486587524414,0.5903500407943114,0.012113118544220924,0.004620898514986038,-0.012948710471391678,0,1,-0.07378077507019043,-0.07993732392787933,-0.006156548857688904,1.9152686725650014e-08,0.4752197563648224,0.00023824572563174717,7.058152728944833e-09
1,133,29,14,20,0.02,0.014793511629104614,0.7396755814552307,20,ok,,1.423144817352295,16.843000411987305,-0.003356752022560411,0.925567867268085,11.8350572665621,0.2495448887348175,0.02105330940540114,-0.029024098068475723,-0.00045437971130013466,-0.09929372370243073,1,0,0.022537022829055786,0.02106812223792076,-0.001468900591135025,2.265153984304033e-09,0.01478577684611082,7.734782993793626e-06,2.9531783685143864e-09
1,133,29,14,20,0.05,0.036983779072761534,0.7396755814552307,20,ok,,1.423144817352295,8.242071151733398,-0.009848577156860062,0.8666305169849242,5.791449367086658,0.30504870414733887,0.05263327351350284,-0.029024098068475723,-0.00045437971130013466,-0.06748442351818085,1,0,0.022537022829055786,0.020041191950440407,-0.0024958308786153793,1.8683663062860068e-09,0.03691823408007622,6.55449926853166e-05,8.317085686826431e-09
1,133,29,14,20,0.1,0.07396755814552307,0.7396755814552307,20,ok,,1.423144817352295,5.05814266204834,0.004916903585227291,0.8096896428807973,3.5542009501571745,0.3737490177154541,0.10526654702700568,-0.029024098068475723,-0.00045437971130013466,-0.06303620338439941,1,0,0.022537022829055786,0.01787438429892063,-0.004662638530135155,4.491026573197332e-09,0.07383640855550766,0.0001311495900154086,1.0205456923984002e-08
1,133,29,14,20,0.2,0.14793511629104614,0.7396755814552307,20,ok,,1.423144817352295,3.187222957611084,0.006921978067198247,0.7552222432062762,2.239563338001362,0.4720296263694763,0.21053309405401135,-0.029024098068475723,-0.00045437971130013466,-0.038580987602472305,1,0,0.022537022829055786,0.016829540953040123,-0.005707481876015663,1.0115794868426065e-09,0.1476728618144989,0.00026225447654723566,1.283118677974926e-08
1,133,29,14,20,0.4,0.2958702325820923,0.7396755814552307,20,ok,,1.423144817352295,2.027207374572754,0.015275405475672492,0.712716902483281,1.424456140972968,0.6000763177871704,0.4210661881080227,-0.029024098068475723,-0.00045437971130013466,-0.02473597042262554,1,0,0.022537022829055786,0.015218386426568031,-0.007318636402487755,9.195982196216756e-10,0.295345664024353,0.0005245685577392467,1.6348632669860308e-08
1,133,86,11,5,0.02,0.01606685757637024,0.803342878818512,5,ok,,2.8486387729644775,59.71052169799805,0.011264570474427835,0.9550360573495233,20.96107174580035,0.959522008895874,0.04576867345174634,0.010851429775357246,0.04807686060667038,-0.2094888836145401,0,1,-0.035516414791345596,-0.03888222575187683,-0.0033658109605312347,1.7096336382173283e-08,0.016042331233620644,2.4526342749596475e-05,1.3494001471769934e-08
1,133,86,11,5,0.05,0.040167143940925604,0.803342878818512,5,ok,,2.8486387729644775,25.131837844848633,0.005143528800157464,0.9034167876455286,8.822402504437584,1.00990629196167,0.11442168362936586,0.010851429775357246,0.04807686060667038,-0.111099973320961,0,1,-0.035516414791345596,-0.03997897356748581,-0.004462558776140213,9.844075821857645e-09,0.04012935981154442,3.778412938118536e-05,2.876515736716101e-08
1,133,86,11,5,0.1,0.08033428788185121,0.803342878818512,5,ok,,2.8486387729644775,12.377161026000977,0.008423688224664133,0.8325696901611724,4.344938762845019,0.9957637786865234,0.22884336725873172,0.010851429775357246,0.04807686060667038,-0.017353659495711327,0,1,-0.035516414791345596,-0.036910515278577805,-0.0013941004872322083,6.609500113668662e-09,0.08025872707366943,7.55608081817738e-05,2.839451340719279e-08
1,133,86,11,5,0.2,0.16066857576370241,0.803342878818512,5,ok,,2.8486387729644775,7.765553951263428,0.015883182079845164,0.7738898704514099,2.726057801698516,1.2469065189361572,0.45768673451746344,0.010851429775357246,0.04807686060667038,0.021826645359396935,1,1,-0.035516414791345596,-0.0320095531642437,0.003506861627101898,5.60350816788957e-09,0.16051742434501648,0.0001511514186859353,3.560812089631327e-08
1,133,86,11,5,0.4,0.32133715152740483,0.803342878818512,5,ok,,2.8486387729644775,3.9842913150787354,0.023714418965774337,0.7079104206906955,1.3986649879552913,1.2795159816741943,0.9153734690349269,0.010851429775357246,0.04807686060667038,0.02878515236079693,1,1,-0.035516414791345596,-0.026266684755682945,0.009249730035662651,8.830238186485762e-09,0.3210349678993225,0.0003021836280823198,3.654627533933308e-08
1,134,40,13,8,0.02,0.019050445556640625,0.9525222778320312,8,ok,,1.5717192888259888,26.498079299926758,-0.0013349759541102862,0.9457504868302883,16.859295096965376,0.504737377166748,0.029941952742101423,0.04701793193817139,-0.027381284162402153,-0.10861140489578247,1,0,-0.041372980922460556,-0.04344206675887108,-0.0020690858364105225,9.819386832723292e-09,0.019022202119231224,2.824343740940108e-05,1.4125848935009344e-08
1,134,40,13,8,0.05,0.04762611389160157,0.9525222778320312,8,ok,,1.5717192888259888,12.994553565979004,0.0064301045203784156,0.8979486033611108,8.267731813406161,0.6192053556442261,0.07485488185525356,0.04701793193817139,-0.027381284162402153,-0.09612066298723221,1,0,-0.041372980922460556,-0.04595084860920906,-0.004577867686748505,1.4043982332102856e-08,0.04750010743737221,0.0001260064542293604,1.566239760109056e-08
1,134,40,13,8,0.1,0.09525222778320314,0.9525222778320312,8,ok,,1.5717192888259888,7.688576698303223,0.021467148027878948,0.8439946178339007,4.891825628761857,0.7311632037162781,0.14970976371050712,0.04701793193817139,-0.027381284162402153,-0.04744413495063782,1,0,-0.041372980922460556,-0.045892152935266495,-0.004519172012805939,1.2463510756441365e-08,0.09500009566545486,0.0002521321177482716,1.8570496251868462e-08
1,134,40,13,8,0.2,0.19050445556640627,0.9525222778320312,8,ok,,1.5717192888259888,4.287742614746094,0.027814222465493813,0.772552181181914,2.7280587858320025,0.8172029852867126,0.29941952742101424,0.04701793193817139,-0.027381284162402153,-0.035877253860235214,1,0,-0.041372980922460556,-0.04820777475833893,-0.006834793835878372,1.7122016514672933e-08,0.19000010192394257,0.0005043536424637063,2.070254367936286e-08
1,134,40,13,8,0.4,0.38100891113281254,0.9525222778320312,8,ok,,1.5717192888259888,2.6467349529266357,0.030454217930764076,0.7190391805069762,1.6839743405464958,1.007548213005066,0.5988390548420285,0.04701793193817139,-0.027381284162402153,-0.028952285647392273,1,0,-0.041372980922460556,-0.05240405723452568,-0.011031076312065125,2.5172539625667456e-09,0.38000011444091797,0.0010087966918945757,2.5442817630505488e-08
1,134,36,17,2,0.02,0.01419541358947754,0.709770679473877,2,ok,,1.5958716869354248,7.04866886138916,0.013811157860236638,0.83356282398681,4.416814283434279,0.10000736266374588,0.022654058631785576,0.027984555810689926,-0.01521014142781496,-0.03746959567070007,1,0,-0.03473876789212227,-0.035270676016807556,-0.0005319081246852875,1.1717109202813089e-08,0.014182346872985363,1.3066716492177166e-05,1.566921481455097e-09
1,134,36,17,2,0.05,0.03548853397369385,0.709770679473877,2,ok,,1.5958716869354248,3.6986656188964844,0.02516914375124893,0.7541533826941275,2.317645991951124,0.13111865520477295,0.05663514657946394,0.027984555810689926,-0.01521014142781496,-0.0071326857432723045,1,0,-0.03473876789212227,-0.03499191254377365,-0.00025314465165138245,1.6091327581491642e-08,0.03541334718465805,7.51867890357999e-05,3.3484108818981895e-09
1,134,36,17,2,0.1,0.0709770679473877,0.709770679473877,2,ok,,1.5958716869354248,2.4649081230163574,0.03122222843707519,0.7120849429121824,1.544552825389246,0.17508405447006226,0.11327029315892788,0.027984555810689926,-0.01521014142781496,-0.007729796692728996,1,0,-0.03473876789212227,-0.03528740257024765,-0.0005486346781253815,3.6269539372725534e-09,0.07082664221525192,0.00015042573213577826,4.442490819656086e-09
1,134,36,17,2,0.2,0.1419541358947754,0.709770679473877,2,ok,,1.5958716869354248,1.6592285633087158,0.04466383409672838,0.6911294906274061,1.0397004827461513,0.2357349991798401,0.22654058631785576,0.027984555810689926,-0.01521014142781496,0.0035367475356906652,0,0,-0.03473876789212227,-0.03423671796917915,0.0005020499229431152,6.017363829435851e-09,0.141653373837471,0.0003007620573043934,5.996245278083734e-09
1,134,36,17,2,0.4,0.2839082717895508,0.709770679473877,2,ok,,1.5958716869354248,1.254282832145691,0.048599294170407106,0.6962036911131934,0.785954686967047,0.356022447347641,0.4530811726357115,0.027984555810689926,-0.01521014142781496,0.010170483030378819,0,0,-0.03473876789212227,-0.031851284205913544,0.002887483686208725,5.74211078858966e-10,0.283306747674942,0.0006015241146087869,9.05446739807303e-09
1,135,40,14,1,0.02,0.022820813655853273,1.1410406827926636,1,ok,,1.374550461769104,11.850613594055176,-0.002808984180645094,0.9022862904337677,8.621446737425934,0.2704637050628662,0.031368359948599794,-0.27354690432548523,0.213820219039917,0.03254090994596481,1,0,-0.001338672824203968,-0.0005960552953183651,0.000742617528885603,7.48681683749447e-09,0.022766070440411568,5.47432154417056e-05,7.226049536512846e-09
1,135,40,14,1,0.05,0.05705203413963318,1.1410406827926636,1,ok,,1.374550461769104,6.352982044219971,0.007596150997808708,0.8397979360518699,4.621861634704043,0.36235731840133667,0.07842089987149947,-0.27354690432548523,0.213820219039917,0.06323323398828506,1,0,-0.001338672824203968,0.0022689145989716053,0.0036075874231755733,2.798916520427297e-09,0.05699918791651726,5.2846223115923796e-05,5.5424491662847686e-09
1,135,40,14,1,0.1,0.11410406827926636,1.1410406827926636,1,ok,,1.374550461769104,4.67738676071167,0.01581773595538801,0.8021350108845252,3.4028483426416183,0.5334187746047974,0.15684179974299894,-0.27354690432548523,0.213820219039917,0.06692077964544296,1,0,-0.001338672824203968,0.006297257728874683,0.007635930553078651,2.656886710639128e-09,0.11399826407432556,0.00010580420494080145,8.153621777751141e-09
1,135,40,14,1,0.2,0.22820813655853273,1.1410406827926636,1,ok,,1.374550461769104,2.7990610599517822,0.011148444257097533,0.7424634878998813,2.0363465276838486,0.638398289680481,0.3136835994859979,-0.27354690432548523,0.213820219039917,0.042154036462306976,1,0,-0.001338672824203968,0.008281215094029903,0.009619887918233871,6.1912496466393074e-09,0.2279965728521347,0.00021156370639802136,9.732811001583741e-09
1,135,40,14,1,0.4,0.45641627311706545,1.1410406827926636,1,ok,,1.374550461769104,2.0530123710632324,0.01792666413546281,0.7150401386229592,1.4935882153205389,0.9385115504264832,0.6273671989719958,-0.27354690432548523,0.213820219039917,0.04920696094632149,1,0,-0.001338672824203968,0.021120194345712662,0.02245886716991663,9.443379588719436e-09,0.4559932053089142,0.0004230678081512673,1.4394938574469052e-08
1,135,86,12,2,0.02,0.01812354803085327,0.9061774015426636,2,ok,,2.534842014312744,82.6712646484375,0.004614184458894087,0.9705680654810661,32.61397127774018,1.4961028099060059,0.045940330997021876,0.03432086482644081,-0.03775567561388016,-0.037324897944927216,1,0,-0.01144412811845541,-0.012120582163333893,-0.0006764540448784828,5.53577310206943e-09,0.018086565658450127,3.698237240314442e-05,3.9679459717945065e-08
1,135,86,12,2,0.05,0.04530887007713318,0.9061774015426636,2,ok,,2.534842014312744,34.48958969116211,0.009098059867247262,0.9334310298909305,13.606208787926947,1.5629545450210571,0.1148508274925547,0.03432086482644081,-0.03775567561388016,-0.04263445362448692,1,0,-0.01144412811845541,-0.013375841081142426,-0.0019317129626870155,5.95739442239146e-09,0.0452156625688076,9.320750832558095e-05,4.201191217134692e-08
1,135,86,12,2,0.1,0.09061774015426637,0.9061774015426636,2,ok,,2.534842014312744,18.125118255615234,0.004083794091668601,0.885367826682565,7.150393655015314,1.6427242755889893,0.2297016549851094,0.03432086482644081,-0.03775567561388016,0.001991565339267254,0,0,-0.01144412811845541,-0.011263667605817318,0.00018046051263809204,1.0637775871307929e-08,0.09043184667825699,0.00018589347600937722,4.4065846083185534e-08
1,135,86,12,2,0.2,0.18123548030853273,0.9061774015426636,2,ok,,2.534842014312744,9.119226455688477,0.004916838185426381,0.811275680019773,3.5975521962292065,1.6530349254608154,0.4594033099702188,0.03432086482644081,-0.03775567561388016,-0.04061988741159439,1,0,-0.01144412811845541,-0.018805932253599167,-0.007361804135143757,3.9330024925211815e-08,0.18086396157741547,0.0003715187311172652,4.4324021786223966e-08
1,135,86,12,2,0.4,0.36247096061706546,0.9061774015426636,2,ok,,2.534842014312744,5.108183860778809,0.01107175699240364,0.7429220055391309,2.015188257072401,1.8519036769866943,0.9188066199404376,0.03432086482644081,-0.03775567561388016,-0.016067232936620712,1,0,-0.01144412811845541,-0.017268048599362373,-0.005823920480906963,1.5123911899748987e-08,0.3617279827594757,0.000742977857589755,4.969141542687794e-08
1,135,38,16,11,0.02,0.035405120849609374,1.7702560424804688,11,ok,,0.5845081210136414,8.664838790893555,0.016184617182874173,0.9379032534904271,14.824154668462697,0.3069784641265869,0.020694580662066073,0.007387530989944935,0.003959614783525467,0.0035173874348402023,1,1,-0.022874021902680397,-0.022749479860067368,0.00012454204261302948,8.515407614608471e-09,0.035322945564985275,8.21752846240989e-05,7.726074890967993e-09
1,135,38,16,11,0.05,0.08851280212402345,1.7702560424804688,11,ok,,0.5845081210136414,4.273596286773682,0.032492884186748845,0.8839850705963708,7.311440394284329,0.3782704174518585,0.05173645165516519,0.007387530989944935,0.003959614783525467,0.00619539013132453,1,1,-0.022874021902680397,-0.022325647994875908,0.0005483739078044891,2.5670294334211724e-09,0.08851340413093567,6.020069122231186e-07,1.0427059216056023e-08
1,135,38,16,11,0.1,0.1770256042480469,1.7702560424804688,11,ok,,0.5845081210136414,2.8012161254882812,0.05449428019495256,0.8358086268885984,4.792433201143006,0.4958902895450592,0.10347290331033038,0.007387530989944935,0.003959614783525467,-0.0024825450964272022,0,1,-0.022874021902680397,-0.0233134925365448,-0.00043947063386440277,3.4119036485522926e-09,0.1770271211862564,1.516938209517038e-06,1.3596869408161183e-08
1,135,38,16,11,0.2,0.3540512084960938,1.7702560424804688,11,ok,,0.5845081210136414,1.8895002603530884,0.0726564883654388,0.7831004202591902,3.2326330335207754,0.668988049030304,0.20694580662066075,0.007387530989944935,0.003959614783525467,4.488078411668539e-05,1,1,-0.022874021902680397,-0.022858113050460815,1.5908852219581604e-05,1.8756364816850023e-08,0.35405421257019043,3.004074096646381e-06,1.834806795386612e-08
1,135,38,16,11,0.4,0.7081024169921876,1.7702560424804688,11,ok,,0.5845081210136414,1.3161561489105225,0.1026658285019865,0.7287670493982041,2.2517328700682913,0.9319843053817749,0.4138916132413215,0.007387530989944935,0.003959614783525467,0.0030571864917874336,1,1,-0.022874021902680397,-0.020709218457341194,0.002164803445339203,2.301308654490547e-09,0.7081084251403809,6.008148193292762e-06,2.5552893134772603e-08
1,135,58,13,33,0.02,0.03820327520370483,1.9101637601852417,33,ok,,0.7643177509307861,7.5566606521606445,0.007352104878515822,0.9121389010017124,9.886805118614944,0.2884386479854584,0.029199441381885547,-0.024566635489463806,0.006377069279551506,-0.005898971576243639,0,0,0.008101885206997395,0.007876522839069366,-0.0002253623679280281,2.3333819598736483e-09,0.03814398869872093,5.928650498390059e-05,8.081846303298335e-09
1,135,58,13,33,0.05,0.09550818800926208,1.9101637601852417,33,ok,,0.7643177509307861,3.5342133045196533,0.006567148477168394,0.8401234298790692,4.624010498527693,0.3376992344856262,0.07299860345471387,-0.024566635489463806,0.006377069279551506,0.0011595571413636208,1,0,0.008101885206997395,0.008212637156248093,0.00011075194925069809,4.747785858905118e-09,0.09523195773363113,0.00027623027563095093,8.520344429996385e-09
1,135,58,13,33,0.1,0.19101637601852417,1.9101637601852417,33,ok,,0.7643177509307861,2.176682233810425,0.011418619111638155,0.7817144541484606,2.847876071381063,0.4159698188304901,0.14599720690942775,-0.024566635489463806,0.006377069279551506,-0.0036300718784332275,0,0,0.008101885206997395,0.007408485282212496,-0.0006933999247848988,3.2501201729928653e-09,0.19046370685100555,0.0005526691675186157,1.048719067142656e-08
1,135,58,13,33,0.2,0.38203275203704834,1.9101637601852417,33,ok,,0.7643177509307861,1.3984019756317139,0.022061765194297065,0.7290479196354647,1.8296081360493204,0.5333343744277954,0.2919944138188555,-0.024566635489463806,0.006377069279551506,0.002251840429380536,1,0,0.008101885206997395,0.008962162770330906,0.0008602775633335114,7.669489765493864e-10,0.3809279501438141,0.001104801893234253,1.3460644154861257e-08
1,135,58,13,33,0.4,0.7640655040740967,1.9101637601852417,33,ok,,0.7643177509307861,0.9761485457420349,0.031160199484836115,0.7013136460563558,1.2771501702688497,0.7444738745689392,0.583988827637711,-0.024566635489463806,0.006377069279551506,0.0032379382755607367,1,0,0.008101885206997395,0.01057587843388319,0.0024739932268857956,3.7137913300178127e-09,0.7618563175201416,0.002209186553955078,1.8778001376063003e-08
1,135,42,13,20,0.02,0.01893509864807129,0.9467549324035645,20,ok,,2.1798923015594482,69.15033721923828,0.006481912476746468,0.9697292906964338,31.721905329789866,1.3110700845718384,0.04127647577219932,0.04074326902627945,-0.002409451175481081,0.025463152676820755,0,0,-0.062186408787965775,-0.06170429289340973,0.00048211589455604553,3.14132704559429e-08,0.018905524164438248,2.9574483633040827e-05,3.650355751005918e-08
1,135,42,13,20,0.05,0.04733774662017823,0.9467549324035645,20,ok,,2.1798923015594482,29.34417152404785,0.008925230644427165,0.9328239164600968,13.461294167166972,1.3897260427474976,0.1031911894304983,0.04074326902627945,-0.002409451175481081,-0.0632062777876854,1,0,-0.062186408787965775,-0.06517844647169113,-0.002992037683725357,5.078992693433038e-09,0.04720595106482506,0.00013179555535317022,3.5511686036215906e-08
1,135,42,13,20,0.1,0.09467549324035646,0.9467549324035645,20,ok,,2.1798923015594482,14.792893409729004,0.007568377469405155,0.8800933818124785,6.78606617360853,1.4011586904525757,0.2063823788609966,0.04074326902627945,-0.002409451175481081,-0.02503083646297455,1,0,-0.062186408787965775,-0.06455625593662262,-0.002369847148656845,4.0360306030433335e-08,0.09441190212965012,0.00026359111070634045,3.577172691393571e-08
1,135,42,13,20,0.2,0.1893509864807129,0.9467549324035645,20,ok,,2.1798923015594482,7.853983402252197,0.023104766332880323,0.8063667150803667,3.602922674955099,1.4844969511032104,0.4127647577219932,0.04074326902627945,-0.002409451175481081,-0.03328326344490051,1,0,-0.062186408787965775,-0.06848862767219543,-0.00630221888422966,1.1764029680949584e-10,0.18882405757904053,0.0005269289016723855,3.798627901119289e-08
1,135,42,13,20,0.4,0.3787019729614258,0.9467549324035645,20,ok,,2.1798923015594482,4.348108768463135,0.03868408209845146,0.7340112118800847,1.9946438479325772,1.647424578666687,0.8255295154439865,0.04074326902627945,-0.002409451175481081,-0.013170488178730011,1,0,-0.062186408787965775,-0.06717410683631897,-0.004987698048353195,8.190203004514174e-09,0.37764787673950195,0.0010540962219238725,4.208738246802568e-08
1,136,86,13,1,0.02,0.011290906667709351,0.5645453333854675,1,ok,,4.242496013641357,111.14986419677734,0.012462420360645663,0.9634832316735763,26.199167621927973,1.2551814317703247,0.047901626528153544,-0.9660742282867432,1.699866771697998,0.8474792242050171,1,0,-0.0021636206656694412,0.007405179552733898,0.00956880021840334,8.60491823628795e-09,0.011264519765973091,2.6386901736260085e-05,3.3961409684479804e-08
1,136,86,13,1,0.05,0.028227266669273377,0.5645453333854675,1,ok,,4.242496013641357,49.73167037963867,0.011675838459453759,0.9238569100328101,11.722266849448843,1.406074047088623,0.11975406632038386,-0.9660742282867432,1.699866771697998,0.2896628677845001,1,0,-0.0021636206656694412,0.006012754049152136,0.008176374714821577,1.6298317985150024e-08,0.02819995954632759,2.7307122945786216e-05,2.263793064116726e-08
1,136,86,13,1,0.1,0.056454533338546754,0.5645453333854675,1,ok,,4.242496013641357,23.84657096862793,0.009779229833295848,0.8608596428783261,5.620882351320035,1.3482469320297241,0.23950813264076773,-0.9660742282867432,1.699866771697998,0.11019748449325562,1,0,-0.0021636206656694412,0.004057522863149643,0.006221143528819084,4.0333294039698875e-09,0.05639966204762459,5.4871290922166305e-05,2.1750777179363467e-08
1,136,86,13,1,0.2,0.11290906667709351,0.5645453333854675,1,ok,,4.242496013641357,13.20502758026123,0.005360959230224614,0.7939975253967769,3.1125609871638207,1.490115761756897,0.47901626528153546,-0.9660742282867432,1.699866771697998,-0.014445217326283455,0,0,-0.0021636206656694412,-0.0037946240045130253,-0.001631003338843584,7.332585139118233e-09,0.11279856413602829,0.00011050254106521884,2.4081682425958206e-08
1,136,86,13,1,0.4,0.22581813335418702,0.5645453333854675,1,ok,,4.242496013641357,8.035781860351562,0.008891561935646122,0.7370158118154705,1.894116537649381,1.8150990009307861,0.9580325305630709,-0.9660742282867432,1.699866771697998,0.0316632017493248,1,0,-0.0021636206656694412,0.004986520856618881,0.0071501415222883224,1.6407238767265908e-08,0.22559614479541779,0.00022198855876923163,2.9223546249568244e-08
1,137,24,12,26,0.02,0.034632747173309324,1.7316373586654663,26,ok,,0.7590104937553406,24.618070602416992,-0.00022805796737300653,0.9705574547397715,32.43442719820939,0.8531177639961243,0.026286618532117386,-0.029209215193986893,0.011079099960625172,-0.055924929678440094,0,0,-0.019434211775660515,-0.02137104794383049,-0.0019368361681699753,2.217931456332742e-09,0.03454288840293884,8.98587703704809e-05,2.0338555728471874e-08
1,137,24,12,26,0.05,0.08658186793327333,1.7316373586654663,26,ok,,0.7590104937553406,10.368879318237305,0.012328332797875525,0.9334668294911445,13.66104869897352,0.8976379632949829,0.06571654633029347,-0.029209215193986893,0.011079099960625172,0.029364056885242462,1,0,-0.019434211775660515,-0.016891812905669212,0.0025423988699913025,3.974768114471672e-09,0.08656226098537445,1.960694789887585e-05,2.4971241074922546e-08
1,137,24,12,26,0.1,0.17316373586654665,1.7316373586654663,26,ok,,0.7590104937553406,5.895479202270508,0.01608787760432158,0.8914480355743593,7.767322389831265,1.0209417343139648,0.13143309266058695,-0.029209215193986893,0.011079099960625172,0.012398429214954376,1,0,-0.019434211775660515,-0.01728726178407669,0.002146949991583824,8.330154610807633e-09,0.17312468588352203,3.904998302461937e-05,2.8521817796445248e-08
1,137,24,12,26,0.2,0.3463274717330933,1.7316373586654663,26,ok,,0.7590104937553406,3.490565776824951,0.01643360990080673,0.8378842370513907,4.598837309284292,1.2086962461471558,0.2628661853211739,-0.029209215193986893,0.011079099960625172,0.004708059132099152,1,0,-0.019434211775660515,-0.01780368760228157,0.0016305241733789444,6.04261085634418e-09,0.3462493419647217,7.812976837162644e-05,3.374106327669324e-08
1,137,24,12,26,0.4,0.6926549434661866,1.7316373586654663,26,ok,,0.7590104937553406,1.9682376384735107,0.02950029653100787,0.7645185354341889,2.5931626172027067,1.3631227016448975,0.5257323706423478,-0.029209215193986893,0.011079099960625172,0.013561883009970188,1,0,-0.019434211775660515,-0.01004050299525261,0.009393708780407906,3.4708419680007374e-09,0.6924986243247986,0.00015631914138802827,3.800956349664375e-08
1,139,40,15,4,0.02,0.008240177035331727,0.4120088517665863,4,ok,,3.2652275562286377,78.03357696533203,0.006080006566192355,0.9604274560174847,23.898357961745702,0.6432397961616516,0.026906053123967554,-0.015547065064311028,-0.01660657860338688,-0.18202383816242218,1,0,0.020400844514369965,0.018900932744145393,-0.0014999117702245712,3.1191156411175536e-09,0.008219169452786446,2.100758254528108e-05,1.197435572919403e-08
1,139,40,15,4,0.05,0.020600442588329316,0.4120088517665863,4,ok,,3.2652275562286377,31.04139518737793,-0.006556329751570832,0.9104434386234366,9.506656014878628,0.6391845941543579,0.06726513280991889,-0.015547065064311028,-0.01660657860338688,-0.0038261529989540577,1,0,0.020400844514369965,0.020322028547525406,-7.881596684455872e-05,4.47834455838945e-09,0.02058660238981247,1.3840198516846397e-05,1.8211219199315565e-08
1,139,40,15,4,0.1,0.04120088517665863,0.4120088517665863,4,ok,,3.2652275562286377,15.108756065368652,-0.004670635794523794,0.8421643594062004,4.627167878864391,0.622203528881073,0.13453026561983777,-0.015547065064311028,-0.01660657860338688,-0.05176849663257599,1,0,0.020400844514369965,0.01826794445514679,-0.002132900059223175,7.826303827229708e-09,0.04117339104413986,2.74941325187697e-05,1.773550195593998e-08
1,139,40,15,4,0.2,0.08240177035331726,0.4120088517665863,4,ok,,3.2652275562286377,11.290231704711914,-0.03207582520687318,0.8127238482030431,3.457716655358856,0.9299231767654419,0.26906053123967555,-0.015547065064311028,-0.01660657860338688,-0.08174894750118256,1,0,0.020400844514369965,0.013664603233337402,-0.006736241281032562,1.6717585271837365e-08,0.08234662562608719,5.51447272300748e-05,2.646040364595592e-08
1,139,40,15,4,0.4,0.16480354070663453,0.4120088517665863,4,ok,,3.2652275562286377,5.101078510284424,-0.002132731768326387,0.7236591233760455,1.5622428827516834,0.8402565121650696,0.5381210624793511,-0.015547065064311028,-0.01660657860338688,-0.025812961161136627,1,0,0.020400844514369965,0.016146773472428322,-0.004254071041941643,3.6464634861968492e-09,0.16469332575798035,0.00011021494865418036,2.384618014161788e-08
1,140,29,15,7,0.02,0.03849703073501587,1.9248515367507935,7,ok,,0.5758018493652344,7.016108989715576,0.0022321762344841853,0.9271149110023148,12.184936532312236,0.26989221572875977,0.022166661492292405,0.01047612726688385,0.0009722393588162959,0.005394989624619484,1,1,-0.08638332039117813,-0.08617566525936127,0.00020765513181686401,3.5949577203986394e-08,0.038441918790340424,5.511194467544556e-05,7.63059393449339e-09
1,140,29,15,7,0.05,0.09624257683753967,1.9248515367507935,7,ok,,0.5758018493652344,3.8014581203460693,0.006814439042420564,0.8775360562852473,6.602024853741275,0.36534783244132996,0.055416653730731014,0.01047612726688385,0.0009722393588162959,0.008499442599713802,1,1,-0.08638332039117813,-0.08556533604860306,0.0008179843425750732,2.3914904140331927e-08,0.09597724676132202,0.00026533007621765137,9.116983612500462e-09
1,140,29,15,7,0.1,0.19248515367507935,1.9248515367507935,7,ok,,0.5758018493652344,2.3372931480407715,0.017418005191088364,0.823127746777816,4.059197014760114,0.4501567482948303,0.11083330746146203,0.01047612726688385,0.0009722393588162959,0.0009941976750269532,1,1,-0.08638332039117813,-0.08619201183319092,0.00019130855798721313,5.973427375655094e-08,0.1919543743133545,0.0005307793617248535,1.1203176164542583e-08
1,140,29,15,7,0.2,0.3849703073501587,1.9248515367507935,7,ok,,0.5758018493652344,1.5950660705566406,0.030234690433726813,0.7738578604937744,2.7701648966780428,0.6144306063652039,0.22166661492292405,0.01047612726688385,0.0009722393588162959,0.007796050515025854,1,1,-0.08638332039117813,-0.08338209241628647,0.0030012279748916626,1.9987995203418762e-08,0.383908748626709,0.001061558723449707,1.536820271041961e-08
1,140,29,15,7,0.4,0.7699406147003174,1.9248515367507935,7,ok,,0.5758018493652344,1.0527619123458862,0.03801074667438174,0.7253749492268765,1.8283406236097117,0.81098473072052,0.4433332298458481,0.01047612726688385,0.0009722393588162959,0.010335923172533512,1,1,-0.08638332039117813,-0.0784253180027008,0.007958002388477325,4.4652478381479455e-08,0.7678174376487732,0.0021231770515441895,2.0246863741135712e-08
1,142,58,14,7,0.02,0.048735404014587404,2.43677020072937,7,ok,,0.5325872302055359,4.281508922576904,-0.0025768566758035366,0.8965004340687174,8.039075441062579,0.208759143948555,0.02595585383707686,-0.01164192333817482,-0.004786994308233261,-0.00965600460767746,1,0,-0.005743290297687054,-0.0062138899229466915,-0.00047059962525963783,1.033953775928572e-08,0.04860170930624008,0.00013369470834732194,5.096134625404147e-09
1,142,58,14,7,0.05,0.1218385100364685,2.43677020072937,7,ok,,0.5325872302055359,2.225634813308716,0.005494041758072185,0.8286693500136714,4.178911335229762,0.27113577723503113,0.06488963459269215,-0.01164192333817482,-0.004786994308233261,-0.008029894903302193,1,0,-0.005743290297687054,-0.006721661891788244,-0.0009783715941011906,2.1163333419060848e-08,0.12180648744106293,3.202259540557861e-05,2.199793014412421e-09
1,142,58,14,7,0.1,0.243677020072937,2.43677020072937,7,ok,,0.5325872302055359,1.5027803182601929,0.011445592374943631,0.7806137794930602,2.8216604398821556,0.3661887049674988,0.1297792691853843,-0.01164192333817482,-0.004786994308233261,-0.00116182048805058,1,0,-0.005743290297687054,-0.006026414223015308,-0.0002831239253282547,1.497094040403546e-08,0.24361279606819153,6.42240047454834e-05,2.9838127524328684e-09
1,142,58,14,7,0.2,0.487354040145874,2.43677020072937,7,ok,,0.5325872302055359,1.1084442138671875,0.01536805717636899,0.7452818343084189,2.0812444441023037,0.5401241779327393,0.2595585383707686,-0.01164192333817482,-0.004786994308233261,0.0028525954112410545,0,0,-0.005743290297687054,-0.004353076219558716,0.0013902140781283379,9.82044157105122e-09,0.4872255325317383,0.0001285076141357422,4.369981265739398e-09
1,142,58,14,7,0.4,0.974708080291748,2.43677020072937,7,ok,,0.5325872302055359,0.9178130030632019,0.02998760641226177,0.7211875656441209,1.723310194101493,0.8944306373596191,0.5191170767415372,-0.01164192333817482,-0.004786994308233261,-0.0025086530949920416,1,0,-0.005743290297687054,-0.008188514038920403,-0.002445223741233349,1.929889570373433e-08,0.974450945854187,0.00025713443756103516,7.284671088569894e-09
1,143,42,14,8,0.02,0.03820041656494141,1.9100208282470703,8,ok,,1.1347798109054565,15.727248191833496,0.006908264007057725,0.9346696355305545,13.859295028584132,0.6002839207649231,0.04334906148607388,0.012958700768649578,-0.005782784428447485,-0.04428575560450554,1,0,-0.028324933722615242,-0.030016662552952766,-0.0016917288303375244,5.4816477756697984e-09,0.03814230486750603,5.811169743537986e-05,1.686973227776889e-08
1,143,42,14,8,0.05,0.09550104141235352,1.9100208282470703,8,ok,,1.1347798109054565,7.9293904304504395,0.02188310750469958,0.8810421610638052,6.987602664623087,0.7560799717903137,0.1083726537151847,0.012958700768649578,-0.005782784428447485,-0.03582867234945297,1,0,-0.028324933722615242,-0.03174659237265587,-0.0034216586500406265,1.687175412747044e-08,0.09523089975118637,0.0002701416611671503,1.9101831227885668e-08
1,143,42,14,8,0.1,0.19100208282470704,1.9100208282470703,8,ok,,1.1347798109054565,4.501393795013428,0.022797510799353875,0.8192677225978916,3.9667552698331283,0.8601877689361572,0.2167453074303694,0.012958700768649578,-0.005782784428447485,-0.028194716200232506,1,0,-0.028324933722615242,-0.033710163086652756,-0.005385229364037514,2.0154858404626552e-08,0.1904618889093399,0.0005401939153671376,2.1612711620377922e-08
1,143,42,14,8,0.2,0.3820041656494141,1.9100208282470703,8,ok,,1.1347798109054565,2.5251400470733643,0.009442210624919336,0.7541727177832421,2.2252246848278827,0.9650931358337402,0.4334906148607388,0.012958700768649578,-0.005782784428447485,-0.014708152040839195,1,0,-0.028324933722615242,-0.033943504095077515,-0.005618570372462273,4.976143230979446e-09,0.3809240758419037,0.0010800898075103982,2.423550959917975e-08
1,143,42,14,8,0.4,0.7640083312988282,1.9100208282470703,8,ok,,1.1347798109054565,1.5199909210205078,0.00731339681596604,0.7129093166442987,1.339458903314773,1.1618378162384033,0.8669812297214776,0.012958700768649578,-0.005782784428447485,-0.008847126737236977,1,0,-0.028324933722615242,-0.035084206610918045,-0.006759272888302803,5.647002865316608e-09,0.7618483901023865,0.002159941196441695,2.9323203420972277e-08
1,144,36,18,10,0.02,0.011613092422485352,0.5806546211242676,10,ok,,1.5400738716125488,31.41878890991211,0.016265867194284335,0.9536700113693706,20.40083238149763,0.36428382992744446,0.01788502020849137,0.0009872425580397248,0.03988109529018402,0.38116124272346497,1,1,-0.05734143778681755,-0.052914999425411224,0.004426438361406326,2.2378210644789787e-08,0.011582487262785435,3.060515969991774e-05,9.52373735430001e-09
1,144,36,18,10,0.05,0.02903273105621338,0.5806546211242676,10,ok,,1.5400738716125488,19.237701416015625,0.0017741517794726848,0.9287138639274998,12.491414711074942,0.5582473278045654,0.044712550521228425,0.0009872425580397248,0.03988109529018402,0.114049032330513,1,1,-0.05734143778681755,-0.054030317813158035,0.0033111199736595154,3.490921365346955e-08,0.029012715443968773,2.0015612244607406e-05,7.6810939830807e-09
1,144,36,18,10,0.1,0.05806546211242676,0.5806546211242676,10,ok,,1.5400738716125488,10.055449485778809,0.01881774319217611,0.8748737487187009,6.52919945667517,0.5835665464401245,0.08942510104245685,0.0009872425580397248,0.03988109529018402,0.08997699618339539,1,1,-0.05734143778681755,-0.05211688205599785,0.005224555730819702,1.3205720978543e-10,0.05802493542432785,4.0526688098910246e-05,8.033213205749234e-09
1,144,36,18,10,0.2,0.11613092422485352,0.5806546211242676,10,ok,,1.5400738716125488,6.511629104614258,0.022226155548882562,0.8270180381026763,4.228127770125706,0.7558556795120239,0.1788502020849137,0.0009872425580397248,0.03988109529018402,0.05379446968436241,1,1,-0.05734143778681755,-0.05109424144029617,0.0062471963465213776,5.136109493437957e-09,0.11604955792427063,8.13663005828913e-05,1.0437837261179084e-08
1,144,36,18,10,0.4,0.23226184844970704,0.5806546211242676,10,ok,,1.5400738716125488,4.212386608123779,0.022934456110351463,0.7740703911806094,2.7351847763707755,0.9801926612854004,0.3577004041698274,0.0009872425580397248,0.03988109529018402,0.06151224672794342,1,1,-0.05734143778681755,-0.0430544950067997,0.014286942780017853,5.347308729489186e-09,0.23209907114505768,0.00016277730464936413,1.3439882984300766e-08
1,146,45,24,15,0.02,0.014253573417663574,0.7126786708831787,15,ok,,1.4264572858810425,13.770816802978516,0.007858756057783587,0.9102540770319749,9.653858506154569,0.1961846500635147,0.020332113651466557,-0.020023014396429062,0.022482194006443024,0.013198531232774258,1,0,-0.023610448464751244,-0.02342231757938862,0.00018813088536262512,4.651430951508034e-09,0.014240908436477184,1.2664981186389854e-05,3.0139186701916287e-09
1,146,45,24,15,0.05,0.03563393354415894,0.7126786708831787,15,ok,,1.4264572858810425,6.711816310882568,0.018393856668234204,0.840015511041568,4.705234693888749,0.2393580675125122,0.0508302841286664,-0.020023014396429062,0.022482194006443024,0.0034984671510756016,1,0,-0.023610448464751244,-0.023485781624913216,0.00012466683983802795,2.693870176923149e-09,0.035558443516492844,7.549002766609608e-05,6.133835661614739e-09
1,146,45,24,15,0.1,0.07126786708831788,0.7126786708831787,15,ok,,1.4264572858810425,5.052915573120117,0.014436992599181336,0.8073944289908924,3.542283125565637,0.35976120829582214,0.1016605682573328,-0.020023014396429062,0.022482194006443024,0.02566027268767357,1,0,-0.023610448464751244,-0.0217816811054945,0.0018287673592567444,1.4455901631120482e-08,0.07111774384975433,0.00015012323856354592,9.226722497146511e-09
1,146,45,24,15,0.2,0.14253573417663576,0.7126786708831787,15,ok,,1.4264572858810425,3.4506494998931885,0.02643733276436777,0.7587486324655599,2.4190345789145007,0.4922838807106018,0.2033211365146656,-0.020023014396429062,0.022482194006443024,0.010306529700756073,1,0,-0.023610448464751244,-0.02214139513671398,0.001469053328037262,4.55032669313335e-09,0.142235666513443,0.0003000676631927657,1.2633639023817977e-08
1,146,45,24,15,0.4,0.2850714683532715,0.7126786708831787,15,ok,,1.4264572858810425,2.577322483062744,0.050088293578559616,0.7191588172726244,1.8067996206904084,0.7336795330047607,0.4066422730293312,-0.020023014396429062,0.022482194006443024,0.027813522145152092,1,0,-0.023610448464751244,-0.01568160206079483,0.007928846403956413,4.80596167203029e-09,0.2844717502593994,0.0005997180938721036,1.8878019147905434e-08
1,148,29,16,8,0.02,0.021942622661590576,1.0971311330795288,8,ok,,1.1437723636627197,9.224259376525879,0.011312011928256172,0.8952549765988385,8.064768540987323,0.20239771902561188,0.02509736538660661,-0.05492423102259636,0.028749769553542137,-0.015776343643665314,0,0,0.005820601247251034,0.005474434699863195,-0.00034616654738783836,7.80816469261262e-09,0.021941162645816803,1.4600157737729158e-06,5.567760918978593e-09
1,148,29,16,8,0.05,0.05485655665397644,1.0971311330795288,8,ok,,1.1437723636627197,4.741198539733887,0.02123997353680443,0.8247890268733115,4.145229147298968,0.2599427103996277,0.06274341346651653,-0.05492423102259636,0.028749769553542137,0.004868918098509312,1,0,0.005820601247251034,0.006087700370699167,0.00026709912344813347,7.041933686180186e-09,0.054785992950201035,7.056370377540866e-05,4.722628066389234e-09
1,148,29,16,8,0.1,0.10971311330795289,1.0971311330795288,8,ok,,1.1437723636627197,2.9459190368652344,0.025870824218991024,0.7659489725917914,2.575616556627489,0.3235883116722107,0.12548682693303306,-0.05492423102259636,0.028749769553542137,0.00754010584205389,1,0,0.005820601247251034,0.006647837348282337,0.0008272361010313034,1.238557191258604e-08,0.10957198590040207,0.00014112740755081732,5.88539617041306e-09
1,148,29,16,8,0.2,0.21942622661590577,1.0971311330795288,8,ok,,1.1437723636627197,1.9498995542526245,0.04450319377364383,0.7154567458090157,1.704796877594355,0.42748329043388367,0.2509736538660661,-0.05492423102259636,0.028749769553542137,0.00818728655576706,1,0,0.005820601247251034,0.00761710898950696,0.0017965077422559261,2.3471008246764985e-09,0.21914389729499817,0.0002823293209076039,7.772949395246087e-09
1,148,29,16,8,0.4,0.43885245323181155,1.0971311330795288,8,ok,,1.1437723636627197,1.4576843976974487,0.05816696416121665,0.6927072075411262,1.2744532426261892,0.6405379772186279,0.5019473077321323,-0.05492423102259636,0.028749769553542137,0.008210144005715847,1,0,0.005820601247251034,0.009423651732504368,0.003603050485253334,8.646958482572131e-09,0.43828779458999634,0.0005646586418152078,1.1664035071135004e-08
1,149,86,14,13,0.02,0.011772820949554444,0.5886410474777222,13,ok,,4.772071361541748,140.74734497070312,-0.010055924212232992,0.9680999150867906,29.49397322616763,1.657705545425415,0.056180741697927486,0.009370898827910423,0.005968475714325905,-0.7079010009765625,0,1,-0.04706244915723801,-0.05539647117257118,-0.008334022015333176,3.028082573922064e-08,0.011740813963115215,3.2006986439228266e-05,4.249315566084988e-08
1,149,86,14,13,0.05,0.02943205237388611,0.5886410474777222,13,ok,,4.772071361541748,43.08263397216797,-0.00320560701206931,0.9061412191408516,9.028078314034248,1.267472505569458,0.14045185424481874,0.009370898827910423,0.005968475714325905,-0.32743537425994873,0,1,-0.04706244915723801,-0.05669957026839256,-0.009637121111154556,2.602687274554094e-08,0.029416196048259735,1.585632562637468e-05,1.5688126353552434e-08
1,149,86,14,13,0.1,0.05886410474777222,0.5886410474777222,13,ok,,4.772071361541748,20.987600326538086,0.0003931137024784549,0.8356032780528672,4.398006386843526,1.2349077463150024,0.28090370848963747,0.009370898827910423,0.005968475714325905,0.006858422886580229,1,1,-0.04706244915723801,-0.04665875434875488,0.0004036948084831238,2.011471705312077e-08,0.05883248150348663,3.162324428558627e-05,1.536654181677477e-08
1,149,86,14,13,0.2,0.11772820949554444,0.5886410474777222,13,ok,,4.772071361541748,11.29615592956543,-0.00440780986558034,0.7630181632087233,2.367138936898364,1.329336166381836,0.5618074169792749,0.009370898827910423,0.005968475714325905,0.028966352343559265,1,1,-0.04706244915723801,-0.04365232586860657,0.003410123288631439,3.350839286077323e-08,0.11766497045755386,6.323903799057562e-05,1.6537123670445908e-08
1,149,86,14,13,0.4,0.23545641899108888,0.5886410474777222,13,ok,,4.772071361541748,7.396702766418457,0.009788255691989297,0.7192583130356114,1.549998356275041,1.7408479452133179,1.1236148339585499,0.009370898827910423,0.005968475714325905,0.016352638602256775,1,1,-0.04706244915723801,-0.043212153017520905,0.003850296139717102,3.758662572329874e-08,0.23532985150814056,0.00012656748294831432,2.1595830901333102e-08
1,150,36,19,6,0.02,0.02759523391723633,1.3797616958618164,6,ok,,0.801760733127594,5.963068962097168,0.0056083115112843815,0.8887435746182027,7.437466959535863,0.1647469848394394,0.022124774976310848,-0.034639935940504074,0.017589271068572998,-0.011288652196526527,0,0,-0.022740256041288376,-0.023051755502820015,-0.0003114994615316391,1.3536441834138043e-08,0.027561109513044357,3.412440419197152e-05,2.9259674683146386e-09
1,150,36,19,6,0.05,0.06898808479309082,1.3797616958618164,6,ok,,0.801760733127594,3.411816120147705,0.007140038455891366,0.8305751439879795,4.255404360892398,0.23552100360393524,0.055311937440777115,-0.034639935940504074,0.017589271068572998,0.005642584525048733,1,0,-0.022740256041288376,-0.022350993007421494,0.0003892630338668823,8.065799361745007e-09,0.06881090998649597,0.00017717480659484863,5.544003034430034e-09
1,150,36,19,6,0.1,0.13797616958618164,1.3797616958618164,6,ok,,0.801760733127594,2.379422903060913,0.009751978107422779,0.7872154012056979,2.9677468660457316,0.3285251259803772,0.11062387488155423,-0.034639935940504074,0.017589271068572998,0.011787519790232182,1,0,-0.022740256041288376,-0.021113859489560127,0.0016263965517282486,2.7784929912400003e-10,0.13762199878692627,0.0003541707992553711,7.74927677582582e-09
1,150,36,19,6,0.2,0.2759523391723633,1.3797616958618164,6,ok,,0.801760733127594,1.6672054529190063,0.02413308343860227,0.7427727895586957,2.0794301641754314,0.46041354537010193,0.22124774976310846,-0.034639935940504074,0.017589271068572998,0.011090567335486412,1,0,-0.022740256041288376,-0.01967979595065117,0.003060460090637207,7.908338872653076e-09,0.2752441167831421,0.0007082223892211914,1.0850628839875753e-08
1,150,36,19,6,0.4,0.5519046783447266,1.3797616958618164,6,ok,,0.801760733127594,1.1683040857315063,0.04346165398381784,0.7056116652795628,1.4571729912147278,0.6453056335449219,0.4424954995262169,-0.034639935940504074,0.017589271068572998,0.011954148299992085,1,0,-0.022740256041288376,-0.016142712906003,0.0065975431352853775,7.237106913748903e-09,0.5504882335662842,0.0014164447784423828,1.5197020530877126e-08
1,151,40,16,12,0.02,0.01795243740081787,0.8976218700408936,12,ok,,1.4385961294174194,25.12420082092285,0.004645555548742914,0.9471371311026113,17.46438788979628,0.45138829946517944,0.025826306958425107,-0.02719023823738098,0.025513574481010437,-0.13881918787956238,0,0,-0.00579562783241272,-0.008287769742310047,-0.0024921419098973274,8.705428908122037e-10,0.01791475899517536,3.767840564250849e-05,1.1748618078399886e-08
1,151,40,16,12,0.05,0.04488109350204468,0.8976218700408936,12,ok,,1.4385961294174194,13.02497673034668,0.012515716415057387,0.9047904799009783,9.053949516472201,0.5846233367919922,0.06456576739606278,-0.02719023823738098,0.025513574481010437,-0.07422719150781631,0,0,-0.00579562783241272,-0.009127020835876465,-0.003331393003463745,4.518992735569327e-09,0.044794805347919464,8.62881541252164e-05,1.585980946572363e-08
1,151,40,16,12,0.1,0.08976218700408936,0.8976218700408936,12,ok,,1.4385961294174194,6.5106916427612305,0.01909190080255843,0.8354757361940837,4.525725816733084,0.584465742111206,0.12913153479212555,-0.02719023823738098,0.025513574481010437,-0.011162523180246353,0,0,-0.00579562783241272,-0.006797595880925655,-0.0010019680485129356,4.444629819787618e-09,0.08958958089351654,0.0001726061105728205,1.5841004952221738e-08
1,151,40,16,12,0.2,0.17952437400817872,0.8976218700408936,12,ok,,1.4385961294174194,4.048958778381348,0.012639107893792316,0.7796323793910795,2.814520834292956,0.7266485095024109,0.2582630695842511,-0.02719023823738098,0.025513574481010437,0.0015404722653329372,1,0,-0.00579562783241272,-0.00551907392218709,0.0002765539102256298,1.591114773247769e-09,0.1791791021823883,0.0003452718257904164,1.9748824797716225e-08
1,151,40,16,12,0.4,0.35904874801635744,0.8976218700408936,12,ok,,1.4385961294174194,2.3761847019195557,0.016507092629738377,0.7236308979604519,1.651738561871548,0.8532595634460449,0.5165261391685022,-0.02719023823738098,0.025513574481010437,0.013549205847084522,1,0,-0.00579562783241272,-0.0009307958534918725,0.004864831978920847,6.5829092394179e-09,0.35835787653923035,0.0006908714771270974,2.3090358070021466e-08
1,151,38,17,16,0.02,0.026298213005065917,1.314910650253296,16,ok,,0.9871625900268555,9.843018531799316,0.01366536176430656,0.9121250925038968,9.971020611226333,0.2586839497089386,0.025960612063158806,0.01872425153851509,-0.005185291636735201,-0.009521504864096642,1,0,-0.015444387681782246,-0.015694787725806236,-0.00025040004402399063,1.4809792059692316e-09,0.026251720264554024,4.649274051189353e-05,5.367418065560514e-09
1,151,38,17,16,0.05,0.0657455325126648,1.314910650253296,16,ok,,0.9871625900268555,4.912120819091797,0.0225973992608997,0.8454807401474872,4.9759997681366634,0.3230362832546234,0.06490153015789701,0.01872425153851509,-0.005185291636735201,-0.0006055323756299913,1,0,-0.015444387681782246,-0.015484205447137356,-3.981776535511017e-05,6.7168656574245755e-09,0.06555289775133133,0.00019263476133346558,5.867627717037749e-09
1,151,38,17,16,0.1,0.1314910650253296,1.314910650253296,16,ok,,0.9871625900268555,3.026564359664917,0.02079617214140553,0.7880197027689084,3.0659228684704454,0.3980540335178375,0.12980306031579403,0.01872425153851509,-0.005185291636735201,-0.00646484550088644,1,0,-0.015444387681782246,-0.016294462606310844,-0.0008500749245285988,5.504392830424365e-09,0.13110537827014923,0.0003856867551803589,7.253629252801375e-09
1,151,38,17,16,0.2,0.2629821300506592,1.314910650253296,16,ok,,0.9871625900268555,1.9173057079315186,0.03979880826260487,0.7288718980104816,1.94223902657962,0.5038217306137085,0.25960612063158806,0.01872425153851509,-0.005185291636735201,-0.010269958525896072,1,0,-0.015444387681782246,-0.018145212903618813,-0.002700825221836567,9.653164489975552e-09,0.26221030950546265,0.0007718205451965332,9.194035754944707e-09
1,151,38,17,16,0.4,0.5259642601013184,1.314910650253296,16,ok,,0.9871625900268555,1.3424323797225952,0.05115962472621616,0.6965101272078933,1.359889843156146,0.7062883377075195,0.5192122412631761,0.01872425153851509,-0.005185291636735201,-0.011859158053994179,1,0,-0.015444387681782246,-0.0216818917542696,-0.006237504072487354,1.0781193715558857e-08,0.5244205594062805,0.0015437006950378418,1.2876240518266968e-08
1,152,36,20,2,0.02,0.021037530899047852,1.0518765449523926,2,ok,,1.144497036933899,41.488243103027344,0.017784609649664645,0.9730499939818748,36.250197042132896,0.8725107312202454,0.024077391778365608,0.040230683982372284,0.0190780907869339,0.46260201930999756,1,1,-0.1060955673456192,-0.09636354446411133,0.009732022881507874,1.8606311867966352e-08,0.021029431372880936,8.099526166916587e-06,2.4619978944429022e-08
1,152,36,20,2,0.05,0.05259382724761963,1.0518765449523926,2,ok,,1.144497036933899,18.14316749572754,0.003449899380522663,0.9423416455384002,15.852524655124602,0.955344557762146,0.06019347944591402,0.040230683982372284,0.0190780907869339,0.05320550128817558,1,1,-0.1060955673456192,-0.10329729318618774,0.0027982741594314575,6.783941852717135e-09,0.052508644759655,8.518248796463013e-05,1.9854976329725105e-08
1,152,36,20,2,0.1,0.10518765449523926,1.0518765449523926,2,ok,,1.144497036933899,8.463648796081543,0.012061152145731637,0.8874841066514456,7.39508144009548,0.8912507891654968,0.12038695889182804,0.040230683982372284,0.0190780907869339,0.077447809278965,1,1,-0.1060955673456192,-0.09794902801513672,0.008146539330482483,1.4073366472189264e-08,0.1050168052315712,0.0001708492636680603,1.8536608692443224e-08
1,152,36,20,2,0.2,0.21037530899047852,1.0518765449523926,2,ok,,1.144497036933899,4.99747896194458,0.030971038839052174,0.8292507744508348,4.366528527962319,1.0501567125320435,0.2407739177836561,0.040230683982372284,0.0190780907869339,0.06706458330154419,1,1,-0.1060955673456192,-0.09198680520057678,0.01410876214504242,2.971066237478226e-08,0.21003369987010956,0.0003416091203689575,2.1792422089106367e-08
1,152,36,20,2,0.4,0.42075061798095703,1.0518765449523926,2,ok,,1.144497036933899,3.3204610347747803,0.019210352035258893,0.7822917569698224,2.90124039435469,1.3989198207855225,0.4815478355673122,0.040230683982372284,0.0190780907869339,0.01958674192428589,1,1,-0.1060955673456192,-0.097854383289814,0.008241184055805206,5.0286928399145836e-08,0.4200673997402191,0.000683218240737915,2.915031416250713e-08
1,152,38,18,1,0.02,0.03312515735626221,1.6562578678131104,1,ok,,0.7929880023002625,9.766388893127441,0.00021821346382097014,0.9279236901727846,12.31593525347829,0.3236182630062103,0.026267852357824212,-0.049207594245672226,0.02696370519697666,0.06539560854434967,1,0,-0.05221589654684067,-0.050049636512994766,0.0021662600338459015,2.021040579336386e-08,0.03302834928035736,9.680807590484869e-05,6.25334362069907e-09
1,152,38,18,1,0.05,0.08281289339065552,1.6562578678131104,1,ok,,0.7929880023002625,5.128480911254883,0.004243101211476388,0.8758579467549643,6.467286890056291,0.4245253801345825,0.06566963089456053,-0.049207594245672226,0.02696370519697666,0.040370602160692215,1,0,-0.05221589654684067,-0.0488726869225502,0.0033432096242904663,3.251440494449198e-09,0.0827576071023941,5.528628826141635e-05,1.2041367902781985e-08
1,152,38,18,1,0.1,0.16562578678131104,1.6562578678131104,1,ok,,0.7929880023002625,3.1086292266845703,0.012109984732006468,0.8199365473652681,3.9201466070902513,0.5147738456726074,0.13133926178912106,-0.049207594245672226,0.02696370519697666,0.00650399923324585,1,0,-0.05221589654684067,-0.051138654351234436,0.0010772421956062317,1.2205374844056344e-08,0.1655152589082718,0.00011052787303925116,1.464110344073788e-08
1,152,38,18,1,0.2,0.3312515735626221,1.6562578678131104,1,ok,,0.7929880023002625,2.0058696269989014,0.02642089268814376,0.7627331016333292,2.529508165543286,0.6646648645401001,0.2626785235782421,-0.049207594245672226,0.02696370519697666,0.0062102400697767735,1,0,-0.05221589654684067,-0.05015873908996582,0.0020571574568748474,5.661559643408559e-09,0.3310304582118988,0.0002211153507232777,1.8913564048261833e-08
1,152,38,18,1,0.4,0.6625031471252442,1.6562578678131104,1,ok,,0.7929880023002625,1.2913343906402588,0.04145264363307534,0.7125798708097015,1.6284412713594507,0.8550679087638855,0.5253570471564842,-0.049207594245672226,0.02696370519697666,-0.004833591170608997,0,0,-0.05221589654684067,-0.05541815608739853,-0.0032022595405578613,9.821887392378464e-09,0.6620608568191528,0.0004422903060913308,2.432178902722626e-08
1,153,45,25,7,0.02,0.03233428716659546,1.616714358329773,7,ok,,0.6741589307785034,5.693015098571777,0.01635414020103704,0.8982682024116626,8.444618677659834,0.1839701235294342,0.021798448463717084,-0.023264162242412567,0.012038284912705421,0.014262186363339424,1,0,-0.02637927606701851,-0.02591811679303646,0.00046115927398204803,1.6444863292831326e-09,0.032245177775621414,8.910939097404869e-05,2.816586297527124e-09
1,153,45,25,7,0.05,0.08083571791648865,1.616714358329773,7,ok,,0.6741589307785034,3.092787742614746,0.014408079488852595,0.8377383535192815,4.587624077068411,0.2503233850002289,0.0544961211592927,-0.023264162242412567,0.012038284912705421,0.02519582398235798,1,0,-0.02637927606701851,-0.024342555552721024,0.0020367205142974854,2.005813903860343e-09,0.08076291531324387,7.280260324478427e-05,7.121927492192981e-09
1,153,45,25,7,0.1,0.1616714358329773,1.616714358329773,7,ok,,0.6741589307785034,2.1095311641693115,0.02319332566861267,0.7901405854107545,3.129130339829725,0.34159812331199646,0.1089922423185854,-0.023264162242412567,0.012038284912705421,0.0195415411144495,1,0,-0.02637927606701851,-0.02321995235979557,0.0031593237072229385,1.4696860728413697e-08,0.16152594983577728,0.00014548599720001776,9.749158813576742e-09
1,153,45,25,7,0.2,0.3233428716659546,1.616714358329773,7,ok,,0.6741589307785034,1.4481089115142822,0.03903247098076908,0.7412594023444296,2.148023033440929,0.4689381718635559,0.2179844846371708,-0.023264162242412567,0.012038284912705421,0.017749762162566185,1,0,-0.02637927606701851,-0.020640011876821518,0.005739264190196991,5.1211651360544286e-09,0.32305192947387695,0.0002909421920776478,1.3358545380981468e-08
1,153,45,25,7,0.4,0.6466857433319092,1.616714358329773,7,ok,,0.6741589307785034,1.0137401819229126,0.048426839000552606,0.7049961565414701,1.5037109732430078,0.6563452482223511,0.4359689692743416,-0.023264162242412567,0.012038284912705421,0.016708189621567726,1,0,-0.02637927606701851,-0.015574324876070023,0.010804951190948486,3.1657944703222807e-09,0.6461036205291748,0.0005821228027343972,1.8727261519302374e-08
1,156,38,19,4,0.02,0.00961449384689331,0.4807246923446655,4,ok,,2.788597583770752,22.501644134521484,0.033669001111681134,0.8928012248545162,8.06916145429869,0.21617391705513,0.026810954310625447,0.03336627781391144,-0.0466725155711174,0.08077864348888397,0,0,-0.03861885145306587,-0.03784221410751343,0.0007766373455524445,8.42523181884998e-09,0.009601978585124016,1.2515261769294878e-05,6.073432867736983e-09
1,156,38,19,4,0.05,0.02403623461723328,0.4807246923446655,4,ok,,2.788597583770752,11.330862045288086,-0.014805632311533756,0.8280102434754905,4.06328331890842,0.2720220983028412,0.06702738577656363,0.03336627781391144,-0.0466725155711174,-0.04996050149202347,1,0,-0.03861885145306587,-0.039819732308387756,-0.0012008808553218842,1.8519864974919642e-08,0.02398093417286873,5.530044436454981e-05,6.792057138937935e-09
1,156,38,19,4,0.1,0.04807246923446656,0.4807246923446655,4,ok,,2.788597583770752,6.681100845336914,0.03336907395018416,0.7554114558462383,2.395864101804287,0.3213491439819336,0.13405477155312726,0.03336627781391144,-0.0466725155711174,-0.019562706351280212,1,0,-0.03861885145306587,-0.03955928236246109,-0.0009404309093952179,3.310180396389091e-09,0.04796198382973671,0.0001104854047298473,8.015437202857356e-09
1,156,38,19,4,0.2,0.09614493846893311,0.4807246923446655,4,ok,,2.788597583770752,4.610686779022217,0.069943685258784,0.7056432175855039,1.6534070049598104,0.44355976581573486,0.2681095431062545,0.03336627781391144,-0.0466725155711174,-0.026274703443050385,1,0,-0.03861885145306587,-0.04114503785967827,-0.0025261864066123962,6.660790852035248e-09,0.09592415392398834,0.0002207845449447715,1.1066966898454211e-08
1,156,38,19,4,0.4,0.19228987693786623,0.4807246923446655,4,ok,,2.788597583770752,3.238999605178833,0.0513312634660776,0.689940322151492,1.1615156034087515,0.6232186555862427,0.536219086212509,0.03336627781391144,-0.0466725155711174,-0.02378542721271515,1,0,-0.03861885145306587,-0.043192554265260696,-0.004573702812194824,5.9405472537660264e-09,0.1918485015630722,0.000441375374794023,1.561391016480229e-08
1,156,45,26,3,0.02,0.02252224922180176,1.126112461090088,3,ok,,0.927243709564209,5.7473368644714355,0.02059971018444363,0.8691779525217646,6.198302350486046,0.12941792607307434,0.020883613916153083,-0.047197893261909485,0.03770072013139725,0.01847335696220398,1,0,-0.0036053606308996677,-0.003189301583915949,0.00041605904698371887,2.5024823458027687e-09,0.022476516664028168,4.573255777359092e-05,3.493669575860281e-09
1,156,45,26,3,0.05,0.0563056230545044,1.126112461090088,3,ok,,0.927243709564209,3.232569694519043,0.03306369294661665,0.8013470910079172,3.4862136687180305,0.18196333944797516,0.052209034790382705,-0.047197893261909485,0.03770072013139725,0.019351506605744362,1,0,-0.0036053606308996677,-0.002515767700970173,0.0010895929299294949,5.706550299140745e-09,0.056245721876621246,5.9901177883153744e-05,2.9734397166691906e-09
1,156,45,26,3,0.1,0.1126112461090088,1.126112461090088,3,ok,,0.927243709564209,2.196993350982666,0.045751936262403856,0.7507772435895033,2.3693807014477906,0.24776071310043335,0.10441806958076541,-0.047197893261909485,0.03770072013139725,0.0236816443502903,1,0,-0.0036053606308996677,-0.0009385423036292195,0.002666818327270448,1.1529261104842314e-09,0.11249132454395294,0.00011992156505585827,4.037947753943172e-09
1,156,45,26,3,0.2,0.2252224922180176,1.126112461090088,3,ok,,0.927243709564209,1.6163203716278076,0.0665718966604045,0.7116517337376347,1.743145146151179,0.3638698160648346,0.20883613916153082,-0.047197893261909485,0.03770072013139725,0.024143759161233902,1,0,-0.0036053606308996677,0.0018323451513424516,0.005437705782242119,1.1827562574305561e-08,0.22498226165771484,0.00024023056030275658,5.945211434266184e-09
1,156,45,26,3,0.4,0.4504449844360352,1.126112461090088,3,ok,,0.927243709564209,1.1479333639144897,0.08709242552706127,0.6810654413491966,1.2380060949162586,0.5168079137802124,0.41767227832306164,-0.047197893261909485,0.03770072013139725,0.0313086211681366,1,0,-0.0036053606308996677,0.010497449897229671,0.01410281052812934,8.466656715999665e-10,0.44996345043182373,0.0004815340042114702,8.435409704077301e-09
1,158,40,17,7,0.02,0.028614614009857178,1.4307307004928589,7,ok,,1.040287971496582,5.411593437194824,0.004279733033524671,0.8534907900445783,5.202014812691124,0.15477557480335236,0.029767438763472,-0.032778576016426086,0.002451836597174406,-0.007318350486457348,0,0,-0.009303664788603783,-0.00951308198273182,-0.0002094171941280365,5.4197692089732064e-09,0.0285904873162508,2.412669360637651e-05,2.3282644701083655e-09
1,158,40,17,7,0.05,0.07153653502464295,1.4307307004928589,7,ok,,1.040287971496582,2.921941041946411,0.0076639088857243035,0.7808627257103885,2.808780954892741,0.20913614332675934,0.07441859690868001,-0.032778576016426086,0.002451836597174406,-0.008979812264442444,0,0,-0.009303664788603783,-0.009946053847670555,-0.0006423890590667725,4.404496767198944e-09,0.07138381898403168,0.00015271604061127542,5.419095394643136e-09
1,158,40,17,7,0.1,0.1430730700492859,1.4307307004928589,7,ok,,1.040287971496582,2.0022940635681152,0.015353918718019855,0.7362723576526196,1.9247497985443822,0.2861977815628052,0.14883719381736002,-0.032778576016426086,0.002451836597174406,-0.013775530271232128,0,0,-0.009303664788603783,-0.011274577118456364,-0.001970912329852581,4.922390528169784e-09,0.14276818931102753,0.00030488073825837847,7.4123689408622795e-09
1,158,40,17,7,0.2,0.2861461400985718,1.4307307004928589,7,ok,,1.040287971496582,1.5298810005187988,0.02460023488886679,0.7124058563624366,1.4706322118830293,0.4381457567214966,0.29767438763472004,-0.032778576016426086,0.002451836597174406,-0.0012546665966510773,0,0,-0.009303664788603783,-0.009662682190537453,-0.00035901740193367004,6.01808647403626e-10,0.28553682565689087,0.0006093144416809415,1.1328039839497706e-08
1,158,40,17,7,0.4,0.5722922801971436,1.4307307004928589,7,ok,,1.040287971496582,1.2023447751998901,0.03989838243809534,0.6947136985608701,1.1557807147082684,0.6887320876121521,0.5953487752694401,-0.032778576016426086,0.002451836597174406,-0.0034721822012215853,0,0,-0.009303664788603783,-0.011290778405964375,-0.001987113617360592,1.054816355355176e-08,0.5710736513137817,0.001218628883361883,1.7754121728330574e-08
1,158,38,20,2,0.02,0.01570936679840088,0.785468339920044,2,ok,,1.6960463523864746,9.150168418884277,0.015613037054494619,0.855575848601362,5.394999025824886,0.1437477022409439,0.026643814256729,0.07011877745389938,-0.0161551833152771,0.06431221961975098,0,0,-0.15937888622283936,-0.15836861729621887,0.0010102689266204834,3.532100549823343e-08,0.01570780575275421,1.5610456466676192e-06,9.181022608828471e-10
1,158,38,20,2,0.05,0.0392734169960022,0.785468339920044,2,ok,,1.6960463523864746,5.370194911956787,0.014950156337568334,0.7936742888275548,3.1663019730547584,0.21075907349586487,0.06660953564182251,0.07011877745389938,-0.0161551833152771,-0.00598576944321394,1,0,-0.15937888622283936,-0.1596139818429947,-0.00023509562015533447,1.4000770065492833e-08,0.03922661766409874,4.679933190346319e-05,5.984397422054144e-09
1,158,38,20,2,0.1,0.0785468339920044,0.785468339920044,2,ok,,1.6960463523864746,3.5961060523986816,0.028744614639162794,0.7432077890528875,2.1202876014187635,0.2822663486003876,0.13321907128364502,0.07011877745389938,-0.0161551833152771,0.024499500170350075,0,0,-0.15937888622283936,-0.1574545055627823,0.0019243806600570679,2.2487289496860366e-08,0.07845326513051987,9.356886148453869e-05,8.02096433716315e-09
1,158,38,20,2,0.2,0.1570936679840088,0.785468339920044,2,ok,,1.6960463523864746,2.511565923690796,0.047598133296946975,0.7032944516956477,1.480835662395275,0.3942486345767975,0.26643814256729004,0.07011877745389938,-0.0161551833152771,0.017845764756202698,0,0,-0.15937888622283936,-0.15657545626163483,0.002803429961204529,2.6682327103864922e-08,0.15690651535987854,0.00018715262413027123,1.1185290915705082e-08
1,158,38,20,2,0.4,0.3141873359680176,0.785468339920044,2,ok,,1.6960463523864746,2.201131820678711,0.058557388897126715,0.6934311557295288,1.297801688957523,0.6926652193069458,0.5328762851345801,0.07011877745389938,-0.0161551833152771,-0.01125943474471569,1,0,-0.15937888622283936,-0.16291646659374237,-0.003537580370903015,8.563955055523875e-09,0.3138129711151123,0.00037436485290531785,1.969019436387498e-08
1,159,36,21,7,0.02,0.012026318311691285,0.6013159155845642,7,ok,,2.402271270751953,9.650118827819824,0.014975317173659205,0.8222919615975045,4.017081228630416,0.11611234396696091,0.028890478973094106,-0.002767664846032858,-0.022435138002038002,-0.04753251001238823,1,0,-0.020544005557894707,-0.021115615963935852,-0.0005716104060411453,3.0689521488555874e-08,0.011997416615486145,2.8901696205139993e-05,2.8864031165198867e-09
1,159,36,21,7,0.05,0.030065795779228213,0.6013159155845642,7,ok,,2.402271270751953,5.362826824188232,0.01804747911788002,0.750596683699236,2.2323985178024217,0.16120119392871857,0.07222619743273527,-0.002767664846032858,-0.022435138002038002,-0.02216181345283985,1,0,-0.020544005557894707,-0.021210307255387306,-0.0006663016974925995,1.0859877835976e-08,0.030054958537220955,1.0837242007257636e-05,1.6071873831791095e-09
1,159,36,21,7,0.1,0.060131591558456425,0.6013159155845642,7,ok,,2.402271270751953,4.138519763946533,0.019674114384256276,0.7255407200666848,1.7227528857094399,0.24927766621112823,0.14445239486547054,-0.002767664846032858,-0.022435138002038002,-0.03023701347410679,1,0,-0.020544005557894707,-0.02236219123005867,-0.0018181856721639633,1.4072008569683547e-08,0.0601101852953434,2.1406263113026014e-05,2.490271766575347e-09
1,159,36,21,7,0.2,0.12026318311691285,0.6013159155845642,7,ok,,2.402271270751953,3.4682066440582275,0.026745774610843133,0.7088608016489679,1.443719818940837,0.41697564721107483,0.2889047897309411,-0.002767664846032858,-0.022435138002038002,-0.044739410281181335,1,0,-0.020544005557894707,-0.025924494490027428,-0.005380488932132721,1.4959055683397282e-08,0.1202208548784256,4.232823848725198e-05,4.169351086602546e-09
1,159,36,21,7,0.4,0.2405263662338257,0.6013159155845642,7,ok,,2.402271270751953,4.9335761070251465,0.05636201697115817,0.7318610744775509,2.0537131535019344,1.1862775087356567,0.5778095794618822,-0.002767664846032858,-0.022435138002038002,-0.08010047674179077,1,0,-0.020544005557894707,-0.039810240268707275,-0.01926623471081257,4.1893487436051036e-08,0.24044205248355865,8.431375026704546e-05,1.1818458212076166e-08
1,160,30,14,44,0.02,0.028395624160766603,1.41978120803833,44,ok,,0.7089220881462097,18.41913604736328,-0.017083223653331606,0.964276774573204,25.981890471916703,0.5227749347686768,0.020130285174265624,-0.062283582985401154,-0.0048141442239284515,0.09139106422662735,0,0,0.020009281113743782,0.02260439842939377,0.0025951173156499863,1.1004218194218124e-08,0.028368694707751274,2.6929453015328564e-05,8.169404708269212e-09
1,160,30,14,44,0.05,0.0709890604019165,1.41978120803833,44,ok,,0.7089220881462097,8.705979347229004,-0.010623652879951557,0.9285360050167467,12.280586954177654,0.6185906529426575,0.05032571293566406,-0.062283582985401154,-0.0048141442239284515,0.048533450812101364,0,0,0.020009281113743782,0.023454632610082626,0.0034453514963388443,7.425125136701488e-09,0.07082830369472504,0.00016075670719147006,1.5726840274510323e-08
1,160,30,14,44,0.1,0.141978120803833,1.41978120803833,44,ok,,0.7089220881462097,5.0904011726379395,0.0026895601507116542,0.8858929240607634,7.180480419141494,0.721990704536438,0.10065142587132812,-0.062283582985401154,-0.0048141442239284515,0.022357387468218803,0,0,0.020009281113743782,0.023183545097708702,0.00317426398396492,4.1251440483988655e-09,0.14165668189525604,0.0003214389085769709,1.8418253588947664e-08
1,160,30,14,44,0.2,0.283956241607666,1.41978120803833,44,ok,,0.7089220881462097,2.9765758514404297,0.028092258191671216,0.824794122886331,4.198734813327378,0.8458889126777649,0.20130285174265625,-0.062283582985401154,-0.0048141442239284515,0.00974074937403202,0,0,0.020009281113743782,0.02277521975338459,0.002765938639640808,7.943051549830216e-09,0.2833133041858673,0.0006429374217987172,2.1522312820820844e-08
1,160,30,14,44,0.4,0.567912483215332,1.41978120803833,44,ok,,0.7089220881462097,1.8770701885223389,0.013087548485398597,0.772744212725211,2.6477806516483655,1.0642309188842773,0.4026057034853125,-0.062283582985401154,-0.0048141442239284515,0.019858835265040398,0,0,0.020009281113743782,0.03128734976053238,0.011278068646788597,1.1802344702244172e-08,0.5666272640228271,0.001285219192504905,2.7150433012934627e-08
1,161,29,17,13,0.02,0.025409383773803713,1.2704691886901855,13,ok,,1.0037122964859009,9.604781150817871,-0.004079297807762464,0.9107190360209867,9.569257230817655,0.24424652755260468,0.02550371093989611,0.10449248552322388,0.028473995625972748,0.13549411296844482,1,1,-0.12574402987957,-0.12230125814676285,0.0034427717328071594,5.018269916973184e-08,0.025356192141771317,5.319163203239621e-05,5.4877977717637805e-09
1,161,29,17,13,0.05,0.06352345943450928,1.2704691886901855,13,ok,,1.0037122964859009,4.931639671325684,0.009377080572439295,0.846389270345894,4.913399674973539,0.3133052587509155,0.06375927734974028,0.10449248552322388,0.028473995625972748,0.07616234570741653,1,1,-0.12574402987957,-0.12090592086315155,0.004838109016418457,1.3338436311190194e-08,0.06339511275291443,0.0001283466815948514,3.438481277484584e-09
1,161,29,17,13,0.1,0.12704691886901856,1.2704691886901855,13,ok,,1.0037122964859009,3.2599399089813232,0.023373304638896236,0.7947859687383179,3.247882805054254,0.4142150580883026,0.12751855469948056,0.10449248552322388,0.028473995625972748,0.061277564615011215,1,1,-0.12574402987957,-0.11795894056558609,0.007785089313983917,3.6466150455174984e-08,0.12679027020931244,0.0002566486597061213,4.525089192242149e-09
1,161,29,17,13,0.2,0.2540938377380371,1.2704691886901855,13,ok,,1.0037122964859009,2.0461325645446777,0.05738018794475153,0.7300036862948378,2.0385648075712113,0.5198785066604614,0.2550371093989611,0.10449248552322388,0.028473995625972748,0.02894752286374569,1,1,-0.12574402987957,-0.11838863790035248,0.007355391979217529,4.801758812615631e-09,0.2535805106163025,0.0005133271217346302,5.727260443677551e-09
1,161,29,17,13,0.4,0.5081876754760742,1.2704691886901855,13,ok,,1.0037122964859009,1.5714272260665894,0.06309732808698348,0.7035030263165639,1.565615198266227,0.7986732125282288,0.5100742187979223,0.10449248552322388,0.028473995625972748,0.02334311231970787,1,1,-0.12574402987957,-0.11388137191534042,0.011862657964229584,2.4023899669947668e-08,0.5071609616279602,0.0010267138481140359,8.783334060069592e-09
1,161,36,22,2,0.02,0.020077099800109865,1.0038549900054932,2,ok,,1.4328724145889282,37.78263473510742,0.006454287517398359,0.9639124571980786,26.368457058977146,0.7581276297569275,0.02876792246852631,0.08319861441850662,0.051698941737413406,-0.023816311731934547,0,1,-0.12266373634338379,-0.12314191460609436,-0.0004781782627105713,1.5795197993951834e-08,0.020057927817106247,1.917198300361786e-05,2.1629993796068447e-08
1,161,36,22,2,0.05,0.050192749500274664,1.0038549900054932,2,ok,,1.4328724145889282,11.243697166442871,0.017688523690615306,0.8921977687291212,7.846963241078717,0.5635471940040588,0.07191980617131578,0.08319861441850662,0.051698941737413406,0.10936631262302399,1,1,-0.12266373634338379,-0.11717432737350464,0.00548940896987915,1.3036622980786006e-08,0.05008022114634514,0.0001125283539295252,1.3041411506264922e-08
1,161,36,22,2,0.1,0.10038549900054933,1.0038549900054932,2,ok,,1.4328724145889282,7.872590065002441,0.00310074399199476,0.8594802679485748,5.4942714960811685,0.7891234159469604,0.14383961234263157,0.08319861441850662,0.051698941737413406,0.05834036320447922,1,1,-0.12266373634338379,-0.11680722236633301,0.005856513977050781,1.249510415187588e-08,0.10016022622585297,0.0002252727746963612,1.8309316729414604e-08
1,161,36,22,2,0.2,0.20077099800109866,1.0038549900054932,2,ok,,1.4328724145889282,3.9048688411712646,0.02757454964528753,0.7709376265109283,2.7252034454782867,0.7827954292297363,0.28767922468526314,0.08319861441850662,0.051698941737413406,0.07290305197238922,1,1,-0.12266373634338379,-0.10802695155143738,0.014636784791946411,3.3709876137016925e-08,0.20031949877738953,0.00045149922370912865,1.8150066338762372e-08
1,161,36,22,2,0.4,0.4015419960021973,1.0038549900054932,2,ok,,1.4328724145889282,2.9080891609191895,0.01615595352914514,0.7422519386096595,2.029552060119359,1.168522596359253,0.5753584493705263,0.08319861441850662,0.051698941737413406,0.05836604908108711,1,1,-0.12266373634338379,-0.09922730177640915,0.02343643456697464,1.472019270712388e-08,0.40063855051994324,0.0009034454822540727,2.6994145585490514e-08
1,161,24,13,24,0.02,0.0439916467666626,2.19958233833313,24,ok,,0.7893539667129517,14.023505210876465,-0.00393407347863332,0.9484200007646274,17.765800644868797,0.6169005036354065,0.03472498087750012,-0.03324485197663307,0.008120202459394932,0.050853431224823,1,0,-0.005061940755695105,-0.0028248114977031946,0.00223712925799191,3.0746767267636477e-09,0.04398837313055992,3.273636102675559e-06,1.698530205374027e-08
1,161,24,13,24,0.05,0.1099791169166565,2.19958233833313,24,ok,,0.7893539667129517,6.193874359130859,0.0019526796039755316,0.8939290006675963,7.84676408850608,0.6821230053901672,0.08681245219375029,-0.03324485197663307,0.008120202459394932,0.005948306526988745,1,0,-0.005061940755695105,-0.004407753702253103,0.0006541870534420013,2.445545804817366e-09,0.10983417183160782,0.00014494508504868386,1.2306629493252785e-08
1,161,24,13,24,0.1,0.219958233833313,2.19958233833313,24,ok,,0.7893539667129517,3.808377742767334,0.004960288495557319,0.8452215585181008,4.824676765255839,0.836954653263092,0.17362490438750058,-0.03324485197663307,0.008120202459394932,-0.009047677740454674,0,0,-0.005061940755695105,-0.007052047178149223,-0.0019901064224541187,4.793629271304667e-09,0.21966901421546936,0.0002892196178436446,1.509310365577221e-08
1,161,24,13,24,0.2,0.439916467666626,2.19958233833313,24,ok,,0.7893539667129517,2.649049758911133,0.015915845693059826,0.8006902509932259,3.3559719347950057,1.1642982959747314,0.34724980877500117,-0.03324485197663307,0.008120202459394932,-0.00016947719268500805,0,0,-0.005061940755695105,-0.0051364898681640625,-7.45491124689579e-05,6.695487086988286e-09,0.4393405318260193,0.0005759358406067228,2.0999223693252134e-08
1,161,24,13,24,0.4,0.879832935333252,2.19958233833313,24,ok,,0.7893539667129517,1.5948964357376099,0.033240604834024384,0.7370633755822126,2.0205085462192565,1.4055004119873047,0.6944996175500023,-0.03324485197663307,0.008120202459394932,0.004595259670168161,1,0,-0.005061940755695105,-0.0010188815649598837,0.004043059190735221,1.613487343732345e-09,0.8786816596984863,0.0011512756347656916,2.5436662554056966e-08
1,162,58,15,20,0.02,0.023388581275939943,1.169429063796997,20,ok,,0.9270814657211304,27.006589889526367,0.0022648153869376376,0.9673043872525913,29.130762385040413,0.6318651437759399,0.02168312021043619,0.02614450268447399,0.0013794621918350458,-0.005160191096365452,0,1,-0.06495390832424164,-0.06507459282875061,-0.00012068450450897217,5.044347752843721e-09,0.02332119271159172,6.738856434822249e-05,1.6398463031919164e-08
1,162,58,15,20,0.05,0.05847145318984986,1.169429063796997,20,ok,,0.9270814657211304,12.115836143493652,-0.0006666499528042877,0.931683030559587,13.068793403238065,0.7091801762580872,0.05420780052609047,0.02614450268447399,0.0013794621918350458,0.0544600784778595,1,1,-0.06495390832424164,-0.06176956743001938,0.0031843408942222595,1.9035211451783746e-08,0.05843336507678032,3.8088113069538465e-05,9.31173271823127e-09
1,162,58,15,20,0.1,0.11694290637969972,1.169429063796997,20,ok,,0.9270814657211304,7.775722503662109,0.0015965444843130236,0.899654624978653,8.387313079984159,0.908936083316803,0.10841560105218094,0.02614450268447399,0.0013794621918350458,0.021832535043358803,1,1,-0.06495390832424164,-0.06240074709057808,0.002553161233663559,1.1320565370537272e-09,0.11686688661575317,7.601976394654153e-05,1.1885644468634382e-08
1,162,58,15,20,0.2,0.23388581275939943,1.169429063796997,20,ok,,0.9270814657211304,3.779858112335205,0.013353704524094179,0.8243997778275292,4.077158536861661,0.8836756348609924,0.21683120210436188,0.02614450268447399,0.0013794621918350458,0.04296426475048065,1,1,-0.06495390832424164,-0.05490517243742943,0.01004873588681221,3.906036027609416e-09,0.233734130859375,0.00015168190002443072,1.1530482346699955e-08
1,162,58,15,20,0.4,0.46777162551879886,1.169429063796997,20,ok,,0.9270814657211304,2.2238056659698486,0.018873144770663045,0.7597102206273216,2.398716561804698,1.0399501323699951,0.43366240420872376,0.02614450268447399,0.0013794621918350458,0.02229900285601616,1,1,-0.06495390832424164,-0.05452307313680649,0.01043083518743515,5.625971867193047e-09,0.46746936440467834,0.0003022611141205167,1.3597429848744014e-08
1,164,40,18,6,0.02,0.02056262016296387,1.0281310081481934,6,ok,,1.3259210586547852,6.146336555480957,0.01434852466396735,0.838989857349321,4.635522239696603,0.12642276287078857,0.027264411095193283,-0.02711380459368229,0.0028247074224054813,0.0006441528676077724,1,0,-0.003008865751326084,-0.002995623042806983,1.3242708519101143e-05,2.762224401432181e-09,0.020548347383737564,1.427277922630421e-05,3.596924758042519e-09
1,164,40,18,6,0.05,0.05140655040740967,1.0281310081481934,6,ok,,1.3259210586547852,3.549421787261963,0.024750442813002056,0.7710498531198736,2.6769480461079302,0.18230146169662476,0.0681610277379832,-0.02711380459368229,0.0028247074224054813,-0.015214377082884312,0,0,-0.003008865751326084,-0.0037909860257059336,-0.0007821202743798494,1.6319512185841364e-09,0.05130309611558914,0.0001034542918205289,4.019016230927264e-09
1,164,40,18,6,0.1,0.10281310081481934,1.0281310081481934,6,ok,,1.3259210586547852,2.460381507873535,0.029249304182609646,0.7295216947345655,1.8556018036004818,0.2528490126132965,0.1363220554759664,-0.02711380459368229,0.0028247074224054813,-0.007559852208942175,0,0,-0.003008865751326084,-0.0037861191667616367,-0.0007772534154355526,1.5681324460519244e-09,0.10260555148124695,0.00020754933357239325,5.538944858329842e-09
1,164,40,18,6,0.2,0.20562620162963868,1.0281310081481934,6,ok,,1.3259210586547852,1.6876827478408813,0.033788625649298264,0.6996723607857365,1.2728380297028008,0.34737077355384827,0.2726441109519328,-0.02711380459368229,0.0028247074224054813,-0.017772195860743523,0,0,-0.003008865751326084,-0.006663294974714518,-0.0036544292233884335,9.392575606170794e-11,0.2052110880613327,0.00041511356830598034,7.655753364588236e-09
1,164,40,18,6,0.4,0.41125240325927737,1.0281310081481934,6,ok,,1.3259210586547852,1.2477821111679077,0.04390327140716109,0.6916917707429998,0.9410681752297573,0.512610137462616,0.5452882219038656,-0.02711380459368229,0.0028247074224054813,-0.012956410646438599,0,0,-0.003008865751326084,-0.00833722110837698,-0.005328355357050896,3.410889348742785e-10,0.41042211651802063,0.0008302867412567361,1.125196558149355e-08
1,164,86,15,15,0.02,0.029528136253356933,1.4764068126678467,15,ok,,1.7025352716445923,25.627042770385742,0.0033155937167482856,0.939564113946317,15.052283025899264,0.7565109133720398,0.05027269347726758,0.006218116730451584,-0.006918052211403847,0.17293187975883484,0,0,-0.018475109711289406,-0.013368751853704453,0.005106357857584953,1.7495169401735011e-09,0.029511526226997375,1.6610026359557134e-05,9.177433923923672e-09
1,164,86,15,15,0.05,0.07382034063339234,1.4764068126678467,15,ok,,1.7025352716445923,10.153566360473633,0.009311347423061679,0.8670729179055184,5.963792075015082,0.748709499835968,0.12568173369316896,0.006218116730451584,-0.006918052211403847,0.03401701897382736,0,0,-0.018475109711289406,-0.015963952988386154,0.0025111567229032516,8.794922745376105e-09,0.07368262857198715,0.00013771206140518466,2.036640722735683e-08
1,164,86,15,15,0.1,0.14764068126678467,1.4764068126678467,15,ok,,1.7025352716445923,5.059473514556885,0.004712131491357403,0.7885269969639994,2.9717290436318713,0.7461485266685486,0.2513634673863379,0.006218116730451584,-0.006918052211403847,0.03850509598851204,0,0,-0.018475109711289406,-0.012790188193321228,0.005684921517968178,2.913981322731629e-09,0.14736630022525787,0.0002743810415268,2.031327284157669e-08
1,164,86,15,15,0.2,0.29528136253356935,1.4764068126678467,15,ok,,1.7025352716445923,5.589539051055908,0.0035731662262362147,0.7988915153063331,3.2830679893364656,1.6482117176055908,0.5027269347726758,0.006218116730451584,-0.006918052211403847,-0.025978608056902885,1,0,-0.018475109711289406,-0.02614610269665718,-0.007670992985367775,5.798400071720111e-09,0.29473552107810974,0.0005458414554596058,4.470483361274091e-08
1,164,86,15,15,0.4,0.5905627250671387,1.4764068126678467,15,ok,,1.7025352716445923,2.950003147125244,0.008496012063084115,0.7297805611467088,1.7327119127898634,1.7440812587738037,1.0054538695453517,0.006218116730451584,-0.006918052211403847,-0.0069663203321397305,1,0,-0.018475109711289406,-0.02258915826678276,-0.004114048555493355,5.635456988214993e-10,0.5894713997840881,0.0010913252830505593,4.7313697848494485e-08
1,164,58,16,2,0.02,0.03372887372970581,1.6864436864852905,2,ok,,0.7472938895225525,5.336706638336182,0.0031811817866061343,0.8853968642765729,7.141375987616696,0.17979447543621063,0.025205381238686896,0.014202888123691082,-0.0009333618218079209,0.0215320847928524,0,0,-0.047229982912540436,-0.046503711491823196,0.0007262714207172394,1.845160180202754e-08,0.0336315892636776,9.728446602821211e-05,3.856788666212196e-09
1,164,58,16,2,0.05,0.08432218432426453,1.6864436864852905,2,ok,,0.7472938895225525,3.293612241744995,0.015805545206022387,0.8330594715800269,4.407385485039739,0.2776457965373993,0.06301345309671724,0.014202888123691082,-0.0009333618218079209,-0.022213438525795937,1,0,-0.047229982912540436,-0.049103036522865295,-0.0018730536103248596,3.204752302421454e-08,0.08428030461072922,4.187971353530884e-05,7.861519435437003e-09
1,164,58,16,2,0.1,0.16864436864852905,1.6864436864852905,2,ok,,0.7472938895225525,2.3782944679260254,0.014492518778369113,0.7945510289531683,3.182542372241716,0.4009537100791931,0.12602690619343448,0.014202888123691082,-0.0009333618218079209,-0.013999194838106632,1,0,-0.047229982912540436,-0.04959085211157799,-0.002360869199037552,1.6176022687997005e-08,0.1685609221458435,8.344650268554688e-05,1.1319463588677081e-08
1,164,58,16,2,0.2,0.3372887372970581,1.6864436864852905,2,ok,,0.7472938895225525,1.8113069534301758,0.021267029133423366,0.7605633100658933,2.42382144270576,0.6107403635978699,0.25205381238686897,0.014202888123691082,-0.0009333618218079209,-0.008167500607669353,1,0,-0.047229982912540436,-0.049984779208898544,-0.0027547962963581085,9.67047564248702e-09,0.33712199330329895,0.00016674399375915527,1.7277082875466476e-08
1,164,58,16,2,0.4,0.6745774745941162,1.6864436864852905,2,ok,,0.7472938895225525,1.3702589273452759,0.042467255074471785,0.722928125965747,1.833627902696894,0.9240452647209167,0.5041076247737379,0.014202888123691082,-0.0009333618218079209,-0.011285132728517056,1,0,-0.047229982912540436,-0.05484265089035034,-0.007612667977809906,2.8358652537363582e-08,0.6742439270019531,0.00033354759216308594,2.6085553272992e-08
1,165,58,17,1,0.02,0.010397685766220093,0.5198842883110046,1,ok,,2.4905476570129395,15.579611778259277,0.007348939022747521,0.8721365976783638,6.255496350123478,0.16193753480911255,0.025895931923416243,-0.30995407700538635,0.5172045826911926,0.15086017549037933,1,0,0.006461440585553646,0.008030041120946407,0.0015686005353927612,3.836006978643475e-09,0.01039180438965559,5.8813765645027855e-06,4.605725134609884e-09
1,165,58,17,1,0.05,0.025994214415550235,0.5198842883110046,1,ok,,2.4905476570129395,6.503430366516113,0.010854457513657234,0.771595450451222,2.611245100330041,0.16921453177928925,0.06473982980854061,-0.30995407700538635,0.5172045826911926,0.061128150671720505,1,0,0.006461440585553646,0.008050421252846718,0.0015889806672930717,2.411906307921846e-09,0.02594919316470623,4.5021250844004546e-05,3.6133220859824178e-09
1,165,58,17,1,0.1,0.05198842883110047,0.5198842883110046,1,ok,,2.4905476570129395,4.857803821563721,0.02170648596750081,0.7366963410272829,1.9504962323780708,0.2524644732475281,0.12947965961708122,-0.30995407700538635,0.5172045826911926,0.0658644363284111,1,0,0.006461440585553646,0.009885627776384354,0.0034241871908307076,1.3697294414145855e-09,0.05189822241663933,9.020641446114142e-05,5.4058499898701484e-09
1,165,58,17,1,0.2,0.10397685766220094,0.5198842883110046,1,ok,,2.4905476570129395,3.176013231277466,0.02839464028224879,0.7032221904744355,1.2752268451210327,0.3305951654911041,0.25895931923416243,-0.30995407700538635,0.5172045826911926,0.056353628635406494,1,0,0.006461440585553646,0.01232091337442398,0.005859472788870335,4.3450185723686863e-10,0.10379567742347717,0.00018118023872376599,7.057560313938893e-09
1,165,58,17,1,0.4,0.20795371532440188,0.5198842883110046,1,ok,,2.4905476570129395,2.144899606704712,0.03719296966961694,0.6957334907205529,0.861216046464397,0.44654467701911926,0.5179186384683249,-0.30995407700538635,0.5172045826911926,0.045326922088861465,1,0,0.006461440585553646,0.015887342393398285,0.009425901807844639,4.475380135926521e-11,0.20759126543998718,0.00036244988441469506,9.555768620828076e-09
1,166,58,18,1,0.02,0.00798072099685669,0.3990360498428345,1,ok,,2.4146411418914795,6.381679058074951,0.01789890433672285,0.771281288690531,2.642909932808193,0.05093716084957123,0.019270577260967342,-0.18321572244167328,0.5041942596435547,0.037582870572805405,1,0,-0.010868399403989315,-0.010568461380898952,0.00029993802309036255,3.812121729396267e-10,0.007970981299877167,9.739696979522636e-06,6.421104759013474e-10
1,166,58,18,1,0.05,0.019951802492141724,0.3990360498428345,1,ok,,2.4146411418914795,3.9449944496154785,0.02465673595243708,0.7185229047718871,1.633780846839867,0.07866397500038147,0.04817644315241836,-0.18321572244167328,0.5041942596435547,0.05147647485136986,1,0,-0.010868399403989315,-0.00984135176986456,0.0010270476341247559,8.251014760752434e-10,0.019934166222810745,1.7636269330979087e-05,2.237485530187655e-09
1,166,58,18,1,0.1,0.03990360498428345,0.3990360498428345,1,ok,,2.4146411418914795,2.8685107231140137,0.02529441401370856,0.7013320234150306,1.1879656456386778,0.1145593672990799,0.09635288630483672,-0.18321572244167328,0.5041942596435547,0.043178409337997437,1,0,-0.010868399403989315,-0.009145423769950867,0.0017229756340384483,1.4439653027963073e-09,0.03986828029155731,3.532469272613664e-05,3.264195136409853e-09
1,166,58,18,1,0.2,0.0798072099685669,0.3990360498428345,1,ok,,2.4146411418914795,2.2825889587402344,0.0309100146036412,0.696309961657302,0.9453118805684106,0.18211187422275543,0.19270577260967345,-0.18321572244167328,0.5041942596435547,0.034880831837654114,1,0,-0.010868399403989315,-0.008084659464657307,0.0027837399393320084,1.9310139264504256e-09,0.07973659783601761,7.061213254928866e-05,5.181785223129509e-09
1,166,58,18,1,0.4,0.1596144199371338,0.3990360498428345,1,ok,,2.4146411418914795,1.7581851482391357,0.0313902717633925,0.7044055051214446,0.728135174099268,0.28044775128364563,0.3854115452193469,-0.18321572244167328,0.5041942596435547,0.029630182310938835,1,0,-0.010868399403989315,-0.006138998083770275,0.00472940132021904,3.041972985139141e-09,0.1594732105731964,0.00014120936393738348,8.001105555877075e-09
1,166,40,19,2,0.02,0.0167861545085907,0.8393077254295349,2,ok,,1.1938772201538086,5.749555587768555,0.0068642167461017995,0.8442953489332321,4.815868408162622,0.09648558497428894,0.020040607481788583,0.030666066333651543,-0.007197750732302666,-0.015601838938891888,1,0,-0.03984273970127106,-0.04010462760925293,-0.00026188790798187256,6.971064513399544e-09,0.01674196869134903,4.418581724166884e-05,2.038083479760644e-09
1,166,40,19,2,0.05,0.04196538627147675,0.8393077254295349,2,ok,,1.1938772201538086,3.7782912254333496,0.015119577910345154,0.7937095110924021,3.1647234419494352,0.15851032733917236,0.050101518704471465,0.030666066333651543,-0.007197750732302666,-0.00474704522639513,1,0,-0.03984273970127106,-0.04004194214940071,-0.00019920244812965393,9.138444187516744e-09,0.041944440454244614,2.094581723213751e-05,4.487758165083733e-09
1,166,40,19,2,0.1,0.0839307725429535,0.8393077254295349,2,ok,,1.1938772201538086,2.8087472915649414,0.014670236442911343,0.7573476503528201,2.3526265885203292,0.23566891252994537,0.10020303740894293,0.030666066333651543,-0.007197750732302666,-0.003096275497227907,1,0,-0.03984273970127106,-0.04010260850191116,-0.0002598688006401062,3.993848049531953e-09,0.08388867229223251,4.2100250720988885e-05,6.660893614451879e-09
1,166,40,19,2,0.2,0.167861545085907,0.8393077254295349,2,ok,,1.1938772201538086,2.1854608058929443,0.012915406021912768,0.7334247403213202,1.830557421649739,0.3668009638786316,0.20040607481788586,0.030666066333651543,-0.007197750732302666,0.001536353025585413,0,0,-0.03984273970127106,-0.03958483412861824,0.00025790557265281677,1.0979980641335433e-08,0.16777771711349487,8.382797241213158e-05,1.042197528278166e-08
1,166,40,19,2,0.4,0.335723090171814,0.8393077254295349,2,ok,,1.1938772201538086,1.9929382801055908,0.013163685921253849,0.7239155759336785,1.6692991929665673,0.6688479781150818,0.4008121496357717,0.030666066333651543,-0.007197750732302666,0.0037075956352055073,0,0,-0.03984273970127106,-0.03859799727797508,0.0012447424232959747,1.6959537252206683e-08,0.3355568051338196,0.00016628503799442917,1.8909110721665456e-08
1,167,86,16,3,0.02,0.028077332973480223,1.4038666486740112,3,ok,,1.2839171886444092,73.04261016845703,0.0021589953663022662,0.9828415703551452,56.8904371827285,2.049943208694458,0.036048970415943696,0.021961692720651627,0.014962784014642239,0.3319009244441986,1,1,-0.08371973782777786,-0.074400894343853,0.009318843483924866,4.9285900799792004e-08,0.028046902269124985,3.0430704355238758e-05,3.382304214483156e-08
1,167,86,16,3,0.05,0.07019333243370056,1.4038666486740112,3,ok,,1.2839171886444092,31.578819274902344,0.0019585230820248823,0.9616517656700999,24.595682302703203,2.213024854660034,0.09012242603985925,0.021961692720651627,0.014962784014642239,0.14774413406848907,1,1,-0.08371973782777786,-0.07334909588098526,0.010370641946792603,1.117100607503363e-08,0.0700213685631752,0.00017196387052535733,5.4755091127844935e-08
1,167,86,16,3,0.1,0.14038666486740112,1.4038666486740112,3,ok,,1.2839171886444092,17.331113815307617,-0.006906966212013917,0.9340645199944748,13.49862278391391,2.435138702392578,0.1802448520797185,0.021961692720651627,0.014962784014642239,0.08997832983732224,1,1,-0.08371973782777786,-0.07108798623085022,0.012631751596927643,6.039272993155209e-09,0.14004278182983398,0.0003438830375671331,6.038627731186352e-08
1,167,86,16,3,0.2,0.28077332973480223,1.4038666486740112,3,ok,,1.2839171886444092,8.09467887878418,0.004339607830387904,0.8728516331688755,6.304673658372338,2.2724597454071045,0.360489704159437,0.021961692720651627,0.014962784014642239,0.04063324257731438,1,1,-0.08371973782777786,-0.07231099903583527,0.011408738791942596,7.975588101408193e-09,0.28008559346199036,0.0006877362728118785,5.6402168269187314e-08
1,167,86,16,3,0.4,0.5615466594696045,1.4038666486740112,3,ok,,1.2839171886444092,4.566104888916016,0.012216278351274304,0.8083560791269808,3.5563858240214565,2.56624698638916,0.720979408318874,0.021961692720651627,0.014962784014642239,0.053679049015045166,1,1,-0.08371973782777786,-0.05357646197080612,0.03014327585697174,1.4800932035541337e-08,0.5601713061332703,0.0013753533363342063,6.365304727751209e-08
1,168,42,15,25,0.02,0.025424916744232178,1.2712458372116089,25,ok,,1.6168527603149414,20.89804458618164,-0.00014443064620980393,0.9309748010691123,12.925137711425284,0.5307222604751587,0.04110834681868937,0.009060962125658989,0.0012623817892745137,-0.01488623209297657,0,1,-0.059139251708984375,-0.05951773002743721,-0.0003784783184528351,2.8931464113529995e-09,0.02537166140973568,5.3255334496498524e-05,1.1914760733588992e-08
1,168,42,15,25,0.05,0.06356229186058045,1.2712458372116089,25,ok,,1.6168527603149414,10.199443817138672,0.0020548879774510303,0.8737139621888507,6.308208185354891,0.6483660936355591,0.10277086704672343,0.009060962125658989,0.0012623817892745137,-0.005516719538718462,0,1,-0.059139251708984375,-0.0594898946583271,-0.00035064294934272766,1.2388090261938878e-08,0.06343220174312592,0.00013009011745453158,7.185414485633146e-09
1,168,42,15,25,0.1,0.1271245837211609,1.2712458372116089,25,ok,,1.6168527603149414,6.697486877441406,0.011658568955327964,0.8265701002853144,4.142298570299427,0.8515211939811707,0.20554173409344687,0.009060962125658989,0.0012623817892745137,0.024935102090239525,1,1,-0.059139251708984375,-0.05596936494112015,0.0031698867678642273,2.229459787877336e-08,0.12686482071876526,0.00025976300239563543,9.504745435151563e-09
1,168,42,15,25,0.2,0.2542491674423218,1.2712458372116089,25,ok,,1.6168527603149414,4.045853614807129,0.023733234277873053,0.7627595710043724,2.5023018261827055,1.0283267498016357,0.41108346818689373,0.009060962125658989,0.0012623817892745137,0.007924686186015606,1,1,-0.059139251708984375,-0.057124413549900055,0.00201483815908432,6.705951815979411e-09,0.2537296414375305,0.0005195260047912709,1.1495976615094605e-08
1,168,42,15,25,0.4,0.5084983348846436,1.2712458372116089,25,ok,,1.6168527603149414,2.980724573135376,0.029574916524825905,0.7286854652987371,1.8435349503024177,1.5157721042633057,0.8221669363737875,0.009060962125658989,0.0012623817892745137,0.003984375391155481,1,1,-0.059139251708984375,-0.057113196700811386,0.002026055008172989,6.756215076113292e-09,0.5074591040611267,0.001039230823516868,1.6897526933234985e-08
1,168,24,14,7,0.02,0.03717874050140381,1.8589370250701904,7,ok,,0.9868150353431702,11.935994148254395,-0.0018173778025181912,0.926906380872609,12.095472526005336,0.44416701793670654,0.03668854012190735,0.002510547637939453,0.004586828872561455,-0.027241909876465797,0,1,-0.03758101910352707,-0.03859381005167961,-0.0010127909481525421,2.894990720932189e-08,0.03711073100566864,6.800949573516901e-05,1.214996281362346e-08
1,168,24,14,7,0.05,0.09294685125350953,1.8589370250701904,7,ok,,0.9868150353431702,7.98618221282959,-0.011149857273546719,0.8970595185673305,8.092886637103437,0.741040050983429,0.09172135030476838,0.002510547637939453,0.004586828872561455,-0.07112389802932739,0,1,-0.03758101910352707,-0.04419171065092087,-0.006610691547393799,5.082330787383599e-08,0.0926566943526268,0.0002901569008827293,1.9408874507576e-08
1,168,24,14,7,0.1,0.18589370250701906,1.8589370250701904,7,ok,,0.9868150353431702,4.974869728088379,-0.004644700196970607,0.8515281466423951,5.041339612699861,0.9250978827476501,0.18344270060953677,0.002510547637939453,0.004586828872561455,-0.042369578033685684,0,1,-0.03758101910352707,-0.04545724391937256,-0.00787622481584549,1.2918496406291724e-08,0.18531274795532227,0.000580954551696794,2.412773092430598e-08
1,168,24,14,7,0.2,0.3717874050140381,1.8589370250701904,7,ok,,0.9868150353431702,2.796865224838257,0.011394669206233722,0.7795244398196222,2.834234506634567,1.0379244089126587,0.36688540121907354,0.002510547637939453,0.004586828872561455,-0.009107166901230812,0,1,-0.03758101910352707,-0.04096689447760582,-0.0033858753740787506,5.457515959159456e-08,0.3706250786781311,0.0011623263359070157,2.7121949131014844e-08
1,168,24,14,7,0.4,0.7435748100280762,1.8589370250701904,7,ok,,0.9868150353431702,1.5796520709991455,0.038846619868363935,0.7134147563573594,1.6007580087672786,1.1749811172485352,0.7337708024381471,0.002510547637939453,0.004586828872561455,-0.004247940145432949,0,1,-0.03758101910352707,-0.04073964059352875,-0.0031586214900016785,3.9796649265073925e-08,0.7412500381469727,0.0023247718811035822,3.07796454990239e-08
1,170,45,27,14,0.02,0.0122610080242157,0.6130504012107849,14,ok,,1.587876558303833,7.446005344390869,0.018504683788741108,0.8396968270462911,4.6892847592258615,0.09120501577854156,0.019468967222827305,0.006280495785176754,0.012729266658425331,-0.04749277979135513,0,1,-0.013008390553295612,-0.013590699061751366,-0.0005823085084557533,8.456583611539739e-10,0.01223240327090025,2.8604753315449732e-05,2.2079076344994064e-09
1,170,45,27,14,0.05,0.030652520060539246,0.6130504012107849,14,ok,,1.587876558303833,4.1129279136657715,0.025268773918038116,0.7667303461134612,2.5902063306839187,0.1261766254901886,0.048672418057068255,0.006280495785176754,0.012729266658425331,-0.014055855572223663,0,1,-0.013008390553295612,-0.013439237140119076,-0.00043084658682346344,8.080721647374389e-10,0.030646376311779022,6.1437487602240826e-06,8.830054465391868e-10
1,170,45,27,14,0.1,0.06130504012107849,0.6130504012107849,14,ok,,1.587876558303833,2.8294179439544678,0.05598857972780507,0.7160330959272054,1.78188784836969,0.173451229929924,0.09734483611413651,0.006280495785176754,0.012729266658425331,-0.017932172864675522,0,1,-0.013008390553295612,-0.014107723720371723,-0.0010993331670761108,5.901490628644479e-10,0.061292629688978195,1.2410432100297408e-05,1.22392507240221e-09
1,170,45,27,14,0.2,0.12261008024215699,0.6130504012107849,14,ok,,1.587876558303833,2.0871729850769043,0.07538946396890331,0.6881047600355589,1.3144428476890573,0.25596171617507935,0.19468967222827302,0.006280495785176754,0.012729266658425331,-0.01517511811107397,0,1,-0.013008390553295612,-0.014869008213281631,-0.0018606176599860191,4.789296970076837e-09,0.12258527427911758,2.480596303940097e-05,1.8060346551607154e-09
1,170,45,27,14,0.4,0.24522016048431397,0.6130504012107849,14,ok,,1.587876558303833,2.1264960765838623,0.0701886461390853,0.6910773641379653,1.3392074248227723,0.521419107913971,0.38937934445654604,0.006280495785176754,0.012729266658425331,-0.01847747527062893,0,1,-0.013008390553295612,-0.01753944158554077,-0.004531051032245159,1.5810365907101276e-09,0.245170459151268,4.9701333045965024e-05,3.7059280089124513e-09
1,172,29,18,11,0.02,0.026247150897979736,1.3123575448989868,11,ok,,0.903748631477356,8.439123153686523,0.02611777909537713,0.9058820747865065,9.337909745856843,0.22170279920101166,0.023720826704228842,0.053179606795310974,-0.00925925001502037,-0.00955922994762659,1,0,-0.09414703398942947,-0.0943978875875473,-0.00025085359811782837,4.895278601371126e-08,0.026199188083410263,4.796281456947299e-05,4.626298455434608e-09
1,172,29,18,11,0.05,0.06561787724494934,1.3123575448989868,11,ok,,0.903748631477356,4.522704124450684,0.0291193115777415,0.8451562964591118,5.0043828194267075,0.29685747623443604,0.059302066760572106,0.053179606795310974,-0.00925925001502037,-0.024753162637352943,1,0,-0.09414703398942947,-0.09577126801013947,-0.0016242340207099915,1.5966652100506476e-08,0.06542118638753891,0.00019669085741043368,5.324049201504977e-09
1,172,29,18,11,0.1,0.1312357544898987,1.3123575448989868,11,ok,,0.903748631477356,3.1492741107940674,0.045065691739743285,0.7987047584826374,3.4846792582606416,0.41341838240623474,0.11860413352114421,0.053179606795310974,-0.00925925001502037,-0.03924139589071274,1,0,-0.09414703398942947,-0.09929685294628143,-0.005149818956851959,5.5240102536484315e-08,0.13084210455417633,0.0003936499357223566,7.419512115802718e-09
1,172,29,18,11,0.2,0.2624715089797974,1.3123575448989868,11,ok,,0.903748631477356,2.231973886489868,0.07773384089921544,0.7470741623045701,2.4696843887207836,0.5860156416893005,0.23720826704228842,0.053179606795310974,-0.00925925001502037,-0.024273937568068504,1,0,-0.09414703398942947,-0.10051822662353516,-0.006371192634105682,2.4388266650979262e-08,0.2616840600967407,0.0007874488830566517,1.0510254000450914e-08
1,172,29,18,11,0.4,0.5249430179595947,1.3123575448989868,11,ok,,0.903748631477356,1.6061707735061646,0.06709924007008851,0.7134819111902178,1.7772317628617411,0.843473494052887,0.47441653408457685,0.053179606795310974,-0.00925925001502037,-0.022097082808613777,1,0,-0.09414703398942947,-0.10574671626091003,-0.01159968227148056,2.706617623429719e-08,0.5233680605888367,0.0015749573707580788,1.5132876285406383e-08
1,173,45,28,3,0.02,0.025570502281188966,1.2785251140594482,3,ok,,0.6280245780944824,6.717679023742676,0.015144387163467518,0.9172004361943014,10.696522489795528,0.171911358833313,0.0160589039068077,0.011834360659122467,0.0052399709820747375,0.03408468887209892,1,1,-0.0764838308095932,-0.07561224699020386,0.0008715838193893433,2.120483172157652e-08,0.025519104674458504,5.139760673046265e-05,3.8154768233766845e-09
1,173,45,28,3,0.05,0.06392625570297242,1.2785251140594482,3,ok,,0.6280245780944824,3.5656137466430664,0.01949202088154215,0.8604828568850291,5.677506694811178,0.22796575725078583,0.04014725976701925,0.011834360659122467,0.0052399709820747375,0.013237874954938889,1,1,-0.0764838308095932,-0.0756375715136528,0.0008462592959403992,1.1516607001274375e-08,0.06378156691789627,0.0001446887850761469,2.8944333596570004e-09
1,173,45,28,3,0.1,0.12785251140594484,1.2785251140594482,3,ok,,0.6280245780944824,2.287419080734253,0.03652711001299251,0.8060949324173199,3.6422445243639534,0.29249459505081177,0.0802945195340385,0.011834360659122467,0.0052399709820747375,-0.006517850328236818,0,1,-0.0764838308095932,-0.07731717079877853,-0.0008333399891853333,1.6455752194157076e-08,0.1275632679462433,0.0002892434597015492,3.721783548016333e-09
1,173,45,28,3,0.2,0.25570502281188967,1.2785251140594482,3,ok,,0.6280245780944824,1.5202828645706177,0.06369883712274078,0.7484566187724611,2.420737846249514,0.3887954652309418,0.160589039068077,0.011834360659122467,0.0052399709820747375,0.0017619561403989792,1,1,-0.0764838308095932,-0.07603328675031662,0.0004505440592765808,3.0242023107756796e-09,0.25512662529945374,0.0005783975124359353,4.975197587242519e-09
1,173,45,28,3,0.4,0.5114100456237793,1.2785251140594482,3,ok,,0.6280245780944824,1.1895673274993896,0.08448247259335678,0.714364652189084,1.894141358458956,0.6084747314453125,0.321178078136154,0.011834360659122467,0.0052399709820747375,0.005255764815956354,1,1,-0.0764838308095932,-0.07379593700170517,0.002687893807888031,4.288357193784828e-08,0.5102532505989075,0.0011567950248718706,7.715463823387836e-09
1,175,24,15,7,0.02,0.01980075478553772,0.990037739276886,7,ok,,1.6205028295516968,36.407344818115234,-0.005787381943033973,0.9585940886331388,22.466696234134105,0.7206510305404663,0.03208717915722317,0.03991026058793068,-0.013651869259774685,0.12061074376106262,0,0,-0.09910283982753754,-0.09671464562416077,0.00238819420337677,1.0441662645632732e-08,0.019780589267611504,2.0165517926214876e-05,2.0525504851320875e-08
1,175,24,15,7,0.05,0.049501886963844305,0.990037739276886,7,ok,,1.6205028295516968,16.51079559326172,-0.012797632233441422,0.9161217834575479,10.188686679318636,0.8177282214164734,0.08021794789305794,0.03991026058793068,-0.013651869259774685,0.042280182242393494,0,0,-0.09910283982753754,-0.0970098227262497,0.002093017101287842,6.829911414164488e-08,0.04939059913158417,0.00011128783226013739,1.9468840761760475e-08
1,175,24,15,7,0.1,0.09900377392768861,0.990037739276886,7,ok,,1.6205028295516968,8.395105361938477,0.004791989111214699,0.8529185119426927,5.1805558181319284,0.8316706418991089,0.1604358957861159,0.03991026058793068,-0.013651869259774685,-0.0506800040602684,1,0,-0.09910283982753754,-0.10412031412124634,-0.005017474293708801,3.737092835274375e-08,0.09878114610910416,0.00022262781858445324,1.976527741476275e-08
1,175,24,15,7,0.2,0.19800754785537722,0.990037739276886,7,ok,,1.6205028295516968,4.882528305053711,-0.008592283138231266,0.7934163497497165,3.0129711692027237,0.9675217270851135,0.3208717915722318,0.03991026058793068,-0.013651869259774685,-0.018273696303367615,1,0,-0.09910283982753754,-0.10272116214036942,-0.0036183223128318787,7.482451813960872e-09,0.19756221771240234,0.0004453301429748757,2.2930313647862022e-08
1,175,24,15,7,0.4,0.39601509571075444,0.990037739276886,7,ok,,1.6205028295516968,2.909043073654175,0.019610354570086655,0.7294243943236972,1.7951484073971968,1.152686595916748,0.6417435831444636,0.03991026058793068,-0.013651869259774685,-0.019397206604480743,1,0,-0.09910283982753754,-0.106784388422966,-0.007681548595428467,3.803456625258578e-08,0.3951241374015808,0.0008909583091736284,2.7424091442185272e-08
1,175,45,29,2,0.02,0.015395141839981079,0.769757091999054,2,ok,,1.1696118116378784,5.539616107940674,0.012228212843257143,0.8417712928515064,4.736286050478984,0.08527713268995285,0.01800633973788237,-0.02369729056954384,-0.027088824659585953,0.00870332308113575,0,0,-0.009809655137360096,-0.009675676003098488,0.00013397913426160812,9.759051657905844e-09,0.015392828732728958,2.313107252120694e-06,5.266036495754634e-10
1,175,45,29,2,0.05,0.0384878545999527,0.769757091999054,2,ok,,1.1696118116378784,3.1742684841156006,0.024690207497089764,0.7725290977886841,2.713950434262258,0.12231525033712387,0.04501584934470593,-0.02369729056954384,-0.027088824659585953,-0.013569102622568607,1,0,-0.009809655137360096,-0.010331902652978897,-0.0005222475156188011,1.866829543706837e-09,0.03843788430094719,4.99702990055112e-05,3.4425013950567518e-09
1,175,45,29,2,0.1,0.0769757091999054,0.769757091999054,2,ok,,1.1696118116378784,2.3328139781951904,0.032467035014496284,0.7356489821453147,1.9945198526393255,0.17952078580856323,0.09003169868941185,-0.02369729056954384,-0.027088824659585953,-0.022377926856279373,1,0,-0.009809655137360096,-0.011532212607562542,-0.001722557470202446,6.80016731726546e-10,0.07687544077634811,0.00010026842355728705,5.060543095680714e-09
1,175,45,29,2,0.2,0.1539514183998108,0.769757091999054,2,ok,,1.1696118116378784,1.6612118482589722,0.04528720616025566,0.7030948339280455,1.4203104241323077,0.2556028366088867,0.1800633973788237,-0.02369729056954384,-0.027088824659585953,-0.019767750054597855,1,0,-0.009809655137360096,-0.01285293698310852,-0.0030432818457484245,8.686270147172798e-09,0.15375079214572906,0.00020062625408173718,7.216366171292066e-09
1,175,45,29,2,0.4,0.3079028367996216,0.769757091999054,2,ok,,1.1696118116378784,1.2175034284591675,0.0608054483881952,0.6852575740185161,1.0409465912909879,0.37453216314315796,0.3601267947576474,-0.02369729056954384,-0.027088824659585953,-0.013253330253064632,1,0,-0.009809655137360096,-0.013890392147004604,-0.004080737009644508,9.723163385544353e-10,0.30750158429145813,0.00040125250816347435,1.05355866253376e-08
1,175,58,19,9,0.02,0.00879054844379425,0.4395274221897125,9,ok,,1.8083505630493164,11.44290542602539,0.006578540528795994,0.8732607798703748,6.327813677190752,0.10058819502592087,0.015896393227847624,-0.014142571948468685,-0.0023909704759716988,0.019461117684841156,0,0,-0.015619426965713501,-0.015448360703885555,0.0001710662618279457,7.63595103147512e-09,0.008772341534495354,1.8206909298896373e-05,2.5035633566261595e-09
1,175,58,19,9,0.05,0.021976371109485627,0.4395274221897125,9,ok,,1.8083505630493164,5.843175888061523,0.009446215634422347,0.7970967220463294,3.2312185521181713,0.1284189373254776,0.03974098306961906,-0.014142571948468685,-0.0023909704759716988,0.03440103307366371,0,0,-0.015619426965713501,-0.014863410964608192,0.0007560160011053085,6.131728785851477e-09,0.021975228562951088,1.142546534538963e-06,3.5465270720180797e-09
1,175,58,19,9,0.1,0.043952742218971254,0.4395274221897125,9,ok,,1.8083505630493164,3.509106397628784,0.015241214429766855,0.7381550516607767,1.9405011778853551,0.15422944724559784,0.07948196613923812,-0.014142571948468685,-0.0023909704759716988,0.013940427452325821,0,0,-0.015619426965713501,-0.015006708912551403,0.0006127180531620979,1.9610722490348564e-09,0.043950777500867844,1.9647181034102013e-06,4.261678565598004e-09
1,175,58,19,9,0.2,0.08790548443794251,0.4395274221897125,9,ok,,1.8083505630493164,2.2540886402130127,0.020034200621666467,0.7040718394538356,1.2464887540449168,0.19814179837703705,0.15896393227847624,-0.014142571948468685,-0.0023909704759716988,0.006452573463320732,0,0,-0.015619426965713501,-0.01505221426486969,0.000567212700843811,3.895320810375948e-09,0.08790156245231628,3.921985626223479e-06,5.466275432297607e-09
1,175,58,19,9,0.4,0.17581096887588502,0.4395274221897125,9,ok,,1.8083505630493164,1.5688207149505615,0.028810659185084443,0.6986246197725084,0.8675423598753346,0.2758078873157501,0.3179278645569525,-0.014142571948468685,-0.0023909704759716988,0.003208355512470007,0,0,-0.015619426965713501,-0.01505536399781704,0.0005640629678964615,1.1232491770474945e-09,0.1758032590150833,7.709860801702328e-06,7.625487796758534e-09
1,176,42,16,8,0.02,0.0366251015663147,1.8312550783157349,8,ok,,0.9659315347671509,17.73089599609375,0.012279089968265568,0.9491019457446915,18.356265799262506,0.6499891877174377,0.03537734056695314,-0.012826204299926758,0.0109790600836277,0.15591312944889069,1,0,-0.03702245652675629,-0.03131210058927536,0.0057103559374809265,2.173589333433895e-08,0.03655124083161354,7.386073470115606e-05,1.746953159909026e-08
1,176,42,16,8,0.05,0.09156275391578675,1.8312550783157349,8,ok,,0.9659315347671509,10.63589096069336,0.01140474406937915,0.9195881583804646,11.01101949554453,0.9740660786628723,0.08844335141738285,-0.012826204299926758,0.0109790600836277,-0.012937670573592186,0,0,-0.03702245652675629,-0.038207028061151505,-0.001184571534395218,3.721257811899366e-08,0.09130066633224487,0.00026208758354187567,2.5834470562813294e-08
1,176,42,16,8,0.1,0.1831255078315735,1.8312550783157349,8,ok,,0.9659315347671509,5.816389560699463,0.019917969697589778,0.8664703854957098,6.021533981800843,1.0651847124099731,0.1768867028347657,-0.012826204299926758,0.0109790600836277,-0.01096799224615097,0,0,-0.03702245652675629,-0.03903096169233322,-0.002008505165576935,1.3984392221912806e-08,0.18260128796100616,0.0005242198705673329,2.8371029969775918e-08
1,176,42,16,8,0.2,0.366251015663147,1.8312550783157349,8,ok,,0.9659315347671509,3.282458782196045,0.019376304073779098,0.8012695745316163,3.3982313073399366,1.2025226354599,0.3537734056695314,-0.012826204299926758,0.0109790600836277,0.0038427223917096853,1,0,-0.03702245652675629,-0.035615015774965286,0.0014074407517910004,3.977291581063608e-08,0.3652029037475586,0.0010481119155884011,3.200513631895774e-08
1,176,42,16,8,0.4,0.732502031326294,1.8312550783157349,8,ok,,0.9659315347671509,2.192784309387207,0.032232671559374745,0.7496654084090721,2.2701239481880395,1.6065982580184937,0.7075468113390628,-0.012826204299926758,0.0109790600836277,0.013925979845225811,1,0,-0.03702245652675629,-0.026821628212928772,0.010200828313827515,1.9788990578140098e-08,0.7304040789604187,0.0020979523658752885,4.2688476753482973e-08
1,176,24,16,1,0.02,0.022101221084594728,1.1050610542297363,1,ok,,1.5101810693740845,8.897894859313965,0.003907571264526955,0.8665315019415949,5.891939079196595,0.19665466248989105,0.03337684569200633,-0.6320174932479858,0.48575207591056824,-0.018711118027567863,0,0,0.036875173449516296,0.03646164759993553,-0.00041352584958076477,1.2706686458618163e-08,0.022100865840911865,3.552436828625771e-07,5.3895479190657625e-09
1,176,24,16,1,0.05,0.05525305271148682,1.1050610542297363,1,ok,,1.5101810693740845,4.925755500793457,0.009560966653240025,0.7985584498667171,3.26169861394948,0.27196386456489563,0.08344211423001582,-0.6320174932479858,0.48575207591056824,0.006451052613556385,1,0,0.036875173449516296,0.03723161667585373,0.00035644322633743286,2.876236027127277e-09,0.05518438294529915,6.866976618766923e-05,4.819188603732982e-09
1,176,24,16,1,0.1,0.11050610542297364,1.1050610542297363,1,ok,,1.5101810693740845,3.048844814300537,0.010673567871121878,0.7434572866700888,2.01886043741904,0.3373861610889435,0.16688422846003165,-0.6320174932479858,0.48575207591056824,0.020493950694799423,1,0,0.036875173449516296,0.03913988173007965,0.0022647082805633545,1.604550625613349e-09,0.11036869138479233,0.0001374140381813077,5.962109472790189e-09
1,176,24,16,1,0.2,0.22101221084594727,1.1050610542297363,1,ok,,1.5101810693740845,2.205379009246826,0.015090783980778254,0.7152278092630232,1.4603407855982566,0.48813924193382263,0.3337684569200633,-0.6320174932479858,0.48575207591056824,0.03338275104761124,1,0,0.036875173449516296,0.04425317049026489,0.007377997040748596,1.4275961740875531e-09,0.22073739767074585,0.00027481317520142157,8.607661250437104e-09
1,176,24,16,1,0.4,0.44202442169189454,1.1050610542297363,1,ok,,1.5101810693740845,1.5371202230453491,0.03160871284863169,0.6958179867034799,1.0178383600593086,0.6805243492126465,0.6675369138401266,-0.6320174932479858,0.48575207591056824,0.043882884085178375,1,0,0.036875173449516296,0.056272514164447784,0.019397340714931488,3.4255008073136306e-08,0.4414747357368469,0.0005496859550476185,1.2041097896542396e-08
1,176,29,19,4,0.02,0.024396555423736574,1.2198277711868286,4,ok,,1.0836738348007202,4.710007667541504,-0.0007603868827126631,0.8343902439876091,4.346333293544264,0.11497259140014648,0.026437908771968922,0.022489873692393303,-0.01941433921456337,-0.028860319405794144,1,0,-0.06527470052242279,-0.06597878783941269,-0.0007040873169898987,5.064940298334791e-09,0.02433735504746437,5.9200376272203203e-05,2.79281420212385e-09
1,176,29,19,4,0.05,0.060991388559341435,1.2198277711868286,4,ok,,1.0836738348007202,2.7405307292938232,0.013852236819588346,0.7658711087954316,2.528925808931483,0.1671265810728073,0.0660947719299223,0.022489873692393303,-0.01941433921456337,-0.030886638909578323,1,0,-0.06527470052242279,-0.06715851277112961,-0.0018838122487068176,6.746319347779306e-09,0.06097802147269249,1.3367086648945203e-05,1.3221052030942815e-09
1,176,29,19,4,0.1,0.12198277711868287,1.2198277711868286,4,ok,,1.0836738348007202,1.8733997344970703,0.022794895353839637,0.7237438799926488,1.7287487012546041,0.22849072515964508,0.1321895438598446,0.022489873692393303,-0.01941433921456337,-0.024534713476896286,1,0,-0.06527470052242279,-0.06826750189065933,-0.0029928013682365417,1.1117486442731306e-08,0.12195633351802826,2.6443600654610377e-05,1.8239454391277832e-09
1,176,29,19,4,0.2,0.24396555423736574,1.2198277711868286,4,ok,,1.0836738348007202,1.3846291303634644,0.029533915634762122,0.7018867722228785,1.27771759905674,0.33774903416633606,0.2643790877196892,0.022489873692393303,-0.01941433921456337,-0.029304226860404015,1,0,-0.06527470052242279,-0.07242393493652344,-0.007149234414100647,1.2466604681730942e-08,0.2439117729663849,5.3781270980851614e-05,2.695754730552835e-09
1,176,29,19,4,0.4,0.4879311084747315,1.2198277711868286,4,ok,,1.0836738348007202,1.01776921749115,0.039379798309914754,0.6931918447400977,0.9391840836291586,0.49734362959861755,0.5287581754393784,0.022489873692393303,-0.01941433921456337,-0.02285691723227501,1,0,-0.06527470052242279,-0.07642729580402374,-0.011152595281600952,5.679858184476361e-09,0.4878236651420593,0.00010744333267215245,3.940067383467749e-09
1,176,36,23,15,0.02,0.008935425281524658,0.4467712640762329,15,ok,,2.8066799640655518,14.609105110168457,0.006169150437831332,0.8532343455072064,5.205119677771016,0.13040290772914886,0.02507887910806005,0.04048193246126175,0.02837257646024227,-0.031345926225185394,0,1,-0.09004353731870651,-0.09032359719276428,-0.0002800598740577698,2.9307607558588626e-08,0.008917160332202911,1.8264949321746687e-05,3.353269661943159e-09
1,176,36,23,15,0.05,0.022338563203811647,0.4467712640762329,15,ok,,2.8066799640655518,8.043924331665039,0.015163849624120328,0.7805129396618755,2.8659927154681117,0.1795651763677597,0.06269719777015013,0.04048193246126175,0.02837257646024227,-0.022517262026667595,0,1,-0.09004353731870651,-0.09054651111364365,-0.0005029737949371338,2.9486022368207555e-08,0.022325901314616203,1.2661889195443587e-05,4.9001736002196594e-09
1,176,36,23,15,0.1,0.044677126407623294,0.4467712640762329,15,ok,,2.8066799640655518,5.936585903167725,0.021869783812905226,0.7447385281078688,2.115163103443509,0.2652360498905182,0.12539439554030027,0.04048193246126175,0.02837257646024227,-0.028715526685118675,0,1,-0.09004353731870651,-0.09132641553878784,-0.0012828782200813293,4.899549119760996e-08,0.04465210810303688,2.5018304586413298e-05,7.214313146874929e-09
1,176,36,23,15,0.2,0.08935425281524659,0.4467712640762329,15,ok,,2.8066799640655518,4.324274063110352,0.02899869755663525,0.7137566066627775,1.5407079248340745,0.38641810417175293,0.25078879108060054,0.04048193246126175,0.02837257646024227,-0.034039635211229324,0,1,-0.09004353731870651,-0.09308511018753052,-0.003041572868824005,1.3301578949409532e-08,0.08930446207523346,4.979074001312811e-05,1.0536848726871995e-08
1,176,36,23,15,0.4,0.17870850563049318,0.4467712640762329,15,ok,,2.8066799640655518,3.3510913848876953,0.037679829958131635,0.6956923736324768,1.1939698960305951,0.5989212393760681,0.5015775821612011,0.04048193246126175,0.02837257646024227,-0.024675913155078888,0,1,-0.09004353731870651,-0.09445332735776901,-0.0044097900390625,5.525949475781999e-09,0.17860828340053558,0.00010022222995759167,1.63203370817655e-08
1,177,42,17,1,0.02,0.02302069664001465,1.1510348320007324,1,ok,,1.5503079891204834,13.582122802734375,0.01452105178409436,0.9018976283524782,8.760919054820189,0.3127383291721344,0.03568916991613378,-0.2320340871810913,0.15764282643795013,-0.024431277066469193,0,0,0.007576241157948971,0.007013819180428982,-0.000562421977519989,3.040355345306292e-09,0.022957462817430496,6.323382258415292e-05,8.273818963289159e-09
1,177,42,17,1,0.05,0.05755174160003662,1.1510348320007324,1,ok,,1.5503079891204834,6.907566070556641,0.021450208211590008,0.8332150384094584,4.455608897733261,0.3973677158355713,0.08922292479033445,-0.2320340871810913,0.15764282643795013,0.019321031868457794,1,0,0.007576241157948971,0.008688205853104591,0.0011119646951556206,5.661616064855934e-09,0.05750509724020958,4.6644359827041626e-05,5.797736957191546e-09
1,177,42,17,1,0.1,0.11510348320007324,1.1510348320007324,1,ok,,1.5503079891204834,4.537533760070801,0.03449188011725741,0.7794536743751495,2.9268595607522445,0.5221233367919922,0.1784458495806689,-0.2320340871810913,0.15764282643795013,0.028684556484222412,1,0,0.007576241157948971,0.010877929627895355,0.0033016884699463844,3.895436861967028e-09,0.11501015722751617,9.332597255706787e-05,7.587571460021536e-09
1,177,42,17,1,0.2,0.23020696640014648,1.1510348320007324,1,ok,,1.5503079891204834,3.176051616668701,0.03491696524830522,0.7378285755562121,2.0486584852526506,0.73093181848526,0.3568916991613378,-0.2320340871810913,0.15764282643795013,0.026265311986207962,1,0,0.007576241157948971,0.013622704893350601,0.00604646373540163,5.941503289363936e-09,0.23002025485038757,0.00018671154975891113,1.065820676160456e-08
1,177,42,17,1,0.4,0.46041393280029297,1.1510348320007324,1,ok,,1.5503079891204834,1.8400688171386719,0.05590523623883533,0.6897022567289405,1.1869053311022333,0.8467244505882263,0.7137833983226756,-0.2320340871810913,0.15764282643795013,0.03508308529853821,1,0,0.007576241157948971,0.023728981614112854,0.016152740456163883,8.209042334783589e-10,0.4600403308868408,0.00037360191345214844,1.231150204006326e-08
1,178,40,20,12,0.02,0.011422477960586548,0.5711238980293274,12,ok,,1.6177575588226318,26.30368995666504,0.002527835339764136,0.9436982281405261,16.259352220732026,0.30051305890083313,0.018478800061223807,-0.028180338442325592,0.0025475318543612957,-0.035962656140327454,0,0,-0.014050530269742012,-0.014461326412856579,-0.0004107961431145668,1.3495947523976034e-08,0.011399932205677032,2.254575490951566e-05,8.008949947679866e-09
1,178,40,20,12,0.05,0.02855619490146637,0.5711238980293274,12,ok,,1.6177575588226318,9.980795860290527,-0.000943971231585718,0.8719398730372974,6.169525097164843,0.2848558723926544,0.04619700015305952,-0.028180338442325592,0.0025475318543612957,0.00025948416441679,1,0,-0.014050530269742012,-0.014043131843209267,7.398426532745361e-06,1.1453840184638856e-08,0.028532899916172028,2.3294985294342735e-05,4.33579483427593e-09
1,178,40,20,12,0.1,0.05711238980293274,0.5711238980293274,12,ok,,1.6177575588226318,6.554854869842529,0.008095675960237097,0.8246815686170766,4.051815325535524,0.3741820752620697,0.09239400030611904,-0.028180338442325592,0.0025475318543612957,-0.006441034376621246,0,0,-0.014050530269742012,-0.014418396167457104,-0.0003678658977150917,3.0316634091922916e-09,0.05706605315208435,4.633665084839006e-05,5.705911299003219e-09
1,178,40,20,12,0.2,0.11422477960586548,0.5711238980293274,12,ok,,1.6177575588226318,6.508667945861816,0.012527188421905987,0.82299251051026,4.023265359115156,0.7431246638298035,0.18478800061223807,-0.028180338442325592,0.0025475318543612957,-0.08484456688165665,0,0,-0.014050530269742012,-0.023741882294416428,-0.009691352024674416,7.186207184872728e-11,0.11413215100765228,9.262859821319858e-05,1.13358753495163e-08
1,178,40,20,12,0.4,0.22844955921173096,0.5711238980293274,12,ok,,1.6177575588226318,3.488530397415161,0.02020997540698929,0.7477568159307327,2.1563987622174237,0.7964431643486023,0.36957600122447615,-0.028180338442325592,0.0025475318543612957,-0.030270226299762726,0,0,-0.014050530269742012,-0.020965751260519028,-0.006915220990777016,1.135356875354987e-09,0.22826433181762695,0.00018522739410400946,1.2104861113471088e-08
1,178,24,17,2,0.02,0.008238760232925415,0.41193801164627075,2,ok,,3.7132883071899414,19.60698699951172,0.009205061573114029,0.8542418846933483,5.280222104365543,0.16158539056777954,0.03059289203866342,0.012932784855365753,-0.06394815444946289,0.12015135586261749,0,0,-0.02279001474380493,-0.021800121292471886,0.000989893451333046,4.7612799568882286e-09,0.008220499381422997,1.8260851502418032e-05,3.0143725293640955e-09
1,178,24,17,2,0.05,0.02059690058231354,0.41193801164627075,2,ok,,3.7132883071899414,10.295506477355957,0.01598843643270272,0.7773550055461637,2.7726116653582404,0.21196675300598145,0.07648223009665855,0.012932784855365753,-0.06394815444946289,0.031010132282972336,0,0,-0.02279001474380493,-0.02215130440890789,0.0006387103348970413,2.276779731435509e-09,0.020584046840667725,1.2853741645814376e-05,6.022704113206601e-09
1,178,24,17,2,0.1,0.04119380116462708,0.41193801164627075,2,ok,,3.7132883071899414,6.854332447052002,0.025472332312803627,0.7300812606062497,1.8458928798440708,0.28223294019699097,0.1529644601933171,0.012932784855365753,-0.06394815444946289,-0.038525402545928955,1,0,-0.02279001474380493,-0.02437702566385269,-0.00158701092004776,3.147783544888913e-09,0.04116814211010933,2.5659054517748747e-05,8.046592725463597e-09
1,178,24,17,2,0.2,0.08238760232925416,0.41193801164627075,2,ok,,3.7132883071899414,4.510649681091309,0.035639965763493056,0.6974147971848849,1.2147318785767975,0.3715023696422577,0.3059289203866342,0.012932784855365753,-0.06394815444946289,-0.02651158533990383,1,0,-0.02279001474380493,-0.024974249303340912,-0.0021842345595359802,8.609433898871394e-09,0.08233626186847687,5.1340460777288266e-05,1.0589619847678478e-08
1,178,24,17,2,0.4,0.1647752046585083,0.41193801164627075,2,ok,,3.7132883071899414,3.143700122833252,0.044553915322777256,0.6935707959034456,0.8466081442546064,0.5178562998771667,0.6118578407732684,0.012932784855365753,-0.06394815444946289,-0.02634517289698124,1,0,-0.02279001474380493,-0.027131034061312675,-0.004341019317507744,1.1938356126589555e-08,0.16467255353927612,0.00010265111923218884,1.4756214028466275e-08
1,179,36,24,3,0.02,0.029515185356140138,1.4757592678070068,3,ok,,0.8895462155342102,23.44824981689453,-0.00014022288793607342,0.9641456199276378,26.359788178949763,0.6931403279304504,0.026255121434345198,-0.007971095852553844,0.013733981177210808,-0.04526481777429581,0,0,-0.01007356122136116,-0.011409563012421131,-0.0013360017910599709,2.3043397233760143e-09,0.029500365257263184,1.4820098876953958e-05,8.401109141686902e-09
1,179,36,24,3,0.05,0.07378796339035035,1.4757592678070068,3,ok,,0.8895462155342102,6.291169166564941,-6.663658374275924e-05,0.8848500112634513,7.072335373581186,0.4646811783313751,0.065637803585863,-0.007971095852553844,0.013733981177210808,0.0262139942497015,1,0,-0.01007356122136116,-0.008139281533658504,0.0019342796877026558,2.439690826964991e-09,0.07365650683641434,0.0001314565539360102,1.2619981504258249e-08
1,179,36,24,3,0.1,0.1475759267807007,1.4757592678070068,3,ok,,0.8895462155342102,4.1964111328125,0.016280003438065266,0.8405981117261976,4.71747398788905,0.619855523109436,0.131275607171726,-0.007971095852553844,0.013733981177210808,0.010613182559609413,1,0,-0.01007356122136116,-0.008507313206791878,0.0015662480145692825,2.2377578457778713e-09,0.14731302857398987,0.00026289820671082653,1.6777724098915314e-08
1,179,36,24,3,0.2,0.2951518535614014,1.4757592678070068,3,ok,,0.8895462155342102,2.714608669281006,0.017391531441134783,0.7880553720551197,3.051678059973215,0.8002217411994934,0.262551214343452,-0.007971095852553844,0.013733981177210808,0.006636962294578552,1,0,-0.01007356122136116,-0.0081146489828825,0.0019589122384786606,5.152166692411198e-10,0.29462623596191406,0.0005256175994873269,2.172319746307494e-08
1,179,36,24,3,0.4,0.5903037071228028,1.4757592678070068,3,ok,,0.8895462155342102,1.717438817024231,0.020597788203903046,0.7361797995518273,1.9306909377281827,1.013204574584961,0.525102428686904,-0.007971095852553844,0.013733981177210808,0.0015561156906187534,1,0,-0.01007356122136116,-0.00915498472750187,0.0009185764938592911,4.367024919525557e-09,0.5892530083656311,0.0010506987571716753,2.7483476827683262e-08
1,179,38,21,21,0.02,0.010807440280914307,0.5403720140457153,21,ok,,2.305347204208374,25.267086029052734,0.0096434381195942,0.9193862569931882,10.960208502613886,0.2730419337749481,0.02491490223625476,-0.05477825179696083,0.040811389684677124,0.11662032455205917,1,0,0.003439046675339341,0.004699418321251869,0.001260371645912528,4.452775304074688e-09,0.010804763063788414,2.6772171258931943e-06,7.621855147021961e-09
1,179,38,21,21,0.05,0.027018600702285768,0.5403720140457153,21,ok,,2.305347204208374,12.616782188415527,0.01110919868927843,0.8578215227285918,5.472833838381621,0.34129950404167175,0.06228725559063691,-0.05477825179696083,0.040811389684677124,0.06712998449802399,1,0,0.003439046675339341,0.005252809263765812,0.0018137625884264708,4.342123727197819e-09,0.026979610323905945,3.8990378379823165e-05,6.535466834378667e-09
1,179,38,21,21,0.1,0.054037201404571536,0.5403720140457153,21,ok,,2.305347204208374,7.663223743438721,0.02841742833472018,0.7966710942663223,3.324108285921663,0.41371846199035645,0.12457451118127381,-0.05477825179696083,0.040811389684677124,0.011727873235940933,1,0,0.003439046675339341,0.0040727886371314526,0.0006337419617921114,5.136942870858849e-10,0.05395907163619995,7.812976837158481e-05,7.92950238803769e-09
1,179,38,21,21,0.2,0.10807440280914307,0.5403720140457153,21,ok,,2.305347204208374,5.248615741729736,0.052070398029954924,0.7447083456411203,2.2767137774935575,0.5666669607162476,0.24914902236254763,-0.05477825179696083,0.040811389684677124,0.02079659327864647,1,0,0.003439046675339341,0.005686629097908735,0.002247582422569394,3.0235150381627274e-09,0.10791801661252975,0.00015638619661331732,1.0883077550261078e-08
1,179,38,21,21,0.4,0.21614880561828614,0.5403720140457153,21,ok,,2.305347204208374,3.6195805072784424,0.08091613996118395,0.6965534674973799,1.5700804202808958,0.7815056443214417,0.49829804472509526,-0.05477825179696083,0.040811389684677124,0.0362493172287941,1,0,0.003439046675339341,0.011274290271103382,0.007835243595764041,3.027718164724802e-09,0.21583595871925354,0.0003128468990326039,1.502862900792934e-08
1,180,38,22,1,0.02,0.033278799057006835,1.6639399528503418,1,ok,,0.7951257824897766,4.066644191741943,0.006197409037663795,0.8508285676681206,5.114466517489786,0.13528165221214294,0.026460831140522598,-0.11538749933242798,0.04447333142161369,0.008528652600944042,1,0,-0.0051812585443258286,-0.0048974305391311646,0.000283828005194664,4.689060828532744e-09,0.03318219259381294,9.660646319389204e-05,2.6889828141918315e-09
1,180,38,22,1,0.05,0.08319699764251709,1.6639399528503418,1,ok,,0.7951257824897766,2.488506317138672,0.032297451918724865,0.7881769908096508,3.1297014534521628,0.20695678889751434,0.0661520778513065,-0.11538749933242798,0.04447333142161369,0.020503180101513863,1,0,-0.0051812585443258286,-0.003475446719676256,0.0017058118246495724,8.798079820238058e-09,0.08314847201108932,4.852563142776489e-05,5.859089213799962e-09
1,180,38,22,1,0.1,0.16639399528503418,1.6639399528503418,1,ok,,0.7951257824897766,1.6704413890838623,0.04609184473736033,0.7371258743999509,2.1008517468155916,0.277850866317749,0.132304155702613,-0.11538749933242798,0.04447333142161369,0.022243836894631386,1,0,-0.0051812585443258286,-0.0014800135977566242,0.0037012449465692043,4.055202840191896e-09,0.16629727184772491,9.672343730926514e-05,7.894795039931068e-09
1,180,38,22,1,0.2,0.33278799057006836,1.6639399528503418,1,ok,,0.7951257824897766,1.1894493103027344,0.06936921073087216,0.6983044779576513,1.4959259735946644,0.3956792652606964,0.264608311405226,-0.11538749933242798,0.04447333142161369,0.021314863115549088,1,0,-0.0051812585443258286,0.0019120733486488461,0.007093331892974675,1.427475027071523e-09,0.3325948119163513,0.00019317865371704102,1.1237432318011997e-08
1,180,38,22,1,0.4,0.6655759811401367,1.6639399528503418,1,ok,,0.7951257824897766,0.9338206648826599,0.10348564570290135,0.6719490405522962,1.174431373558802,0.6212530136108398,0.529216622810452,-0.11538749933242798,0.04447333142161369,0.026231583207845688,1,0,-0.0051812585443258286,0.01227786485105753,0.017459123395383358,1.166496232940517e-08,0.6651896834373474,0.00038629770278930664,1.7663573714798986e-08
1,181,29,20,5,0.02,0.017824668884277344,0.8912334442138672,5,ok,,1.3617260456085205,6.501149654388428,0.0022461039884620936,0.8443417416098017,4.7741979198748865,0.11597303301095963,0.024272315874068227,0.04169852286577225,-0.03485725447535515,-0.028404470533132553,1,0,-0.0360109768807888,-0.03651728853583336,-0.0005063116550445557,1.1372958255164399e-08,0.017787231132388115,3.743775188922924e-05,2.970186319117829e-09
1,181,29,20,5,0.05,0.04456167221069336,0.8912334442138672,5,ok,,1.3617260456085205,3.645094871520996,0.008402864104089759,0.7751512383565239,2.6768195286221608,0.16243967413902283,0.06068078968517057,0.04169852286577225,-0.03485725447535515,-0.03075294755399227,1,0,-0.0360109768807888,-0.03738139197230339,-0.0013704150915145874,1.232310093963844e-08,0.04452764242887497,3.402978181839267e-05,4.426296218440484e-09
1,181,29,20,5,0.1,0.08912334442138672,0.8912334442138672,5,ok,,1.3617260456085205,2.5320208072662354,0.021572694677932314,0.7312077022900653,1.8594201200968294,0.2256726175546646,0.12136157937034114,0.04169852286577225,-0.03485725447535515,-0.025019828230142593,1,0,-0.0360109768807888,-0.03824082389473915,-0.002229847013950348,3.7547685850271295e-09,0.0890553668141365,6.797760725021917e-05,6.140075115013133e-09
1,181,29,20,5,0.2,0.17824668884277345,0.8912334442138672,5,ok,,1.3617260456085205,1.9450898170471191,0.02974687126504499,0.7069904658258394,1.4284002449086444,0.3467225134372711,0.2427231587406823,0.04169852286577225,-0.03485725447535515,-0.03220459818840027,1,0,-0.0360109768807888,-0.04175134375691414,-0.005740366876125336,3.883531007192742e-09,0.1781110167503357,0.00013567209243775524,9.475093598609874e-09
1,181,29,20,5,0.4,0.3564933776855469,0.8912334442138672,5,ok,,1.3617260456085205,1.5362628698349,0.032192467366620736,0.6966786182181267,1.1281732289604955,0.5476950407028198,0.4854463174813646,0.04169852286577225,-0.03485725447535515,-0.025981005281209946,1,0,-0.0360109768807888,-0.04527303948998451,-0.00926206260919571,6.280831143373744e-09,0.35622215270996094,0.0002712249755859597,1.496373513987237e-08
1,182,24,18,4,0.02,0.011767643690109254,0.5883821845054626,4,ok,,1.9087876081466675,11.155699729919434,0.008571832953927841,0.8650864792171069,5.844390272810492,0.13109613955020905,0.022461932452765867,-0.011713866144418716,0.006433010566979647,0.05965833738446236,1,0,-0.014134006574749947,-0.013431953266263008,0.0007020533084869385,1.5251002260987384e-08,0.01173834316432476,2.9300525784493534e-05,3.3684355305041436e-09
1,182,24,18,4,0.05,0.029419109225273132,0.5883821845054626,4,ok,,1.9087876081466675,6.455820083618164,0.013571571839641288,0.8019053288480597,3.3821573736446475,0.18987196683883667,0.05615483113191466,-0.011713866144418716,0.006433010566979647,-0.016747649759054184,0,0,-0.014134006574749947,-0.014626710675656796,-0.0004927041009068489,3.1633786146123555e-09,0.029402965679764748,1.6143545508384705e-05,2.3776383084594954e-09
1,182,24,18,4,0.1,0.058838218450546265,0.5883821845054626,4,ok,,1.9087876081466675,4.107785224914551,0.014156494516011841,0.7486461988982417,2.1520389211353077,0.24204021692276,0.11230966226382932,-0.011713866144418716,0.006433010566979647,0.003625858575105667,1,0,-0.014134006574749947,-0.01392066478729248,0.00021334178745746613,2.7285446124736268e-09,0.058805979788303375,3.2238662242889404e-05,3.0095115288730767e-09
1,182,24,18,4,0.2,0.11767643690109253,0.5883821845054626,4,ok,,1.9087876081466675,3.309889078140259,0.015163039869600702,0.7277345384777105,1.7340269100721233,0.3893561363220215,0.22461932452765865,-0.011713866144418716,0.006433010566979647,0.0038897027261555195,1,0,-0.014134006574749947,-0.01367628201842308,0.00045772455632686615,1.8010915814326012e-09,0.1176120936870575,6.434321403503418e-05,4.866356650978787e-09
1,182,24,18,4,0.4,0.23535287380218506,0.5883821845054626,4,ok,,1.9087876081466675,2.807285785675049,0.027749049040614496,0.7096593485787419,1.4707166861792995,0.660442590713501,0.4492386490553173,-0.011713866144418716,0.006433010566979647,-0.01659480854868889,0,0,-0.014134006574749947,-0.018039628863334656,-0.003905622288584709,1.3593546288603875e-08,0.235224187374115,0.00012868642807006836,8.255921279953782e-09
1,183,38,23,3,0.02,0.007512366771697998,0.3756183385848999,3,ok,,2.9138622283935547,25.65725326538086,0.01726130847430332,0.9020161096239725,8.80523897642106,0.19271336495876312,0.021890001781889625,-0.006856825202703476,0.10360927879810333,0.11280416697263718,1,0,-0.06422504782676697,-0.06337758898735046,0.0008474588394165039,3.256374219156189e-08,0.00750972842797637,2.638343721628536e-06,1.9398407324899836e-09
1,183,38,23,3,0.05,0.018780916929244995,0.3756183385848999,3,ok,,2.9138622283935547,12.275076866149902,0.02522998655687374,0.8258917995671771,4.212648335440718,0.23078851401805878,0.05472500445472406,-0.006856825202703476,0.10360927879810333,0.12136011570692062,1,0,-0.06422504782676697,-0.061945781111717224,0.0022792667150497437,1.2463434506670978e-08,0.018753645941615105,2.7270987629890442e-05,6.387765427717795e-09
1,183,38,23,3,0.1,0.03756183385848999,0.3756183385848999,3,ok,,2.9138622283935547,8.840611457824707,0.03790786007442841,0.7829952620830737,3.0339840269989713,0.3324689567089081,0.10945000890944812,-0.006856825202703476,0.10360927879810333,0.07744476199150085,1,0,-0.06422504782676697,-0.061316076666116714,0.0029089711606502533,3.8775151978143185e-09,0.03750743344426155,5.440041422843933e-05,9.181768234611809e-09
1,183,38,23,3,0.2,0.07512366771697998,0.3756183385848999,3,ok,,2.9138622283935547,5.440272808074951,0.0506969699637083,0.7218975277870442,1.8670315827088257,0.40823206305503845,0.21890001781889623,-0.006856825202703476,0.10360927879810333,0.10224778950214386,1,0,-0.06422504782676697,-0.05654381960630417,0.007681228220462799,7.428919701624181e-10,0.07501514256000519,0.00010852515697479248,1.1289595924779405e-08
1,183,38,23,3,0.4,0.15024733543395996,0.3756183385848999,3,ok,,2.9138622283935547,3.7966067790985107,0.07708138474521724,0.6857632167302976,1.302946564220478,0.5697353482246399,0.43780003563779246,-0.006856825202703476,0.10360927879810333,0.10591655224561691,1,0,-0.06422504782676697,-0.04831136390566826,0.01591368392109871,4.1678429596458955e-09,0.1500304490327835,0.00021688640117645264,1.5808396369720867e-08
1,183,36,25,4,0.02,0.01277657389640808,0.638828694820404,4,ok,,1.90823233127594,13.568432807922363,0.007537034914721527,0.8844247286346545,7.110472129377829,0.17350438237190247,0.02438067139206211,0.04435238987207413,-0.005243541207164526,-0.04174555838108063,1,0,-0.06458146125078201,-0.065114825963974,-0.0005333647131919861,4.983107082350002e-10,0.012752476148307323,2.409774810075739e-05,3.881647892001183e-09
1,183,36,25,4,0.05,0.0319414347410202,0.638828694820404,4,ok,,1.90823233127594,6.657577991485596,0.007510298889415152,0.806973689108805,3.488871812076738,0.2126835435628891,0.06095167848015528,0.04435238987207413,-0.005243541207164526,0.007917598821222782,0,0,-0.06458146125078201,-0.06432855129241943,0.00025290995836257935,1.04923089133571e-08,0.031877532601356506,6.39021396636949e-05,2.6684927600939545e-09
1,183,36,25,4,0.1,0.0638828694820404,0.638828694820404,4,ok,,1.90823233127594,4.299568176269531,0.007897659471309996,0.7555938807642901,2.2531680790631876,0.27470114827156067,0.12190335696031056,0.04435238987207413,-0.005243541207164526,0.0016604140400886536,0,0,-0.06458146125078201,-0.06447537988424301,0.00010608136653900146,9.353129870606704e-09,0.06375495344400406,0.00012791603803634366,3.4522591452201823e-09
1,183,36,25,4,0.2,0.1277657389640808,0.638828694820404,4,ok,,1.90823233127594,2.809800386428833,0.008662752565369162,0.7161618452720641,1.472462414756691,0.3584786355495453,0.24380671392062112,0.04435238987207413,-0.005243541207164526,0.0038371931295841932,0,0,-0.06458146125078201,-0.06409120559692383,0.0004902556538581848,6.1618910335509494e-09,0.12750986218452454,0.00025587677955626886,4.506947703930564e-09
1,183,36,25,4,0.4,0.2555314779281616,0.638828694820404,4,ok,,1.90823233127594,2.338531732559204,0.012013123309740407,0.7056671404704529,1.2254963372276158,0.5976700186729431,0.48761342784124223,0.04435238987207413,-0.005243541207164526,-0.00630014156922698,1,0,-0.06458146125078201,-0.06619134545326233,-0.0016098842024803162,2.838609013643134e-10,0.2550197243690491,0.0005117535591125377,7.529219914204077e-09
1,184,40,21,6,0.02,0.027293848991394042,1.3646924495697021,6,ok,,0.830039381980896,15.077069282531738,0.007992991598347191,0.9488499417247794,18.164281851943002,0.4111550748348236,0.022654969548696613,0.015186556614935398,-0.008876627311110497,0.08105165511369705,0,0,-0.043047890067100525,-0.040835678577423096,0.002212211489677429,1.454983689953837e-10,0.027256986126303673,3.6862865090369484e-05,7.631954623832371e-09
1,184,40,21,6,0.05,0.06823462247848511,1.3646924495697021,6,ok,,0.830039381980896,7.8036980628967285,0.004546697379620352,0.9085543467914788,9.401599770198537,0.531677782535553,0.05663742387174153,0.015186556614935398,-0.008876627311110497,-0.08314763754606247,1,0,-0.043047890067100525,-0.04872143641114235,-0.005673546344041824,1.3138916621358021e-09,0.06805803626775742,0.00017658621072769165,1.2028713136658098e-08
1,184,40,21,6,0.1,0.13646924495697021,1.3646924495697021,6,ok,,0.830039381980896,7.173457622528076,0.013143744991342757,0.900944691709595,8.642309965341544,0.9794797301292419,0.11327484774348306,0.015186556614935398,-0.008876627311110497,0.00024355575442314148,0,0,-0.043047890067100525,-0.043014686554670334,3.320351243019104e-05,3.435748086033641e-08,0.13611584901809692,0.000353395938873291,2.2109013286808477e-08
1,184,40,21,6,0.2,0.27293848991394043,1.3646924495697021,6,ok,,0.830039381980896,3.681798219680786,0.018020220851024282,0.8334205549416739,4.435691004069841,1.0044593811035156,0.22654969548696613,0.015186556614935398,-0.008876627311110497,-0.004194627981632948,1,0,-0.043047890067100525,-0.04419277608394623,-0.0011448860168457031,1.0589788046466708e-08,0.27223116159439087,0.0007073283195495605,2.269452892278423e-08
1,184,40,21,6,0.4,0.5458769798278809,1.3646924495697021,6,ok,,0.830039381980896,2.342970848083496,0.026498889848017217,0.7771200353273686,2.822722510453846,1.2798007726669312,0.45309939097393226,0.015186556614935398,-0.008876627311110497,-0.005670694634318352,1,0,-0.043047890067100525,-0.04614339396357536,-0.0030955038964748383,2.2359669671345728e-09,0.5444621443748474,0.0014148354530334473,2.8872543467173273e-08
1,185,45,30,10,0.02,0.014616191387176514,0.7308095693588257,10,ok,,1.202167272567749,5.739977836608887,0.025011106576577093,0.8403690472113001,4.774691482279253,0.08398259431123734,0.017571106935250214,0.003014945425093174,-0.01103892270475626,-0.02464958094060421,1,0,-0.014768105931580067,-0.015128384344279766,-0.0003602784126996994,4.5799418701975014e-09,0.014606932178139687,9.259209036827087e-06,1.0958935980909246e-09
1,185,45,30,10,0.05,0.036540478467941284,0.7308095693588257,10,ok,,1.202167272567749,3.462038516998291,0.031509518544440784,0.7782223847275682,2.8798309486505382,0.12644702196121216,0.043927767338125534,0.003014945425093174,-0.01103892270475626,-0.007883158512413502,1,0,-0.014768105931580067,-0.01505615096539259,-0.0002880450338125229,9.350069690716722e-09,0.0364743247628212,6.615370512008667e-05,3.3951252920161323e-09
1,185,45,30,10,0.1,0.07308095693588257,0.7308095693588257,10,ok,,1.202167272567749,2.6333420276641846,0.04016381685643732,0.7426755851759814,2.1904955223388765,0.19221392273902893,0.08785553467625107,0.003014945425093174,-0.01103892270475626,-0.024842029437422752,1,0,-0.014768105931580067,-0.016583580523729324,-0.0018154745921492577,4.691366961573351e-09,0.07294940948486328,0.0001315474510192871,5.1504067677399235e-09
1,185,45,30,10,0.2,0.14616191387176514,0.7308095693588257,10,ok,,1.202167272567749,1.8888697624206543,0.047402029560440276,0.7077757540849445,1.5712204162608614,0.27571457624435425,0.17571106935250214,0.003014945425093174,-0.01103892270475626,-0.005793026648461819,1,0,-0.014768105931580067,-0.015614822506904602,-0.0008467165753245354,3.286724781226269e-09,0.14589837193489075,0.00026354193687438965,7.398293533356082e-09
1,185,45,30,10,0.4,0.2923238277435303,0.7308095693588257,10,ok,,1.202167272567749,1.3509820699691772,0.05743361059911646,0.6877217738553335,1.123788761178339,0.39436444640159607,0.35142213870500427,0.003014945425093174,-0.01103892270475626,-0.0048534199595451355,1,0,-0.014768105931580067,-0.016186881810426712,-0.0014187758788466454,5.578625561497574e-09,0.29180005192756653,0.0005237758159637451,1.057752996302952e-08
1,188,86,17,21,0.02,0.012571752071380615,0.6285876035690308,21,ok,,4.321824550628662,76.80577087402344,0.002018866076554099,0.9481160227329524,17.7716077953311,0.9663352370262146,0.05433290674650948,-0.048112962394952774,0.03280787169933319,-0.1396527737379074,0,0,-0.0013464513467624784,-0.0031021470203995705,-0.0017556956736370921,1.5626123506251588e-08,0.012545651756227016,2.6100315153598785e-05,2.2206286587334034e-08
1,188,86,17,21,0.05,0.03142938017845154,0.6285876035690308,21,ok,,4.321824550628662,37.32513427734375,0.003947391742174559,0.9018361952655086,8.636429785634338,1.1731528043746948,0.1358322668662737,-0.048112962394952774,0.03280787169933319,-0.1280444711446762,0,0,-0.0013464513467624784,-0.005370812956243753,-0.004024361609481275,3.2461264787286837e-09,0.03142520412802696,4.176050424575806e-06,7.716700167748058e-09
1,188,86,17,21,0.1,0.06285876035690308,0.6285876035690308,21,ok,,4.321824550628662,18.996509552001953,0.003618303891427997,0.8349018858927372,4.39548374290999,1.1941426992416382,0.2716645337325474,-0.048112962394952774,0.03280787169933319,-0.04145338013768196,0,0,-0.0013464513467624784,-0.003952186554670334,-0.0026057352079078555,2.7119849699275278e-08,0.06285042315721512,8.337199687957764e-06,7.900022858109423e-09
1,188,86,17,21,0.2,0.12571752071380615,0.6285876035690308,21,ok,,4.321824550628662,13.368800163269043,0.021019173864321426,0.7895653385212232,3.0933232033496814,1.6807680130004883,0.5433290674650948,-0.048112962394952774,0.03280787169933319,0.01865016110241413,1,0,-0.0013464513467624784,0.0009981696493923664,0.0023446209961548448,3.101855372555917e-08,0.12570083141326904,1.6689300537109375e-05,1.099434854268111e-08
1,188,86,17,21,0.4,0.2514350414276123,0.6285876035690308,21,ok,,4.321824550628662,6.3743438720703125,0.0003958233100500682,0.720865233612803,1.4749196311408828,1.6027826070785522,1.0866581349301896,-0.048112962394952774,0.03280787169933319,0.008440418168902397,1,0,-0.0013464513467624784,0.00077573221642524,0.0021221835631877184,3.332877662742817e-08,0.2514016926288605,3.3348798751831055e-05,1.0638323111322734e-08
1,188,36,26,5,0.02,0.014858107566833496,0.7429053783416748,5,ok,,1.6356110572814941,7.343792915344238,0.005151335728351528,0.8370166492530734,4.489938413320385,0.10908429324626923,0.024302085026590703,0.03875608742237091,0.004469315521419048,-0.02380889467895031,0,1,-0.05847054719924927,-0.0588243305683136,-0.00035378336906433105,2.8250877077691354e-08,0.014851534739136696,6.572827696799816e-06,1.2409281380243442e-09
1,188,36,26,5,0.05,0.037145268917083744,0.7429053783416748,5,ok,,1.6356110572814941,4.292102336883545,0.011744203641589327,0.7719004166572856,2.624158303267227,0.1595792919397354,0.060755212566476764,0.03875608742237091,0.004469315521419048,-0.012463642284274101,0,1,-0.05847054719924927,-0.0589335560798645,-0.0004630088806152344,4.3536279536971964e-08,0.03708542510867119,5.984380841255604e-05,4.354117066895924e-09
1,188,36,26,5,0.1,0.07429053783416749,0.7429053783416748,5,ok,,1.6356110572814941,2.846855640411377,0.017167268813402473,0.7266698041169757,1.7405456069374583,0.21146579086780548,0.12151042513295353,0.03875608742237091,0.004469315521419048,-0.015158144757151604,0,1,-0.05847054719924927,-0.059596654027700424,-0.0011261068284511566,1.0187419787963115e-10,0.07417098432779312,0.00011955350637436746,5.786805257201877e-09
1,188,36,26,5,0.2,0.14858107566833498,0.7429053783416748,5,ok,,1.6356110572814941,2.0708885192871094,0.02008570866416416,0.7057018358069973,1.2661252869785633,0.30796515941619873,0.24302085026590706,0.03875608742237091,0.004469315521419048,-0.006905987858772278,0,1,-0.05847054719924927,-0.0594966821372509,-0.0010261349380016327,3.5833392786214016e-08,0.1483420878648758,0.00023898780345918413,8.44776515407375e-09
1,188,36,26,5,0.4,0.29716215133666996,0.7429053783416748,5,ok,,1.6356110572814941,1.4890707731246948,0.027701478819967026,0.6979118624402999,0.9104063991831466,0.4429551959037781,0.4860417005318141,0.03875608742237091,0.004469315521419048,-0.0020693005062639713,0,1,-0.05847054719924927,-0.05908549204468727,-0.0006149448454380035,2.7055234541541358e-08,0.2966840863227844,0.00047806501388553135,1.2111161851180441e-08
1,189,29,21,8,0.02,0.016353323459625244,0.8176661729812622,8,ok,,1.191218376159668,3.6695075035095215,0.020232208010367396,0.7890284186839225,3.0804658297301057,0.060023415833711624,0.019480379416388586,-0.07566265016794205,-0.018322279676795006,0.008482505567371845,0,0,0.014135049656033516,0.014273762702941895,0.0001387130469083786,4.110382925139825e-09,0.016307057812809944,4.626564681529943e-05,1.044718089815433e-09
1,189,29,21,8,0.05,0.040883308649063116,0.8176661729812622,8,ok,,1.191218376159668,2.402393341064453,0.027297461685245772,0.7383081995924355,2.0167530900651798,0.09817465394735336,0.04870094854097148,-0.07566265016794205,-0.018322279676795006,-0.0035362401977181435,1,0,0.014135049656033516,0.013990478590130806,-0.00014457106590270996,2.1335578248788192e-09,0.04085250571370125,3.0802935361867734e-05,2.796984643893552e-09
1,189,29,21,8,0.1,0.08176661729812623,0.8176661729812622,8,ok,,1.191218376159668,1.80276620388031,0.035335752619443696,0.7089495779931213,1.5133801156515723,0.14733250439167023,0.09740189708194295,-0.07566265016794205,-0.018322279676795006,-0.004922935739159584,1,0,0.014135049656033516,0.013732515275478363,-0.0004025343805551529,2.577988022979972e-09,0.08170510828495026,6.150901317597546e-05,4.197237224445871e-09
1,189,29,21,8,0.2,0.16353323459625246,0.8176661729812622,8,ok,,1.191218376159668,1.310970425605774,0.03979008171201881,0.6935429028870712,1.1005290481087693,0.21427707374095917,0.1948037941638859,-0.07566265016794205,-0.018322279676795006,-0.0019732299260795116,1,0,0.014135049656033516,0.013812361285090446,-0.00032268837094306946,3.0147083722627255e-10,0.16341035068035126,0.0001228839159012063,6.099799332304201e-09
1,189,29,21,8,0.4,0.3270664691925049,0.8176661729812622,8,ok,,1.191218376159668,0.9815512895584106,0.0348657812419964,0.6971989650458182,0.8239893786074551,0.32087182998657227,0.3896075883277718,-0.07566265016794205,-0.018322279676795006,0.0024990520905703306,0,0,0.014135049656033516,0.014952397905290127,0.0008173482492566109,7.894334375221565e-09,0.3268209397792816,0.000245529413223311,9.152794966382771e-09
1,190,45,31,5,0.02,0.02219050645828247,1.1095253229141235,5,ok,,0.6109047532081604,6.520814895629883,0.012956758172399678,0.917256867362982,10.6740287440476,0.14470352232456207,0.013556285871461142,0.004871346987783909,-0.008975716307759285,-0.07480829209089279,1,0,-0.05807260423898697,-0.05973265692591667,-0.0016600526869297028,1.8798153664754957e-08,0.022183723747730255,6.782710552214605e-06,3.9559240327946554e-09
1,190,45,31,5,0.05,0.05547626614570618,1.1095253229141235,5,ok,,0.6109047532081604,3.99509596824646,0.008810274662649215,0.8756602659490675,6.539638048746081,0.22147761285305023,0.03389071467865286,0.004871346987783909,-0.008975716307759285,-0.07805904746055603,1,0,-0.05807260423898697,-0.06240300089120865,-0.00433039665222168,2.783978043669616e-08,0.05541791021823883,5.835592746734897e-05,3.852465457754306e-09
1,190,45,31,5,0.1,0.11095253229141236,1.1095253229141235,5,ok,,0.6109047532081604,2.8984508514404297,0.012886371102680733,0.841737271651034,4.744521688879484,0.32194626331329346,0.06778142935730572,0.004871346987783909,-0.008975716307759285,-0.07486246526241302,1,0,-0.05807260423898697,-0.06637878715991974,-0.00830618292093277,2.826490153040595e-09,0.11083579063415527,0.00011674165725708563,5.6008566673426685e-09
1,190,45,31,5,0.2,0.22190506458282472,1.1095253229141235,5,ok,,0.6109047532081604,2.4288899898529053,0.015732160232536818,0.8210212639611735,3.9758898209477618,0.5385340452194214,0.13556285871461143,0.004871346987783909,-0.008975716307759285,-0.0788155123591423,1,0,-0.05807260423898697,-0.07556217163801193,-0.017489567399024963,6.038841069561096e-09,0.2216716706752777,0.00023339390754700817,9.375159315538895e-09
1,190,45,31,5,0.4,0.44381012916564944,1.1095253229141235,5,ok,,0.6109047532081604,1.8804248571395874,0.021946473144977875,0.7887829377658098,3.0780982587898955,0.8337704539299011,0.27112571742922287,0.004871346987783909,-0.008975716307759285,-0.07150086015462875,1,0,-0.05807260423898697,-0.08980543166399002,-0.03173282742500305,2.1444322227670565e-08,0.4433433711528778,0.00046675801277162865,1.4529022429599081e-08
1,192,36,27,4,0.02,0.018128979206085204,0.9064489603042603,4,ok,,1.0576448440551758,7.4919233322143555,0.006862362861534502,0.8841897575335234,7.08359084272757,0.13567447662353516,0.01917402138529951,-0.010605569928884506,0.010239314287900925,0.046490274369716644,1,0,-0.11746188253164291,-0.11661908030509949,0.0008428022265434265,1.8990790362472497e-08,0.01809513010084629,3.3849105238913796e-05,3.592457886725242e-09
1,192,36,27,4,0.05,0.04532244801521301,0.9064489603042603,4,ok,,1.0576448440551758,4.165857315063477,0.01095201047289763,0.8206158248707313,3.9388054869978744,0.1888122856616974,0.04793505346324878,-0.010605569928884506,0.010239314287900925,0.04100964963436127,1,0,-0.11746188253164291,-0.1156032457947731,0.001858636736869812,2.0976805625849693e-08,0.045217715203762054,0.00010473281145095825,5.070732278511514e-09
1,192,36,27,4,0.1,0.09064489603042603,0.9064489603042603,4,ok,,1.0576448440551758,2.810175895690918,0.011668983780340614,0.772139189644804,2.657012806788342,0.2544066309928894,0.09587010692649756,-0.010605569928884506,0.010239314287900925,0.020383726805448532,1,0,-0.11746188253164291,-0.11561422795057297,0.0018476545810699463,2.621592254392624e-08,0.09043541550636292,0.00020948052406311035,6.8335590519552625e-09
1,192,36,27,4,0.2,0.18128979206085205,0.9064489603042603,4,ok,,1.0576448440551758,1.886247992515564,0.011553770486899047,0.7301305927802086,1.7834417698115093,0.3420087397098541,0.1917402138529951,-0.010605569928884506,0.010239314287900925,0.014688193798065186,1,0,-0.11746188253164291,-0.11479906737804413,0.0026628151535987854,4.4458019488047285e-09,0.18087056279182434,0.00041922926902770996,9.203468209761922e-09
1,192,36,27,4,0.4,0.3625795841217041,0.9064489603042603,4,ok,,1.0576448440551758,1.4710496664047241,0.014429489133142598,0.712423028472872,1.3908730087153818,0.5334129333496094,0.3834804277059902,-0.010605569928884506,0.010239314287900925,0.015426118858158588,1,0,-0.11746188253164291,-0.1118687093257904,0.0055931732058525085,2.2554350609382823e-08,0.36174020171165466,0.0008393824100494385,1.4333358500095983e-08
1,192,86,18,4,0.02,0.03430891752243042,1.715445876121521,4,ok,,1.7676326036453247,6.405141353607178,0.000585107954410217,0.8128510147370588,3.623570497848061,0.2198750376701355,0.06064556120842639,0.016663849353790283,-0.01174327451735735,0.03356548398733139,0,0,-0.08455365151166916,-0.08340205252170563,0.0011515989899635315,3.568241719893034e-09,0.03421774506568909,9.117245674133273e-05,5.088413690401694e-09
1,192,86,18,4,0.05,0.08577229380607605,1.715445876121521,4,ok,,1.7676326036453247,3.4200997352600098,-0.000743514014010758,0.7425680674088809,1.9348476194685067,0.29329511523246765,0.15161390302106598,0.016663849353790283,-0.01174327451735735,0.025170251727104187,0,0,-0.08455365151166916,-0.08239474892616272,0.002158902585506439,7.640803634332421e-09,0.0857463926076889,2.590119838714877e-05,8.227900138990663e-09
1,192,86,18,4,0.1,0.1715445876121521,1.715445876121521,4,ok,,1.7676326036453247,2.2278311252593994,0.006950843386958222,0.7095670448169251,1.2603473825181566,0.38212257623672485,0.30322780604213195,0.016663849353790283,-0.01174327451735735,0.017056668177247047,0,0,-0.08455365151166916,-0.08162764459848404,0.0029260069131851196,2.7804681956584282e-08,0.1714930236339569,5.156397819519598e-05,1.0711366904558872e-08
1,192,86,18,4,0.2,0.3430891752243042,1.715445876121521,4,ok,,1.7676326036453247,1.5902944803237915,0.009809019430852387,0.7043896880800296,0.8996747836871106,0.5455292463302612,0.6064556120842639,0.016663849353790283,-0.01174327451735735,0.015368763357400894,0,0,-0.08455365151166916,-0.079280786216259,0.005272865295410156,8.950901975342263e-09,0.3429861068725586,0.00010306835174561657,1.5312616952201097e-08
1,192,86,18,4,0.4,0.6861783504486084,1.715445876121521,4,ok,,1.7676326036453247,1.1156625747680664,0.012413432896957472,0.7200465641778715,0.6311620256758359,0.7654183506965637,1.2129112241685278,0.016663849353790283,-0.01174327451735735,0.005475271493196487,0,0,-0.08455365151166916,-0.08079662919044495,0.0037570223212242126,9.55976435772915e-09,0.6859722137451172,0.00020613670349123314,2.1430052399296073e-08
1,193,45,32,3,0.02,0.019319952726364137,0.9659976363182068,3,ok,,0.9600381851196289,3.555996894836426,0.015219100565840901,0.8124968587696911,3.704016100557099,0.06865289807319641,0.018547892352015653,-0.07288046926259995,0.07706805318593979,0.012331672012805939,1,0,-0.06564080715179443,-0.06540253758430481,0.00023826956748962402,2.224716518561061e-08,0.01929531991481781,2.4632811546326794e-05,1.9408419316135905e-09
1,193,45,32,3,0.05,0.04829988181591034,0.9659976363182068,3,ok,,0.9600381851196289,2.1410207748413086,0.036268666772456146,0.7463046976098681,2.2301412673208296,0.1034553274512291,0.04636973088003913,-0.07288046926259995,0.07706805318593979,0.011031576432287693,1,0,-0.06564080715179443,-0.06510798633098602,0.0005328208208084106,3.0171142667567707e-09,0.048181064426898956,0.00011881738901138583,2.5708466466767277e-09
1,193,45,32,3,0.1,0.09659976363182068,0.9659976363182068,3,ok,,0.9600381851196289,1.4823777675628662,0.048688768983012554,0.707012724717564,1.5440820902104069,0.14324554800987244,0.09273946176007826,-0.07288046926259995,0.07706805318593979,0.014193138107657433,1,0,-0.06564080715179443,-0.06426972895860672,0.0013710781931877136,2.440679421891398e-08,0.09636196494102478,0.000237798690795904,3.5508493922975504e-09
1,193,45,32,3,0.2,0.19319952726364137,0.9659976363182068,3,ok,,0.9600381851196289,1.0500209331512451,0.06193958214544775,0.6863320427870622,1.0937283010459733,0.2029419094324112,0.18547892352015652,-0.07288046926259995,0.07706805318593979,0.021069491282105446,1,0,-0.06564080715179443,-0.0615701861679554,0.004070620983839035,5.228450850221222e-09,0.19272398948669434,0.0004755377769470326,5.0317705557745285e-09
1,193,45,32,3,0.4,0.38639905452728274,0.9659976363182068,3,ok,,0.9600381851196289,0.806411623954773,0.06928130170133125,0.6849537945428231,0.8399786971530172,0.31179025769233704,0.37095784704031304,-0.07288046926259995,0.07706805318593979,0.02785269170999527,1,0,-0.06564080715179443,-0.054878558963537216,0.010762248188257217,5.5545248400790115e-09,0.38544803857803345,0.0009510159492492898,7.73230635076061e-09
1,196,86,19,4,0.02,0.017284128665924072,0.8642064332962036,4,ok,,2.3353705406188965,9.687642097473145,0.005505505534505244,0.8278931398858322,4.148224844397358,0.16754139959812164,0.04036484490666566,0.0445772185921669,-0.02553550712764263,-0.03475574404001236,1,0,-0.03761120140552521,-0.03821193426847458,-0.0006007328629493713,1.0111081873999915e-08,0.017243672162294388,4.045650362968431e-05,3.971154960424883e-09
1,196,86,19,4,0.05,0.04321032166481018,0.8642064332962036,4,ok,,2.3353705406188965,5.396575450897217,0.012977233764694028,0.7558344196686226,2.310800516249023,0.2331579178571701,0.10091211226666418,0.0445772185921669,-0.02553550712764263,-0.04164211079478264,1,0,-0.03761120140552521,-0.03941059857606888,-0.0017993971705436707,2.8168299448386516e-08,0.04320169612765312,8.625537157060104e-06,6.497031801444564e-09
1,196,86,19,4,0.1,0.08642064332962036,0.8642064332962036,4,ok,,2.3353705406188965,3.853638172149658,0.014217169634927343,0.7226651499941973,1.6501185165788532,0.3329876661300659,0.20182422453332835,0.0445772185921669,-0.02553550712764263,-0.03567011281847954,1,0,-0.03761120140552521,-0.04069383814930916,-0.003082636743783951,2.6463708112899054e-09,0.0864030197262764,1.76236033439664e-05,9.278279478053264e-09
1,196,86,19,4,0.2,0.17284128665924073,0.8642064332962036,4,ok,,2.3353705406188965,2.5260486602783203,0.022490975411878094,0.6996394849110417,1.0816479082620485,0.4365372061729431,0.4036484490666567,0.0445772185921669,-0.02553550712764263,-0.03113192319869995,1,0,-0.03761120140552521,-0.042992088943719864,-0.005380887538194656,5.876354691909669e-09,0.1728058010339737,3.548562526703436e-05,1.2177348907016494e-08
1,196,86,19,4,0.4,0.34568257331848146,0.8642064332962036,4,ok,,2.3353705406188965,1.7723808288574219,0.022970489725426858,0.7051933704477631,0.7589291712085073,0.6125754714012146,0.8072968981333134,0.0445772185921669,-0.02553550712764263,-0.026596829295158386,1,0,-0.03761120140552521,-0.0468052513897419,-0.00919404998421669,1.0408646033618907e-08,0.3456113040447235,7.126927375794567e-05,1.712027319911158e-08
1,198,58,20,23,0.02,0.024346673488616945,1.2173336744308472,23,ok,,0.5818371772766113,24.37889862060547,0.0028766334063635808,0.9769132608153013,41.899864038721596,0.5938887000083923,0.01416579977869219,0.030310729518532753,-0.003718659980222583,-0.11992253363132477,1,0,-0.10936874896287918,-0.1122884452342987,-0.002919696271419525,1.849883002336128e-08,0.02428513392806053,6.153956055641313e-05,1.4526765568234623e-08
1,198,58,20,23,0.05,0.06086668372154236,1.2173336744308472,23,ok,,0.5818371772766113,12.438854217529297,0.010394137439694475,0.9558975783267997,21.37858270887761,0.7569942474365234,0.035414499446730474,0.030310729518532753,-0.003718659980222583,-0.0674118846654892,1,0,-0.10936874896287918,-0.1134718805551529,-0.004103131592273712,6.270733710067589e-09,0.060850583016872406,1.6100704669952393e-05,6.271478891761717e-09
1,198,58,20,23,0.1,0.12173336744308472,1.2173336744308472,23,ok,,0.5818371772766113,6.547496795654297,0.006639758292808969,0.9215033986682271,11.25314271990959,0.7969202995300293,0.07082899889346095,0.030310729518532753,-0.003718659980222583,-0.025341974571347237,1,0,-0.10936874896287918,-0.11245369911193848,-0.0030849501490592957,1.375316782681324e-08,0.1216999739408493,3.33935022354126e-05,6.595013868349042e-09
1,198,58,20,23,0.2,0.24346673488616943,1.2173336744308472,23,ok,,0.5818371772766113,4.073417663574219,0.013751967245287851,0.8821779909546382,7.000958038868447,0.9936141967773438,0.1416579977869219,0.030310729518532753,-0.003718659980222583,0.01906401291489601,0,0,-0.10936874896287918,-0.10472730547189713,0.004641443490982056,9.487235441696384e-09,0.24339860677719116,6.812810897827148e-05,8.235807591461253e-09
1,198,58,20,23,0.4,0.48693346977233887,1.2173336744308472,23,ok,,0.5818371772766113,2.2527260780334473,0.022376380021900868,0.8165189393235587,3.8717465401125555,1.096739649772644,0.2833159955738438,0.030310729518532753,-0.003718659980222583,0.024842992424964905,0,0,-0.10936874896287918,-0.0972718745470047,0.012096874415874481,1.0085141610716164e-08,0.4867968261241913,0.000136643648147583,9.082031127150003e-09
1,198,24,19,16,0.02,0.013856627941131593,0.6928313970565796,16,ok,,1.5849231481552124,19.783239364624023,0.00958174523659744,0.92810112744805,12.482144252633603,0.273950457572937,0.021961690379273764,-0.0350395068526268,-0.029028955847024918,0.06487169861793518,0,0,-0.013738857582211494,-0.012839955277740955,0.0008989023044705391,6.87187409298233e-10,0.01384121272712946,1.541521400213325e-05,4.789026508689176e-09
1,198,24,19,16,0.05,0.03464156985282898,0.6928313970565796,16,ok,,1.5849231481552124,10.399687767028809,0.011983204588725515,0.8762539849248384,6.561635356974293,0.35992470383644104,0.0549042259481844,-0.0350395068526268,-0.029028955847024918,0.0056922705844044685,0,0,-0.013738857582211494,-0.013541657477617264,0.00019720010459423065,1.0915523379623074e-08,0.034563299268484116,7.82705843448625e-05,8.579555732524113e-09
1,198,24,19,16,0.1,0.06928313970565796,0.6928313970565796,16,ok,,1.5849231481552124,6.419214248657227,0.02043852165807385,0.8222117944842865,4.050173824595146,0.4450276494026184,0.1098084518963688,-0.0350395068526268,-0.029028955847024918,-0.026070144027471542,1,0,-0.013738857582211494,-0.015545083209872246,-0.0018062256276607513,4.19685881620363e-09,0.06912673264741898,0.00015640705823898038,1.0609295664210094e-08
1,198,24,19,16,0.2,0.1385662794113159,0.6928313970565796,16,ok,,1.5849231481552124,3.8211910724639893,0.024804053912105942,0.7574025122461726,2.410963002786156,0.5287338495254517,0.2196169037927376,-0.0350395068526268,-0.029028955847024918,-0.005893694702535868,1,0,-0.013738857582211494,-0.014555519446730614,-0.0008166618645191193,5.4823974582124055e-09,0.13825349509716034,0.00031278431415557306,1.2649813641019136e-08
1,198,24,19,16,0.4,0.2771325588226318,0.6928313970565796,16,ok,,1.5849231481552124,2.7529678344726562,0.018128434207413478,0.7256580426094034,1.736972444168832,0.7617530822753906,0.4392338075854752,-0.0350395068526268,-0.029028955847024918,-0.021683469414711,1,0,-0.013738857582211494,-0.019748058170080185,-0.0060092005878686905,5.224817556902239e-09,0.27650701999664307,0.0006255388259887584,1.816541406185479e-08
1,203,38,24,20,0.02,0.013293145895004273,0.6646572947502136,20,ok,,1.7560584545135498,6.117032527923584,0.020459494129921117,0.8038476734560404,3.483387760924277,0.08139334619045258,0.023343541236004343,-0.04164932668209076,0.004044877365231514,0.0019872630946338177,1,0,-0.014226658269762993,-0.014200247824192047,2.641044557094574e-05,6.532677779282715e-09,0.013272453099489212,2.069279551506105e-05,1.637273872034939e-09
1,203,38,24,20,0.05,0.033232864737510685,0.6646572947502136,20,ok,,1.7560584545135498,3.6025993824005127,0.026590110805181436,0.7403139104032105,2.0515258892087544,0.11976543068885803,0.05835885309001086,-0.04164932668209076,0.004044877365231514,0.009506834670901299,1,0,-0.014226658269762993,-0.01391072478145361,0.0003159334883093834,5.862390556397694e-09,0.033145416527986526,8.744820952415883e-05,2.360188267047647e-09
1,203,38,24,20,0.1,0.06646572947502137,0.6646572947502136,20,ok,,1.7560584545135498,2.5251026153564453,0.05729875583399797,0.6980328729035685,1.4379376773391592,0.16789372265338898,0.11671770618002172,-0.04164932668209076,0.004044877365231514,0.008776427246630192,1,0,-0.014226658269762993,-0.013643327169120312,0.0005833311006426811,5.38489047839999e-10,0.06629086285829544,0.00017486661672592996,3.3123825904368687e-09
1,203,38,24,20,0.2,0.13293145895004274,0.6646572947502136,20,ok,,1.7560584545135498,1.8144352436065674,0.0752825511804416,0.6799112911710748,1.0332430785216402,0.24128848314285278,0.23343541236004345,-0.04164932668209076,0.004044877365231514,0.01801665872335434,1,0,-0.014226658269762993,-0.011831683106720448,0.0023949751630425453,5.566457961670573e-09,0.13258247077465057,0.00034898817539216753,4.7663606395076386e-09
1,203,38,24,20,0.4,0.2658629179000855,0.6646572947502136,20,ok,,1.7560584545135498,1.3899140357971191,0.06492887606667767,0.6881326607130046,0.7914964517404697,0.36885470151901245,0.4668708247200869,-0.04164932668209076,0.004044877365231514,0.020300941541790962,1,0,-0.014226658269762993,-0.008829394355416298,0.005397263914346695,3.6400729106281227e-09,0.2651650309562683,0.000697886943817172,7.296875992324203e-09
1,203,42,18,26,0.02,0.010199867486953736,0.5099933743476868,26,ok,,3.150939464569092,140.95733642578125,0.025837533896973797,0.9778226641477058,44.735018876350644,1.4375991821289062,0.032139164998017694,-0.023502754047513008,-0.02461668848991394,-0.4895305037498474,1,0,0.008025575429201126,0.003032438224181533,-0.004993137205019593,9.064050558726944e-09,0.010192561894655228,7.305592298507968e-06,4.110035689564029e-08
1,203,42,18,26,0.05,0.02549966871738434,0.5099933743476868,26,ok,,3.150939464569092,62.470428466796875,0.024299004248406447,0.9520290091738811,19.82596910198661,1.5907487869262695,0.08034791249504424,-0.023502754047513008,-0.02461668848991394,-0.4298136830329895,1,0,0.008025575429201126,-0.002934523858129978,-0.010960099287331104,7.240208965350603e-09,0.025452090427279472,4.757829010486672e-05,3.5681878784998844e-08
1,203,42,18,26,0.1,0.05099933743476868,0.5099933743476868,26,ok,,3.150939464569092,32.85355758666992,0.025828273573365274,0.914422778007437,10.42659116624838,1.6768945455551147,0.16069582499008847,-0.023502754047513008,-0.02461668848991394,-0.2329455316066742,1,0,0.008025575429201126,-0.003854515962302685,-0.011880091391503811,2.3621173461663147e-08,0.05090399086475372,9.5346570014955e-05,3.757029176654214e-08
1,203,42,18,26,0.2,0.10199867486953736,0.5099933743476868,26,ok,,3.150939464569092,16.950803756713867,0.021907866783090327,0.8543577393245884,5.379603114345011,1.730596899986267,0.32139164998017694,-0.023502754047513008,-0.02461668848991394,-0.1319279670715332,1,0,0.008025575429201126,-0.005430913995951414,-0.01345648942515254,1.160562419430522e-08,0.1018073782324791,0.00019129663705826083,3.874780318824378e-08
1,203,42,18,26,0.4,0.2039973497390747,0.5099933743476868,26,ok,,3.150939464569092,10.117257118225098,0.013774450850814577,0.7958300726762783,3.210870037963575,2.061190605163574,0.6427832999603539,-0.023502754047513008,-0.02461668848991394,-0.13034744560718536,1,0,0.008025575429201126,-0.018564971163868904,-0.02659054659307003,1.3143946018395747e-08,0.20361416041851044,0.00038318932056427557,4.616140358848497e-08
1,204,45,33,11,0.02,0.014587608575820922,0.7293804287910461,11,ok,,1.2494617700576782,9.273465156555176,0.01775597062503133,0.8871194833274297,7.421967905524366,0.13523337244987488,0.018226659232053775,-0.06233566626906395,0.05972908064723015,0.08257606625556946,1,0,-0.027857450768351555,-0.026652859523892403,0.0012045912444591522,3.912191850422714e-09,0.014578623697161674,8.984878659247866e-06,1.795852799801878e-09
1,204,45,33,11,0.05,0.03646902143955231,0.7293804287910461,11,ok,,1.2494617700576782,5.421122074127197,0.023213533583682076,0.8298010292310628,4.3387658622581196,0.19747698307037354,0.04556664808013444,-0.06233566626906395,0.05972908064723015,0.027538763359189034,1,0,-0.027857450768351555,-0.026853129267692566,0.001004321500658989,9.749293966533276e-09,0.03640495240688324,6.406903266906877e-05,5.296456606629363e-09
1,204,45,33,11,0.1,0.07293804287910462,0.7293804287910461,11,ok,,1.2494617700576782,3.661433219909668,0.03740647049783794,0.778896169255698,2.9304083627446373,0.26673802733421326,0.09113329616026888,-0.06233566626906395,0.05972908064723015,0.028440125286579132,1,0,-0.027857450768351555,-0.025783061981201172,0.002074388787150383,2.1709510766767387e-08,0.07280997186899185,0.00012807101011276523,7.148027503234289e-09
1,204,45,33,11,0.2,0.14587608575820923,0.7293804287910461,11,ok,,1.2494617700576782,2.5458712577819824,0.052752042593460835,0.731895637357204,2.0375743530451684,0.37093988060951233,0.18226659232053777,-0.06233566626906395,0.05972908064723015,0.042669497430324554,1,0,-0.027857450768351555,-0.02163298986852169,0.0062244608998298645,1.633424151145646e-09,0.1456199735403061,0.00025611221790314276,9.94971127710187e-09
1,204,45,33,11,0.4,0.29175217151641847,0.7293804287910461,11,ok,,1.2494617700576782,2.3258204460144043,0.05010066883715251,0.7233662872929805,1.8614578706999392,0.6793667674064636,0.36453318464107554,-0.06233566626906395,0.05972908064723015,0.053172096610069275,1,0,-0.027857450768351555,-0.012344356626272202,0.015513094142079353,1.9492010849136987e-08,0.29124021530151367,0.0005119562149047963,1.8151030900526166e-08
1,204,36,28,12,0.02,0.017284128665924072,0.8642064332962036,12,ok,,1.1978822946548462,12.385634422302246,0.006833459440404468,0.9154565704904573,10.339608889419859,0.21419723331928253,0.020704351707446732,0.0825260728597641,-0.02146030403673649,-0.02948910929262638,1,0,-0.13817596435546875,-0.13868562877178192,-0.0005096644163131714,2.9142944080206602e-08,0.017243672162294388,4.045650362968431e-05,5.06191710769599e-09
1,204,36,28,12,0.05,0.04321032166481018,0.8642064332962036,12,ok,,1.1978822946548462,6.83584451675415,0.0234228122878918,0.8604597726561595,5.706607858928327,0.2953356206417084,0.05176087926861683,0.0825260728597641,-0.02146030403673649,-0.02339920401573181,1,0,-0.13817596435546875,-0.1391870230436325,-0.0010110586881637573,2.844405653243745e-08,0.043201692402362823,8.629262447358566e-06,8.24932122611699e-09
1,204,36,28,12,0.1,0.08642064332962036,0.8642064332962036,12,ok,,1.1978822946548462,4.822720050811768,0.02958907046257958,0.8197809330669211,4.0260383447752215,0.4167090952396393,0.10352175853723367,0.0825260728597641,-0.02146030403673649,0.015081096440553665,0,0,-0.13817596435546875,-0.13687261939048767,0.001303344964981079,2.690847238366774e-08,0.0864030197262764,1.76236033439664e-05,1.1618512374411694e-08
1,204,36,28,12,0.2,0.17284128665924073,0.8642064332962036,12,ok,,1.1978822946548462,3.318422555923462,0.044049784130044956,0.7704179046177716,2.770240924945677,0.573469877243042,0.20704351707446733,0.0825260728597641,-0.02146030403673649,0.023235240951180458,0,0,-0.13817596435546875,-0.13415996730327606,0.004015997052192688,1.1889646822638156e-08,0.1728058010339737,3.548562526703436e-05,1.6032297267543072e-08
1,204,36,28,12,0.4,0.34568257331848146,0.8642064332962036,12,ok,,1.1978822946548462,1.9814707040786743,0.07134261125885911,0.7040064647078105,1.6541447460394716,0.6848564743995667,0.41408703414893466,0.0825260728597641,-0.02146030403673649,0.04266469180583954,0,0,-0.13817596435546875,-0.12342746555805206,0.014748498797416687,5.8344134145488225e-08,0.3456113338470459,7.123947143555798e-05,1.9129801742678865e-08
1,204,24,20,6,0.02,0.029757368564605712,1.4878684282302856,6,ok,,0.8009514212608337,3.8786327838897705,0.005816964843798693,0.8454121266360437,4.842531870134271,0.1153893992304802,0.023834206644803402,-0.06784912943840027,-0.005603720434010029,-0.008361078798770905,1,0,0.017310814931988716,0.01706201583147049,-0.0002487991005182266,4.6028945099862995e-09,0.029743846505880356,1.3522058725356362e-05,1.2933121240621404e-09
1,204,24,20,6,0.05,0.07439342141151428,1.4878684282302856,6,ok,,0.8009514212608337,2.2886414527893066,0.004626905953512676,0.7838569815503723,2.8574035728455773,0.17042915523052216,0.059585516612008504,-0.06784912943840027,-0.005603720434010029,-0.01910126768052578,1,0,0.017310814931988716,0.015889814123511314,-0.0014210008084774017,7.84757409055814e-09,0.07426342368125916,0.00012999773025512695,4.661468988587103e-09
1,204,24,20,6,0.1,0.14878684282302856,1.4878684282302856,6,ok,,0.8009514212608337,1.4494298696517944,0.012602959620140084,0.732039217024814,1.809635180331331,0.21579435467720032,0.11917103322401701,-0.06784912943840027,-0.005603720434010029,-0.004490547813475132,1,0,0.017310814931988716,0.016642695292830467,-0.0006681196391582489,1.4792554570153271e-08,0.14852668344974518,0.00026015937328338623,5.895210986039956e-09
1,204,24,20,6,0.2,0.29757368564605713,1.4878684282302856,6,ok,,0.8009514212608337,1.0614006519317627,0.016075265194142915,0.7091870423256069,1.3251748155457574,0.3161422312259674,0.23834206644803402,-0.06784912943840027,-0.005603720434010029,-0.00514527503401041,1,0,0.017310814931988716,0.01577972248196602,-0.0015310924500226974,6.005510422291138e-09,0.2970534861087799,0.0005201995372772217,8.65343174893951e-09
1,204,24,20,6,0.4,0.5951473712921143,1.4878684282302856,6,ok,,0.8009514212608337,1.1659530401229858,0.03160456554951621,0.7093805752327035,1.4557100582780935,0.694678008556366,0.47668413289606804,-0.06784912943840027,-0.005603720434010029,-0.013177087530493736,1,0,0.017310814931988716,0.009468497708439827,-0.00784231722354889,8.21848944454473e-09,0.5941071510314941,0.0010402202606201172,1.9015947927414345e-08
1,204,58,21,6,0.02,0.034826395511627195,1.7413197755813599,6,ok,,0.8423771858215332,7.1502909660339355,0.011539703924586779,0.8996463395425629,8.488229603526221,0.24917422235012054,0.02933696104339219,0.06863988190889359,-0.030530214309692383,-0.08637816458940506,1,0,-0.10622046142816544,-0.10922871530056,-0.0030082538723945618,1.3748835510189739e-08,0.03474030643701553,8.60890746116616e-05,6.038405775399269e-09
1,204,58,21,6,0.05,0.087065988779068,1.7413197755813599,6,ok,,0.8423771858215332,4.2787251472473145,0.019883677389491122,0.8484329680539661,5.079345950079814,0.3725185692310333,0.07334240260848049,0.06863988190889359,-0.030530214309692383,-0.08021961152553558,1,0,-0.10622046142816544,-0.11320491135120392,-0.006984449923038483,5.012609500740228e-08,0.08705015480518341,1.5833973884590846e-05,1.0361424607197023e-08
1,204,58,21,6,0.1,0.174131977558136,1.7413197755813599,6,ok,,0.8423771858215332,2.8878800868988037,0.031976434021554034,0.7993916974568658,3.4282505930866987,0.5032578706741333,0.14668480521696098,0.06863988190889359,-0.030530214309692383,-0.0588923841714859,1,0,-0.10622046142816544,-0.11647551506757736,-0.010255053639411926,6.320517619701205e-09,0.17409832775592804,3.364980220796343e-05,1.3981300561738408e-08
1,204,58,21,6,0.2,0.348263955116272,1.7413197755813599,6,ok,,0.8423771858215332,1.9890648126602173,0.04666380145345266,0.7486466426601389,2.361251997486149,0.6926466822624207,0.29336961043392196,0.06863988190889359,-0.030530214309692383,-0.05435758829116821,1,0,-0.10622046142816544,-0.12515132129192352,-0.018930859863758087,7.11748938883594e-08,0.34819743037223816,6.652474403384678e-05,1.9263522332835237e-08
1,204,58,21,6,0.4,0.696527910232544,1.7413197755813599,6,ok,,0.8423771858215332,1.3387285470962524,0.059858682160685926,0.704463452755325,1.5892269753116124,0.9323542714118958,0.5867392208678439,0.06863988190889359,-0.030530214309692383,-0.03074425272643566,1,0,-0.10622046142816544,-0.127634659409523,-0.021414197981357574,3.212184785175709e-08,0.6963976621627808,0.0001302480697632502,2.5815296567088808e-08
1,206,86,20,10,0.02,0.014674062728881837,0.7337031364440918,10,ok,,1.7291725873947144,35.677459716796875,0.0036773608454887924,0.9547182694007345,20.632677140996236,0.5234174132347107,0.02537398701649295,0.0372658297419548,-0.014801367186009884,0.03300115838646889,0,0,-0.09205066412687302,-0.09156644344329834,0.0004842206835746765,4.03847141328172e-08,0.01466518733650446,8.87539237737732e-06,6.6381997676501214e-09
1,206,86,20,10,0.05,0.03668515682220459,0.7337031364440918,10,ok,,1.7291725873947144,17.317378997802734,0.010554113658091122,0.9127871981467351,10.014835490703808,0.6359220147132874,0.06343496754123237,0.0372658297419548,-0.014801367186009884,-0.10331293195486069,1,0,-0.09205066412687302,-0.0958407074213028,-0.003790043294429779,7.816096037321224e-09,0.0366191603243351,6.599649786949435e-05,1.719440412273343e-08
1,206,86,20,10,0.1,0.07337031364440919,0.7337031364440918,10,ok,,1.7291725873947144,12.03441333770752,0.008665337869321511,0.8822582216890626,6.959636895373412,0.8838263154029846,0.12686993508246475,0.0372658297419548,-0.014801367186009884,0.041855588555336,0,0,-0.09205066412687302,-0.08897974342107773,0.003070920705795288,3.695428105751977e-08,0.07323842495679855,0.00013188868761063177,2.3858758524397672e-08
1,206,86,20,10,0.2,0.14674062728881837,0.7337031364440918,10,ok,,1.7291725873947144,8.75349235534668,0.011763323719464322,0.8493273898652043,5.06224330593293,1.2859538793563843,0.2537398701649295,0.0372658297419548,-0.014801367186009884,-0.001039367401972413,1,0,-0.09205066412687302,-0.09220318496227264,-0.00015252083539962769,3.4108506463573045e-09,0.14647677540779114,0.0002638518810272328,3.4596013165355544e-08
1,206,86,20,10,0.4,0.29348125457763674,0.7337031364440918,10,ok,,1.7291725873947144,5.173548698425293,0.01078856143605661,0.7879423923880887,2.991921532955314,1.5163822174072266,0.507479740329859,0.0372658297419548,-0.014801367186009884,0.006174133624881506,0,0,-0.09205066412687302,-0.09023867547512054,0.001811988651752472,3.83040772451021e-09,0.2929534912109375,0.000527763366699241,4.0897425890307204e-08
1,207,30,15,47,0.02,0.053526449203491214,2.6763224601745605,47,ok,,0.5367628931999207,2.984083652496338,0.014123566959471383,0.859043464074068,5.559407496857906,0.15989364683628082,0.028731011737184533,-0.032251037657260895,-0.0019401897443458438,0.01649565063416958,0,0,0.00902700237929821,0.009909957647323608,0.0008829552680253983,1.6622769827279171e-09,0.05343601480126381,9.043440222740451e-05,3.162832440395391e-09
1,207,30,15,47,0.05,0.13381612300872803,2.6763224601745605,47,ok,,0.5367628931999207,1.7049899101257324,0.030190229775331947,0.7906860051975221,3.17643028555538,0.22826263308525085,0.07182752934296133,-0.032251037657260895,-0.0019401897443458438,0.01043853908777237,0,0,0.00902700237929821,0.010423846542835236,0.0013968441635370255,6.6706373758052e-10,0.13340425491333008,0.0004118680953979492,4.697445543655476e-09
1,207,30,15,47,0.1,0.26763224601745605,2.6763224601745605,47,ok,,0.5367628931999207,1.1770446300506592,0.0412502594961675,0.7435166495613028,2.192857675074176,0.3151792585849762,0.14365505868592265,-0.032251037657260895,-0.0019401897443458438,0.004911212250590324,0,0,0.00902700237929821,0.0103414012119174,0.0013143988326191902,6.732525648089904e-11,0.2668083906173706,0.0008238554000854492,6.492089088538933e-09
1,207,30,15,47,0.2,0.5352644920349121,2.6763224601745605,47,ok,,0.5367628931999207,0.9262269735336304,0.056298730389953866,0.7126853292555289,1.7255793671022746,0.4960234463214874,0.2873101173718453,-0.032251037657260895,-0.0019401897443458438,-0.0007378309965133667,1,0,0.00902700237929821,0.008632058277726173,-0.00039494410157203674,9.368015696509246e-09,0.5336164832115173,0.0016480088233947754,1.0237738656826423e-08
1,207,30,15,47,0.4,1.0705289840698242,2.6763224601745605,47,ok,,0.5367628931999207,0.626440703868866,0.07518497746165659,0.6821619816796505,1.16707155394659,0.670992374420166,0.5746202347436906,-0.032251037657260895,-0.0019401897443458438,-0.0006440352881327271,1,0,0.00902700237929821,0.008337544277310371,-0.0006894581019878387,3.407220061646399e-10,1.0672327280044556,0.0032962560653686523,1.3795091291513017e-08
1,211,58,22,7,0.02,0.01909636616706848,0.9548183083534241,7,ok,,1.7014744281768799,3.9571380615234375,0.015833126035734866,0.7556354842205444,2.325711157329095,0.0755055770277977,0.03249197870436916,-0.03533387929201126,0.029584664851427078,0.034137062728405,1,0,-0.006784079596400261,-0.006132188253104687,0.0006518913432955742,2.5064342334480197e-09,0.01907065324485302,2.5712922215460898e-05,2.1191914889584496e-09
1,211,58,22,7,0.05,0.047740915417671205,0.9548183083534241,7,ok,,1.7014744281768799,2.369629383087158,0.02524982099279166,0.7074380541837079,1.392691740671536,0.11318502575159073,0.0812299467609229,-0.03533387929201126,0.029584664851427078,0.0194820798933506,1,0,-0.006784079596400261,-0.0058539919555187225,0.0009300876408815384,4.6874672254620595e-09,0.047622062265872955,0.00011885315179824968,2.852092784166871e-09
1,211,58,22,7,0.1,0.09548183083534241,0.9548183083534241,7,ok,,1.7014744281768799,1.6903610229492188,0.027896828379320813,0.6970155954541294,0.9934683677611525,0.16148337721824646,0.1624598935218458,-0.03533387929201126,0.029584664851427078,0.02696484699845314,1,0,-0.006784079596400261,-0.004209425766021013,0.0025746538303792477,8.707720542885933e-10,0.0952436774969101,0.0002381533384323148,4.072455705994571e-09
1,211,58,22,7,0.2,0.19096366167068482,0.9548183083534241,7,ok,,1.7014744281768799,1.2391546964645386,0.03524949817545838,0.7028903486873306,0.7282828798029938,0.23676106333732605,0.3249197870436916,-0.03533387929201126,0.029584664851427078,0.0309161189943552,1,0,-0.006784079596400261,-0.000880225095897913,0.005903854500502348,7.873063312402451e-10,0.19048716127872467,0.0004765003919601496,5.9701035226567e-09
1,211,58,22,7,0.4,0.38192732334136964,0.9548183083534241,7,ok,,1.7014744281768799,1.0245198011398315,0.03813940099522055,0.7171260337412849,0.6021364671563101,0.3912893831729889,0.6498395740873832,-0.03533387929201126,0.029584664851427078,0.027128051966428757,1,0,-0.006784079596400261,0.003576863557100296,0.010360943153500557,1.1215031577027634e-09,0.38097405433654785,0.0009532690048217884,9.893822650042239e-09
1,214,42,19,11,0.02,0.03659236192703247,1.8296180963516235,11,ok,,1.2771022319793701,28.877761840820312,-0.007568898607829833,0.9589006816461466,22.611942190438658,1.0555588006973267,0.04673218709041009,-0.01770034246146679,0.007668707985430956,0.011840824037790298,1,0,-0.025578685104846954,-0.0251453910022974,0.0004332941025495529,1.038384442433914e-08,0.03652185574173927,7.050618529319541e-05,2.8370664040267002e-08
1,214,42,19,11,0.05,0.09148090481758119,1.8296180963516235,11,ok,,1.2771022319793701,17.750762939453125,0.02346203532894921,0.9337362687661027,13.899249797666915,1.624188780784607,0.11683046772602525,-0.01770034246146679,0.007668707985430956,-0.0057343775406479836,0,0,-0.025578685104846954,-0.02610325999557972,-0.0005245748907327652,1.1155251328242612e-08,0.09122932702302933,0.0002515777945518577,4.324154900814392e-08
1,214,42,19,11,0.1,0.18296180963516237,1.8296180963516235,11,ok,,1.2771022319793701,8.669840812683105,0.011935266605613878,0.8795210354965354,6.788681904689025,1.5865836143493652,0.2336609354520505,-0.01770034246146679,0.007668707985430956,0.042152583599090576,1,0,-0.025578685104846954,-0.017866360023617744,0.00771232508122921,1.2105142132602664e-08,0.18245862424373627,0.0005031853914261031,4.2189583382423734e-08
1,214,42,19,11,0.2,0.36592361927032474,1.8296180963516235,11,ok,,1.2771022319793701,3.9397776126861572,0.0019635660818330203,0.7920033563087858,3.0849351868854256,1.4394316673278809,0.467321870904101,-0.01770034246146679,0.007668707985430956,0.018144801259040833,1,0,-0.025578685104846954,-0.0189390666782856,0.006639618426561356,7.078912389428538e-09,0.36491721868515015,0.0010064005851745939,3.832722228480634e-08
1,214,42,19,11,0.4,0.7318472385406495,1.8296180963516235,11,ok,,1.2771022319793701,2.8825230598449707,0.019190047110431614,0.7525103410476244,2.2570809036760626,2.1093475818634033,0.934643741808202,-0.01770034246146679,0.007668707985430956,-0.0016441869083791971,0,0,-0.025578685104846954,-0.026781992986798286,-0.001203307881951332,1.4233409328760771e-08,0.7298344373703003,0.0020128011703491877,5.617471643404315e-08
1,215,42,20,1,0.02,0.021380648612976075,1.0690324306488037,1,ok,,2.4351978302001953,10.242770195007324,0.024235163411107846,0.825932258863513,4.206134741078128,0.21895423531532288,0.05206610911059215,-0.5092031955718994,0.42995691299438477,-0.12405641376972198,0,0,-0.016809584572911263,-0.019461993128061295,-0.002652408555150032,1.9641536396462767e-09,0.021374432370066643,6.216242909432013e-06,6.12867978588838e-09
1,215,42,20,1,0.05,0.05345162153244019,1.0690324306488037,1,ok,,2.4351978302001953,4.588415622711182,0.017112085683617835,0.7346121428403081,1.8842065173539055,0.2455279678106308,0.13016527277648038,-0.5092031955718994,0.42995691299438477,-0.019748348742723465,0,0,-0.016809584572911263,-0.01786516234278679,-0.0010555777698755264,3.493011169154389e-09,0.05336866155266762,8.295997977256914e-05,4.857859003948306e-09
1,215,42,20,1,0.1,0.10690324306488037,1.0690324306488037,1,ok,,2.4351978302001953,5.032469272613525,-0.031771461649938056,0.7581321504417045,2.066554597824089,0.537489652633667,0.26033054555296076,-0.5092031955718994,0.42995691299438477,0.014656873419880867,1,0,-0.016809584572911263,-0.015242730267345905,0.0015668543055653572,1.299621135166483e-08,0.10673726350069046,0.00016597956418991366,1.0643081971295487e-08
1,215,42,20,1,0.2,0.21380648612976075,1.0690324306488037,1,ok,,2.4351978302001953,2.3186094760894775,0.03909873431118373,0.6931390392243094,0.9521236621247788,0.4963439106941223,0.5206610911059215,-0.5092031955718994,0.42995691299438477,-0.018030529841780663,0,0,-0.016809584572911263,-0.020664626732468605,-0.0038550421595573425,2.068971571757977e-09,0.21347470581531525,0.00033178031444550116,9.816315760247107e-09
1,215,42,20,1,0.4,0.4276129722595215,1.0690324306488037,1,ok,,2.4351978302001953,4.0665717124938965,-0.004525780232731928,0.7306119257957634,1.669914313350845,1.740394949913025,1.041322182211843,-0.5092031955718994,0.42995691299438477,0.0755697563290596,1,0,-0.016809584572911263,0.015505028888583183,0.032314613461494446,5.3446974832005445e-09,0.42694947123527527,0.0006635010242462269,3.46023050212807e-08
1,219,30,16,12,0.02,0.04822462558746338,2.411231279373169,12,ok,,0.5765751600265503,3.316737651824951,0.004169349307254039,0.8640482432737437,5.752480997735783,0.160030335187912,0.02780512121531217,0.023437147960066795,-0.012124904431402683,-0.00796325970441103,1,0,-0.024701617658138275,-0.02508564665913582,-0.00038402900099754333,3.783296587144859e-09,0.04808895289897919,0.00013567268848418967,3.969615747223543e-09
1,219,30,16,12,0.05,0.12056156396865846,2.411231279373169,12,ok,,0.5765751600265503,1.883815050125122,0.01123780618575653,0.7983024479230472,3.267249754628882,0.22706791758537292,0.06951280303828043,0.023437147960066795,-0.012124904431402683,-0.015850376337766647,1,0,-0.024701617658138275,-0.026612574234604836,-0.0019109565764665604,1.0415693596456041e-08,0.12051617354154587,4.539042711258767e-05,2.193096593217092e-09
1,219,30,16,12,0.1,0.2411231279373169,2.411231279373169,12,ok,,0.5765751600265503,1.645361304283142,0.011848663314504923,0.7819279450978548,2.853680523116054,0.39664560556411743,0.13902560607656086,0.023437147960066795,-0.012124904431402683,-0.012436396442353725,1,0,-0.024701617658138275,-0.027700312435626984,-0.0029986947774887085,8.032960141686474e-09,0.24103163182735443,9.149610996248003e-05,3.838656503774018e-09
1,219,30,16,12,0.2,0.4822462558746338,2.411231279373169,12,ok,,0.5765751600265503,1.5076329708099365,0.0013566491968982704,0.7742604571536308,2.614807357878369,0.7271108627319336,0.27805121215312173,0.023437147960066795,-0.012124904431402683,-0.0020800288766622543,1,0,-0.024701617658138275,-0.025704704225063324,-0.0010030865669250488,4.290435561080802e-10,0.48206081986427307,0.00018543601036075108,7.0098380433591956e-09
1,219,30,16,12,0.4,0.9644925117492676,2.411231279373169,12,ok,,0.5765751600265503,0.9283300638198853,0.014625840710085148,0.7204907929773746,1.61007641011716,0.8951256275177002,0.5561024243062435,0.023437147960066795,-0.012124904431402683,-0.0012162544298917055,1,0,-0.024701617658138275,-0.025874687358736992,-0.0011730697005987167,1.4105862920863604e-09,0.9641234874725342,0.00036902427673346505,8.641962701005923e-09
1,219,29,22,30,0.02,0.021962392330169677,1.0981196165084839,30,ok,,0.7320781946182251,8.662023544311523,0.00521796132173262,0.9249422966157205,11.832101554147355,0.19023337960243225,0.016078188526567772,-0.02305506356060505,0.005224387627094984,0.053852181881666183,1,0,-0.002938278950750828,-0.0017555584199726582,0.0011827205307781696,2.2155426382397536e-09,0.021960658952593803,1.7333775758736347e-06,5.253941282035157e-09
1,219,29,22,30,0.05,0.054905980825424194,1.0981196165084839,30,ok,,0.7320781946182251,3.727048397064209,0.01895152657493527,0.8488356571888628,5.0910523280955715,0.20448185503482819,0.04019547131641943,-0.02305506356060505,0.005224387627094984,-0.011791556142270565,0,0,-0.002938278950750828,-0.0035857059992849827,-0.0006474270485341549,9.308473436497877e-11,0.05483846738934517,6.751343607902527e-05,3.7037979350174055e-09
1,219,29,22,30,0.1,0.10981196165084839,1.0981196165084839,30,ok,,0.7320781946182251,2.4393069744110107,0.02815356175015802,0.7969901862936083,3.33203063872127,0.267669677734375,0.08039094263283886,-0.02305506356060505,0.005224387627094984,0.008236149325966835,1,0,-0.002938278950750828,-0.00203385716304183,0.0009044217877089977,5.926224733165952e-09,0.10967699438333511,0.00013496726751327515,4.845778889261965e-09
1,219,29,22,30,0.2,0.21962392330169678,1.0981196165084839,30,ok,,0.7320781946182251,1.775455355644226,0.04695050022023687,0.7534781073342601,2.4252263879648694,0.38960593938827515,0.16078188526567772,-0.02305506356060505,0.005224387627094984,0.012813160195946693,1,0,-0.002938278950750828,-0.00012420595157891512,0.0028140729991719127,3.5129550379764396e-09,0.21935389935970306,0.0002700239419937134,7.0737100621443005e-09
1,219,29,22,30,0.4,0.43924784660339355,1.0981196165084839,30,ok,,0.7320781946182251,1.390549898147583,0.06048959126613036,0.7206436969326144,1.8994554248004176,0.6102630496025085,0.32156377053135543,-0.02305506356060505,0.005224387627094984,0.01682564988732338,1,0,-0.002938278950750828,0.004452343098819256,0.007390622049570084,8.431139342235383e-09,0.43870776891708374,0.0005400776863098145,1.1066233263079539e-08
1,221,58,23,10,0.02,0.018011465072631835,0.9005732536315918,10,ok,,1.2135791778564453,4.0303215980529785,0.012738599257992067,0.7987636371504572,3.3210207224949646,0.07253126800060272,0.021858338974834624,-0.0037434292025864124,-0.019877560436725616,-0.02088622748851776,1,0,-0.008308283984661102,-0.008684477768838406,-0.0003761937841773033,2.2272688227163023e-09,0.0179758183658123,3.564670681953375e-05,1.8998436157602328e-09
1,221,58,23,10,0.05,0.045028662681579595,0.9005732536315918,10,ok,,1.2135791778564453,2.3561949729919434,0.019499533184488247,0.7367584829953325,1.9415255436005154,0.10610872507095337,0.054645847437086566,-0.0037434292025864124,-0.019877560436725616,-0.018619343638420105,1,0,-0.008308283984661102,-0.009146682918071747,-0.0008383989334106445,5.2106361893419426e-09,0.04494614154100418,8.252114057541449e-05,2.8622348935414266e-09
1,221,58,23,10,0.1,0.09005732536315919,0.9005732536315918,10,ok,,1.2135791778564453,1.6528644561767578,0.02498608323225062,0.7065304436525127,1.3619749632610405,0.14886920154094696,0.10929169487417313,-0.0037434292025864124,-0.019877560436725616,-0.014204260893166065,1,0,-0.008308283984661102,-0.009587481617927551,-0.001279197633266449,1.1153260563376288e-10,0.08989264816045761,0.0001646772027015797,4.032174150125911e-09
1,221,58,23,10,0.2,0.18011465072631838,0.9005732536315918,10,ok,,1.2135791778564453,1.2044240236282349,0.02750860289417058,0.6971275578626065,0.9924560717617339,0.21696268022060394,0.21858338974834626,-0.0037434292025864124,-0.019877560436725616,-0.008157364092767239,1,0,-0.008308283984661102,-0.009777537547051907,-0.0014692535623908043,7.222025377902341e-09,0.17978490889072418,0.00032974183559419945,5.851557016711695e-09
1,221,58,23,10,0.4,0.36022930145263676,0.9005732536315918,10,ok,,1.2135791778564453,0.8669970631599426,0.03220789257888591,0.7050949031312669,0.7144132653055337,0.3123624622821808,0.4371667794966925,-0.0037434292025864124,-0.019877560436725616,-0.007777088321745396,1,0,-0.008308283984661102,-0.01110981497913599,-0.002801530994474888,4.099002915303879e-09,0.35957157611846924,0.0006577253341675249,8.448155952578418e-09
1,221,29,23,2,0.02,0.03687891960144043,1.8439459800720215,2,ok,,0.42013269662857056,4.271873474121094,0.007300621353253397,0.9142062008793129,10.167914824033772,0.15767914056777954,0.015494039940901415,-0.004393817391246557,-0.00022434513084590435,-0.002385025145485997,1,0,-0.04305947944521904,-0.04314744099974632,-8.796155452728271e-05,4.403939490860154e-09,0.03680805861949921,7.086098194122176e-05,4.2797112520531755e-09
1,221,29,23,2,0.05,0.09219729900360107,1.8439459800720215,2,ok,,0.42013269662857056,2.639165163040161,0.011283812196003743,0.8720651345390829,6.281741897767846,0.24337857961654663,0.03873509985225354,-0.004393817391246557,-0.00022434513084590435,-0.014829219318926334,1,0,-0.04305947944521904,-0.044426701962947845,-0.0013672225177288055,8.55019177681271e-09,0.0919346734881401,0.000262625515460968,6.409665687101551e-09
1,221,29,23,2,0.1,0.18439459800720215,1.8439459800720215,2,ok,,0.42013269662857056,2.0906660556793213,0.018578672914093552,0.8462764158937711,4.976204119439563,0.3855561912059784,0.07747019970450708,-0.004393817391246557,-0.00022434513084590435,-0.013950468972325325,1,0,-0.04305947944521904,-0.04563185200095177,-0.002572372555732727,1.8562431147728375e-08,0.1838693767786026,0.0005252212285995483,1.0184503018706437e-08
1,221,29,23,2,0.2,0.3687891960144043,1.8439459800720215,2,ok,,0.42013269662857056,1.438786268234253,0.02513829848543748,0.8006326896826265,3.4245996081157797,0.5304788947105408,0.15494039940901416,-0.004393817391246557,-0.00022434513084590435,-0.005708546377718449,1,0,-0.04305947944521904,-0.04516471549868584,-0.002105236053466797,1.4175582929709662e-08,0.3677392303943634,0.0010499656200408936,1.3992354830349996e-08
1,221,29,23,2,0.4,0.7375783920288086,1.8439459800720215,2,ok,,0.42013269662857056,1.1053576469421387,0.027163454242796033,0.7684261472672321,2.630972680321352,0.8155249357223511,0.3098807988180283,-0.004393817391246557,-0.00022434513084590435,0.0017411781009286642,0,0,-0.04305947944521904,-0.04177521541714668,0.0012842640280723572,8.684153618432333e-09,0.7354801297187805,0.002098262310028076,2.1462742694211556e-08
1,222,36,29,18,0.02,0.025789899826049806,1.2894949913024902,18,ok,,0.9029127955436707,5.930235385894775,0.003742574098961805,0.8771530424361064,6.567893837762523,0.15303613245487213,0.023286030548729856,-0.06063562631607056,-0.04811765253543854,0.004100623074918985,0,0,-0.008004101924598217,-0.00789834838360548,0.00010575354099273682,1.117333812142773e-09,0.02573920413851738,5.069568753242673e-05,3.3383229514072355e-09
1,222,36,29,18,0.05,0.06447474956512451,1.2894949913024902,18,ok,,0.9029127955436707,3.0895063877105713,0.012733245928289514,0.8031575917944148,3.421710715536893,0.1992223560810089,0.05821507637182464,-0.06063562631607056,-0.04811765253543854,0.00015461069415323436,0,0,-0.008004101924598217,-0.007994135841727257,9.966082870960236e-06,2.4029146596111887e-09,0.0643213614821434,0.0001533880829811124,2.926979103534677e-09
1,222,36,29,18,0.1,0.12894949913024903,1.2894949913024902,18,ok,,0.9029127955436707,2.0980441570281982,0.019185875874561317,0.755553038834509,2.3236398546800743,0.2705618441104889,0.11643015274364928,-0.06063562631607056,-0.04811765253543854,-0.005072755739092827,1,0,-0.008004101924598217,-0.00865823496133089,-0.0006541330367326736,3.7249665574279334e-09,0.1286427527666092,0.0003067463636398371,3.999465203463615e-09
1,222,36,29,18,0.2,0.25789899826049806,1.2894949913024902,18,ok,,0.9029127955436707,1.5162739753723145,0.026435159863630972,0.7211488917234733,1.6793138638129959,0.3911120295524597,0.23286030548729855,-0.06063562631607056,-0.04811765253543854,-0.00470892246812582,1,0,-0.008004101924598217,-0.009218527935445309,-0.0012144260108470917,3.765689095183017e-10,0.2572854161262512,0.0006135821342468373,5.794635438149953e-09
1,222,36,29,18,0.4,0.5157979965209961,1.2894949913024902,18,ok,,0.9029127955436707,1.073468804359436,0.03987559848770485,0.696458288830389,1.1888953281605448,0.5537989735603333,0.4657206109745971,-0.06063562631607056,-0.04811765253543854,-0.00038984205457381904,1,0,-0.008004101924598217,-0.00820517260581255,-0.00020107068121433258,9.069494472113433e-09,0.5145708918571472,0.0012271046638488992,8.19023515674644e-09
1,225,24,21,21,0.02,0.01909636616706848,0.9548183083534241,21,ok,,1.1788076162338257,8.014042854309082,-0.005211588600691868,0.8809122878843488,6.798431520069713,0.15295247733592987,0.022510941880130274,-0.014976742677390575,0.0025472110137343407,-0.024145184084773064,0,0,-0.006948790047317743,-0.0074098799377679825,-0.0004610898904502392,4.613996138500345e-09,0.01907065324485302,2.5712922215460898e-05,4.281096366298698e-09
1,225,24,21,21,0.05,0.047740915417671205,0.9548183083534241,21,ok,,1.1788076162338257,4.363101959228516,0.016521628843121684,0.8122322170317574,3.701284161332869,0.2083880454301834,0.05627735470032569,-0.014976742677390575,0.0025472110137343407,-0.009863104671239853,0,0,-0.006948790047317743,-0.007419672794640064,-0.00047088274732232094,9.101457021365705e-09,0.047622062265872955,0.00011885315179824968,5.245543999166102e-09
1,225,24,21,21,0.1,0.09548183083534241,0.9548183083534241,21,ok,,1.1788076162338257,2.979570150375366,0.026197475119493455,0.7638053274141635,2.5276135896477085,0.284595251083374,0.11255470940065138,-0.014976742677390575,0.0025472110137343407,-0.0016107443952932954,0,0,-0.006948790047317743,-0.007102588657289743,-0.00015379860997200012,1.7861016297969576e-09,0.0952436774969101,0.0002381533384323148,7.180688044172712e-09
1,225,24,21,21,0.2,0.19096366167068482,0.9548183083534241,21,ok,,1.1788076162338257,1.965402364730835,0.03388162064814464,0.7171513612323076,1.6672800019806748,0.37467557191848755,0.22510941880130275,-0.014976742677390575,0.0025472110137343407,-0.0019298952538520098,0,0,-0.006948790047317743,-0.007317335344851017,-0.0003685452975332737,5.433216818128989e-09,0.19048716127872467,0.0004765003919601496,9.468090311770538e-09
1,225,24,21,21,0.4,0.38192732334136964,0.9548183083534241,21,ok,,1.1788076162338257,1.3686974048614502,0.03446661461036781,0.6968239291853833,1.1610863265654343,0.5218494534492493,0.4502188376026055,-0.014976742677390575,0.0025472110137343407,0.007251940201967955,1,0,-0.006948790047317743,-0.004179084673523903,0.0027697053737938404,8.736575452233247e-09,0.38097405433654785,0.0009532690048217884,1.3160989631444409e-08
1,226,86,21,20,0.02,0.02315398454666138,1.1576992273330688,20,ok,,1.3836629390716553,9.878900527954102,-0.0042642188656526765,0.8862253899695468,7.139672711458933,0.22880077362060547,0.03203731030905317,-0.003570807632058859,0.006555928383022547,0.05699275806546211,1,0,-0.03690710291266441,-0.03558748587965965,0.0013196170330047607,7.593485440264558e-09,0.023089392110705376,6.459243595600267e-05,5.982857320674384e-09
1,226,86,21,20,0.05,0.05788496136665344,1.1576992273330688,20,ok,,1.3836629390716553,5.0866618156433105,-0.0051930995282006495,0.815853958667979,3.6762289947958293,0.2942955493927002,0.08009327577263292,-0.003570807632058859,0.006555928383022547,0.03427068144083023,1,0,-0.03690710291266441,-0.03492336720228195,0.0019837357103824615,2.136082888348767e-08,0.057841356843709946,4.3604522943496704e-05,4.128493547028711e-09
1,226,86,21,20,0.1,0.11576992273330688,1.1576992273330688,20,ok,,1.3836629390716553,3.1315014362335205,0.0010722005829959776,0.7580872439771703,2.2631967279056298,0.3624699115753174,0.16018655154526584,-0.003570807632058859,0.006555928383022547,0.01852230541408062,1,0,-0.03690710291266441,-0.03476276993751526,0.0021443329751491547,7.108518329523861e-09,0.1156834065914154,8.651614189147949e-05,5.1026263214737355e-09
1,226,86,21,20,0.2,0.23153984546661377,1.1576992273330688,20,ok,,1.3836629390716553,2.486989736557007,0.019264927602616857,0.7296863741316553,1.7973956419067003,0.5755068063735962,0.3203731030905317,-0.003570807632058859,0.006555928383022547,0.0004675632808357477,1,0,-0.03690710291266441,-0.03679884970188141,0.00010825321078300476,6.319007567201496e-09,0.23136702179908752,0.00017282366752624512,8.059687139905236e-09
1,226,86,21,20,0.4,0.46307969093322754,1.1576992273330688,20,ok,,1.3836629390716553,3.1087355613708496,0.025725756884315852,0.7504143959778581,2.2467433892927384,1.4399375915527344,0.6407462061810634,-0.003570807632058859,0.006555928383022547,-0.03328922763466835,0,0,-0.03690710291266441,-0.05232267454266548,-0.015415571630001068,6.385532991259879e-09,0.46273431181907654,0.000345379114151001,2.027521439629254e-08
1,230,42,21,15,0.02,0.0050623339414596555,0.2531166970729828,15,ok,,6.752408981323242,96.03466033935547,0.007825709114949415,0.936101442294685,14.22228135247248,0.48691025376319885,0.034182949172769664,-0.01632312498986721,0.01342475414276123,-0.21818241477012634,0,0,-0.020179305225610733,-0.021283838897943497,-0.0011045336723327637,2.1428612324674023e-08,0.005058332346379757,4.001595079898557e-06,1.3878947768830585e-08
1,230,42,21,15,0.05,0.01265583485364914,0.2531166970729828,15,ok,,6.752408981323242,40.496307373046875,0.0008591664423147732,0.8688429062969665,5.997312586523007,0.5120192766189575,0.08545737293192418,-0.01632312498986721,0.01342475414276123,0.06727800518274307,1,0,-0.020179305225610733,-0.019327867776155472,0.0008514374494552612,2.1873420486006635e-08,0.012632666155695915,2.3168697953225223e-05,1.1616562822780452e-08
1,230,42,21,15,0.1,0.02531166970729828,0.2531166970729828,15,ok,,6.752408981323242,23.137943267822266,0.003222278816137653,0.8055617222293457,3.4266205337705404,0.5859558582305908,0.17091474586384836,-0.01632312498986721,0.01342475414276123,-0.01768431067466736,0,0,-0.020179305225610733,-0.020626915618777275,-0.00044761039316654205,9.037631887331456e-09,0.025265512987971306,4.615671932697504e-05,1.3295071710217599e-08
1,230,42,21,15,0.2,0.05062333941459656,0.2531166970729828,15,ok,,6.752408981323242,14.438255310058594,0.008036091456939924,0.7502739646252022,2.1382376793218247,0.7301031947135925,0.3418294917276967,-0.01632312498986721,0.01342475414276123,-0.05353782698512077,0,0,-0.020179305225610733,-0.022889576852321625,-0.0027102716267108917,8.0397231758296e-09,0.05053112283349037,9.221658110619008e-05,1.666287730017757e-08
1,230,42,21,15,0.4,0.10124667882919312,0.2531166970729828,15,ok,,6.752408981323242,8.555392265319824,0.007311178675416068,0.7102736815427331,1.2670133413100804,0.8669279217720032,0.6836589834553934,-0.01632312498986721,0.01342475414276123,-0.01689666323363781,0,0,-0.020179305225610733,-0.021890029311180115,-0.0017107240855693817,6.950131781289365e-09,0.10106240212917328,0.00018427670001984475,1.9698465081319227e-08
1,233,38,25,30,0.02,0.03327761650085449,1.6638808250427246,30,ok,,0.6660342216491699,2.1450867652893066,0.015365477222461494,0.7952610261511843,3.2206855076825156,0.07139847427606583,0.022164031404486195,-0.0214659683406353,-0.03376176953315735,-0.014465694315731525,1,0,0.010413706302642822,0.009932323358952999,-0.00048138294368982315,8.841676812899012e-10,0.03318270668387413,9.49098169803625e-05,1.4180000507124646e-09
1,233,38,25,30,0.05,0.08319404125213624,1.6638808250427246,30,ok,,0.6660342216491699,1.3386112451553345,0.012082351174803267,0.740950280934337,2.009823522038829,0.11132725328207016,0.055410078511215495,-0.0214659683406353,-0.03376176953315735,-0.018610898405313492,1,0,0.010413706302642822,0.008865388110280037,-0.0015483181923627853,2.342691818096529e-09,0.08314769715070724,4.634410142899392e-05,3.1616356199748452e-09
1,233,38,25,30,0.1,0.16638808250427248,1.6638808250427246,30,ok,,0.6660342216491699,0.9706917405128479,0.024509393236486404,0.7099824998115635,1.4574202179999955,0.16145427525043488,0.11082015702243099,-0.0214659683406353,-0.03376176953315735,-0.019908102229237556,1,0,0.010413706302642822,0.00710123497992754,-0.0033124713227152824,3.6649341287470216e-10,0.16629569232463837,9.239017963411089e-05,4.5721564312373175e-09
1,233,38,25,30,0.2,0.33277616500854496,1.6638808250427246,30,ok,,0.6660342216491699,0.723530650138855,0.03329287995862043,0.6963450911352285,1.0863265379160723,0.2411104291677475,0.22164031404486198,-0.0214659683406353,-0.03376176953315735,-0.019372420385479927,1,0,0.010413706302642822,0.003967028111219406,-0.006446678191423416,1.5713899521874186e-09,0.3325916528701782,0.00018451213836673253,6.838609234449677e-09
1,233,38,25,30,0.4,0.6655523300170899,1.6638808250427246,30,ok,,0.6660342216491699,0.5784479379653931,0.04713942690065672,0.6918804713604025,0.8684958207285917,0.38484030961990356,0.44328062808972396,-0.0214659683406353,-0.03376176953315735,-0.01186908408999443,1,0,0.010413706302642822,0.0025142126251012087,-0.007899493677541614,2.893722950494948e-09,0.6651834845542908,0.0003688454627991389,1.093235457716446e-08
1,233,45,34,29,0.02,0.025101690292358397,1.25508451461792,29,ok,,0.6835184097290039,5.071079730987549,0.02017780466993777,0.886868015100937,7.419082878822053,0.1272294670343399,0.01715746743014279,0.02193397842347622,0.02529473602771759,0.06631872057914734,1,1,-0.11702926456928253,-0.11536461114883423,0.0016646534204483032,5.8564114908694204e-08,0.025044962763786316,5.672752857208141e-05,2.940162779907496e-09
1,233,45,34,29,0.05,0.062754225730896,1.25508451461792,29,ok,,0.6835184097290039,2.8825511932373047,0.03418934443950313,0.8240236461683649,4.2172253917432,0.1808711737394333,0.042893668575356966,0.02193397842347622,0.02529473602771759,0.045623987913131714,1,1,-0.11702926456928253,-0.11416622996330261,0.0028630346059799194,6.343026441851113e-08,0.06275509297847748,8.672475814847092e-07,1.0156805396732693e-09
1,233,45,34,29,0.1,0.125508451461792,1.25508451461792,29,ok,,0.6835184097290039,2.0181665420532227,0.04371546738517052,0.7774526619508708,2.9526147552491193,0.25326550006866455,0.08578733715071393,0.02193397842347622,0.02529473602771759,0.049158450216054916,1,1,-0.11702926456928253,-0.11085951328277588,0.006169751286506653,4.9676371993365165e-08,0.12550972402095795,1.272559165960141e-06,1.405760285955182e-09
1,233,45,34,29,0.2,0.251016902923584,1.25508451461792,29,ok,,0.6835184097290039,1.4433842897415161,0.06437586415377958,0.7315546852371436,2.1116977526789165,0.36226949095726013,0.17157467430142787,0.02193397842347622,0.02529473602771759,0.04124923050403595,1,1,-0.11702926456928253,-0.10667504370212555,0.010354220867156982,3.322194714813764e-08,0.25101780891418457,9.059906005970397e-07,1.9981685195347154e-09
1,233,45,34,29,0.4,0.502033805847168,1.25508451461792,29,ok,,0.6835184097290039,1.1578673124313354,0.08624831758706089,0.7026180994557922,1.6939811656114776,0.581308126449585,0.34314934860285573,0.02193397842347622,0.02529473602771759,0.04415089264512062,1,1,-0.11702926456928253,-0.09486405551433563,0.0221652090549469,3.161123274253441e-08,0.5020357370376587,1.9311904907448607e-06,3.2581486397731396e-09
1,234,86,22,8,0.02,0.03145835161209107,1.5729175806045532,8,ok,,1.0598186254501343,5.191871643066406,0.005424881180966532,0.8467177274577193,4.898830345481403,0.16333305835723877,0.03334014696445337,-0.06042144447565079,-0.0207260362803936,0.022749727591872215,0,0,0.024607019498944283,0.025322692468762398,0.0007156729698181152,4.040153709305126e-09,0.031437553465366364,2.079814672470426e-05,1.1477832018158551e-09
1,234,86,22,8,0.05,0.07864587903022767,1.5729175806045532,8,ok,,1.0598186254501343,2.5607759952545166,0.012138414451595669,0.7624364997877996,2.4162398487424843,0.2012585997581482,0.08335036741113343,-0.06042144447565079,-0.0207260362803936,-0.009397565387189388,1,0,0.024607019498944283,0.02386794425547123,-0.000739075243473053,4.547146498310589e-09,0.07855656743049622,8.931159973145364e-05,5.711248363127197e-09
1,234,86,22,8,0.1,0.15729175806045534,1.5729175806045532,8,ok,,1.0598186254501343,1.5959750413894653,0.016062370703838768,0.716688379763961,1.5058945021938113,0.25115787982940674,0.16670073482226686,-0.06042144447565079,-0.0207260362803936,0.005137250758707523,0,0,0.024607019498944283,0.02541506290435791,0.0008080434054136276,3.7980208867239434e-09,0.1571131944656372,0.0001785635948181319,7.1455699135469786e-09
1,234,86,22,8,0.2,0.3145835161209107,1.5729175806045532,8,ok,,1.0598186254501343,1.1408882141113281,0.016904299148722924,0.7013731261914251,1.0764938327307512,0.35881102085113525,0.3334014696445337,-0.06042144447565079,-0.0207260362803936,-0.0006042346358299255,1,0,0.024607019498944283,0.024416938424110413,-0.00019008107483386993,1.1814675460295083e-09,0.3142264187335968,0.0003570973873138761,1.0190086996431091e-08
1,234,86,22,8,0.4,0.6291670322418214,1.5729175806045532,8,ok,,1.0598186254501343,1.140850305557251,0.01809010082883892,0.7010465940094261,1.0764580638235375,0.717578113079071,0.6668029392890674,-0.06042144447565079,-0.0207260362803936,0.0023480213712900877,0,0,0.024607019498944283,0.02608431875705719,0.0014772992581129074,1.6202979511489163e-09,0.6284528374671936,0.0007141947746277522,2.0454281823845122e-08
1,235,45,35,2,0.02,0.04184932708740235,2.092466354370117,2,ok,,0.49791887402534485,2.7926316261291504,0.025428118218153835,0.8582327772094103,5.608607690539951,0.11683790385723114,0.020837569822077743,0.03091581165790558,-0.0056909965351223946,0.005661533214151859,0,0,-0.04412469267845154,-0.04388775676488876,0.00023693591356277466,4.558267541172152e-09,0.04182768613100052,2.1640956401829115e-05,3.310122176358732e-09
1,235,45,35,2,0.05,0.10462331771850586,2.092466354370117,2,ok,,0.49791887402534485,1.6777063608169556,0.032942855031914325,0.7970891813738803,3.3694371680479587,0.17569930851459503,0.05209392455519435,0.03091581165790558,-0.0056909965351223946,0.002056608907878399,0,0,-0.04412469267845154,-0.043909505009651184,0.000215187668800354,1.842160868292808e-08,0.10443101823329926,0.000192299485206604,3.701062567529334e-09
1,235,45,35,2,0.1,0.20924663543701172,2.092466354370117,2,ok,,0.49791887402534485,1.1347366571426392,0.04766594987681757,0.7456439316044627,2.2789589154690297,0.2376948893070221,0.1041878491103887,0.03091581165790558,-0.0056909965351223946,0.003342779353260994,0,0,-0.04412469267845154,-0.04342518374323845,0.000699508935213089,4.360253491597632e-08,0.208860844373703,0.0003857910633087158,4.990051483133584e-09
1,235,45,35,2,0.2,0.41849327087402344,2.092466354370117,2,ok,,0.49791887402534485,0.8253927230834961,0.06348266668755921,0.7080880109610742,1.6576851494081437,0.3458307385444641,0.2083756982207774,0.03091581165790558,-0.0056909965351223946,9.806102025322616e-05,0,0,-0.04412469267845154,-0.04408362880349159,4.106387495994568e-05,2.5997848929204537e-08,0.4177215099334717,0.0007717609405517578,7.27831483970931e-09
1,235,45,35,2,0.4,0.8369865417480469,2.092466354370117,2,ok,,0.49791887402534485,0.705234706401825,0.0753919949738428,0.6906269541338589,1.4163646794487872,0.5894615650177002,0.4167513964415548,0.03091581165790558,-0.0056909965351223946,0.004210082348436117,0,0,-0.04412469267845154,-0.04060085490345955,0.003523837774991989,5.550969994772004e-08,0.8354425430297852,0.0015439987182617188,1.242408309565235e-08
1,237,45,36,2,0.02,0.015032336711883545,0.7516168355941772,2,ok,,1.256151556968689,3.2699384689331055,0.06748599879706552,0.7564073521115481,2.603140083527365,0.04914380609989166,0.018882893165510097,0.015100638382136822,0.005868236999958754,-0.029946599155664444,0,1,-0.008260984905064106,-0.008711148984730244,-0.0004501640796661377,3.282217617703656e-09,0.015027521178126335,4.815533757210333e-06,4.839256217969989e-10
1,237,45,36,2,0.05,0.037580841779708864,0.7516168355941772,2,ok,,1.256151556968689,2.121642827987671,0.1096892508477835,0.6942089592185244,1.6890022674539948,0.07980979979038239,0.047207232913775245,0.015100638382136822,0.005868236999958754,-0.023199360817670822,0,1,-0.008260984905064106,-0.00913283508270979,-0.0008718501776456833,1.3306335810764e-09,0.037527963519096375,5.287826061248918e-05,2.2046939829323264e-09
1,237,45,36,2,0.1,0.07516168355941773,0.7516168355941772,2,ok,,1.256151556968689,1.6191917657852173,0.1356778339530972,0.665026984931192,1.2890098784666701,0.12184008210897446,0.09441446582755049,0.015100638382136822,0.005868236999958754,-0.01678353361785412,0,1,-0.008260984905064106,-0.009522460401058197,-0.001261475495994091,3.14679990962366e-09,0.07505659013986588,0.00010509341955185214,3.3821645484266583e-09
1,237,45,36,2,0.2,0.15032336711883545,0.7516168355941772,2,ok,,1.256151556968689,1.3303413391113281,0.1556103177778942,0.6499576094931943,1.059061171185914,0.19976909458637238,0.18882893165510098,0.015100638382136822,0.005868236999958754,-0.011363884434103966,0,1,-0.008260984905064106,-0.009969239123165607,-0.0017082542181015015,3.1535823286511083e-09,0.15011271834373474,0.00021064877510071356,5.535368607922919e-09
1,237,45,36,2,0.4,0.3006467342376709,0.7516168355941772,2,ok,,1.256151556968689,1.1339870691299438,0.15633697492154847,0.6504951437248748,0.9027470155476685,0.3413628935813904,0.37765786331020196,0.015100638382136822,0.005868236999958754,-0.013673163019120693,0,1,-0.008260984905064106,-0.012371772900223732,-0.004110787995159626,3.813238303243538e-09,0.3002282679080963,0.00041846632957459606,9.445274784525282e-09
1,237,29,24,16,0.02,0.009597368836402893,0.47986844182014465,16,ok,,2.3836917877197266,7.5641913414001465,0.03516657691295781,0.789339228134909,3.173309309687636,0.07254073023796082,0.022877169279050806,-0.07951853424310684,0.16330190002918243,0.12383579462766647,1,0,-0.0073862276040017605,-0.006197728682309389,0.0011884989216923714,1.1255016163849718e-09,0.009585531428456306,1.1837407946586886e-05,2.040064561725785e-09
1,237,29,24,16,0.05,0.023993422091007233,0.47986844182014465,16,ok,,2.3836917877197266,5.0634870529174805,0.0527128145284181,0.7364879427188359,2.124220538494685,0.12155050784349442,0.05719292319762701,-0.07951853424310684,0.16330190002918243,0.08155278861522675,1,0,-0.0073862276040017605,-0.005429495126008987,0.001956732477992773,1.9980489485149633e-09,0.023938259109854698,5.516298115253518e-05,3.0329994071820465e-09
1,237,29,24,16,0.1,0.04798684418201447,0.47986844182014465,16,ok,,2.3836917877197266,4.061525821685791,0.06740658878206295,0.7088156260585419,1.7038804440272877,0.19484183192253113,0.11438584639525402,-0.07951853424310684,0.16330190002918243,0.10604344308376312,1,0,-0.0073862276040017605,-0.0022975339088588953,0.005088693695142865,3.5153580046909383e-09,0.04787655174732208,0.0001102924346923842,4.872611203410315e-09
1,237,29,24,16,0.2,0.09597368836402893,0.47986844182014465,16,ok,,2.3836917877197266,3.574786424636841,0.08225402591346537,0.6925069310095734,1.49968483469712,0.34327879548072815,0.22877169279050805,-0.07951853424310684,0.16330190002918243,0.12114181369543076,1,0,-0.0073862276040017605,0.004240197129547596,0.011626424733549356,1.9419091664557575e-09,0.09575242549180984,0.00022126287221908847,8.586424016243654e-09
1,237,29,24,16,0.4,0.19194737672805787,0.47986844182014465,16,ok,,2.3836917877197266,3.174492359161377,0.10185719809011957,0.6793550077437209,1.331754539540034,0.6096925139427185,0.4575433855810161,-0.07951853424310684,0.16330190002918243,0.14050784707069397,1,0,-0.0073862276040017605,0.01958387717604637,0.026970104780048132,7.874878703989507e-09,0.1915048062801361,0.0004425704479217585,1.526560033937585e-08
1,238,58,24,17,0.02,0.02002633571624756,1.001316785812378,17,ok,,0.7069685459136963,25.86098289489746,0.005161228333895666,0.9736155277113504,36.58010394428196,0.5177149772644043,0.014157989441295059,0.005453807767480612,-0.007314723916351795,-0.03941056877374649,1,0,-0.033562131226062775,-0.034351348876953125,-0.0007892176508903503,3.163014095986568e-08,0.020007073879241943,1.9261837005617177e-05,1.4788830604572922e-08
1,238,58,24,17,0.05,0.0500658392906189,1.001316785812378,17,ok,,0.7069685459136963,12.716622352600098,-0.00022824545849331918,0.9488119567292617,17.98753625756711,0.6371966004371643,0.035394973603237644,0.005453807767480612,-0.007314723916351795,-0.034922219812870026,1,0,-0.033562131226062775,-0.035310544073581696,-0.001748412847518921,2.6026961031256485e-09,0.049953967332839966,0.00011187195777893205,1.4801462278057897e-08
1,238,58,24,17,0.1,0.1001316785812378,1.001316785812378,17,ok,,0.7069685459136963,7.0396904945373535,0.0010660354615147467,0.9132191731935972,9.957572419900519,0.7054756879806519,0.07078994720647529,0.005453807767480612,-0.007314723916351795,-0.03502802550792694,1,0,-0.033562131226062775,-0.03706953674554825,-0.0035074055194854736,9.4720096657612e-09,0.09990739822387695,0.00022428035736084262,1.6424555937533114e-08
1,238,58,24,17,0.2,0.2002633571624756,1.001316785812378,17,ok,,0.7069685459136963,4.377416133880615,0.007107511959267104,0.8711369581561728,6.191811727941854,0.8773691654205322,0.14157989441295057,0.005453807767480612,-0.007314723916351795,-0.008657524362206459,1,0,-0.033562131226062775,-0.03529589995741844,-0.0017337687313556671,1.6162135718731513e-08,0.19981473684310913,0.00044862031936646063,2.0380051424240264e-08
1,238,58,24,17,0.4,0.4005267143249512,1.001316785812378,17,ok,,0.7069685459136963,2.870288610458374,0.023930301083771848,0.8214677131001328,4.059994786252777,1.1499592065811157,0.28315978882590115,0.005453807767480612,-0.007314723916351795,-0.009455583058297634,1,0,-0.033562131226062775,-0.03734933212399483,-0.0037872008979320526,1.2716434572013213e-08,0.3996293544769287,0.000897359848022472,2.6826302956806103e-08
1,239,45,37,2,0.02,0.008987026810646058,0.44935134053230286,2,ok,,1.5997604131698608,12.853825569152832,0.015815982314704845,0.894451979800552,8.034844132488226,0.11561012268066406,0.014377089723767753,0.004910644609481096,0.01732657477259636,0.06471749395132065,1,1,-0.07623239606618881,-0.07565075159072876,0.0005816444754600525,2.662220170972663e-08,0.008970111608505249,1.691520214080859e-05,3.0116036331406804e-09
1,239,45,37,2,0.05,0.022467567026615145,0.44935134053230286,2,ok,,1.5997604131698608,7.223384380340576,0.025447047963228095,0.8341024253239693,4.515291365425911,0.16230683028697968,0.03594272430941939,0.004910644609481096,0.01732657477259636,0.045361798256635666,1,1,-0.07623239606618881,-0.07521319389343262,0.001019202172756195,3.292997743931103e-08,0.022426579147577286,4.098787903785914e-05,4.394902219928554e-09
1,239,45,37,2,0.1,0.04493513405323029,0.44935134053230286,2,ok,,1.5997604131698608,4.521828651428223,0.03854768393175686,0.7741819823333976,2.8265661621577287,0.20320762693881989,0.07188544861883878,0.004910644609481096,0.01732657477259636,0.03618901968002319,1,1,-0.07623239606618881,-0.07460623234510422,0.0016261637210845947,5.27050776351172e-09,0.04485324025154114,8.189380168915211e-05,5.485741638722175e-09
1,239,45,37,2,0.2,0.08987026810646058,0.44935134053230286,2,ok,,1.5997604131698608,3.3282630443573,0.05659060728026448,0.7331143856793035,2.0804759368688215,0.2991497218608856,0.14377089723767755,0.004910644609481096,0.01732657477259636,0.03462657704949379,1,1,-0.07623239606618881,-0.07312045246362686,0.0031119436025619507,4.383951492928015e-08,0.08970624953508377,0.00016401857137680886,8.101011417238624e-09
1,239,45,37,2,0.4,0.17974053621292116,0.44935134053230286,2,ok,,1.5997604131698608,2.487978219985962,0.07456607701178909,0.698504950519999,1.5552192687744897,0.4472467601299286,0.2875417944753551,0.004910644609481096,0.01732657477259636,0.05011260136961937,1,1,-0.07623239606618881,-0.0672251284122467,0.009007267653942108,1.8127423555280853e-09,0.17941270768642426,0.00032782852649690386,1.2084725220518067e-08
1,240,40,22,56,0.02,0.016524481773376464,0.8262240886688232,56,ok,,1.5412542819976807,23.260692596435547,0.0014327544485055828,0.9398121764748847,15.092053834407746,0.3844016194343567,0.025468428291009104,-0.008141515776515007,-0.003752324730157852,0.029256504029035568,0,0,-0.00909348577260971,-0.00861003715544939,0.0004834486171603203,4.9579806948342464e-11,0.016480114310979843,4.436746239662101e-05,7.321664163839614e-09
1,240,40,22,56,0.05,0.04131120443344116,0.8262240886688232,56,ok,,1.5412542819976807,9.567007064819336,-0.01257392134873795,0.8741338991025995,6.207286608419314,0.3950645327568054,0.06367107072752276,-0.008141515776515007,-0.003752324730157852,0.01575702615082264,0,0,-0.00909348577260971,-0.00844254344701767,0.000650942325592041,5.970123284626538e-10,0.04128611832857132,2.508610486984253e-05,1.1236375385692554e-08
1,240,40,22,56,0.1,0.08262240886688232,0.8262240886688232,56,ok,,1.5412542819976807,5.891693115234375,-0.004312235902327472,0.8201582747468339,3.822661311665,0.48753780126571655,0.12734214145504552,-0.008141515776515007,-0.003752324730157852,0.006866149604320526,0,0,-0.00909348577260971,-0.008526184596121311,0.0005673011764883995,3.356539046706075e-09,0.08257295191287994,4.945695400238037e-05,1.3820120159380167e-08
1,240,40,22,56,0.2,0.16524481773376465,0.8262240886688232,56,ok,,1.5412542819976807,4.199409484863281,0.029523913312627936,0.771897636892893,2.7246701170020664,0.6951174139976501,0.25468428291009104,-0.008141515776515007,-0.003752324730157852,-0.011760328896343708,1,0,-0.00909348577260971,-0.011036813259124756,-0.0019433274865150452,5.918450396436015e-09,0.1651461273431778,9.869039058685303e-05,1.978431818372428e-08
1,240,40,22,56,0.4,0.3304896354675293,0.8262240886688232,56,ok,,1.5412542819976807,3.235891103744507,0.03770376376186598,0.7397431725623301,2.0995179974768607,1.0690175294876099,0.5093685658201821,-0.008141515776515007,-0.003752324730157852,-0.00489849504083395,1,0,-0.00909348577260971,-0.01071239449083805,-0.0016189087182283401,6.877843627961511e-09,0.33029237389564514,0.00019726157188415527,3.042763196958731e-08
1,242,36,30,20,0.02,0.027826409339904785,1.3913204669952393,20,ok,,0.7827833890914917,7.066162109375,0.00642723015752477,0.9052234003520656,9.0269699227612,0.19649578630924225,0.021782051009337805,0.0018784285057336092,-0.0025045552756637335,0.049395497888326645,0,0,-0.04453285411000252,-0.04315835237503052,0.0013745017349720001,2.3911830204694645e-09,0.02779420092701912,3.220841288566548e-05,3.3695262136035353e-09
1,242,36,30,20,0.05,0.06956602334976196,1.3913204669952393,20,ok,,0.7827833890914917,4.395183563232422,0.016926555061452696,0.8598262245302832,5.614814550840064,0.3059638440608978,0.05445512752334451,0.0018784285057336092,-0.0025045552756637335,0.03921716660261154,0,0,-0.04453285411000252,-0.04180468991398811,0.0027281641960144043,1.8131574375159637e-08,0.06939498335123062,0.00017103999853133878,7.3648998011321964e-09
1,242,36,30,20,0.1,0.13913204669952392,1.3913204669952393,20,ok,,0.7827833890914917,2.884840488433838,0.0256969212150029,0.8096353866095065,3.6853624241801235,0.4014508128166199,0.10891025504668903,0.0018784285057336092,-0.0025045552756637335,0.044008877128362656,0,0,-0.04453285411000252,-0.03840981423854828,0.006123039871454239,5.276362724342121e-09,0.13879017531871796,0.0003418713808059637,9.673127188136732e-09
1,242,36,30,20,0.2,0.27826409339904784,1.3913204669952393,20,ok,,0.7827833890914917,2.132556676864624,0.033920173789355045,0.7709144453149174,2.72432540927698,0.593795120716095,0.21782051009337805,0.0018784285057336092,-0.0025045552756637335,0.023693159222602844,0,0,-0.04453285411000252,-0.0379398949444294,0.00659295916557312,3.6947362504549663e-09,0.2775804102420807,0.000683683156967152,1.437030050510657e-08
1,242,36,30,20,0.4,0.5565281867980957,1.3913204669952393,20,ok,,0.7827833890914917,1.491208553314209,0.04238746362324306,0.7280924501194058,1.905007916740568,0.8304202556610107,0.4356410201867561,0.0018784285057336092,-0.0025045552756637335,0.0065406253561377525,0,0,-0.04453285411000252,-0.0408928208053112,0.0036400333046913147,9.06528567750503e-09,0.5551608204841614,0.001367366313934304,2.0088014807129184e-08
1,242,58,25,4,0.02,0.03737510681152344,1.8687553405761719,4,ok,,0.7307417392730713,4.374122619628906,0.00864218490828408,0.8675328457756201,5.985866667441521,0.16365888714790344,0.02731155055696945,-0.023469282314181328,0.008886096067726612,-0.01205388456583023,0,0,-0.03476684167981148,-0.03521737828850746,-0.0004505366086959839,2.1385554305230255e-08,0.03731308877468109,6.201803684234564e-05,4.506404582826917e-09
1,242,58,25,4,0.05,0.0934377670288086,1.8687553405761719,4,ok,,0.7307417392730713,2.622889280319214,0.012539684512775075,0.8094720743729275,3.5893519411178394,0.24515864253044128,0.06827887639242362,-0.023469282314181328,0.008886096067726612,-0.005336446687579155,0,0,-0.03476684167981148,-0.0352654829621315,-0.0004986412823200226,1.561996434420402e-08,0.09317685663700104,0.0002609103918075617,6.3483693857335766e-09
1,242,58,25,4,0.1,0.1868755340576172,1.8687553405761719,4,ok,,0.7307417392730713,1.7186620235443115,0.017926799786056213,0.7579768481058552,2.3519417752866474,0.321298211812973,0.13655775278484725,-0.023469282314181328,0.008886096067726612,-0.01029291097074747,0,0,-0.03476684167981148,-0.036690354347229004,-0.0019235126674175262,1.9432751585625116e-08,0.186353862285614,0.0005216717720031849,8.377438298623474e-09
1,242,58,25,4,0.2,0.3737510681152344,1.8687553405761719,4,ok,,0.7307417392730713,1.2485114336013794,0.021646772396154687,0.723613893459435,1.7085536058767734,0.4668062627315521,0.2731155055696945,-0.023469282314181328,0.008886096067726612,-0.004067654721438885,0,0,-0.03476684167981148,-0.03628714010119438,-0.001520298421382904,8.124521144606614e-09,0.372707724571228,0.0010433435440063699,1.208219657655718e-08
1,242,58,25,4,0.4,0.7475021362304688,1.8687553405761719,4,ok,,0.7307417392730713,0.9619740843772888,0.03713776577000259,0.7005397608416619,1.3164351133588275,0.7180507183074951,0.546231011139389,-0.023469282314181328,0.008886096067726612,0.001901923562400043,1,0,-0.03476684167981148,-0.033345162868499756,0.0014216788113117218,1.3114529373711367e-08,0.7454153299331665,0.0020868062973022905,1.871332067082676e-08
1,244,40,23,4,0.02,0.05522711277008057,2.7613556385040283,4,ok,,0.4781518578529358,15.873130798339844,-0.011657342909989394,0.9715447912121538,33.19684016199873,0.875931978225708,0.02640694657486762,0.00856192409992218,-0.010919062420725822,0.07531622797250748,0,0,-0.01574811339378357,-0.01158861257135868,0.004159500822424889,3.006770121077862e-09,0.055157892405986786,6.922036409378468e-05,1.5529195707131294e-08
1,244,40,23,4,0.05,0.13806778192520142,2.7613556385040283,4,ok,,0.4781518578529358,6.870107173919678,-0.0041760770696381445,0.9374620959496014,14.368044505263295,0.9491300582885742,0.06601736643716904,0.00856192409992218,-0.010919062420725822,0.01212337240576744,0,0,-0.01574811339378357,-0.014074256643652916,0.0016738567501306534,9.612613149911908e-09,0.13770224153995514,0.00036554038524627686,2.2386570819321605e-08
1,244,40,23,4,0.1,0.27613556385040283,2.7613556385040283,4,ok,,0.4781518578529358,3.531923532485962,0.004133865696308095,0.8883571441978414,7.386614679984956,0.975894570350647,0.1320347328743381,0.00856192409992218,-0.010919062420725822,0.007566860876977444,0,0,-0.01574811339378357,-0.013658629730343819,0.0020894836634397507,4.26859803059898e-09,0.27540457248687744,0.0007309913635253906,2.301656287784226e-08
1,244,40,23,4,0.2,0.5522711277008057,2.7613556385040283,4,ok,,0.4781518578529358,2.0324690341949463,0.011592311396824736,0.8293716216111853,4.250676852573933,1.1227446794509888,0.2640694657486762,0.00856192409992218,-0.010919062420725822,0.010514707304537296,0,0,-0.01574811339378357,-0.009941143915057182,0.005806969478726387,2.1820567575048244e-10,0.5508093237876892,0.001461803913116455,2.6497261274016637e-08
1,244,40,23,4,0.4,1.1045422554016113,2.7613556385040283,4,ok,,0.4781518578529358,1.384314775466919,0.01658681163076141,0.7809312284485153,2.8951362474676294,1.5264711380004883,0.5281389314973524,0.00856192409992218,-0.010919062420725822,-0.005710058379918337,1,0,-0.01574811339378357,-0.02205509878695011,-0.006306985393166542,1.5368263328596754e-08,1.101618766784668,0.0029234886169433594,3.6107994816347855e-08
1,245,36,31,3,0.02,0.03779263257980347,1.8896316289901733,3,ok,,0.5407872200012207,4.501928329467773,0.015427013554539914,0.897574744870933,8.324768343174394,0.17033140361309052,0.02043777270935948,-0.04343017563223839,0.02414851076900959,-0.003257266478613019,0,0,-0.02087693102657795,-0.021000029519200325,-0.0001230984926223755,2.1826183566118866e-09,0.0377357192337513,5.691334605217174e-05,4.734312941678809e-09
1,245,36,31,3,0.05,0.09448158144950868,1.8896316289901733,3,ok,,0.5407872200012207,2.8730592727661133,0.027434991954948557,0.8518359544956513,5.312735150720306,0.27138465642929077,0.0510944317733987,-0.04343017563223839,0.02414851076900959,-0.015153001993894577,0,0,-0.02087693102657795,-0.02230861783027649,-0.0014316868036985397,7.211607821978536e-09,0.09422647953033447,0.00025510191917420266,6.953291276090567e-09
1,245,36,31,3,0.1,0.18896316289901735,1.8896316289901733,3,ok,,0.5407872200012207,2.1946074962615967,0.03127898592354882,0.820440061545526,4.058171892916746,0.4148799479007721,0.1021888635467974,-0.04343017563223839,0.02414851076900959,-0.014438175596296787,0,0,-0.02087693102657795,-0.023605216294527054,-0.0027282852679491043,1.9407814574184945e-09,0.18845295906066895,0.0005102038383484053,1.06197060034674e-08
1,245,36,31,3,0.2,0.3779263257980347,1.8896316289901733,3,ok,,0.5407872200012207,1.943793535232544,0.037502593138833244,0.8044168520996539,3.5943777207319396,0.733301043510437,0.2043777270935948,-0.04343017563223839,0.02414851076900959,-0.01278948038816452,0,0,-0.02087693102657795,-0.025710411369800568,-0.004833480343222618,9.88742421270672e-10,0.3769059181213379,0.0010204076766968107,1.8774505505803063e-08
1,245,36,31,3,0.4,0.7558526515960694,1.8896316289901733,3,ok,,0.5407872200012207,2.0612258911132812,0.03191411036460277,0.8126379352648798,3.8115284808409804,1.5584301948547363,0.4087554541871896,-0.04343017563223839,0.02414851076900959,-0.0097945686429739,0,0,-0.02087693102657795,-0.028280168771743774,-0.007403237745165825,1.2934865712375954e-08,0.7538118958473206,0.002040755748748846,3.9854004540984533e-08
1,245,45,38,6,0.02,0.01103971004486084,0.551985502243042,6,ok,,1.5459517240524292,6.99335241317749,0.022005226221420197,0.8348813027537006,4.5236551079623455,0.07720411568880081,0.017066858776891538,-0.014944316819310188,0.014716003090143204,0.023508964106440544,1,0,-0.011213181540369987,-0.01095365360379219,0.00025952793657779694,4.210612347666214e-09,0.011039252392947674,4.576519131663931e-07,2.1195745159019452e-09
1,245,45,38,6,0.05,0.0275992751121521,0.551985502243042,6,ok,,1.5459517240524292,4.059076309204102,0.027999881292697624,0.767332811083562,2.625616470455721,0.11208489537239075,0.04266714694222884,-0.014944316819310188,0.014716003090143204,0.012341885827481747,1,0,-0.011213181540369987,-0.010872555896639824,0.0003406256437301636,1.458625276118397e-09,0.027569564059376717,2.9711052775382996e-05,1.9915433746575673e-09
1,245,45,38,6,0.1,0.0551985502243042,0.551985502243042,6,ok,,1.5459517240524292,2.972242832183838,0.05107658922550916,0.7260893493459301,1.9225974433345985,0.16425156593322754,0.08533429388445768,-0.014944316819310188,0.014716003090143204,0.004250458441674709,1,0,-0.011213181540369987,-0.010978568345308304,0.00023461319506168365,5.9487074155484265e-09,0.055138908326625824,5.9641897678375244e-05,2.9222297914799356e-09
1,245,45,38,6,0.2,0.1103971004486084,0.551985502243042,6,ok,,1.5459517240524292,2.318434476852417,0.06262067425668907,0.7007912959754481,1.4996810319364733,0.2558334767818451,0.17066858776891536,-0.014944316819310188,0.014716003090143204,0.003540151519700885,1,0,-0.011213181540369987,-0.010822361335158348,0.0003908202052116394,2.2577120728506372e-09,0.11027801781892776,0.00011908262968063354,4.5453072416989926e-09
1,245,45,38,6,0.4,0.2207942008972168,0.551985502243042,6,ok,,1.5459517240524292,1.9664314985275269,0.08387712682305802,0.6823059294786417,1.2719876487291693,0.43381229043006897,0.3413371755378307,-0.014944316819310188,0.014716003090143204,-0.0024149499367922544,0,0,-0.011213181540369987,-0.011746394447982311,-0.0005332129076123238,5.966111493727055e-09,0.22055721282958984,0.00023698806762695312,7.704515248008192e-09
1,247,42,22,17,0.02,0.03622848987579346,1.8114244937896729,17,ok,,0.7771945595741272,34.934200286865234,0.012414294864676902,0.9782034628311476,44.94910554438632,1.2668890953063965,0.028156585233053026,-0.006979132536798716,0.003601806703954935,0.022715212777256966,1,0,-0.04039774462580681,-0.03957483917474747,0.0008229054510593414,3.240506800676786e-08,0.036157988011837006,7.050186395645558e-05,3.3473593674671065e-08
1,247,42,22,17,0.05,0.09057122468948364,1.8114244937896729,17,ok,,0.7771945595741272,14.813015937805176,0.0034599989542194415,0.9512942308616841,19.059598083011647,1.3418736457824707,0.07039146308263255,-0.006979132536798716,0.003601806703954935,0.014909695833921432,1,0,-0.04039774462580681,-0.03904738277196884,0.001350361853837967,2.7557587989335275e-08,0.09036601334810257,0.000205211341381073,3.6137937087232785e-08
1,247,42,22,17,0.1,0.18114244937896729,1.8114244937896729,17,ok,,0.7771945595741272,9.55625057220459,0.010724079071438205,0.9270674478458287,12.295827929403872,1.7313668727874756,0.1407829261652651,-0.006979132536798716,0.003601806703954935,-0.0009570564143359661,0,0,-0.04039774462580681,-0.040571145713329315,-0.00017340108752250671,3.75444358380328e-08,0.18073275685310364,0.00040969252586364746,4.646777540529001e-08
1,247,42,22,17,0.2,0.36228489875793457,1.8114244937896729,17,ok,,0.7771945595741272,5.431399822235107,0.01929399814103981,0.8814130025086488,6.988468659899418,1.9680403470993042,0.2815658523305302,-0.006979132536798716,0.003601806703954935,0.02240295149385929,1,0,-0.04039774462580681,-0.03228148818016052,0.008116256445646286,5.431814553702452e-09,0.361465722322464,0.0008191764354705811,5.285113147124321e-08
1,247,42,22,17,0.4,0.7245697975158691,1.8114244937896729,17,ok,,0.7771945595741272,3.0664780139923096,0.021558708383785843,0.8189207833465921,3.9455731852635156,2.222226619720459,0.5631317046610604,-0.006979132536798716,0.003601806703954935,0.021611370146274567,1,0,-0.04039774462580681,-0.024738796055316925,0.015658948570489883,2.4795632214136276e-09,0.7229316234588623,0.001638174057006836,5.985825168863812e-08
1,249,38,26,16,0.02,0.042142601013183595,2.1071300506591797,16,ok,,0.3325584828853607,5.0513505935668945,0.001663232812972744,0.9401502853981385,15.189360228387267,0.21282055974006653,0.014014879457787401,-0.010492192581295967,-0.000870792951900512,0.015351835638284683,0,0,-0.0021424000151455402,-0.0014954295475035906,0.0006469704676419497,4.18351774555091e-09,0.04212461784482002,1.7983168363572277e-05,5.991450890974193e-09
1,249,38,26,16,0.05,0.10535650253295899,2.1071300506591797,16,ok,,0.3325584828853607,2.8462839126586914,0.008373300149175025,0.9002709633236893,8.558746984756066,0.29983463883399963,0.035037198644468505,-0.010492192581295967,-0.000870792951900512,0.01053923275321722,0,0,-0.0021424000151455402,-0.0010320193832740188,0.0011103806318715215,3.929611747111039e-09,0.10517925769090652,0.0001772448420524625,6.1913660864831854e-09
1,249,38,26,16,0.1,0.21071300506591797,2.1071300506591797,16,ok,,0.3325584828853607,1.901350498199463,0.012636322706217971,0.8622200510373034,5.717341749027577,0.40021395683288574,0.07007439728893701,-0.010492192581295967,-0.000870792951900512,0.008456501178443432,0,0,-0.0021424000151455402,-0.00036050425842404366,0.0017818957567214966,9.810682043229907e-10,0.21035902202129364,0.00035398304462433416,8.270244933328286e-09
1,249,38,26,16,0.2,0.42142601013183595,2.1071300506591797,16,ok,,0.3325584828853607,1.2962944507598877,0.02878818371437054,0.8159560195829845,3.8979443239848055,0.5457085371017456,0.14014879457787402,-0.010492192581295967,-0.000870792951900512,0.004323870874941349,0,0,-0.0021424000151455402,-0.00032020616345107555,0.0018221938516944647,2.200542681450937e-09,0.42071834206581116,0.0007076680660247914,1.1263002974715164e-08
1,249,38,26,16,0.4,0.8428520202636719,2.1071300506591797,16,ok,,0.3325584828853607,0.8986757397651672,0.04549321480420143,0.7668314115776884,2.702308875014491,0.7566393613815308,0.28029758915574804,-0.010492192581295967,-0.000870792951900512,0.0012356506194919348,0,0,-0.0021424000151455402,-0.00110091851092875,0.0010414815042167902,1.0883237955153571e-08,0.8414368033409119,0.001415216922760032,1.570943020112736e-08
1,249,42,23,2,0.02,0.027328381538391115,1.3664190769195557,2,ok,,1.6651073694229126,8.691102027893066,-0.0004389024313243131,0.8545058513989655,5.219544509553146,0.23777063190937042,0.04550468949397612,0.016228893771767616,-0.004329810384660959,-0.09138698875904083,1,0,-0.028069274500012398,-0.030566729605197906,-0.0024974551051855087,3.3912662192325804e-09,0.027292471379041672,3.591015934944347e-05,4.367565864527023e-09
1,249,42,23,2,0.05,0.06832095384597779,1.3664190769195557,2,ok,,1.6651073694229126,4.275620460510254,0.0026090668301422116,0.7717156712333988,2.567774630647101,0.292234867811203,0.1137617237349403,0.016228893771767616,-0.004329810384660959,-0.00038017085171304643,1,0,-0.028069274500012398,-0.02809526026248932,-2.598576247692108e-05,1.212726344796837e-08,0.0681426152586937,0.00017833858728409646,6.616703629447329e-09
1,249,42,23,2,0.1,0.13664190769195558,1.3664190769195557,2,ok,,1.6651073694229126,2.639773368835449,0.007016974374285004,0.7218615706701784,1.5853472378473392,0.3603017032146454,0.2275234474698806,0.016228893771767616,-0.004329810384660959,-0.0003901843447238207,1,0,-0.028069274500012398,-0.028122596442699432,-5.332194268703461e-05,6.409472436121283e-09,0.13628526031970978,0.00035664737224580523,8.17201772917997e-09
1,249,42,23,2,0.2,0.27328381538391117,1.3664190769195557,2,ok,,1.6651073694229126,1.7947955131530762,0.01695227482138614,0.7014260622041926,1.0778857544628082,0.4907477796077728,0.4550468949397612,0.016228893771767616,-0.004329810384660959,-0.002888877410441637,1,0,-0.028069274500012398,-0.028858765959739685,-0.0007894914597272873,8.018825403601632e-09,0.27257025241851807,0.0007135629653930997,1.115541259366637e-08
1,249,42,23,2,0.4,0.5465676307678223,1.3664190769195557,2,ok,,1.6651073694229126,1.7777191400527954,0.01842425237100504,0.7008042998666756,1.0676303358550647,0.9722161889076233,0.9100937898795224,0.016228893771767616,-0.004329810384660959,0.006992327515035868,0,0,-0.028069274500012398,-0.024247508496046066,0.0038217660039663315,1.3879479477188483e-08,0.545140266418457,0.001427364349365301,2.2081589889921815e-08
1,250,36,32,5,0.02,0.010896751880645752,0.5448375940322876,5,ok,,1.92225980758667,8.602778434753418,0.011042016862124776,0.8354714815038029,4.47534636098407,0.09373840689659119,0.020946388173409786,0.07122190296649933,-0.0010291868820786476,0.0014337809989228845,0,0,-0.07798125594854355,-0.07796566188335419,1.5594065189361572e-05,2.9490607085514553e-08,0.010896123945713043,6.279349327089484e-07,2.6022743959686068e-09
1,250,36,32,5,0.05,0.02724187970161438,0.5448375940322876,5,ok,,1.92225980758667,5.002782344818115,0.016852086438445053,0.7696837525043876,2.6025526440654922,0.13618206977844238,0.05236597043352447,0.07122190296649933,-0.0010291868820786476,-0.011443791911005974,1,0,-0.07798125594854355,-0.07829301804304123,-0.00031176209449768066,1.1691927748181102e-08,0.027210824191570282,3.105551004409929e-05,2.5371920120420555e-09
1,250,36,32,5,0.1,0.05448375940322876,0.5448375940322876,5,ok,,1.92225980758667,3.558027505874634,0.02168717769842765,0.7312863735131947,1.8509607763894111,0.19369444251060486,0.10473194086704894,0.07122190296649933,-0.0010291868820786476,-0.03738178312778473,1,0,-0.07798125594854355,-0.08001796901226044,-0.0020367130637168884,1.2985718988826889e-08,0.05442168191075325,6.207749247551242e-05,3.6121616808770796e-09
1,250,36,32,5,0.2,0.10896751880645753,0.5448375940322876,5,ok,,1.92225980758667,2.7545578479766846,0.028886923478363448,0.7075882207350191,1.432978953783309,0.29988375306129456,0.20946388173409788,0.07122190296649933,-0.0010291868820786476,-0.04340827465057373,1,0,-0.07798125594854355,-0.08271133899688721,-0.0047300830483436584,8.935998607739748e-09,0.10884326696395874,0.00012425184249878485,5.586086704312265e-09
1,250,36,32,5,0.4,0.21793503761291505,0.5448375940322876,5,ok,,1.92225980758667,2.5854735374450684,0.03552686509362954,0.7016162012361823,1.3450177375813184,0.5629074573516846,0.41892776346819577,0.07122190296649933,-0.0010291868820786476,-0.049382422119379044,1,0,-0.07798125594854355,-0.08874339610338211,-0.010762140154838562,1.9867165157796962e-08,0.21768644452095032,0.0002485930919647328,1.0498463431929395e-08
1,251,42,24,2,0.02,0.015200072526931762,0.7600036263465881,2,ok,,2.860485315322876,2.7149674892425537,0.015630620167290343,0.7022829108940725,0.9491282736877654,0.04126199334859848,0.04347958425513099,-0.029300007969141006,0.04905973747372627,0.023201843723654747,1,0,-0.004990884568542242,-0.004638216458261013,0.000352668110281229,1.5970768596496043e-09,0.015196415595710278,3.656931221484791e-06,3.4879024668477143e-10
1,251,42,24,2,0.05,0.03800018131732941,0.7600036263465881,2,ok,,2.860485315322876,1.6925214529037476,0.019614386338950587,0.7237647332106069,0.5916903134711996,0.0642944797873497,0.10869896063782747,-0.029300007969141006,0.04905973747372627,0.04886265844106674,1,0,-0.004990884568542242,-0.003134098369628191,0.001856786198914051,3.6814932213857787e-09,0.03794742375612259,5.275756120681763e-05,1.7936055973777343e-09
1,251,42,24,2,0.1,0.07600036263465881,0.7600036263465881,2,ok,,2.860485315322876,1.2720750570297241,0.021811360644309396,0.7511374188553918,0.44470602600723175,0.09658965468406677,0.21739792127565494,-0.029300007969141006,0.04905973747372627,0.039635900408029556,1,0,-0.004990884568542242,-0.0019785454496741295,0.0030123391188681126,3.685493354943503e-09,0.07589506357908249,0.00010529905557632446,2.7014490644461375e-09
1,251,42,24,2,0.2,0.15200072526931763,0.7600036263465881,2,ok,,2.860485315322876,0.9615393877029419,0.02832772430440894,0.7824003187375499,0.3361455423497157,0.14600570499897003,0.4347958425513099,-0.029300007969141006,0.04905973747372627,0.03553096204996109,1,0,-0.004990884568542242,0.0004098490171600133,0.005400733585702255,1.584591569070426e-09,0.15179014205932617,0.00021058320999145508,4.085695337607831e-09
1,251,42,24,2,0.4,0.30400145053863525,0.7600036263465881,2,ok,,2.860485315322876,0.727443277835846,0.03659467360684058,0.8150852855943509,0.25430764281112267,0.22136057913303375,0.8695916851026197,-0.029300007969141006,0.04905973747372627,0.0347013995051384,1,0,-0.004990884568542242,0.005558390635997057,0.010549275204539299,5.807434533267042e-10,0.30358025431632996,0.00042119622230529785,6.177544698005022e-09
1,253,42,25,2,0.02,0.009133835434913636,0.45669177174568176,2,ok,,1.99530029296875,10.133370399475098,0.017894763562243083,0.8485748318914952,5.078619210942363,0.09249040484428406,0.01822474451921153,0.017163682729005814,-0.0035790137480944395,0.012488916516304016,0,0,-0.09681855887174606,-0.09670451283454895,0.00011404603719711304,2.567102318275249e-08,0.009117884561419487,1.5950873494149226e-05,2.485053718359609e-09
1,253,42,25,2,0.05,0.02283458858728409,0.45669177174568176,2,ok,,1.99530029296875,6.393444061279297,0.021532244543307426,0.7934468788694582,3.2042515524134316,0.14601466059684753,0.04556186129802882,0.017163682729005814,-0.0035790137480944395,0.025596316903829575,0,0,-0.09681855887174606,-0.09623411297798157,0.0005844458937644958,3.547208419780578e-08,0.022786341607570648,4.8246979713440635e-05,3.897396183560886e-09
1,253,42,25,2,0.1,0.04566917717456818,0.45669177174568176,2,ok,,1.99530029296875,4.031777381896973,0.03130166333875043,0.7363706791094577,2.0206368916511237,0.18400290608406067,0.09112372259605764,0.017163682729005814,-0.0035790137480944395,0.05279774218797684,0,0,-0.09681855887174606,-0.0944073498249054,0.0024112090468406677,2.039555921937511e-08,0.04557276517152786,9.641200304031511e-05,4.908530026881408e-09
1,253,42,25,2,0.2,0.09133835434913636,0.45669177174568176,2,ok,,1.99530029296875,2.7680912017822266,0.039207877903154796,0.7020535747533251,1.3873055657513464,0.25259706377983093,0.18224744519211528,0.017163682729005814,-0.0035790137480944395,0.03826556354761124,0,0,-0.09681855887174606,-0.09332346171140671,0.0034950971603393555,1.644234175505674e-08,0.09114550054073334,0.0001928538084030179,6.735131119484095e-09
1,253,42,25,2,0.4,0.1826767086982727,0.45669177174568176,2,ok,,1.99530029296875,2.2384793758392334,0.04242393432469788,0.6923777375285415,1.1218759320220126,0.40900081396102905,0.36449489038423055,0.017163682729005814,-0.0035790137480944395,0.027303680777549744,0,0,-0.09681855887174606,-0.09183081984519958,0.004987739026546478,7.513244604587244e-09,0.1822906881570816,0.0003860205411911066,1.0901259450690759e-08
1,259,30,17,40,0.02,0.022607109546661376,1.1303554773330688,40,ok,,0.963601291179657,15.677867889404297,0.00802742662690627,0.9434015501634095,16.27007771045524,0.35435956716537476,0.021784239949002852,0.02309424616396427,0.016669999808073044,0.0023033113684505224,1,1,-0.13426274061203003,-0.1342107057571411,5.2034854888916016e-05,3.635753771546904e-08,0.02255929447710514,4.7815069556235434e-05,9.567170167201766e-09
1,259,30,17,40,0.05,0.056517773866653444,1.1303554773330688,40,ok,,0.963601291179657,8.180824279785156,0.008276195572067055,0.8998531938913642,8.489843625844008,0.4629148244857788,0.054460599872507134,0.02309424616396427,0.016669999808073044,0.054748184978961945,1,1,-0.13426274061203003,-0.13116855919361115,0.0030941814184188843,6.411983179957156e-08,0.05646456405520439,5.320981144905229e-05,7.414168390340592e-09
1,259,30,17,40,0.1,0.11303554773330689,1.1303554773330688,40,ok,,0.963601291179657,4.498437404632568,0.014385759023887619,0.8397470637743891,4.668359668884251,0.508461058139801,0.10892119974501427,0.02309424616396427,0.016669999808073044,0.028051098808646202,1,1,-0.13426274061203003,-0.13109207153320312,0.0031706690788269043,1.0223952953128043e-07,0.11292950809001923,0.00010603964328766147,8.18182144257662e-09
1,259,30,17,40,0.2,0.22607109546661378,1.1303554773330688,40,ok,,0.963601291179657,2.908418655395508,0.023829126088003482,0.7854756913358402,3.0182801559262695,0.6584509015083313,0.21784239949002854,0.02309424616396427,0.016669999808073044,0.0055076247081160545,1,1,-0.13426274061203003,-0.1330176740884781,0.001245066523551941,4.822763084440067e-08,0.22586026787757874,0.00021082758903503973,1.05884847556581e-08
1,259,30,17,40,0.4,0.45214219093322755,1.1303554773330688,40,ok,,0.963601291179657,2.002070665359497,0.03111170577482695,0.7386487571406134,2.0776961215010936,0.9047122001647949,0.4356847989800571,0.02309424616396427,0.016669999808073044,0.0014948636526241899,1,1,-0.13426274061203003,-0.13358692824840546,0.0006758123636245728,7.856341937564296e-08,0.45172086358070374,0.0004213273525238148,1.4479392795863077e-08
1,260,86,23,26,0.02,0.02895977973937988,1.4479889869689941,26,ok,,0.7649427056312561,7.314526081085205,0.0021090241814014517,0.910096822381705,9.56218815766006,0.2117346078157425,0.022152572268326478,0.017750917002558708,0.018119003623723984,0.03479786589741707,1,1,-0.061851732432842255,-0.06084402650594711,0.0010077059268951416,3.2604894535355824e-08,0.028947990387678146,1.178935170173534e-05,2.9588687056048e-09
1,260,86,23,26,0.05,0.0723994493484497,1.4479889869689941,26,ok,,0.7649427056312561,4.055754661560059,-0.006470939187183147,0.8570357079457315,5.3020371744153225,0.29375985264778137,0.0553814306708162,0.017750917002558708,0.018119003623723984,0.046309567987918854,1,1,-0.061851732432842255,-0.05849897116422653,0.0033527612686157227,2.5953274196410803e-08,0.07228826731443405,0.00011118203401565274,7.785359912304557e-09
1,260,86,23,26,0.1,0.1447988986968994,1.4479889869689941,26,ok,,0.7649427056312561,2.755415916442871,0.0011687945607655552,0.8111070473836995,3.6021206505465115,0.3984920382499695,0.1107628613416324,0.017750917002558708,0.018119003623723984,0.024224376305937767,1,1,-0.061851732432842255,-0.058344122022390366,0.003507610410451889,5.260026716405117e-08,0.14457683265209198,0.00022206604480742853,1.0529819682858488e-08
1,260,86,23,26,0.2,0.2895977973937988,1.4479889869689941,26,ok,,0.7649427056312561,2.181771993637085,0.0072211902802736755,0.7830399932486068,2.8522031487753874,0.6324312686920166,0.2215257226832648,0.017750917002558708,0.018119003623723984,0.025390297174453735,1,1,-0.061851732432842255,-0.05449880287051201,0.007352929562330246,4.457456554904371e-08,0.28915414214134216,0.00044365525245665394,1.6729886809230265e-08
1,260,86,23,26,0.4,0.5791955947875976,1.4479889869689941,26,ok,,0.7649427056312561,1.3394936323165894,0.01337732401647762,0.7279549538959289,1.7511032165597862,0.7748172879219055,0.4430514453665296,0.017750917002558708,0.018119003623723984,0.020765919238328934,1,1,-0.061851732432842255,-0.04982422664761543,0.012027505785226822,2.3159328321406547e-08,0.5783084630966187,0.0008871316909789817,2.0496871755426582e-08
1,260,36,33,10,0.02,0.01704071044921875,0.8520355224609375,10,ok,,1.0700098276138306,4.255040645599365,0.004824628360943215,0.8230316701267575,3.9766369763951777,0.07253755629062653,0.018233727650185754,-0.023232748731970787,-0.043209195137023926,-0.005622455850243568,1,0,-0.003283195197582245,-0.0033790026791393757,-9.580748155713081e-05,3.16060038584769e-09,0.017000503838062286,4.020661115646321e-05,1.6298867810959905e-09
1,260,36,33,10,0.05,0.04260177612304688,0.8520355224609375,10,ok,,1.0700098276138306,2.5926461219787598,0.00833398625529546,0.7638770710814675,2.4230115042569773,0.11042916774749756,0.045584319125464394,-0.023232748731970787,-0.043209195137023926,-0.023184239864349365,1,0,-0.003283195197582245,-0.004270873963832855,-0.0009876787662506104,1.103003342004319e-08,0.04258856177330017,1.3214349746708265e-05,3.098952428004509e-09
1,260,36,33,10,0.1,0.08520355224609376,0.8520355224609375,10,ok,,1.0700098276138306,1.8202379941940308,0.015283306409441207,0.7250010682543728,1.701141379468954,0.15505723655223846,0.09116863825092879,-0.023232748731970787,-0.043209195137023926,-0.021121034398674965,1,0,-0.003283195197582245,-0.00508277490735054,-0.0017995797097682953,7.448110750547798e-09,0.08517720550298691,2.6346743106850368e-05,4.362187944195739e-09
1,260,36,33,10,0.2,0.17040710449218752,0.8520355224609375,10,ok,,1.0700098276138306,1.3473358154296875,0.01924724170336502,0.7049319304776387,1.259180785687779,0.2295430302619934,0.18233727650185758,-0.023232748731970787,-0.043209195137023926,-0.02127024345099926,1,0,-0.003283195197582245,-0.00690779834985733,-0.0036246031522750854,2.553946387272993e-09,0.170354425907135,5.267858505250689e-05,6.448132250369554e-09
1,260,36,33,10,0.4,0.34081420898437503,0.8520355224609375,10,ok,,1.0700098276138306,1.099195957183838,0.023310667961490113,0.6988380312666985,1.0272765060803846,0.37456217408180237,0.36467455300371515,-0.023232748731970787,-0.043209195137023926,-0.011618856340646744,1,0,-0.003283195197582245,-0.007243062369525433,-0.003959867171943188,4.161097422357429e-09,0.34070885181427,0.00010535717010501378,1.0559078944538669e-08
1,264,45,39,19,0.02,0.014904528856277466,0.7452264428138733,19,ok,,1.2812813520431519,5.694540023803711,0.00035788471834812024,0.8359218640338635,4.444410288746231,0.08490455895662308,0.019096894884537363,0.018636608496308327,0.006248035933822393,-0.03175095096230507,0,1,-0.0606859065592289,-0.0611591562628746,-0.0004732497036457062,1.673881377950437e-08,0.01489951740950346,5.01144677400589e-06,9.316190041630534e-10
1,264,45,39,19,0.05,0.037261322140693665,0.7452264428138733,19,ok,,1.2812813520431519,3.5840556621551514,0.009480472412334722,0.7801864117927297,2.797243288085916,0.13341650366783142,0.04774223721134341,0.018636608496308327,0.006248035933822393,-0.028953617438673973,0,1,-0.0606859065592289,-0.06176475062966347,-0.0010788440704345703,5.996086266391032e-09,0.03720726817846298,5.405396223068237e-05,3.6580789508633416e-09
1,264,45,39,19,0.1,0.07452264428138733,0.7452264428138733,19,ok,,1.2812813520431519,2.783734083175659,0.008042395358560949,0.7503071643688014,2.172617340238738,0.2072136402130127,0.09548447442268682,0.018636608496308327,0.006248035933822393,-0.03655102476477623,0,1,-0.0606859065592289,-0.06340975314378738,-0.002723846584558487,3.243210711101341e-08,0.07441460341215134,0.00010804086923599243,5.6658095992645485e-09
1,264,45,39,19,0.2,0.14904528856277466,0.7452264428138733,19,ok,,1.2812813520431519,2.170719861984253,0.012971080927877156,0.7264999014933067,1.6941789237165543,0.3239421546459198,0.19096894884537363,0.018636608496308327,0.006248035933822393,-0.04008505120873451,0,1,-0.0606859065592289,-0.06666036695241928,-0.005974460393190384,2.7631269050587548e-08,0.14882931113243103,0.00021597743034362793,8.888448199684262e-09
1,264,45,39,19,0.4,0.2980905771255493,0.7452264428138733,19,ok,,1.2812813520431519,1.7839372158050537,0.023383644127855818,0.7076616005875204,1.3923071720032187,0.5311415195465088,0.38193789769074726,0.018636608496308327,0.006248035933822393,-0.0425594300031662,0,1,-0.0606859065592289,-0.07337246090173721,-0.012686554342508316,1.070926991530996e-08,0.2976588308811188,0.000431746244430542,1.4608801279791805e-08
1,266,42,26,13,0.02,0.007855249047279357,0.3927624523639679,13,ok,,1.7238699197769165,76.5069580078125,-0.0039949538088820185,0.9783053564424369,44.3809345067456,0.6010025143623352,0.013541427544961166,-0.05385537073016167,0.0751204714179039,-0.17767594754695892,0,0,-0.008607900701463223,-0.010003583505749702,-0.00139568280428648,6.013406226310428e-09,0.007854019291698933,1.2297555804247767e-06,3.84561138488948e-09
1,266,42,26,13,0.05,0.019638122618198396,0.3927624523639679,13,ok,,1.7238699197769165,36.744510650634766,-0.005229697449325061,0.9564649892879636,21.315129540266298,0.7213037610054016,0.03385356886240292,-0.05385537073016167,0.0751204714179039,-0.07650036364793777,0,0,-0.008607900701463223,-0.010110212489962578,-0.0015023117884993553,1.1733155613757873e-08,0.019617849960923195,2.0272657275201278e-05,2.051577574491148e-08
1,266,42,26,13,0.1,0.03927624523639679,0.3927624523639679,13,ok,,1.7238699197769165,29.370872497558594,0.011848599518235838,0.9455270757132171,17.037754508381003,1.1526809930801392,0.06770713772480584,-0.05385537073016167,0.0751204714179039,-0.0987493023276329,0,0,-0.008607900701463223,-0.012486389838159084,-0.003878489136695862,1.2678447336694071e-08,0.0392361618578434,4.008337855339328e-05,3.276646864946997e-08
1,266,42,26,13,0.2,0.07855249047279358,0.3927624523639679,13,ok,,1.7238699197769165,10.323497772216797,0.004802039566500716,0.8680935689653744,5.988559608689475,0.8103086352348328,0.13541427544961168,-0.05385537073016167,0.0751204714179039,0.0886748880147934,1,0,-0.008607900701463223,-0.001642261166125536,0.0069656395353376865,6.239379590246286e-09,0.07847205549478531,8.043497800827581e-05,2.3038936092234508e-08
1,266,42,26,13,0.4,0.15710498094558717,0.3927624523639679,13,ok,,1.7238699197769165,7.5207109451293945,0.007564174098490817,0.8332799456962948,4.362690513271602,1.1805751323699951,0.27082855089922336,-0.05385537073016167,0.0751204714179039,0.01658499613404274,1,0,-0.008607900701463223,-0.006002302281558514,0.002605598419904709,1.2918283287272764e-08,0.15694420039653778,0.00016078054904938854,3.361298794857248e-08
1,267,42,27,1,0.02,0.02178537130355835,1.0892685651779175,1,ok,,1.316965937614441,1.5462688207626343,0.03302647928942187,0.698309981524872,1.174114513213895,0.03368394449353218,0.028690591945069458,-0.22876307368278503,0.24950101971626282,0.01559334248304367,1,0,-0.03172757476568222,-0.03138786926865578,0.0003397054970264435,1.258830213408512e-09,0.021782154217362404,3.2170861959460173e-06,9.357561392420166e-10
1,267,42,27,1,0.05,0.05446342825889588,1.0892685651779175,1,ok,,1.316965937614441,0.9984366297721863,0.04205150871233524,0.6983437088733693,0.7581339814908209,0.054334189742803574,0.07172647986267365,-0.22876307368278503,0.24950101971626282,0.016765745356678963,1,0,-0.03172757476568222,-0.030814453959465027,0.0009131208062171936,8.367767922795241e-10,0.05439233407378197,7.109418511391102e-05,1.0162126695689722e-09
1,267,42,27,1,0.1,0.10892685651779176,1.0892685651779175,1,ok,,1.316965937614441,0.7618388533592224,0.05816137237807964,0.7123680241713093,0.5784803020332043,0.08309520781040192,0.1434529597253473,-0.22876307368278503,0.24950101971626282,0.021569794043898582,1,0,-0.03172757476568222,-0.029378049075603485,0.0023495256900787354,4.1708593245814995e-09,0.10878446698188782,0.000142389535903939,1.5509731277063565e-09
1,267,42,27,1,0.2,0.2178537130355835,1.0892685651779175,1,ok,,1.316965937614441,0.670296311378479,0.06583467655249903,0.7226706627398141,0.5089701200565204,0.14588621258735657,0.2869059194506946,-0.22876307368278503,0.24950101971626282,0.024638433009386063,1,0,-0.03172757476568222,-0.02635999768972397,0.005367577075958252,2.9614850120818215e-09,0.21756808459758759,0.0002856284379959273,2.720859093585659e-09
1,267,42,27,1,0.4,0.435707426071167,1.0892685651779175,1,ok,,1.316965937614441,0.6104629635810852,0.06640260028627977,0.7342565492764187,0.4635373976994557,0.2657468616962433,0.5738118389013892,-0.22876307368278503,0.24950101971626282,0.021225865930318832,1,0,-0.03172757476568222,-0.022479308769106865,0.009248265996575356,1.4140555393282739e-09,0.4351382255554199,0.0005692005157471036,4.965492461650456e-09
1,268,38,27,19,0.02,0.028221280574798585,1.4110640287399292,19,ok,,0.7129042148590088,4.672487258911133,0.020390758050433243,0.8749818100067487,6.554158555267705,0.1318192034959793,0.02011906987049258,-0.007349746767431498,0.006943501532077789,0.0026131251361221075,1,0,-0.010844865813851357,-0.010771123692393303,7.374212145805359e-05,3.6161855071525136e-09,0.028194965794682503,2.6314780116082348e-05,2.126861131657165e-09
1,268,38,27,19,0.05,0.07055320143699646,1.4110640287399292,19,ok,,0.7129042148590088,2.7618837356567383,0.030165394573019977,0.8148781174443085,3.8741301819895715,0.19461782276630402,0.05029767467623145,-0.007349746767431498,0.006943501532077789,-0.009365720674395561,0,0,-0.010844865813851357,-0.01150564569979906,-0.0006607798859477043,1.6913955680920162e-09,0.07040102779865265,0.0001521736383438138,4.868791592116395e-09
1,268,38,27,19,0.1,0.14110640287399293,1.4110640287399292,19,ok,,0.7129042148590088,1.8795655965805054,0.03456119638080125,0.7667280400478704,2.6364910704723368,0.2649073302745819,0.1005953493524629,-0.007349746767431498,0.006943501532077789,-0.0014787249965593219,0,0,-0.010844865813851357,-0.01105351559817791,-0.00020864978432655334,7.780777790133715e-09,0.1408023089170456,0.0003040939569473322,6.642771666065528e-09
1,268,38,27,19,0.2,0.28221280574798585,1.4110640287399292,19,ok,,0.7129042148590088,1.3828608989715576,0.04798123631243776,0.7266159788380879,1.9397569408999868,0.3896942734718323,0.2011906987049258,-0.007349746767431498,0.006943501532077789,-0.006940300576388836,0,0,-0.010844865813851357,-0.012803509831428528,-0.0019586440175771713,2.3191801144448188e-09,0.2816045582294464,0.0006082475185394398,9.774806741802422e-09
1,268,38,27,19,0.4,0.5644256114959717,1.4110640287399292,19,ok,,0.7129042148590088,0.9965585470199585,0.07704818323508601,0.6895980498758415,1.3978856152725232,0.5616443157196045,0.4023813974098516,-0.007349746767431498,0.006943501532077789,-0.0011071456829085946,0,0,-0.010844865813851357,-0.011469763703644276,-0.0006248978897929192,3.4892978895790724e-09,0.5632091164588928,0.0012164950370788796,1.4094927003327484e-08
1,268,45,40,4,0.02,0.025804827213287355,1.2902413606643677,4,ok,,0.6111559867858887,2.959432601928711,0.041292313992236686,0.8394525583168846,4.842352305976299,0.07641670107841492,0.015770774639375987,0.033961713314056396,-0.018489282578229904,-0.03687865287065506,1,0,-0.04110915958881378,-0.042060818523168564,-0.0009516589343547821,1.1669168724511535e-08,0.025756368413567543,4.845879971981243e-05,1.6667385249746758e-09
1,268,45,40,4,0.05,0.06451206803321839,1.2902413606643677,4,ok,,0.6111559867858887,2.038538694381714,0.07079362610556117,0.7871234633161276,3.335545651936085,0.1314464807510376,0.039426936598439974,0.033961713314056396,-0.018489282578229904,-0.0412890687584877,1,0,-0.04110915958881378,-0.043772801756858826,-0.002663642168045044,1.0447307467915945e-09,0.06434346735477448,0.00016860067844391702,1.9622943270292126e-09
1,268,45,40,4,0.1,0.12902413606643678,1.2902413606643677,4,ok,,0.6111559867858887,1.5798311233520508,0.08135554129849988,0.7519885379944,2.5849883785936654,0.20387884974479675,0.07885387319687995,0.033961713314056396,-0.018489282578229904,-0.03493526950478554,1,0,-0.04110915958881378,-0.045616649091243744,-0.004507489502429962,3.4636731269591103e-09,0.12868739664554596,0.00033673942089082476,3.03860225869812e-09
1,268,45,40,4,0.2,0.25804827213287357,1.2902413606643677,4,ok,,0.6111559867858887,1.3250213861465454,0.0971198674375842,0.7257755944168316,2.168057606884874,0.34199756383895874,0.1577077463937599,0.033961713314056396,-0.018489282578229904,-0.0325624942779541,1,0,-0.04110915958881378,-0.04951183870434761,-0.008402679115533829,1.6269228809637215e-08,0.25737419724464417,0.0006740748882294034,5.087382959345632e-09
1,268,45,40,4,0.4,0.5160965442657471,1.2902413606643677,4,ok,,0.6111559867858887,1.1094375848770142,0.10664455274173171,0.7027388239137322,1.8153100171853136,0.5726982355117798,0.3154154927875198,0.033961713314056396,-0.018489282578229904,-0.02875891886651516,1,0,-0.04110915958881378,-0.0559515580534935,-0.014842398464679718,1.9820852245958087e-08,0.514748215675354,0.001348328590393133,8.558491693122505e-09
1,271,42,28,4,0.02,0.006106523871421814,0.3053261935710907,4,ok,,4.316871166229248,14.5659818649292,0.01607800953902246,0.8011889228979229,3.3741988824857825,0.08893126249313354,0.026361076826431427,-0.0077032968401908875,0.03857440501451492,0.0527624674141407,1,0,-0.028209606185555458,-0.027887409552931786,0.0003221966326236725,1.365844106706541e-09,0.006094218231737614,1.2305639684200356e-05,2.161118173304999e-09
1,271,42,28,4,0.05,0.015266309678554536,0.3053261935710907,4,ok,,4.316871166229248,8.288668632507324,0.02652677219095994,0.7334701103237221,1.9200639336534773,0.12659001350402832,0.06590269206607857,-0.0077032968401908875,0.03857440501451492,0.05675353482365608,1,0,-0.028209606185555458,-0.02734319306910038,0.0008664131164550781,3.921515484626818e-09,0.01526329480111599,3.014877438546268e-06,9.72281477551462e-10
1,271,42,28,4,0.1,0.030532619357109072,0.3053261935710907,4,ok,,4.316871166229248,6.108693599700928,0.0345396171387842,0.7064855122078115,1.4150743361274334,0.18650458753108978,0.13180538413215714,-0.0077032968401908875,0.03857440501451492,0.04218653589487076,1,0,-0.028209606185555458,-0.02692153863608837,0.0012880675494670868,2.106993979246116e-09,0.030526425689458847,6.19366765022486e-06,1.4509702328524554e-09
1,271,42,28,4,0.2,0.061065238714218144,0.3053261935710907,4,ok,,4.316871166229248,4.787199020385742,0.038752543049288775,0.694065701515258,1.108951098155244,0.29228806495666504,0.2636107682643143,-0.0077032968401908875,0.03857440501451492,0.040748678147792816,1,0,-0.028209606185555458,-0.02572127990424633,0.002488326281309128,1.4770746847858618e-09,0.06105242669582367,1.2812018394474378e-05,2.2616672978870156e-09
1,271,42,28,4,0.4,0.12213047742843629,0.3053261935710907,4,ok,,4.316871166229248,4.572866439819336,0.01950738625137767,0.7002408554656689,1.0593011150278637,0.5583966970443726,0.5272215365286286,-0.0077032968401908875,0.03857440501451492,0.04195929318666458,1,0,-0.028209606185555458,-0.023085106164216995,0.005124500021338463,8.488108616151735e-09,0.12210443615913391,2.604126930237649e-05,4.308394974117391e-09
1,272,38,28,4,0.02,0.02673701524734497,1.3368507623672485,4,ok,,0.8478714823722839,3.240485668182373,0.04025118168875361,0.8111088686804443,3.8219066633918426,0.08672937750816345,0.022669552751976737,0.002932097529992461,-0.007843931205570698,0.013027923181653023,0,0,-0.04349786788225174,-0.043149545788764954,0.0003483220934867859,5.687262309966162e-09,0.026695875450968742,4.1139796376227916e-05,1.7176061684054389e-09
1,272,38,28,4,0.05,0.06684253811836242,1.3368507623672485,4,ok,,0.8478714823722839,2.020753860473633,0.05575796937595043,0.7479029005984338,2.383325660178267,0.13498865067958832,0.056673881879941844,0.002932097529992461,-0.007843931205570698,-0.0013766777701675892,1,0,-0.04349786788225174,-0.04358990117907524,-9.203329682350159e-05,1.2660494372315821e-08,0.06666381657123566,0.00017872154712676724,2.7653921375048185e-09
1,272,38,28,4,0.1,0.13368507623672485,1.3368507623672485,4,ok,,0.8478714823722839,1.477900505065918,0.07606711869120181,0.7082406169410833,1.7430713684686208,0.1976148933172226,0.11334776375988369,0.002932097529992461,-0.007843931205570698,-0.0014020008966326714,1,0,-0.04349786788225174,-0.04368528723716736,-0.0001874193549156189,7.2418346763638945e-09,0.13332761824131012,0.00035745799541472834,4.047568058496154e-09
1,272,38,28,4,0.2,0.2673701524734497,1.3368507623672485,4,ok,,0.8478714823722839,1.1310231685638428,0.10846622807140971,0.6768624047043322,1.3339559026068275,0.3025263845920563,0.22669552751976738,0.002932097529992461,-0.007843931205570698,-0.003943562973290682,1,0,-0.04349786788225174,-0.0445522740483284,-0.0010544061660766602,1.5132619279835044e-08,0.266654908657074,0.0007152438163757213,6.177588662836797e-09
1,272,38,28,4,0.4,0.5347403049468994,1.3368507623672485,4,ok,,0.8478714823722839,0.9491930603981018,0.12708776008565492,0.6617533683537203,1.119501103800788,0.5070806741714478,0.45339105503953475,0.002932097529992461,-0.007843931205570698,-0.003984474577009678,1,0,-0.04349786788225174,-0.04562852159142494,-0.0021306537091732025,5.441190120431677e-09,0.5333097577095032,0.001430547237396218,1.0372101399980238e-08
1,274,45,41,6,0.02,0.016256804466247558,0.8128402233123779,6,ok,,0.8780756592750549,17.657913208007812,0.009908191760346963,0.9533230749355762,20.109785553748516,0.2871217131614685,0.014274704299405982,0.03472438082098961,0.005815367214381695,0.042123857885599136,1,1,-0.1279323250055313,-0.12724752724170685,0.0006847977638244629,1.5571857225980118e-09,0.016220184043049812,3.6620423197745305e-05,4.704740597105683e-09
1,274,45,41,6,0.05,0.0406420111656189,0.8128402233123779,6,ok,,0.8780756592750549,9.197404861450195,0.02089780413650247,0.9151700949947699,10.474501558365892,0.37364646792411804,0.035686760748514956,0.03472438082098961,0.005815367214381695,0.015944350510835648,1,1,-0.1279323250055313,-0.12728431820869446,0.000648006796836853,3.6746530707610497e-09,0.04061373323202133,2.8277933597567473e-05,1.063401278145193e-08
1,274,45,41,6,0.1,0.0812840223312378,0.8128402233123779,6,ok,,0.8780756592750549,5.717254638671875,0.027423122871438325,0.8730200963510342,6.511118464877579,0.4650866687297821,0.07137352149702991,0.03472438082098961,0.005815367214381695,0.01243906281888485,1,1,-0.1279323250055313,-0.12692123651504517,0.001011088490486145,8.569463760994822e-09,0.08122743666172028,5.658566951752264e-05,1.3257059450211273e-08
1,274,45,41,6,0.2,0.1625680446624756,0.8128402233123779,6,ok,,0.8780756592750549,3.3854312896728516,0.031916053974060304,0.8139838601759704,3.855512055150271,0.5500682592391968,0.14274704299405983,0.03472438082098961,0.005815367214381695,0.0285780131816864,1,1,-0.1279323250055313,-0.12328638881444931,0.004645936191082001,6.446779678929287e-08,0.1624545007944107,0.00011354386806489147,1.5721088431064345e-08
1,274,45,41,6,0.4,0.3251360893249512,0.8128402233123779,6,ok,,0.8780756592750549,2.091660737991333,0.040042252013946525,0.7528992556563028,2.3820962532042396,0.6811957955360413,0.28549408598811965,0.03472438082098961,0.005815367214381695,0.028876522555947304,1,1,-0.1279323250055313,-0.11854355037212372,0.009388774633407593,2.4983736857109307e-08,0.3249095678329468,0.00022652149200441674,1.940526139776466e-08
1,275,42,29,4,0.02,0.0169599974155426,0.8479998707771301,4,ok,,0.7826738357543945,10.748172760009766,0.03284882455104035,0.9323761395797989,13.73263327454432,0.18206819891929626,0.013274146231607345,0.002459647599607706,-0.005557461641728878,-0.06333012133836746,1,0,-0.05901964008808136,-0.060093678534030914,-0.0010740384459495544,4.02482751571398e-08,0.016918670386075974,4.132702946662778e-05,4.00842337100471e-09
1,275,42,29,4,0.05,0.04239999353885651,0.8479998707771301,4,ok,,0.7826738357543945,5.451902866363525,0.05144101865946129,0.8770654817967893,6.96574053877966,0.23110564053058624,0.03318536557901837,0.002459647599607706,-0.005557461641728878,-0.03201645612716675,1,0,-0.05901964008808136,-0.06037710979580879,-0.0013574697077274323,2.782520152093057e-08,0.042383912950754166,1.608058810234625e-05,6.502749450021383e-09
1,275,42,29,4,0.1,0.08479998707771302,0.8479998707771301,4,ok,,0.7826738357543945,3.2846217155456543,0.05154416058725371,0.820627822405108,4.196667328703424,0.27847740054130554,0.06637073115803674,0.002459647599607706,-0.005557461641728878,-0.03421194106340408,1,0,-0.05901964008808136,-0.061920784413814545,-0.002901144325733185,2.7834346960978196e-08,0.08476848155260086,3.15055251121632e-05,7.8633046740606e-09
1,275,42,29,4,0.2,0.16959997415542605,0.8479998707771301,4,ok,,0.7826738357543945,2.5696890354156494,0.06880714894343805,0.7860493147307818,3.283218267971772,0.43570032715797424,0.13274146231607348,0.002459647599607706,-0.005557461641728878,-0.04432651773095131,1,0,-0.05901964008808136,-0.06653738766908646,-0.0075177475810050964,2.868056428028537e-08,0.1695370376110077,6.293654441835717e-05,1.2277426186813045e-08
1,275,42,29,4,0.4,0.3391999483108521,0.8479998707771301,4,ok,,0.7826738357543945,4.651133060455322,0.03126136650022658,0.8636469299904803,5.942619834693081,1.5772223472595215,0.26548292463214695,0.002459647599607706,-0.005557461641728878,-0.04753106087446213,1,0,-0.05901964008808136,-0.07514216750860214,-0.016122527420520782,5.971256735598507e-09,0.3390742838382721,0.00012566447258000046,4.4430802148553994e-08
1,275,38,29,3,0.02,0.015637845993041993,0.7818922996520996,3,ok,,1.133271336555481,18.51258659362793,0.002935836903329084,0.9439118785160819,16.33552883273271,0.28949862718582153,0.017721922629383473,0.01957031525671482,-0.001643556635826826,0.010792028158903122,0,0,-0.1153545081615448,-0.11518580466508865,0.00016870349645614624,6.057784535329564e-08,0.0156375952064991,2.507865428935663e-07,7.256700795821303e-10
1,275,38,29,3,0.05,0.03909461498260498,0.7818922996520996,3,ok,,1.133271336555481,9.110198974609375,0.015397139698203673,0.8945236849765904,8.038850609503024,0.35634711384773254,0.04430480657345868,0.01957031525671482,-0.001643556635826826,-0.042021192610263824,1,0,-0.1153545081615448,-0.11699733138084412,-0.0016428232192993164,2.087309116651989e-08,0.03904982656240463,4.4788420200350676e-05,1.0111688375502581e-08
1,275,38,29,3,0.1,0.07818922996520997,0.7818922996520996,3,ok,,1.133271336555481,5.6628098487854,0.015923481643519786,0.8461583379699961,4.996870269385104,0.44255247712135315,0.08860961314691736,0.01957031525671482,-0.001643556635826826,-0.018209589645266533,1,0,-0.1153545081615448,-0.11677834391593933,-0.0014238357543945312,4.196204868018964e-08,0.07809969782829285,8.953213691711981e-05,1.2536676585739315e-08
1,275,38,29,3,0.2,0.15637845993041993,0.7818922996520996,3,ok,,1.133271336555481,3.850221872329712,0.02422926679817399,0.800271290907238,3.397440443547141,0.6015934348106384,0.17721922629383471,0.01957031525671482,-0.001643556635826826,-0.006947667337954044,1,0,-0.1153545081615448,-0.11644098162651062,-0.0010864734649658203,7.946547686370209e-09,0.15619949996471405,0.00017895996570588268,1.7094377469106803e-08
1,275,38,29,3,0.4,0.31275691986083987,0.7818922996520996,3,ok,,1.133271336555481,2.7572507858276367,0.03553936634663143,0.7552786771319907,2.433001433006965,0.8615875244140625,0.35443845258766943,0.01957031525671482,-0.001643556635826826,0.009962053038179874,0,0,-0.1153545081615448,-0.1122388169169426,0.0031156912446022034,9.779109255876606e-09,0.3123989999294281,0.00035791993141176537,2.443424662601501e-08
1,275,36,34,15,0.02,0.0181781005859375,0.908905029296875,15,ok,,0.8427925109863281,60.97249984741211,0.019258359998583885,0.9862008769411413,72.34580166829326,1.106945276260376,0.015320367037784307,0.016472047194838524,0.005385459866374731,0.15608978271484375,1,1,-0.09500577300786972,-0.09216835349798203,0.0028374195098876953,3.739260137202577e-09,0.018144814297556877,3.328628838062189e-05,2.9510362153928327e-08
1,275,36,34,15,0.05,0.04544525146484375,0.908905029296875,15,ok,,0.8427925109863281,24.042078018188477,0.017663692555346704,0.9661382347095334,28.52668682357331,1.092767596244812,0.038300917594460776,0.016472047194838524,0.005385459866374731,-0.0028715338557958603,0,1,-0.09500577300786972,-0.09513628482818604,-0.0001305118203163147,1.4242149859439559e-08,0.04533892497420311,0.00010632649064064303,2.9301974180384605e-08
1,275,36,34,15,0.1,0.0908905029296875,0.908905029296875,15,ok,,0.8427925109863281,16.913463592529297,0.011401621787927868,0.9531864164705387,20.06836009104452,1.537497639656067,0.07660183518892155,0.016472047194838524,0.005385459866374731,0.12849919497966766,1,1,-0.09500577300786972,-0.08332642167806625,0.011679351329803467,5.127958502271213e-09,0.09067794680595398,0.00021255612373352606,4.11977048031531e-08
1,275,36,34,15,0.2,0.181781005859375,0.908905029296875,15,ok,,0.8427925109863281,7.5591912269592285,0.01474114016284388,0.9038407939687817,8.969219740815763,1.374380350112915,0.1532036703778431,0.016472047194838524,0.005385459866374731,0.04443679749965668,1,1,-0.09500577300786972,-0.08692799508571625,0.008077777922153473,1.2175496522451312e-08,0.18135595321655273,0.00042505264282227673,3.678443860621883e-08
1,275,36,34,15,0.4,0.36356201171875,0.908905029296875,15,ok,,0.8427925109863281,3.9735896587371826,0.02031712158571877,0.8386502084435993,4.714789947625588,1.4418070316314697,0.3064073407556862,0.016472047194838524,0.005385459866374731,0.035248201340436935,1,1,-0.09500577300786972,-0.0821908488869667,0.012814924120903015,1.7132106221520726e-08,0.3627118468284607,0.0008501648902893288,3.8758621201395727e-08
1,276,42,30,1,0.02,0.016398949623107912,0.8199474811553955,1,ok,,1.1613231897354126,4.532893657684326,0.006708963136510921,0.8204520012150158,3.903214624271099,0.07435528188943863,0.019044480484618022,-0.1455346643924713,0.1220981702208519,0.05151433125138283,1,0,-0.035570599138736725,-0.03472581133246422,0.0008447878062725067,6.8832129861313984e-09,0.01636936515569687,2.9584467411043064e-05,1.3260038622675552e-09
1,276,42,30,1,0.05,0.04099737405776978,0.8199474811553955,1,ok,,1.1613231897354126,2.8286924362182617,0.006852328402513858,0.7633947171129403,2.43574954949474,0.11593662202358246,0.04761120121154505,-0.1455346643924713,0.1220981702208519,0.04129023104906082,1,0,-0.035570599138736725,-0.03387779742479324,0.0016928017139434814,1.0666693395092533e-08,0.04097096621990204,2.6407837867739592e-05,3.3048805914148716e-09
1,276,42,30,1,0.1,0.08199474811553956,0.8199474811553955,1,ok,,1.1613231897354126,1.8477352857589722,0.02339087523501114,0.7167157413260976,1.591060354334572,0.15143974125385284,0.0952224024230901,-0.1455346643924713,0.1220981702208519,0.038288094103336334,1,0,-0.035570599138736725,-0.03243115916848183,0.003139439970254898,1.73384277599338e-08,0.08194220811128616,5.2540004253393e-05,4.3060746079959245e-09
1,276,42,30,1,0.2,0.1639894962310791,0.8199474811553955,1,ok,,1.1613231897354126,1.2739018201828003,0.03722458392126058,0.6943648538278739,1.0969399659296735,0.2088065892457962,0.1904448048461802,-0.1455346643924713,0.1220981702208519,0.032732557505369186,1,0,-0.035570599138736725,-0.030202805995941162,0.005367793142795563,2.4728647575814056e-09,0.16388417780399323,0.00010531842708588757,5.940986369523671e-09
1,276,42,30,1,0.4,0.3279789924621582,0.8199474811553955,1,ok,,1.1613231897354126,1.021270990371704,0.039985756212441916,0.6939581986423442,0.8794029081633198,0.33532586693763733,0.3808896096923604,-0.1455346643924713,0.1220981702208519,0.027678579092025757,1,0,-0.035570599138736725,-0.02649259939789772,0.009077999740839005,7.257452238132456e-09,0.32776814699172974,0.000210845470428489,9.543070333961623e-09
1,280,42,31,4,0.02,0.010715134143829345,0.5357567071914673,4,ok,,1.73865807056427,2.451132297515869,0.07331618765099808,0.6915522676802467,1.4097839816882225,0.026259006932377815,0.01862995445634766,-0.012937573716044426,0.03470296040177345,0.030818581581115723,1,0,0.010467748157680035,0.010797977447509766,0.000330229289829731,4.05406552772547e-09,0.010712106712162495,3.027431666850766e-06,7.355679954024197e-10
1,280,42,31,4,0.05,0.026787835359573367,0.5357567071914673,4,ok,,1.73865807056427,1.8566503524780273,0.0894915955460368,0.6749934921288444,1.067863994600385,0.049687210470438004,0.04657488614086916,-0.012937573716044426,0.03470296040177345,0.032792799174785614,1,0,0.010467748157680035,0.011346196755766869,0.000878448598086834,4.928131235341568e-10,0.02675163932144642,3.619603812694827e-05,9.811325085706812e-10
1,280,42,31,4,0.1,0.053575670719146734,0.5357567071914673,4,ok,,1.73865807056427,1.7010517120361328,0.09288960772183948,0.6733612720175643,0.9783704690612854,0.0911017507314682,0.09314977228173832,-0.012937573716044426,0.03470296040177345,0.039674099534749985,1,0,0.010467748157680035,0.012593314051628113,0.002125565893948078,5.988043398803822e-10,0.05350333824753761,7.233247160912115e-05,1.7951813369165848e-09
1,280,42,31,4,0.2,0.10715134143829347,0.5357567071914673,4,ok,,1.73865807056427,1.727577567100525,0.0898866647730336,0.6744487684582775,0.9936269795353477,0.18498654663562775,0.18629954456347664,-0.012937573716044426,0.03470296040177345,0.04811950773000717,1,0,0.010467748157680035,0.015623828396201134,0.005156080238521099,1.0435900498796669e-08,0.1070060282945633,0.00014531314373017468,3.6448464246774392e-09
1,280,42,31,4,0.4,0.21430268287658694,0.5357567071914673,4,ok,,1.73865807056427,1.4364030361175537,0.14500653481070802,0.657451471582929,0.8261561375610516,0.3078993856906891,0.3725990891269533,-0.012937573716044426,0.03470296040177345,0.054976534098386765,1,0,0.010467748157680035,0.022249357774853706,0.011781609617173672,9.135366775547826e-09,0.21401214599609375,0.00029053688049318627,6.062709001497524e-09
1,281,30,18,22,0.02,0.04496716976165772,2.2483584880828857,22,ok,,0.667745053768158,3.930553436279297,0.0064951325193497444,0.8661305526341989,5.886308575545217,0.17675583064556122,0.03002660519030002,0.04873661696910858,0.005621232092380524,0.03047485463321209,1,1,-0.0979529619216919,-0.09658262133598328,0.0013703405857086182,2.7376044871123273e-08,0.04487214982509613,9.501993656158697e-05,4.777274131839704e-09
1,281,30,18,22,0.05,0.11241792440414429,2.2483584880828857,22,ok,,0.667745053768158,2.198056221008301,0.024570137230978496,0.7961209452535105,3.29175964479428,0.24747109413146973,0.07506651297575005,0.04873661696910858,0.005621232092380524,0.024769844487309456,1,1,-0.0979529619216919,-0.09516842663288116,0.00278453528881073,3.921626603444958e-08,0.11230241507291794,0.00011550933122635165,4.063348324478966e-09
1,281,30,18,22,0.1,0.22483584880828858,2.2483584880828857,22,ok,,0.667745053768158,1.4590251445770264,0.028045196079901233,0.746402252407445,2.1850032978026626,0.32851049304008484,0.1501330259515001,0.04873661696910858,0.005621232092380524,0.01656697690486908,1,1,-0.0979529619216919,-0.09422812610864639,0.0037248358130455017,1.4501548051357865e-08,0.22460496425628662,0.00023088455200195868,5.4115929515319294e-09
1,281,30,18,22,0.2,0.44967169761657716,2.2483584880828857,22,ok,,0.667745053768158,1.0974985361099243,0.03624024823969997,0.7164397281143116,1.6435891661270678,0.4943847954273224,0.3002660519030002,0.04873661696910858,0.005621232092380524,0.015005946159362793,1,1,-0.0979529619216919,-0.09120526164770126,0.006747700273990631,4.900983299228889e-08,0.4492100477218628,0.00046164989471436657,8.123275385685247e-09
1,281,30,18,22,0.4,0.8993433952331543,2.2483584880828857,22,ok,,0.667745053768158,0.8588494658470154,0.04544879634426709,0.6958945738177761,1.286193676762034,0.7717850208282471,0.6005321038060004,0.04873661696910858,0.005621232092380524,0.01621941477060318,1,1,-0.0979529619216919,-0.08336617797613144,0.014586783945560455,3.960292858061487e-08,0.8984200954437256,0.0009232997894287331,1.2736071752783573e-08
1,282,30,19,1,0.02,0.030635380744934083,1.531769037246704,1,ok,,0.9826449155807495,2.657163619995117,0.017132034779858214,0.7739673959196086,2.704093389036682,0.08139432221651077,0.03010370112588987,-0.42645421624183655,0.2036087065935135,0.030774647369980812,1,0,0.06305661052465439,0.06399937719106674,0.0009427666664123535,2.637305809296501e-08,0.030630432069301605,4.948675632478194e-06,5.81585946068941e-10
1,282,30,19,1,0.05,0.0765884518623352,1.531769037246704,1,ok,,0.9826449155807495,1.6220624446868896,0.026195364780405326,0.7197820270681696,1.650710667674487,0.12438099086284637,0.07525925281472468,-0.42645421624183655,0.2036087065935135,0.024992991238832474,1,0,0.06305661052465439,0.06497076898813248,0.0019141584634780884,1.6042912998059933e-08,0.07648028433322906,0.00010816752910614014,3.480737698069447e-09
1,282,30,19,1,0.1,0.1531769037246704,1.531769037246704,1,ok,,0.9826449155807495,1.1287585496902466,0.04086912725010352,0.693312050269617,1.148694235111362,0.17312555015087128,0.15051850562944935,-0.42645421624183655,0.2036087065935135,0.02724739909172058,1,0,0.06305661052465439,0.06723025441169739,0.004173643887042999,2.8340377156155228e-08,0.15296079218387604,0.00021611154079437256,4.8628869819822285e-09
1,282,30,19,1,0.2,0.3063538074493408,1.531769037246704,1,ok,,0.9826449155807495,0.832882821559906,0.05035836661159832,0.6913940579653094,0.847592867324632,0.2551593482494354,0.3010370112588987,-0.42645421624183655,0.2036087065935135,0.035331323742866516,1,0,0.06305661052465439,0.07388047128915787,0.010823860764503479,2.478634897329357e-08,0.30592140555381775,0.0004324018955230713,7.172503480035175e-09
1,282,30,19,1,0.4,0.6127076148986816,1.531769037246704,1,ok,,0.9826449155807495,0.661720335483551,0.06643156771607632,0.6968972705428522,0.6734073773656037,0.40502089262008667,0.6020740225177974,-0.42645421624183655,0.2036087065935135,0.04304381087422371,1,0,0.06305661052465439,0.08942984789609909,0.026373237371444702,3.33254508433356e-08,0.6118427515029907,0.000864863395690918,1.1370651975539658e-08
1,283,45,42,9,0.02,0.020032308101654052,1.0016154050827026,9,ok,,1.1325558423995972,2.089354991912842,0.019526212735428698,0.7315069436890665,1.8448141042513067,0.04190899059176445,0.022687707577277078,-0.058677054941654205,0.0020585181191563606,0.01661781407892704,1,0,0.0008693939307704568,0.0012022823793813586,0.00033288844861090183,4.7229941690994474e-09,0.020014792680740356,1.7515420913695456e-05,1.1944616407078001e-09
1,283,45,42,9,0.05,0.05008077025413513,1.0016154050827026,9,ok,,1.1325558423995972,1.3525177240371704,0.0349446983375514,0.6972426004640319,1.1942172504009478,0.06764348596334457,0.0567192689431927,-0.058677054941654205,0.0020585181191563606,0.005272398237138987,1,0,0.0008693939307704568,0.0011334409937262535,0.0002640470629557967,1.2981533320630297e-09,0.049980632960796356,0.00010013729333877702,1.5755967641695179e-09
1,283,45,42,9,0.1,0.10016154050827027,1.0016154050827026,9,ok,,1.1325558423995972,1.0237157344818115,0.046146419114643726,0.6912319286741788,0.9038986830988526,0.10257954150438309,0.1134385378863854,-0.058677054941654205,0.0020585181191563606,0.007792966905981302,1,0,0.0008693939307704568,0.0016499462071806192,0.0007805522764101624,3.2940228933192248e-09,0.09996160864830017,0.00019993185997009555,2.3880999400205383e-09
1,283,45,42,9,0.2,0.20032308101654053,1.0016154050827026,9,ok,,1.1325558423995972,0.8319172859191895,0.06512324669072245,0.6937127086604764,0.7345485800998864,0.1667960286140442,0.2268770757727708,-0.058677054941654205,0.0020585181191563606,0.010040868073701859,1,0,0.0008693939307704568,0.002880805404856801,0.0020114114740863442,6.154518228385086e-09,0.19992409646511078,0.0003989845514297541,3.8872003393919385e-09
1,283,45,42,9,0.4,0.40064616203308107,1.0016154050827026,9,ok,,1.1325558423995972,0.7600669264793396,0.09831012835685968,0.6881198815564346,0.6711076823093158,0.3047705292701721,0.4537541515455416,-0.058677054941654205,0.0020585181191563606,0.0035400795750319958,1,0,0.0008693939307704568,0.0022877126466482878,0.001418318715877831,5.791504387609586e-10,0.3998483717441559,0.000797790288925182,7.0971353238746815e-09
1,284,58,26,42,0.02,0.012711572647094728,0.6355786323547363,42,ok,,2.2743215560913086,4.623138427734375,0.014496942425601345,0.7429881544596643,2.03275496173802,0.05881449580192566,0.028910203683108194,0.010256906971335411,-0.0884794145822525,-0.02313707023859024,1,0,-0.029045745730400085,-0.029339849948883057,-0.0002941042184829712,4.330695801968432e-09,0.012687595561146736,2.397708594799146e-05,1.321061371406529e-09
1,284,58,26,42,0.05,0.031778931617736816,0.6355786323547363,42,ok,,2.2743215560913086,2.7872133255004883,0.018429818154685043,0.7041167866624176,1.2255141837944057,0.08856154978275299,0.07227550920777048,0.010256906971335411,-0.0884794145822525,-0.034285373985767365,1,0,-0.029045745730400085,-0.030135298147797585,-0.001089552417397499,1.3798473474935236e-10,0.031722407788038254,5.652382969856262e-05,9.58761181557577e-10
1,284,58,26,42,0.1,0.06355786323547363,0.6355786323547363,42,ok,,2.2743215560913086,1.862880825996399,0.02201292306676199,0.702209678277563,0.8190929822593607,0.11841348558664322,0.14455101841554097,0.010256906971335411,-0.0884794145822525,-0.0349716879427433,1,0,-0.029045745730400085,-0.03126847743988037,-0.0022227317094802856,5.950101744645053e-09,0.06344511359930038,0.00011274963617324829,1.2905517765560148e-09
1,284,58,26,42,0.2,0.12711572647094727,0.6355786323547363,42,ok,,2.2743215560913086,1.4093818664550781,0.025595791008252995,0.71846220321144,0.6196933158724698,0.17897813022136688,0.28910203683108193,0.010256906971335411,-0.0884794145822525,-0.041130855679512024,1,0,-0.029045745730400085,-0.03427412360906601,-0.005228377878665924,7.214069341898721e-10,0.12689059972763062,0.0002251267433166504,1.957201289926047e-09
1,284,58,26,42,0.4,0.25423145294189453,0.6355786323547363,42,ok,,2.2743215560913086,1.105251669883728,0.027700754661721946,0.7405682168709778,0.485969834354799,0.2810196578502655,0.5782040736621639,0.010256906971335411,-0.0884794145822525,-0.04215731844305992,1,0,-0.029045745730400085,-0.03976346552371979,-0.010717719793319702,3.4734064513486373e-09,0.25378116965293884,0.0004502832889556885,3.1148110757328595e-09
1,287,58,27,3,0.02,0.0395493221282959,1.977466106414795,3,ok,,0.41871437430381775,2.347360610961914,0.005652933845436284,0.8611877455005731,5.606114227292018,0.0927988588809967,0.016559869669089552,-0.009421679191291332,0.003209073329344392,0.004766816273331642,1,0,-0.008989357389509678,-0.008800836279988289,0.000188521109521389,3.24279900710254e-09,0.039505403488874435,4.391863942146412e-05,2.6411075548793406e-09
1,287,58,27,3,0.05,0.09887330532073975,1.977466106414795,3,ok,,0.41871437430381775,1.2975209951400757,0.008244016514109645,0.7926194425179697,3.0988212365393983,0.12817592918872833,0.04139967417272388,-0.009421679191291332,0.003209073329344392,0.006199708208441734,1,0,-0.008989357389509678,-0.008376365527510643,0.0006129918619990349,6.219406278830039e-09,0.09863360226154327,0.00023970305919647494,3.055031339016523e-09
1,287,58,27,3,0.1,0.1977466106414795,1.977466106414795,3,ok,,0.41871437430381775,0.9164375066757202,0.008891510410127144,0.7518853181726806,2.1886936845606537,0.181045264005661,0.08279934834544776,-0.009421679191291332,0.003209073329344392,0.007395223248749971,1,0,-0.008989357389509678,-0.007526983506977558,0.0014623738825321198,6.449845257926537e-09,0.1972673237323761,0.0004792869091033991,4.3188990161979746e-09
1,287,58,27,3,0.2,0.395493221282959,1.977466106414795,3,ok,,0.41871437430381775,0.6861252188682556,0.013728837958274787,0.7222282210157853,1.6386473953931346,0.2709907293319702,0.16559869669089552,-0.009421679191291332,0.003209073329344392,0.005006246268749237,1,0,-0.008989357389509678,-0.007009429857134819,0.001979927532374859,8.930988571083376e-09,0.3945346772670746,0.0009585440158844105,6.4457448267774e-09
1,287,58,27,3,0.4,0.790986442565918,1.977466106414795,3,ok,,0.41871437430381775,0.5522097945213318,0.021496570167438323,0.7071608418827181,1.3188221575582486,0.4371126890182495,0.33119739338179105,-0.009421679191291332,0.003209073329344392,0.0033904460724443197,1,0,-0.008989357389509678,-0.006307563278824091,0.002681794110685587,2.76686873412757e-09,0.789069652557373,0.001916790008544944,1.0398045091619679e-08
1,287,24,22,62,0.02,0.029315152168273927,1.4657576084136963,62,ok,,0.5870655179023743,29.058603286743164,0.00015332702212003216,0.9803987656404525,49.49805839478031,0.8515031337738037,0.017209914990054642,0.003441495355218649,-0.0063111609779298306,-0.16754594445228577,1,0,-0.021922465413808823,-0.02683410979807377,-0.004911644384264946,9.527469017715784e-09,0.0292974840849638,1.766808331012809e-05,1.0912425629783229e-08
1,287,24,22,62,0.05,0.07328788042068482,1.4657576084136963,62,ok,,0.5870655179023743,12.867759704589844,0.005457328180598049,0.9571258597416488,21.918779611763473,0.9440432786941528,0.043024787475136606,0.003441495355218649,-0.0063111609779298306,-0.034017324447631836,1,0,-0.021922465413808823,-0.02441553957760334,-0.0024930741637945175,1.6557444837070334e-08,0.07314509898424149,0.0001427814364433344,2.5402247416650425e-08
1,287,24,22,62,0.1,0.14657576084136964,1.4657576084136963,62,ok,,0.5870655179023743,6.821188449859619,0.0027094456374158987,0.9239621019174755,11.619126386813823,1.000685691833496,0.08604957495027321,0.003441495355218649,-0.0063111609779298306,-0.038464948534965515,1,0,-0.021922465413808823,-0.02756050042808056,-0.005638035014271736,5.917035039021412e-09,0.1462896168231964,0.0002861440181732289,2.6926368690283198e-08
1,287,24,22,62,0.2,0.2931515216827393,1.4657576084136963,62,ok,,0.5870655179023743,4.141887664794922,0.01281173621782166,0.8830533822036413,7.055239216888633,1.215254545211792,0.17209914990054642,0.003441495355218649,-0.0063111609779298306,-0.03836847096681595,1,0,-0.021922465413808823,-0.03317023441195488,-0.011247768998146057,6.650416040782092e-09,0.2925795316696167,0.0005719900131225808,3.273829918271076e-08
1,287,24,22,62,0.4,0.5863030433654786,1.4657576084136963,62,ok,,0.5870655179023743,2.3307788372039795,0.040711829948736865,0.8159927097871391,3.9702192789793607,1.3681405782699585,0.34419829980109284,0.003441495355218649,-0.0063111609779298306,-0.013707597739994526,1,0,-0.021922465413808823,-0.02995927631855011,-0.008036810904741287,4.6325527407187206e-09,0.5851601362228394,0.0011429071426392046,3.677737581142537e-08
1,287,86,24,27,0.02,0.03231041669845581,1.6155208349227905,27,ok,,0.6497129797935486,37.97667694091797,0.00015577466729526618,0.9833200910851863,58.451467220074484,1.2273343801498413,0.020992497111524955,-0.004006674978882074,0.004030310083180666,0.17420950531959534,1,0,-0.038428399711847305,-0.03279959410429001,0.005628805607557297,2.3897849317500164e-08,0.03222184255719185,8.857414126395985e-05,1.8706145965552423e-08
1,287,86,24,27,0.05,0.08077604174613953,1.6155208349227905,27,ok,,0.6497129797935486,19.832019805908203,-0.005691497540741259,0.9689788989034147,30.524278293131008,1.6008974313735962,0.052481242778812394,-0.004006674978882074,0.004030310083180666,0.1250859647989273,1,0,-0.038428399711847305,-0.028324445709586143,0.010103954002261162,4.887806869316447e-09,0.08070588856935501,7.015317678452093e-05,4.56100615053856e-08
1,287,86,24,27,0.1,0.16155208349227906,1.6155208349227905,27,ok,,0.6497129797935486,10.119990348815918,-0.0034109613127801443,0.9418182924874522,15.576093849958252,1.6338601112365723,0.10496248555762479,-0.004006674978882074,0.004030310083180666,0.07419072836637497,1,0,-0.038428399711847305,-0.026442721486091614,0.011985678225755692,1.1482358085179722e-08,0.1614118218421936,0.00014026165008546032,4.665835007244823e-08
1,287,86,24,27,0.2,0.3231041669845581,1.6155208349227905,27,ok,,0.6497129797935486,5.937185287475586,0.001789563830927298,0.9065633129508432,9.13816634747398,1.9215353727340698,0.20992497111524958,-0.004006674978882074,0.004030310083180666,0.014852715656161308,1,0,-0.038428399711847305,-0.03362942114472389,0.004798978567123413,4.247580908528503e-09,0.32282376289367676,0.00028040409088136986,5.480307763150449e-08
1,287,86,24,27,0.4,0.6462083339691163,1.6155208349227905,27,ok,,0.6497129797935486,3.0330886840820312,0.008636512603510081,0.8408264895297402,4.668351685141261,1.963465929031372,0.41984994223049915,-0.004006674978882074,0.004030310083180666,0.018141677603125572,1,0,-0.038428399711847305,-0.026705065742135048,0.011723333969712257,3.071039165157552e-08,0.6456475853919983,0.0005607485771179643,5.605674857633858e-08
1,288,40,24,44,0.02,0.012305902242660522,0.6152951121330261,44,ok,,2.6164863109588623,46.35586166381836,0.005921246453588691,0.947757418560291,17.71683706872238,0.5706546306610107,0.03219822476191922,0.014623635448515415,0.013476904481649399,0.2076176553964615,1,1,-0.01817912794649601,-0.015624193474650383,0.002554934471845627,1.190068639207037e-08,0.012279962189495564,2.5940053164958884e-05,1.3683846944445577e-08
1,288,40,24,44,0.05,0.030764755606651307,0.6152951121330261,44,ok,,2.6164863109588623,17.83668327331543,0.008576486309624981,0.8803225474833924,6.81703672539835,0.5487012267112732,0.08049556190479805,0.014623635448515415,0.013476904481649399,0.053161248564720154,1,1,-0.01817912794649601,-0.016543643549084663,0.0016354843974113464,8.422426711575046e-09,0.030760949477553368,3.8061290979392315e-06,3.4851412866743203e-09
1,288,40,24,44,0.1,0.061529511213302614,0.6152951121330261,44,ok,,2.6164863109588623,10.478494644165039,0.00771738948680676,0.823360197140982,4.004796279756184,0.6446778774261475,0.1609911238095961,0.014623635448515415,0.013476904481649399,0.004245128016918898,1,1,-0.01817912794649601,-0.017917919903993607,0.00026120804250240326,7.3905834868334165e-09,0.06152158975601196,7.921457290650802e-06,4.106202933229497e-09
1,288,40,24,44,0.2,0.12305902242660523,0.6152951121330261,44,ok,,2.6164863109588623,7.33271598815918,0.020522859568389326,0.7776496125242895,2.8025050073620146,0.9022688865661621,0.3219822476191922,0.014623635448515415,0.013476904481649399,-0.007624932564795017,0,1,-0.01817912794649601,-0.01911744475364685,-0.0009383168071508408,5.965837817246272e-11,0.1230430006980896,1.6021728515627776e-05,5.741541464487909e-09
1,288,40,24,44,0.4,0.24611804485321045,0.6152951121330261,44,ok,,2.6164863109588623,3.698438882827759,0.02814579292833793,0.7070307243826315,1.413513561044002,0.9101569056510925,0.6439644952383844,0.014623635448515415,0.013476904481649399,0.025465525686740875,1,1,-0.01817912794649601,-0.011911600828170776,0.0062675271183252335,1.725145359898761e-09,0.24608588218688965,3.216266632080633e-05,5.814066117437733e-09
1,288,36,35,13,0.02,0.02740670442581177,1.3703352212905884,13,ok,,1.2301115989685059,3.117750644683838,0.007635403611161387,0.768938755849708,2.5345266618863302,0.0855463296175003,0.03371330500369254,-0.015089178457856178,0.0032572781201452017,0.01686299964785576,1,0,-0.007929003797471523,-0.0074668461456894875,0.00046215765178203583,1.5952993149040938e-09,0.027372805401682854,3.389902412891457e-05,1.5618164539432655e-09
1,288,36,35,13,0.05,0.06851676106452942,1.3703352212905884,13,ok,,1.2301115989685059,1.8084982633590698,0.012491260613657736,0.7148469772521906,1.4701903996955172,0.12397439032793045,0.08428326250923135,-0.015089178457856178,0.0032572781201452017,0.00954046007245779,1,0,-0.007929003797471523,-0.007275326643139124,0.0006536771543323994,4.268897874082356e-09,0.0683509036898613,0.00016585737466812134,2.8421398567957112e-09
1,288,36,35,13,0.1,0.13703352212905884,1.3703352212905884,13,ok,,1.2301115989685059,1.3004717826843262,0.017735816619525537,0.7009891430552015,1.0571982117506757,0.17813840508460999,0.1685665250184627,-0.015089178457856178,0.0032572781201452017,0.006088747177273035,1,0,-0.007929003797471523,-0.007094639353454113,0.0008343644440174103,1.9729623212949576e-09,0.13670141994953156,0.0003321021795272827,4.093682726136194e-09
1,288,36,35,13,0.2,0.2740670442581177,1.3703352212905884,13,ok,,1.2301115989685059,1.0098158121109009,0.025722285839627365,0.7010560422624527,0.8209139828913473,0.2766401469707489,0.3371330500369254,-0.015089178457856178,0.0032572781201452017,0.010794484987854958,1,0,-0.007929003797471523,-0.004970595706254244,0.0029584080912172794,4.503692752066968e-09,0.2734014391899109,0.0006656050682067871,6.33695540486201e-09
1,288,36,35,13,0.4,0.5481340885162354,1.3703352212905884,13,ok,,1.2301115989685059,0.8643272519111633,0.04201497451492152,0.7027792853679148,0.70264133159563,0.47407540678977966,0.6742661000738508,-0.015089178457856178,0.0032572781201452017,0.010739883407950401,1,0,-0.007929003797471523,-0.0020421126391738653,0.005886891158297658,5.044289874689412e-09,0.5468026399612427,0.0013314485549926758,1.0879951162223733e-08
1,290,38,30,15,0.02,0.015199187994003296,0.7599593997001648,15,ok,,1.6999523639678955,4.483246326446533,0.017977823353508286,0.7709473373301164,2.6372776211090136,0.06813256442546844,0.02583789556079836,0.015308521687984467,-0.06513850390911102,-0.07180555164813995,1,0,-0.006793391890823841,-0.007884779945015907,-0.0010913880541920662,1.9756788737553682e-09,0.015195171348750591,4.016645252704482e-06,5.740772301976449e-10
1,290,38,30,15,0.05,0.03799796998500824,0.7599593997001648,15,ok,,1.6999523639678955,2.9316885471343994,0.04653001900746109,0.7169178097350988,1.7245709993248028,0.11150488257408142,0.0645947389019959,0.015308521687984467,-0.06513850390911102,-0.07878480851650238,1,0,-0.006793391890823841,-0.009787056595087051,-0.0029936647042632103,1.9149785312165546e-09,0.0379469059407711,5.106404423713823e-05,3.11400949470908e-09
1,290,38,30,15,0.1,0.07599593997001648,0.7599593997001648,15,ok,,1.6999523639678955,2.318286418914795,0.058812341741246645,0.6959200983282963,1.3637361069943563,0.1764056384563446,0.1291894778039918,0.015308521687984467,-0.06513850390911102,-0.08291087299585342,1,0,-0.006793391890823841,-0.013094293884932995,-0.006300901994109154,1.2267054616023343e-08,0.07589375972747803,0.00010218024253845492,4.9234030186084965e-09
1,290,38,30,15,0.2,0.15199187994003296,0.7599593997001648,15,ok,,1.6999523639678955,1.9249626398086548,0.06393466012590222,0.6854273930821095,1.1323626947489431,0.2922750413417816,0.2583789556079836,0.015308521687984467,-0.06513850390911102,-0.08643072098493576,1,0,-0.006793391890823841,-0.019930165261030197,-0.013136773370206356,5.60313351272157e-09,0.15178783237934113,0.00020404756069183905,8.162316156301586e-09
1,290,38,30,15,0.4,0.30398375988006593,0.7599593997001648,15,ok,,1.6999523639678955,1.6496132612228394,0.10709188711898683,0.668101041230459,0.9703879333250673,0.5019501447677612,0.5167579112159671,0.015308521687984467,-0.06513850390911102,-0.0842653289437294,1,0,-0.006793391890823841,-0.032408684492111206,-0.025615292601287365,1.081441956818363e-09,0.3035765588283539,0.00040720105171204724,1.3998699088801914e-08
1,291,86,25,4,0.02,0.034667880535125734,1.7333940267562866,4,ok,,1.1804934740066528,29.101343154907227,0.0045347488098453495,0.9616376870175378,24.651845855709126,1.008239984512329,0.0409252067293582,0.020407792180776596,0.005316541064530611,0.28276005387306213,1,1,-0.03055194951593876,-0.02074926532804966,0.009802684187889099,7.579887936065566e-09,0.03458212688565254,8.575364947319142e-05,2.4145563770616718e-08
1,291,86,25,4,0.05,0.08666970133781433,1.7333940267562866,4,ok,,1.1804934740066528,5.419155120849609,-0.0033996794153267054,0.841078529417189,4.59058456498886,0.4696240723133087,0.10231301682339548,0.020407792180776596,0.005316541064530611,-0.02616657316684723,0,1,-0.03055194951593876,-0.03281980752944946,-0.002267858013510704,8.932105988006256e-09,0.08665341138839722,1.6289949417117033e-05,1.3057447567632607e-08
1,291,86,25,4,0.1,0.17333940267562867,1.7333940267562866,4,ok,,1.1804934740066528,8.506693840026855,0.012562417255368701,0.8850657004980885,7.206049018761207,1.4745309352874756,0.20462603364679097,0.020407792180776596,0.005316541064530611,0.12329526245594025,1,1,-0.03055194951593876,-0.009180020540952682,0.021371928974986076,1.8281385294471875e-09,0.1733068823814392,3.2520294189458676e-05,4.102695427832259e-08
1,291,86,25,4,0.2,0.34667880535125734,1.7333940267562866,4,ok,,1.1804934740066528,3.1520137786865234,0.01352243729917077,0.7736666913842029,2.6700814939584236,1.0926101207733154,0.40925206729358193,0.020407792180776596,0.005316541064530611,0.03183441981673241,1,1,-0.03055194951593876,-0.019515637308359146,0.011036312207579613,6.423535569774486e-09,0.34661370515823364,6.510019302369274e-05,3.046026364472709e-08
1,291,86,25,4,0.4,0.6933576107025147,1.7333940267562866,4,ok,,1.1804934740066528,2.4155430793762207,0.02938796000284821,0.7395425824279867,2.0462146827256085,1.6745781898498535,0.8185041345871639,0.020407792180776596,0.005316541064530611,0.010133247822523117,1,1,-0.03055194951593876,-0.02352597750723362,0.007025972008705139,7.509824051683822e-09,0.6932274699211121,0.0001301407814026101,4.6637097739221645e-08
1,291,45,43,8,0.02,0.017527377605438235,0.8763688802719116,8,ok,,1.256670594215393,6.837632179260254,0.004085722840591391,0.8582155743805049,5.441069609434057,0.11992203444242477,0.022026140030463638,0.006392562761902809,1.2657372280955315e-05,0.019914304837584496,1,1,-0.015440643765032291,-0.015091599896550179,0.0003490438684821129,1.6721560359240703e-09,0.01748896948993206,3.840811550617426e-05,2.9608224760835355e-09
1,291,45,43,8,0.05,0.04381844401359558,0.8763688802719116,8,ok,,1.256670594215393,3.598803997039795,0.021618090040956325,0.7798944053783118,2.8637608086022395,0.15768587589263916,0.05506535007615909,0.006392562761902809,1.2657372280955315e-05,0.025905488058924675,1,1,-0.015440643765032291,-0.014305501244962215,0.001135142520070076,4.341915216254932e-09,0.043813206255435944,5.237758159637451e-06,4.3612828903860645e-09
1,291,45,43,8,0.1,0.08763688802719116,0.8763688802719116,8,ok,,1.256670594215393,2.691976547241211,0.026095095815534083,0.7435713687736604,2.1421497086273544,0.23590369522571564,0.11013070015231818,0.006392562761902809,1.2657372280955315e-05,0.017580298706889153,1,1,-0.015440643765032291,-0.01389995776116848,0.0015406860038638115,3.3346035932524387e-09,0.08762601017951965,1.0877847671508789e-05,6.534762508891845e-09
1,291,45,43,8,0.2,0.17527377605438232,0.8763688802719116,8,ok,,1.256670594215393,2.077061176300049,0.030609090421276294,0.7184644693940556,1.6528286615914782,0.3640512228012085,0.22026140030463637,0.006392562761902809,1.2657372280955315e-05,0.011357530951499939,1,1,-0.015440643765032291,-0.013449962250888348,0.001990681514143944,4.1776200276899544e-09,0.17525188624858856,2.1889805793762207e-05,1.0089515889433187e-08
1,291,45,43,8,0.4,0.35054755210876465,0.8763688802719116,8,ok,,1.256670594215393,1.5724918842315674,0.03297596553671268,0.7008022463485191,1.2513158909492166,0.5512025952339172,0.44052280060927274,0.006392562761902809,1.2657372280955315e-05,0.004279453307390213,1,1,-0.015440643765032291,-0.013940480537712574,0.0015001632273197174,1.1346050321492385e-08,0.3505035638809204,4.398822784423828e-05,1.5236503614346475e-08
1,291,38,31,1,0.02,0.025474979877471923,1.2737489938735962,1,ok,,0.9803397059440613,2.363248109817505,0.029692985135812217,0.757013621001378,2.410642041208869,0.06024922803044319,0.024974134282011704,-0.03467828035354614,0.014682532288134098,-0.0013224497670307755,0,0,-0.007881357334554195,-0.007915046066045761,-3.3688731491565704e-05,6.497125107341427e-10,0.02542431280016899,5.0667077302932184e-05,1.345736300173428e-09
1,291,38,31,1,0.05,0.06368744969367982,1.2737489938735962,1,ok,,0.9803397059440613,1.5272691249847412,0.04408848286155728,0.7091163100582983,1.5578978549200273,0.09727609902620316,0.062435335705029266,-0.03467828035354614,0.014682532288134098,0.002900579245761037,1,0,-0.007881357334554195,-0.007696621585637331,0.0001847357489168644,5.254119926623429e-09,0.06356267631053925,0.00012477338314056952,1.13333731288634e-09
1,291,38,31,1,0.1,0.12737489938735963,1.2737489938735962,1,ok,,0.9803397059440613,1.1010146141052246,0.05155544692351339,0.6892748890289002,1.1230949918975597,0.14025571942329407,0.12487067141005853,-0.03467828035354614,0.014682532288134098,-0.000144195684697479,0,0,-0.007881357334554195,-0.007899723947048187,-1.8366612493991852e-05,2.983364409701384e-10,0.12712576985359192,0.0002491295337677113,1.6444116068825565e-09
1,291,38,31,1,0.2,0.25474979877471926,1.2737489938735962,1,ok,,0.9803397059440613,0.8590030074119568,0.07374276471780142,0.681989951083671,0.8762299458062507,0.21885636448860168,0.24974134282011706,-0.03467828035354614,0.014682532288134098,0.005997558124363422,1,0,-0.007881357334554195,-0.006353479810059071,0.0015278775244951248,7.991738603350951e-10,0.2542514503002167,0.0004983484745025857,2.574894297779906e-09
1,291,38,31,1,0.4,0.5094995975494385,1.2737489938735962,1,ok,,0.9803397059440613,0.8575426340103149,0.08897374778853645,0.6764335032105918,0.874740285239831,0.43697136640548706,0.4994826856402341,-0.03467828035354614,0.014682532288134098,0.010378739796578884,1,0,-0.007881357334554195,-0.0025933885481208563,0.005287968786433339,5.037006056175797e-09,0.5085029006004333,0.0009966969490051714,5.130526226082566e-09
1,292,40,25,4,0.02,0.04195563316345215,2.0977816581726074,4,ok,,0.8414846062660217,7.892390727996826,0.006948931466701166,0.9081386294978477,9.379126687782088,0.3310411870479584,0.035305019453189174,0.03163624182343483,-0.015079018659889698,-0.020868932828307152,1,0,-0.057609740644693375,-0.058485303074121475,-0.0008755624294281006,6.860829078144705e-09,0.041933901607990265,2.173155546188188e-05,9.369352405030895e-09
1,292,40,25,4,0.05,0.10488908290863037,2.0977816581726074,4,ok,,0.8414846062660217,5.770073413848877,0.0010504874153211346,0.8818154437320657,6.8570160058494345,0.6057028770446777,0.08826254863297293,0.03163624182343483,-0.015079018659889698,-0.046214256435632706,1,0,-0.057609740644693375,-0.06245708465576172,-0.004847344011068344,2.696376943944756e-08,0.10470129549503326,0.0001877874135971097,1.2683444516881082e-08
1,292,40,25,4,0.1,0.20977816581726075,2.0977816581726074,4,ok,,0.8414846062660217,3.7331652641296387,0.0048561141374777305,0.8358150459342811,4.43640351389271,0.7822501063346863,0.17652509726594587,0.03163624182343483,-0.015079018659889698,-0.06120157241821289,1,0,-0.057609740644693375,-0.07044851034879684,-0.01283876970410347,1.6097078513882535e-08,0.2094026654958725,0.0003755003213882502,1.6386673351576064e-08
1,292,40,25,4,0.2,0.4195563316345215,2.0977816581726074,4,ok,,0.8414846062660217,2.9164764881134033,0.010682454097290132,0.8054624939280349,3.465870280208003,1.2248144149780273,0.35305019453189174,0.03163624182343483,-0.015079018659889698,-0.03673771768808365,1,0,-0.057609740644693375,-0.07302325963973999,-0.015413518995046616,2.3070790434315258e-08,0.41880521178245544,0.0007511198520660511,2.5701071493244854e-08
1,292,40,25,4,0.4,0.839112663269043,2.0977816581726074,4,ok,,0.8414846062660217,1.776395559310913,0.031211857438384432,0.7423086964763993,2.111025616013733,1.4888306856155396,0.7061003890637835,0.03163624182343483,-0.015079018659889698,-0.019519416615366936,1,0,-0.057609740644693375,-0.07398870587348938,-0.016378965228796005,2.4432782554095756e-08,0.8376091122627258,0.0015035510063171609,3.1268641009774e-08
1,292,24,23,5,0.02,0.0538422155380249,2.692110776901245,5,ok,,0.5592700242996216,4.9714508056640625,0.015954473544797815,0.9029691939756853,8.889178017150055,0.2674678862094879,0.03011233719229665,0.023174548521637917,-0.0031191103626042604,-0.00833449512720108,1,0,-0.04719461128115654,-0.04764334484934807,-0.0004487335681915283,1.4114847850525865e-08,0.05376102402806282,8.11915099620808e-05,5.184443541139672e-09
1,292,24,23,5,0.05,0.13460553884506227,2.692110776901245,5,ok,,0.5592700242996216,2.624220609664917,0.01930392752628756,0.8396241835110602,4.692224677956874,0.35335755348205566,0.07528084298074163,0.023174548521637917,-0.0031191103626042604,-0.018962105736136436,1,0,-0.04719461128115654,-0.049747008830308914,-0.0025523975491523743,6.911097316826542e-09,0.13422906398773193,0.00037647485733033337,7.475566832226832e-09
1,292,24,23,5,0.1,0.26921107769012453,2.692110776901245,5,ok,,0.5592700242996216,1.8182311058044434,0.01917295016600803,0.7960577469075582,3.251079133157866,0.48969241976737976,0.15056168596148325,0.023174548521637917,-0.0031191103626042604,-0.013808030635118484,1,0,-0.04719461128115654,-0.050911881029605865,-0.0037172697484493256,5.05960917650608e-09,0.2684583365917206,0.0007527410984039529,1.0417815943242204e-08
1,292,24,23,5,0.2,0.5384221553802491,2.692110776901245,5,ok,,0.5592700242996216,1.1439201831817627,0.03182298902876197,0.7386548072614919,2.045380824070194,0.6162059307098389,0.3011233719229665,0.023174548521637917,-0.0031191103626042604,-0.006584096699953079,1,0,-0.04719461128115654,-0.050739631056785583,-0.0035450197756290436,3.760791678509429e-09,0.5369168519973755,0.0015053033828735796,1.3080914129659504e-08
1,292,24,23,5,0.4,1.0768443107604981,2.692110776901245,5,ok,,0.5592700242996216,0.8503719568252563,0.035413876942497896,0.7107796965288802,1.520503370243495,0.9161788821220398,0.602246743845933,0.023174548521637917,-0.0031191103626042604,-0.0051583414897322655,1,0,-0.04719461128115654,-0.052749305963516235,-0.0055546946823596954,3.6003818326864334e-08,1.073833703994751,0.003010606765747159,1.9436591003341164e-08
1,294,30,20,12,0.02,0.005682491660118103,0.28412458300590515,12,ok,,3.3986105918884277,17.53809928894043,0.029861678862160644,0.8485621681215839,5.160373280420537,0.09967479854822159,0.01931257634439504,-0.0014296413864940405,0.04857251048088074,0.021138006821274757,1,0,-0.031840186566114426,-0.03172006085515022,0.00012012571096420288,9.163490789502646e-09,0.005673056468367577,9.435191750526394e-06,2.673517407458803e-09
1,294,30,20,12,0.05,0.014206229150295258,0.28412458300590515,12,ok,,3.3986105918884277,10.307238578796387,0.04744227703986066,0.7808521576666007,3.032780102373002,0.1463344544172287,0.0482814408609876,-0.0014296413864940405,0.04857251048088074,-0.02052837237715721,0,0,-0.031840186566114426,-0.03213180601596832,-0.0002916194498538971,1.1312218589642781e-08,0.014194270595908165,1.1958554387092937e-05,2.29099073045802e-09
1,294,30,20,12,0.1,0.028412458300590516,0.28412458300590515,12,ok,,3.3986105918884277,7.506762981414795,0.06502736492437777,0.7367814380145808,2.2087740794221076,0.21314601600170135,0.0965628817219752,-0.0014296413864940405,0.04857251048088074,-0.020516162738204002,0,0,-0.031840186566114426,-0.03242310509085655,-0.0005829185247421265,3.90645477630399e-09,0.028388524428009987,2.3933872580528953e-05,3.3467826288102742e-09
1,294,30,20,12,0.2,0.05682491660118103,0.28412458300590515,12,ok,,3.3986105918884277,5.489861011505127,0.09103714387408494,0.6953281665124078,1.6153251050903972,0.3117552101612091,0.1931257634439504,-0.0014296413864940405,0.04857251048088074,0.015020257793366909,1,0,-0.031840186566114426,-0.03098665177822113,0.0008535347878932953,9.891456981291936e-09,0.05677708238363266,4.783421754837175e-05,4.864802338744312e-09
1,294,30,20,12,0.4,0.11364983320236206,0.28412458300590515,12,ok,,3.3986105918884277,4.159224510192871,0.10912360152384849,0.672286796994396,1.2238014323025417,0.473301500082016,0.3862515268879008,-0.0014296413864940405,0.04857251048088074,0.02637714147567749,1,0,-0.031840186566114426,-0.028842424973845482,0.002997761592268944,3.863203090759271e-09,0.11355418711900711,9.564608335495273e-05,7.394374446079155e-09
1,295,30,21,1,0.02,0.023610029220581055,1.1805014610290527,1,ok,,0.7463472485542297,2.708137035369873,0.027480425584660212,0.8074691852762252,3.6285214966789963,0.0638725683093071,0.017621280347065636,-0.3488916754722595,0.23459093272686005,0.05500195175409317,1,0,0.035917166620492935,0.03721577674150467,0.001298610121011734,1.2432908604769269e-08,0.023548021912574768,6.200730800628648e-05,1.6335108821152744e-09
1,295,30,21,1,0.05,0.05902507305145264,1.1805014610290527,1,ok,,0.7463472485542297,1.58318293094635,0.039609833505565906,0.7399572464066971,2.1212417330017055,0.09343419224023819,0.04405320086766409,-0.3488916754722595,0.23459093272686005,0.04546786844730377,1,0,0.035917166620492935,0.03860091418027878,0.002683747559785843,3.303189899123843e-09,0.058993272483348846,3.180056810379167e-05,1.1352657702801139e-09
1,295,30,21,1,0.1,0.11805014610290528,1.1805014610290527,1,ok,,0.7463472485542297,1.1269512176513672,0.05672049049092551,0.7031159035265024,1.509955613600648,0.13300468027591705,0.08810640173532817,-0.3488916754722595,0.23459093272686005,0.04835761711001396,1,0,0.035917166620492935,0.04162580519914627,0.005708638578653336,1.4813627835681686e-08,0.11798644065856934,6.370544433594028e-05,1.6181416206961785e-09
1,295,30,21,1,0.2,0.23610029220581055,1.1805014610290527,1,ok,,0.7463472485542297,0.8355080485343933,0.06857300102322755,0.6834040666290367,1.119462890968996,0.19719485938549042,0.17621280347065635,-0.3488916754722595,0.23459093272686005,0.045516565442085266,1,0,0.035917166620492935,0.046663641929626465,0.01074647530913353,9.080523000193352e-10,0.23597277700901031,0.00012751519680023748,2.403576004894603e-09
1,295,30,21,1,0.4,0.4722005844116211,1.1805014610290527,1,ok,,0.7463472485542297,0.6982415914535522,0.08912356171984416,0.6759987207549778,0.9355452074154492,0.32958266139030457,0.3524256069413127,-0.3488916754722595,0.23459093272686005,0.05069296807050705,1,0,0.035917166620492935,0.0598544180393219,0.023937251418828964,2.2703758872921753e-09,0.47194570302963257,0.0002548813819885365,4.026437405713068e-09
1,295,40,26,3,0.02,0.012673399448394776,0.6336699724197388,3,ok,,2.5267717838287354,22.17082405090332,-0.0021344126566865663,0.90373847279962,8.774367433096714,0.2806311845779419,0.03202278813139458,0.0116856275126338,0.031999558210372925,0.10223165154457092,1,1,-0.047815170139074326,-0.04651956260204315,0.0012956075370311737,1.5019262278315182e-08,0.012650290504097939,2.3108944296837755e-05,6.356002835161689e-09
1,295,40,26,3,0.05,0.03168349862098694,0.6336699724197388,3,ok,,2.5267717838287354,8.215052604675293,-0.0005402161948131519,0.8000891898045258,3.2512048208105435,0.2602691054344177,0.08005697032848645,0.0116856275126338,0.031999558210372925,0.0049012829549610615,1,1,-0.047815170139074326,-0.04765988141298294,0.0001552887260913849,1.0656531906905187e-09,0.0316307507455349,5.2747875452043014e-05,2.6317390489083436e-09
1,295,40,26,3,0.1,0.06336699724197388,0.6336699724197388,3,ok,,2.5267717838287354,4.465477466583252,0.007639175703823469,0.7317151112743565,1.7672658429860615,0.2829833924770355,0.1601139406569729,0.0116856275126338,0.031999558210372925,-0.018007179722189903,0,1,-0.047815170139074326,-0.04895623028278351,-0.0011410601437091827,7.640825528711093e-10,0.06326167285442352,0.00010532438755035678,2.8582096689433456e-09
1,295,40,26,3,0.2,0.12673399448394776,0.6336699724197388,3,ok,,2.5267717838287354,3.238675117492676,0.002725778255697668,0.710877168866999,1.2817442153734733,0.41048818826675415,0.3202278813139458,0.0116856275126338,0.031999558210372925,-0.006027251482009888,0,1,-0.047815170139074326,-0.04857904091477394,-0.0007638707756996155,1.3119625208381398e-08,0.12652337551116943,0.00021061897277832586,4.186403668171579e-09
1,295,40,26,3,0.4,0.2534679889678955,0.6336699724197388,3,ok,,2.5267717838287354,1.908126950263977,0.01613412318777158,0.7075859992358622,0.7551639457410352,0.48368582129478455,0.6404557626278916,0.0116856275126338,0.031999558210372925,-0.011796501465141773,0,1,-0.047815170139074326,-0.05080520734190941,-0.002990037202835083,1.6996087644910451e-09,0.25304654240608215,0.0004214465618133656,4.887967364197721e-09
1,296,42,32,16,0.02,0.009817188382148742,0.49085941910743713,16,ok,,1.048898696899414,99.77033996582031,0.0014414595506914672,0.9896395301424274,95.1191380641908,0.9808047413825989,0.010297236101251883,-0.0031085889786481857,0.013282295316457748,-0.020398549735546112,0,0,-0.08113479614257812,-0.08133509010076523,-0.00020029395818710327,3.755271061668154e-08,0.009806779213249683,1.0409168899059087e-05,2.780178576244907e-08
1,296,42,32,16,0.05,0.02454297095537186,0.49085941910743713,16,ok,,1.048898696899414,43.03203582763672,-0.0002990249262944738,0.9764960178234441,41.0259217165586,1.0546671152114868,0.02574309025312971,-0.0031085889786481857,0.013282295316457748,-0.2714908719062805,0,0,-0.08113479614257812,-0.08779808133840561,-0.006663285195827484,9.261198305986207e-08,0.024491924792528152,5.1046162843706305e-05,2.5440240136731518e-08
1,296,42,32,16,0.1,0.04908594191074372,0.49085941910743713,16,ok,,1.048898696899414,23.962024688720703,-0.00727532782615497,0.959292231246273,22.844937036846883,1.1768380403518677,0.05148618050625942,-0.0031085889786481857,0.013282295316457748,-0.17736010253429413,0,0,-0.08113479614257812,-0.08984079957008362,-0.008706003427505493,1.1573722358271255e-07,0.04898368939757347,0.00010225251317024647,2.8388816630808833e-08
1,296,42,32,16,0.2,0.09817188382148744,0.49085941910743713,16,ok,,1.048898696899414,15.069817543029785,-0.01173665479820707,0.9379755254190136,14.3672764467745,1.4770803451538086,0.10297236101251885,-0.0031085889786481857,0.013282295316457748,-0.12643639743328094,0,0,-0.08113479614257812,-0.09354737401008606,-0.012412577867507935,7.854788046553207e-08,0.09796697646379471,0.00020490735769272683,3.576140628069879e-08
1,296,42,32,16,0.4,0.19634376764297487,0.49085941910743713,16,ok,,1.048898696899414,9.14183521270752,-0.018331084655841035,0.9049018417876588,8.715651225158759,1.7964346408843994,0.2059447220250377,-0.0031085889786481857,0.013282295316457748,-0.08676716685295105,0,0,-0.08113479614257812,-0.09817104786634445,-0.017036251723766327,5.927615127562791e-08,0.19593285024166107,0.0004109174013137984,4.334888714652152e-08
1,296,45,44,5,0.02,0.021006264686584473,1.0503132343292236,5,ok,,0.6648560762405396,9.193733215332031,0.0004304801727541591,0.9349646028943653,13.828155511948703,0.19308026134967804,0.01396614271599276,0.005800016690045595,-0.005742714274674654,-0.0010868493700399995,1,0,-0.0664437785744667,-0.06646659225225449,-2.2813677787780762e-05,1.6967753727060287e-08,0.02099655196070671,9.712725877762673e-06,5.457457596946824e-09
1,296,45,44,5,0.05,0.05251566171646119,1.0503132343292236,5,ok,,0.6648560762405396,5.363207817077637,0.015657981467253224,0.8948368270927429,8.066720014647508,0.2813512980937958,0.0349153567899819,0.005800016690045595,-0.005742714274674654,-0.02439652942121029,1,0,-0.0664437785744667,-0.06772497296333313,-0.0012811943888664246,5.497273547613521e-09,0.0524279922246933,8.766949176788885e-05,5.8538387470719044e-09
1,296,45,44,5,0.1,0.10503132343292237,1.0503132343292236,5,ok,,0.6648560762405396,3.106635332107544,0.017993028103918493,0.839324634454081,4.672643363161376,0.3266567587852478,0.0698307135799638,0.005800016690045595,-0.005742714274674654,-0.014944071881473064,1,0,-0.0664437785744667,-0.06801337748765945,-0.001569598913192749,3.266004910745454e-09,0.10485532134771347,0.00017600208520890392,6.813734021449136e-09
1,296,45,44,5,0.2,0.21006264686584475,1.0503132343292236,5,ok,,0.6648560762405396,2.13832688331604,0.021529499378969263,0.7940096287429386,3.216225224869863,0.44969943165779114,0.1396614271599276,0.005800016690045595,-0.005742714274674654,-0.011116981506347656,1,0,-0.0664437785744667,-0.06877895444631577,-0.00233517587184906,8.668853297439522e-08,0.20970961451530457,0.00035303235054018334,9.373064990825242e-09
1,296,45,44,5,0.4,0.4201252937316895,1.0503132343292236,5,ok,,0.6648560762405396,1.576810598373413,0.03684055422843586,0.7534693758600647,2.371657046871245,0.6633200645446777,0.2793228543198552,0.005800016690045595,-0.005742714274674654,-0.026459859684109688,1,0,-0.0664437785744667,-0.07756015658378601,-0.011116378009319305,7.831256656522234e-08,0.4194170832633972,0.0007082104682922807,1.3837105683478512e-08
1,297,58,28,10,0.02,0.016735925674438476,0.8367962837219238,10,ok,,0.7771220207214355,4.743929862976074,0.007761383292590662,0.8696814825081326,6.104485185693203,0.07942742109298706,0.013005856378763383,-0.013745204545557499,0.014760446734726429,0.023707857355475426,1,0,0.005481541156768799,0.0058783055283129215,0.0003967643715441227,8.567057303528799e-09,0.01669778674840927,3.813892602920477e-05,1.641166647026182e-09
1,297,58,28,10,0.05,0.0418398141860962,0.8367962837219238,10,ok,,0.7771220207214355,2.7910819053649902,0.013804670271132349,0.8078861659109121,3.5915619824674616,0.11674211174249649,0.03251464094690846,-0.013745204545557499,0.014760446734726429,0.002029246650636196,1,0,0.005481541156768799,0.005566438660025597,8.489750325679779e-05,5.7995435787214396e-09,0.041819438338279724,2.0375847816472836e-05,3.295858030938348e-09
1,297,58,28,10,0.1,0.0836796283721924,0.8367962837219238,10,ok,,0.7771220207214355,2.0738391876220703,0.02149936405158599,0.7714165266880043,2.6686146220566087,0.1738346964120865,0.06502928189381692,-0.013745204545557499,0.014760446734726429,0.013639549724757671,1,0,0.005481541156768799,0.0066228886134922504,0.0011413474567234516,4.995408309444241e-09,0.08363860100507736,4.1027367115031854e-05,4.9211670294369014e-09
1,297,58,28,10,0.2,0.1673592567443848,0.8367962837219238,10,ok,,0.7771220207214355,1.7749508619308472,0.027703708548133688,0.7519520314020481,2.284005361578611,0.2969348430633545,0.13005856378763384,-0.013745204545557499,0.014760446734726429,0.02159140817821026,1,0,0.005481541156768799,0.009095065295696259,0.0036135241389274597,2.114157559521962e-09,0.1672767847776413,8.247196674349144e-05,8.423738151464022e-09
1,297,58,28,10,0.4,0.3347185134887696,0.8367962837219238,10,ok,,0.7771220207214355,1.3443022966384888,0.038165058985727446,0.7188550195303964,1.7298471292690765,0.4497893750667572,0.26011712757526767,-0.013745204545557499,0.014760446734726429,0.007838250137865543,1,0,0.005481541156768799,0.008105146698653698,0.002623605541884899,1.8926145988959475e-09,0.33455267548561096,0.00016583800315861374,1.2730272835881351e-08
1,298,36,36,10,0.02,0.024226541519165038,1.211327075958252,10,ok,,1.40455961227417,8.093497276306152,0.0005737817586207958,0.8644395422249218,5.762302436701804,0.19605478644371033,0.03402762176290253,0.01669628545641899,0.01405655313283205,-0.024805473163723946,0,1,-0.02070607803761959,-0.021307025104761124,-0.0006009470671415329,3.7583619594315845e-09,0.024167481809854507,5.9059709310530645e-05,4.82662931844402e-09
1,298,36,36,10,0.05,0.0605663537979126,1.211327075958252,10,ok,,1.40455961227417,4.214444637298584,0.005298486873880124,0.7892574838935702,3.0005452246144495,0.2552584409713745,0.08506905440725632,0.01669628545641899,0.01405655313283205,0.0011119697010144591,1,1,-0.02070607803761959,-0.020638728514313698,6.734952330589294e-05,1.5729816921244326e-09,0.06054966151714325,1.669228076935092e-05,2.2915382924537653e-09
1,298,36,36,10,0.1,0.1211327075958252,1.211327075958252,10,ok,,1.40455961227417,2.7098798751831055,0.002961540385229296,0.7397050855843382,1.9293448647533855,0.32819607853889465,0.17013810881451263,0.01669628545641899,0.01405655313283205,-0.006017717532813549,0,1,-0.02070607803761959,-0.02143501490354538,-0.0007289368659257889,5.552370785366634e-09,0.12109943479299545,3.327280282974798e-05,2.956781486318505e-09
1,298,36,36,10,0.2,0.2422654151916504,1.211327075958252,10,ok,,1.40455961227417,2.601630926132202,0.0009864830199673683,0.7364771586997075,1.8522751924483727,0.6301531195640564,0.34027621762902527,0.01669628545641899,0.01405655313283205,-0.010747041553258896,0,1,-0.02070607803761959,-0.023309718817472458,-0.002603640779852867,4.2958706813166214e-09,0.2421989142894745,6.650090217591442e-05,5.662119662019904e-09
1,298,36,36,10,0.4,0.4845308303833008,1.211327075958252,10,ok,,1.40455961227417,1.417415738105774,0.009542786346017887,0.7038893954550995,1.009153136483669,0.6870670318603516,0.6805524352580505,0.01669628545641899,0.01405655313283205,-0.0065543376840651035,0,1,-0.02070607803761959,-0.023881863802671432,-0.0031757857650518417,7.08437921650637e-09,0.48439785838127136,0.00013297200202944115,6.177167222176649e-09
1,298,86,26,7,0.02,0.013181556463241578,0.6590778231620789,7,ok,,3.1621556282043457,16.30278778076172,0.005900214945913451,0.8521127573111846,5.155593113554068,0.21503496170043945,0.04168213295873272,-0.01694032922387123,0.056599680334329605,-0.16060568392276764,0,0,-0.021475236862897873,-0.023592257872223854,-0.002117021009325981,1.1881619510750036e-08,0.013162176124751568,1.9380338490009724e-05,4.435917411171886e-09
1,298,86,26,7,0.05,0.032953891158103946,0.6590778231620789,7,ok,,3.1621556282043457,10.638923645019531,0.011263222291329734,0.8019699159321784,3.3644528909722133,0.35069984197616577,0.10420533239683182,-0.01694032922387123,0.056599680334329605,-0.09685321152210236,0,0,-0.021475236862897873,-0.0246669203042984,-0.003191683441400528,6.7494116519697944e-09,0.03287435695528984,7.953420281410495e-05,6.547030029224743e-09
1,298,86,26,7,0.1,0.06590778231620789,0.6590778231620789,7,ok,,3.1621556282043457,6.3370232582092285,0.007818262538568129,0.7437360017371645,2.0040200430633934,0.4178113639354706,0.20841066479366363,-0.01694032922387123,0.056599680334329605,-0.05302039533853531,0,0,-0.021475236862897873,-0.024969689548015594,-0.0034944526851177216,3.9891737469745225e-09,0.0657486692070961,0.00015911310911179144,7.79325759481253e-09
1,298,86,26,7,0.2,0.13181556463241578,0.6590778231620789,7,ok,,3.1621556282043457,3.984482765197754,0.02146443627193934,0.7041974134994862,1.260052708872875,0.5242225527763367,0.41682132958732726,-0.01694032922387123,0.056599680334329605,-0.008830679580569267,0,0,-0.021475236862897873,-0.022639242932200432,-0.001164006069302559,1.4945698123547402e-08,0.13149814307689667,0.0003174215555191151,9.776756293433664e-09
1,298,86,26,7,0.4,0.26363112926483157,0.6590778231620789,7,ok,,3.1621556282043457,2.497002601623535,0.027780767832416776,0.7032774370654923,0.7896520270384945,0.6585314273834229,0.8336426591746545,-0.01694032922387123,0.056599680334329605,0.042629413306713104,1,0,-0.021475236862897873,-0.010236782021820545,0.011238454841077328,1.4471131314086616e-08,0.2629963159561157,0.0006348133087158425,1.22504317801031e-08
1,298,40,27,3,0.02,0.011493891477584839,0.5746945738792419,3,ok,,2.343724012374878,32.543975830078125,-0.0048204915402294225,0.935474642355189,13.885583651586892,0.3740145266056061,0.026938509451646553,0.029053879901766777,0.053959980607032776,-0.0213436558842659,0,1,-0.060640331357717514,-0.060885656625032425,-0.0002453252673149109,3.6028462435666597e-09,0.011465545743703842,2.8345733880996704e-05,9.894931096710025e-09
1,298,40,27,3,0.05,0.028734728693962097,0.5746945738792419,3,ok,,2.343724012374878,15.177543640136719,-0.0006006391023582029,0.8766329861740473,6.475823757401773,0.435914546251297,0.06734627362911638,0.029053879901766777,0.053959980607032776,0.05176631361246109,1,1,-0.060640331357717514,-0.059152860194444656,0.0014874711632728577,1.9813867768725402e-08,0.028713829815387726,2.0898878574371338e-05,6.3781628867332074e-09
1,298,40,27,3,0.1,0.057469457387924194,0.5746945738792419,3,ok,,2.343724012374878,9.550893783569336,0.00950784850102005,0.8250927752679357,4.07509319917212,0.5486310124397278,0.13469254725823276,0.029053879901766777,0.053959980607032776,0.05721093341708183,1,1,-0.060640331357717514,-0.05735244229435921,0.003287889063358307,7.763221954171229e-09,0.05742747709155083,4.198029637336731e-05,8.02694888335509e-09
1,298,40,27,3,0.2,0.11493891477584839,0.5746945738792419,3,ok,,2.343724012374878,5.512402057647705,0.011157820713425526,0.7582579104396564,2.3519842901893884,0.6332716941833496,0.26938509451646553,0.029053879901766777,0.053959980607032776,0.009045342914760113,1,1,-0.060640331357717514,-0.059600669890642166,0.001039661467075348,4.3132258875644425e-10,0.11485494673252106,8.396804332733154e-05,9.30482979555336e-09
1,298,40,27,3,0.4,0.22987782955169678,0.5746945738792419,3,ok,,2.343724012374878,3.219275951385498,0.01815593037652265,0.7105114564991101,1.373572969507641,0.7397388219833374,0.5387701890329311,0.029053879901766777,0.053959980607032776,0.010162117891013622,1,1,-0.060640331357717514,-0.05830427631735802,0.002336055040359497,9.435924819278796e-09,0.22970984876155853,0.00016798079013824463,1.086396927973965e-08
1,299,38,32,8,0.02,0.006806271672248841,0.340313583612442,8,ok,,1.6273307800292969,15.423052787780762,0.032260680050727096,0.9065430822048796,9.47751555924827,0.10488612204790115,0.011076055389492013,0.029669491574168205,0.018273457884788513,0.021125024184584618,1,1,-0.11907592415809631,-0.11893215775489807,0.0001437664031982422,1.625048486777309e-08,0.006798396818339825,7.874853909016141e-06,1.957873863034365e-09
1,299,38,32,8,0.05,0.017015679180622103,0.340313583612442,8,ok,,1.6273307800292969,8.775103569030762,0.03405671747416275,0.8527700918511837,5.3923293756340005,0.14938603341579437,0.027690138473730034,0.029669491574168205,0.018273457884788513,0.07226622849702835,1,1,-0.11907592415809631,-0.11784627288579941,0.0012296512722969055,7.687402059537718e-09,0.01697900891304016,3.667026758194178e-05,3.3346272410028632e-09
1,299,38,32,8,0.1,0.034031358361244206,0.340313583612442,8,ok,,1.6273307800292969,6.180674076080322,0.06584486655496759,0.8053220685509364,3.7980441050621883,0.21044352650642395,0.05538027694746007,0.029669491574168205,0.018273457884788513,0.05109357461333275,1,1,-0.11907592415809631,-0.11733710765838623,0.001738816499710083,3.275208678679871e-08,0.033958327025175095,7.303133606911122e-05,4.709729939378349e-09
1,299,38,32,8,0.2,0.06806271672248841,0.340313583612442,8,ok,,1.6273307800292969,4.599538326263428,0.07815814093944742,0.7642851798850587,2.8264310997532998,0.313246488571167,0.11076055389492014,0.029669491574168205,0.018273457884788513,0.06954198330640793,1,1,-0.11907592415809631,-0.11434271931648254,0.0047332048416137695,1.1468490291113853e-08,0.06791628897190094,0.0001464277505874717,6.993812196043336e-09
1,299,38,32,8,0.4,0.13612543344497682,0.340313583612442,8,ok,,1.6273307800292969,3.687469959259033,0.10040209363084565,0.7301983367043771,2.2659621537978785,0.5018709301948547,0.22152110778984027,0.029669491574168205,0.018273457884788513,0.07422447204589844,1,1,-0.11907592415809631,-0.10897208005189896,0.010103844106197357,5.67672486621873e-09,0.13583339750766754,0.0002920359373092818,1.125101967147657e-08
